0,0,1943,1089,72,20,1,1,1,1
1,0,1939,1087,73,22,1,1,1,1
2,0,1936,1089,73,21,1,1,1,1
3,0,1932,1089,74,21,1,1,1,1
4,0,1929,1089,71,21,1,1,1,1
5,0,1925,1088,72,22,1,1,1,1
6,0,1921,1088,72,22,1,1,1,1
7,0,1917,1088,73,22,1,1,1,1
8,0,1914,1088,73,22,1,1,1,1
9,0,1910,1088,73,22,1,1,1,1
10,0,1906,1089,73,22,1,1,1,1
11,0,1902,1089,74,22,1,1,1,1
12,0,1898,1089,74,22,1,1,1,1
13,0,1894,1089,74,22,1,1,1,1
14,0,1891,1089,75,23,1,1,1,1
15,0,1887,1089,75,23,1,1,1,1
16,0,1883,1089,75,23,1,1,1,1
17,0,1879,1089,75,23,1,1,1,1
18,0,1875,1089,76,23,1,1,1,1
19,0,1871,1090,76,23,1,1,1,1
20,0,1868,1090,76,23,1,1,1,1
21,0,1864,1090,76,23,1,1,1,1
22,0,1860,1090,77,23,1,1,1,1
23,0,1856,1090,77,23,1,1,1,1
24,0,1852,1090,77,23,1,1,1,1
25,0,1848,1090,78,23,1,1,1,1
26,0,1844,1090,78,23,1,1,1,1
27,0,1840,1090,78,24,1,1,1,1
28,0,1836,1090,79,24,1,1,1,1
29,0,1832,1090,79,24,1,1,1,1
30,0,1828,1090,79,24,1,1,1,1
31,0,1824,1090,79,24,1,1,1,1
32,0,1820,1090,80,24,1,1,1,1
33,0,1816,1090,80,25,1,1,1,1
34,0,1812,1090,80,25,1,1,1,1
35,0,1808,1090,81,25,1,1,1,1
36,0,1804,1090,81,25,1,1,1,1
37,0,1800,1090,81,25,1,1,1,1
38,0,1795,1090,81,25,1,1,1,1
39,0,1791,1090,81,25,1,1,1,1
40,0,1787,1090,81,25,1,1,1,1
41,0,1783,1090,81,25,1,1,1,1
42,0,1778,1090,81,25,1,1,1,1
43,0,1774,1090,81,25,1,1,1,1
44,0,1770,1090,81,25,1,1,1,1
45,0,1766,1091,82,25,1,1,1,1
46,0,1761,1091,82,25,1,1,1,1
47,0,1757,1091,82,25,1,1,1,1
48,0,1753,1091,82,25,1,1,1,1
49,0,1748,1091,82,25,1,1,1,1
50,0,1744,1091,82,25,1,1,1,1
51,0,1740,1091,82,25,1,1,1,1
52,0,1736,1091,82,25,1,1,1,1
53,0,1731,1091,82,25,1,1,1,1
54,0,1727,1091,82,25,1,1,1,1
55,0,1723,1093,84,23,1,1,1,1
56,0,1718,1092,83,23,1,1,1,1
57,0,1715,1092,83,23,1,1,1,1
58,0,1708,1092,86,24,1,1,1,1
59,0,1704,1093,85,23,1,1,1,1
60,0,1699,1093,85,23,1,1,1,1
61,0,1695,1093,86,23,1,1,1,1
62,0,1690,1093,86,23,1,1,1,1
63,0,1685,1093,86,23,1,1,1,1
64,0,1680,1093,86,23,1,1,1,1
65,0,1676,1093,87,23,1,1,1,1
66,0,1671,1093,87,23,1,1,1,1
67,0,1666,1093,87,23,1,1,1,1
68,0,1661,1094,87,23,1,1,1,1
69,0,1657,1094,88,23,1,1,1,1
70,0,1652,1094,88,23,1,1,1,1
71,0,1647,1094,88,23,1,1,1,1
72,0,1642,1094,88,23,1,1,1,1
73,0,1638,1094,89,23,1,1,1,1
74,0,1633,1094,89,23,1,1,1,1
75,0,1628,1094,89,23,1,1,1,1
76,0,1624,1094,90,24,1,1,1,1
77,0,1619,1094,90,24,1,1,1,1
78,0,1614,1094,90,24,1,1,1,1
79,0,1609,1094,90,24,1,1,1,1
80,0,1605,1094,91,24,1,1,1,1
81,0,1600,1094,91,24,1,1,1,1
82,0,1595,1094,91,24,1,1,1,1
83,0,1590,1094,91,24,1,1,1,1
84,0,1586,1094,92,24,1,1,1,1
85,0,1581,1095,92,24,1,1,1,1
86,0,1576,1095,92,24,1,1,1,1
87,0,1571,1095,92,24,1,1,1,1
88,0,1567,1095,93,24,1,1,1,1
89,0,1562,1095,93,24,1,1,1,1
90,0,1557,1095,93,24,1,1,1,1
91,0,1552,1095,93,24,1,1,1,1
92,0,1548,1095,94,24,1,1,1,1
93,0,1543,1095,94,24,1,1,1,1
94,0,1537,1095,94,24,1,1,1,1
95,0,1532,1095,95,24,1,1,1,1
96,0,1526,1095,95,24,1,1,1,1
97,0,1520,1095,95,24,1,1,1,1
98,0,1514,1095,96,24,1,1,1,1
99,0,1509,1095,96,24,1,1,1,1
100,0,1503,1096,96,24,1,1,1,1
101,0,1497,1096,96,24,1,1,1,1
102,0,1492,1096,97,24,1,1,1,1
103,0,1486,1096,97,24,1,1,1,1
104,0,1480,1096,97,24,1,1,1,1
105,0,1474,1096,98,24,1,1,1,1
106,0,1469,1096,98,25,1,1,1,1
107,0,1463,1096,98,25,1,1,1,1
108,0,1457,1096,99,25,1,1,1,1
109,0,1451,1096,99,25,1,1,1,1
110,0,1446,1096,99,25,1,1,1,1
111,0,1440,1096,99,25,1,1,1,1
112,0,1434,1097,100,25,1,1,1,1
113,0,1429,1097,100,25,1,1,1,1
114,0,1423,1097,100,25,1,1,1,1
115,0,1417,1097,101,25,1,1,1,1
116,0,1411,1097,101,25,1,1,1,1
117,0,1406,1097,101,25,1,1,1,1
118,0,1400,1097,102,25,1,1,1,1
119,0,1394,1097,102,25,1,1,1,1
120,0,1389,1097,102,25,1,1,1,1
121,0,1383,1097,102,25,1,1,1,1
122,0,1377,1097,103,25,1,1,1,1
123,0,1371,1097,103,25,1,1,1,1
124,0,1366,1097,103,25,1,1,1,1
125,0,1360,1098,104,25,1,1,1,1
126,0,1354,1098,104,25,1,1,1,1
126,0,0,1115,22,25,1,1,1,1
127,0,1349,1098,104,25,1,1,1,1
127,0,0,1114,34,26,1,1,1,1
128,0,1343,1098,105,25,1,1,1,1
128,0,0,1113,46,28,1,1,1,1
129,0,1337,1098,105,25,1,1,1,1
129,0,0,1111,57,29,1,1,1,1
130,0,1331,1098,105,25,1,1,1,1
130,0,0,1110,69,31,1,1,1,1
131,0,1326,1098,105,26,1,1,1,1
131,0,0,1109,81,32,1,1,1,1
132,0,1320,1098,106,26,1,1,1,1
132,0,0,1108,93,34,1,1,1,1
133,0,1314,1098,106,26,1,1,1,1
133,0,0,1107,105,35,1,1,1,1
134,0,1308,1098,106,26,1,1,1,1
134,0,0,1105,116,37,1,1,1,1
135,0,1303,1098,107,26,1,1,1,1
135,0,0,1104,128,38,1,1,1,1
136,0,1297,1098,107,26,1,1,1,1
136,0,0,1103,140,40,1,1,1,1
137,0,1291,1099,107,26,1,1,1,1
137,0,0,1102,152,41,1,1,1,1
138,0,1286,1099,108,26,1,1,1,1
138,0,0,1101,164,43,1,1,1,1
139,0,1280,1099,108,26,1,1,1,1
139,0,0,1099,175,44,1,1,1,1
140,0,1274,1099,108,26,1,1,1,1
140,0,0,1098,187,46,1,1,1,1
141,0,1268,1099,108,26,1,1,1,1
141,0,0,1097,199,47,1,1,1,1
142,0,1263,1099,109,26,1,1,1,1
142,0,1,1097,209,48,1,1,1,1
143,0,1257,1099,109,26,1,1,1,1
143,0,2,1096,220,48,1,1,1,1
144,0,1250,1099,109,26,1,1,1,1
144,0,3,1096,230,49,1,1,1,1
145,0,1243,1099,110,26,1,1,1,1
145,0,3,1095,241,49,1,1,1,1
146,0,1237,1099,110,26,1,1,1,1
146,0,4,1095,251,50,1,1,1,1
147,0,1230,1099,111,27,1,1,1,1
147,0,5,1094,261,51,1,1,1,1
148,0,1223,1099,111,27,1,1,1,1
148,0,6,1094,272,51,1,1,1,1
149,0,1216,1099,112,27,1,1,1,1
149,0,7,1093,282,52,1,1,1,1
150,0,1210,1099,112,27,1,1,1,1
150,0,8,1093,293,52,1,1,1,1
151,0,1203,1099,113,27,1,1,1,1
151,0,9,1093,303,53,1,1,1,1
152,0,1196,1099,113,27,1,1,1,1
152,0,9,1092,313,54,1,1,1,1
153,0,1189,1099,114,27,1,1,1,1
153,0,10,1092,324,54,1,1,1,1
154,0,1182,1099,114,28,1,1,1,1
154,0,11,1091,334,55,1,1,1,1
155,0,1176,1099,115,28,1,1,1,1
155,0,12,1091,345,55,1,1,1,1
156,0,1169,1099,115,28,1,1,1,1
156,0,13,1090,355,56,1,1,1,1
157,0,1162,1098,116,28,1,1,1,1
157,0,14,1090,365,57,1,1,1,1
158,0,1155,1098,116,28,1,1,1,1
158,0,14,1089,376,57,1,1,1,1
159,0,1149,1098,117,28,1,1,1,1
159,0,15,1089,386,58,1,1,1,1
160,0,1142,1098,117,29,1,1,1,1
160,0,16,1088,397,58,1,1,1,1
161,0,1135,1098,118,29,1,1,1,1
161,0,17,1088,407,59,1,1,1,1
162,0,1128,1098,118,29,1,1,1,1
162,0,28,1088,406,59,1,1,1,1
163,0,1121,1098,119,29,1,1,1,1
163,0,39,1088,405,59,1,1,1,1
164,0,1115,1098,119,29,1,1,1,1
164,0,51,1088,404,59,1,1,1,1
165,0,1108,1098,120,29,1,1,1,1
165,0,62,1088,403,59,1,1,1,1
166,0,1101,1098,120,29,1,1,1,1
166,0,73,1088,402,58,1,1,1,1
167,0,1094,1098,121,30,1,1,1,1
167,0,84,1089,400,58,1,1,1,1
168,0,1088,1098,121,30,1,1,1,1
168,0,95,1089,399,58,1,1,1,1
169,0,1081,1098,122,30,1,1,1,1
169,0,106,1089,398,58,1,1,1,1
170,0,1074,1098,122,30,1,1,1,1
170,0,118,1089,397,58,1,1,1,1
171,0,1066,1098,123,30,1,1,1,1
171,0,129,1089,396,58,1,1,1,1
172,0,1059,1098,123,30,1,1,1,1
172,0,140,1089,395,58,1,1,1,1
173,0,1051,1098,124,30,1,1,1,1
173,0,151,1089,394,58,1,1,1,1
174,0,1043,1098,124,30,1,1,1,1
174,0,162,1089,393,58,1,1,1,1
175,0,1035,1098,125,30,1,1,1,1
175,0,173,1089,392,58,1,1,1,1
176,0,1028,1098,125,30,1,1,1,1
176,0,185,1089,391,57,1,1,1,1
177,0,1020,1098,126,30,1,1,1,1
177,0,196,1089,390,57,1,1,1,1
178,0,1012,1098,127,30,1,1,1,1
178,0,207,1089,389,57,1,1,1,1
179,0,1004,1098,127,30,1,1,1,1
179,0,218,1090,387,57,1,1,1,1
180,0,997,1098,128,30,1,1,1,1
180,0,229,1090,386,57,1,1,1,1
181,0,989,1098,128,30,1,1,1,1
181,0,240,1090,385,57,1,1,1,1
182,0,981,1098,129,30,1,1,1,1
182,0,252,1090,384,57,1,1,1,1
183,0,973,1098,129,30,1,1,1,1
183,0,263,1090,383,57,1,1,1,1
184,0,966,1098,130,30,1,1,1,1
184,0,274,1090,382,57,1,1,1,1
185,0,958,1099,131,30,1,1,1,1
185,0,285,1090,381,56,1,1,1,1
186,0,950,1099,131,30,1,1,1,1
186,0,296,1090,380,56,1,1,1,1
187,0,943,1099,132,30,1,1,1,1
187,0,307,1090,379,56,1,1,1,1
188,0,935,1099,132,30,1,1,1,1
188,0,319,1090,378,56,1,1,1,1
189,0,927,1099,133,30,1,1,1,1
189,0,330,1090,377,56,1,1,1,1
190,0,919,1099,133,30,1,1,1,1
190,0,341,1090,376,56,1,1,1,1
191,0,912,1099,134,30,1,1,1,1
191,0,352,1091,374,56,1,1,1,1
192,0,904,1099,134,30,1,1,1,1
192,0,363,1091,373,56,1,1,1,1
193,0,896,1099,135,30,1,1,1,1
193,0,374,1091,372,56,1,1,1,1
194,0,888,1099,136,30,1,1,1,1
194,0,386,1091,371,55,1,1,1,1
195,0,881,1099,136,30,1,1,1,1
195,0,397,1091,370,55,1,1,1,1
196,0,873,1099,137,30,1,1,1,1
196,0,408,1091,369,55,1,1,1,1
197,0,865,1099,137,30,1,1,1,1
197,0,419,1091,368,55,1,1,1,1
198,0,857,1099,138,30,1,1,1,1
198,0,430,1091,367,55,1,1,1,1
199,0,850,1099,138,30,1,1,1,1
199,0,441,1091,366,55,1,1,1,1
200,0,842,1099,139,30,1,1,1,1
200,0,453,1091,365,55,1,1,1,1
201,0,834,1099,140,30,1,1,1,1
201,0,464,1091,364,55,1,1,1,1
202,0,826,1099,141,31,1,1,1,1
202,0,475,1091,363,55,1,1,1,1
203,0,817,1098,142,31,1,1,1,1
203,0,486,1092,361,55,1,1,1,1
204,0,809,1098,143,31,1,1,1,1
204,0,497,1092,360,54,1,1,1,1
205,0,806,1099,136,30,1,1,1,1
205,0,508,1092,359,54,1,1,1,1
206,0,803,1099,128,29,1,1,1,1
206,0,520,1092,358,54,1,1,1,1
207,0,794,1099,129,29,1,1,1,1
207,0,531,1092,357,54,1,1,1,1
208,0,784,1099,131,29,1,1,1,1
208,0,542,1092,356,54,1,1,1,1
209,0,775,1099,132,29,1,1,1,1
209,0,552,1092,355,54,1,1,1,1
210,0,766,1099,134,29,1,1,1,1
210,0,562,1092,353,54,1,1,1,1
211,0,756,1099,135,29,1,1,1,1
211,0,572,1092,352,54,1,1,1,1
212,0,747,1098,136,30,1,1,1,1
212,0,582,1092,350,54,1,1,1,1
213,0,738,1098,138,30,1,1,1,1
213,0,592,1092,349,54,1,1,1,1
214,0,728,1098,139,30,1,1,1,1
214,0,602,1092,347,54,1,1,1,1
215,0,719,1098,140,30,1,1,1,1
215,0,612,1092,346,54,1,1,1,1
216,0,710,1098,142,30,1,1,1,1
216,0,622,1092,344,54,1,1,1,1
217,0,700,1098,143,30,1,1,1,1
217,0,632,1092,343,54,1,1,1,1
218,0,691,1098,145,30,1,1,1,1
218,0,642,1092,341,54,1,1,1,1
219,0,682,1098,146,30,1,1,1,1
219,0,653,1093,340,54,1,1,1,1
220,0,672,1098,147,30,1,1,1,1
220,0,663,1093,339,53,1,1,1,1
221,0,663,1098,149,30,1,1,1,1
221,0,673,1093,337,53,1,1,1,1
222,0,654,1097,150,31,1,1,1,1
222,0,683,1093,336,53,1,1,1,1
223,0,644,1097,151,31,1,1,1,1
223,0,693,1093,334,53,1,1,1,1
224,0,635,1097,153,31,1,1,1,1
224,0,703,1093,333,53,1,1,1,1
225,0,626,1097,154,31,1,1,1,1
225,0,713,1093,331,53,1,1,1,1
226,0,616,1097,156,31,1,1,1,1
226,0,723,1093,330,53,1,1,1,1
227,0,607,1097,157,31,1,1,1,1
227,0,733,1093,328,53,1,1,1,1
228,0,598,1097,157,31,1,1,1,1
228,0,743,1093,327,53,1,1,1,1
229,0,588,1097,157,31,1,1,1,1
229,0,753,1093,325,53,1,1,1,1
230,0,579,1098,157,30,1,1,1,1
230,0,763,1093,324,53,1,1,1,1
231,0,569,1098,157,30,1,1,1,1
231,0,772,1093,323,53,1,1,1,1
232,0,560,1098,157,30,1,1,1,1
232,0,781,1093,323,53,1,1,1,1
233,0,551,1098,157,30,1,1,1,1
233,0,791,1093,322,53,1,1,1,1
234,0,541,1098,157,30,1,1,1,1
234,0,800,1093,322,53,1,1,1,1
235,0,532,1098,157,30,1,1,1,1
235,0,809,1094,321,53,1,1,1,1
235,0,2547,1070,13,22,1,1,1,1
236,0,522,1099,158,29,1,1,1,1
236,0,818,1094,320,52,1,1,1,1
236,0,2545,1070,15,22,1,1,1,1
237,0,513,1099,158,29,1,1,1,1
237,0,827,1094,320,52,1,1,1,1
237,0,2543,1070,17,22,1,1,1,1
238,0,503,1099,158,29,1,1,1,1
238,0,837,1094,319,52,1,1,1,1
238,0,2541,1070,19,22,1,1,1,1
239,0,494,1099,158,29,1,1,1,1
239,0,846,1094,319,52,1,1,1,1
239,0,2539,1070,21,22,1,1,1,1
240,0,485,1099,158,29,1,1,1,1
240,0,855,1094,318,52,1,1,1,1
240,0,2537,1070,23,22,1,1,1,1
241,0,475,1099,158,29,1,1,1,1
241,0,864,1094,317,52,1,1,1,1
241,0,2535,1070,25,22,1,1,1,1
242,0,466,1100,158,28,1,1,1,1
242,0,873,1094,316,52,1,1,1,1
242,0,2533,1070,27,22,1,1,1,1
243,0,456,1100,158,28,1,1,1,1
243,0,882,1094,314,52,1,1,1,1
243,0,2531,1070,29,22,1,1,1,1
244,0,447,1100,158,28,1,1,1,1
244,0,891,1094,313,52,1,1,1,1
244,0,2529,1070,31,22,1,1,1,1
245,0,437,1100,159,28,1,1,1,1
245,0,900,1094,311,52,1,1,1,1
245,0,2527,1070,33,22,1,1,1,1
246,0,427,1099,159,28,1,1,1,1
246,0,909,1094,310,52,1,1,1,1
246,0,2525,1070,35,22,1,1,1,1
247,0,417,1099,160,29,1,1,1,1
247,0,918,1094,309,52,1,1,1,1
247,0,2523,1070,37,22,1,1,1,1
248,0,407,1099,160,29,1,1,1,1
248,0,927,1094,308,52,1,1,1,1
248,0,2522,1070,39,23,1,1,1,1
249,0,397,1099,161,29,1,1,1,1
249,0,935,1094,306,52,1,1,1,1
249,0,2520,1069,40,23,1,1,1,1
250,0,387,1098,162,29,1,1,1,1
250,0,944,1094,305,52,1,1,1,1
250,0,2518,1069,42,23,1,1,1,1
251,0,377,1098,162,29,1,1,1,1
251,0,953,1094,304,52,1,1,1,1
251,0,2516,1069,44,23,1,1,1,1
252,0,366,1098,163,30,1,1,1,1
252,0,962,1094,302,52,1,1,1,1
252,0,2514,1069,46,23,1,1,1,1
253,0,356,1098,163,30,1,1,1,1
253,0,971,1094,301,52,1,1,1,1
253,0,2512,1069,48,23,1,1,1,1
254,0,346,1097,164,30,1,1,1,1
254,0,979,1094,301,52,1,1,1,1
254,0,2510,1069,50,23,1,1,1,1
255,0,336,1097,165,30,1,1,1,1
255,0,988,1094,300,52,1,1,1,1
255,0,2508,1069,52,23,1,1,1,1
256,0,326,1097,165,30,1,1,1,1
256,0,997,1093,299,52,1,1,1,1
256,0,2506,1069,54,23,1,1,1,1
257,0,316,1097,166,31,1,1,1,1
257,0,1005,1093,299,52,1,1,1,1
257,0,2504,1069,56,23,1,1,1,1
258,0,306,1096,166,31,1,1,1,1
258,0,1014,1093,298,52,1,1,1,1
258,0,2502,1069,58,23,1,1,1,1
259,0,296,1096,167,31,1,1,1,1
259,0,1022,1093,297,52,1,1,1,1
259,0,2500,1069,60,23,1,1,1,1
260,0,285,1096,168,31,1,1,1,1
260,0,1030,1093,297,52,1,1,1,1
260,0,2498,1069,62,23,1,1,1,1
261,0,275,1096,169,31,1,1,1,1
261,0,1039,1093,296,52,1,1,1,1
261,0,2496,1069,64,23,1,1,1,1
262,0,264,1096,169,31,1,1,1,1
262,0,1047,1092,295,52,1,1,1,1
262,0,2494,1068,66,24,1,1,1,1
263,0,254,1096,170,31,1,1,1,1
263,0,1055,1092,295,52,1,1,1,1
263,0,2492,1067,68,25,1,1,1,1
264,0,243,1096,171,31,1,1,1,1
264,0,1063,1092,294,52,1,1,1,1
264,0,2490,1067,70,26,1,1,1,1
265,0,233,1097,172,31,1,1,1,1
265,0,1071,1092,294,52,1,1,1,1
265,0,2488,1066,72,27,1,1,1,1
266,0,222,1097,172,30,1,1,1,1
266,0,1078,1092,294,52,1,1,1,1
266,0,2486,1065,74,28,1,1,1,1
267,0,211,1097,173,30,1,1,1,1
267,0,1086,1092,294,52,1,1,1,1
267,0,2484,1064,76,28,1,1,1,1
268,0,201,1097,174,30,1,1,1,1
268,0,1093,1092,294,52,1,1,1,1
268,0,2482,1063,78,29,1,1,1,1
269,0,190,1097,175,30,1,1,1,1
269,0,1101,1092,294,52,1,1,1,1
269,0,2480,1062,80,30,1,1,1,1
270,0,180,1097,175,30,1,1,1,1
270,0,1110,1092,291,52,1,1,1,1
270,0,2478,1062,82,31,1,1,1,1
271,0,169,1097,176,30,1,1,1,1
271,0,1119,1092,289,52,1,1,1,1
271,0,2476,1061,84,32,1,1,1,1
272,0,158,1097,177,30,1,1,1,1
272,0,1128,1092,286,52,1,1,1,1
272,0,2474,1060,86,33,1,1,1,1
273,0,147,1097,177,30,1,1,1,1
273,0,1136,1092,285,52,1,1,1,1
273,0,2472,1060,86,33,1,1,1,1
274,0,136,1096,178,30,1,1,1,1
274,0,1144,1092,284,52,1,1,1,1
274,0,2470,1061,86,33,1,1,1,1
275,0,125,1096,178,31,1,1,1,1
275,0,1151,1092,283,52,1,1,1,1
275,0,2468,1061,86,32,1,1,1,1
276,0,114,1096,179,31,1,1,1,1
276,0,1159,1092,282,52,1,1,1,1
276,0,2466,1061,87,32,1,1,1,1
277,0,103,1096,179,31,1,1,1,1
277,0,1167,1092,281,52,1,1,1,1
277,0,2464,1061,87,32,1,1,1,1
278,0,92,1096,180,31,1,1,1,1
278,0,1175,1091,280,52,1,1,1,1
278,0,2462,1062,87,32,1,1,1,1
279,0,81,1095,181,31,1,1,1,1
279,0,1183,1091,279,52,1,1,1,1
279,0,2460,1062,87,32,1,1,1,1
280,0,70,1095,181,31,1,1,1,1
280,0,1190,1091,278,52,1,1,1,1
280,0,2458,1062,87,32,1,1,1,1
281,0,59,1095,182,31,1,1,1,1
281,0,1198,1091,277,52,1,1,1,1
281,0,2456,1062,87,31,1,1,1,1
282,0,48,1095,182,32,1,1,1,1
282,0,1206,1091,276,52,1,1,1,1
282,0,2454,1063,87,31,1,1,1,1
283,0,37,1094,183,32,1,1,1,1
283,0,1213,1091,275,52,1,1,1,1
283,0,2452,1063,87,31,1,1,1,1
284,0,26,1094,183,32,1,1,1,1
284,0,1221,1091,275,52,1,1,1,1
284,0,2450,1063,88,31,1,1,1,1
284,0,2547,1072,13,21,1,1,1,1
285,0,15,1094,184,32,1,1,1,1
285,0,1228,1091,274,52,1,1,1,1
285,0,2448,1063,88,31,1,1,1,1
285,0,2544,1072,16,21,1,1,1,1
286,0,8,1095,180,31,1,1,1,1
286,0,1236,1091,274,52,1,1,1,1
286,0,2446,1064,88,30,1,1,1,1
286,0,2541,1071,19,22,1,1,1,1
287,0,0,1095,175,30,1,1,1,1
287,0,1243,1091,273,52,1,1,1,1
287,0,2444,1064,88,30,1,1,1,1
287,0,2538,1071,22,22,1,1,1,1
288,0,0,1095,164,30,1,1,1,1
288,0,1251,1091,273,52,1,1,1,1
288,0,2442,1064,88,30,1,1,1,1
288,0,2535,1071,25,22,1,1,1,1
289,0,0,1094,153,30,1,1,1,1
289,0,1258,1090,272,52,1,1,1,1
289,0,2439,1064,89,30,1,1,1,1
289,0,2532,1070,27,22,1,1,1,1
290,0,0,1094,142,31,1,1,1,1
290,0,1265,1090,271,52,1,1,1,1
290,0,2437,1065,89,29,1,1,1,1
290,0,2529,1070,30,23,1,1,1,1
291,0,0,1093,131,31,1,1,1,1
291,0,1273,1090,271,52,1,1,1,1
291,0,2434,1065,90,29,1,1,1,1
291,0,2526,1070,33,23,1,1,1,1
292,0,0,1093,121,31,1,1,1,1
292,0,1280,1090,270,52,1,1,1,1
292,0,2432,1065,90,29,1,1,1,1
292,0,2523,1069,36,23,1,1,1,1
293,0,0,1093,110,31,1,1,1,1
293,0,1288,1090,270,52,1,1,1,1
293,0,2429,1065,91,29,1,1,1,1
293,0,2520,1069,39,24,1,1,1,1
294,0,0,1092,99,31,1,1,1,1
294,0,1295,1090,269,52,1,1,1,1
294,0,2427,1066,91,28,1,1,1,1
294,0,2517,1068,42,24,1,1,1,1
295,0,0,1092,88,32,1,1,1,1
295,0,1302,1090,268,52,1,1,1,1
295,0,2424,1066,92,28,1,1,1,1
295,0,2514,1068,45,24,1,1,1,1
296,0,0,1091,77,32,1,1,1,1
296,0,1310,1090,266,52,1,1,1,1
296,0,2422,1066,92,28,1,1,1,1
296,0,2511,1068,48,25,1,1,1,1
297,0,0,1091,66,32,1,1,1,1
297,0,1317,1090,265,51,1,1,1,1
297,0,2420,1066,92,28,1,1,1,1
297,0,2508,1067,50,25,1,1,1,1
298,0,0,1091,55,33,1,1,1,1
298,0,1324,1090,263,51,1,1,1,1
298,0,2418,1066,91,28,1,1,1,1
298,0,2505,1067,53,25,1,1,1,1
299,0,0,1091,43,32,1,1,1,1
299,0,1332,1090,262,51,1,1,1,1
299,0,2416,1066,91,28,1,1,1,1
299,0,2502,1067,56,25,1,1,1,1
300,0,0,1096,31,26,1,1,1,1
300,0,1339,1090,260,51,1,1,1,1
300,0,2414,1066,91,28,1,1,1,1
300,0,2499,1066,59,26,1,1,1,1
301,0,0,1099,20,23,1,1,1,1
301,0,1346,1090,259,51,1,1,1,1
301,0,2412,1066,91,28,1,1,1,1
301,0,2496,1066,62,26,1,1,1,1
302,0,1354,1091,257,51,1,1,1,1
302,0,2410,1066,91,28,1,1,1,1
302,0,2493,1066,62,26,1,1,1,1
303,0,1361,1091,256,50,1,1,1,1
303,0,2408,1066,90,28,1,1,1,1
303,0,2489,1066,63,26,1,1,1,1
304,0,1368,1091,254,50,1,1,1,1
304,0,2406,1066,90,28,1,1,1,1
304,0,2486,1066,63,27,1,1,1,1
305,0,1375,1091,253,50,1,1,1,1
305,0,2404,1066,90,28,1,1,1,1
305,0,2482,1066,64,27,1,1,1,1
306,0,1383,1091,251,50,1,1,1,1
306,0,2402,1066,90,28,1,1,1,1
306,0,2479,1066,64,27,1,1,1,1
307,0,1390,1091,250,50,1,1,1,1
307,0,2400,1066,89,28,1,1,1,1
307,0,2475,1066,65,27,1,1,1,1
308,0,1397,1091,248,49,1,1,1,1
308,0,2398,1066,89,28,1,1,1,1
308,0,2472,1066,65,28,1,1,1,1
309,0,1405,1091,247,49,1,1,1,1
309,0,2396,1067,89,29,1,1,1,1
309,0,2468,1066,66,28,1,1,1,1
310,0,1412,1091,245,49,1,1,1,1
310,0,2393,1067,89,29,1,1,1,1
310,0,2465,1067,66,28,1,1,1,1
311,0,1418,1091,244,49,1,1,1,1
311,0,2391,1067,89,29,1,1,1,1
311,0,2461,1067,66,28,1,1,1,1
312,0,1425,1091,244,49,1,1,1,1
312,0,2389,1067,88,29,1,1,1,1
312,0,2458,1067,67,28,1,1,1,1
313,0,1431,1091,243,48,1,1,1,1
313,0,2387,1067,88,29,1,1,1,1
313,0,2454,1067,67,29,1,1,1,1
314,0,1438,1091,243,48,1,1,1,1
314,0,2385,1067,88,29,1,1,1,1
314,0,2451,1067,68,29,1,1,1,1
315,0,1444,1091,242,48,1,1,1,1
315,0,2383,1067,88,29,1,1,1,1
315,0,2447,1067,68,29,1,1,1,1
316,0,1451,1091,242,48,1,1,1,1
316,0,2381,1067,88,29,1,1,1,1
316,0,2444,1067,69,29,1,1,1,1
317,0,1457,1091,241,48,1,1,1,1
317,0,2379,1067,87,29,1,1,1,1
317,0,2440,1067,69,30,1,1,1,1
318,0,1464,1091,241,47,1,1,1,1
318,0,2377,1067,87,29,1,1,1,1
318,0,2437,1067,70,30,1,1,1,1
319,0,1470,1091,240,47,1,1,1,1
319,0,2375,1067,87,29,1,1,1,1
319,0,2433,1067,70,30,1,1,1,1
320,0,1477,1092,240,47,1,1,1,1
320,0,2373,1067,87,29,1,1,1,1
320,0,2430,1067,70,30,1,1,1,1
321,0,1483,1092,239,47,1,1,1,1
321,0,2371,1067,86,29,1,1,1,1
321,0,2426,1067,70,30,1,1,1,1
322,0,1489,1092,238,47,1,1,1,1
322,0,2369,1067,86,29,1,1,1,1
322,0,2423,1067,70,30,1,1,1,1
323,0,1496,1092,238,46,1,1,1,1
323,0,2367,1067,86,29,1,1,1,1
323,0,2419,1067,70,30,1,1,1,1
324,0,1502,1092,237,46,1,1,1,1
324,0,2356,1067,95,29,1,1,1,1
324,0,2416,1067,71,30,1,1,1,1
325,0,1509,1092,237,46,1,1,1,1
325,0,2354,1067,95,29,1,1,1,1
325,0,2412,1067,71,30,1,1,1,1
326,0,1515,1092,236,46,1,1,1,1
326,0,2351,1067,95,29,1,1,1,1
326,0,2409,1068,71,30,1,1,1,1
327,0,1522,1092,236,46,1,1,1,1
327,0,2349,1067,95,29,1,1,1,1
327,0,2406,1068,71,29,1,1,1,1
328,0,1528,1092,235,45,1,1,1,1
328,0,2347,1067,95,29,1,1,1,1
328,0,2402,1068,71,29,1,1,1,1
329,0,1535,1092,235,45,1,1,1,1
329,0,2345,1067,95,29,1,1,1,1
329,0,2399,1068,71,29,1,1,1,1
330,0,1541,1092,234,45,1,1,1,1
330,0,2342,1068,95,29,1,1,1,1
330,0,2395,1068,71,29,1,1,1,1
331,0,1547,1092,233,45,1,1,1,1
331,0,2340,1068,95,29,1,1,1,1
331,0,2392,1068,71,29,1,1,1,1
332,0,1552,1092,233,45,1,1,1,1
332,0,2338,1068,95,29,1,1,1,1
332,0,2388,1068,71,29,1,1,1,1
333,0,1558,1092,232,45,1,1,1,1
333,0,2336,1068,95,29,1,1,1,1
333,0,2385,1068,72,29,1,1,1,1
334,0,1564,1092,232,45,1,1,1,1
334,0,2333,1068,95,29,1,1,1,1
334,0,2382,1068,72,29,1,1,1,1
335,0,1569,1092,231,45,1,1,1,1
335,0,2331,1068,95,29,1,1,1,1
335,0,2378,1068,72,29,1,1,1,1
336,0,1575,1091,230,45,1,1,1,1
336,0,2329,1068,95,29,1,1,1,1
336,0,2375,1068,72,29,1,1,1,1
337,0,1581,1091,230,45,1,1,1,1
337,0,2326,1068,95,29,1,1,1,1
337,0,2371,1068,72,29,1,1,1,1
338,0,1586,1091,229,45,1,1,1,1
338,0,2324,1068,95,29,1,1,1,1
338,0,2368,1068,72,29,1,1,1,1
339,0,1592,1091,229,45,1,1,1,1
339,0,2321,1068,96,29,1,1,1,1
339,0,2364,1068,72,29,1,1,1,1
340,0,1598,1091,228,45,1,1,1,1
340,0,2319,1068,96,29,1,1,1,1
340,0,2361,1069,72,29,1,1,1,1
341,0,1604,1091,228,45,1,1,1,1
341,0,2316,1068,96,29,1,1,1,1
341,0,2358,1069,72,28,1,1,1,1
342,0,1609,1091,227,45,1,1,1,1
342,0,2314,1068,96,29,1,1,1,1
342,0,2354,1069,72,28,1,1,1,1
343,0,1615,1091,226,44,1,1,1,1
343,0,2312,1068,96,29,1,1,1,1
343,0,2351,1069,73,28,1,1,1,1
344,0,1621,1091,226,44,1,1,1,1
344,0,2309,1068,96,29,1,1,1,1
344,0,2347,1069,73,28,1,1,1,1
345,0,1626,1091,225,44,1,1,1,1
345,0,2307,1068,97,29,1,1,1,1
345,0,2344,1069,73,28,1,1,1,1
346,0,1632,1090,225,44,1,1,1,1
346,0,2304,1068,97,29,1,1,1,1
346,0,2340,1069,73,28,1,1,1,1
347,0,1638,1090,224,44,1,1,1,1
347,0,2302,1068,97,30,1,1,1,1
347,0,2337,1069,73,28,1,1,1,1
348,0,1643,1090,223,44,1,1,1,1
348,0,2299,1068,97,30,1,1,1,1
348,0,2332,1069,74,28,1,1,1,1
349,0,1649,1090,223,44,1,1,1,1
349,0,2297,1068,97,30,1,1,1,1
349,0,2328,1069,74,28,1,1,1,1
350,0,1655,1090,222,44,1,1,1,1
350,0,2294,1068,97,30,1,1,1,1
350,0,2323,1069,75,28,1,1,1,1
351,0,1660,1090,222,44,1,1,1,1
351,0,2292,1068,98,30,1,1,1,1
351,0,2318,1069,75,29,1,1,1,1
352,0,1666,1090,221,44,1,1,1,1
352,0,2289,1068,98,30,1,1,1,1
352,0,2314,1069,76,29,1,1,1,1
353,0,1672,1090,220,44,1,1,1,1
353,0,2287,1068,98,30,1,1,1,1
353,0,2309,1069,76,29,1,1,1,1
354,0,1677,1090,220,44,1,1,1,1
354,0,2284,1068,98,30,1,1,1,1
354,0,2304,1069,77,29,1,1,1,1
355,0,1683,1090,219,44,1,1,1,1
355,0,2282,1068,98,30,1,1,1,1
355,0,2300,1069,77,29,1,1,1,1
356,0,1689,1089,219,44,1,1,1,1
356,0,2280,1068,99,31,1,1,1,1
356,0,2295,1069,78,29,1,1,1,1
357,0,1695,1089,218,44,1,1,1,1
357,0,2277,1068,99,31,1,1,1,1
357,0,2290,1070,78,29,1,1,1,1
358,0,1700,1089,218,44,1,1,1,1
358,0,2275,1068,99,31,1,1,1,1
358,0,2286,1070,79,29,1,1,1,1
359,0,1706,1089,217,44,1,1,1,1
359,0,2272,1068,99,31,1,1,1,1
359,0,2281,1070,79,30,1,1,1,1
360,0,1712,1089,216,44,1,1,1,1
360,0,2270,1068,99,31,1,1,1,1
360,0,2276,1070,80,30,1,1,1,1
361,0,1717,1089,216,44,1,1,1,1
361,0,2267,1068,99,31,1,1,1,1
361,0,2272,1070,80,30,1,1,1,1
362,0,1723,1089,215,44,1,1,1,1
362,0,2265,1068,100,31,1,1,1,1
362,0,2267,1070,81,30,1,1,1,1
363,0,1729,1089,215,44,1,1,1,1
363,0,2262,1068,100,31,1,1,1,1
363,0,2262,1070,81,30,1,1,1,1
364,0,1734,1089,214,44,1,1,1,1
364,0,2260,1068,100,31,1,1,1,1
364,0,2258,1070,82,30,1,1,1,1
365,0,1740,1089,213,44,1,1,1,1
365,0,2257,1068,100,31,1,1,1,1
365,0,2253,1070,82,30,1,1,1,1
366,0,1746,1088,213,44,1,1,1,1
366,0,2255,1068,100,32,1,1,1,1
366,0,2248,1070,83,30,1,1,1,1
367,0,1751,1088,212,44,1,1,1,1
367,0,2252,1068,100,32,1,1,1,1
367,0,2244,1070,84,31,1,1,1,1
368,0,1757,1088,212,44,1,1,1,1
368,0,2250,1068,101,32,1,1,1,1
368,0,2239,1070,84,31,1,1,1,1
369,0,1763,1088,211,43,1,1,1,1
369,0,2247,1068,101,32,1,1,1,1
369,0,2234,1070,85,31,1,1,1,1
370,0,1768,1088,210,43,1,1,1,1
370,0,2245,1068,101,32,1,1,1,1
370,0,2229,1070,85,31,1,1,1,1
371,0,1774,1088,210,43,1,1,1,1
371,0,2241,1068,103,32,1,1,1,1
371,0,2225,1070,86,31,1,1,1,1
372,0,1780,1088,209,43,1,1,1,1
372,0,2236,1068,105,32,1,1,1,1
372,0,2220,1070,86,31,1,1,1,1
373,0,1786,1088,209,43,1,1,1,1
373,0,2232,1069,107,31,1,1,1,1
373,0,2215,1070,87,31,1,1,1,1
374,0,1791,1088,208,43,1,1,1,1
374,0,2228,1069,109,31,1,1,1,1
374,0,2211,1070,87,31,1,1,1,1
375,0,1797,1088,208,43,1,1,1,1
375,0,2223,1069,112,31,1,1,1,1
375,0,2206,1070,88,32,1,1,1,1
376,0,1803,1087,207,43,1,1,1,1
376,0,2219,1069,114,31,1,1,1,1
376,0,2201,1070,88,32,1,1,1,1
377,0,1808,1087,206,43,1,1,1,1
377,0,2215,1070,116,30,1,1,1,1
377,0,2197,1071,89,32,1,1,1,1
378,0,1814,1087,206,43,1,1,1,1
378,0,2210,1070,118,30,1,1,1,1
378,0,2192,1071,89,32,1,1,1,1
379,0,1820,1087,205,43,1,1,1,1
379,0,2206,1070,120,30,1,1,1,1
379,0,2187,1071,90,32,1,1,1,1
380,0,1825,1087,205,43,1,1,1,1
380,0,2204,1070,119,30,1,1,1,1
380,0,2183,1071,90,32,1,1,1,1
381,0,1831,1087,204,43,1,1,1,1
381,0,2203,1070,118,30,1,1,1,1
381,0,2178,1071,91,32,1,1,1,1
382,0,1836,1087,203,43,1,1,1,1
382,0,2201,1070,117,30,1,1,1,1
382,0,2173,1071,91,32,1,1,1,1
383,0,1841,1087,202,43,1,1,1,1
383,0,2200,1070,116,30,1,1,1,1
383,0,2169,1071,92,33,1,1,1,1
384,0,1847,1087,202,43,1,1,1,1
384,0,2198,1070,115,30,1,1,1,1
384,0,2164,1071,92,33,1,1,1,1
385,0,1852,1087,201,43,1,1,1,1
385,0,2195,1070,115,30,1,1,1,1
385,0,2159,1071,93,33,1,1,1,1
386,0,1857,1087,200,43,1,1,1,1
386,0,2192,1070,115,30,1,1,1,1
386,0,2155,1071,93,33,1,1,1,1
387,0,1862,1087,199,42,1,1,1,1
387,0,2190,1070,115,30,1,1,1,1
387,0,2150,1071,94,33,1,1,1,1
388,0,1867,1087,199,42,1,1,1,1
388,0,2187,1070,115,30,1,1,1,1
388,0,2145,1071,94,33,1,1,1,1
389,0,1872,1087,198,42,1,1,1,1
389,0,2184,1070,116,30,1,1,1,1
389,0,2140,1071,94,33,1,1,1,1
390,0,1878,1087,197,42,1,1,1,1
390,0,2181,1070,116,30,1,1,1,1
390,0,2135,1071,94,34,1,1,1,1
391,0,1883,1087,196,42,1,1,1,1
391,0,2179,1071,116,30,1,1,1,1
391,0,2130,1071,94,34,1,1,1,1
392,0,1888,1087,196,42,1,1,1,1
392,0,2176,1071,116,30,1,1,1,1
392,0,2125,1071,94,34,1,1,1,1
393,0,1893,1086,195,42,1,1,1,1
393,0,2173,1071,116,30,1,1,1,1
393,0,2120,1071,93,34,1,1,1,1
394,0,1898,1086,194,42,1,1,1,1
394,0,2170,1071,116,30,1,1,1,1
394,0,2115,1071,93,34,1,1,1,1
395,0,1904,1086,193,42,1,1,1,1
395,0,2167,1071,116,30,1,1,1,1
395,0,2110,1071,93,35,1,1,1,1
396,0,1909,1086,192,42,1,1,1,1
396,0,2165,1071,116,30,1,1,1,1
396,0,2105,1071,93,35,1,1,1,1
397,0,1914,1086,192,42,1,1,1,1
397,0,2162,1071,116,30,1,1,1,1
397,0,2100,1071,93,35,1,1,1,1
398,0,1919,1086,191,41,1,1,1,1
398,0,2159,1071,117,31,1,1,1,1
398,0,2094,1071,94,35,1,1,1,1
399,0,1924,1086,190,41,1,1,1,1
399,0,2156,1071,117,31,1,1,1,1
399,0,2088,1071,95,35,1,1,1,1
400,0,1929,1086,189,41,1,1,1,1
400,0,2153,1071,117,31,1,1,1,1
400,0,2082,1071,96,35,1,1,1,1
401,0,1935,1086,189,41,1,1,1,1
401,0,2151,1071,117,31,1,1,1,1
401,0,2076,1072,96,35,1,1,1,1
402,0,1940,1086,188,41,1,1,1,1
402,0,2148,1071,117,31,1,1,1,1
402,0,2071,1072,97,35,1,1,1,1
403,0,1945,1086,187,41,1,1,1,1
403,0,2145,1071,117,31,1,1,1,1
403,0,2065,1072,98,35,1,1,1,1
404,0,1950,1086,186,41,1,1,1,1
404,0,2142,1071,117,31,1,1,1,1
404,0,2059,1072,99,36,1,1,1,1
405,0,1955,1086,185,41,1,1,1,1
405,0,2140,1072,117,31,1,1,1,1
405,0,2053,1072,100,36,1,1,1,1
406,0,1960,1086,185,41,1,1,1,1
406,0,2137,1072,117,31,1,1,1,1
406,0,2047,1072,101,36,1,1,1,1
407,0,1964,1086,184,41,1,1,1,1
407,0,2134,1072,117,31,1,1,1,1
407,0,2041,1072,102,36,1,1,1,1
408,0,1969,1086,183,41,1,1,1,1
408,0,2131,1072,118,31,1,1,1,1
408,0,2035,1073,102,36,1,1,1,1
409,0,1974,1086,182,41,1,1,1,1
409,0,2128,1072,118,31,1,1,1,1
409,0,2029,1073,103,36,1,1,1,1
410,0,1979,1085,181,40,1,1,1,1
410,0,2126,1072,118,31,1,1,1,1
410,0,2023,1073,104,36,1,1,1,1
411,0,1984,1085,180,40,1,1,1,1
411,0,2123,1072,118,31,1,1,1,1
411,0,2018,1073,105,36,1,1,1,1
412,0,1989,1085,180,40,1,1,1,1
412,0,2120,1072,118,31,1,1,1,1
412,0,2012,1073,106,36,1,1,1,1
413,0,1993,1085,179,40,1,1,1,1
413,0,2117,1072,119,31,1,1,1,1
413,0,2006,1073,107,36,1,1,1,1
414,0,1998,1085,178,40,1,1,1,1
414,0,2113,1072,119,31,1,1,1,1
414,0,2000,1073,108,36,1,1,1,1
415,0,2003,1085,177,40,1,1,1,1
415,0,2110,1072,120,32,1,1,1,1
415,0,1994,1074,108,36,1,1,1,1
416,0,2008,1085,177,40,1,1,1,1
416,0,2106,1072,120,32,1,1,1,1
416,0,1988,1074,109,36,1,1,1,1
417,0,2012,1085,177,40,1,1,1,1
417,0,2103,1072,121,32,1,1,1,1
417,0,1982,1074,110,36,1,1,1,1
418,0,2017,1085,177,40,1,1,1,1
418,0,2099,1072,122,32,1,1,1,1
418,0,1976,1074,111,37,1,1,1,1
419,0,2021,1085,177,40,1,1,1,1
419,0,2096,1072,122,32,1,1,1,1
419,0,1970,1074,112,37,1,1,1,1
420,0,2026,1084,176,39,1,1,1,1
420,0,2092,1072,123,32,1,1,1,1
420,0,1964,1074,113,37,1,1,1,1
421,0,2030,1084,176,39,1,1,1,1
421,0,2089,1072,123,33,1,1,1,1
421,0,1959,1074,114,37,1,1,1,1
422,0,2035,1084,176,39,1,1,1,1
422,0,2085,1072,124,33,1,1,1,1
422,0,1953,1075,114,37,1,1,1,1
423,0,2039,1084,176,39,1,1,1,1
423,0,2082,1072,125,33,1,1,1,1
423,0,1947,1075,115,37,1,1,1,1
424,0,2043,1084,176,39,1,1,1,1
424,0,2078,1072,125,33,1,1,1,1
424,0,1941,1075,116,37,1,1,1,1
425,0,2048,1084,175,39,1,1,1,1
425,0,2075,1072,126,33,1,1,1,1
425,0,1935,1075,117,37,1,1,1,1
426,0,2052,1084,175,39,1,1,1,1
426,0,2071,1072,126,34,1,1,1,1
426,0,1929,1075,118,37,1,1,1,1
427,0,2057,1084,175,39,1,1,1,1
427,0,2068,1072,127,34,1,1,1,1
427,0,1922,1075,119,37,1,1,1,1
428,0,2061,1083,174,38,1,1,1,1
428,0,2064,1072,128,34,1,1,1,1
428,0,1916,1076,121,38,1,1,1,1
429,0,2065,1083,174,38,1,1,1,1
429,0,2061,1072,128,34,1,1,1,1
429,0,1909,1076,122,38,1,1,1,1
430,0,2070,1083,173,38,1,1,1,1
430,0,2057,1072,129,34,1,1,1,1
430,0,1903,1076,123,38,1,1,1,1
431,0,2074,1083,173,38,1,1,1,1
431,0,2054,1072,130,35,1,1,1,1
431,0,1896,1076,123,38,1,1,1,1
432,0,2078,1083,173,38,1,1,1,1
432,0,2051,1071,130,35,1,1,1,1
432,0,1889,1076,124,38,1,1,1,1
433,0,2082,1083,173,38,1,1,1,1
433,0,2047,1071,131,35,1,1,1,1
433,0,1883,1076,124,38,1,1,1,1
434,0,2087,1083,172,37,1,1,1,1
434,0,2044,1071,131,35,1,1,1,1
434,0,1876,1077,125,38,1,1,1,1
435,0,2091,1083,172,37,1,1,1,1
435,0,2040,1071,132,35,1,1,1,1
435,0,1869,1077,125,38,1,1,1,1
436,0,2095,1083,172,37,1,1,1,1
436,0,2037,1071,133,35,1,1,1,1
436,0,1862,1077,126,38,1,1,1,1
437,0,2099,1083,172,37,1,1,1,1
437,0,2033,1071,133,36,1,1,1,1
437,0,1856,1077,126,39,1,1,1,1
438,0,2104,1083,171,37,1,1,1,1
438,0,2030,1071,134,36,1,1,1,1
438,0,1849,1077,127,39,1,1,1,1
439,0,2108,1083,171,37,1,1,1,1
439,0,2026,1071,134,36,1,1,1,1
439,0,1842,1077,127,39,1,1,1,1
440,0,2112,1083,170,36,1,1,1,1
440,0,2023,1071,135,36,1,1,1,1
440,0,1835,1078,128,39,1,1,1,1
441,0,2116,1083,170,36,1,1,1,1
441,0,2019,1071,136,36,1,1,1,1
441,0,1829,1078,128,39,1,1,1,1
442,0,2121,1083,169,36,1,1,1,1
442,0,2016,1071,136,37,1,1,1,1
442,0,1822,1078,129,39,1,1,1,1
443,0,2125,1083,169,36,1,1,1,1
443,0,2012,1071,137,37,1,1,1,1
443,0,1815,1078,129,39,1,1,1,1
444,0,2129,1083,169,36,1,1,1,1
444,0,2009,1071,137,37,1,1,1,1
444,0,1808,1078,130,39,1,1,1,1
445,0,2134,1083,168,36,1,1,1,1
445,0,2005,1071,138,37,1,1,1,1
445,0,1800,1078,130,39,1,1,1,1
446,0,2138,1083,168,36,1,1,1,1
446,0,2002,1071,139,37,1,1,1,1
446,0,1793,1078,131,39,1,1,1,1
447,0,2142,1083,167,36,1,1,1,1
447,0,1998,1071,139,37,1,1,1,1
447,0,1785,1078,132,39,1,1,1,1
448,0,2146,1082,167,35,1,1,1,1
448,0,1995,1071,140,38,1,1,1,1
448,0,1778,1079,132,39,1,1,1,1
449,0,2151,1082,166,35,1,1,1,1
449,0,1991,1071,140,38,1,1,1,1
449,0,1770,1079,133,39,1,1,1,1
450,0,2155,1082,166,35,1,1,1,1
450,0,1988,1071,141,38,1,1,1,1
450,0,1763,1079,134,39,1,1,1,1
451,0,2159,1082,165,35,1,1,1,1
451,0,1984,1071,142,38,1,1,1,1
451,0,1755,1079,134,39,1,1,1,1
452,0,2163,1082,164,35,1,1,1,1
452,0,1980,1071,143,38,1,1,1,1
452,0,1748,1079,135,40,1,1,1,1
453,0,2167,1082,164,35,1,1,1,1
453,0,1976,1071,143,38,1,1,1,1
453,0,1740,1079,135,40,1,1,1,1
454,0,2171,1082,163,35,1,1,1,1
454,0,1972,1072,144,38,1,1,1,1
454,0,1733,1079,136,40,1,1,1,1
455,0,2175,1082,162,35,1,1,1,1
455,0,1968,1072,145,38,1,1,1,1
455,0,1725,1079,137,40,1,1,1,1
456,0,2179,1082,162,35,1,1,1,1
456,0,1964,1072,146,38,1,1,1,1
456,0,1718,1080,137,40,1,1,1,1
457,0,2183,1081,161,35,1,1,1,1
457,0,1960,1072,147,38,1,1,1,1
457,0,1710,1080,138,40,1,1,1,1
458,0,2187,1081,160,35,1,1,1,1
458,0,1956,1072,147,38,1,1,1,1
458,0,1703,1080,139,40,1,1,1,1
459,0,2192,1081,160,34,1,1,1,1
459,0,1952,1072,148,38,1,1,1,1
459,0,1695,1080,139,40,1,1,1,1
460,0,2196,1081,159,34,1,1,1,1
460,0,1948,1072,149,38,1,1,1,1
460,0,1688,1080,140,40,1,1,1,1
461,0,2200,1081,158,34,1,1,1,1
461,0,1944,1073,150,38,1,1,1,1
461,0,1680,1080,141,40,1,1,1,1
462,0,2204,1081,158,34,1,1,1,1
462,0,1940,1073,150,38,1,1,1,1
462,0,1672,1080,141,40,1,1,1,1
463,0,2208,1081,157,34,1,1,1,1
463,0,1936,1073,151,38,1,1,1,1
463,0,1664,1080,142,40,1,1,1,1
464,0,2212,1081,156,34,1,1,1,1
464,0,1932,1073,152,38,1,1,1,1
464,0,1656,1080,142,41,1,1,1,1
465,0,2216,1081,156,34,1,1,1,1
465,0,1928,1073,152,38,1,1,1,1
465,0,1647,1080,143,41,1,1,1,1
466,0,2220,1081,155,34,1,1,1,1
466,0,1924,1073,153,38,1,1,1,1
466,0,1639,1080,143,41,1,1,1,1
467,0,2224,1080,154,34,1,1,1,1
467,0,1919,1073,153,38,1,1,1,1
467,0,1631,1080,144,41,1,1,1,1
468,0,2228,1080,154,34,1,1,1,1
468,0,1915,1073,154,38,1,1,1,1
468,0,1623,1080,144,41,1,1,1,1
469,0,2232,1080,153,34,1,1,1,1
469,0,1911,1073,154,38,1,1,1,1
469,0,1614,1080,145,41,1,1,1,1
470,0,2236,1080,152,34,1,1,1,1
470,0,1907,1073,155,38,1,1,1,1
470,0,1606,1080,146,41,1,1,1,1
471,0,2240,1080,152,34,1,1,1,1
471,0,1903,1073,155,38,1,1,1,1
471,0,1597,1080,147,41,1,1,1,1
472,0,2244,1080,151,34,1,1,1,1
472,0,1898,1074,156,39,1,1,1,1
472,0,1588,1080,148,41,1,1,1,1
473,0,2248,1080,150,34,1,1,1,1
473,0,1894,1074,156,39,1,1,1,1
473,0,1579,1080,149,41,1,1,1,1
474,0,2253,1080,150,33,1,1,1,1
474,0,1890,1074,157,39,1,1,1,1
474,0,1571,1080,150,41,1,1,1,1
475,0,2257,1080,149,33,1,1,1,1
475,0,1886,1074,157,39,1,1,1,1
475,0,1562,1080,151,41,1,1,1,1
476,0,2261,1080,148,33,1,1,1,1
476,0,1882,1074,158,39,1,1,1,1
476,0,1553,1080,152,41,1,1,1,1
477,0,2265,1079,148,33,1,1,1,1
477,0,1877,1074,158,39,1,1,1,1
477,0,1545,1081,154,42,1,1,1,1
478,0,2269,1079,147,33,1,1,1,1
478,0,1873,1074,159,39,1,1,1,1
478,0,1536,1081,155,42,1,1,1,1
479,0,2273,1079,146,33,1,1,1,1
479,0,1869,1074,159,39,1,1,1,1
479,0,1527,1081,156,42,1,1,1,1
480,0,2277,1079,146,33,1,1,1,1
480,0,1865,1074,160,39,1,1,1,1
480,0,1518,1081,157,42,1,1,1,1
481,0,2281,1079,145,33,1,1,1,1
481,0,1860,1074,160,39,1,1,1,1
481,0,1510,1081,158,42,1,1,1,1
482,0,2285,1079,142,33,1,1,1,1
482,0,1856,1074,161,39,1,1,1,1
482,0,1501,1081,159,42,1,1,1,1
483,0,2289,1079,142,33,1,1,1,1
483,0,1852,1074,161,39,1,1,1,1
483,0,1492,1081,160,42,1,1,1,1
484,0,2292,1079,141,33,1,1,1,1
484,0,1848,1074,162,39,1,1,1,1
484,0,1483,1081,161,42,1,1,1,1
485,0,2296,1079,141,33,1,1,1,1
485,0,1844,1074,162,39,1,1,1,1
485,0,1475,1081,162,42,1,1,1,1
486,0,2299,1079,140,33,1,1,1,1
486,0,1839,1075,163,40,1,1,1,1
486,0,1466,1081,163,42,1,1,1,1
487,0,2303,1079,140,33,1,1,1,1
487,0,1835,1075,163,40,1,1,1,1
487,0,1456,1081,164,42,1,1,1,1
488,0,2307,1079,140,33,1,1,1,1
488,0,1831,1075,164,40,1,1,1,1
488,0,1446,1081,165,42,1,1,1,1
489,0,2310,1079,140,33,1,1,1,1
489,0,1827,1075,164,40,1,1,1,1
489,0,1436,1081,166,42,1,1,1,1
490,0,2314,1079,140,33,1,1,1,1
490,0,1823,1075,165,40,1,1,1,1
490,0,1426,1081,167,42,1,1,1,1
491,0,2317,1078,139,33,1,1,1,1
491,0,1818,1075,165,40,1,1,1,1
491,0,1417,1081,168,43,1,1,1,1
492,0,2321,1078,139,33,1,1,1,1
492,0,1814,1075,166,40,1,1,1,1
492,0,1407,1081,169,43,1,1,1,1
493,0,2324,1078,139,33,1,1,1,1
493,0,1810,1075,166,40,1,1,1,1
493,0,1397,1081,170,43,1,1,1,1
494,0,2327,1078,139,33,1,1,1,1
494,0,1805,1075,166,40,1,1,1,1
494,0,1387,1081,171,43,1,1,1,1
495,0,2330,1078,139,33,1,1,1,1
495,0,1801,1075,167,40,1,1,1,1
495,0,1377,1082,172,43,1,1,1,1
496,0,2334,1077,138,34,1,1,1,1
496,0,1796,1075,167,40,1,1,1,1
496,0,1367,1082,173,43,1,1,1,1
497,0,2337,1077,138,34,1,1,1,1
497,0,1792,1075,168,40,1,1,1,1
497,0,1357,1082,174,43,1,1,1,1
498,0,2340,1077,138,34,1,1,1,1
498,0,1787,1075,168,40,1,1,1,1
498,0,1347,1082,175,43,1,1,1,1
499,0,2343,1077,138,34,1,1,1,1
499,0,1782,1076,169,40,1,1,1,1
499,0,1338,1082,176,44,1,1,1,1
500,0,2346,1077,138,34,1,1,1,1
500,0,1778,1076,169,40,1,1,1,1
500,0,1328,1082,177,44,1,1,1,1
501,0,2349,1077,137,34,1,1,1,1
501,0,1773,1076,170,40,1,1,1,1
501,0,1318,1082,178,44,1,1,1,1
502,0,2353,1077,137,34,1,1,1,1
502,0,1768,1076,170,40,1,1,1,1
502,0,1308,1082,179,44,1,1,1,1
503,0,2356,1076,137,34,1,1,1,1
503,0,1764,1076,171,40,1,1,1,1
503,0,1298,1082,180,44,1,1,1,1
504,0,2359,1076,137,34,1,1,1,1
504,0,1759,1076,171,41,1,1,1,1
504,0,1287,1082,181,44,1,1,1,1
505,0,2362,1076,137,34,1,1,1,1
505,0,1755,1076,172,41,1,1,1,1
505,0,1277,1082,182,44,1,1,1,1
506,0,2365,1076,136,34,1,1,1,1
506,0,1750,1076,172,41,1,1,1,1
506,0,1266,1082,183,45,1,1,1,1
507,0,2368,1076,136,34,1,1,1,1
507,0,1745,1076,173,41,1,1,1,1
507,0,1256,1082,184,45,1,1,1,1
508,0,2372,1076,136,34,1,1,1,1
508,0,1741,1076,173,41,1,1,1,1
508,0,1245,1082,185,45,1,1,1,1
509,0,2375,1076,136,34,1,1,1,1
509,0,1736,1077,174,41,1,1,1,1
509,0,1234,1082,186,45,1,1,1,1
510,0,2378,1076,136,34,1,1,1,1
510,0,1731,1077,174,41,1,1,1,1
510,0,1223,1082,186,45,1,1,1,1
511,0,2381,1076,136,34,1,1,1,1
511,0,1727,1077,175,41,1,1,1,1
511,0,1212,1082,187,45,1,1,1,1
512,0,2384,1075,135,33,1,1,1,1
512,0,1722,1077,175,41,1,1,1,1
512,0,1202,1082,187,46,1,1,1,1
513,0,2387,1075,135,33,1,1,1,1
513,0,1718,1077,176,41,1,1,1,1
513,0,1191,1082,188,46,1,1,1,1
514,0,2390,1075,135,33,1,1,1,1
514,0,1713,1077,176,41,1,1,1,1
514,0,1180,1082,188,46,1,1,1,1
515,0,2394,1075,135,33,1,1,1,1
515,0,1708,1077,177,41,1,1,1,1
515,0,1169,1083,189,46,1,1,1,1
516,0,2397,1075,135,33,1,1,1,1
516,0,1703,1077,177,41,1,1,1,1
516,0,1158,1083,190,46,1,1,1,1
517,0,2400,1075,134,33,1,1,1,1
517,0,1697,1077,178,41,1,1,1,1
517,0,1147,1083,190,46,1,1,1,1
518,0,2403,1075,134,33,1,1,1,1
518,0,1692,1077,179,41,1,1,1,1
518,0,1136,1083,191,46,1,1,1,1
519,0,2406,1075,134,33,1,1,1,1
519,0,1687,1077,180,41,1,1,1,1
519,0,1126,1083,191,47,1,1,1,1
520,0,2409,1074,134,33,1,1,1,1
520,0,1682,1077,180,41,1,1,1,1
520,0,1115,1083,192,47,1,1,1,1
521,0,2413,1074,134,33,1,1,1,1
521,0,1677,1077,181,41,1,1,1,1
521,0,1104,1083,192,47,1,1,1,1
522,0,2416,1074,133,33,1,1,1,1
522,0,1672,1077,182,41,1,1,1,1
522,0,1093,1083,193,47,1,1,1,1
523,0,2419,1074,133,33,1,1,1,1
523,0,1666,1078,182,41,1,1,1,1
523,0,1081,1083,195,47,1,1,1,1
524,0,2422,1074,133,33,1,1,1,1
524,0,1661,1078,183,41,1,1,1,1
524,0,1069,1083,197,47,1,1,1,1
525,0,2425,1074,131,33,1,1,1,1
525,0,1656,1078,184,41,1,1,1,1
525,0,1057,1083,199,47,1,1,1,1
526,0,2428,1074,129,34,1,1,1,1
526,0,1651,1078,184,41,1,1,1,1
526,0,1045,1083,201,47,1,1,1,1
527,0,2431,1074,127,34,1,1,1,1
527,0,1646,1078,185,41,1,1,1,1
527,0,1033,1083,202,47,1,1,1,1
528,0,2434,1074,125,34,1,1,1,1
528,0,1641,1078,186,41,1,1,1,1
528,0,1020,1083,204,47,1,1,1,1
529,0,2437,1074,122,34,1,1,1,1
529,0,1635,1078,187,41,1,1,1,1
529,0,1008,1083,205,47,1,1,1,1
530,0,2440,1074,119,34,1,1,1,1
530,0,1630,1078,187,41,1,1,1,1
530,0,995,1083,207,47,1,1,1,1
531,0,2443,1074,116,34,1,1,1,1
531,0,1625,1078,188,41,1,1,1,1
531,0,983,1083,208,48,1,1,1,1
532,0,2446,1074,113,34,1,1,1,1
532,0,1619,1078,189,41,1,1,1,1
532,0,970,1083,209,48,1,1,1,1
533,0,2449,1074,110,34,1,1,1,1
533,0,1614,1078,190,41,1,1,1,1
533,0,958,1083,211,48,1,1,1,1
534,0,2452,1073,107,34,1,1,1,1
534,0,1608,1078,191,41,1,1,1,1
534,0,945,1083,212,48,1,1,1,1
535,0,2455,1073,104,34,1,1,1,1
535,0,1602,1078,192,41,1,1,1,1
535,0,933,1083,214,48,1,1,1,1
536,0,2458,1073,101,34,1,1,1,1
536,0,1597,1078,193,41,1,1,1,1
536,0,920,1083,215,48,1,1,1,1
537,0,2461,1073,98,34,1,1,1,1
537,0,1591,1078,194,41,1,1,1,1
537,0,908,1083,216,48,1,1,1,1
538,0,2464,1073,95,34,1,1,1,1
538,0,1585,1079,194,41,1,1,1,1
538,0,895,1083,218,48,1,1,1,1
539,0,2468,1073,92,33,1,1,1,1
539,0,1580,1079,195,41,1,1,1,1
539,0,883,1083,219,48,1,1,1,1
540,0,2471,1073,89,33,1,1,1,1
540,0,1574,1079,196,41,1,1,1,1
540,0,870,1083,220,49,1,1,1,1
541,0,2474,1073,86,33,1,1,1,1
541,0,1568,1079,197,41,1,1,1,1
541,0,858,1083,222,49,1,1,1,1
542,0,2477,1073,83,33,1,1,1,1
542,0,1563,1079,198,41,1,1,1,1
542,0,845,1083,223,49,1,1,1,1
543,0,2480,1073,80,33,1,1,1,1
543,0,1557,1079,199,41,1,1,1,1
543,0,833,1083,225,49,1,1,1,1
544,0,2483,1072,77,33,1,1,1,1
544,0,1552,1079,200,41,1,1,1,1
544,0,820,1083,226,49,1,1,1,1
545,0,2486,1072,74,33,1,1,1,1
545,0,1546,1079,201,41,1,1,1,1
545,0,807,1083,226,49,1,1,1,1
546,0,2489,1072,71,33,1,1,1,1
546,0,1540,1079,202,41,1,1,1,1
546,0,795,1082,225,50,1,1,1,1
547,0,2492,1072,68,33,1,1,1,1
547,0,1535,1079,203,41,1,1,1,1
547,0,782,1082,225,50,1,1,1,1
548,0,2495,1072,65,33,1,1,1,1
548,0,1529,1079,204,41,1,1,1,1
548,0,768,1082,226,50,1,1,1,1
549,0,2498,1072,62,33,1,1,1,1
549,0,1523,1079,205,41,1,1,1,1
549,0,754,1082,227,50,1,1,1,1
550,0,2501,1072,59,33,1,1,1,1
550,0,1518,1079,206,41,1,1,1,1
550,0,741,1082,228,50,1,1,1,1
551,0,2504,1072,56,33,1,1,1,1
551,0,1512,1080,206,41,1,1,1,1
551,0,727,1081,229,51,1,1,1,1
552,0,2507,1071,53,34,1,1,1,1
552,0,1506,1080,207,41,1,1,1,1
552,0,713,1081,230,51,1,1,1,1
553,0,2510,1071,50,34,1,1,1,1
553,0,1501,1080,208,41,1,1,1,1
553,0,699,1081,231,51,1,1,1,1
554,0,2513,1071,47,34,1,1,1,1
554,0,1495,1080,209,41,1,1,1,1
554,0,686,1081,232,51,1,1,1,1
555,0,2515,1071,45,34,1,1,1,1
555,0,1489,1080,210,41,1,1,1,1
555,0,672,1081,232,51,1,1,1,1
556,0,2518,1071,42,34,1,1,1,1
556,0,1484,1080,211,41,1,1,1,1
556,0,658,1081,233,51,1,1,1,1
557,0,2521,1071,39,34,1,1,1,1
557,0,1478,1080,212,41,1,1,1,1
557,0,644,1081,234,51,1,1,1,1
558,0,2524,1070,36,35,1,1,1,1
558,0,1472,1080,213,41,1,1,1,1
558,0,630,1080,235,52,1,1,1,1
559,0,2527,1070,33,35,1,1,1,1
559,0,1466,1080,213,41,1,1,1,1
559,0,617,1080,236,52,1,1,1,1
560,0,2530,1070,30,35,1,1,1,1
560,0,1460,1080,214,41,1,1,1,1
560,0,603,1080,237,52,1,1,1,1
561,0,2532,1071,28,34,1,1,1,1
561,0,1454,1080,214,42,1,1,1,1
561,0,589,1080,238,52,1,1,1,1
561,0,2517,1073,43,20,1,1,1,1
562,0,2535,1072,25,32,1,1,1,1
562,0,1448,1080,215,42,1,1,1,1
562,0,575,1080,239,52,1,1,1,1
562,0,2515,1073,45,20,1,1,1,1
563,0,2537,1074,23,31,1,1,1,1
563,0,1441,1080,215,42,1,1,1,1
563,0,560,1080,241,52,1,1,1,1
563,0,2512,1073,48,20,1,1,1,1
564,0,2539,1075,21,29,1,1,1,1
564,0,1435,1080,216,42,1,1,1,1
564,0,546,1080,242,52,1,1,1,1
564,0,2510,1073,50,20,1,1,1,1
565,0,2542,1076,18,28,1,1,1,1
565,0,1429,1080,216,42,1,1,1,1
565,0,532,1079,243,53,1,1,1,1
565,0,2508,1073,52,20,1,1,1,1
566,0,2544,1077,16,26,1,1,1,1
566,0,1423,1080,217,42,1,1,1,1
566,0,518,1079,244,53,1,1,1,1
566,0,2505,1073,55,20,1,1,1,1
567,0,1417,1080,217,43,1,1,1,1
567,0,503,1079,246,53,1,1,1,1
567,0,2503,1073,57,20,1,1,1,1
568,0,1411,1079,218,43,1,1,1,1
568,0,489,1079,247,53,1,1,1,1
568,0,2501,1074,60,21,1,1,1,1
569,0,1405,1079,218,43,1,1,1,1
569,0,473,1079,248,53,1,1,1,1
569,0,2498,1074,62,21,1,1,1,1
570,0,1399,1079,219,43,1,1,1,1
570,0,458,1079,249,53,1,1,1,1
570,0,2496,1074,64,21,1,1,1,1
571,0,1393,1079,219,43,1,1,1,1
571,0,442,1078,250,54,1,1,1,1
571,0,2493,1074,67,21,1,1,1,1
572,0,1387,1079,220,43,1,1,1,1
572,0,427,1078,251,54,1,1,1,1
572,0,2491,1074,69,21,1,1,1,1
573,0,1380,1079,220,43,1,1,1,1
573,0,411,1078,252,54,1,1,1,1
573,0,2489,1074,71,21,1,1,1,1
574,0,1374,1079,221,44,1,1,1,1
574,0,395,1078,253,54,1,1,1,1
574,0,2486,1074,74,21,1,1,1,1
575,0,1368,1079,221,44,1,1,1,1
575,0,380,1078,254,54,1,1,1,1
575,0,2484,1074,76,21,1,1,1,1
576,0,1362,1079,222,44,1,1,1,1
576,0,364,1077,255,55,1,1,1,1
576,0,2482,1068,80,28,1,1,1,1
577,0,1356,1079,222,44,1,1,1,1
577,0,349,1077,256,55,1,1,1,1
577,0,2479,1061,83,34,1,1,1,1
578,0,1349,1079,224,44,1,1,1,1
578,0,333,1077,257,55,1,1,1,1
578,0,2477,1061,85,34,1,1,1,1
579,0,1342,1079,225,44,1,1,1,1
579,0,317,1077,258,55,1,1,1,1
579,0,2474,1061,88,34,1,1,1,1
580,0,1335,1079,226,44,1,1,1,1
580,0,302,1077,259,55,1,1,1,1
580,0,2472,1061,90,34,1,1,1,1
581,0,1329,1079,227,44,1,1,1,1
581,0,286,1076,260,56,1,1,1,1
581,0,2469,1061,93,34,1,1,1,1
582,0,1322,1079,228,44,1,1,1,1
582,0,271,1076,261,56,1,1,1,1
582,0,2467,1061,95,34,1,1,1,1
583,0,1315,1079,229,44,1,1,1,1
583,0,255,1076,262,56,1,1,1,1
583,0,2464,1061,98,34,1,1,1,1
584,0,1309,1079,230,45,1,1,1,1
584,0,239,1076,263,56,1,1,1,1
584,0,2462,1061,100,34,1,1,1,1
585,0,1302,1079,231,45,1,1,1,1
585,0,224,1076,264,56,1,1,1,1
585,0,2460,1061,102,34,1,1,1,1
586,0,1295,1079,232,45,1,1,1,1
586,0,208,1075,265,57,1,1,1,1
586,0,2457,1061,103,34,1,1,1,1
587,0,1289,1079,233,45,1,1,1,1
587,0,193,1075,266,57,1,1,1,1
587,0,2455,1061,105,34,1,1,1,1
588,0,1282,1079,235,45,1,1,1,1
588,0,177,1075,267,57,1,1,1,1
588,0,2453,1061,107,35,1,1,1,1
589,0,1276,1079,236,45,1,1,1,1
589,0,160,1075,271,57,1,1,1,1
589,0,2450,1060,108,35,1,1,1,1
590,0,1269,1079,237,45,1,1,1,1
590,0,142,1074,274,58,1,1,1,1
590,0,2448,1060,110,35,1,1,1,1
591,0,1262,1079,238,45,1,1,1,1
591,0,125,1074,278,58,1,1,1,1
591,0,2445,1060,111,35,1,1,1,1
592,0,1256,1079,239,46,1,1,1,1
592,0,108,1074,279,58,1,1,1,1
592,0,2443,1060,113,35,1,1,1,1
593,0,1249,1079,240,46,1,1,1,1
593,0,92,1074,279,58,1,1,1,1
593,0,2440,1060,113,35,1,1,1,1
594,0,1242,1079,241,46,1,1,1,1
594,0,75,1074,280,58,1,1,1,1
594,0,2438,1060,114,35,1,1,1,1
595,0,1236,1079,242,46,1,1,1,1
595,0,58,1073,280,57,1,1,1,1
595,0,2435,1060,114,35,1,1,1,1
596,0,1229,1079,243,46,1,1,1,1
596,0,41,1073,281,57,1,1,1,1
596,0,2433,1060,114,35,1,1,1,1
597,0,1222,1079,244,46,1,1,1,1
597,0,25,1073,281,57,1,1,1,1
597,0,2430,1060,114,35,1,1,1,1
598,0,1215,1079,245,46,1,1,1,1
598,0,8,1073,282,57,1,1,1,1
598,0,2428,1060,115,35,1,1,1,1
599,0,1208,1079,245,46,1,1,1,1
599,0,0,1073,274,57,1,1,1,1
599,0,2425,1061,115,35,1,1,1,1
600,0,1201,1079,246,46,1,1,1,1
600,0,0,1073,258,57,1,1,1,1
600,0,2422,1061,115,35,1,1,1,1
601,0,1193,1079,247,47,1,1,1,1
601,0,0,1073,242,57,1,1,1,1
601,0,2420,1061,115,35,1,1,1,1
602,0,1186,1079,248,47,1,1,1,1
602,0,0,1072,225,57,1,1,1,1
602,0,2417,1061,116,35,1,1,1,1
603,0,1179,1079,248,47,1,1,1,1
603,0,0,1072,209,57,1,1,1,1
603,0,2415,1061,116,35,1,1,1,1
604,0,1172,1079,249,47,1,1,1,1
604,0,0,1072,192,57,1,1,1,1
604,0,2412,1061,116,35,1,1,1,1
605,0,1165,1079,250,47,1,1,1,1
605,0,0,1072,176,57,1,1,1,1
605,0,2410,1061,116,35,1,1,1,1
606,0,1158,1079,251,47,1,1,1,1
606,0,0,1071,159,56,1,1,1,1
606,0,2407,1061,117,35,1,1,1,1
607,0,1150,1079,251,47,1,1,1,1
607,0,0,1071,142,56,1,1,1,1
607,0,2405,1061,117,35,1,1,1,1
608,0,1143,1079,252,47,1,1,1,1
608,0,0,1071,125,56,1,1,1,1
608,0,2402,1061,117,35,1,1,1,1
609,0,1136,1080,253,47,1,1,1,1
609,0,0,1071,109,56,1,1,1,1
609,0,2399,1061,117,35,1,1,1,1
610,0,1128,1080,254,47,1,1,1,1
610,0,0,1070,92,55,1,1,1,1
610,0,2397,1061,118,35,1,1,1,1
611,0,1121,1080,254,47,1,1,1,1
611,0,0,1070,75,55,1,1,1,1
611,0,2394,1061,118,35,1,1,1,1
612,0,1114,1080,255,47,1,1,1,1
612,0,0,1071,58,55,1,1,1,1
612,0,2392,1062,118,35,1,1,1,1
613,0,1106,1080,256,46,1,1,1,1
613,0,0,1073,40,54,1,1,1,1
613,0,2389,1062,119,35,1,1,1,1
614,0,1099,1080,256,46,1,1,1,1
614,0,0,1074,23,54,1,1,1,1
614,0,2387,1062,119,35,1,1,1,1
615,0,1091,1080,257,46,1,1,1,1
615,0,2384,1062,119,35,1,1,1,1
616,0,1084,1081,258,46,1,1,1,1
616,0,2381,1062,119,35,1,1,1,1
617,0,1077,1081,259,46,1,1,1,1
617,0,2379,1062,120,35,1,1,1,1
618,0,1069,1081,259,46,1,1,1,1
618,0,2376,1062,120,35,1,1,1,1
619,0,1062,1081,260,46,1,1,1,1
619,0,2374,1062,120,35,1,1,1,1
620,0,1054,1081,261,46,1,1,1,1
620,0,2371,1062,120,35,1,1,1,1
621,0,1046,1081,263,46,1,1,1,1
621,0,2369,1062,121,35,1,1,1,1
622,0,1038,1082,264,46,1,1,1,1
622,0,2366,1062,121,35,1,1,1,1
623,0,1030,1082,266,46,1,1,1,1
623,0,2363,1062,121,35,1,1,1,1
624,0,1022,1082,267,46,1,1,1,1
624,0,2361,1062,121,35,1,1,1,1
625,0,1014,1082,269,46,1,1,1,1
625,0,2358,1062,122,35,1,1,1,1
626,0,1006,1083,270,46,1,1,1,1
626,0,2356,1063,122,35,1,1,1,1
627,0,998,1083,272,46,1,1,1,1
627,0,2353,1063,122,35,1,1,1,1
628,0,990,1083,273,46,1,1,1,1
628,0,2351,1063,123,35,1,1,1,1
629,0,982,1083,274,46,1,1,1,1
629,0,2348,1063,123,35,1,1,1,1
630,0,975,1083,274,46,1,1,1,1
630,0,2345,1063,123,35,1,1,1,1
631,0,967,1083,275,46,1,1,1,1
631,0,2343,1063,123,35,1,1,1,1
632,0,959,1083,275,46,1,1,1,1
632,0,2340,1063,124,35,1,1,1,1
633,0,951,1083,276,46,1,1,1,1
633,0,2338,1063,124,35,1,1,1,1
634,0,942,1083,277,46,1,1,1,1
634,0,2335,1063,124,35,1,1,1,1
635,0,934,1083,278,46,1,1,1,1
635,0,2333,1063,124,35,1,1,1,1
636,0,926,1083,280,47,1,1,1,1
636,0,2330,1063,125,35,1,1,1,1
637,0,917,1083,281,47,1,1,1,1
637,0,2328,1063,125,35,1,1,1,1
638,0,909,1083,282,47,1,1,1,1
638,0,2325,1063,125,35,1,1,1,1
639,0,900,1083,283,47,1,1,1,1
639,0,2322,1064,125,35,1,1,1,1
640,0,892,1083,284,47,1,1,1,1
640,0,2320,1064,126,35,1,1,1,1
641,0,884,1082,285,47,1,1,1,1
641,0,2317,1064,126,35,1,1,1,1
642,0,875,1082,286,47,1,1,1,1
642,0,2315,1064,126,35,1,1,1,1
643,0,867,1082,287,47,1,1,1,1
643,0,2312,1064,126,35,1,1,1,1
644,0,859,1082,289,48,1,1,1,1
644,0,2310,1064,127,35,1,1,1,1
645,0,850,1082,290,48,1,1,1,1
645,0,2307,1064,127,35,1,1,1,1
646,0,842,1082,291,48,1,1,1,1
646,0,2304,1064,127,35,1,1,1,1
647,0,833,1082,292,48,1,1,1,1
647,0,2301,1064,128,35,1,1,1,1
648,0,825,1082,293,48,1,1,1,1
648,0,2298,1064,128,35,1,1,1,1
649,0,818,1082,292,48,1,1,1,1
649,0,2295,1064,128,35,1,1,1,1
650,0,809,1082,293,48,1,1,1,1
650,0,2291,1064,129,35,1,1,1,1
651,0,800,1082,294,48,1,1,1,1
651,0,2288,1064,129,35,1,1,1,1
652,0,792,1082,295,48,1,1,1,1
652,0,2285,1064,129,35,1,1,1,1
653,0,783,1082,296,48,1,1,1,1
653,0,2282,1065,129,35,1,1,1,1
654,0,774,1082,297,49,1,1,1,1
654,0,2279,1065,130,35,1,1,1,1
655,0,765,1082,298,49,1,1,1,1
655,0,2276,1065,130,35,1,1,1,1
656,0,756,1082,299,49,1,1,1,1
656,0,2273,1065,130,35,1,1,1,1
657,0,748,1082,300,49,1,1,1,1
657,0,2270,1065,131,36,1,1,1,1
658,0,739,1082,301,49,1,1,1,1
658,0,2267,1065,131,36,1,1,1,1
659,0,730,1082,302,49,1,1,1,1
659,0,2263,1065,131,36,1,1,1,1
660,0,721,1082,304,49,1,1,1,1
660,0,2260,1065,132,36,1,1,1,1
661,0,712,1082,305,49,1,1,1,1
661,0,2257,1065,132,36,1,1,1,1
662,0,703,1082,307,49,1,1,1,1
662,0,2254,1065,132,36,1,1,1,1
663,0,694,1082,308,49,1,1,1,1
663,0,2251,1065,132,36,1,1,1,1
664,0,685,1082,310,49,1,1,1,1
664,0,2248,1065,133,36,1,1,1,1
665,0,675,1082,311,49,1,1,1,1
665,0,2245,1065,133,36,1,1,1,1
666,0,666,1082,312,49,1,1,1,1
666,0,2242,1065,133,36,1,1,1,1
667,0,656,1082,314,49,1,1,1,1
667,0,2239,1065,134,36,1,1,1,1
668,0,647,1082,315,49,1,1,1,1
668,0,2236,1066,134,36,1,1,1,1
669,0,637,1081,316,49,1,1,1,1
669,0,2232,1066,134,36,1,1,1,1
670,0,628,1081,317,49,1,1,1,1
670,0,2229,1066,135,36,1,1,1,1
671,0,618,1081,318,49,1,1,1,1
671,0,2226,1066,135,36,1,1,1,1
672,0,609,1081,319,49,1,1,1,1
672,0,2223,1066,135,36,1,1,1,1
673,0,599,1081,321,50,1,1,1,1
673,0,2220,1066,136,36,1,1,1,1
674,0,589,1081,322,50,1,1,1,1
674,0,2217,1066,136,36,1,1,1,1
675,0,580,1081,323,50,1,1,1,1
675,0,2214,1066,136,36,1,1,1,1
676,0,570,1081,324,50,1,1,1,1
676,0,2211,1066,136,36,1,1,1,1
677,0,561,1081,325,50,1,1,1,1
677,0,2208,1066,137,36,1,1,1,1
678,0,551,1080,326,50,1,1,1,1
678,0,2204,1066,137,36,1,1,1,1
679,0,542,1080,328,50,1,1,1,1
679,0,2201,1066,137,36,1,1,1,1
680,0,532,1080,329,50,1,1,1,1
680,0,2198,1066,138,37,1,1,1,1
681,0,523,1080,330,50,1,1,1,1
681,0,2195,1066,138,37,1,1,1,1
682,0,513,1080,331,50,1,1,1,1
682,0,2192,1066,138,37,1,1,1,1
683,0,503,1080,332,50,1,1,1,1
683,0,2189,1066,139,37,1,1,1,1
684,0,493,1080,333,50,1,1,1,1
684,0,2186,1067,139,37,1,1,1,1
685,0,483,1080,333,50,1,1,1,1
685,0,2183,1067,139,37,1,1,1,1
686,0,473,1080,334,50,1,1,1,1
686,0,2180,1067,139,37,1,1,1,1
687,0,463,1080,335,50,1,1,1,1
687,0,2176,1067,140,37,1,1,1,1
688,0,453,1080,335,50,1,1,1,1
688,0,2173,1067,140,37,1,1,1,1
689,0,443,1080,334,50,1,1,1,1
689,0,2170,1067,140,37,1,1,1,1
690,0,433,1079,334,50,1,1,1,1
690,0,2167,1067,141,37,1,1,1,1
691,0,423,1079,333,50,1,1,1,1
691,0,2164,1067,141,37,1,1,1,1
692,0,413,1079,333,50,1,1,1,1
692,0,2161,1067,141,37,1,1,1,1
693,0,403,1079,334,50,1,1,1,1
693,0,2157,1067,141,37,1,1,1,1
694,0,393,1079,336,50,1,1,1,1
694,0,2154,1067,142,37,1,1,1,1
695,0,382,1079,337,50,1,1,1,1
695,0,2151,1067,142,37,1,1,1,1
696,0,372,1079,338,50,1,1,1,1
696,0,2147,1067,142,37,1,1,1,1
697,0,362,1079,339,50,1,1,1,1
697,0,2144,1068,142,37,1,1,1,1
698,0,352,1078,341,51,1,1,1,1
698,0,2141,1068,143,37,1,1,1,1
699,0,342,1078,342,51,1,1,1,1
699,0,2137,1068,143,37,1,1,1,1
700,0,332,1078,343,51,1,1,1,1
700,0,2134,1068,143,37,1,1,1,1
701,0,321,1078,344,51,1,1,1,1
701,0,2131,1068,143,37,1,1,1,1
702,0,311,1078,346,51,1,1,1,1
702,0,2127,1068,144,37,1,1,1,1
703,0,301,1078,347,51,1,1,1,1
703,0,2124,1068,144,37,1,1,1,1
704,0,290,1078,349,51,1,1,1,1
704,0,2121,1068,144,37,1,1,1,1
705,0,280,1078,350,51,1,1,1,1
705,0,2117,1068,144,37,1,1,1,1
706,0,269,1078,352,51,1,1,1,1
706,0,2114,1068,144,37,1,1,1,1
707,0,258,1077,354,51,1,1,1,1
707,0,2111,1068,145,37,1,1,1,1
708,0,247,1077,356,51,1,1,1,1
708,0,2107,1068,145,37,1,1,1,1
709,0,237,1077,357,51,1,1,1,1
709,0,2104,1069,145,38,1,1,1,1
710,0,226,1077,359,51,1,1,1,1
710,0,2100,1069,145,38,1,1,1,1
711,0,215,1077,360,51,1,1,1,1
711,0,2097,1069,146,38,1,1,1,1
712,0,204,1076,360,52,1,1,1,1
712,0,2094,1069,146,38,1,1,1,1
713,0,194,1076,361,52,1,1,1,1
713,0,2090,1069,146,38,1,1,1,1
714,0,183,1076,362,52,1,1,1,1
714,0,2087,1069,146,38,1,1,1,1
715,0,172,1076,363,53,1,1,1,1
715,0,2084,1069,146,38,1,1,1,1
716,0,161,1075,363,53,1,1,1,1
716,0,2080,1069,147,38,1,1,1,1
717,0,151,1075,364,53,1,1,1,1
717,0,2077,1069,147,38,1,1,1,1
718,0,140,1075,365,54,1,1,1,1
718,0,2074,1069,147,38,1,1,1,1
719,0,129,1074,365,54,1,1,1,1
719,0,2070,1069,147,38,1,1,1,1
720,0,118,1074,366,54,1,1,1,1
720,0,2067,1069,148,38,1,1,1,1
721,0,108,1074,367,55,1,1,1,1
721,0,2064,1070,148,38,1,1,1,1
722,0,97,1074,368,55,1,1,1,1
722,0,2060,1070,148,38,1,1,1,1
723,0,86,1073,368,55,1,1,1,1
723,0,2057,1070,148,38,1,1,1,1
724,0,75,1073,369,56,1,1,1,1
724,0,2054,1070,149,38,1,1,1,1
725,0,65,1073,370,56,1,1,1,1
725,0,2050,1070,149,38,1,1,1,1
726,0,54,1072,370,56,1,1,1,1
726,0,2047,1070,149,38,1,1,1,1
727,0,43,1072,371,57,1,1,1,1
727,0,2043,1070,150,38,1,1,1,1
728,0,32,1072,372,57,1,1,1,1
728,0,2039,1070,151,39,1,1,1,1
729,0,22,1072,373,57,1,1,1,1
729,0,2035,1070,152,39,1,1,1,1
730,0,11,1071,373,58,1,1,1,1
730,0,2031,1070,152,39,1,1,1,1
731,0,0,1071,374,58,1,1,1,1
731,0,2027,1069,153,39,1,1,1,1
732,0,0,1071,363,58,1,1,1,1
732,0,2023,1069,154,40,1,1,1,1
733,0,0,1070,352,58,1,1,1,1
733,0,2019,1069,155,40,1,1,1,1
734,0,0,1070,341,58,1,1,1,1
734,0,2015,1069,156,40,1,1,1,1
735,0,0,1070,331,59,1,1,1,1
735,0,2011,1069,157,41,1,1,1,1
736,0,0,1070,320,59,1,1,1,1
736,0,2007,1069,157,41,1,1,1,1
737,0,0,1069,309,59,1,1,1,1
737,0,2003,1069,158,41,1,1,1,1
738,0,0,1069,298,59,1,1,1,1
738,0,1999,1069,159,41,1,1,1,1
739,0,0,1069,287,59,1,1,1,1
739,0,1995,1069,160,42,1,1,1,1
740,0,0,1069,276,59,1,1,1,1
740,0,1991,1068,161,42,1,1,1,1
741,0,0,1068,266,60,1,1,1,1
741,0,1987,1068,162,42,1,1,1,1
742,0,0,1068,255,60,1,1,1,1
742,0,1983,1068,162,42,1,1,1,1
743,0,0,1068,244,60,1,1,1,1
743,0,1979,1068,163,43,1,1,1,1
744,0,0,1068,233,60,1,1,1,1
744,0,1975,1068,164,43,1,1,1,1
745,0,0,1067,222,60,1,1,1,1
745,0,1971,1068,165,43,1,1,1,1
746,0,0,1067,211,60,1,1,1,1
746,0,1966,1068,166,43,1,1,1,1
747,0,0,1067,201,61,1,1,1,1
747,0,1962,1069,166,43,1,1,1,1
748,0,0,1067,190,61,1,1,1,1
748,0,1957,1069,167,43,1,1,1,1
749,0,0,1066,179,61,1,1,1,1
749,0,1953,1069,168,43,1,1,1,1
750,0,0,1066,168,61,1,1,1,1
750,0,1948,1069,169,43,1,1,1,1
751,0,0,1066,157,61,1,1,1,1
751,0,1944,1069,170,43,1,1,1,1
752,0,0,1066,146,60,1,1,1,1
752,0,1939,1069,170,42,1,1,1,1
753,0,0,1067,135,60,1,1,1,1
753,0,1935,1070,171,42,1,1,1,1
754,0,0,1067,124,59,1,1,1,1
754,0,1931,1070,172,42,1,1,1,1
755,0,0,1067,114,59,1,1,1,1
755,0,1926,1070,173,42,1,1,1,1
756,0,0,1067,103,58,1,1,1,1
756,0,1922,1070,173,42,1,1,1,1
757,0,0,1067,92,58,1,1,1,1
757,0,1917,1070,174,42,1,1,1,1
758,0,0,1068,81,57,1,1,1,1
758,0,1913,1071,175,42,1,1,1,1
759,0,0,1068,70,57,1,1,1,1
759,0,1908,1071,176,42,1,1,1,1
760,0,0,1068,59,56,1,1,1,1
760,0,1904,1071,177,42,1,1,1,1
761,0,0,1072,47,51,1,1,1,1
761,0,1899,1071,177,42,1,1,1,1
762,0,0,1075,35,47,1,1,1,1
762,0,1895,1071,178,42,1,1,1,1
763,0,0,1079,23,42,1,1,1,1
763,0,1891,1072,179,42,1,1,1,1
764,0,1886,1072,180,42,1,1,1,1
765,0,1882,1072,181,42,1,1,1,1
766,0,1877,1072,181,41,1,1,1,1
767,0,1873,1072,182,41,1,1,1,1
768,0,1868,1072,183,41,1,1,1,1
769,0,1864,1073,184,41,1,1,1,1
770,0,1860,1073,185,41,1,1,1,1
771,0,1855,1073,185,41,1,1,1,1
772,0,1851,1073,186,41,1,1,1,1
773,0,1846,1073,187,41,1,1,1,1
774,0,1842,1074,188,41,1,1,1,1
775,0,1837,1074,189,41,1,1,1,1
776,0,1833,1074,189,41,1,1,1,1
777,0,1828,1074,190,41,1,1,1,1
778,0,1824,1074,191,41,1,1,1,1
779,0,1820,1075,192,41,1,1,1,1
780,0,1815,1075,192,40,1,1,1,1
781,0,1811,1075,193,40,1,1,1,1
782,0,1806,1075,194,40,1,1,1,1
783,0,1802,1075,195,40,1,1,1,1
784,0,1797,1075,196,40,1,1,1,1
785,0,1793,1076,196,40,1,1,1,1
786,0,1788,1076,197,40,1,1,1,1
787,0,1784,1076,198,40,1,1,1,1
788,0,1779,1076,199,40,1,1,1,1
789,0,1774,1076,199,40,1,1,1,1
790,0,1770,1076,200,40,1,1,1,1
791,0,1765,1076,201,41,1,1,1,1
792,0,1760,1076,202,41,1,1,1,1
793,0,1755,1076,202,41,1,1,1,1
794,0,1750,1076,203,41,1,1,1,1
795,0,1746,1077,204,41,1,1,1,1
796,0,1741,1077,205,41,1,1,1,1
797,0,1736,1077,205,41,1,1,1,1
798,0,1731,1077,206,41,1,1,1,1
799,0,1726,1077,207,42,1,1,1,1
800,0,1722,1077,208,42,1,1,1,1
801,0,1717,1077,208,42,1,1,1,1
802,0,1712,1077,209,42,1,1,1,1
803,0,1706,1077,210,42,1,1,1,1
804,0,1701,1077,211,42,1,1,1,1
805,0,1695,1077,212,42,1,1,1,1
806,0,1690,1077,213,43,1,1,1,1
807,0,1684,1077,214,43,1,1,1,1
808,0,1678,1077,215,43,1,1,1,1
809,0,1673,1077,216,43,1,1,1,1
810,0,1667,1077,217,43,1,1,1,1
811,0,1662,1077,218,43,1,1,1,1
812,0,1656,1077,219,43,1,1,1,1
812,0,0,1124,21,23,1,1,1,1
813,0,1650,1077,220,43,1,1,1,1
813,0,0,1124,31,24,1,1,1,1
814,0,1645,1077,221,44,1,1,1,1
814,0,0,1123,41,24,1,1,1,1
815,0,1639,1077,222,44,1,1,1,1
815,0,0,1123,51,25,1,1,1,1
816,0,1634,1077,223,44,1,1,1,1
816,0,0,1122,60,25,1,1,1,1
817,0,1628,1077,224,44,1,1,1,1
817,0,0,1122,70,26,1,1,1,1
818,0,1623,1078,226,44,1,1,1,1
818,0,0,1122,80,26,1,1,1,1
819,0,1617,1078,227,44,1,1,1,1
819,0,0,1121,90,27,1,1,1,1
820,0,1611,1078,228,44,1,1,1,1
820,0,0,1121,100,28,1,1,1,1
821,0,1606,1078,229,44,1,1,1,1
821,0,0,1120,110,28,1,1,1,1
822,0,1600,1078,230,45,1,1,1,1
822,0,0,1120,120,29,1,1,1,1
823,0,1595,1078,231,45,1,1,1,1
823,0,0,1120,130,29,1,1,1,1
824,0,1589,1078,232,45,1,1,1,1
824,0,0,1119,139,30,1,1,1,1
825,0,1583,1078,233,45,1,1,1,1
825,0,0,1119,149,30,1,1,1,1
826,0,1578,1078,234,45,1,1,1,1
826,0,0,1119,159,31,1,1,1,1
827,0,1572,1078,235,45,1,1,1,1
827,0,0,1118,169,31,1,1,1,1
828,0,1567,1078,236,45,1,1,1,1
828,0,0,1118,179,32,1,1,1,1
829,0,1561,1078,237,45,1,1,1,1
829,0,0,1117,189,33,1,1,1,1
830,0,1555,1078,238,46,1,1,1,1
830,0,0,1117,199,33,1,1,1,1
831,0,1550,1078,239,46,1,1,1,1
831,0,0,1117,209,34,1,1,1,1
832,0,1544,1078,240,46,1,1,1,1
832,0,0,1116,218,34,1,1,1,1
833,0,1539,1078,241,46,1,1,1,1
833,0,0,1116,228,35,1,1,1,1
834,0,1533,1078,242,46,1,1,1,1
834,0,0,1115,238,35,1,1,1,1
835,0,1527,1078,243,46,1,1,1,1
835,0,0,1115,248,36,1,1,1,1
836,0,1521,1078,244,46,1,1,1,1
836,0,0,1115,257,36,1,1,1,1
837,0,1515,1078,245,46,1,1,1,1
837,0,1,1115,266,36,1,1,1,1
838,0,1509,1078,246,46,1,1,1,1
838,0,2,1115,275,36,1,1,1,1
839,0,1503,1078,247,46,1,1,1,1
839,0,12,1115,274,36,1,1,1,1
840,0,1497,1079,248,47,1,1,1,1
840,0,22,1115,273,36,1,1,1,1
841,0,1490,1079,249,47,1,1,1,1
841,0,32,1115,273,37,1,1,1,1
842,0,1484,1079,250,47,1,1,1,1
842,0,42,1115,272,37,1,1,1,1
843,0,1478,1079,251,47,1,1,1,1
843,0,52,1115,271,37,1,1,1,1
844,0,1472,1079,252,47,1,1,1,1
844,0,62,1115,270,37,1,1,1,1
845,0,1466,1079,253,47,1,1,1,1
845,0,72,1115,269,37,1,1,1,1
846,0,1460,1079,254,47,1,1,1,1
846,0,82,1115,269,37,1,1,1,1
847,0,1453,1079,255,47,1,1,1,1
847,0,92,1115,268,37,1,1,1,1
848,0,1446,1079,256,47,1,1,1,1
848,0,102,1115,267,37,1,1,1,1
849,0,1440,1079,257,47,1,1,1,1
849,0,111,1115,267,37,1,1,1,1
850,0,1433,1079,258,48,1,1,1,1
850,0,121,1115,266,37,1,1,1,1
851,0,1426,1079,260,48,1,1,1,1
851,0,131,1115,265,37,1,1,1,1
852,0,1419,1079,261,48,1,1,1,1
852,0,141,1115,265,37,1,1,1,1
853,0,1412,1079,262,48,1,1,1,1
853,0,151,1115,264,37,1,1,1,1
854,0,1405,1079,263,48,1,1,1,1
854,0,161,1115,263,37,1,1,1,1
855,0,1399,1078,264,48,1,1,1,1
855,0,170,1115,263,37,1,1,1,1
856,0,1392,1078,265,48,1,1,1,1
856,0,180,1115,262,37,1,1,1,1
857,0,1385,1078,266,49,1,1,1,1
857,0,189,1115,262,37,1,1,1,1
858,0,1378,1078,267,49,1,1,1,1
858,0,199,1115,261,37,1,1,1,1
859,0,1371,1078,269,49,1,1,1,1
859,0,208,1115,261,37,1,1,1,1
860,0,1364,1078,270,49,1,1,1,1
860,0,218,1116,260,37,1,1,1,1
861,0,1358,1078,271,49,1,1,1,1
861,0,227,1116,260,37,1,1,1,1
862,0,1351,1078,272,49,1,1,1,1
862,0,237,1116,259,37,1,1,1,1
863,0,1344,1078,273,50,1,1,1,1
863,0,246,1116,259,37,1,1,1,1
864,0,1337,1078,274,50,1,1,1,1
864,0,256,1116,258,37,1,1,1,1
865,0,1330,1078,275,50,1,1,1,1
865,0,265,1116,258,37,1,1,1,1
866,0,1324,1078,276,50,1,1,1,1
866,0,275,1116,257,37,1,1,1,1
867,0,1317,1078,277,50,1,1,1,1
867,0,285,1116,256,37,1,1,1,1
868,0,1310,1078,279,50,1,1,1,1
868,0,294,1116,256,37,1,1,1,1
869,0,1303,1078,280,50,1,1,1,1
869,0,304,1116,255,37,1,1,1,1
870,0,1296,1078,281,51,1,1,1,1
870,0,313,1116,255,37,1,1,1,1
871,0,1289,1078,282,51,1,1,1,1
871,0,323,1116,254,37,1,1,1,1
872,0,1283,1077,283,51,1,1,1,1
872,0,332,1117,254,36,1,1,1,1
873,0,1276,1077,284,51,1,1,1,1
873,0,342,1117,253,36,1,1,1,1
874,0,1269,1077,285,51,1,1,1,1
874,0,351,1117,253,36,1,1,1,1
874,0,2549,1059,11,33,1,1,1,1
875,0,1262,1077,286,51,1,1,1,1
875,0,361,1117,252,36,1,1,1,1
875,0,2547,1059,13,33,1,1,1,1
876,0,1255,1077,288,51,1,1,1,1
876,0,370,1117,252,36,1,1,1,1
876,0,2544,1059,16,33,1,1,1,1
877,0,1248,1077,289,52,1,1,1,1
877,0,380,1117,251,36,1,1,1,1
877,0,2542,1059,18,33,1,1,1,1
878,0,1242,1077,290,52,1,1,1,1
878,0,390,1117,250,36,1,1,1,1
878,0,2540,1060,20,33,1,1,1,1
879,0,1235,1077,291,52,1,1,1,1
879,0,399,1117,250,36,1,1,1,1
879,0,2537,1060,23,33,1,1,1,1
880,0,1228,1077,292,52,1,1,1,1
880,0,409,1117,249,36,1,1,1,1
880,0,2535,1060,25,33,1,1,1,1
881,0,1220,1077,293,52,1,1,1,1
881,0,418,1117,249,36,1,1,1,1
881,0,2533,1060,27,33,1,1,1,1
882,0,1212,1077,295,52,1,1,1,1
882,0,428,1117,248,36,1,1,1,1
882,0,2531,1060,29,33,1,1,1,1
883,0,1205,1077,296,52,1,1,1,1
883,0,437,1117,248,36,1,1,1,1
883,0,2528,1060,32,33,1,1,1,1
884,0,1197,1077,297,53,1,1,1,1
884,0,447,1118,247,36,1,1,1,1
884,0,2526,1060,34,33,1,1,1,1
885,0,1189,1077,299,53,1,1,1,1
885,0,456,1118,247,36,1,1,1,1
885,0,2524,1060,36,33,1,1,1,1
886,0,1181,1077,300,53,1,1,1,1
886,0,466,1118,246,36,1,1,1,1
886,0,2521,1061,39,32,1,1,1,1
887,0,1174,1077,302,53,1,1,1,1
887,0,475,1118,246,36,1,1,1,1
887,0,2519,1061,41,32,1,1,1,1
888,0,1166,1076,303,53,1,1,1,1
888,0,485,1118,245,36,1,1,1,1
888,0,2517,1061,43,32,1,1,1,1
889,0,1158,1076,304,53,1,1,1,1
889,0,494,1118,245,36,1,1,1,1
889,0,2514,1061,46,32,1,1,1,1
890,0,1150,1076,306,53,1,1,1,1
890,0,504,1118,244,36,1,1,1,1
890,0,2512,1061,48,32,1,1,1,1
891,0,1142,1076,307,54,1,1,1,1
891,0,513,1118,243,36,1,1,1,1
891,0,2510,1061,50,32,1,1,1,1
892,0,1135,1076,308,54,1,1,1,1
892,0,522,1118,242,36,1,1,1,1
892,0,2508,1061,52,32,1,1,1,1
893,0,1127,1076,310,54,1,1,1,1
893,0,530,1118,241,35,1,1,1,1
893,0,2505,1061,55,32,1,1,1,1
894,0,1119,1076,311,54,1,1,1,1
894,0,539,1118,240,35,1,1,1,1
894,0,2503,1062,57,32,1,1,1,1
895,0,1111,1076,312,54,1,1,1,1
895,0,548,1118,239,35,1,1,1,1
895,0,2501,1062,59,32,1,1,1,1
896,0,1103,1076,313,54,1,1,1,1
896,0,557,1119,238,35,1,1,1,1
896,0,2498,1062,62,32,1,1,1,1
897,0,1095,1076,314,54,1,1,1,1
897,0,566,1119,237,34,1,1,1,1
897,0,2496,1062,64,32,1,1,1,1
898,0,1087,1077,316,54,1,1,1,1
898,0,575,1119,236,34,1,1,1,1
898,0,2493,1062,66,32,1,1,1,1
899,0,1079,1077,317,54,1,1,1,1
899,0,583,1119,235,34,1,1,1,1
899,0,2491,1062,68,32,1,1,1,1
900,0,1071,1077,318,54,1,1,1,1
900,0,592,1119,234,34,1,1,1,1
900,0,2488,1062,70,32,1,1,1,1
901,0,1063,1077,319,54,1,1,1,1
901,0,601,1119,233,34,1,1,1,1
901,0,2486,1062,72,32,1,1,1,1
902,0,1055,1077,320,53,1,1,1,1
902,0,610,1119,232,33,1,1,1,1
902,0,2483,1062,73,32,1,1,1,1
903,0,1047,1077,321,53,1,1,1,1
903,0,619,1119,231,33,1,1,1,1
903,0,2480,1062,75,32,1,1,1,1
904,0,1039,1077,322,53,1,1,1,1
904,0,628,1119,230,33,1,1,1,1
904,0,2478,1062,77,32,1,1,1,1
905,0,1031,1077,323,53,1,1,1,1
905,0,636,1119,229,33,1,1,1,1
905,0,2475,1063,79,32,1,1,1,1
906,0,1023,1078,325,53,1,1,1,1
906,0,645,1119,228,33,1,1,1,1
906,0,2472,1063,81,31,1,1,1,1
907,0,1015,1078,326,53,1,1,1,1
907,0,654,1119,227,32,1,1,1,1
907,0,2470,1063,83,31,1,1,1,1
908,0,1007,1078,327,53,1,1,1,1
908,0,663,1120,226,32,1,1,1,1
908,0,2467,1063,85,31,1,1,1,1
909,0,999,1078,328,53,1,1,1,1
909,0,672,1120,225,32,1,1,1,1
909,0,2465,1063,87,31,1,1,1,1
910,0,990,1078,329,53,1,1,1,1
910,0,681,1120,224,32,1,1,1,1
910,0,2462,1063,88,31,1,1,1,1
911,0,982,1078,331,53,1,1,1,1
911,0,689,1120,223,31,1,1,1,1
911,0,2459,1063,90,31,1,1,1,1
912,0,973,1078,332,53,1,1,1,1
912,0,698,1120,222,31,1,1,1,1
912,0,2457,1063,92,31,1,1,1,1
913,0,965,1078,333,53,1,1,1,1
913,0,707,1120,221,31,1,1,1,1
913,0,2454,1063,94,31,1,1,1,1
914,0,956,1078,334,53,1,1,1,1
914,0,715,1120,220,31,1,1,1,1
914,0,2451,1063,95,31,1,1,1,1
915,0,947,1078,336,53,1,1,1,1
915,0,722,1120,220,31,1,1,1,1
915,0,2449,1063,95,31,1,1,1,1
916,0,939,1078,337,53,1,1,1,1
916,0,730,1120,219,30,1,1,1,1
916,0,2446,1063,96,31,1,1,1,1
917,0,930,1079,338,52,1,1,1,1
917,0,738,1120,219,30,1,1,1,1
917,0,2443,1063,96,31,1,1,1,1
918,0,922,1079,339,52,1,1,1,1
918,0,745,1120,218,30,1,1,1,1
918,0,2441,1064,97,31,1,1,1,1
919,0,913,1079,341,52,1,1,1,1
919,0,753,1121,217,30,1,1,1,1
919,0,2438,1064,97,31,1,1,1,1
920,0,904,1079,342,52,1,1,1,1
920,0,761,1121,217,30,1,1,1,1
920,0,2435,1064,98,31,1,1,1,1
921,0,896,1079,343,52,1,1,1,1
921,0,768,1121,216,29,1,1,1,1
921,0,2433,1064,98,31,1,1,1,1
922,0,887,1079,344,52,1,1,1,1
922,0,776,1121,215,29,1,1,1,1
922,0,2430,1064,99,31,1,1,1,1
923,0,879,1079,346,52,1,1,1,1
923,0,783,1121,215,29,1,1,1,1
923,0,2427,1064,99,31,1,1,1,1
924,0,870,1079,347,52,1,1,1,1
924,0,791,1121,214,29,1,1,1,1
924,0,2425,1064,99,31,1,1,1,1
925,0,861,1079,348,52,1,1,1,1
925,0,799,1121,214,29,1,1,1,1
925,0,2422,1064,99,31,1,1,1,1
926,0,851,1079,350,52,1,1,1,1
926,0,806,1121,213,28,1,1,1,1
926,0,2419,1064,99,31,1,1,1,1
927,0,842,1079,351,52,1,1,1,1
927,0,814,1121,212,28,1,1,1,1
927,0,2417,1064,100,31,1,1,1,1
928,0,833,1079,352,52,1,1,1,1
928,0,822,1121,212,28,1,1,1,1
928,0,2414,1065,100,31,1,1,1,1
929,0,823,1079,353,52,1,1,1,1
929,0,829,1122,211,28,1,1,1,1
929,0,2411,1065,100,31,1,1,1,1
930,0,814,1079,355,52,1,1,1,1
930,0,837,1122,211,28,1,1,1,1
930,0,2409,1065,100,31,1,1,1,1
931,0,805,1079,356,52,1,1,1,1
931,0,845,1122,210,28,1,1,1,1
931,0,2406,1065,100,31,1,1,1,1
932,0,795,1079,357,52,1,1,1,1
932,0,852,1122,209,27,1,1,1,1
932,0,2403,1065,100,31,1,1,1,1
933,0,786,1079,359,52,1,1,1,1
933,0,860,1122,209,27,1,1,1,1
933,0,2401,1065,100,31,1,1,1,1
934,0,777,1079,360,52,1,1,1,1
934,0,868,1122,208,27,1,1,1,1
934,0,2398,1065,100,31,1,1,1,1
935,0,767,1079,361,52,1,1,1,1
935,0,875,1122,208,27,1,1,1,1
935,0,2395,1065,100,31,1,1,1,1
936,0,758,1079,363,52,1,1,1,1
936,0,883,1122,207,27,1,1,1,1
936,0,2392,1065,100,31,1,1,1,1
937,0,749,1078,364,52,1,1,1,1
937,0,890,1122,206,26,1,1,1,1
937,0,2390,1065,101,31,1,1,1,1
938,0,739,1078,365,52,1,1,1,1
938,0,898,1122,206,26,1,1,1,1
938,0,2387,1065,101,31,1,1,1,1
939,0,730,1078,366,52,1,1,1,1
939,0,906,1123,205,26,1,1,1,1
939,0,2384,1065,101,31,1,1,1,1
940,0,721,1078,368,52,1,1,1,1
940,0,913,1123,204,26,1,1,1,1
940,0,2382,1066,101,31,1,1,1,1
941,0,711,1078,369,52,1,1,1,1
941,0,921,1123,204,26,1,1,1,1
941,0,2379,1066,101,31,1,1,1,1
942,0,702,1078,370,52,1,1,1,1
942,0,929,1123,203,25,1,1,1,1
942,0,2376,1066,101,31,1,1,1,1
943,0,693,1078,372,52,1,1,1,1
943,0,936,1123,203,25,1,1,1,1
943,0,2374,1066,101,31,1,1,1,1
944,0,683,1078,373,52,1,1,1,1
944,0,944,1123,202,25,1,1,1,1
944,0,2371,1066,101,31,1,1,1,1
945,0,674,1078,374,52,1,1,1,1
945,0,951,1123,201,25,1,1,1,1
945,0,2368,1066,101,31,1,1,1,1
946,0,665,1078,375,52,1,1,1,1
946,0,958,1123,201,25,1,1,1,1
946,0,2366,1066,102,32,1,1,1,1
947,0,655,1078,377,52,1,1,1,1
947,0,965,1123,200,25,1,1,1,1
947,0,2363,1066,102,32,1,1,1,1
948,0,646,1078,378,52,1,1,1,1
948,0,972,1122,199,26,1,1,1,1
948,0,2360,1066,102,32,1,1,1,1
949,0,636,1078,379,52,1,1,1,1
949,0,979,1122,199,26,1,1,1,1
949,0,2358,1066,102,32,1,1,1,1
950,0,626,1078,381,52,1,1,1,1
950,0,986,1122,198,26,1,1,1,1
950,0,2355,1066,102,32,1,1,1,1
951,0,616,1078,382,53,1,1,1,1
951,0,993,1122,197,26,1,1,1,1
951,0,2352,1066,102,32,1,1,1,1
952,0,606,1078,384,53,1,1,1,1
952,0,999,1122,197,26,1,1,1,1
952,0,2350,1067,102,32,1,1,1,1
953,0,597,1077,385,53,1,1,1,1
953,0,1006,1122,196,26,1,1,1,1
953,0,2347,1067,102,32,1,1,1,1
954,0,587,1077,387,53,1,1,1,1
954,0,1013,1121,195,26,1,1,1,1
954,0,2344,1067,102,32,1,1,1,1
955,0,577,1077,388,54,1,1,1,1
955,0,1020,1121,195,26,1,1,1,1
955,0,2342,1067,103,32,1,1,1,1
956,0,567,1077,390,54,1,1,1,1
956,0,1027,1121,194,27,1,1,1,1
956,0,2339,1067,103,32,1,1,1,1
957,0,557,1077,391,54,1,1,1,1
957,0,1034,1121,193,27,1,1,1,1
957,0,2336,1067,103,32,1,1,1,1
958,0,546,1077,393,54,1,1,1,1
958,0,1041,1121,193,27,1,1,1,1
958,0,2333,1067,103,32,1,1,1,1
959,0,536,1077,394,54,1,1,1,1
959,0,1048,1121,192,27,1,1,1,1
959,0,2331,1067,103,32,1,1,1,1
960,0,525,1077,396,55,1,1,1,1
960,0,1055,1120,191,27,1,1,1,1
960,0,2328,1067,103,32,1,1,1,1
961,0,515,1077,397,55,1,1,1,1
961,0,1062,1120,191,27,1,1,1,1
961,0,2325,1067,103,32,1,1,1,1
962,0,504,1077,399,55,1,1,1,1
962,0,1069,1120,190,27,1,1,1,1
962,0,2323,1067,103,32,1,1,1,1
963,0,494,1077,400,55,1,1,1,1
963,0,1076,1120,189,28,1,1,1,1
963,0,2320,1067,103,32,1,1,1,1
964,0,483,1076,402,55,1,1,1,1
964,0,1083,1120,189,28,1,1,1,1
964,0,2317,1068,103,32,1,1,1,1
965,0,472,1076,403,55,1,1,1,1
965,0,1090,1120,188,28,1,1,1,1
965,0,2315,1068,104,32,1,1,1,1
966,0,462,1076,405,56,1,1,1,1
966,0,1097,1119,187,28,1,1,1,1
966,0,2312,1068,104,32,1,1,1,1
967,0,451,1076,406,56,1,1,1,1
967,0,1103,1119,187,28,1,1,1,1
967,0,2309,1068,104,32,1,1,1,1
968,0,441,1076,408,56,1,1,1,1
968,0,1110,1119,186,28,1,1,1,1
968,0,2307,1068,104,32,1,1,1,1
969,0,430,1076,409,56,1,1,1,1
969,0,1117,1119,185,28,1,1,1,1
969,0,2304,1068,104,32,1,1,1,1
970,0,419,1076,410,56,1,1,1,1
970,0,1124,1119,185,28,1,1,1,1
970,0,2301,1068,104,32,1,1,1,1
971,0,408,1076,412,56,1,1,1,1
971,0,1131,1119,184,29,1,1,1,1
971,0,2298,1068,105,32,1,1,1,1
972,0,397,1076,413,56,1,1,1,1
972,0,1138,1118,183,29,1,1,1,1
972,0,2295,1068,105,32,1,1,1,1
973,0,386,1075,414,57,1,1,1,1
973,0,1145,1118,183,29,1,1,1,1
973,0,2292,1068,106,32,1,1,1,1
974,0,375,1075,415,57,1,1,1,1
974,0,1152,1118,182,29,1,1,1,1
974,0,2289,1068,106,32,1,1,1,1
975,0,365,1075,417,57,1,1,1,1
975,0,1158,1118,182,29,1,1,1,1
975,0,2286,1068,107,32,1,1,1,1
976,0,354,1075,418,57,1,1,1,1
976,0,1164,1118,181,29,1,1,1,1
976,0,2282,1069,107,32,1,1,1,1
977,0,343,1075,419,57,1,1,1,1
977,0,1170,1118,181,29,1,1,1,1
977,0,2279,1069,108,32,1,1,1,1
978,0,332,1075,421,57,1,1,1,1
978,0,1176,1118,180,29,1,1,1,1
978,0,2276,1069,108,32,1,1,1,1
979,0,321,1075,422,57,1,1,1,1
979,0,1182,1118,180,29,1,1,1,1
979,0,2273,1069,109,32,1,1,1,1
980,0,310,1074,423,58,1,1,1,1
980,0,1188,1118,180,29,1,1,1,1
980,0,2270,1069,109,32,1,1,1,1
981,0,299,1074,424,58,1,1,1,1
981,0,1194,1118,179,29,1,1,1,1
981,0,2267,1069,110,32,1,1,1,1
982,0,288,1074,426,58,1,1,1,1
982,0,1200,1117,179,29,1,1,1,1
982,0,2264,1069,110,32,1,1,1,1
983,0,277,1074,427,58,1,1,1,1
983,0,1206,1117,178,29,1,1,1,1
983,0,2260,1069,110,32,1,1,1,1
984,0,266,1074,428,58,1,1,1,1
984,0,1212,1117,178,29,1,1,1,1
984,0,2257,1069,111,32,1,1,1,1
985,0,256,1074,430,58,1,1,1,1
985,0,1218,1117,177,29,1,1,1,1
985,0,2253,1069,111,32,1,1,1,1
986,0,245,1074,431,58,1,1,1,1
986,0,1224,1117,177,29,1,1,1,1
986,0,2250,1069,112,32,1,1,1,1
987,0,234,1073,432,59,1,1,1,1
987,0,1230,1117,177,29,1,1,1,1
987,0,2246,1069,112,32,1,1,1,1
988,0,223,1073,433,59,1,1,1,1
988,0,1236,1117,176,29,1,1,1,1
988,0,2243,1069,113,32,1,1,1,1
989,0,212,1073,435,59,1,1,1,1
989,0,1241,1117,176,28,1,1,1,1
989,0,2239,1069,113,32,1,1,1,1
990,0,201,1073,436,59,1,1,1,1
990,0,1247,1117,175,28,1,1,1,1
990,0,2236,1070,113,33,1,1,1,1
991,0,189,1073,437,59,1,1,1,1
991,0,1253,1117,175,28,1,1,1,1
991,0,2232,1070,114,33,1,1,1,1
992,0,178,1073,439,59,1,1,1,1
992,0,1259,1117,175,28,1,1,1,1
992,0,2229,1070,114,33,1,1,1,1
993,0,166,1073,440,59,1,1,1,1
993,0,1265,1117,174,28,1,1,1,1
993,0,2225,1070,115,33,1,1,1,1
994,0,154,1073,441,59,1,1,1,1
994,0,1271,1117,174,28,1,1,1,1
994,0,2222,1070,115,33,1,1,1,1
995,0,143,1072,443,59,1,1,1,1
995,0,1277,1117,173,28,1,1,1,1
995,0,2218,1070,115,33,1,1,1,1
996,0,131,1072,444,59,1,1,1,1
996,0,1283,1116,173,28,1,1,1,1
996,0,2214,1070,116,33,1,1,1,1
997,0,119,1072,445,59,1,1,1,1
997,0,1289,1116,172,28,1,1,1,1
997,0,2211,1070,116,33,1,1,1,1
998,0,108,1072,447,59,1,1,1,1
998,0,1295,1116,172,28,1,1,1,1
998,0,2207,1070,117,33,1,1,1,1
999,0,96,1072,448,59,1,1,1,1
999,0,1301,1116,172,28,1,1,1,1
999,0,2204,1070,117,33,1,1,1,1
1000,0,85,1072,450,59,1,1,1,1
1000,0,1307,1116,171,28,1,1,1,1
1000,0,2200,1070,118,33,1,1,1,1
1001,0,73,1072,451,59,1,1,1,1
1001,0,1313,1116,171,28,1,1,1,1
1001,0,2197,1070,118,33,1,1,1,1
1002,0,61,1072,452,59,1,1,1,1
1002,0,1319,1116,170,28,1,1,1,1
1002,0,2193,1070,118,33,1,1,1,1
1003,0,50,1071,454,59,1,1,1,1
1003,0,1325,1116,170,28,1,1,1,1
1003,0,2190,1070,119,33,1,1,1,1
1004,0,38,1071,455,59,1,1,1,1
1004,0,1331,1116,170,28,1,1,1,1
1004,0,2186,1070,119,33,1,1,1,1
1005,0,26,1071,456,59,1,1,1,1
1005,0,1336,1116,169,28,1,1,1,1
1005,0,2183,1070,120,33,1,1,1,1
1006,0,15,1071,458,59,1,1,1,1
1006,0,1342,1116,169,28,1,1,1,1
1006,0,2179,1071,120,34,1,1,1,1
1007,0,3,1071,459,59,1,1,1,1
1007,0,1347,1116,168,28,1,1,1,1
1007,0,2175,1071,120,34,1,1,1,1
1008,0,3,1070,449,60,1,1,1,1
1008,0,1353,1116,168,28,1,1,1,1
1008,0,2172,1071,121,34,1,1,1,1
1009,0,2,1069,438,61,1,1,1,1
1009,0,1359,1116,167,28,1,1,1,1
1009,0,2168,1071,121,34,1,1,1,1
1010,0,2,1068,428,62,1,1,1,1
1010,0,1364,1115,167,28,1,1,1,1
1010,0,2165,1071,122,34,1,1,1,1
1011,0,2,1067,417,63,1,1,1,1
1011,0,1370,1115,166,28,1,1,1,1
1011,0,2161,1071,122,34,1,1,1,1
1012,0,2,1066,407,64,1,1,1,1
1012,0,1375,1115,166,28,1,1,1,1
1012,0,2158,1071,123,34,1,1,1,1
1013,0,1,1065,396,64,1,1,1,1
1013,0,1381,1115,165,28,1,1,1,1
1013,0,2154,1071,123,34,1,1,1,1
1014,0,1,1064,386,65,1,1,1,1
1014,0,1387,1115,165,28,1,1,1,1
1014,0,2151,1071,123,34,1,1,1,1
1015,0,1,1063,375,66,1,1,1,1
1015,0,1392,1115,164,28,1,1,1,1
1015,0,2147,1071,124,34,1,1,1,1
1016,0,1,1062,365,67,1,1,1,1
1016,0,1398,1115,164,27,1,1,1,1
1016,0,2144,1071,124,34,1,1,1,1
1017,0,0,1061,354,68,1,1,1,1
1017,0,1403,1115,163,27,1,1,1,1
1017,0,2140,1071,125,34,1,1,1,1
1018,0,0,1060,344,69,1,1,1,1
1018,0,1409,1115,163,27,1,1,1,1
1018,0,2137,1071,125,34,1,1,1,1
1019,0,0,1060,333,69,1,1,1,1
1019,0,1415,1115,162,27,1,1,1,1
1019,0,2133,1071,125,34,1,1,1,1
1020,0,0,1060,321,68,1,1,1,1
1020,0,1420,1115,162,27,1,1,1,1
1020,0,2129,1071,126,34,1,1,1,1
1021,0,0,1060,310,68,1,1,1,1
1021,0,1426,1115,161,27,1,1,1,1
1021,0,2126,1071,126,34,1,1,1,1
1022,0,0,1061,298,68,1,1,1,1
1022,0,1431,1114,161,27,1,1,1,1
1022,0,2122,1072,127,35,1,1,1,1
1023,0,0,1061,287,67,1,1,1,1
1023,0,1437,1114,160,27,1,1,1,1
1023,0,2119,1072,127,35,1,1,1,1
1024,0,0,1061,276,67,1,1,1,1
1024,0,1443,1114,160,27,1,1,1,1
1024,0,2115,1072,128,35,1,1,1,1
1025,0,0,1061,264,67,1,1,1,1
1025,0,1448,1114,159,27,1,1,1,1
1025,0,2112,1072,128,35,1,1,1,1
1026,0,0,1061,253,66,1,1,1,1
1026,0,1454,1114,159,27,1,1,1,1
1026,0,2108,1072,128,35,1,1,1,1
1027,0,0,1061,241,66,1,1,1,1
1027,0,1459,1114,158,27,1,1,1,1
1027,0,2105,1072,129,35,1,1,1,1
1028,0,0,1061,230,66,1,1,1,1
1028,0,1465,1114,158,27,1,1,1,1
1028,0,2101,1072,129,35,1,1,1,1
1029,0,0,1061,219,65,1,1,1,1
1029,0,1470,1114,157,27,1,1,1,1
1029,0,2098,1072,130,35,1,1,1,1
1030,0,0,1062,207,65,1,1,1,1
1030,0,1476,1114,157,27,1,1,1,1
1030,0,2094,1072,130,35,1,1,1,1
1031,0,0,1062,196,65,1,1,1,1
1031,0,1481,1114,156,27,1,1,1,1
1031,0,2090,1072,130,35,1,1,1,1
1032,0,0,1062,184,64,1,1,1,1
1032,0,1486,1114,156,27,1,1,1,1
1032,0,2086,1072,131,35,1,1,1,1
1033,0,0,1062,173,64,1,1,1,1
1033,0,1491,1114,155,27,1,1,1,1
1033,0,2082,1072,131,35,1,1,1,1
1034,0,0,1062,161,65,1,1,1,1
1034,0,1497,1113,155,26,1,1,1,1
1034,0,2078,1072,132,35,1,1,1,1
1035,0,0,1061,149,65,1,1,1,1
1035,0,1502,1113,154,26,1,1,1,1
1035,0,2074,1072,132,35,1,1,1,1
1036,0,0,1061,137,66,1,1,1,1
1036,0,1507,1113,153,26,1,1,1,1
1036,0,2070,1072,133,35,1,1,1,1
1037,0,0,1060,125,66,1,1,1,1
1037,0,1512,1113,153,26,1,1,1,1
1037,0,2066,1072,133,35,1,1,1,1
1038,0,0,1060,113,67,1,1,1,1
1038,0,1518,1113,152,26,1,1,1,1
1038,0,2062,1072,133,35,1,1,1,1
1039,0,0,1060,100,67,1,1,1,1
1039,0,1523,1113,152,26,1,1,1,1
1039,0,2058,1072,134,35,1,1,1,1
1040,0,0,1059,88,68,1,1,1,1
1040,0,1528,1113,151,26,1,1,1,1
1040,0,2054,1072,134,35,1,1,1,1
1041,0,0,1059,76,68,1,1,1,1
1041,0,1533,1113,151,26,1,1,1,1
1041,0,2050,1072,135,35,1,1,1,1
1042,0,0,1058,64,69,1,1,1,1
1042,0,1539,1113,150,26,1,1,1,1
1042,0,2046,1072,135,35,1,1,1,1
1043,0,0,1058,52,69,1,1,1,1
1043,0,1544,1113,150,26,1,1,1,1
1043,0,2042,1073,136,36,1,1,1,1
1044,0,0,1069,39,58,1,1,1,1
1044,0,1549,1112,149,25,1,1,1,1
1044,0,2038,1073,136,36,1,1,1,1
1045,0,0,1079,25,46,1,1,1,1
1045,0,1555,1112,148,25,1,1,1,1
1045,0,2034,1073,136,36,1,1,1,1
1046,0,0,1093,13,31,1,1,1,1
1046,0,1560,1112,148,25,1,1,1,1
1046,0,2030,1073,137,36,1,1,1,1
1047,0,1565,1112,147,25,1,1,1,1
1047,0,2026,1073,137,36,1,1,1,1
1048,0,1570,1112,147,25,1,1,1,1
1048,0,2022,1073,138,36,1,1,1,1
1049,0,1576,1112,146,25,1,1,1,1
1049,0,2018,1073,138,36,1,1,1,1
1050,0,1581,1112,146,25,1,1,1,1
1050,0,2014,1073,138,36,1,1,1,1
1051,0,1586,1112,145,25,1,1,1,1
1051,0,2010,1073,139,36,1,1,1,1
1052,0,1591,1112,144,25,1,1,1,1
1052,0,2006,1073,139,36,1,1,1,1
1053,0,1597,1112,144,25,1,1,1,1
1053,0,2002,1073,140,36,1,1,1,1
1054,0,1602,1111,143,24,1,1,1,1
1054,0,1998,1073,140,36,1,1,1,1
1055,0,1607,1111,143,24,1,1,1,1
1055,0,1994,1073,141,36,1,1,1,1
1056,0,1612,1111,142,24,1,1,1,1
1056,0,1990,1073,141,36,1,1,1,1
1057,0,1618,1111,142,24,1,1,1,1
1057,0,1985,1073,141,36,1,1,1,1
1058,0,1623,1111,141,24,1,1,1,1
1058,0,1980,1073,142,36,1,1,1,1
1059,0,1628,1111,141,24,1,1,1,1
1059,0,1976,1073,142,36,1,1,1,1
1060,0,1632,1111,140,24,1,1,1,1
1060,0,1971,1073,143,36,1,1,1,1
1061,0,1637,1111,140,24,1,1,1,1
1061,0,1966,1073,143,36,1,1,1,1
1062,0,1641,1111,139,24,1,1,1,1
1062,0,1961,1073,143,37,1,1,1,1
1063,0,1646,1111,139,24,1,1,1,1
1063,0,1956,1073,144,37,1,1,1,1
1064,0,1651,1111,138,24,1,1,1,1
1064,0,1952,1073,144,37,1,1,1,1
1065,0,1655,1111,138,24,1,1,1,1
1065,0,1947,1073,145,37,1,1,1,1
1066,0,1660,1111,137,24,1,1,1,1
1066,0,1942,1073,145,37,1,1,1,1
1067,0,1664,1110,137,23,1,1,1,1
1067,0,1937,1073,145,37,1,1,1,1
1068,0,1669,1110,136,23,1,1,1,1
1068,0,1932,1074,146,37,1,1,1,1
1069,0,1673,1110,136,23,1,1,1,1
1069,0,1928,1074,146,37,1,1,1,1
1070,0,1678,1110,135,23,1,1,1,1
1070,0,1923,1074,146,37,1,1,1,1
1071,0,1683,1110,135,23,1,1,1,1
1071,0,1918,1074,147,37,1,1,1,1
1072,0,1687,1110,134,23,1,1,1,1
1072,0,1913,1074,147,37,1,1,1,1
1073,0,1692,1110,134,23,1,1,1,1
1073,0,1908,1074,148,37,1,1,1,1
1074,0,1696,1110,133,23,1,1,1,1
1074,0,1904,1074,148,38,1,1,1,1
1075,0,1701,1110,133,23,1,1,1,1
1075,0,1899,1074,148,38,1,1,1,1
1076,0,1705,1110,133,23,1,1,1,1
1076,0,1894,1074,149,38,1,1,1,1
1077,0,1709,1110,133,23,1,1,1,1
1077,0,1889,1074,149,38,1,1,1,1
1078,0,1713,1110,133,23,1,1,1,1
1078,0,1884,1074,150,38,1,1,1,1
1079,0,1717,1110,133,23,1,1,1,1
1079,0,1880,1074,150,38,1,1,1,1
1080,0,1722,1109,133,23,1,1,1,1
1080,0,1875,1074,150,38,1,1,1,1
1081,0,1726,1109,133,23,1,1,1,1
1081,0,1870,1074,151,38,1,1,1,1
1082,0,1730,1109,133,23,1,1,1,1
1082,0,1865,1074,151,38,1,1,1,1
1083,0,1734,1109,133,23,1,1,1,1
1083,0,1860,1074,152,38,1,1,1,1
1084,0,1738,1109,133,23,1,1,1,1
1084,0,1855,1074,152,38,1,1,1,1
1085,0,1742,1109,133,23,1,1,1,1
1085,0,1851,1074,152,39,1,1,1,1
1086,0,1746,1109,133,23,1,1,1,1
1086,0,1846,1074,153,39,1,1,1,1
1087,0,1750,1109,133,23,1,1,1,1
1087,0,1841,1074,153,39,1,1,1,1
1088,0,1755,1108,133,23,1,1,1,1
1088,0,1836,1074,154,39,1,1,1,1
1089,0,1759,1108,133,23,1,1,1,1
1089,0,1831,1074,154,39,1,1,1,1
1090,0,1763,1108,133,23,1,1,1,1
1090,0,1827,1074,154,39,1,1,1,1
1091,0,1767,1108,133,23,1,1,1,1
1091,0,1822,1075,155,39,1,1,1,1
1092,0,1771,1108,133,23,1,1,1,1
1092,0,1817,1075,155,39,1,1,1,1
1093,0,1775,1108,133,23,1,1,1,1
1093,0,1812,1075,155,39,1,1,1,1
1094,0,1779,1108,133,23,1,1,1,1
1094,0,1807,1075,156,39,1,1,1,1
1095,0,1783,1108,133,23,1,1,1,1
1095,0,1803,1075,156,39,1,1,1,1
1096,0,1788,1107,133,23,1,1,1,1
1096,0,1798,1075,157,39,1,1,1,1
1097,0,1792,1107,133,23,1,1,1,1
1097,0,1793,1075,157,40,1,1,1,1
1098,0,1796,1107,133,23,1,1,1,1
1098,0,1788,1075,157,40,1,1,1,1
1099,0,1800,1107,133,23,1,1,1,1
1099,0,1783,1075,158,40,1,1,1,1
1100,0,1804,1107,133,23,1,1,1,1
1100,0,1779,1075,158,40,1,1,1,1
1100,0,0,1117,17,27,1,1,1,1
1101,0,1808,1107,133,23,1,1,1,1
1101,0,1774,1075,159,40,1,1,1,1
1101,0,0,1115,26,29,1,1,1,1
1102,0,1812,1107,133,23,1,1,1,1
1102,0,1769,1075,159,40,1,1,1,1
1102,0,0,1113,35,31,1,1,1,1
1103,0,1816,1107,133,23,1,1,1,1
1103,0,1764,1075,160,40,1,1,1,1
1103,0,0,1110,45,34,1,1,1,1
1104,0,1821,1106,133,23,1,1,1,1
1104,0,1758,1075,161,40,1,1,1,1
1104,0,0,1108,54,36,1,1,1,1
1105,0,1825,1106,133,23,1,1,1,1
1105,0,1753,1075,162,40,1,1,1,1
1105,0,0,1106,63,38,1,1,1,1
1106,0,1829,1106,133,23,1,1,1,1
1106,0,1747,1075,163,41,1,1,1,1
1106,0,0,1106,72,38,1,1,1,1
1107,0,1833,1106,133,23,1,1,1,1
1107,0,1742,1075,164,41,1,1,1,1
1107,0,0,1106,80,38,1,1,1,1
1108,0,1837,1106,133,23,1,1,1,1
1108,0,1736,1075,165,41,1,1,1,1
1108,0,0,1106,89,38,1,1,1,1
1109,0,1841,1106,133,23,1,1,1,1
1109,0,1731,1075,166,41,1,1,1,1
1109,0,0,1106,97,38,1,1,1,1
1110,0,1845,1106,133,23,1,1,1,1
1110,0,1726,1075,167,41,1,1,1,1
1110,0,0,1106,106,38,1,1,1,1
1111,0,1849,1106,133,23,1,1,1,1
1111,0,1720,1075,167,41,1,1,1,1
1111,0,0,1106,114,38,1,1,1,1
1112,0,1854,1105,133,23,1,1,1,1
1112,0,1715,1075,168,41,1,1,1,1
1112,0,0,1106,123,39,1,1,1,1
1113,0,1858,1105,133,23,1,1,1,1
1113,0,1709,1075,168,42,1,1,1,1
1113,0,0,1106,131,39,1,1,1,1
1114,0,1862,1105,133,23,1,1,1,1
1114,0,1704,1075,169,42,1,1,1,1
1114,0,0,1106,140,39,1,1,1,1
1115,0,1866,1105,133,23,1,1,1,1
1115,0,1698,1075,169,42,1,1,1,1
1115,0,0,1106,149,39,1,1,1,1
1116,0,1870,1105,133,23,1,1,1,1
1116,0,1693,1075,170,42,1,1,1,1
1116,0,0,1106,157,39,1,1,1,1
1117,0,1874,1105,133,23,1,1,1,1
1117,0,1687,1075,170,42,1,1,1,1
1117,0,0,1106,166,39,1,1,1,1
1118,0,1879,1105,132,23,1,1,1,1
1118,0,1682,1075,171,42,1,1,1,1
1118,0,0,1107,174,39,1,1,1,1
1119,0,1883,1105,132,23,1,1,1,1
1119,0,1676,1075,171,42,1,1,1,1
1119,0,0,1107,183,39,1,1,1,1
1120,0,1888,1104,131,23,1,1,1,1
1120,0,1671,1075,172,42,1,1,1,1
1120,0,0,1107,191,39,1,1,1,1
1121,0,1892,1104,131,23,1,1,1,1
1121,0,1665,1075,172,43,1,1,1,1
1121,0,0,1107,200,39,1,1,1,1
1122,0,1897,1104,130,23,1,1,1,1
1122,0,1660,1075,173,43,1,1,1,1
1122,0,0,1107,209,39,1,1,1,1
1123,0,1901,1104,130,23,1,1,1,1
1123,0,1654,1075,173,43,1,1,1,1
1123,0,0,1107,217,39,1,1,1,1
1124,0,1906,1104,130,23,1,1,1,1
1124,0,1649,1075,174,43,1,1,1,1
1124,0,0,1107,226,40,1,1,1,1
1125,0,1910,1104,129,23,1,1,1,1
1125,0,1643,1075,174,43,1,1,1,1
1125,0,0,1107,234,40,1,1,1,1
1126,0,1915,1104,129,23,1,1,1,1
1126,0,1637,1075,175,43,1,1,1,1
1126,0,0,1107,243,40,1,1,1,1
1127,0,1919,1104,128,23,1,1,1,1
1127,0,1631,1075,175,43,1,1,1,1
1127,0,0,1107,251,40,1,1,1,1
1128,0,1924,1103,128,23,1,1,1,1
1128,0,1624,1075,176,43,1,1,1,1
1128,0,0,1107,260,40,1,1,1,1
1129,0,1928,1103,127,23,1,1,1,1
1129,0,1618,1075,176,43,1,1,1,1
1129,0,0,1107,268,40,1,1,1,1
1130,0,1933,1103,127,23,1,1,1,1
1130,0,1612,1075,177,44,1,1,1,1
1130,0,0,1107,277,40,1,1,1,1
1131,0,1937,1103,127,23,1,1,1,1
1131,0,1606,1075,177,44,1,1,1,1
1131,0,0,1106,285,41,1,1,1,1
1132,0,1942,1103,126,23,1,1,1,1
1132,0,1600,1075,178,44,1,1,1,1
1132,0,0,1106,293,41,1,1,1,1
1133,0,1946,1103,126,23,1,1,1,1
1133,0,1593,1075,178,44,1,1,1,1
1133,0,0,1105,301,42,1,1,1,1
1134,0,1951,1103,125,23,1,1,1,1
1134,0,1587,1075,179,44,1,1,1,1
1134,0,0,1105,309,43,1,1,1,1
1135,0,1955,1102,125,23,1,1,1,1
1135,0,1581,1076,180,44,1,1,1,1
1135,0,0,1104,317,43,1,1,1,1
1136,0,1960,1102,124,23,1,1,1,1
1136,0,1575,1076,180,44,1,1,1,1
1136,0,0,1104,325,44,1,1,1,1
1137,0,1964,1102,124,23,1,1,1,1
1137,0,1569,1076,181,44,1,1,1,1
1137,0,0,1103,333,45,1,1,1,1
1138,0,1969,1102,123,23,1,1,1,1
1138,0,1562,1076,181,44,1,1,1,1
1138,0,1,1103,342,46,1,1,1,1
1139,0,1973,1102,123,23,1,1,1,1
1139,0,1556,1076,182,44,1,1,1,1
1139,0,1,1102,350,46,1,1,1,1
1140,0,1978,1102,123,23,1,1,1,1
1140,0,1550,1076,182,45,1,1,1,1
1140,0,1,1101,358,47,1,1,1,1
1141,0,1982,1102,122,23,1,1,1,1
1141,0,1544,1076,183,45,1,1,1,1
1141,0,1,1101,366,48,1,1,1,1
1142,0,1987,1101,122,23,1,1,1,1
1142,0,1538,1076,183,45,1,1,1,1
1142,0,1,1100,374,48,1,1,1,1
1143,0,1991,1101,121,23,1,1,1,1
1143,0,1531,1076,184,45,1,1,1,1
1143,0,1,1100,382,49,1,1,1,1
1144,0,1996,1101,121,23,1,1,1,1
1144,0,1525,1076,184,45,1,1,1,1
1144,0,1,1099,390,50,1,1,1,1
1145,0,2000,1101,120,23,1,1,1,1
1145,0,1519,1076,185,45,1,1,1,1
1145,0,1,1099,398,50,1,1,1,1
1146,0,2005,1101,120,23,1,1,1,1
1146,0,1513,1076,186,45,1,1,1,1
1146,0,1,1098,406,51,1,1,1,1
1147,0,2009,1101,120,23,1,1,1,1
1147,0,1506,1076,187,45,1,1,1,1
1147,0,7,1097,408,52,1,1,1,1
1148,0,2014,1101,119,23,1,1,1,1
1148,0,1500,1076,188,45,1,1,1,1
1148,0,14,1097,409,52,1,1,1,1
1149,0,2018,1101,119,23,1,1,1,1
1149,0,1493,1076,189,46,1,1,1,1
1149,0,20,1096,411,53,1,1,1,1
1150,0,2023,1100,118,23,1,1,1,1
1150,0,1487,1076,190,46,1,1,1,1
1150,0,29,1095,410,54,1,1,1,1
1151,0,2027,1100,118,23,1,1,1,1
1151,0,1480,1076,191,46,1,1,1,1
1151,0,38,1095,409,54,1,1,1,1
1152,0,2032,1100,117,23,1,1,1,1
1152,0,1474,1076,192,46,1,1,1,1
1152,0,47,1094,409,55,1,1,1,1
1153,0,2036,1100,117,23,1,1,1,1
1153,0,1468,1076,193,46,1,1,1,1
1153,0,56,1094,408,55,1,1,1,1
1154,0,2040,1100,117,23,1,1,1,1
1154,0,1461,1076,194,46,1,1,1,1
1154,0,65,1093,407,56,1,1,1,1
1155,0,2044,1100,116,23,1,1,1,1
1155,0,1455,1076,195,46,1,1,1,1
1155,0,73,1093,406,56,1,1,1,1
1156,0,2048,1100,116,23,1,1,1,1
1156,0,1448,1076,196,47,1,1,1,1
1156,0,82,1093,405,56,1,1,1,1
1157,0,2052,1100,115,23,1,1,1,1
1157,0,1442,1076,197,47,1,1,1,1
1157,0,90,1093,404,56,1,1,1,1
1158,0,2056,1100,115,23,1,1,1,1
1158,0,1435,1076,198,47,1,1,1,1
1158,0,98,1094,403,55,1,1,1,1
1159,0,2060,1100,115,23,1,1,1,1
1159,0,1429,1076,199,47,1,1,1,1
1159,0,107,1094,402,55,1,1,1,1
1160,0,2064,1099,114,22,1,1,1,1
1160,0,1422,1076,200,47,1,1,1,1
1160,0,115,1094,401,55,1,1,1,1
1161,0,2068,1099,114,22,1,1,1,1
1161,0,1414,1076,201,47,1,1,1,1
1161,0,123,1094,400,55,1,1,1,1
1162,0,2072,1099,113,22,1,1,1,1
1162,0,1407,1076,202,47,1,1,1,1
1162,0,131,1094,400,55,1,1,1,1
1163,0,2076,1099,113,22,1,1,1,1
1163,0,1400,1076,203,47,1,1,1,1
1163,0,140,1094,399,55,1,1,1,1
1164,0,2080,1099,112,22,1,1,1,1
1164,0,1392,1076,204,47,1,1,1,1
1164,0,148,1095,398,55,1,1,1,1
1165,0,2084,1099,112,22,1,1,1,1
1165,0,1385,1076,205,47,1,1,1,1
1165,0,156,1095,397,55,1,1,1,1
1166,0,2088,1099,112,22,1,1,1,1
1166,0,1377,1076,206,47,1,1,1,1
1166,0,165,1095,396,54,1,1,1,1
1167,0,2091,1099,112,22,1,1,1,1
1167,0,1370,1077,207,47,1,1,1,1
1167,0,173,1095,395,54,1,1,1,1
1168,0,2095,1099,112,22,1,1,1,1
1168,0,1363,1077,208,47,1,1,1,1
1168,0,181,1095,394,54,1,1,1,1
1169,0,2099,1099,111,22,1,1,1,1
1169,0,1355,1077,209,47,1,1,1,1
1169,0,190,1095,393,54,1,1,1,1
1170,0,2102,1098,111,22,1,1,1,1
1170,0,1348,1077,210,47,1,1,1,1
1170,0,198,1095,392,54,1,1,1,1
1171,0,2106,1098,111,22,1,1,1,1
1171,0,1341,1077,211,47,1,1,1,1
1171,0,206,1096,391,54,1,1,1,1
1172,0,2109,1098,111,22,1,1,1,1
1172,0,1333,1077,212,47,1,1,1,1
1172,0,215,1096,390,54,1,1,1,1
1173,0,2113,1098,111,22,1,1,1,1
1173,0,1326,1077,213,47,1,1,1,1
1173,0,223,1096,389,53,1,1,1,1
1174,0,2117,1098,111,22,1,1,1,1
1174,0,1319,1077,215,48,1,1,1,1
1174,0,231,1096,388,53,1,1,1,1
1175,0,2120,1098,111,22,1,1,1,1
1175,0,1311,1077,216,48,1,1,1,1
1175,0,240,1096,387,53,1,1,1,1
1176,0,2124,1098,110,22,1,1,1,1
1176,0,1304,1077,217,48,1,1,1,1
1176,0,248,1096,386,53,1,1,1,1
1177,0,2128,1098,110,22,1,1,1,1
1177,0,1296,1077,218,48,1,1,1,1
1177,0,256,1097,386,53,1,1,1,1
1178,0,2131,1098,110,22,1,1,1,1
1178,0,1289,1077,219,48,1,1,1,1
1178,0,264,1097,385,53,1,1,1,1
1179,0,2135,1097,110,22,1,1,1,1
1179,0,1282,1077,220,48,1,1,1,1
1179,0,273,1097,384,53,1,1,1,1
1179,0,0,1198,33,57,1,1,1,1
1180,0,2138,1097,110,22,1,1,1,1
1180,0,1274,1077,221,48,1,1,1,1
1180,0,281,1097,383,53,1,1,1,1
1180,0,0,1194,79,62,1,1,1,1
1181,0,2142,1097,110,22,1,1,1,1
1181,0,1267,1077,222,48,1,1,1,1
1181,0,289,1097,382,52,1,1,1,1
1181,0,0,1190,124,67,1,1,1,1
1182,0,2146,1097,109,22,1,1,1,1
1182,0,1260,1078,223,48,1,1,1,1
1182,0,298,1097,381,52,1,1,1,1
1182,0,0,1185,170,71,1,1,1,1
1183,0,2149,1097,109,22,1,1,1,1
1183,0,1252,1078,224,48,1,1,1,1
1183,0,306,1098,380,52,1,1,1,1
1183,0,0,1181,215,76,1,1,1,1
1184,0,2153,1097,109,22,1,1,1,1
1184,0,1245,1078,225,48,1,1,1,1
1184,0,314,1098,379,52,1,1,1,1
1184,0,0,1177,261,81,1,1,1,1
1185,0,2157,1097,109,22,1,1,1,1
1185,0,1237,1078,226,48,1,1,1,1
1185,0,323,1098,378,52,1,1,1,1
1185,0,17,1173,288,86,1,1,1,1
1186,0,2160,1097,109,22,1,1,1,1
1186,0,1230,1078,227,48,1,1,1,1
1186,0,331,1098,377,52,1,1,1,1
1186,0,32,1169,319,91,1,1,1,1
1187,0,2164,1097,109,22,1,1,1,1
1187,0,1223,1078,228,48,1,1,1,1
1187,0,339,1098,376,52,1,1,1,1
1187,0,80,1164,315,96,1,1,1,1
1188,0,2167,1096,109,22,1,1,1,1
1188,0,1215,1078,229,48,1,1,1,1
1188,0,348,1098,375,51,1,1,1,1
1188,0,125,1164,313,96,1,1,1,1
1189,0,2171,1096,108,22,1,1,1,1
1189,0,1208,1078,230,48,1,1,1,1
1189,0,356,1098,374,51,1,1,1,1
1189,0,169,1164,312,95,1,1,1,1
1190,0,2175,1096,108,22,1,1,1,1
1190,0,1200,1078,231,48,1,1,1,1
1190,0,364,1099,373,51,1,1,1,1
1190,0,214,1164,310,95,1,1,1,1
1191,0,2178,1096,108,22,1,1,1,1
1191,0,1191,1078,232,48,1,1,1,1
1191,0,373,1099,372,51,1,1,1,1
1191,0,259,1164,309,95,1,1,1,1
1192,0,2182,1096,108,22,1,1,1,1
1192,0,1183,1078,234,48,1,1,1,1
1192,0,381,1099,372,51,1,1,1,1
1192,0,303,1164,307,94,1,1,1,1
1193,0,2185,1096,108,22,1,1,1,1
1193,0,1174,1078,235,48,1,1,1,1
1193,0,389,1099,371,51,1,1,1,1
1193,0,348,1163,306,94,1,1,1,1
1194,0,2189,1096,108,22,1,1,1,1
1194,0,1166,1078,236,48,1,1,1,1
1194,0,397,1099,370,51,1,1,1,1
1194,0,392,1163,304,93,1,1,1,1
1195,0,2192,1096,107,22,1,1,1,1
1195,0,1158,1078,237,48,1,1,1,1
1195,0,406,1099,369,51,1,1,1,1
1195,0,437,1163,303,93,1,1,1,1
1196,0,2196,1096,107,22,1,1,1,1
1196,0,1149,1078,238,48,1,1,1,1
1196,0,414,1100,368,50,1,1,1,1
1196,0,482,1163,301,93,1,1,1,1
1197,0,2199,1096,107,22,1,1,1,1
1197,0,1141,1078,240,48,1,1,1,1
1197,0,422,1100,367,50,1,1,1,1
1197,0,526,1163,300,92,1,1,1,1
1198,0,2203,1095,107,22,1,1,1,1
1198,0,1132,1078,241,48,1,1,1,1
1198,0,431,1100,366,50,1,1,1,1
1198,0,571,1163,298,92,1,1,1,1
1199,0,2206,1095,106,22,1,1,1,1
1199,0,1124,1078,242,48,1,1,1,1
1199,0,439,1100,365,50,1,1,1,1
1199,0,615,1163,295,92,1,1,1,1
1200,0,2209,1095,106,22,1,1,1,1
1200,0,1115,1078,243,48,1,1,1,1
1200,0,446,1100,364,50,1,1,1,1
1200,0,658,1163,292,91,1,1,1,1
1201,0,2213,1095,106,22,1,1,1,1
1201,0,1107,1079,245,49,1,1,1,1
1201,0,454,1100,363,50,1,1,1,1
1201,0,702,1163,290,91,1,1,1,1
1202,0,2216,1095,106,22,1,1,1,1
1202,0,1099,1079,246,49,1,1,1,1
1202,0,461,1100,362,50,1,1,1,1
1202,0,745,1163,287,91,1,1,1,1
1203,0,2220,1095,105,22,1,1,1,1
1203,0,1090,1079,247,49,1,1,1,1
1203,0,469,1100,361,50,1,1,1,1
1203,0,789,1163,284,90,1,1,1,1
1204,0,2223,1095,105,22,1,1,1,1
1204,0,1082,1079,248,49,1,1,1,1
1204,0,476,1100,361,50,1,1,1,1
1204,0,832,1163,281,90,1,1,1,1
1205,0,2227,1095,105,22,1,1,1,1
1205,0,1073,1079,249,49,1,1,1,1
1205,0,484,1100,360,50,1,1,1,1
1205,0,873,1163,278,90,1,1,1,1
1206,0,2230,1095,105,22,1,1,1,1
1206,0,1065,1079,251,49,1,1,1,1
1206,0,491,1100,359,50,1,1,1,1
1206,0,914,1163,276,89,1,1,1,1
1207,0,2234,1095,105,22,1,1,1,1
1207,0,1057,1079,252,49,1,1,1,1
1207,0,499,1100,358,50,1,1,1,1
1207,0,955,1163,273,89,1,1,1,1
1208,0,2237,1094,104,21,1,1,1,1
1208,0,1048,1079,253,49,1,1,1,1
1208,0,506,1100,357,50,1,1,1,1
1208,0,995,1163,270,89,1,1,1,1
1209,0,2240,1094,104,21,1,1,1,1
1209,0,1040,1079,254,49,1,1,1,1
1209,0,514,1100,356,49,1,1,1,1
1209,0,1036,1163,268,88,1,1,1,1
1210,0,2244,1094,104,21,1,1,1,1
1210,0,1031,1079,255,49,1,1,1,1
1210,0,521,1100,355,49,1,1,1,1
1210,0,1077,1163,265,88,1,1,1,1
1211,0,2247,1094,104,21,1,1,1,1
1211,0,1023,1079,257,49,1,1,1,1
1211,0,529,1100,354,49,1,1,1,1
1211,0,1114,1162,263,87,1,1,1,1
1212,0,2251,1094,103,21,1,1,1,1
1212,0,1014,1079,258,49,1,1,1,1
1212,0,536,1100,353,49,1,1,1,1
1212,0,1151,1162,261,87,1,1,1,1
1213,0,2254,1094,103,21,1,1,1,1
1213,0,1006,1079,259,49,1,1,1,1
1213,0,544,1100,352,49,1,1,1,1
1213,0,1188,1161,259,86,1,1,1,1
1214,0,2258,1094,103,21,1,1,1,1
1214,0,997,1079,260,49,1,1,1,1
1214,0,551,1100,352,49,1,1,1,1
1214,0,1225,1161,258,86,1,1,1,1
1215,0,2261,1094,103,21,1,1,1,1
1215,0,988,1080,261,48,1,1,1,1
1215,0,559,1100,351,49,1,1,1,1
1215,0,1262,1160,256,85,1,1,1,1
1216,0,2264,1094,102,21,1,1,1,1
1216,0,979,1080,262,48,1,1,1,1
1216,0,566,1100,350,49,1,1,1,1
1216,0,1299,1159,254,84,1,1,1,1
1217,0,2268,1094,102,21,1,1,1,1
1217,0,970,1080,263,48,1,1,1,1
1217,0,574,1100,349,49,1,1,1,1
1217,0,1336,1159,252,84,1,1,1,1
1218,0,2271,1093,102,21,1,1,1,1
1218,0,961,1080,264,48,1,1,1,1
1218,0,581,1100,348,49,1,1,1,1
1218,0,1373,1158,250,83,1,1,1,1
1219,0,2275,1093,102,21,1,1,1,1
1219,0,952,1081,265,47,1,1,1,1
1219,0,588,1100,347,49,1,1,1,1
1219,0,1408,1157,246,82,1,1,1,1
1220,0,2278,1093,101,21,1,1,1,1
1220,0,943,1081,266,47,1,1,1,1
1220,0,595,1100,346,49,1,1,1,1
1220,0,1444,1157,243,82,1,1,1,1
1221,0,2282,1093,101,21,1,1,1,1
1221,0,933,1081,267,47,1,1,1,1
1221,0,602,1100,346,49,1,1,1,1
1221,0,1479,1156,239,81,1,1,1,1
1222,0,2285,1093,101,21,1,1,1,1
1222,0,923,1081,268,47,1,1,1,1
1222,0,609,1100,345,49,1,1,1,1
1222,0,1515,1156,236,81,1,1,1,1
1223,0,2288,1093,101,21,1,1,1,1
1223,0,913,1081,270,47,1,1,1,1
1223,0,616,1100,344,49,1,1,1,1
1223,0,1550,1155,232,80,1,1,1,1
1224,0,2291,1093,101,21,1,1,1,1
1224,0,904,1080,271,48,1,1,1,1
1224,0,623,1100,343,49,1,1,1,1
1224,0,1586,1155,229,80,1,1,1,1
1225,0,2294,1093,100,21,1,1,1,1
1225,0,894,1080,272,48,1,1,1,1
1225,0,630,1100,342,49,1,1,1,1
1225,0,1621,1154,225,79,1,1,1,1
1226,0,2298,1093,100,21,1,1,1,1
1226,0,884,1080,273,48,1,1,1,1
1226,0,637,1100,342,49,1,1,1,1
1226,0,1654,1154,222,78,1,1,1,1
1227,0,2301,1093,100,21,1,1,1,1
1227,0,874,1080,275,48,1,1,1,1
1227,0,644,1100,341,49,1,1,1,1
1227,0,1687,1153,219,78,1,1,1,1
1228,0,2304,1092,100,21,1,1,1,1
1228,0,864,1080,276,48,1,1,1,1
1228,0,651,1100,340,49,1,1,1,1
1228,0,1720,1153,216,77,1,1,1,1
1229,0,2307,1092,99,21,1,1,1,1
1229,0,854,1080,277,48,1,1,1,1
1229,0,658,1100,339,49,1,1,1,1
1229,0,1753,1152,213,76,1,1,1,1
1230,0,2310,1092,99,21,1,1,1,1
1230,0,844,1080,278,48,1,1,1,1
1230,0,665,1100,338,49,1,1,1,1
1230,0,1783,1151,210,76,1,1,1,1
1231,0,2313,1092,99,21,1,1,1,1
1231,0,834,1080,279,48,1,1,1,1
1231,0,672,1100,338,49,1,1,1,1
1231,0,1813,1150,207,75,1,1,1,1
1232,0,2316,1092,99,21,1,1,1,1
1232,0,825,1079,281,49,1,1,1,1
1232,0,679,1100,337,49,1,1,1,1
1232,0,1843,1150,204,75,1,1,1,1
1233,0,2320,1092,98,21,1,1,1,1
1233,0,815,1079,282,49,1,1,1,1
1233,0,686,1100,336,49,1,1,1,1
1233,0,1873,1149,200,74,1,1,1,1
1234,0,2323,1092,98,20,1,1,1,1
1234,0,805,1079,283,49,1,1,1,1
1234,0,693,1100,335,49,1,1,1,1
1234,0,1903,1148,197,74,1,1,1,1
1235,0,2326,1092,98,20,1,1,1,1
1235,0,795,1079,284,49,1,1,1,1
1235,0,700,1100,334,49,1,1,1,1
1235,0,1933,1147,194,73,1,1,1,1
1236,0,2329,1092,98,20,1,1,1,1
1236,0,785,1079,285,49,1,1,1,1
1236,0,707,1101,334,49,1,1,1,1
1236,0,1960,1146,194,73,1,1,1,1
1237,0,2332,1092,97,20,1,1,1,1
1237,0,775,1079,287,49,1,1,1,1
1237,0,714,1101,333,48,1,1,1,1
1237,0,1987,1145,193,72,1,1,1,1
1238,0,2335,1092,97,20,1,1,1,1
1238,0,765,1079,288,49,1,1,1,1
1238,0,721,1101,332,48,1,1,1,1
1238,0,2014,1145,193,72,1,1,1,1
1239,0,2339,1092,97,20,1,1,1,1
1239,0,755,1079,289,49,1,1,1,1
1239,0,728,1101,331,48,1,1,1,1
1239,0,2041,1144,192,71,1,1,1,1
1240,0,2342,1091,97,20,1,1,1,1
1240,0,746,1078,290,50,1,1,1,1
1240,0,735,1101,330,48,1,1,1,1
1240,0,2068,1143,192,71,1,1,1,1
1241,0,2345,1091,97,20,1,1,1,1
1241,0,736,1078,292,50,1,1,1,1
1241,0,742,1101,329,48,1,1,1,1
1241,0,2094,1142,189,71,1,1,1,1
1242,0,2348,1091,96,20,1,1,1,1
1242,0,726,1078,293,50,1,1,1,1
1242,0,749,1101,329,48,1,1,1,1
1242,0,2120,1141,186,71,1,1,1,1
1243,0,2351,1091,96,20,1,1,1,1
1243,0,716,1078,294,50,1,1,1,1
1243,0,756,1101,328,48,1,1,1,1
1243,0,2147,1140,183,71,1,1,1,1
1244,0,2354,1091,96,20,1,1,1,1
1244,0,705,1078,295,50,1,1,1,1
1244,0,763,1101,327,48,1,1,1,1
1244,0,2173,1139,180,71,1,1,1,1
1245,0,2357,1091,96,20,1,1,1,1
1245,0,695,1078,296,50,1,1,1,1
1245,0,770,1101,326,48,1,1,1,1
1245,0,2199,1138,177,71,1,1,1,1
1246,0,2361,1091,95,20,1,1,1,1
1246,0,684,1078,297,50,1,1,1,1
1246,0,777,1101,325,48,1,1,1,1
1246,0,2225,1136,173,70,1,1,1,1
1247,0,2364,1091,95,20,1,1,1,1
1247,0,674,1078,298,51,1,1,1,1
1247,0,784,1101,325,48,1,1,1,1
1247,0,2251,1135,170,70,1,1,1,1
1248,0,2367,1091,95,20,1,1,1,1
1248,0,663,1078,299,51,1,1,1,1
1248,0,791,1101,324,48,1,1,1,1
1248,0,2278,1134,167,70,1,1,1,1
1249,0,2370,1091,95,20,1,1,1,1
1249,0,652,1077,300,51,1,1,1,1
1249,0,798,1101,323,48,1,1,1,1
1249,0,2304,1133,164,70,1,1,1,1
1250,0,2373,1091,94,20,1,1,1,1
1250,0,642,1077,301,51,1,1,1,1
1250,0,805,1101,322,48,1,1,1,1
1250,0,2330,1132,161,70,1,1,1,1
1251,0,2376,1091,94,20,1,1,1,1
1251,0,631,1077,302,51,1,1,1,1
1251,0,812,1101,321,48,1,1,1,1
1251,0,2351,1132,161,70,1,1,1,1
1252,0,2379,1090,94,20,1,1,1,1
1252,0,621,1077,303,51,1,1,1,1
1252,0,819,1101,321,48,1,1,1,1
1252,0,2371,1132,162,69,1,1,1,1
1253,0,2383,1090,94,20,1,1,1,1
1253,0,610,1077,305,52,1,1,1,1
1253,0,826,1101,320,48,1,1,1,1
1253,0,2392,1132,162,69,1,1,1,1
1254,0,2386,1090,94,20,1,1,1,1
1254,0,599,1077,306,52,1,1,1,1
1254,0,833,1101,319,48,1,1,1,1
1254,0,2411,1131,150,69,1,1,1,1
1255,0,2389,1090,93,20,1,1,1,1
1255,0,589,1077,307,52,1,1,1,1
1255,0,839,1101,318,48,1,1,1,1
1255,0,2431,1130,130,69,1,1,1,1
1256,0,2392,1090,93,20,1,1,1,1
1256,0,578,1077,308,52,1,1,1,1
1256,0,846,1101,317,48,1,1,1,1
1256,0,2450,1128,110,68,1,1,1,1
1257,0,2395,1090,93,20,1,1,1,1
1257,0,568,1077,309,52,1,1,1,1
1257,0,852,1101,317,48,1,1,1,1
1257,0,2470,1130,91,65,1,1,1,1
1258,0,2398,1090,93,19,1,1,1,1
1258,0,557,1077,310,52,1,1,1,1
1258,0,859,1101,316,48,1,1,1,1
1258,0,2489,1131,71,61,1,1,1,1
1259,0,2402,1090,92,19,1,1,1,1
1259,0,546,1076,311,52,1,1,1,1
1259,0,865,1101,315,48,1,1,1,1
1259,0,2507,1151,53,39,1,1,1,1
1260,0,2405,1090,92,19,1,1,1,1
1260,0,536,1076,312,53,1,1,1,1
1260,0,871,1101,314,47,1,1,1,1
1260,0,2525,1152,35,39,1,1,1,1
1261,0,2408,1090,92,19,1,1,1,1
1261,0,525,1076,313,53,1,1,1,1
1261,0,878,1101,314,47,1,1,1,1
1262,0,2411,1090,92,19,1,1,1,1
1262,0,515,1076,314,53,1,1,1,1
1262,0,884,1101,313,47,1,1,1,1
1263,0,2414,1090,91,19,1,1,1,1
1263,0,504,1076,315,53,1,1,1,1
1263,0,891,1101,312,47,1,1,1,1
1264,0,2417,1089,91,19,1,1,1,1
1264,0,492,1076,316,53,1,1,1,1
1264,0,897,1101,311,47,1,1,1,1
1265,0,2420,1089,91,19,1,1,1,1
1265,0,481,1076,317,53,1,1,1,1
1265,0,904,1101,311,47,1,1,1,1
1266,0,2424,1089,91,19,1,1,1,1
1266,0,469,1075,319,54,1,1,1,1
1266,0,910,1101,310,47,1,1,1,1
1267,0,2427,1089,90,19,1,1,1,1
1267,0,458,1075,320,54,1,1,1,1
1267,0,916,1101,309,47,1,1,1,1
1268,0,2430,1089,90,19,1,1,1,1
1268,0,446,1075,321,54,1,1,1,1
1268,0,923,1101,308,47,1,1,1,1
1269,0,2433,1089,90,19,1,1,1,1
1269,0,434,1075,322,54,1,1,1,1
1269,0,929,1101,307,47,1,1,1,1
1270,0,2436,1089,90,19,1,1,1,1
1270,0,423,1074,324,55,1,1,1,1
1270,0,936,1101,307,47,1,1,1,1
1271,0,2439,1089,90,19,1,1,1,1
1271,0,411,1074,325,55,1,1,1,1
1271,0,942,1101,306,46,1,1,1,1
1272,0,2442,1089,89,19,1,1,1,1
1272,0,400,1074,326,55,1,1,1,1
1272,0,948,1101,305,46,1,1,1,1
1273,0,2444,1089,89,19,1,1,1,1
1273,0,388,1074,327,55,1,1,1,1
1273,0,955,1101,304,46,1,1,1,1
1274,0,2447,1089,89,19,1,1,1,1
1274,0,377,1073,329,56,1,1,1,1
1274,0,961,1101,304,46,1,1,1,1
1275,0,2450,1089,89,19,1,1,1,1
1275,0,365,1073,330,56,1,1,1,1
1275,0,968,1101,303,46,1,1,1,1
1276,0,2453,1089,89,20,1,1,1,1
1276,0,353,1073,331,56,1,1,1,1
1276,0,974,1101,302,46,1,1,1,1
1277,0,2456,1088,88,20,1,1,1,1
1277,0,342,1073,332,56,1,1,1,1
1277,0,980,1101,301,46,1,1,1,1
1278,0,2459,1088,88,20,1,1,1,1
1278,0,330,1072,334,57,1,1,1,1
1278,0,986,1101,300,46,1,1,1,1
1279,0,2462,1088,88,20,1,1,1,1
1279,0,319,1072,335,57,1,1,1,1
1279,0,992,1101,300,46,1,1,1,1
1280,0,2464,1088,88,20,1,1,1,1
1280,0,307,1072,336,57,1,1,1,1
1280,0,997,1101,299,46,1,1,1,1
1281,0,2467,1088,87,20,1,1,1,1
1281,0,295,1072,337,57,1,1,1,1
1281,0,1003,1101,298,45,1,1,1,1
1282,0,2470,1088,87,20,1,1,1,1
1282,0,282,1072,339,58,1,1,1,1
1282,0,1009,1101,297,45,1,1,1,1
1283,0,2473,1088,87,20,1,1,1,1
1283,0,270,1071,340,58,1,1,1,1
1283,0,1015,1101,297,45,1,1,1,1
1284,0,2476,1088,84,20,1,1,1,1
1284,0,257,1071,341,58,1,1,1,1
1284,0,1021,1101,296,45,1,1,1,1
1285,0,2478,1088,82,20,1,1,1,1
1285,0,245,1071,343,58,1,1,1,1
1285,0,1027,1101,295,45,1,1,1,1
1286,0,2481,1088,79,20,1,1,1,1
1286,0,232,1071,344,59,1,1,1,1
1286,0,1032,1101,294,45,1,1,1,1
1287,0,2483,1088,77,20,1,1,1,1
1287,0,220,1071,346,59,1,1,1,1
1287,0,1038,1101,294,45,1,1,1,1
1288,0,2486,1088,74,20,1,1,1,1
1288,0,208,1070,347,59,1,1,1,1
1288,0,1044,1101,293,45,1,1,1,1
1289,0,2489,1088,71,20,1,1,1,1
1289,0,195,1070,348,60,1,1,1,1
1289,0,1050,1101,292,45,1,1,1,1
1290,0,2491,1087,69,20,1,1,1,1
1290,0,183,1070,350,60,1,1,1,1
1290,0,1056,1101,291,44,1,1,1,1
1291,0,2494,1087,66,20,1,1,1,1
1291,0,170,1070,351,60,1,1,1,1
1291,0,1062,1101,290,44,1,1,1,1
1292,0,2496,1087,64,20,1,1,1,1
1292,0,158,1069,352,60,1,1,1,1
1292,0,1067,1101,290,44,1,1,1,1
1293,0,2499,1087,61,20,1,1,1,1
1293,0,145,1069,354,61,1,1,1,1
1293,0,1073,1101,289,44,1,1,1,1
1294,0,2502,1087,58,20,1,1,1,1
1294,0,133,1069,355,61,1,1,1,1
1294,0,1079,1101,288,44,1,1,1,1
1295,0,2504,1087,56,20,1,1,1,1
1295,0,120,1069,356,61,1,1,1,1
1295,0,1085,1101,287,44,1,1,1,1
1296,0,2507,1087,53,19,1,1,1,1
1296,0,108,1069,357,61,1,1,1,1
1296,0,1091,1101,287,44,1,1,1,1
1297,0,2509,1087,51,19,1,1,1,1
1297,0,95,1068,358,62,1,1,1,1
1297,0,1097,1101,286,44,1,1,1,1
1298,0,2512,1087,48,19,1,1,1,1
1298,0,82,1068,359,62,1,1,1,1
1298,0,1103,1101,285,44,1,1,1,1
1299,0,2515,1087,45,19,1,1,1,1
1299,0,70,1068,360,62,1,1,1,1
1299,0,1108,1101,284,43,1,1,1,1
1300,0,2517,1087,43,19,1,1,1,1
1300,0,57,1068,361,62,1,1,1,1
1300,0,1114,1101,283,43,1,1,1,1
1301,0,2520,1087,40,19,1,1,1,1
1301,0,44,1067,362,63,1,1,1,1
1301,0,1120,1101,283,43,1,1,1,1
1302,0,2522,1086,38,19,1,1,1,1
1302,0,32,1067,363,63,1,1,1,1
1302,0,1126,1101,282,43,1,1,1,1
1303,0,2525,1086,35,19,1,1,1,1
1303,0,19,1067,364,63,1,1,1,1
1303,0,1132,1101,281,43,1,1,1,1
1304,0,2528,1086,32,19,1,1,1,1
1304,0,7,1067,364,63,1,1,1,1
1304,0,1138,1101,280,43,1,1,1,1
1305,0,2530,1086,30,19,1,1,1,1
1305,0,2,1067,357,63,1,1,1,1
1305,0,1143,1101,280,43,1,1,1,1
1306,0,2533,1086,27,19,1,1,1,1
1306,0,0,1067,347,63,1,1,1,1
1306,0,1149,1101,279,43,1,1,1,1
1307,0,2535,1086,25,19,1,1,1,1
1307,0,-1,1066,337,63,1,1,1,1
1307,0,1155,1101,278,42,1,1,1,1
1308,0,2538,1086,22,19,1,1,1,1
1308,0,-1,1066,325,63,1,1,1,1
1308,0,1161,1101,277,42,1,1,1,1
1309,0,2542,1085,18,21,1,1,1,1
1309,0,-1,1066,312,63,1,1,1,1
1309,0,1167,1101,277,42,1,1,1,1
1310,0,2545,1088,15,17,1,1,1,1
1310,0,-1,1066,300,63,1,1,1,1
1310,0,1173,1101,276,42,1,1,1,1
1311,0,2547,1088,13,17,1,1,1,1
1311,0,0,1065,288,62,1,1,1,1
1311,0,1178,1101,275,42,1,1,1,1
1312,0,2550,1088,10,17,1,1,1,1
1312,0,0,1065,275,62,1,1,1,1
1312,0,1184,1101,274,42,1,1,1,1
1313,0,2552,1088,10,17,1,1,1,1
1313,0,0,1065,263,62,1,1,1,1
1313,0,1190,1101,273,42,1,1,1,1
1314,0,1,1065,250,62,1,1,1,1
1314,0,1196,1101,273,42,1,1,1,1
1315,0,2,1065,236,62,1,1,1,1
1315,0,1202,1101,272,42,1,1,1,1
1316,0,1,1065,225,62,1,1,1,1
1316,0,1208,1101,271,41,1,1,1,1
1317,0,0,1065,213,62,1,1,1,1
1317,0,1213,1101,270,41,1,1,1,1
1318,0,0,1066,200,61,1,1,1,1
1318,0,1219,1101,270,41,1,1,1,1
1319,0,0,1066,187,60,1,1,1,1
1319,0,1225,1101,269,41,1,1,1,1
1320,0,0,1067,174,59,1,1,1,1
1320,0,1231,1101,268,41,1,1,1,1
1321,0,0,1068,161,58,1,1,1,1
1321,0,1236,1101,267,41,1,1,1,1
1322,0,0,1068,148,57,1,1,1,1
1322,0,1241,1101,267,41,1,1,1,1
1323,0,0,1069,135,56,1,1,1,1
1323,0,1246,1101,266,41,1,1,1,1
1324,0,0,1070,122,55,1,1,1,1
1324,0,1251,1101,266,41,1,1,1,1
1324,0,2549,1067,11,24,1,1,1,1
1325,0,0,1070,109,54,1,1,1,1
1325,0,1256,1101,265,41,1,1,1,1
1325,0,2546,1066,14,27,1,1,1,1
1326,0,0,1071,96,53,1,1,1,1
1326,0,1262,1101,264,41,1,1,1,1
1326,0,2546,1066,14,24,1,1,1,1
1327,0,0,1072,83,52,1,1,1,1
1327,0,1267,1101,264,41,1,1,1,1
1327,0,2541,1067,19,25,1,1,1,1
1328,0,0,1072,70,51,1,1,1,1
1328,0,1272,1101,263,41,1,1,1,1
1328,0,2540,1066,20,27,1,1,1,1
1329,0,0,1073,57,50,1,1,1,1
1329,0,1277,1101,263,41,1,1,1,1
1329,0,2536,1067,24,24,1,1,1,1
1330,0,0,1072,44,50,1,1,1,1
1330,0,1282,1101,262,41,1,1,1,1
1330,0,2534,1067,26,24,1,1,1,1
1331,0,0,1073,33,49,1,1,1,1
1331,0,1287,1101,262,41,1,1,1,1
1331,0,2532,1067,28,25,1,1,1,1
1332,0,0,1075,18,45,1,1,1,1
1332,0,1292,1100,261,41,1,1,1,1
1332,0,2530,1067,30,25,1,1,1,1
1333,0,1297,1100,260,41,1,1,1,1
1333,0,2527,1067,33,25,1,1,1,1
1334,0,1302,1100,260,41,1,1,1,1
1334,0,2525,1067,35,25,1,1,1,1
1335,0,1307,1100,259,41,1,1,1,1
1335,0,2523,1067,37,26,1,1,1,1
1336,0,1312,1100,259,41,1,1,1,1
1336,0,2521,1067,39,26,1,1,1,1
1337,0,1318,1100,258,41,1,1,1,1
1337,0,2519,1066,41,26,1,1,1,1
1338,0,1323,1100,257,41,1,1,1,1
1338,0,2517,1066,43,26,1,1,1,1
1339,0,1328,1100,257,41,1,1,1,1
1339,0,2515,1066,45,27,1,1,1,1
1340,0,1333,1100,256,41,1,1,1,1
1340,0,2513,1066,47,27,1,1,1,1
1341,0,1338,1100,256,41,1,1,1,1
1341,0,2510,1066,50,27,1,1,1,1
1342,0,1343,1100,255,41,1,1,1,1
1342,0,2508,1066,52,27,1,1,1,1
1343,0,1348,1100,254,40,1,1,1,1
1343,0,2506,1066,54,28,1,1,1,1
1344,0,1353,1100,254,40,1,1,1,1
1344,0,2504,1066,56,28,1,1,1,1
1345,0,1358,1100,253,40,1,1,1,1
1345,0,2502,1066,58,28,1,1,1,1
1346,0,1363,1100,253,40,1,1,1,1
1346,0,2500,1066,61,28,1,1,1,1
1347,0,1368,1100,252,40,1,1,1,1
1347,0,2497,1066,63,28,1,1,1,1
1348,0,1374,1100,251,40,1,1,1,1
1348,0,2495,1066,65,28,1,1,1,1
1349,0,1379,1100,251,40,1,1,1,1
1349,0,2493,1066,68,28,1,1,1,1
1350,0,1384,1100,250,40,1,1,1,1
1350,0,2491,1066,70,28,1,1,1,1
1351,0,1389,1100,250,40,1,1,1,1
1351,0,2488,1065,72,29,1,1,1,1
1352,0,1394,1100,249,40,1,1,1,1
1352,0,2486,1065,74,29,1,1,1,1
1353,0,1399,1100,249,40,1,1,1,1
1353,0,2484,1065,77,29,1,1,1,1
1354,0,1404,1099,248,40,1,1,1,1
1354,0,2482,1065,79,29,1,1,1,1
1355,0,1409,1099,247,40,1,1,1,1
1355,0,2479,1065,81,29,1,1,1,1
1356,0,1414,1099,247,40,1,1,1,1
1356,0,2477,1065,84,29,1,1,1,1
1357,0,1419,1099,246,40,1,1,1,1
1357,0,2475,1065,86,29,1,1,1,1
1358,0,1424,1099,246,40,1,1,1,1
1358,0,2473,1065,86,29,1,1,1,1
1359,0,1430,1099,245,40,1,1,1,1
1359,0,2471,1065,87,29,1,1,1,1
1360,0,1435,1099,244,40,1,1,1,1
1360,0,2468,1064,87,30,1,1,1,1
1361,0,1440,1099,244,40,1,1,1,1
1361,0,2466,1064,88,30,1,1,1,1
1362,0,1445,1099,243,40,1,1,1,1
1362,0,2464,1064,88,30,1,1,1,1
1363,0,1450,1099,243,40,1,1,1,1
1363,0,2462,1064,88,30,1,1,1,1
1364,0,1455,1099,242,40,1,1,1,1
1364,0,2460,1064,88,30,1,1,1,1
1365,0,1459,1099,241,40,1,1,1,1
1365,0,2458,1064,89,30,1,1,1,1
1366,0,1464,1099,241,40,1,1,1,1
1366,0,2455,1063,89,30,1,1,1,1
1367,0,1468,1099,240,40,1,1,1,1
1367,0,2453,1063,89,30,1,1,1,1
1368,0,1473,1099,240,40,1,1,1,1
1368,0,2451,1063,89,30,1,1,1,1
1369,0,1477,1099,239,40,1,1,1,1
1369,0,2448,1063,89,30,1,1,1,1
1370,0,1482,1099,239,40,1,1,1,1
1370,0,2446,1063,89,30,1,1,1,1
1371,0,1486,1099,238,40,1,1,1,1
1371,0,2443,1063,89,30,1,1,1,1
1372,0,1491,1098,238,40,1,1,1,1
1372,0,2441,1063,89,30,1,1,1,1
1373,0,1495,1098,237,40,1,1,1,1
1373,0,2438,1063,89,30,1,1,1,1
1374,0,1500,1098,236,40,1,1,1,1
1374,0,2436,1063,90,30,1,1,1,1
1375,0,1504,1098,236,40,1,1,1,1
1375,0,2433,1063,90,30,1,1,1,1
1376,0,1509,1098,235,39,1,1,1,1
1376,0,2430,1063,90,30,1,1,1,1
1377,0,1513,1098,235,39,1,1,1,1
1377,0,2428,1064,90,31,1,1,1,1
1378,0,1518,1098,234,39,1,1,1,1
1378,0,2425,1064,90,31,1,1,1,1
1379,0,1522,1098,234,39,1,1,1,1
1379,0,2423,1064,90,31,1,1,1,1
1380,0,1527,1098,233,39,1,1,1,1
1380,0,2420,1064,90,31,1,1,1,1
1381,0,1531,1098,233,39,1,1,1,1
1381,0,2418,1064,90,31,1,1,1,1
1382,0,1536,1098,232,39,1,1,1,1
1382,0,2415,1064,90,31,1,1,1,1
1383,0,1540,1098,231,39,1,1,1,1
1383,0,2413,1064,90,31,1,1,1,1
1384,0,1545,1098,231,39,1,1,1,1
1384,0,2410,1064,91,31,1,1,1,1
1385,0,1549,1098,230,39,1,1,1,1
1385,0,2407,1064,91,31,1,1,1,1
1386,0,1554,1098,230,39,1,1,1,1
1386,0,2405,1064,91,31,1,1,1,1
1387,0,1558,1097,229,39,1,1,1,1
1387,0,2402,1064,91,31,1,1,1,1
1388,0,1563,1097,229,39,1,1,1,1
1388,0,2400,1064,91,31,1,1,1,1
1389,0,1567,1097,228,39,1,1,1,1
1389,0,2397,1064,91,31,1,1,1,1
1390,0,1572,1097,228,39,1,1,1,1
1390,0,2395,1064,91,31,1,1,1,1
1391,0,1576,1097,227,39,1,1,1,1
1391,0,2392,1064,91,31,1,1,1,1
1392,0,1581,1097,226,39,1,1,1,1
1392,0,2389,1064,91,31,1,1,1,1
1393,0,1585,1097,226,39,1,1,1,1
1393,0,2387,1064,91,31,1,1,1,1
1394,0,1590,1097,225,39,1,1,1,1
1394,0,2384,1064,91,31,1,1,1,1
1395,0,1594,1097,225,39,1,1,1,1
1395,0,2382,1065,92,32,1,1,1,1
1396,0,1599,1097,224,39,1,1,1,1
1396,0,2379,1065,92,32,1,1,1,1
1397,0,1603,1097,224,39,1,1,1,1
1397,0,2377,1065,92,32,1,1,1,1
1398,0,1608,1097,223,38,1,1,1,1
1398,0,2374,1065,92,32,1,1,1,1
1399,0,1612,1097,223,38,1,1,1,1
1399,0,2371,1065,92,32,1,1,1,1
1400,0,1617,1097,222,38,1,1,1,1
1400,0,2369,1065,92,32,1,1,1,1
1401,0,1621,1097,221,38,1,1,1,1
1401,0,2366,1065,92,32,1,1,1,1
1402,0,1626,1096,221,38,1,1,1,1
1402,0,2364,1065,92,32,1,1,1,1
1403,0,1630,1096,220,38,1,1,1,1
1403,0,2361,1065,92,32,1,1,1,1
1404,0,1635,1096,220,38,1,1,1,1
1404,0,2359,1065,92,32,1,1,1,1
1405,0,1639,1096,219,38,1,1,1,1
1405,0,2356,1065,92,32,1,1,1,1
1406,0,1644,1096,219,38,1,1,1,1
1406,0,2353,1065,93,32,1,1,1,1
1407,0,1648,1096,218,38,1,1,1,1
1407,0,2351,1065,93,32,1,1,1,1
1408,0,1653,1096,218,38,1,1,1,1
1408,0,2348,1065,93,32,1,1,1,1
1409,0,1657,1096,217,38,1,1,1,1
1409,0,2346,1065,93,32,1,1,1,1
1410,0,1661,1096,217,38,1,1,1,1
1410,0,2343,1065,93,32,1,1,1,1
1411,0,1665,1096,216,38,1,1,1,1
1411,0,2341,1065,93,32,1,1,1,1
1412,0,1669,1096,216,38,1,1,1,1
1412,0,2338,1065,93,32,1,1,1,1
1413,0,1673,1096,215,38,1,1,1,1
1413,0,2336,1066,93,33,1,1,1,1
1414,0,1677,1096,215,38,1,1,1,1
1414,0,2333,1066,93,33,1,1,1,1
1415,0,1681,1096,214,38,1,1,1,1
1415,0,2330,1066,93,33,1,1,1,1
1416,0,1686,1096,214,38,1,1,1,1
1416,0,2328,1066,94,33,1,1,1,1
1417,0,1690,1095,213,37,1,1,1,1
1417,0,2325,1066,94,33,1,1,1,1
1418,0,1694,1095,213,37,1,1,1,1
1418,0,2323,1066,94,33,1,1,1,1
1419,0,1698,1095,212,37,1,1,1,1
1419,0,2320,1066,94,33,1,1,1,1
1420,0,1702,1095,212,37,1,1,1,1
1420,0,2318,1066,94,33,1,1,1,1
1421,0,1706,1095,211,37,1,1,1,1
1421,0,2315,1066,94,33,1,1,1,1
1422,0,1710,1095,211,37,1,1,1,1
1422,0,2312,1066,95,33,1,1,1,1
1423,0,1714,1095,211,37,1,1,1,1
1423,0,2309,1066,95,33,1,1,1,1
1424,0,1718,1095,210,37,1,1,1,1
1424,0,2306,1066,96,33,1,1,1,1
1425,0,1722,1095,210,37,1,1,1,1
1425,0,2303,1066,96,33,1,1,1,1
1426,0,1726,1095,209,37,1,1,1,1
1426,0,2300,1066,97,33,1,1,1,1
1427,0,1730,1095,209,37,1,1,1,1
1427,0,2297,1066,97,33,1,1,1,1
1428,0,1734,1095,208,37,1,1,1,1
1428,0,2294,1066,98,33,1,1,1,1
1429,0,1738,1095,208,37,1,1,1,1
1429,0,2291,1067,99,34,1,1,1,1
1430,0,1743,1095,207,37,1,1,1,1
1430,0,2287,1067,99,34,1,1,1,1
1431,0,1747,1094,207,36,1,1,1,1
1431,0,2284,1067,100,34,1,1,1,1
1432,0,1751,1094,206,36,1,1,1,1
1432,0,2281,1067,100,34,1,1,1,1
1433,0,1755,1094,206,36,1,1,1,1
1433,0,2278,1067,101,34,1,1,1,1
1434,0,1759,1094,205,36,1,1,1,1
1434,0,2275,1067,101,34,1,1,1,1
1435,0,1763,1094,205,36,1,1,1,1
1435,0,2272,1067,102,34,1,1,1,1
1436,0,1767,1094,204,36,1,1,1,1
1436,0,2269,1067,102,34,1,1,1,1
1437,0,1771,1094,204,36,1,1,1,1
1437,0,2266,1067,103,34,1,1,1,1
