2,761200000,1936,1089,73,21,1,1,1,1
3,761200000,1932,1089,74,21,1,1,1,1
4,761200000,1929,1089,71,21,1,1,1,1
5,761200000,1925,1088,72,22,1,1,1,1
6,761200000,1921,1088,72,22,1,1,1,1
7,761200000,1917,1088,73,22,1,1,1,1
8,761200000,1914,1088,73,22,1,1,1,1
9,761200000,1910,1088,73,22,1,1,1,1
10,761200000,1906,1089,73,22,1,1,1,1
11,761200000,1902,1089,74,22,1,1,1,1
12,761200000,1898,1089,74,22,1,1,1,1
13,761200000,1894,1089,74,22,1,1,1,1
14,761200000,1891,1089,75,23,1,1,1,1
15,761200000,1887,1089,75,23,1,1,1,1
16,761200000,1883,1089,75,23,1,1,1,1
17,761200000,1879,1089,75,23,1,1,1,1
18,761200000,1875,1089,76,23,1,1,1,1
19,761200000,1871,1090,76,23,1,1,1,1
20,761200000,1868,1090,76,23,1,1,1,1
21,761200000,1864,1090,76,23,1,1,1,1
22,761200000,1860,1090,77,23,1,1,1,1
23,761200000,1856,1090,77,23,1,1,1,1
24,761200000,1852,1090,77,23,1,1,1,1
25,761200000,1848,1090,78,23,1,1,1,1
26,761200000,1844,1090,78,23,1,1,1,1
27,761200000,1840,1090,78,24,1,1,1,1
28,761200000,1836,1090,79,24,1,1,1,1
29,761200000,1832,1090,79,24,1,1,1,1
30,761200000,1828,1090,79,24,1,1,1,1
31,761200000,1824,1090,79,24,1,1,1,1
32,761200000,1820,1090,80,24,1,1,1,1
33,761200000,1816,1090,80,25,1,1,1,1
34,761200000,1812,1090,80,25,1,1,1,1
35,761200000,1808,1090,81,25,1,1,1,1
36,761200000,1804,1090,81,25,1,1,1,1
37,761200000,1800,1090,81,25,1,1,1,1
38,761200000,1795,1090,81,25,1,1,1,1
39,761200000,1791,1090,81,25,1,1,1,1
40,761200000,1787,1090,81,25,1,1,1,1
41,761200000,1783,1090,81,25,1,1,1,1
42,761200000,1778,1090,81,25,1,1,1,1
43,761200000,1774,1090,81,25,1,1,1,1
44,761200000,1770,1090,81,25,1,1,1,1
45,761200000,1766,1091,82,25,1,1,1,1
46,761200000,1761,1091,82,25,1,1,1,1
47,761200000,1757,1091,82,25,1,1,1,1
48,761200000,1753,1091,82,25,1,1,1,1
49,761200000,1748,1091,82,25,1,1,1,1
50,761200000,1744,1091,82,25,1,1,1,1
51,761200000,1740,1091,82,25,1,1,1,1
52,761200000,1736,1091,82,25,1,1,1,1
53,761200000,1731,1091,82,25,1,1,1,1
54,761200000,1727,1091,82,25,1,1,1,1
55,761200000,1723,1093,84,23,1,1,1,1
56,761200000,1718,1092,83,23,1,1,1,1
57,761200000,1715,1092,83,23,1,1,1,1
58,761200000,1708,1092,86,24,1,1,1,1
59,761200000,1704,1093,85,23,1,1,1,1
60,761200000,1699,1093,85,23,1,1,1,1
61,761200000,1695,1093,86,23,1,1,1,1
62,761200000,1690,1093,86,23,1,1,1,1
63,761200000,1685,1093,86,23,1,1,1,1
64,761200000,1680,1093,86,23,1,1,1,1
65,761200000,1676,1093,87,23,1,1,1,1
66,761200000,1671,1093,87,23,1,1,1,1
67,761200000,1666,1093,87,23,1,1,1,1
68,761200000,1661,1094,87,23,1,1,1,1
69,761200000,1657,1094,88,23,1,1,1,1
70,761200000,1652,1094,88,23,1,1,1,1
71,761200000,1647,1094,88,23,1,1,1,1
72,761200000,1642,1094,88,23,1,1,1,1
73,761200000,1638,1094,89,23,1,1,1,1
74,761200000,1633,1094,89,23,1,1,1,1
75,761200000,1628,1094,89,23,1,1,1,1
76,761200000,1624,1094,90,24,1,1,1,1
77,761200000,1619,1094,90,24,1,1,1,1
78,761200000,1614,1094,90,24,1,1,1,1
79,761200000,1609,1094,90,24,1,1,1,1
80,761200000,1605,1094,91,24,1,1,1,1
81,761200000,1600,1094,91,24,1,1,1,1
82,761200000,1595,1094,91,24,1,1,1,1
83,761200000,1590,1094,91,24,1,1,1,1
84,761200000,1586,1094,92,24,1,1,1,1
85,761200000,1581,1095,92,24,1,1,1,1
86,761200000,1576,1095,92,24,1,1,1,1
87,761200000,1571,1095,92,24,1,1,1,1
88,761200000,1567,1095,93,24,1,1,1,1
89,761200000,1562,1095,93,24,1,1,1,1
90,761200000,1557,1095,93,24,1,1,1,1
91,761200000,1552,1095,93,24,1,1,1,1
92,761200000,1548,1095,94,24,1,1,1,1
93,761200000,1543,1095,94,24,1,1,1,1
94,761200000,1537,1095,94,24,1,1,1,1
95,761200000,1532,1095,95,24,1,1,1,1
96,761200000,1526,1095,95,24,1,1,1,1
97,761200000,1520,1095,95,24,1,1,1,1
98,761200000,1514,1095,96,24,1,1,1,1
99,761200000,1509,1095,96,24,1,1,1,1
100,761200000,1503,1096,96,24,1,1,1,1
101,761200000,1497,1096,96,24,1,1,1,1
102,761200000,1492,1096,97,24,1,1,1,1
103,761200000,1486,1096,97,24,1,1,1,1
104,761200000,1480,1096,97,24,1,1,1,1
105,761200000,1474,1096,98,24,1,1,1,1
106,761200000,1469,1096,98,25,1,1,1,1
107,761200000,1463,1096,98,25,1,1,1,1
108,761200000,1457,1096,99,25,1,1,1,1
109,761200000,1451,1096,99,25,1,1,1,1
110,761200000,1446,1096,99,25,1,1,1,1
111,761200000,1440,1096,99,25,1,1,1,1
112,761200000,1434,1097,100,25,1,1,1,1
113,761200000,1429,1097,100,25,1,1,1,1
114,761200000,1423,1097,100,25,1,1,1,1
115,761200000,1417,1097,101,25,1,1,1,1
116,761200000,1411,1097,101,25,1,1,1,1
117,761200000,1406,1097,101,25,1,1,1,1
118,761200000,1400,1097,102,25,1,1,1,1
119,761200000,1394,1097,102,25,1,1,1,1
120,761200000,1389,1097,102,25,1,1,1,1
121,761200000,1383,1097,102,25,1,1,1,1
122,761200000,1377,1097,103,25,1,1,1,1
123,761200000,1371,1097,103,25,1,1,1,1
124,761200000,1366,1097,103,25,1,1,1,1
125,761200000,1360,1098,104,25,1,1,1,1
126,761200000,1354,1098,104,25,1,1,1,1
126,761200000,0,1115,22,25,1,1,1,1
127,761200000,1349,1098,104,25,1,1,1,1
127,761200000,0,1114,34,26,1,1,1,1
128,761200000,1343,1098,105,25,1,1,1,1
128,761200000,0,1113,46,28,1,1,1,1
129,761200000,1337,1098,105,25,1,1,1,1
129,761200000,0,1111,57,29,1,1,1,1
130,761200000,1331,1098,105,25,1,1,1,1
130,917200000,0,1110,69,31,1,1,1,1
131,761200000,1326,1098,105,26,1,1,1,1
131,917200000,0,1109,81,32,1,1,1,1
132,761200000,1320,1098,106,26,1,1,1,1
132,917200000,0,1108,93,34,1,1,1,1
133,761200000,1314,1098,106,26,1,1,1,1
133,917200000,0,1107,105,35,1,1,1,1
134,761200000,1308,1098,106,26,1,1,1,1
134,917200000,0,1105,116,37,1,1,1,1
135,761200000,1303,1098,107,26,1,1,1,1
135,917200000,0,1104,128,38,1,1,1,1
136,761200000,1297,1098,107,26,1,1,1,1
136,917200000,0,1103,140,40,1,1,1,1
137,761200000,1291,1099,107,26,1,1,1,1
137,917200000,0,1102,152,41,1,1,1,1
138,761200000,1286,1099,108,26,1,1,1,1
138,917200000,0,1101,164,43,1,1,1,1
139,761200000,1280,1099,108,26,1,1,1,1
139,917200000,0,1099,175,44,1,1,1,1
140,761200000,1274,1099,108,26,1,1,1,1
140,917200000,0,1098,187,46,1,1,1,1
141,761200000,1268,1099,108,26,1,1,1,1
141,917200000,0,1097,199,47,1,1,1,1
142,761200000,1263,1099,109,26,1,1,1,1
142,917200000,1,1097,209,48,1,1,1,1
143,761200000,1257,1099,109,26,1,1,1,1
143,917200000,2,1096,220,48,1,1,1,1
144,761200000,1250,1099,109,26,1,1,1,1
144,917200000,3,1096,230,49,1,1,1,1
145,761200000,1243,1099,110,26,1,1,1,1
145,917200000,3,1095,241,49,1,1,1,1
146,761200000,1237,1099,110,26,1,1,1,1
146,917200000,4,1095,251,50,1,1,1,1
147,761200000,1230,1099,111,27,1,1,1,1
147,917200000,5,1094,261,51,1,1,1,1
148,761200000,1223,1099,111,27,1,1,1,1
148,917200000,6,1094,272,51,1,1,1,1
149,761200000,1216,1099,112,27,1,1,1,1
149,917200000,7,1093,282,52,1,1,1,1
150,761200000,1210,1099,112,27,1,1,1,1
150,917200000,8,1093,293,52,1,1,1,1
151,761200000,1203,1099,113,27,1,1,1,1
151,917200000,9,1093,303,53,1,1,1,1
152,761200000,1196,1099,113,27,1,1,1,1
152,917200000,9,1092,313,54,1,1,1,1
153,761200000,1189,1099,114,27,1,1,1,1
153,917200000,10,1092,324,54,1,1,1,1
154,761200000,1182,1099,114,28,1,1,1,1
154,917200000,11,1091,334,55,1,1,1,1
155,761200000,1176,1099,115,28,1,1,1,1
155,917200000,12,1091,345,55,1,1,1,1
156,761200000,1169,1099,115,28,1,1,1,1
156,917200000,13,1090,355,56,1,1,1,1
157,761200000,1162,1098,116,28,1,1,1,1
157,917200000,14,1090,365,57,1,1,1,1
158,761200000,1155,1098,116,28,1,1,1,1
158,917200000,14,1089,376,57,1,1,1,1
159,761200000,1149,1098,117,28,1,1,1,1
159,917200000,15,1089,386,58,1,1,1,1
160,761200000,1142,1098,117,29,1,1,1,1
160,917200000,16,1088,397,58,1,1,1,1
161,761200000,1135,1098,118,29,1,1,1,1
161,917200000,17,1088,407,59,1,1,1,1
162,761200000,1128,1098,118,29,1,1,1,1
162,917200000,28,1088,406,59,1,1,1,1
163,761200000,1121,1098,119,29,1,1,1,1
163,917200000,39,1088,405,59,1,1,1,1
164,761200000,1115,1098,119,29,1,1,1,1
164,917200000,51,1088,404,59,1,1,1,1
165,761200000,1108,1098,120,29,1,1,1,1
165,917200000,62,1088,403,59,1,1,1,1
166,761200000,1101,1098,120,29,1,1,1,1
166,917200000,73,1088,402,58,1,1,1,1
167,761200000,1094,1098,121,30,1,1,1,1
167,917200000,84,1089,400,58,1,1,1,1
168,761200000,1088,1098,121,30,1,1,1,1
168,917200000,95,1089,399,58,1,1,1,1
169,761200000,1081,1098,122,30,1,1,1,1
169,917200000,106,1089,398,58,1,1,1,1
170,761200000,1074,1098,122,30,1,1,1,1
170,917200000,118,1089,397,58,1,1,1,1
171,761200000,1066,1098,123,30,1,1,1,1
171,917200000,129,1089,396,58,1,1,1,1
172,761200000,1059,1098,123,30,1,1,1,1
172,917200000,140,1089,395,58,1,1,1,1
173,761200000,1051,1098,124,30,1,1,1,1
173,917200000,151,1089,394,58,1,1,1,1
174,761200000,1043,1098,124,30,1,1,1,1
174,917200000,162,1089,393,58,1,1,1,1
175,761200000,1035,1098,125,30,1,1,1,1
175,917200000,173,1089,392,58,1,1,1,1
176,761200000,1028,1098,125,30,1,1,1,1
176,917200000,185,1089,391,57,1,1,1,1
177,761200000,1020,1098,126,30,1,1,1,1
177,917200000,196,1089,390,57,1,1,1,1
178,761200000,1012,1098,127,30,1,1,1,1
178,917200000,207,1089,389,57,1,1,1,1
179,761200000,1004,1098,127,30,1,1,1,1
179,917200000,218,1090,387,57,1,1,1,1
180,761200000,997,1098,128,30,1,1,1,1
180,917200000,229,1090,386,57,1,1,1,1
181,761200000,989,1098,128,30,1,1,1,1
181,917200000,240,1090,385,57,1,1,1,1
182,761200000,981,1098,129,30,1,1,1,1
182,917200000,252,1090,384,57,1,1,1,1
183,761200000,973,1098,129,30,1,1,1,1
183,917200000,263,1090,383,57,1,1,1,1
184,761200000,966,1098,130,30,1,1,1,1
184,917200000,274,1090,382,57,1,1,1,1
185,761200000,958,1099,131,30,1,1,1,1
185,917200000,285,1090,381,56,1,1,1,1
186,761200000,950,1099,131,30,1,1,1,1
186,917200000,296,1090,380,56,1,1,1,1
187,761200000,943,1099,132,30,1,1,1,1
187,917200000,307,1090,379,56,1,1,1,1
188,761200000,935,1099,132,30,1,1,1,1
188,917200000,319,1090,378,56,1,1,1,1
189,761200000,927,1099,133,30,1,1,1,1
189,917200000,330,1090,377,56,1,1,1,1
190,761200000,919,1099,133,30,1,1,1,1
190,917200000,341,1090,376,56,1,1,1,1
191,761200000,912,1099,134,30,1,1,1,1
191,917200000,352,1091,374,56,1,1,1,1
192,761200000,904,1099,134,30,1,1,1,1
192,917200000,363,1091,373,56,1,1,1,1
193,761200000,896,1099,135,30,1,1,1,1
193,917200000,374,1091,372,56,1,1,1,1
194,761200000,888,1099,136,30,1,1,1,1
194,917200000,386,1091,371,55,1,1,1,1
195,761200000,881,1099,136,30,1,1,1,1
195,917200000,397,1091,370,55,1,1,1,1
196,761200000,873,1099,137,30,1,1,1,1
196,917200000,408,1091,369,55,1,1,1,1
197,761200000,865,1099,137,30,1,1,1,1
197,917200000,419,1091,368,55,1,1,1,1
198,761200000,857,1099,138,30,1,1,1,1
198,917200000,430,1091,367,55,1,1,1,1
199,761200000,850,1099,138,30,1,1,1,1
199,917200000,441,1091,366,55,1,1,1,1
200,761200000,842,1099,139,30,1,1,1,1
200,917200000,453,1091,365,55,1,1,1,1
201,761200000,834,1099,140,30,1,1,1,1
201,917200000,464,1091,364,55,1,1,1,1
202,761200000,826,1099,141,31,1,1,1,1
202,917200000,475,1091,363,55,1,1,1,1
203,761200000,817,1098,142,31,1,1,1,1
203,917200000,486,1092,361,55,1,1,1,1
204,761200000,809,1098,143,31,1,1,1,1
204,917200000,497,1092,360,54,1,1,1,1
205,761200000,806,1099,136,30,1,1,1,1
205,917200000,508,1092,359,54,1,1,1,1
206,761200000,803,1099,128,29,1,1,1,1
206,917200000,520,1092,358,54,1,1,1,1
207,761200000,794,1099,129,29,1,1,1,1
207,917200000,531,1092,357,54,1,1,1,1
208,761200000,784,1099,131,29,1,1,1,1
208,917200000,542,1092,356,54,1,1,1,1
209,761200000,775,1099,132,29,1,1,1,1
209,917200000,552,1092,355,54,1,1,1,1
210,761200000,766,1099,134,29,1,1,1,1
210,917200000,562,1092,353,54,1,1,1,1
211,761200000,756,1099,135,29,1,1,1,1
211,917200000,572,1092,352,54,1,1,1,1
212,761200000,747,1098,136,30,1,1,1,1
212,917200000,582,1092,350,54,1,1,1,1
213,761200000,738,1098,138,30,1,1,1,1
213,917200000,592,1092,349,54,1,1,1,1
214,761200000,728,1098,139,30,1,1,1,1
214,917200000,602,1092,347,54,1,1,1,1
215,761200000,719,1098,140,30,1,1,1,1
215,917200000,612,1092,346,54,1,1,1,1
216,761200000,710,1098,142,30,1,1,1,1
216,917200000,622,1092,344,54,1,1,1,1
217,761200000,700,1098,143,30,1,1,1,1
217,917200000,632,1092,343,54,1,1,1,1
218,761200000,691,1098,145,30,1,1,1,1
218,917200000,642,1092,341,54,1,1,1,1
219,761200000,682,1098,146,30,1,1,1,1
219,917200000,653,1093,340,54,1,1,1,1
220,761200000,672,1098,147,30,1,1,1,1
220,917200000,663,1093,339,53,1,1,1,1
221,761200000,663,1098,149,30,1,1,1,1
221,917200000,673,1093,337,53,1,1,1,1
222,761200000,654,1097,150,31,1,1,1,1
222,917200000,683,1093,336,53,1,1,1,1
223,761200000,644,1097,151,31,1,1,1,1
223,917200000,693,1093,334,53,1,1,1,1
224,761200000,635,1097,153,31,1,1,1,1
224,917200000,703,1093,333,53,1,1,1,1
225,761200000,626,1097,154,31,1,1,1,1
225,917200000,713,1093,331,53,1,1,1,1
226,761200000,616,1097,156,31,1,1,1,1
226,917200000,723,1093,330,53,1,1,1,1
227,761200000,607,1097,157,31,1,1,1,1
227,917200000,733,1093,328,53,1,1,1,1
228,761200000,598,1097,157,31,1,1,1,1
228,917200000,743,1093,327,53,1,1,1,1
229,761200000,588,1097,157,31,1,1,1,1
229,917200000,753,1093,325,53,1,1,1,1
230,761200000,579,1098,157,30,1,1,1,1
230,917200000,763,1093,324,53,1,1,1,1
231,761200000,569,1098,157,30,1,1,1,1
231,917200000,772,1093,323,53,1,1,1,1
232,761200000,560,1098,157,30,1,1,1,1
232,917200000,781,1093,323,53,1,1,1,1
233,761200000,551,1098,157,30,1,1,1,1
233,917200000,791,1093,322,53,1,1,1,1
234,761200000,541,1098,157,30,1,1,1,1
234,917200000,800,1093,322,53,1,1,1,1
235,761200000,532,1098,157,30,1,1,1,1
235,917200000,809,1094,321,53,1,1,1,1
235,868100000,2547,1070,13,22,1,1,1,1
236,761200000,522,1099,158,29,1,1,1,1
236,917200000,818,1094,320,52,1,1,1,1
236,868100000,2545,1070,15,22,1,1,1,1
237,761200000,513,1099,158,29,1,1,1,1
237,917200000,827,1094,320,52,1,1,1,1
237,868100000,2543,1070,17,22,1,1,1,1
238,761200000,503,1099,158,29,1,1,1,1
238,917200000,837,1094,319,52,1,1,1,1
238,868100000,2541,1070,19,22,1,1,1,1
239,761200000,494,1099,158,29,1,1,1,1
239,917200000,846,1094,319,52,1,1,1,1
239,868100000,2539,1070,21,22,1,1,1,1
240,761200000,485,1099,158,29,1,1,1,1
240,917200000,855,1094,318,52,1,1,1,1
240,868100000,2537,1070,23,22,1,1,1,1
241,761200000,475,1099,158,29,1,1,1,1
241,917200000,864,1094,317,52,1,1,1,1
241,868100000,2535,1070,25,22,1,1,1,1
242,761200000,466,1100,158,28,1,1,1,1
242,917200000,873,1094,316,52,1,1,1,1
242,868100000,2533,1070,27,22,1,1,1,1
243,761200000,456,1100,158,28,1,1,1,1
243,917200000,882,1094,314,52,1,1,1,1
243,868100000,2531,1070,29,22,1,1,1,1
244,761200000,447,1100,158,28,1,1,1,1
244,917200000,891,1094,313,52,1,1,1,1
244,868100000,2529,1070,31,22,1,1,1,1
245,761200000,437,1100,159,28,1,1,1,1
245,917200000,900,1094,311,52,1,1,1,1
245,868100000,2527,1070,33,22,1,1,1,1
246,761200000,427,1099,159,28,1,1,1,1
246,917200000,909,1094,310,52,1,1,1,1
246,868100000,2525,1070,35,22,1,1,1,1
247,761200000,417,1099,160,29,1,1,1,1
247,917200000,918,1094,309,52,1,1,1,1
247,868100000,2523,1070,37,22,1,1,1,1
248,761200000,407,1099,160,29,1,1,1,1
248,917200000,927,1094,308,52,1,1,1,1
248,868100000,2522,1070,39,23,1,1,1,1
249,761200000,397,1099,161,29,1,1,1,1
249,917200000,935,1094,306,52,1,1,1,1
249,868100000,2520,1069,40,23,1,1,1,1
250,761200000,387,1098,162,29,1,1,1,1
250,917200000,944,1094,305,52,1,1,1,1
250,868100000,2518,1069,42,23,1,1,1,1
251,761200000,377,1098,162,29,1,1,1,1
251,917200000,953,1094,304,52,1,1,1,1
251,868100000,2516,1069,44,23,1,1,1,1
252,761200000,366,1098,163,30,1,1,1,1
252,917200000,962,1094,302,52,1,1,1,1
252,868100000,2514,1069,46,23,1,1,1,1
253,761200000,356,1098,163,30,1,1,1,1
253,917200000,971,1094,301,52,1,1,1,1
253,868100000,2512,1069,48,23,1,1,1,1
254,761200000,346,1097,164,30,1,1,1,1
254,917200000,979,1094,301,52,1,1,1,1
254,868100000,2510,1069,50,23,1,1,1,1
255,761200000,336,1097,165,30,1,1,1,1
255,917200000,988,1094,300,52,1,1,1,1
255,868100000,2508,1069,52,23,1,1,1,1
256,761200000,326,1097,165,30,1,1,1,1
256,917200000,997,1093,299,52,1,1,1,1
256,868100000,2506,1069,54,23,1,1,1,1
257,761200000,316,1097,166,31,1,1,1,1
257,917200000,1005,1093,299,52,1,1,1,1
257,868100000,2504,1069,56,23,1,1,1,1
258,761200000,306,1096,166,31,1,1,1,1
258,917200000,1014,1093,298,52,1,1,1,1
258,868100000,2502,1069,58,23,1,1,1,1
259,761200000,296,1096,167,31,1,1,1,1
259,917200000,1022,1093,297,52,1,1,1,1
259,868100000,2500,1069,60,23,1,1,1,1
260,761200000,285,1096,168,31,1,1,1,1
260,917200000,1030,1093,297,52,1,1,1,1
260,868100000,2498,1069,62,23,1,1,1,1
261,761200000,275,1096,169,31,1,1,1,1
261,917200000,1039,1093,296,52,1,1,1,1
261,868100000,2496,1069,64,23,1,1,1,1
262,761200000,264,1096,169,31,1,1,1,1
262,917200000,1047,1092,295,52,1,1,1,1
262,868100000,2494,1068,66,24,1,1,1,1
263,761200000,254,1096,170,31,1,1,1,1
263,917200000,1055,1092,295,52,1,1,1,1
263,868100000,2492,1067,68,25,1,1,1,1
264,761200000,243,1096,171,31,1,1,1,1
264,917200000,1063,1092,294,52,1,1,1,1
264,868100000,2490,1067,70,26,1,1,1,1
265,761200000,233,1097,172,31,1,1,1,1
265,917200000,1071,1092,294,52,1,1,1,1
265,868100000,2488,1066,72,27,1,1,1,1
266,761200000,222,1097,172,30,1,1,1,1
266,917200000,1078,1092,294,52,1,1,1,1
266,868100000,2486,1065,74,28,1,1,1,1
267,761200000,211,1097,173,30,1,1,1,1
267,917200000,1086,1092,294,52,1,1,1,1
267,868100000,2484,1064,76,28,1,1,1,1
268,761200000,201,1097,174,30,1,1,1,1
268,917200000,1093,1092,294,52,1,1,1,1
268,868100000,2482,1063,78,29,1,1,1,1
269,761200000,190,1097,175,30,1,1,1,1
269,917200000,1101,1092,294,52,1,1,1,1
269,868100000,2480,1062,80,30,1,1,1,1
270,761200000,180,1097,175,30,1,1,1,1
270,917200000,1110,1092,291,52,1,1,1,1
270,868100000,2478,1062,82,31,1,1,1,1
271,761200000,169,1097,176,30,1,1,1,1
271,917200000,1119,1092,289,52,1,1,1,1
271,868100000,2476,1061,84,32,1,1,1,1
272,761200000,158,1097,177,30,1,1,1,1
272,917200000,1128,1092,286,52,1,1,1,1
272,868100000,2474,1060,86,33,1,1,1,1
273,761200000,147,1097,177,30,1,1,1,1
273,917200000,1136,1092,285,52,1,1,1,1
273,868100000,2472,1060,86,33,1,1,1,1
274,761200000,136,1096,178,30,1,1,1,1
274,917200000,1144,1092,284,52,1,1,1,1
274,868100000,2470,1061,86,33,1,1,1,1
275,761200000,125,1096,178,31,1,1,1,1
275,917200000,1151,1092,283,52,1,1,1,1
275,868100000,2468,1061,86,32,1,1,1,1
276,761200000,114,1096,179,31,1,1,1,1
276,917200000,1159,1092,282,52,1,1,1,1
276,868100000,2466,1061,87,32,1,1,1,1
277,761200000,103,1096,179,31,1,1,1,1
277,917200000,1167,1092,281,52,1,1,1,1
277,868100000,2464,1061,87,32,1,1,1,1
278,761200000,92,1096,180,31,1,1,1,1
278,917200000,1175,1091,280,52,1,1,1,1
278,868100000,2462,1062,87,32,1,1,1,1
279,761200000,81,1095,181,31,1,1,1,1
279,917200000,1183,1091,279,52,1,1,1,1
279,868100000,2460,1062,87,32,1,1,1,1
280,761200000,70,1095,181,31,1,1,1,1
280,917200000,1190,1091,278,52,1,1,1,1
280,868100000,2458,1062,87,32,1,1,1,1
281,761200000,59,1095,182,31,1,1,1,1
281,917200000,1198,1091,277,52,1,1,1,1
281,868100000,2456,1062,87,31,1,1,1,1
282,761200000,48,1095,182,32,1,1,1,1
282,917200000,1206,1091,276,52,1,1,1,1
282,868100000,2454,1063,87,31,1,1,1,1
283,761200000,37,1094,183,32,1,1,1,1
283,917200000,1213,1091,275,52,1,1,1,1
283,868100000,2452,1063,87,31,1,1,1,1
284,761200000,26,1094,183,32,1,1,1,1
284,917200000,1221,1091,275,52,1,1,1,1
284,868100000,2450,1063,88,31,1,1,1,1
284,657300000,2547,1072,13,21,1,1,1,1
285,761200000,15,1094,184,32,1,1,1,1
285,917200000,1228,1091,274,52,1,1,1,1
285,868100000,2448,1063,88,31,1,1,1,1
285,657300000,2544,1072,16,21,1,1,1,1
286,761200000,8,1095,180,31,1,1,1,1
286,917200000,1236,1091,274,52,1,1,1,1
286,868100000,2446,1064,88,30,1,1,1,1
286,657300000,2541,1071,19,22,1,1,1,1
287,761200000,0,1095,175,30,1,1,1,1
287,917200000,1243,1091,273,52,1,1,1,1
287,868100000,2444,1064,88,30,1,1,1,1
287,657300000,2538,1071,22,22,1,1,1,1
288,761200000,0,1095,164,30,1,1,1,1
288,917200000,1251,1091,273,52,1,1,1,1
288,868100000,2442,1064,88,30,1,1,1,1
288,657300000,2535,1071,25,22,1,1,1,1
289,761200000,0,1094,153,30,1,1,1,1
289,917200000,1258,1090,272,52,1,1,1,1
289,868100000,2439,1064,89,30,1,1,1,1
289,657300000,2532,1070,27,22,1,1,1,1
290,761200000,0,1094,142,31,1,1,1,1
290,917200000,1265,1090,271,52,1,1,1,1
290,868100000,2437,1065,89,29,1,1,1,1
290,657300000,2529,1070,30,23,1,1,1,1
291,761200000,0,1093,131,31,1,1,1,1
291,917200000,1273,1090,271,52,1,1,1,1
291,868100000,2434,1065,90,29,1,1,1,1
291,657300000,2526,1070,33,23,1,1,1,1
292,761200000,0,1093,121,31,1,1,1,1
292,917200000,1280,1090,270,52,1,1,1,1
292,868100000,2432,1065,90,29,1,1,1,1
292,657300000,2523,1069,36,23,1,1,1,1
293,761200000,0,1093,110,31,1,1,1,1
293,917200000,1288,1090,270,52,1,1,1,1
293,868100000,2429,1065,91,29,1,1,1,1
293,657300000,2520,1069,39,24,1,1,1,1
294,761200000,0,1092,99,31,1,1,1,1
294,917200000,1295,1090,269,52,1,1,1,1
294,868100000,2427,1066,91,28,1,1,1,1
294,657300000,2517,1068,42,24,1,1,1,1
295,761200000,0,1092,88,32,1,1,1,1
295,917200000,1302,1090,268,52,1,1,1,1
295,868100000,2424,1066,92,28,1,1,1,1
295,657300000,2514,1068,45,24,1,1,1,1
296,761200000,0,1091,77,32,1,1,1,1
296,917200000,1310,1090,266,52,1,1,1,1
296,868100000,2422,1066,92,28,1,1,1,1
296,657300000,2511,1068,48,25,1,1,1,1
297,761200000,0,1091,66,32,1,1,1,1
297,917200000,1317,1090,265,51,1,1,1,1
297,868100000,2420,1066,92,28,1,1,1,1
297,657300000,2508,1067,50,25,1,1,1,1
298,761200000,0,1091,55,33,1,1,1,1
298,917200000,1324,1090,263,51,1,1,1,1
298,868100000,2418,1066,91,28,1,1,1,1
298,657300000,2505,1067,53,25,1,1,1,1
299,761200000,0,1091,43,32,1,1,1,1
299,917200000,1332,1090,262,51,1,1,1,1
299,868100000,2416,1066,91,28,1,1,1,1
299,657300000,2502,1067,56,25,1,1,1,1
300,761200000,0,1096,31,26,1,1,1,1
300,917200000,1339,1090,260,51,1,1,1,1
300,868100000,2414,1066,91,28,1,1,1,1
300,657300000,2499,1066,59,26,1,1,1,1
301,761200000,0,1099,20,23,1,1,1,1
301,917200000,1346,1090,259,51,1,1,1,1
301,868100000,2412,1066,91,28,1,1,1,1
301,657300000,2496,1066,62,26,1,1,1,1
302,917200000,1354,1091,257,51,1,1,1,1
302,868100000,2410,1066,91,28,1,1,1,1
302,657300000,2493,1066,62,26,1,1,1,1
303,917200000,1361,1091,256,50,1,1,1,1
303,868100000,2408,1066,90,28,1,1,1,1
303,657300000,2489,1066,63,26,1,1,1,1
304,917200000,1368,1091,254,50,1,1,1,1
304,868100000,2406,1066,90,28,1,1,1,1
304,657300000,2486,1066,63,27,1,1,1,1
305,917200000,1375,1091,253,50,1,1,1,1
305,868100000,2404,1066,90,28,1,1,1,1
305,657300000,2482,1066,64,27,1,1,1,1
306,917200000,1383,1091,251,50,1,1,1,1
306,868100000,2402,1066,90,28,1,1,1,1
306,657300000,2479,1066,64,27,1,1,1,1
307,917200000,1390,1091,250,50,1,1,1,1
307,868100000,2400,1066,89,28,1,1,1,1
307,657300000,2475,1066,65,27,1,1,1,1
308,917200000,1397,1091,248,49,1,1,1,1
308,868100000,2398,1066,89,28,1,1,1,1
308,657300000,2472,1066,65,28,1,1,1,1
309,917200000,1405,1091,247,49,1,1,1,1
309,868100000,2396,1067,89,29,1,1,1,1
309,657300000,2468,1066,66,28,1,1,1,1
310,917200000,1412,1091,245,49,1,1,1,1
310,868100000,2393,1067,89,29,1,1,1,1
310,657300000,2465,1067,66,28,1,1,1,1
311,917200000,1418,1091,244,49,1,1,1,1
311,868100000,2391,1067,89,29,1,1,1,1
311,657300000,2461,1067,66,28,1,1,1,1
312,917200000,1425,1091,244,49,1,1,1,1
312,868100000,2389,1067,88,29,1,1,1,1
312,657300000,2458,1067,67,28,1,1,1,1
313,917200000,1431,1091,243,48,1,1,1,1
313,868100000,2387,1067,88,29,1,1,1,1
313,657300000,2454,1067,67,29,1,1,1,1
314,917200000,1438,1091,243,48,1,1,1,1
314,868100000,2385,1067,88,29,1,1,1,1
314,657300000,2451,1067,68,29,1,1,1,1
315,917200000,1444,1091,242,48,1,1,1,1
315,868100000,2383,1067,88,29,1,1,1,1
315,657300000,2447,1067,68,29,1,1,1,1
316,917200000,1451,1091,242,48,1,1,1,1
316,868100000,2381,1067,88,29,1,1,1,1
316,657300000,2444,1067,69,29,1,1,1,1
317,917200000,1457,1091,241,48,1,1,1,1
317,868100000,2379,1067,87,29,1,1,1,1
317,657300000,2440,1067,69,30,1,1,1,1
318,917200000,1464,1091,241,47,1,1,1,1
318,868100000,2377,1067,87,29,1,1,1,1
318,657300000,2437,1067,70,30,1,1,1,1
319,917200000,1470,1091,240,47,1,1,1,1
319,868100000,2375,1067,87,29,1,1,1,1
319,657300000,2433,1067,70,30,1,1,1,1
320,917200000,1477,1092,240,47,1,1,1,1
320,868100000,2373,1067,87,29,1,1,1,1
320,657300000,2430,1067,70,30,1,1,1,1
321,917200000,1483,1092,239,47,1,1,1,1
321,868100000,2371,1067,86,29,1,1,1,1
321,657300000,2426,1067,70,30,1,1,1,1
322,917200000,1489,1092,238,47,1,1,1,1
322,868100000,2369,1067,86,29,1,1,1,1
322,657300000,2423,1067,70,30,1,1,1,1
323,917200000,1496,1092,238,46,1,1,1,1
323,868100000,2367,1067,86,29,1,1,1,1
323,657300000,2419,1067,70,30,1,1,1,1
324,917200000,1502,1092,237,46,1,1,1,1
324,868100000,2356,1067,95,29,1,1,1,1
324,657300000,2416,1067,71,30,1,1,1,1
325,917200000,1509,1092,237,46,1,1,1,1
325,868100000,2354,1067,95,29,1,1,1,1
325,657300000,2412,1067,71,30,1,1,1,1
326,917200000,1515,1092,236,46,1,1,1,1
326,868100000,2351,1067,95,29,1,1,1,1
326,657300000,2409,1068,71,30,1,1,1,1
327,917200000,1522,1092,236,46,1,1,1,1
327,868100000,2349,1067,95,29,1,1,1,1
327,657300000,2406,1068,71,29,1,1,1,1
328,917200000,1528,1092,235,45,1,1,1,1
328,868100000,2347,1067,95,29,1,1,1,1
328,657300000,2402,1068,71,29,1,1,1,1
329,917200000,1535,1092,235,45,1,1,1,1
329,868100000,2345,1067,95,29,1,1,1,1
329,657300000,2399,1068,71,29,1,1,1,1
330,917200000,1541,1092,234,45,1,1,1,1
330,868100000,2342,1068,95,29,1,1,1,1
330,657300000,2395,1068,71,29,1,1,1,1
331,917200000,1547,1092,233,45,1,1,1,1
331,868100000,2340,1068,95,29,1,1,1,1
331,657300000,2392,1068,71,29,1,1,1,1
332,917200000,1552,1092,233,45,1,1,1,1
332,868100000,2338,1068,95,29,1,1,1,1
332,657300000,2388,1068,71,29,1,1,1,1
333,917200000,1558,1092,232,45,1,1,1,1
333,868100000,2336,1068,95,29,1,1,1,1
333,657300000,2385,1068,72,29,1,1,1,1
334,917200000,1564,1092,232,45,1,1,1,1
334,868100000,2333,1068,95,29,1,1,1,1
334,657300000,2382,1068,72,29,1,1,1,1
335,917200000,1569,1092,231,45,1,1,1,1
335,868100000,2331,1068,95,29,1,1,1,1
335,657300000,2378,1068,72,29,1,1,1,1
336,917200000,1575,1091,230,45,1,1,1,1
336,868100000,2329,1068,95,29,1,1,1,1
336,657300000,2375,1068,72,29,1,1,1,1
337,917200000,1581,1091,230,45,1,1,1,1
337,868100000,2326,1068,95,29,1,1,1,1
337,657300000,2371,1068,72,29,1,1,1,1
338,917200000,1586,1091,229,45,1,1,1,1
338,868100000,2324,1068,95,29,1,1,1,1
338,657300000,2368,1068,72,29,1,1,1,1
339,917200000,1592,1091,229,45,1,1,1,1
339,868100000,2321,1068,96,29,1,1,1,1
339,657300000,2364,1068,72,29,1,1,1,1
340,917200000,1598,1091,228,45,1,1,1,1
340,868100000,2319,1068,96,29,1,1,1,1
340,657300000,2361,1069,72,29,1,1,1,1
341,917200000,1604,1091,228,45,1,1,1,1
341,868100000,2316,1068,96,29,1,1,1,1
341,657300000,2358,1069,72,28,1,1,1,1
342,917200000,1609,1091,227,45,1,1,1,1
342,868100000,2314,1068,96,29,1,1,1,1
342,657300000,2354,1069,72,28,1,1,1,1
343,917200000,1615,1091,226,44,1,1,1,1
343,868100000,2312,1068,96,29,1,1,1,1
343,657300000,2351,1069,73,28,1,1,1,1
344,917200000,1621,1091,226,44,1,1,1,1
344,868100000,2309,1068,96,29,1,1,1,1
344,657300000,2347,1069,73,28,1,1,1,1
345,917200000,1626,1091,225,44,1,1,1,1
345,868100000,2307,1068,97,29,1,1,1,1
345,657300000,2344,1069,73,28,1,1,1,1
346,917200000,1632,1090,225,44,1,1,1,1
346,868100000,2304,1068,97,29,1,1,1,1
346,657300000,2340,1069,73,28,1,1,1,1
347,917200000,1638,1090,224,44,1,1,1,1
347,868100000,2302,1068,97,30,1,1,1,1
347,657300000,2337,1069,73,28,1,1,1,1
348,917200000,1643,1090,223,44,1,1,1,1
348,868100000,2299,1068,97,30,1,1,1,1
348,657300000,2332,1069,74,28,1,1,1,1
349,917200000,1649,1090,223,44,1,1,1,1
349,868100000,2297,1068,97,30,1,1,1,1
349,657300000,2328,1069,74,28,1,1,1,1
350,917200000,1655,1090,222,44,1,1,1,1
350,868100000,2294,1068,97,30,1,1,1,1
350,657300000,2323,1069,75,28,1,1,1,1
351,917200000,1660,1090,222,44,1,1,1,1
351,868100000,2292,1068,98,30,1,1,1,1
351,657300000,2318,1069,75,29,1,1,1,1
352,917200000,1666,1090,221,44,1,1,1,1
352,868100000,2289,1068,98,30,1,1,1,1
352,657300000,2314,1069,76,29,1,1,1,1
353,917200000,1672,1090,220,44,1,1,1,1
353,868100000,2287,1068,98,30,1,1,1,1
353,657300000,2309,1069,76,29,1,1,1,1
354,917200000,1677,1090,220,44,1,1,1,1
354,868100000,2284,1068,98,30,1,1,1,1
354,657300000,2304,1069,77,29,1,1,1,1
355,917200000,1683,1090,219,44,1,1,1,1
355,868100000,2282,1068,98,30,1,1,1,1
355,657300000,2300,1069,77,29,1,1,1,1
356,917200000,1689,1089,219,44,1,1,1,1
356,868100000,2280,1068,99,31,1,1,1,1
356,657300000,2295,1069,78,29,1,1,1,1
357,917200000,1695,1089,218,44,1,1,1,1
357,868100000,2277,1068,99,31,1,1,1,1
357,657300000,2290,1070,78,29,1,1,1,1
358,917200000,1700,1089,218,44,1,1,1,1
358,868100000,2275,1068,99,31,1,1,1,1
358,657300000,2286,1070,79,29,1,1,1,1
359,917200000,1706,1089,217,44,1,1,1,1
359,868100000,2272,1068,99,31,1,1,1,1
359,657300000,2281,1070,79,30,1,1,1,1
360,917200000,1712,1089,216,44,1,1,1,1
360,868100000,2270,1068,99,31,1,1,1,1
360,657300000,2276,1070,80,30,1,1,1,1
361,917200000,1717,1089,216,44,1,1,1,1
361,868100000,2267,1068,99,31,1,1,1,1
361,657300000,2272,1070,80,30,1,1,1,1
362,917200000,1723,1089,215,44,1,1,1,1
362,868100000,2265,1068,100,31,1,1,1,1
362,657300000,2267,1070,81,30,1,1,1,1
363,917200000,1729,1089,215,44,1,1,1,1
363,868100000,2262,1068,100,31,1,1,1,1
363,657300000,2262,1070,81,30,1,1,1,1
364,917200000,1734,1089,214,44,1,1,1,1
364,868100000,2260,1068,100,31,1,1,1,1
364,657300000,2258,1070,82,30,1,1,1,1
365,917200000,1740,1089,213,44,1,1,1,1
365,868100000,2257,1068,100,31,1,1,1,1
365,657300000,2253,1070,82,30,1,1,1,1
366,917200000,1746,1088,213,44,1,1,1,1
366,868100000,2255,1068,100,32,1,1,1,1
366,657300000,2248,1070,83,30,1,1,1,1
367,917200000,1751,1088,212,44,1,1,1,1
367,868100000,2252,1068,100,32,1,1,1,1
367,657300000,2244,1070,84,31,1,1,1,1
368,917200000,1757,1088,212,44,1,1,1,1
368,868100000,2250,1068,101,32,1,1,1,1
368,657300000,2239,1070,84,31,1,1,1,1
369,917200000,1763,1088,211,43,1,1,1,1
369,868100000,2247,1068,101,32,1,1,1,1
369,657300000,2234,1070,85,31,1,1,1,1
370,917200000,1768,1088,210,43,1,1,1,1
370,868100000,2245,1068,101,32,1,1,1,1
370,657300000,2229,1070,85,31,1,1,1,1
371,917200000,1774,1088,210,43,1,1,1,1
371,868100000,2241,1068,103,32,1,1,1,1
371,657300000,2225,1070,86,31,1,1,1,1
372,917200000,1780,1088,209,43,1,1,1,1
372,868100000,2236,1068,105,32,1,1,1,1
372,657300000,2220,1070,86,31,1,1,1,1
373,917200000,1786,1088,209,43,1,1,1,1
373,868100000,2232,1069,107,31,1,1,1,1
373,657300000,2215,1070,87,31,1,1,1,1
374,917200000,1791,1088,208,43,1,1,1,1
374,868100000,2228,1069,109,31,1,1,1,1
374,657300000,2211,1070,87,31,1,1,1,1
375,917200000,1797,1088,208,43,1,1,1,1
375,868100000,2223,1069,112,31,1,1,1,1
375,657300000,2206,1070,88,32,1,1,1,1
376,917200000,1803,1087,207,43,1,1,1,1
376,868100000,2219,1069,114,31,1,1,1,1
376,657300000,2201,1070,88,32,1,1,1,1
377,917200000,1808,1087,206,43,1,1,1,1
377,868100000,2215,1070,116,30,1,1,1,1
377,657300000,2197,1071,89,32,1,1,1,1
378,917200000,1814,1087,206,43,1,1,1,1
378,868100000,2210,1070,118,30,1,1,1,1
378,657300000,2192,1071,89,32,1,1,1,1
379,917200000,1820,1087,205,43,1,1,1,1
379,868100000,2206,1070,120,30,1,1,1,1
379,657300000,2187,1071,90,32,1,1,1,1
380,917200000,1825,1087,205,43,1,1,1,1
380,868100000,2204,1070,119,30,1,1,1,1
380,657300000,2183,1071,90,32,1,1,1,1
381,917200000,1831,1087,204,43,1,1,1,1
381,868100000,2203,1070,118,30,1,1,1,1
381,657300000,2178,1071,91,32,1,1,1,1
382,917200000,1836,1087,203,43,1,1,1,1
382,868100000,2201,1070,117,30,1,1,1,1
382,657300000,2173,1071,91,32,1,1,1,1
383,917200000,1841,1087,202,43,1,1,1,1
383,868100000,2200,1070,116,30,1,1,1,1
383,657300000,2169,1071,92,33,1,1,1,1
384,917200000,1847,1087,202,43,1,1,1,1
384,868100000,2198,1070,115,30,1,1,1,1
384,657300000,2164,1071,92,33,1,1,1,1
385,917200000,1852,1087,201,43,1,1,1,1
385,868100000,2195,1070,115,30,1,1,1,1
385,657300000,2159,1071,93,33,1,1,1,1
386,917200000,1857,1087,200,43,1,1,1,1
386,868100000,2192,1070,115,30,1,1,1,1
386,657300000,2155,1071,93,33,1,1,1,1
387,917200000,1862,1087,199,42,1,1,1,1
387,868100000,2190,1070,115,30,1,1,1,1
387,657300000,2150,1071,94,33,1,1,1,1
388,917200000,1867,1087,199,42,1,1,1,1
388,868100000,2187,1070,115,30,1,1,1,1
388,657300000,2145,1071,94,33,1,1,1,1
389,917200000,1872,1087,198,42,1,1,1,1
389,868100000,2184,1070,116,30,1,1,1,1
389,657300000,2140,1071,94,33,1,1,1,1
390,917200000,1878,1087,197,42,1,1,1,1
390,868100000,2181,1070,116,30,1,1,1,1
390,657300000,2135,1071,94,34,1,1,1,1
391,917200000,1883,1087,196,42,1,1,1,1
391,868100000,2179,1071,116,30,1,1,1,1
391,657300000,2130,1071,94,34,1,1,1,1
392,917200000,1888,1087,196,42,1,1,1,1
392,868100000,2176,1071,116,30,1,1,1,1
392,657300000,2125,1071,94,34,1,1,1,1
393,917200000,1893,1086,195,42,1,1,1,1
393,868100000,2173,1071,116,30,1,1,1,1
393,657300000,2120,1071,93,34,1,1,1,1
394,917200000,1898,1086,194,42,1,1,1,1
394,868100000,2170,1071,116,30,1,1,1,1
394,657300000,2115,1071,93,34,1,1,1,1
395,917200000,1904,1086,193,42,1,1,1,1
395,868100000,2167,1071,116,30,1,1,1,1
395,657300000,2110,1071,93,35,1,1,1,1
396,917200000,1909,1086,192,42,1,1,1,1
396,868100000,2165,1071,116,30,1,1,1,1
396,657300000,2105,1071,93,35,1,1,1,1
397,917200000,1914,1086,192,42,1,1,1,1
397,868100000,2162,1071,116,30,1,1,1,1
397,657300000,2100,1071,93,35,1,1,1,1
398,917200000,1919,1086,191,41,1,1,1,1
398,868100000,2159,1071,117,31,1,1,1,1
398,657300000,2094,1071,94,35,1,1,1,1
399,917200000,1924,1086,190,41,1,1,1,1
399,868100000,2156,1071,117,31,1,1,1,1
399,657300000,2088,1071,95,35,1,1,1,1
400,917200000,1929,1086,189,41,1,1,1,1
400,868100000,2153,1071,117,31,1,1,1,1
400,657300000,2082,1071,96,35,1,1,1,1
401,917200000,1935,1086,189,41,1,1,1,1
401,868100000,2151,1071,117,31,1,1,1,1
401,657300000,2076,1072,96,35,1,1,1,1
402,917200000,1940,1086,188,41,1,1,1,1
402,868100000,2148,1071,117,31,1,1,1,1
402,657300000,2071,1072,97,35,1,1,1,1
403,917200000,1945,1086,187,41,1,1,1,1
403,868100000,2145,1071,117,31,1,1,1,1
403,657300000,2065,1072,98,35,1,1,1,1
404,917200000,1950,1086,186,41,1,1,1,1
404,868100000,2142,1071,117,31,1,1,1,1
404,657300000,2059,1072,99,36,1,1,1,1
405,917200000,1955,1086,185,41,1,1,1,1
405,868100000,2140,1072,117,31,1,1,1,1
405,657300000,2053,1072,100,36,1,1,1,1
406,917200000,1960,1086,185,41,1,1,1,1
406,868100000,2137,1072,117,31,1,1,1,1
406,657300000,2047,1072,101,36,1,1,1,1
407,917200000,1964,1086,184,41,1,1,1,1
407,868100000,2134,1072,117,31,1,1,1,1
407,657300000,2041,1072,102,36,1,1,1,1
408,917200000,1969,1086,183,41,1,1,1,1
408,868100000,2131,1072,118,31,1,1,1,1
408,657300000,2035,1073,102,36,1,1,1,1
409,917200000,1974,1086,182,41,1,1,1,1
409,868100000,2128,1072,118,31,1,1,1,1
409,657300000,2029,1073,103,36,1,1,1,1
410,917200000,1979,1085,181,40,1,1,1,1
410,868100000,2126,1072,118,31,1,1,1,1
410,657300000,2023,1073,104,36,1,1,1,1
411,917200000,1984,1085,180,40,1,1,1,1
411,868100000,2123,1072,118,31,1,1,1,1
411,657300000,2018,1073,105,36,1,1,1,1
412,917200000,1989,1085,180,40,1,1,1,1
412,868100000,2120,1072,118,31,1,1,1,1
412,657300000,2012,1073,106,36,1,1,1,1
413,917200000,1993,1085,179,40,1,1,1,1
413,868100000,2117,1072,119,31,1,1,1,1
413,657300000,2006,1073,107,36,1,1,1,1
414,917200000,1998,1085,178,40,1,1,1,1
414,868100000,2113,1072,119,31,1,1,1,1
414,657300000,2000,1073,108,36,1,1,1,1
415,917200000,2003,1085,177,40,1,1,1,1
415,868100000,2110,1072,120,32,1,1,1,1
415,657300000,1994,1074,108,36,1,1,1,1
416,917200000,2008,1085,177,40,1,1,1,1
416,868100000,2106,1072,120,32,1,1,1,1
416,657300000,1988,1074,109,36,1,1,1,1
417,917200000,2012,1085,177,40,1,1,1,1
417,868100000,2103,1072,121,32,1,1,1,1
417,657300000,1982,1074,110,36,1,1,1,1
418,917200000,2017,1085,177,40,1,1,1,1
418,868100000,2099,1072,122,32,1,1,1,1
418,657300000,1976,1074,111,37,1,1,1,1
419,917200000,2021,1085,177,40,1,1,1,1
419,868100000,2096,1072,122,32,1,1,1,1
419,657300000,1970,1074,112,37,1,1,1,1
420,917200000,2026,1084,176,39,1,1,1,1
420,868100000,2092,1072,123,32,1,1,1,1
420,657300000,1964,1074,113,37,1,1,1,1
421,917200000,2030,1084,176,39,1,1,1,1
421,868100000,2089,1072,123,33,1,1,1,1
421,657300000,1959,1074,114,37,1,1,1,1
422,917200000,2035,1084,176,39,1,1,1,1
422,868100000,2085,1072,124,33,1,1,1,1
422,657300000,1953,1075,114,37,1,1,1,1
423,917200000,2039,1084,176,39,1,1,1,1
423,868100000,2082,1072,125,33,1,1,1,1
423,657300000,1947,1075,115,37,1,1,1,1
424,917200000,2043,1084,176,39,1,1,1,1
424,868100000,2078,1072,125,33,1,1,1,1
424,657300000,1941,1075,116,37,1,1,1,1
425,917200000,2048,1084,175,39,1,1,1,1
425,868100000,2075,1072,126,33,1,1,1,1
425,657300000,1935,1075,117,37,1,1,1,1
426,917200000,2052,1084,175,39,1,1,1,1
426,868100000,2071,1072,126,34,1,1,1,1
426,657300000,1929,1075,118,37,1,1,1,1
427,917200000,2057,1084,175,39,1,1,1,1
427,868100000,2068,1072,127,34,1,1,1,1
427,657300000,1922,1075,119,37,1,1,1,1
428,917200000,2061,1083,174,38,1,1,1,1
428,868100000,2064,1072,128,34,1,1,1,1
428,657300000,1916,1076,121,38,1,1,1,1
429,917200000,2065,1083,174,38,1,1,1,1
429,868100000,2061,1072,128,34,1,1,1,1
429,657300000,1909,1076,122,38,1,1,1,1
430,917200000,2070,1083,173,38,1,1,1,1
430,868100000,2057,1072,129,34,1,1,1,1
430,657300000,1903,1076,123,38,1,1,1,1
431,917200000,2074,1083,173,38,1,1,1,1
431,868100000,2054,1072,130,35,1,1,1,1
431,657300000,1896,1076,123,38,1,1,1,1
432,917200000,2078,1083,173,38,1,1,1,1
432,868100000,2051,1071,130,35,1,1,1,1
432,657300000,1889,1076,124,38,1,1,1,1
433,917200000,2082,1083,173,38,1,1,1,1
433,868100000,2047,1071,131,35,1,1,1,1
433,657300000,1883,1076,124,38,1,1,1,1
434,917200000,2087,1083,172,37,1,1,1,1
434,868100000,2044,1071,131,35,1,1,1,1
434,657300000,1876,1077,125,38,1,1,1,1
435,917200000,2091,1083,172,37,1,1,1,1
435,868100000,2040,1071,132,35,1,1,1,1
435,657300000,1869,1077,125,38,1,1,1,1
436,917200000,2095,1083,172,37,1,1,1,1
436,868100000,2037,1071,133,35,1,1,1,1
436,657300000,1862,1077,126,38,1,1,1,1
437,917200000,2099,1083,172,37,1,1,1,1
437,868100000,2033,1071,133,36,1,1,1,1
437,657300000,1856,1077,126,39,1,1,1,1
438,917200000,2104,1083,171,37,1,1,1,1
438,868100000,2030,1071,134,36,1,1,1,1
438,657300000,1849,1077,127,39,1,1,1,1
439,917200000,2108,1083,171,37,1,1,1,1
439,868100000,2026,1071,134,36,1,1,1,1
439,657300000,1842,1077,127,39,1,1,1,1
440,917200000,2112,1083,170,36,1,1,1,1
440,868100000,2023,1071,135,36,1,1,1,1
440,657300000,1835,1078,128,39,1,1,1,1
441,917200000,2116,1083,170,36,1,1,1,1
441,868100000,2019,1071,136,36,1,1,1,1
441,657300000,1829,1078,128,39,1,1,1,1
442,917200000,2121,1083,169,36,1,1,1,1
442,868100000,2016,1071,136,37,1,1,1,1
442,657300000,1822,1078,129,39,1,1,1,1
443,917200000,2125,1083,169,36,1,1,1,1
443,868100000,2012,1071,137,37,1,1,1,1
443,657300000,1815,1078,129,39,1,1,1,1
444,917200000,2129,1083,169,36,1,1,1,1
444,868100000,2009,1071,137,37,1,1,1,1
444,657300000,1808,1078,130,39,1,1,1,1
445,917200000,2134,1083,168,36,1,1,1,1
445,868100000,2005,1071,138,37,1,1,1,1
445,657300000,1800,1078,130,39,1,1,1,1
446,917200000,2138,1083,168,36,1,1,1,1
446,868100000,2002,1071,139,37,1,1,1,1
446,657300000,1793,1078,131,39,1,1,1,1
447,917200000,2142,1083,167,36,1,1,1,1
447,868100000,1998,1071,139,37,1,1,1,1
447,657300000,1785,1078,132,39,1,1,1,1
448,917200000,2146,1082,167,35,1,1,1,1
448,868100000,1995,1071,140,38,1,1,1,1
448,657300000,1778,1079,132,39,1,1,1,1
449,917200000,2151,1082,166,35,1,1,1,1
449,868100000,1991,1071,140,38,1,1,1,1
449,657300000,1770,1079,133,39,1,1,1,1
450,917200000,2155,1082,166,35,1,1,1,1
450,868100000,1988,1071,141,38,1,1,1,1
450,657300000,1763,1079,134,39,1,1,1,1
451,917200000,2159,1082,165,35,1,1,1,1
451,868100000,1984,1071,142,38,1,1,1,1
451,657300000,1755,1079,134,39,1,1,1,1
452,917200000,2163,1082,164,35,1,1,1,1
452,868100000,1980,1071,143,38,1,1,1,1
452,657300000,1748,1079,135,40,1,1,1,1
453,917200000,2167,1082,164,35,1,1,1,1
453,868100000,1976,1071,143,38,1,1,1,1
453,657300000,1740,1079,135,40,1,1,1,1
454,917200000,2171,1082,163,35,1,1,1,1
454,868100000,1972,1072,144,38,1,1,1,1
454,657300000,1733,1079,136,40,1,1,1,1
455,917200000,2175,1082,162,35,1,1,1,1
455,868100000,1968,1072,145,38,1,1,1,1
455,657300000,1725,1079,137,40,1,1,1,1
456,917200000,2179,1082,162,35,1,1,1,1
456,868100000,1964,1072,146,38,1,1,1,1
456,657300000,1718,1080,137,40,1,1,1,1
457,917200000,2183,1081,161,35,1,1,1,1
457,868100000,1960,1072,147,38,1,1,1,1
457,657300000,1710,1080,138,40,1,1,1,1
458,917200000,2187,1081,160,35,1,1,1,1
458,868100000,1956,1072,147,38,1,1,1,1
458,657300000,1703,1080,139,40,1,1,1,1
459,917200000,2192,1081,160,34,1,1,1,1
459,868100000,1952,1072,148,38,1,1,1,1
459,657300000,1695,1080,139,40,1,1,1,1
460,917200000,2196,1081,159,34,1,1,1,1
460,868100000,1948,1072,149,38,1,1,1,1
460,657300000,1688,1080,140,40,1,1,1,1
461,917200000,2200,1081,158,34,1,1,1,1
461,868100000,1944,1073,150,38,1,1,1,1
461,657300000,1680,1080,141,40,1,1,1,1
462,917200000,2204,1081,158,34,1,1,1,1
462,868100000,1940,1073,150,38,1,1,1,1
462,657300000,1672,1080,141,40,1,1,1,1
463,917200000,2208,1081,157,34,1,1,1,1
463,868100000,1936,1073,151,38,1,1,1,1
463,657300000,1664,1080,142,40,1,1,1,1
464,917200000,2212,1081,156,34,1,1,1,1
464,868100000,1932,1073,152,38,1,1,1,1
464,657300000,1656,1080,142,41,1,1,1,1
465,917200000,2216,1081,156,34,1,1,1,1
465,868100000,1928,1073,152,38,1,1,1,1
465,657300000,1647,1080,143,41,1,1,1,1
466,917200000,2220,1081,155,34,1,1,1,1
466,868100000,1924,1073,153,38,1,1,1,1
466,657300000,1639,1080,143,41,1,1,1,1
467,917200000,2224,1080,154,34,1,1,1,1
467,868100000,1919,1073,153,38,1,1,1,1
467,657300000,1631,1080,144,41,1,1,1,1
468,917200000,2228,1080,154,34,1,1,1,1
468,868100000,1915,1073,154,38,1,1,1,1
468,657300000,1623,1080,144,41,1,1,1,1
469,917200000,2232,1080,153,34,1,1,1,1
469,868100000,1911,1073,154,38,1,1,1,1
469,657300000,1614,1080,145,41,1,1,1,1
470,917200000,2236,1080,152,34,1,1,1,1
470,868100000,1907,1073,155,38,1,1,1,1
470,657300000,1606,1080,146,41,1,1,1,1
471,917200000,2240,1080,152,34,1,1,1,1
471,868100000,1903,1073,155,38,1,1,1,1
471,657300000,1597,1080,147,41,1,1,1,1
472,917200000,2244,1080,151,34,1,1,1,1
472,868100000,1898,1074,156,39,1,1,1,1
472,657300000,1588,1080,148,41,1,1,1,1
473,917200000,2248,1080,150,34,1,1,1,1
473,868100000,1894,1074,156,39,1,1,1,1
473,657300000,1579,1080,149,41,1,1,1,1
474,917200000,2253,1080,150,33,1,1,1,1
474,868100000,1890,1074,157,39,1,1,1,1
474,657300000,1571,1080,150,41,1,1,1,1
475,917200000,2257,1080,149,33,1,1,1,1
475,868100000,1886,1074,157,39,1,1,1,1
475,657300000,1562,1080,151,41,1,1,1,1
476,917200000,2261,1080,148,33,1,1,1,1
476,868100000,1882,1074,158,39,1,1,1,1
476,657300000,1553,1080,152,41,1,1,1,1
477,917200000,2265,1079,148,33,1,1,1,1
477,868100000,1877,1074,158,39,1,1,1,1
477,657300000,1545,1081,154,42,1,1,1,1
478,917200000,2269,1079,147,33,1,1,1,1
478,868100000,1873,1074,159,39,1,1,1,1
478,657300000,1536,1081,155,42,1,1,1,1
479,917200000,2273,1079,146,33,1,1,1,1
479,868100000,1869,1074,159,39,1,1,1,1
479,657300000,1527,1081,156,42,1,1,1,1
480,917200000,2277,1079,146,33,1,1,1,1
480,868100000,1865,1074,160,39,1,1,1,1
480,657300000,1518,1081,157,42,1,1,1,1
481,917200000,2281,1079,145,33,1,1,1,1
481,868100000,1860,1074,160,39,1,1,1,1
481,657300000,1510,1081,158,42,1,1,1,1
482,917200000,2285,1079,142,33,1,1,1,1
482,868100000,1856,1074,161,39,1,1,1,1
482,657300000,1501,1081,159,42,1,1,1,1
483,917200000,2289,1079,142,33,1,1,1,1
483,868100000,1852,1074,161,39,1,1,1,1
483,657300000,1492,1081,160,42,1,1,1,1
484,917200000,2292,1079,141,33,1,1,1,1
484,868100000,1848,1074,162,39,1,1,1,1
484,657300000,1483,1081,161,42,1,1,1,1
485,917200000,2296,1079,141,33,1,1,1,1
485,868100000,1844,1074,162,39,1,1,1,1
485,657300000,1475,1081,162,42,1,1,1,1
486,917200000,2299,1079,140,33,1,1,1,1
486,868100000,1839,1075,163,40,1,1,1,1
486,657300000,1466,1081,163,42,1,1,1,1
487,917200000,2303,1079,140,33,1,1,1,1
487,868100000,1835,1075,163,40,1,1,1,1
487,657300000,1456,1081,164,42,1,1,1,1
488,917200000,2307,1079,140,33,1,1,1,1
488,868100000,1831,1075,164,40,1,1,1,1
488,657300000,1446,1081,165,42,1,1,1,1
489,917200000,2310,1079,140,33,1,1,1,1
489,868100000,1827,1075,164,40,1,1,1,1
489,657300000,1436,1081,166,42,1,1,1,1
490,917200000,2314,1079,140,33,1,1,1,1
490,868100000,1823,1075,165,40,1,1,1,1
490,657300000,1426,1081,167,42,1,1,1,1
491,917200000,2317,1078,139,33,1,1,1,1
491,868100000,1818,1075,165,40,1,1,1,1
491,657300000,1417,1081,168,43,1,1,1,1
492,917200000,2321,1078,139,33,1,1,1,1
492,868100000,1814,1075,166,40,1,1,1,1
492,657300000,1407,1081,169,43,1,1,1,1
493,917200000,2324,1078,139,33,1,1,1,1
493,868100000,1810,1075,166,40,1,1,1,1
493,657300000,1397,1081,170,43,1,1,1,1
494,917200000,2327,1078,139,33,1,1,1,1
494,868100000,1805,1075,166,40,1,1,1,1
494,657300000,1387,1081,171,43,1,1,1,1
495,917200000,2330,1078,139,33,1,1,1,1
495,868100000,1801,1075,167,40,1,1,1,1
495,657300000,1377,1082,172,43,1,1,1,1
496,917200000,2334,1077,138,34,1,1,1,1
496,868100000,1796,1075,167,40,1,1,1,1
496,657300000,1367,1082,173,43,1,1,1,1
497,917200000,2337,1077,138,34,1,1,1,1
497,868100000,1792,1075,168,40,1,1,1,1
497,657300000,1357,1082,174,43,1,1,1,1
498,917200000,2340,1077,138,34,1,1,1,1
498,868100000,1787,1075,168,40,1,1,1,1
498,657300000,1347,1082,175,43,1,1,1,1
499,917200000,2343,1077,138,34,1,1,1,1
499,868100000,1782,1076,169,40,1,1,1,1
499,657300000,1338,1082,176,44,1,1,1,1
500,917200000,2346,1077,138,34,1,1,1,1
500,868100000,1778,1076,169,40,1,1,1,1
500,657300000,1328,1082,177,44,1,1,1,1
501,917200000,2349,1077,137,34,1,1,1,1
501,868100000,1773,1076,170,40,1,1,1,1
501,657300000,1318,1082,178,44,1,1,1,1
502,917200000,2353,1077,137,34,1,1,1,1
502,868100000,1768,1076,170,40,1,1,1,1
502,657300000,1308,1082,179,44,1,1,1,1
503,917200000,2356,1076,137,34,1,1,1,1
503,868100000,1764,1076,171,40,1,1,1,1
503,657300000,1298,1082,180,44,1,1,1,1
504,917200000,2359,1076,137,34,1,1,1,1
504,868100000,1759,1076,171,41,1,1,1,1
504,657300000,1287,1082,181,44,1,1,1,1
505,917200000,2362,1076,137,34,1,1,1,1
505,868100000,1755,1076,172,41,1,1,1,1
505,657300000,1277,1082,182,44,1,1,1,1
506,917200000,2365,1076,136,34,1,1,1,1
506,868100000,1750,1076,172,41,1,1,1,1
506,657300000,1266,1082,183,45,1,1,1,1
507,917200000,2368,1076,136,34,1,1,1,1
507,868100000,1745,1076,173,41,1,1,1,1
507,657300000,1256,1082,184,45,1,1,1,1
508,917200000,2372,1076,136,34,1,1,1,1
508,868100000,1741,1076,173,41,1,1,1,1
508,657300000,1245,1082,185,45,1,1,1,1
509,917200000,2375,1076,136,34,1,1,1,1
509,868100000,1736,1077,174,41,1,1,1,1
509,657300000,1234,1082,186,45,1,1,1,1
510,917200000,2378,1076,136,34,1,1,1,1
510,868100000,1731,1077,174,41,1,1,1,1
510,657300000,1223,1082,186,45,1,1,1,1
511,917200000,2381,1076,136,34,1,1,1,1
511,868100000,1727,1077,175,41,1,1,1,1
511,657300000,1212,1082,187,45,1,1,1,1
512,917200000,2384,1075,135,33,1,1,1,1
512,868100000,1722,1077,175,41,1,1,1,1
512,657300000,1202,1082,187,46,1,1,1,1
513,917200000,2387,1075,135,33,1,1,1,1
513,868100000,1718,1077,176,41,1,1,1,1
513,657300000,1191,1082,188,46,1,1,1,1
514,917200000,2390,1075,135,33,1,1,1,1
514,868100000,1713,1077,176,41,1,1,1,1
514,657300000,1180,1082,188,46,1,1,1,1
515,917200000,2394,1075,135,33,1,1,1,1
515,868100000,1708,1077,177,41,1,1,1,1
515,657300000,1169,1083,189,46,1,1,1,1
516,917200000,2397,1075,135,33,1,1,1,1
516,868100000,1703,1077,177,41,1,1,1,1
516,657300000,1158,1083,190,46,1,1,1,1
517,917200000,2400,1075,134,33,1,1,1,1
517,868100000,1697,1077,178,41,1,1,1,1
517,657300000,1147,1083,190,46,1,1,1,1
518,917200000,2403,1075,134,33,1,1,1,1
518,868100000,1692,1077,179,41,1,1,1,1
518,657300000,1136,1083,191,46,1,1,1,1
519,917200000,2406,1075,134,33,1,1,1,1
519,868100000,1687,1077,180,41,1,1,1,1
519,657300000,1126,1083,191,47,1,1,1,1
520,917200000,2409,1074,134,33,1,1,1,1
520,868100000,1682,1077,180,41,1,1,1,1
520,657300000,1115,1083,192,47,1,1,1,1
521,917200000,2413,1074,134,33,1,1,1,1
521,868100000,1677,1077,181,41,1,1,1,1
521,657300000,1104,1083,192,47,1,1,1,1
522,917200000,2416,1074,133,33,1,1,1,1
522,868100000,1672,1077,182,41,1,1,1,1
522,657300000,1093,1083,193,47,1,1,1,1
523,917200000,2419,1074,133,33,1,1,1,1
523,868100000,1666,1078,182,41,1,1,1,1
523,657300000,1081,1083,195,47,1,1,1,1
524,917200000,2422,1074,133,33,1,1,1,1
524,868100000,1661,1078,183,41,1,1,1,1
524,657300000,1069,1083,197,47,1,1,1,1
525,917200000,2425,1074,131,33,1,1,1,1
525,868100000,1656,1078,184,41,1,1,1,1
525,657300000,1057,1083,199,47,1,1,1,1
526,917200000,2428,1074,129,34,1,1,1,1
526,868100000,1651,1078,184,41,1,1,1,1
526,657300000,1045,1083,201,47,1,1,1,1
527,917200000,2431,1074,127,34,1,1,1,1
527,868100000,1646,1078,185,41,1,1,1,1
527,657300000,1033,1083,202,47,1,1,1,1
528,917200000,2434,1074,125,34,1,1,1,1
528,868100000,1641,1078,186,41,1,1,1,1
528,657300000,1020,1083,204,47,1,1,1,1
529,917200000,2437,1074,122,34,1,1,1,1
529,868100000,1635,1078,187,41,1,1,1,1
529,657300000,1008,1083,205,47,1,1,1,1
530,917200000,2440,1074,119,34,1,1,1,1
530,868100000,1630,1078,187,41,1,1,1,1
530,657300000,995,1083,207,47,1,1,1,1
531,917200000,2443,1074,116,34,1,1,1,1
531,868100000,1625,1078,188,41,1,1,1,1
531,657300000,983,1083,208,48,1,1,1,1
532,917200000,2446,1074,113,34,1,1,1,1
532,868100000,1619,1078,189,41,1,1,1,1
532,657300000,970,1083,209,48,1,1,1,1
533,917200000,2449,1074,110,34,1,1,1,1
533,868100000,1614,1078,190,41,1,1,1,1
533,657300000,958,1083,211,48,1,1,1,1
534,917200000,2452,1073,107,34,1,1,1,1
534,868100000,1608,1078,191,41,1,1,1,1
534,657300000,945,1083,212,48,1,1,1,1
535,917200000,2455,1073,104,34,1,1,1,1
535,868100000,1602,1078,192,41,1,1,1,1
535,657300000,933,1083,214,48,1,1,1,1
536,917200000,2458,1073,101,34,1,1,1,1
536,868100000,1597,1078,193,41,1,1,1,1
536,657300000,920,1083,215,48,1,1,1,1
537,917200000,2461,1073,98,34,1,1,1,1
537,868100000,1591,1078,194,41,1,1,1,1
537,657300000,908,1083,216,48,1,1,1,1
538,917200000,2464,1073,95,34,1,1,1,1
538,868100000,1585,1079,194,41,1,1,1,1
538,657300000,895,1083,218,48,1,1,1,1
539,917200000,2468,1073,92,33,1,1,1,1
539,868100000,1580,1079,195,41,1,1,1,1
539,657300000,883,1083,219,48,1,1,1,1
540,917200000,2471,1073,89,33,1,1,1,1
540,868100000,1574,1079,196,41,1,1,1,1
540,657300000,870,1083,220,49,1,1,1,1
541,917200000,2474,1073,86,33,1,1,1,1
541,868100000,1568,1079,197,41,1,1,1,1
541,657300000,858,1083,222,49,1,1,1,1
542,917200000,2477,1073,83,33,1,1,1,1
542,868100000,1563,1079,198,41,1,1,1,1
542,657300000,845,1083,223,49,1,1,1,1
543,917200000,2480,1073,80,33,1,1,1,1
543,868100000,1557,1079,199,41,1,1,1,1
543,657300000,833,1083,225,49,1,1,1,1
544,917200000,2483,1072,77,33,1,1,1,1
544,868100000,1552,1079,200,41,1,1,1,1
544,657300000,820,1083,226,49,1,1,1,1
545,917200000,2486,1072,74,33,1,1,1,1
545,868100000,1546,1079,201,41,1,1,1,1
545,657300000,807,1083,226,49,1,1,1,1
546,917200000,2489,1072,71,33,1,1,1,1
546,868100000,1540,1079,202,41,1,1,1,1
546,657300000,795,1082,225,50,1,1,1,1
547,917200000,2492,1072,68,33,1,1,1,1
547,868100000,1535,1079,203,41,1,1,1,1
547,657300000,782,1082,225,50,1,1,1,1
548,917200000,2495,1072,65,33,1,1,1,1
548,868100000,1529,1079,204,41,1,1,1,1
548,657300000,768,1082,226,50,1,1,1,1
549,917200000,2498,1072,62,33,1,1,1,1
549,868100000,1523,1079,205,41,1,1,1,1
549,657300000,754,1082,227,50,1,1,1,1
550,917200000,2501,1072,59,33,1,1,1,1
550,868100000,1518,1079,206,41,1,1,1,1
550,657300000,741,1082,228,50,1,1,1,1
551,917200000,2504,1072,56,33,1,1,1,1
551,868100000,1512,1080,206,41,1,1,1,1
551,657300000,727,1081,229,51,1,1,1,1
552,917200000,2507,1071,53,34,1,1,1,1
552,868100000,1506,1080,207,41,1,1,1,1
552,657300000,713,1081,230,51,1,1,1,1
553,917200000,2510,1071,50,34,1,1,1,1
553,868100000,1501,1080,208,41,1,1,1,1
553,657300000,699,1081,231,51,1,1,1,1
554,917200000,2513,1071,47,34,1,1,1,1
554,868100000,1495,1080,209,41,1,1,1,1
554,657300000,686,1081,232,51,1,1,1,1
555,917200000,2515,1071,45,34,1,1,1,1
555,868100000,1489,1080,210,41,1,1,1,1
555,657300000,672,1081,232,51,1,1,1,1
556,917200000,2518,1071,42,34,1,1,1,1
556,868100000,1484,1080,211,41,1,1,1,1
556,657300000,658,1081,233,51,1,1,1,1
557,917200000,2521,1071,39,34,1,1,1,1
557,868100000,1478,1080,212,41,1,1,1,1
557,657300000,644,1081,234,51,1,1,1,1
558,917200000,2524,1070,36,35,1,1,1,1
558,868100000,1472,1080,213,41,1,1,1,1
558,657300000,630,1080,235,52,1,1,1,1
559,917200000,2527,1070,33,35,1,1,1,1
559,868100000,1466,1080,213,41,1,1,1,1
559,657300000,617,1080,236,52,1,1,1,1
560,917200000,2530,1070,30,35,1,1,1,1
560,868100000,1460,1080,214,41,1,1,1,1
560,657300000,603,1080,237,52,1,1,1,1
561,917200000,2532,1071,28,34,1,1,1,1
561,868100000,1454,1080,214,42,1,1,1,1
561,657300000,589,1080,238,52,1,1,1,1
561,848700000,2517,1073,43,20,1,1,1,1
562,917200000,2535,1072,25,32,1,1,1,1
562,868100000,1448,1080,215,42,1,1,1,1
562,657300000,575,1080,239,52,1,1,1,1
562,848700000,2515,1073,45,20,1,1,1,1
563,917200000,2537,1074,23,31,1,1,1,1
563,868100000,1441,1080,215,42,1,1,1,1
563,657300000,560,1080,241,52,1,1,1,1
563,848700000,2512,1073,48,20,1,1,1,1
564,917200000,2539,1075,21,29,1,1,1,1
564,868100000,1435,1080,216,42,1,1,1,1
564,657300000,546,1080,242,52,1,1,1,1
564,848700000,2510,1073,50,20,1,1,1,1
565,917200000,2542,1076,18,28,1,1,1,1
565,868100000,1429,1080,216,42,1,1,1,1
565,657300000,532,1079,243,53,1,1,1,1
565,848700000,2508,1073,52,20,1,1,1,1
566,917200000,2544,1077,16,26,1,1,1,1
566,868100000,1423,1080,217,42,1,1,1,1
566,657300000,518,1079,244,53,1,1,1,1
566,848700000,2505,1073,55,20,1,1,1,1
567,868100000,1417,1080,217,43,1,1,1,1
567,657300000,503,1079,246,53,1,1,1,1
567,848700000,2503,1073,57,20,1,1,1,1
568,868100000,1411,1079,218,43,1,1,1,1
568,657300000,489,1079,247,53,1,1,1,1
568,848700000,2501,1074,60,21,1,1,1,1
569,868100000,1405,1079,218,43,1,1,1,1
569,657300000,473,1079,248,53,1,1,1,1
569,848700000,2498,1074,62,21,1,1,1,1
570,868100000,1399,1079,219,43,1,1,1,1
570,657300000,458,1079,249,53,1,1,1,1
570,848700000,2496,1074,64,21,1,1,1,1
571,868100000,1393,1079,219,43,1,1,1,1
571,657300000,442,1078,250,54,1,1,1,1
571,848700000,2493,1074,67,21,1,1,1,1
572,868100000,1387,1079,220,43,1,1,1,1
572,657300000,427,1078,251,54,1,1,1,1
572,848700000,2491,1074,69,21,1,1,1,1
573,868100000,1380,1079,220,43,1,1,1,1
573,657300000,411,1078,252,54,1,1,1,1
573,848700000,2489,1074,71,21,1,1,1,1
574,868100000,1374,1079,221,44,1,1,1,1
574,657300000,395,1078,253,54,1,1,1,1
574,848700000,2486,1074,74,21,1,1,1,1
575,868100000,1368,1079,221,44,1,1,1,1
575,657300000,380,1078,254,54,1,1,1,1
575,848700000,2484,1074,76,21,1,1,1,1
576,868100000,1362,1079,222,44,1,1,1,1
576,657300000,364,1077,255,55,1,1,1,1
576,848700000,2482,1068,80,28,1,1,1,1
577,868100000,1356,1079,222,44,1,1,1,1
577,657300000,349,1077,256,55,1,1,1,1
577,848700000,2479,1061,83,34,1,1,1,1
578,868100000,1349,1079,224,44,1,1,1,1
578,657300000,333,1077,257,55,1,1,1,1
578,848700000,2477,1061,85,34,1,1,1,1
579,868100000,1342,1079,225,44,1,1,1,1
579,657300000,317,1077,258,55,1,1,1,1
579,848700000,2474,1061,88,34,1,1,1,1
580,868100000,1335,1079,226,44,1,1,1,1
580,657300000,302,1077,259,55,1,1,1,1
580,848700000,2472,1061,90,34,1,1,1,1
581,868100000,1329,1079,227,44,1,1,1,1
581,657300000,286,1076,260,56,1,1,1,1
581,848700000,2469,1061,93,34,1,1,1,1
582,868100000,1322,1079,228,44,1,1,1,1
582,657300000,271,1076,261,56,1,1,1,1
582,848700000,2467,1061,95,34,1,1,1,1
583,868100000,1315,1079,229,44,1,1,1,1
583,657300000,255,1076,262,56,1,1,1,1
583,848700000,2464,1061,98,34,1,1,1,1
584,868100000,1309,1079,230,45,1,1,1,1
584,657300000,239,1076,263,56,1,1,1,1
584,848700000,2462,1061,100,34,1,1,1,1
585,868100000,1302,1079,231,45,1,1,1,1
585,657300000,224,1076,264,56,1,1,1,1
585,848700000,2460,1061,102,34,1,1,1,1
586,868100000,1295,1079,232,45,1,1,1,1
586,657300000,208,1075,265,57,1,1,1,1
586,848700000,2457,1061,103,34,1,1,1,1
587,868100000,1289,1079,233,45,1,1,1,1
587,657300000,193,1075,266,57,1,1,1,1
587,848700000,2455,1061,105,34,1,1,1,1
588,868100000,1282,1079,235,45,1,1,1,1
588,657300000,177,1075,267,57,1,1,1,1
588,848700000,2453,1061,107,35,1,1,1,1
589,868100000,1276,1079,236,45,1,1,1,1
589,657300000,160,1075,271,57,1,1,1,1
589,848700000,2450,1060,108,35,1,1,1,1
590,868100000,1269,1079,237,45,1,1,1,1
590,657300000,142,1074,274,58,1,1,1,1
590,848700000,2448,1060,110,35,1,1,1,1
591,868100000,1262,1079,238,45,1,1,1,1
591,657300000,125,1074,278,58,1,1,1,1
591,848700000,2445,1060,111,35,1,1,1,1
592,868100000,1256,1079,239,46,1,1,1,1
592,657300000,108,1074,279,58,1,1,1,1
592,848700000,2443,1060,113,35,1,1,1,1
593,868100000,1249,1079,240,46,1,1,1,1
593,657300000,92,1074,279,58,1,1,1,1
593,848700000,2440,1060,113,35,1,1,1,1
594,868100000,1242,1079,241,46,1,1,1,1
594,657300000,75,1074,280,58,1,1,1,1
594,848700000,2438,1060,114,35,1,1,1,1
595,868100000,1236,1079,242,46,1,1,1,1
595,657300000,58,1073,280,57,1,1,1,1
595,848700000,2435,1060,114,35,1,1,1,1
596,868100000,1229,1079,243,46,1,1,1,1
596,657300000,41,1073,281,57,1,1,1,1
596,848700000,2433,1060,114,35,1,1,1,1
597,868100000,1222,1079,244,46,1,1,1,1
597,657300000,25,1073,281,57,1,1,1,1
597,848700000,2430,1060,114,35,1,1,1,1
598,868100000,1215,1079,245,46,1,1,1,1
598,657300000,8,1073,282,57,1,1,1,1
598,848700000,2428,1060,115,35,1,1,1,1
599,868100000,1208,1079,245,46,1,1,1,1
599,657300000,0,1073,274,57,1,1,1,1
599,848700000,2425,1061,115,35,1,1,1,1
600,868100000,1201,1079,246,46,1,1,1,1
600,657300000,0,1073,258,57,1,1,1,1
600,848700000,2422,1061,115,35,1,1,1,1
601,868100000,1193,1079,247,47,1,1,1,1
601,657300000,0,1073,242,57,1,1,1,1
601,848700000,2420,1061,115,35,1,1,1,1
602,868100000,1186,1079,248,47,1,1,1,1
602,657300000,0,1072,225,57,1,1,1,1
602,848700000,2417,1061,116,35,1,1,1,1
603,868100000,1179,1079,248,47,1,1,1,1
603,657300000,0,1072,209,57,1,1,1,1
603,848700000,2415,1061,116,35,1,1,1,1
604,868100000,1172,1079,249,47,1,1,1,1
604,657300000,0,1072,192,57,1,1,1,1
604,848700000,2412,1061,116,35,1,1,1,1
605,868100000,1165,1079,250,47,1,1,1,1
605,657300000,0,1072,176,57,1,1,1,1
605,848700000,2410,1061,116,35,1,1,1,1
606,868100000,1158,1079,251,47,1,1,1,1
606,657300000,0,1071,159,56,1,1,1,1
606,848700000,2407,1061,117,35,1,1,1,1
607,868100000,1150,1079,251,47,1,1,1,1
607,657300000,0,1071,142,56,1,1,1,1
607,848700000,2405,1061,117,35,1,1,1,1
608,868100000,1143,1079,252,47,1,1,1,1
608,657300000,0,1071,125,56,1,1,1,1
608,848700000,2402,1061,117,35,1,1,1,1
609,868100000,1136,1080,253,47,1,1,1,1
609,657300000,0,1071,109,56,1,1,1,1
609,848700000,2399,1061,117,35,1,1,1,1
610,868100000,1128,1080,254,47,1,1,1,1
610,657300000,0,1070,92,55,1,1,1,1
610,848700000,2397,1061,118,35,1,1,1,1
611,868100000,1121,1080,254,47,1,1,1,1
611,657300000,0,1070,75,55,1,1,1,1
611,848700000,2394,1061,118,35,1,1,1,1
612,868100000,1114,1080,255,47,1,1,1,1
612,657300000,0,1071,58,55,1,1,1,1
612,848700000,2392,1062,118,35,1,1,1,1
613,868100000,1106,1080,256,46,1,1,1,1
613,657300000,0,1073,40,54,1,1,1,1
613,848700000,2389,1062,119,35,1,1,1,1
614,868100000,1099,1080,256,46,1,1,1,1
614,657300000,0,1074,23,54,1,1,1,1
614,848700000,2387,1062,119,35,1,1,1,1
615,868100000,1091,1080,257,46,1,1,1,1
615,848700000,2384,1062,119,35,1,1,1,1
616,868100000,1084,1081,258,46,1,1,1,1
616,848700000,2381,1062,119,35,1,1,1,1
617,868100000,1077,1081,259,46,1,1,1,1
617,848700000,2379,1062,120,35,1,1,1,1
618,868100000,1069,1081,259,46,1,1,1,1
618,848700000,2376,1062,120,35,1,1,1,1
619,868100000,1062,1081,260,46,1,1,1,1
619,848700000,2374,1062,120,35,1,1,1,1
620,868100000,1054,1081,261,46,1,1,1,1
620,848700000,2371,1062,120,35,1,1,1,1
621,868100000,1046,1081,263,46,1,1,1,1
621,848700000,2369,1062,121,35,1,1,1,1
622,868100000,1038,1082,264,46,1,1,1,1
622,848700000,2366,1062,121,35,1,1,1,1
623,868100000,1030,1082,266,46,1,1,1,1
623,848700000,2363,1062,121,35,1,1,1,1
624,868100000,1022,1082,267,46,1,1,1,1
624,848700000,2361,1062,121,35,1,1,1,1
625,868100000,1014,1082,269,46,1,1,1,1
625,848700000,2358,1062,122,35,1,1,1,1
626,868100000,1006,1083,270,46,1,1,1,1
626,848700000,2356,1063,122,35,1,1,1,1
627,868100000,998,1083,272,46,1,1,1,1
627,848700000,2353,1063,122,35,1,1,1,1
628,868100000,990,1083,273,46,1,1,1,1
628,848700000,2351,1063,123,35,1,1,1,1
629,868100000,982,1083,274,46,1,1,1,1
629,848700000,2348,1063,123,35,1,1,1,1
630,868100000,975,1083,274,46,1,1,1,1
630,848700000,2345,1063,123,35,1,1,1,1
631,868100000,967,1083,275,46,1,1,1,1
631,848700000,2343,1063,123,35,1,1,1,1
632,868100000,959,1083,275,46,1,1,1,1
632,848700000,2340,1063,124,35,1,1,1,1
633,868100000,951,1083,276,46,1,1,1,1
633,848700000,2338,1063,124,35,1,1,1,1
634,868100000,942,1083,277,46,1,1,1,1
634,848700000,2335,1063,124,35,1,1,1,1
635,868100000,934,1083,278,46,1,1,1,1
635,848700000,2333,1063,124,35,1,1,1,1
636,868100000,926,1083,280,47,1,1,1,1
636,848700000,2330,1063,125,35,1,1,1,1
637,868100000,917,1083,281,47,1,1,1,1
637,848700000,2328,1063,125,35,1,1,1,1
638,868100000,909,1083,282,47,1,1,1,1
638,848700000,2325,1063,125,35,1,1,1,1
639,868100000,900,1083,283,47,1,1,1,1
639,848700000,2322,1064,125,35,1,1,1,1
640,868100000,892,1083,284,47,1,1,1,1
640,848700000,2320,1064,126,35,1,1,1,1
641,868100000,884,1082,285,47,1,1,1,1
641,848700000,2317,1064,126,35,1,1,1,1
642,868100000,875,1082,286,47,1,1,1,1
642,848700000,2315,1064,126,35,1,1,1,1
643,868100000,867,1082,287,47,1,1,1,1
643,848700000,2312,1064,126,35,1,1,1,1
644,868100000,859,1082,289,48,1,1,1,1
644,848700000,2310,1064,127,35,1,1,1,1
645,868100000,850,1082,290,48,1,1,1,1
645,848700000,2307,1064,127,35,1,1,1,1
646,868100000,842,1082,291,48,1,1,1,1
646,848700000,2304,1064,127,35,1,1,1,1
647,868100000,833,1082,292,48,1,1,1,1
647,848700000,2301,1064,128,35,1,1,1,1
648,868100000,825,1082,293,48,1,1,1,1
648,848700000,2298,1064,128,35,1,1,1,1
649,868100000,818,1082,292,48,1,1,1,1
649,848700000,2295,1064,128,35,1,1,1,1
650,868100000,809,1082,293,48,1,1,1,1
650,848700000,2291,1064,129,35,1,1,1,1
651,868100000,800,1082,294,48,1,1,1,1
651,848700000,2288,1064,129,35,1,1,1,1
652,868100000,792,1082,295,48,1,1,1,1
652,848700000,2285,1064,129,35,1,1,1,1
653,868100000,783,1082,296,48,1,1,1,1
653,848700000,2282,1065,129,35,1,1,1,1
654,868100000,774,1082,297,49,1,1,1,1
654,848700000,2279,1065,130,35,1,1,1,1
655,868100000,765,1082,298,49,1,1,1,1
655,848700000,2276,1065,130,35,1,1,1,1
656,868100000,756,1082,299,49,1,1,1,1
656,848700000,2273,1065,130,35,1,1,1,1
657,868100000,748,1082,300,49,1,1,1,1
657,848700000,2270,1065,131,36,1,1,1,1
658,868100000,739,1082,301,49,1,1,1,1
658,848700000,2267,1065,131,36,1,1,1,1
659,868100000,730,1082,302,49,1,1,1,1
659,848700000,2263,1065,131,36,1,1,1,1
660,868100000,721,1082,304,49,1,1,1,1
660,848700000,2260,1065,132,36,1,1,1,1
661,868100000,712,1082,305,49,1,1,1,1
661,848700000,2257,1065,132,36,1,1,1,1
662,868100000,703,1082,307,49,1,1,1,1
662,848700000,2254,1065,132,36,1,1,1,1
663,868100000,694,1082,308,49,1,1,1,1
663,848700000,2251,1065,132,36,1,1,1,1
664,868100000,685,1082,310,49,1,1,1,1
664,848700000,2248,1065,133,36,1,1,1,1
665,868100000,675,1082,311,49,1,1,1,1
665,848700000,2245,1065,133,36,1,1,1,1
666,868100000,666,1082,312,49,1,1,1,1
666,848700000,2242,1065,133,36,1,1,1,1
667,868100000,656,1082,314,49,1,1,1,1
667,848700000,2239,1065,134,36,1,1,1,1
668,868100000,647,1082,315,49,1,1,1,1
668,848700000,2236,1066,134,36,1,1,1,1
669,868100000,637,1081,316,49,1,1,1,1
669,848700000,2232,1066,134,36,1,1,1,1
670,868100000,628,1081,317,49,1,1,1,1
670,848700000,2229,1066,135,36,1,1,1,1
671,868100000,618,1081,318,49,1,1,1,1
671,848700000,2226,1066,135,36,1,1,1,1
672,868100000,609,1081,319,49,1,1,1,1
672,848700000,2223,1066,135,36,1,1,1,1
673,868100000,599,1081,321,50,1,1,1,1
673,848700000,2220,1066,136,36,1,1,1,1
674,868100000,589,1081,322,50,1,1,1,1
674,848700000,2217,1066,136,36,1,1,1,1
675,868100000,580,1081,323,50,1,1,1,1
675,848700000,2214,1066,136,36,1,1,1,1
676,868100000,570,1081,324,50,1,1,1,1
676,848700000,2211,1066,136,36,1,1,1,1
677,868100000,561,1081,325,50,1,1,1,1
677,848700000,2208,1066,137,36,1,1,1,1
678,868100000,551,1080,326,50,1,1,1,1
678,848700000,2204,1066,137,36,1,1,1,1
679,868100000,542,1080,328,50,1,1,1,1
679,848700000,2201,1066,137,36,1,1,1,1
680,868100000,532,1080,329,50,1,1,1,1
680,848700000,2198,1066,138,37,1,1,1,1
681,868100000,523,1080,330,50,1,1,1,1
681,848700000,2195,1066,138,37,1,1,1,1
682,868100000,513,1080,331,50,1,1,1,1
682,848700000,2192,1066,138,37,1,1,1,1
683,868100000,503,1080,332,50,1,1,1,1
683,848700000,2189,1066,139,37,1,1,1,1
684,868100000,493,1080,333,50,1,1,1,1
684,848700000,2186,1067,139,37,1,1,1,1
685,868100000,483,1080,333,50,1,1,1,1
685,848700000,2183,1067,139,37,1,1,1,1
686,868100000,473,1080,334,50,1,1,1,1
686,848700000,2180,1067,139,37,1,1,1,1
687,868100000,463,1080,335,50,1,1,1,1
687,848700000,2176,1067,140,37,1,1,1,1
688,868100000,453,1080,335,50,1,1,1,1
688,848700000,2173,1067,140,37,1,1,1,1
689,868100000,443,1080,334,50,1,1,1,1
689,848700000,2170,1067,140,37,1,1,1,1
690,868100000,433,1079,334,50,1,1,1,1
690,848700000,2167,1067,141,37,1,1,1,1
691,868100000,423,1079,333,50,1,1,1,1
691,848700000,2164,1067,141,37,1,1,1,1
692,868100000,413,1079,333,50,1,1,1,1
692,848700000,2161,1067,141,37,1,1,1,1
693,868100000,403,1079,334,50,1,1,1,1
693,848700000,2157,1067,141,37,1,1,1,1
694,868100000,393,1079,336,50,1,1,1,1
694,848700000,2154,1067,142,37,1,1,1,1
695,868100000,382,1079,337,50,1,1,1,1
695,848700000,2151,1067,142,37,1,1,1,1
696,868100000,372,1079,338,50,1,1,1,1
696,848700000,2147,1067,142,37,1,1,1,1
697,868100000,362,1079,339,50,1,1,1,1
697,848700000,2144,1068,142,37,1,1,1,1
698,868100000,352,1078,341,51,1,1,1,1
698,848700000,2141,1068,143,37,1,1,1,1
699,868100000,342,1078,342,51,1,1,1,1
699,848700000,2137,1068,143,37,1,1,1,1
700,868100000,332,1078,343,51,1,1,1,1
700,848700000,2134,1068,143,37,1,1,1,1
701,868100000,321,1078,344,51,1,1,1,1
701,848700000,2131,1068,143,37,1,1,1,1
702,868100000,311,1078,346,51,1,1,1,1
702,848700000,2127,1068,144,37,1,1,1,1
703,868100000,301,1078,347,51,1,1,1,1
703,848700000,2124,1068,144,37,1,1,1,1
704,868100000,290,1078,349,51,1,1,1,1
704,848700000,2121,1068,144,37,1,1,1,1
705,868100000,280,1078,350,51,1,1,1,1
705,848700000,2117,1068,144,37,1,1,1,1
706,868100000,269,1078,352,51,1,1,1,1
706,848700000,2114,1068,144,37,1,1,1,1
707,868100000,258,1077,354,51,1,1,1,1
707,848700000,2111,1068,145,37,1,1,1,1
708,868100000,247,1077,356,51,1,1,1,1
708,848700000,2107,1068,145,37,1,1,1,1
709,868100000,237,1077,357,51,1,1,1,1
709,848700000,2104,1069,145,38,1,1,1,1
710,868100000,226,1077,359,51,1,1,1,1
710,848700000,2100,1069,145,38,1,1,1,1
711,868100000,215,1077,360,51,1,1,1,1
711,848700000,2097,1069,146,38,1,1,1,1
712,868100000,204,1076,360,52,1,1,1,1
712,848700000,2094,1069,146,38,1,1,1,1
713,868100000,194,1076,361,52,1,1,1,1
713,848700000,2090,1069,146,38,1,1,1,1
714,868100000,183,1076,362,52,1,1,1,1
714,848700000,2087,1069,146,38,1,1,1,1
715,868100000,172,1076,363,53,1,1,1,1
715,848700000,2084,1069,146,38,1,1,1,1
716,868100000,161,1075,363,53,1,1,1,1
716,848700000,2080,1069,147,38,1,1,1,1
717,868100000,151,1075,364,53,1,1,1,1
717,848700000,2077,1069,147,38,1,1,1,1
718,868100000,140,1075,365,54,1,1,1,1
718,848700000,2074,1069,147,38,1,1,1,1
719,868100000,129,1074,365,54,1,1,1,1
719,848700000,2070,1069,147,38,1,1,1,1
720,868100000,118,1074,366,54,1,1,1,1
720,848700000,2067,1069,148,38,1,1,1,1
721,868100000,108,1074,367,55,1,1,1,1
721,848700000,2064,1070,148,38,1,1,1,1
722,868100000,97,1074,368,55,1,1,1,1
722,848700000,2060,1070,148,38,1,1,1,1
723,868100000,86,1073,368,55,1,1,1,1
723,848700000,2057,1070,148,38,1,1,1,1
724,868100000,75,1073,369,56,1,1,1,1
724,848700000,2054,1070,149,38,1,1,1,1
725,868100000,65,1073,370,56,1,1,1,1
725,848700000,2050,1070,149,38,1,1,1,1
726,868100000,54,1072,370,56,1,1,1,1
726,848700000,2047,1070,149,38,1,1,1,1
727,868100000,43,1072,371,57,1,1,1,1
727,848700000,2043,1070,150,38,1,1,1,1
728,868100000,32,1072,372,57,1,1,1,1
728,848700000,2039,1070,151,39,1,1,1,1
729,868100000,22,1072,373,57,1,1,1,1
729,848700000,2035,1070,152,39,1,1,1,1
730,868100000,11,1071,373,58,1,1,1,1
730,848700000,2031,1070,152,39,1,1,1,1
731,868100000,0,1071,374,58,1,1,1,1
731,848700000,2027,1069,153,39,1,1,1,1
732,868100000,0,1071,363,58,1,1,1,1
732,848700000,2023,1069,154,40,1,1,1,1
733,868100000,0,1070,352,58,1,1,1,1
733,848700000,2019,1069,155,40,1,1,1,1
734,868100000,0,1070,341,58,1,1,1,1
734,848700000,2015,1069,156,40,1,1,1,1
735,868100000,0,1070,331,59,1,1,1,1
735,848700000,2011,1069,157,41,1,1,1,1
736,868100000,0,1070,320,59,1,1,1,1
736,848700000,2007,1069,157,41,1,1,1,1
737,868100000,0,1069,309,59,1,1,1,1
737,848700000,2003,1069,158,41,1,1,1,1
738,868100000,0,1069,298,59,1,1,1,1
738,848700000,1999,1069,159,41,1,1,1,1
739,868100000,0,1069,287,59,1,1,1,1
739,848700000,1995,1069,160,42,1,1,1,1
740,868100000,0,1069,276,59,1,1,1,1
740,848700000,1991,1068,161,42,1,1,1,1
741,868100000,0,1068,266,60,1,1,1,1
741,848700000,1987,1068,162,42,1,1,1,1
742,868100000,0,1068,255,60,1,1,1,1
742,848700000,1983,1068,162,42,1,1,1,1
743,868100000,0,1068,244,60,1,1,1,1
743,848700000,1979,1068,163,43,1,1,1,1
744,868100000,0,1068,233,60,1,1,1,1
744,848700000,1975,1068,164,43,1,1,1,1
745,868100000,0,1067,222,60,1,1,1,1
745,848700000,1971,1068,165,43,1,1,1,1
746,868100000,0,1067,211,60,1,1,1,1
746,848700000,1966,1068,166,43,1,1,1,1
747,868100000,0,1067,201,61,1,1,1,1
747,848700000,1962,1069,166,43,1,1,1,1
748,868100000,0,1067,190,61,1,1,1,1
748,848700000,1957,1069,167,43,1,1,1,1
749,868100000,0,1066,179,61,1,1,1,1
749,848700000,1953,1069,168,43,1,1,1,1
750,868100000,0,1066,168,61,1,1,1,1
750,848700000,1948,1069,169,43,1,1,1,1
751,868100000,0,1066,157,61,1,1,1,1
751,848700000,1944,1069,170,43,1,1,1,1
752,868100000,0,1066,146,60,1,1,1,1
752,848700000,1939,1069,170,42,1,1,1,1
753,868100000,0,1067,135,60,1,1,1,1
753,848700000,1935,1070,171,42,1,1,1,1
754,868100000,0,1067,124,59,1,1,1,1
754,848700000,1931,1070,172,42,1,1,1,1
755,868100000,0,1067,114,59,1,1,1,1
755,848700000,1926,1070,173,42,1,1,1,1
756,868100000,0,1067,103,58,1,1,1,1
756,848700000,1922,1070,173,42,1,1,1,1
757,868100000,0,1067,92,58,1,1,1,1
757,848700000,1917,1070,174,42,1,1,1,1
758,868100000,0,1068,81,57,1,1,1,1
758,848700000,1913,1071,175,42,1,1,1,1
759,868100000,0,1068,70,57,1,1,1,1
759,848700000,1908,1071,176,42,1,1,1,1
760,868100000,0,1068,59,56,1,1,1,1
760,848700000,1904,1071,177,42,1,1,1,1
761,868100000,0,1072,47,51,1,1,1,1
761,848700000,1899,1071,177,42,1,1,1,1
762,868100000,0,1075,35,47,1,1,1,1
762,848700000,1895,1071,178,42,1,1,1,1
763,868100000,0,1079,23,42,1,1,1,1
763,848700000,1891,1072,179,42,1,1,1,1
764,848700000,1886,1072,180,42,1,1,1,1
765,848700000,1882,1072,181,42,1,1,1,1
766,848700000,1877,1072,181,41,1,1,1,1
767,848700000,1873,1072,182,41,1,1,1,1
768,848700000,1868,1072,183,41,1,1,1,1
769,848700000,1864,1073,184,41,1,1,1,1
770,848700000,1860,1073,185,41,1,1,1,1
771,848700000,1855,1073,185,41,1,1,1,1
772,848700000,1851,1073,186,41,1,1,1,1
773,848700000,1846,1073,187,41,1,1,1,1
774,848700000,1842,1074,188,41,1,1,1,1
775,848700000,1837,1074,189,41,1,1,1,1
776,848700000,1833,1074,189,41,1,1,1,1
777,848700000,1828,1074,190,41,1,1,1,1
778,848700000,1824,1074,191,41,1,1,1,1
779,848700000,1820,1075,192,41,1,1,1,1
780,848700000,1815,1075,192,40,1,1,1,1
781,848700000,1811,1075,193,40,1,1,1,1
782,848700000,1806,1075,194,40,1,1,1,1
783,848700000,1802,1075,195,40,1,1,1,1
784,848700000,1797,1075,196,40,1,1,1,1
785,848700000,1793,1076,196,40,1,1,1,1
786,848700000,1788,1076,197,40,1,1,1,1
787,848700000,1784,1076,198,40,1,1,1,1
788,848700000,1779,1076,199,40,1,1,1,1
789,848700000,1774,1076,199,40,1,1,1,1
790,848700000,1770,1076,200,40,1,1,1,1
791,848700000,1765,1076,201,41,1,1,1,1
792,848700000,1760,1076,202,41,1,1,1,1
793,848700000,1755,1076,202,41,1,1,1,1
794,848700000,1750,1076,203,41,1,1,1,1
795,848700000,1746,1077,204,41,1,1,1,1
796,848700000,1741,1077,205,41,1,1,1,1
797,848700000,1736,1077,205,41,1,1,1,1
798,848700000,1731,1077,206,41,1,1,1,1
799,848700000,1726,1077,207,42,1,1,1,1
800,848700000,1722,1077,208,42,1,1,1,1
801,848700000,1717,1077,208,42,1,1,1,1
802,848700000,1712,1077,209,42,1,1,1,1
803,848700000,1706,1077,210,42,1,1,1,1
804,848700000,1701,1077,211,42,1,1,1,1
805,848700000,1695,1077,212,42,1,1,1,1
806,848700000,1690,1077,213,43,1,1,1,1
807,848700000,1684,1077,214,43,1,1,1,1
808,848700000,1678,1077,215,43,1,1,1,1
809,848700000,1673,1077,216,43,1,1,1,1
810,848700000,1667,1077,217,43,1,1,1,1
811,848700000,1662,1077,218,43,1,1,1,1
812,848700000,1656,1077,219,43,1,1,1,1
812,897900000,0,1124,21,23,1,1,1,1
813,848700000,1650,1077,220,43,1,1,1,1
813,897900000,0,1124,31,24,1,1,1,1
814,848700000,1645,1077,221,44,1,1,1,1
814,897900000,0,1123,41,24,1,1,1,1
815,848700000,1639,1077,222,44,1,1,1,1
815,897900000,0,1123,51,25,1,1,1,1
816,848700000,1634,1077,223,44,1,1,1,1
816,897900000,0,1122,60,25,1,1,1,1
817,848700000,1628,1077,224,44,1,1,1,1
817,897900000,0,1122,70,26,1,1,1,1
818,848700000,1623,1078,226,44,1,1,1,1
818,897900000,0,1122,80,26,1,1,1,1
819,848700000,1617,1078,227,44,1,1,1,1
819,897900000,0,1121,90,27,1,1,1,1
820,848700000,1611,1078,228,44,1,1,1,1
820,897900000,0,1121,100,28,1,1,1,1
821,848700000,1606,1078,229,44,1,1,1,1
821,897900000,0,1120,110,28,1,1,1,1
822,848700000,1600,1078,230,45,1,1,1,1
822,897900000,0,1120,120,29,1,1,1,1
823,848700000,1595,1078,231,45,1,1,1,1
823,897900000,0,1120,130,29,1,1,1,1
824,848700000,1589,1078,232,45,1,1,1,1
824,897900000,0,1119,139,30,1,1,1,1
825,848700000,1583,1078,233,45,1,1,1,1
825,897900000,0,1119,149,30,1,1,1,1
826,848700000,1578,1078,234,45,1,1,1,1
826,897900000,0,1119,159,31,1,1,1,1
827,848700000,1572,1078,235,45,1,1,1,1
827,897900000,0,1118,169,31,1,1,1,1
828,848700000,1567,1078,236,45,1,1,1,1
828,897900000,0,1118,179,32,1,1,1,1
829,848700000,1561,1078,237,45,1,1,1,1
829,897900000,0,1117,189,33,1,1,1,1
830,848700000,1555,1078,238,46,1,1,1,1
830,897900000,0,1117,199,33,1,1,1,1
831,848700000,1550,1078,239,46,1,1,1,1
831,897900000,0,1117,209,34,1,1,1,1
832,848700000,1544,1078,240,46,1,1,1,1
832,897900000,0,1116,218,34,1,1,1,1
833,848700000,1539,1078,241,46,1,1,1,1
833,897900000,0,1116,228,35,1,1,1,1
834,848700000,1533,1078,242,46,1,1,1,1
834,897900000,0,1115,238,35,1,1,1,1
835,848700000,1527,1078,243,46,1,1,1,1
835,897900000,0,1115,248,36,1,1,1,1
836,848700000,1521,1078,244,46,1,1,1,1
836,897900000,0,1115,257,36,1,1,1,1
837,848700000,1515,1078,245,46,1,1,1,1
837,897900000,1,1115,266,36,1,1,1,1
838,848700000,1509,1078,246,46,1,1,1,1
838,897900000,2,1115,275,36,1,1,1,1
839,848700000,1503,1078,247,46,1,1,1,1
839,897900000,12,1115,274,36,1,1,1,1
840,848700000,1497,1079,248,47,1,1,1,1
840,897900000,22,1115,273,36,1,1,1,1
841,848700000,1490,1079,249,47,1,1,1,1
841,897900000,32,1115,273,37,1,1,1,1
842,848700000,1484,1079,250,47,1,1,1,1
842,897900000,42,1115,272,37,1,1,1,1
843,848700000,1478,1079,251,47,1,1,1,1
843,897900000,52,1115,271,37,1,1,1,1
844,848700000,1472,1079,252,47,1,1,1,1
844,897900000,62,1115,270,37,1,1,1,1
845,848700000,1466,1079,253,47,1,1,1,1
845,897900000,72,1115,269,37,1,1,1,1
846,848700000,1460,1079,254,47,1,1,1,1
846,897900000,82,1115,269,37,1,1,1,1
847,848700000,1453,1079,255,47,1,1,1,1
847,897900000,92,1115,268,37,1,1,1,1
848,848700000,1446,1079,256,47,1,1,1,1
848,897900000,102,1115,267,37,1,1,1,1
849,848700000,1440,1079,257,47,1,1,1,1
849,897900000,111,1115,267,37,1,1,1,1
850,848700000,1433,1079,258,48,1,1,1,1
850,897900000,121,1115,266,37,1,1,1,1
851,848700000,1426,1079,260,48,1,1,1,1
851,897900000,131,1115,265,37,1,1,1,1
852,848700000,1419,1079,261,48,1,1,1,1
852,897900000,141,1115,265,37,1,1,1,1
853,848700000,1412,1079,262,48,1,1,1,1
853,897900000,151,1115,264,37,1,1,1,1
854,848700000,1405,1079,263,48,1,1,1,1
854,897900000,161,1115,263,37,1,1,1,1
855,848700000,1399,1078,264,48,1,1,1,1
855,897900000,170,1115,263,37,1,1,1,1
856,848700000,1392,1078,265,48,1,1,1,1
856,897900000,180,1115,262,37,1,1,1,1
857,848700000,1385,1078,266,49,1,1,1,1
857,897900000,189,1115,262,37,1,1,1,1
858,848700000,1378,1078,267,49,1,1,1,1
858,897900000,199,1115,261,37,1,1,1,1
859,848700000,1371,1078,269,49,1,1,1,1
859,897900000,208,1115,261,37,1,1,1,1
860,848700000,1364,1078,270,49,1,1,1,1
860,897900000,218,1116,260,37,1,1,1,1
861,848700000,1358,1078,271,49,1,1,1,1
861,897900000,227,1116,260,37,1,1,1,1
862,848700000,1351,1078,272,49,1,1,1,1
862,897900000,237,1116,259,37,1,1,1,1
863,848700000,1344,1078,273,50,1,1,1,1
863,897900000,246,1116,259,37,1,1,1,1
864,848700000,1337,1078,274,50,1,1,1,1
864,897900000,256,1116,258,37,1,1,1,1
865,848700000,1330,1078,275,50,1,1,1,1
865,897900000,265,1116,258,37,1,1,1,1
866,848700000,1324,1078,276,50,1,1,1,1
866,897900000,275,1116,257,37,1,1,1,1
867,848700000,1317,1078,277,50,1,1,1,1
867,897900000,285,1116,256,37,1,1,1,1
868,848700000,1310,1078,279,50,1,1,1,1
868,897900000,294,1116,256,37,1,1,1,1
869,848700000,1303,1078,280,50,1,1,1,1
869,897900000,304,1116,255,37,1,1,1,1
870,848700000,1296,1078,281,51,1,1,1,1
870,897900000,313,1116,255,37,1,1,1,1
871,848700000,1289,1078,282,51,1,1,1,1
871,897900000,323,1116,254,37,1,1,1,1
872,848700000,1283,1077,283,51,1,1,1,1
872,897900000,332,1117,254,36,1,1,1,1
873,848700000,1276,1077,284,51,1,1,1,1
873,897900000,342,1117,253,36,1,1,1,1
874,848700000,1269,1077,285,51,1,1,1,1
874,897900000,351,1117,253,36,1,1,1,1
874,241000000,2549,1059,11,33,1,1,1,1
875,848700000,1262,1077,286,51,1,1,1,1
875,897900000,361,1117,252,36,1,1,1,1
875,241000000,2547,1059,13,33,1,1,1,1
876,848700000,1255,1077,288,51,1,1,1,1
876,897900000,370,1117,252,36,1,1,1,1
876,241000000,2544,1059,16,33,1,1,1,1
877,848700000,1248,1077,289,52,1,1,1,1
877,897900000,380,1117,251,36,1,1,1,1
877,241000000,2542,1059,18,33,1,1,1,1
878,848700000,1242,1077,290,52,1,1,1,1
878,897900000,390,1117,250,36,1,1,1,1
878,241000000,2540,1060,20,33,1,1,1,1
879,848700000,1235,1077,291,52,1,1,1,1
879,897900000,399,1117,250,36,1,1,1,1
879,241000000,2537,1060,23,33,1,1,1,1
880,848700000,1228,1077,292,52,1,1,1,1
880,897900000,409,1117,249,36,1,1,1,1
880,241000000,2535,1060,25,33,1,1,1,1
881,848700000,1220,1077,293,52,1,1,1,1
881,897900000,418,1117,249,36,1,1,1,1
881,241000000,2533,1060,27,33,1,1,1,1
882,848700000,1212,1077,295,52,1,1,1,1
882,897900000,428,1117,248,36,1,1,1,1
882,241000000,2531,1060,29,33,1,1,1,1
883,848700000,1205,1077,296,52,1,1,1,1
883,897900000,437,1117,248,36,1,1,1,1
883,241000000,2528,1060,32,33,1,1,1,1
884,848700000,1197,1077,297,53,1,1,1,1
884,897900000,447,1118,247,36,1,1,1,1
884,241000000,2526,1060,34,33,1,1,1,1
885,848700000,1189,1077,299,53,1,1,1,1
885,897900000,456,1118,247,36,1,1,1,1
885,241000000,2524,1060,36,33,1,1,1,1
886,848700000,1181,1077,300,53,1,1,1,1
886,897900000,466,1118,246,36,1,1,1,1
886,241000000,2521,1061,39,32,1,1,1,1
887,848700000,1174,1077,302,53,1,1,1,1
887,897900000,475,1118,246,36,1,1,1,1
887,241000000,2519,1061,41,32,1,1,1,1
888,848700000,1166,1076,303,53,1,1,1,1
888,897900000,485,1118,245,36,1,1,1,1
888,241000000,2517,1061,43,32,1,1,1,1
889,848700000,1158,1076,304,53,1,1,1,1
889,897900000,494,1118,245,36,1,1,1,1
889,241000000,2514,1061,46,32,1,1,1,1
890,848700000,1150,1076,306,53,1,1,1,1
890,897900000,504,1118,244,36,1,1,1,1
890,241000000,2512,1061,48,32,1,1,1,1
891,848700000,1142,1076,307,54,1,1,1,1
891,897900000,513,1118,243,36,1,1,1,1
891,241000000,2510,1061,50,32,1,1,1,1
892,848700000,1135,1076,308,54,1,1,1,1
892,897900000,522,1118,242,36,1,1,1,1
892,241000000,2508,1061,52,32,1,1,1,1
893,848700000,1127,1076,310,54,1,1,1,1
893,897900000,530,1118,241,35,1,1,1,1
893,241000000,2505,1061,55,32,1,1,1,1
894,848700000,1119,1076,311,54,1,1,1,1
894,897900000,539,1118,240,35,1,1,1,1
894,241000000,2503,1062,57,32,1,1,1,1
895,848700000,1111,1076,312,54,1,1,1,1
895,897900000,548,1118,239,35,1,1,1,1
895,241000000,2501,1062,59,32,1,1,1,1
896,848700000,1103,1076,313,54,1,1,1,1
896,897900000,557,1119,238,35,1,1,1,1
896,241000000,2498,1062,62,32,1,1,1,1
897,848700000,1095,1076,314,54,1,1,1,1
897,897900000,566,1119,237,34,1,1,1,1
897,241000000,2496,1062,64,32,1,1,1,1
898,848700000,1087,1077,316,54,1,1,1,1
898,897900000,575,1119,236,34,1,1,1,1
898,241000000,2493,1062,66,32,1,1,1,1
899,848700000,1079,1077,317,54,1,1,1,1
899,897900000,583,1119,235,34,1,1,1,1
899,241000000,2491,1062,68,32,1,1,1,1
900,848700000,1071,1077,318,54,1,1,1,1
900,897900000,592,1119,234,34,1,1,1,1
900,241000000,2488,1062,70,32,1,1,1,1
901,848700000,1063,1077,319,54,1,1,1,1
901,897900000,601,1119,233,34,1,1,1,1
901,241000000,2486,1062,72,32,1,1,1,1
902,848700000,1055,1077,320,53,1,1,1,1
902,897900000,610,1119,232,33,1,1,1,1
902,241000000,2483,1062,73,32,1,1,1,1
903,848700000,1047,1077,321,53,1,1,1,1
903,897900000,619,1119,231,33,1,1,1,1
903,241000000,2480,1062,75,32,1,1,1,1
904,848700000,1039,1077,322,53,1,1,1,1
904,897900000,628,1119,230,33,1,1,1,1
904,241000000,2478,1062,77,32,1,1,1,1
905,848700000,1031,1077,323,53,1,1,1,1
905,897900000,636,1119,229,33,1,1,1,1
905,241000000,2475,1063,79,32,1,1,1,1
906,848700000,1023,1078,325,53,1,1,1,1
906,897900000,645,1119,228,33,1,1,1,1
906,241000000,2472,1063,81,31,1,1,1,1
907,848700000,1015,1078,326,53,1,1,1,1
907,897900000,654,1119,227,32,1,1,1,1
907,241000000,2470,1063,83,31,1,1,1,1
908,848700000,1007,1078,327,53,1,1,1,1
908,897900000,663,1120,226,32,1,1,1,1
908,241000000,2467,1063,85,31,1,1,1,1
909,848700000,999,1078,328,53,1,1,1,1
909,897900000,672,1120,225,32,1,1,1,1
909,241000000,2465,1063,87,31,1,1,1,1
910,848700000,990,1078,329,53,1,1,1,1
910,897900000,681,1120,224,32,1,1,1,1
910,241000000,2462,1063,88,31,1,1,1,1
911,848700000,982,1078,331,53,1,1,1,1
911,897900000,689,1120,223,31,1,1,1,1
911,241000000,2459,1063,90,31,1,1,1,1
912,848700000,973,1078,332,53,1,1,1,1
912,897900000,698,1120,222,31,1,1,1,1
912,241000000,2457,1063,92,31,1,1,1,1
913,848700000,965,1078,333,53,1,1,1,1
913,897900000,707,1120,221,31,1,1,1,1
913,241000000,2454,1063,94,31,1,1,1,1
914,848700000,956,1078,334,53,1,1,1,1
914,897900000,715,1120,220,31,1,1,1,1
914,241000000,2451,1063,95,31,1,1,1,1
915,848700000,947,1078,336,53,1,1,1,1
915,897900000,722,1120,220,31,1,1,1,1
915,241000000,2449,1063,95,31,1,1,1,1
916,848700000,939,1078,337,53,1,1,1,1
916,897900000,730,1120,219,30,1,1,1,1
916,241000000,2446,1063,96,31,1,1,1,1
917,848700000,930,1079,338,52,1,1,1,1
917,897900000,738,1120,219,30,1,1,1,1
917,241000000,2443,1063,96,31,1,1,1,1
918,848700000,922,1079,339,52,1,1,1,1
918,897900000,745,1120,218,30,1,1,1,1
918,241000000,2441,1064,97,31,1,1,1,1
919,848700000,913,1079,341,52,1,1,1,1
919,897900000,753,1121,217,30,1,1,1,1
919,241000000,2438,1064,97,31,1,1,1,1
920,848700000,904,1079,342,52,1,1,1,1
920,897900000,761,1121,217,30,1,1,1,1
920,241000000,2435,1064,98,31,1,1,1,1
921,848700000,896,1079,343,52,1,1,1,1
921,897900000,768,1121,216,29,1,1,1,1
921,241000000,2433,1064,98,31,1,1,1,1
922,848700000,887,1079,344,52,1,1,1,1
922,897900000,776,1121,215,29,1,1,1,1
922,241000000,2430,1064,99,31,1,1,1,1
923,848700000,879,1079,346,52,1,1,1,1
923,897900000,783,1121,215,29,1,1,1,1
923,241000000,2427,1064,99,31,1,1,1,1
924,848700000,870,1079,347,52,1,1,1,1
924,897900000,791,1121,214,29,1,1,1,1
924,241000000,2425,1064,99,31,1,1,1,1
925,848700000,861,1079,348,52,1,1,1,1
925,897900000,799,1121,214,29,1,1,1,1
925,241000000,2422,1064,99,31,1,1,1,1
926,848700000,851,1079,350,52,1,1,1,1
926,897900000,806,1121,213,28,1,1,1,1
926,241000000,2419,1064,99,31,1,1,1,1
927,848700000,842,1079,351,52,1,1,1,1
927,897900000,814,1121,212,28,1,1,1,1
927,241000000,2417,1064,100,31,1,1,1,1
928,848700000,833,1079,352,52,1,1,1,1
928,897900000,822,1121,212,28,1,1,1,1
928,241000000,2414,1065,100,31,1,1,1,1
929,848700000,823,1079,353,52,1,1,1,1
929,897900000,829,1122,211,28,1,1,1,1
929,241000000,2411,1065,100,31,1,1,1,1
930,848700000,814,1079,355,52,1,1,1,1
930,897900000,837,1122,211,28,1,1,1,1
930,241000000,2409,1065,100,31,1,1,1,1
931,848700000,805,1079,356,52,1,1,1,1
931,897900000,845,1122,210,28,1,1,1,1
931,241000000,2406,1065,100,31,1,1,1,1
932,848700000,795,1079,357,52,1,1,1,1
932,897900000,852,1122,209,27,1,1,1,1
932,241000000,2403,1065,100,31,1,1,1,1
933,848700000,786,1079,359,52,1,1,1,1
933,897900000,860,1122,209,27,1,1,1,1
933,241000000,2401,1065,100,31,1,1,1,1
934,848700000,777,1079,360,52,1,1,1,1
934,897900000,868,1122,208,27,1,1,1,1
934,241000000,2398,1065,100,31,1,1,1,1
935,848700000,767,1079,361,52,1,1,1,1
935,897900000,875,1122,208,27,1,1,1,1
935,241000000,2395,1065,100,31,1,1,1,1
936,848700000,758,1079,363,52,1,1,1,1
936,897900000,883,1122,207,27,1,1,1,1
936,241000000,2392,1065,100,31,1,1,1,1
937,848700000,749,1078,364,52,1,1,1,1
937,897900000,890,1122,206,26,1,1,1,1
937,241000000,2390,1065,101,31,1,1,1,1
938,848700000,739,1078,365,52,1,1,1,1
938,897900000,898,1122,206,26,1,1,1,1
938,241000000,2387,1065,101,31,1,1,1,1
939,848700000,730,1078,366,52,1,1,1,1
939,897900000,906,1123,205,26,1,1,1,1
939,241000000,2384,1065,101,31,1,1,1,1
940,848700000,721,1078,368,52,1,1,1,1
940,897900000,913,1123,204,26,1,1,1,1
940,241000000,2382,1066,101,31,1,1,1,1
941,848700000,711,1078,369,52,1,1,1,1
941,897900000,921,1123,204,26,1,1,1,1
941,241000000,2379,1066,101,31,1,1,1,1
942,848700000,702,1078,370,52,1,1,1,1
942,897900000,929,1123,203,25,1,1,1,1
942,241000000,2376,1066,101,31,1,1,1,1
943,848700000,693,1078,372,52,1,1,1,1
943,897900000,936,1123,203,25,1,1,1,1
943,241000000,2374,1066,101,31,1,1,1,1
944,848700000,683,1078,373,52,1,1,1,1
944,897900000,944,1123,202,25,1,1,1,1
944,241000000,2371,1066,101,31,1,1,1,1
945,848700000,674,1078,374,52,1,1,1,1
945,897900000,951,1123,201,25,1,1,1,1
945,241000000,2368,1066,101,31,1,1,1,1
946,848700000,665,1078,375,52,1,1,1,1
946,897900000,958,1123,201,25,1,1,1,1
946,241000000,2366,1066,102,32,1,1,1,1
947,848700000,655,1078,377,52,1,1,1,1
947,897900000,965,1123,200,25,1,1,1,1
947,241000000,2363,1066,102,32,1,1,1,1
948,848700000,646,1078,378,52,1,1,1,1
948,897900000,972,1122,199,26,1,1,1,1
948,241000000,2360,1066,102,32,1,1,1,1
949,848700000,636,1078,379,52,1,1,1,1
949,897900000,979,1122,199,26,1,1,1,1
949,241000000,2358,1066,102,32,1,1,1,1
950,848700000,626,1078,381,52,1,1,1,1
950,897900000,986,1122,198,26,1,1,1,1
950,241000000,2355,1066,102,32,1,1,1,1
951,848700000,616,1078,382,53,1,1,1,1
951,897900000,993,1122,197,26,1,1,1,1
951,241000000,2352,1066,102,32,1,1,1,1
952,848700000,606,1078,384,53,1,1,1,1
952,897900000,999,1122,197,26,1,1,1,1
952,241000000,2350,1067,102,32,1,1,1,1
953,848700000,597,1077,385,53,1,1,1,1
953,897900000,1006,1122,196,26,1,1,1,1
953,241000000,2347,1067,102,32,1,1,1,1
954,848700000,587,1077,387,53,1,1,1,1
954,897900000,1013,1121,195,26,1,1,1,1
954,241000000,2344,1067,102,32,1,1,1,1
955,848700000,577,1077,388,54,1,1,1,1
955,897900000,1020,1121,195,26,1,1,1,1
955,241000000,2342,1067,103,32,1,1,1,1
956,848700000,567,1077,390,54,1,1,1,1
956,897900000,1027,1121,194,27,1,1,1,1
956,241000000,2339,1067,103,32,1,1,1,1
957,848700000,557,1077,391,54,1,1,1,1
957,897900000,1034,1121,193,27,1,1,1,1
957,241000000,2336,1067,103,32,1,1,1,1
958,848700000,546,1077,393,54,1,1,1,1
958,897900000,1041,1121,193,27,1,1,1,1
958,241000000,2333,1067,103,32,1,1,1,1
959,848700000,536,1077,394,54,1,1,1,1
959,897900000,1048,1121,192,27,1,1,1,1
959,241000000,2331,1067,103,32,1,1,1,1
960,848700000,525,1077,396,55,1,1,1,1
960,897900000,1055,1120,191,27,1,1,1,1
960,241000000,2328,1067,103,32,1,1,1,1
961,848700000,515,1077,397,55,1,1,1,1
961,897900000,1062,1120,191,27,1,1,1,1
961,241000000,2325,1067,103,32,1,1,1,1
962,848700000,504,1077,399,55,1,1,1,1
962,897900000,1069,1120,190,27,1,1,1,1
962,241000000,2323,1067,103,32,1,1,1,1
963,848700000,494,1077,400,55,1,1,1,1
963,897900000,1076,1120,189,28,1,1,1,1
963,241000000,2320,1067,103,32,1,1,1,1
964,848700000,483,1076,402,55,1,1,1,1
964,897900000,1083,1120,189,28,1,1,1,1
964,241000000,2317,1068,103,32,1,1,1,1
965,848700000,472,1076,403,55,1,1,1,1
965,897900000,1090,1120,188,28,1,1,1,1
965,241000000,2315,1068,104,32,1,1,1,1
966,848700000,462,1076,405,56,1,1,1,1
966,897900000,1097,1119,187,28,1,1,1,1
966,241000000,2312,1068,104,32,1,1,1,1
967,848700000,451,1076,406,56,1,1,1,1
967,897900000,1103,1119,187,28,1,1,1,1
967,241000000,2309,1068,104,32,1,1,1,1
968,848700000,441,1076,408,56,1,1,1,1
968,897900000,1110,1119,186,28,1,1,1,1
968,241000000,2307,1068,104,32,1,1,1,1
969,848700000,430,1076,409,56,1,1,1,1
969,897900000,1117,1119,185,28,1,1,1,1
969,241000000,2304,1068,104,32,1,1,1,1
970,848700000,419,1076,410,56,1,1,1,1
970,897900000,1124,1119,185,28,1,1,1,1
970,241000000,2301,1068,104,32,1,1,1,1
971,848700000,408,1076,412,56,1,1,1,1
971,897900000,1131,1119,184,29,1,1,1,1
971,241000000,2298,1068,105,32,1,1,1,1
972,848700000,397,1076,413,56,1,1,1,1
972,897900000,1138,1118,183,29,1,1,1,1
972,241000000,2295,1068,105,32,1,1,1,1
973,848700000,386,1075,414,57,1,1,1,1
973,897900000,1145,1118,183,29,1,1,1,1
973,241000000,2292,1068,106,32,1,1,1,1
974,848700000,375,1075,415,57,1,1,1,1
974,897900000,1152,1118,182,29,1,1,1,1
974,241000000,2289,1068,106,32,1,1,1,1
975,848700000,365,1075,417,57,1,1,1,1
975,897900000,1158,1118,182,29,1,1,1,1
975,241000000,2286,1068,107,32,1,1,1,1
976,848700000,354,1075,418,57,1,1,1,1
976,897900000,1164,1118,181,29,1,1,1,1
976,241000000,2282,1069,107,32,1,1,1,1
977,848700000,343,1075,419,57,1,1,1,1
977,897900000,1170,1118,181,29,1,1,1,1
977,241000000,2279,1069,108,32,1,1,1,1
978,848700000,332,1075,421,57,1,1,1,1
978,897900000,1176,1118,180,29,1,1,1,1
978,241000000,2276,1069,108,32,1,1,1,1
979,848700000,321,1075,422,57,1,1,1,1
979,897900000,1182,1118,180,29,1,1,1,1
979,241000000,2273,1069,109,32,1,1,1,1
980,848700000,310,1074,423,58,1,1,1,1
980,897900000,1188,1118,180,29,1,1,1,1
980,241000000,2270,1069,109,32,1,1,1,1
981,848700000,299,1074,424,58,1,1,1,1
981,897900000,1194,1118,179,29,1,1,1,1
981,241000000,2267,1069,110,32,1,1,1,1
982,848700000,288,1074,426,58,1,1,1,1
982,897900000,1200,1117,179,29,1,1,1,1
982,241000000,2264,1069,110,32,1,1,1,1
983,848700000,277,1074,427,58,1,1,1,1
983,897900000,1206,1117,178,29,1,1,1,1
983,241000000,2260,1069,110,32,1,1,1,1
984,848700000,266,1074,428,58,1,1,1,1
984,897900000,1212,1117,178,29,1,1,1,1
984,241000000,2257,1069,111,32,1,1,1,1
985,848700000,256,1074,430,58,1,1,1,1
985,897900000,1218,1117,177,29,1,1,1,1
985,241000000,2253,1069,111,32,1,1,1,1
986,848700000,245,1074,431,58,1,1,1,1
986,897900000,1224,1117,177,29,1,1,1,1
986,241000000,2250,1069,112,32,1,1,1,1
987,848700000,234,1073,432,59,1,1,1,1
987,897900000,1230,1117,177,29,1,1,1,1
987,241000000,2246,1069,112,32,1,1,1,1
988,848700000,223,1073,433,59,1,1,1,1
988,897900000,1236,1117,176,29,1,1,1,1
988,241000000,2243,1069,113,32,1,1,1,1
989,848700000,212,1073,435,59,1,1,1,1
989,897900000,1241,1117,176,28,1,1,1,1
989,241000000,2239,1069,113,32,1,1,1,1
990,848700000,201,1073,436,59,1,1,1,1
990,897900000,1247,1117,175,28,1,1,1,1
990,241000000,2236,1070,113,33,1,1,1,1
991,848700000,189,1073,437,59,1,1,1,1
991,897900000,1253,1117,175,28,1,1,1,1
991,241000000,2232,1070,114,33,1,1,1,1
992,848700000,178,1073,439,59,1,1,1,1
992,897900000,1259,1117,175,28,1,1,1,1
992,241000000,2229,1070,114,33,1,1,1,1
993,848700000,166,1073,440,59,1,1,1,1
993,897900000,1265,1117,174,28,1,1,1,1
993,241000000,2225,1070,115,33,1,1,1,1
994,848700000,154,1073,441,59,1,1,1,1
994,897900000,1271,1117,174,28,1,1,1,1
994,241000000,2222,1070,115,33,1,1,1,1
995,848700000,143,1072,443,59,1,1,1,1
995,897900000,1277,1117,173,28,1,1,1,1
995,241000000,2218,1070,115,33,1,1,1,1
996,848700000,131,1072,444,59,1,1,1,1
996,897900000,1283,1116,173,28,1,1,1,1
996,241000000,2214,1070,116,33,1,1,1,1
997,848700000,119,1072,445,59,1,1,1,1
997,897900000,1289,1116,172,28,1,1,1,1
997,241000000,2211,1070,116,33,1,1,1,1
998,848700000,108,1072,447,59,1,1,1,1
998,897900000,1295,1116,172,28,1,1,1,1
998,241000000,2207,1070,117,33,1,1,1,1
999,848700000,96,1072,448,59,1,1,1,1
999,897900000,1301,1116,172,28,1,1,1,1
999,241000000,2204,1070,117,33,1,1,1,1
1000,848700000,85,1072,450,59,1,1,1,1
1000,897900000,1307,1116,171,28,1,1,1,1
1000,241000000,2200,1070,118,33,1,1,1,1
1001,848700000,73,1072,451,59,1,1,1,1
1001,897900000,1313,1116,171,28,1,1,1,1
1001,241000000,2197,1070,118,33,1,1,1,1
1002,848700000,61,1072,452,59,1,1,1,1
1002,897900000,1319,1116,170,28,1,1,1,1
1002,241000000,2193,1070,118,33,1,1,1,1
1003,848700000,50,1071,454,59,1,1,1,1
1003,897900000,1325,1116,170,28,1,1,1,1
1003,241000000,2190,1070,119,33,1,1,1,1
1004,848700000,38,1071,455,59,1,1,1,1
1004,897900000,1331,1116,170,28,1,1,1,1
1004,241000000,2186,1070,119,33,1,1,1,1
1005,848700000,26,1071,456,59,1,1,1,1
1005,897900000,1336,1116,169,28,1,1,1,1
1005,241000000,2183,1070,120,33,1,1,1,1
1006,848700000,15,1071,458,59,1,1,1,1
1006,897900000,1342,1116,169,28,1,1,1,1
1006,241000000,2179,1071,120,34,1,1,1,1
1007,848700000,3,1071,459,59,1,1,1,1
1007,897900000,1347,1116,168,28,1,1,1,1
1007,241000000,2175,1071,120,34,1,1,1,1
1008,848700000,3,1070,449,60,1,1,1,1
1008,897900000,1353,1116,168,28,1,1,1,1
1008,241000000,2172,1071,121,34,1,1,1,1
1009,848700000,2,1069,438,61,1,1,1,1
1009,897900000,1359,1116,167,28,1,1,1,1
1009,241000000,2168,1071,121,34,1,1,1,1
1010,848700000,2,1068,428,62,1,1,1,1
1010,897900000,1364,1115,167,28,1,1,1,1
1010,241000000,2165,1071,122,34,1,1,1,1
1011,848700000,2,1067,417,63,1,1,1,1
1011,897900000,1370,1115,166,28,1,1,1,1
1011,241000000,2161,1071,122,34,1,1,1,1
1012,848700000,2,1066,407,64,1,1,1,1
1012,897900000,1375,1115,166,28,1,1,1,1
1012,241000000,2158,1071,123,34,1,1,1,1
1013,848700000,1,1065,396,64,1,1,1,1
1013,897900000,1381,1115,165,28,1,1,1,1
1013,241000000,2154,1071,123,34,1,1,1,1
1014,848700000,1,1064,386,65,1,1,1,1
1014,897900000,1387,1115,165,28,1,1,1,1
1014,241000000,2151,1071,123,34,1,1,1,1
1015,848700000,1,1063,375,66,1,1,1,1
1015,897900000,1392,1115,164,28,1,1,1,1
1015,241000000,2147,1071,124,34,1,1,1,1
1016,848700000,1,1062,365,67,1,1,1,1
1016,897900000,1398,1115,164,27,1,1,1,1
1016,241000000,2144,1071,124,34,1,1,1,1
1017,848700000,0,1061,354,68,1,1,1,1
1017,897900000,1403,1115,163,27,1,1,1,1
1017,241000000,2140,1071,125,34,1,1,1,1
1018,848700000,0,1060,344,69,1,1,1,1
1018,897900000,1409,1115,163,27,1,1,1,1
1018,241000000,2137,1071,125,34,1,1,1,1
1019,848700000,0,1060,333,69,1,1,1,1
1019,897900000,1415,1115,162,27,1,1,1,1
1019,241000000,2133,1071,125,34,1,1,1,1
1020,848700000,0,1060,321,68,1,1,1,1
1020,897900000,1420,1115,162,27,1,1,1,1
1020,241000000,2129,1071,126,34,1,1,1,1
1021,848700000,0,1060,310,68,1,1,1,1
1021,897900000,1426,1115,161,27,1,1,1,1
1021,241000000,2126,1071,126,34,1,1,1,1
1022,848700000,0,1061,298,68,1,1,1,1
1022,897900000,1431,1114,161,27,1,1,1,1
1022,241000000,2122,1072,127,35,1,1,1,1
1023,848700000,0,1061,287,67,1,1,1,1
1023,897900000,1437,1114,160,27,1,1,1,1
1023,241000000,2119,1072,127,35,1,1,1,1
1024,848700000,0,1061,276,67,1,1,1,1
1024,897900000,1443,1114,160,27,1,1,1,1
1024,241000000,2115,1072,128,35,1,1,1,1
1025,848700000,0,1061,264,67,1,1,1,1
1025,897900000,1448,1114,159,27,1,1,1,1
1025,241000000,2112,1072,128,35,1,1,1,1
1026,848700000,0,1061,253,66,1,1,1,1
1026,897900000,1454,1114,159,27,1,1,1,1
1026,241000000,2108,1072,128,35,1,1,1,1
1027,848700000,0,1061,241,66,1,1,1,1
1027,897900000,1459,1114,158,27,1,1,1,1
1027,241000000,2105,1072,129,35,1,1,1,1
1028,848700000,0,1061,230,66,1,1,1,1
1028,897900000,1465,1114,158,27,1,1,1,1
1028,241000000,2101,1072,129,35,1,1,1,1
1029,848700000,0,1061,219,65,1,1,1,1
1029,897900000,1470,1114,157,27,1,1,1,1
1029,241000000,2098,1072,130,35,1,1,1,1
1030,848700000,0,1062,207,65,1,1,1,1
1030,897900000,1476,1114,157,27,1,1,1,1
1030,241000000,2094,1072,130,35,1,1,1,1
1031,848700000,0,1062,196,65,1,1,1,1
1031,897900000,1481,1114,156,27,1,1,1,1
1031,241000000,2090,1072,130,35,1,1,1,1
1032,848700000,0,1062,184,64,1,1,1,1
1032,897900000,1486,1114,156,27,1,1,1,1
1032,241000000,2086,1072,131,35,1,1,1,1
1033,848700000,0,1062,173,64,1,1,1,1
1033,897900000,1491,1114,155,27,1,1,1,1
1033,241000000,2082,1072,131,35,1,1,1,1
1034,848700000,0,1062,161,65,1,1,1,1
1034,897900000,1497,1113,155,26,1,1,1,1
1034,241000000,2078,1072,132,35,1,1,1,1
1035,848700000,0,1061,149,65,1,1,1,1
1035,897900000,1502,1113,154,26,1,1,1,1
1035,241000000,2074,1072,132,35,1,1,1,1
1036,848700000,0,1061,137,66,1,1,1,1
1036,897900000,1507,1113,153,26,1,1,1,1
1036,241000000,2070,1072,133,35,1,1,1,1
1037,848700000,0,1060,125,66,1,1,1,1
1037,897900000,1512,1113,153,26,1,1,1,1
1037,241000000,2066,1072,133,35,1,1,1,1
1038,848700000,0,1060,113,67,1,1,1,1
1038,897900000,1518,1113,152,26,1,1,1,1
1038,241000000,2062,1072,133,35,1,1,1,1
1039,848700000,0,1060,100,67,1,1,1,1
1039,897900000,1523,1113,152,26,1,1,1,1
1039,241000000,2058,1072,134,35,1,1,1,1
1040,848700000,0,1059,88,68,1,1,1,1
1040,897900000,1528,1113,151,26,1,1,1,1
1040,241000000,2054,1072,134,35,1,1,1,1
1041,848700000,0,1059,76,68,1,1,1,1
1041,897900000,1533,1113,151,26,1,1,1,1
1041,241000000,2050,1072,135,35,1,1,1,1
1042,848700000,0,1058,64,69,1,1,1,1
1042,897900000,1539,1113,150,26,1,1,1,1
1042,241000000,2046,1072,135,35,1,1,1,1
1043,848700000,0,1058,52,69,1,1,1,1
1043,897900000,1544,1113,150,26,1,1,1,1
1043,241000000,2042,1073,136,36,1,1,1,1
1044,848700000,0,1069,39,58,1,1,1,1
1044,897900000,1549,1112,149,25,1,1,1,1
1044,241000000,2038,1073,136,36,1,1,1,1
1045,848700000,0,1079,25,46,1,1,1,1
1045,897900000,1555,1112,148,25,1,1,1,1
1045,241000000,2034,1073,136,36,1,1,1,1
1046,848700000,0,1093,13,31,1,1,1,1
1046,897900000,1560,1112,148,25,1,1,1,1
1046,241000000,2030,1073,137,36,1,1,1,1
1047,897900000,1565,1112,147,25,1,1,1,1
1047,241000000,2026,1073,137,36,1,1,1,1
1048,897900000,1570,1112,147,25,1,1,1,1
1048,241000000,2022,1073,138,36,1,1,1,1
1049,897900000,1576,1112,146,25,1,1,1,1
1049,241000000,2018,1073,138,36,1,1,1,1
1050,897900000,1581,1112,146,25,1,1,1,1
1050,241000000,2014,1073,138,36,1,1,1,1
1051,897900000,1586,1112,145,25,1,1,1,1
1051,241000000,2010,1073,139,36,1,1,1,1
1052,897900000,1591,1112,144,25,1,1,1,1
1052,241000000,2006,1073,139,36,1,1,1,1
1053,897900000,1597,1112,144,25,1,1,1,1
1053,241000000,2002,1073,140,36,1,1,1,1
1054,897900000,1602,1111,143,24,1,1,1,1
1054,241000000,1998,1073,140,36,1,1,1,1
1055,897900000,1607,1111,143,24,1,1,1,1
1055,241000000,1994,1073,141,36,1,1,1,1
1056,897900000,1612,1111,142,24,1,1,1,1
1056,241000000,1990,1073,141,36,1,1,1,1
1057,897900000,1618,1111,142,24,1,1,1,1
1057,241000000,1985,1073,141,36,1,1,1,1
1058,897900000,1623,1111,141,24,1,1,1,1
1058,241000000,1980,1073,142,36,1,1,1,1
1059,897900000,1628,1111,141,24,1,1,1,1
1059,241000000,1976,1073,142,36,1,1,1,1
1060,897900000,1632,1111,140,24,1,1,1,1
1060,241000000,1971,1073,143,36,1,1,1,1
1061,897900000,1637,1111,140,24,1,1,1,1
1061,241000000,1966,1073,143,36,1,1,1,1
1062,897900000,1641,1111,139,24,1,1,1,1
1062,241000000,1961,1073,143,37,1,1,1,1
1063,897900000,1646,1111,139,24,1,1,1,1
1063,241000000,1956,1073,144,37,1,1,1,1
1064,897900000,1651,1111,138,24,1,1,1,1
1064,241000000,1952,1073,144,37,1,1,1,1
1065,897900000,1655,1111,138,24,1,1,1,1
1065,241000000,1947,1073,145,37,1,1,1,1
1066,897900000,1660,1111,137,24,1,1,1,1
1066,241000000,1942,1073,145,37,1,1,1,1
1067,897900000,1664,1110,137,23,1,1,1,1
1067,241000000,1937,1073,145,37,1,1,1,1
1068,897900000,1669,1110,136,23,1,1,1,1
1068,241000000,1932,1074,146,37,1,1,1,1
1069,897900000,1673,1110,136,23,1,1,1,1
1069,241000000,1928,1074,146,37,1,1,1,1
1070,897900000,1678,1110,135,23,1,1,1,1
1070,241000000,1923,1074,146,37,1,1,1,1
1071,897900000,1683,1110,135,23,1,1,1,1
1071,241000000,1918,1074,147,37,1,1,1,1
1072,897900000,1687,1110,134,23,1,1,1,1
1072,241000000,1913,1074,147,37,1,1,1,1
1073,897900000,1692,1110,134,23,1,1,1,1
1073,241000000,1908,1074,148,37,1,1,1,1
1074,897900000,1696,1110,133,23,1,1,1,1
1074,241000000,1904,1074,148,38,1,1,1,1
1075,897900000,1701,1110,133,23,1,1,1,1
1075,241000000,1899,1074,148,38,1,1,1,1
1076,897900000,1705,1110,133,23,1,1,1,1
1076,241000000,1894,1074,149,38,1,1,1,1
1077,897900000,1709,1110,133,23,1,1,1,1
1077,241000000,1889,1074,149,38,1,1,1,1
1078,897900000,1713,1110,133,23,1,1,1,1
1078,241000000,1884,1074,150,38,1,1,1,1
1079,897900000,1717,1110,133,23,1,1,1,1
1079,241000000,1880,1074,150,38,1,1,1,1
1080,897900000,1722,1109,133,23,1,1,1,1
1080,241000000,1875,1074,150,38,1,1,1,1
1081,897900000,1726,1109,133,23,1,1,1,1
1081,241000000,1870,1074,151,38,1,1,1,1
1082,897900000,1730,1109,133,23,1,1,1,1
1082,241000000,1865,1074,151,38,1,1,1,1
1083,897900000,1734,1109,133,23,1,1,1,1
1083,241000000,1860,1074,152,38,1,1,1,1
1084,897900000,1738,1109,133,23,1,1,1,1
1084,241000000,1855,1074,152,38,1,1,1,1
1085,897900000,1742,1109,133,23,1,1,1,1
1085,241000000,1851,1074,152,39,1,1,1,1
1086,897900000,1746,1109,133,23,1,1,1,1
1086,241000000,1846,1074,153,39,1,1,1,1
1087,897900000,1750,1109,133,23,1,1,1,1
1087,241000000,1841,1074,153,39,1,1,1,1
1088,897900000,1755,1108,133,23,1,1,1,1
1088,241000000,1836,1074,154,39,1,1,1,1
1089,897900000,1759,1108,133,23,1,1,1,1
1089,241000000,1831,1074,154,39,1,1,1,1
1090,897900000,1763,1108,133,23,1,1,1,1
1090,241000000,1827,1074,154,39,1,1,1,1
1091,897900000,1767,1108,133,23,1,1,1,1
1091,241000000,1822,1075,155,39,1,1,1,1
1092,897900000,1771,1108,133,23,1,1,1,1
1092,241000000,1817,1075,155,39,1,1,1,1
1093,897900000,1775,1108,133,23,1,1,1,1
1093,241000000,1812,1075,155,39,1,1,1,1
1094,897900000,1779,1108,133,23,1,1,1,1
1094,241000000,1807,1075,156,39,1,1,1,1
1095,897900000,1783,1108,133,23,1,1,1,1
1095,241000000,1803,1075,156,39,1,1,1,1
1096,897900000,1788,1107,133,23,1,1,1,1
1096,241000000,1798,1075,157,39,1,1,1,1
1097,897900000,1792,1107,133,23,1,1,1,1
1097,241000000,1793,1075,157,40,1,1,1,1
1098,897900000,1796,1107,133,23,1,1,1,1
1098,241000000,1788,1075,157,40,1,1,1,1
1099,897900000,1800,1107,133,23,1,1,1,1
1099,241000000,1783,1075,158,40,1,1,1,1
1100,897900000,1804,1107,133,23,1,1,1,1
1100,241000000,1779,1075,158,40,1,1,1,1
1100,633000000,0,1117,17,27,1,1,1,1
1101,897900000,1808,1107,133,23,1,1,1,1
1101,241000000,1774,1075,159,40,1,1,1,1
1101,633000000,0,1115,26,29,1,1,1,1
1102,897900000,1812,1107,133,23,1,1,1,1
1102,241000000,1769,1075,159,40,1,1,1,1
1102,633000000,0,1113,35,31,1,1,1,1
1103,897900000,1816,1107,133,23,1,1,1,1
1103,241000000,1764,1075,160,40,1,1,1,1
1103,633000000,0,1110,45,34,1,1,1,1
1104,897900000,1821,1106,133,23,1,1,1,1
1104,241000000,1758,1075,161,40,1,1,1,1
1104,633000000,0,1108,54,36,1,1,1,1
1105,897900000,1825,1106,133,23,1,1,1,1
1105,241000000,1753,1075,162,40,1,1,1,1
1105,633000000,0,1106,63,38,1,1,1,1
1106,897900000,1829,1106,133,23,1,1,1,1
1106,241000000,1747,1075,163,41,1,1,1,1
1106,633000000,0,1106,72,38,1,1,1,1
1107,897900000,1833,1106,133,23,1,1,1,1
1107,241000000,1742,1075,164,41,1,1,1,1
1107,633000000,0,1106,80,38,1,1,1,1
1108,897900000,1837,1106,133,23,1,1,1,1
1108,241000000,1736,1075,165,41,1,1,1,1
1108,633000000,0,1106,89,38,1,1,1,1
1109,897900000,1841,1106,133,23,1,1,1,1
1109,241000000,1731,1075,166,41,1,1,1,1
1109,633000000,0,1106,97,38,1,1,1,1
1110,897900000,1845,1106,133,23,1,1,1,1
1110,241000000,1726,1075,167,41,1,1,1,1
1110,633000000,0,1106,106,38,1,1,1,1
1111,897900000,1849,1106,133,23,1,1,1,1
1111,241000000,1720,1075,167,41,1,1,1,1
1111,633000000,0,1106,114,38,1,1,1,1
1112,897900000,1854,1105,133,23,1,1,1,1
1112,241000000,1715,1075,168,41,1,1,1,1
1112,633000000,0,1106,123,39,1,1,1,1
1113,897900000,1858,1105,133,23,1,1,1,1
1113,241000000,1709,1075,168,42,1,1,1,1
1113,633000000,0,1106,131,39,1,1,1,1
1114,897900000,1862,1105,133,23,1,1,1,1
1114,241000000,1704,1075,169,42,1,1,1,1
1114,633000000,0,1106,140,39,1,1,1,1
1115,897900000,1866,1105,133,23,1,1,1,1
1115,241000000,1698,1075,169,42,1,1,1,1
1115,633000000,0,1106,149,39,1,1,1,1
1116,897900000,1870,1105,133,23,1,1,1,1
1116,241000000,1693,1075,170,42,1,1,1,1
1116,633000000,0,1106,157,39,1,1,1,1
1117,897900000,1874,1105,133,23,1,1,1,1
1117,241000000,1687,1075,170,42,1,1,1,1
1117,633000000,0,1106,166,39,1,1,1,1
1118,897900000,1879,1105,132,23,1,1,1,1
1118,241000000,1682,1075,171,42,1,1,1,1
1118,633000000,0,1107,174,39,1,1,1,1
1119,897900000,1883,1105,132,23,1,1,1,1
1119,241000000,1676,1075,171,42,1,1,1,1
1119,633000000,0,1107,183,39,1,1,1,1
1120,897900000,1888,1104,131,23,1,1,1,1
1120,241000000,1671,1075,172,42,1,1,1,1
1120,633000000,0,1107,191,39,1,1,1,1
1121,897900000,1892,1104,131,23,1,1,1,1
1121,241000000,1665,1075,172,43,1,1,1,1
1121,633000000,0,1107,200,39,1,1,1,1
1122,897900000,1897,1104,130,23,1,1,1,1
1122,241000000,1660,1075,173,43,1,1,1,1
1122,633000000,0,1107,209,39,1,1,1,1
1123,897900000,1901,1104,130,23,1,1,1,1
1123,241000000,1654,1075,173,43,1,1,1,1
1123,633000000,0,1107,217,39,1,1,1,1
1124,897900000,1906,1104,130,23,1,1,1,1
1124,241000000,1649,1075,174,43,1,1,1,1
1124,633000000,0,1107,226,40,1,1,1,1
1125,897900000,1910,1104,129,23,1,1,1,1
1125,241000000,1643,1075,174,43,1,1,1,1
1125,633000000,0,1107,234,40,1,1,1,1
1126,897900000,1915,1104,129,23,1,1,1,1
1126,241000000,1637,1075,175,43,1,1,1,1
1126,633000000,0,1107,243,40,1,1,1,1
1127,897900000,1919,1104,128,23,1,1,1,1
1127,241000000,1631,1075,175,43,1,1,1,1
1127,633000000,0,1107,251,40,1,1,1,1
1128,897900000,1924,1103,128,23,1,1,1,1
1128,241000000,1624,1075,176,43,1,1,1,1
1128,633000000,0,1107,260,40,1,1,1,1
1129,897900000,1928,1103,127,23,1,1,1,1
1129,241000000,1618,1075,176,43,1,1,1,1
1129,633000000,0,1107,268,40,1,1,1,1
1130,897900000,1933,1103,127,23,1,1,1,1
1130,241000000,1612,1075,177,44,1,1,1,1
1130,633000000,0,1107,277,40,1,1,1,1
1131,897900000,1937,1103,127,23,1,1,1,1
1131,241000000,1606,1075,177,44,1,1,1,1
1131,633000000,0,1106,285,41,1,1,1,1
1132,897900000,1942,1103,126,23,1,1,1,1
1132,241000000,1600,1075,178,44,1,1,1,1
1132,633000000,0,1106,293,41,1,1,1,1
1133,897900000,1946,1103,126,23,1,1,1,1
1133,241000000,1593,1075,178,44,1,1,1,1
1133,633000000,0,1105,301,42,1,1,1,1
1134,897900000,1951,1103,125,23,1,1,1,1
1134,241000000,1587,1075,179,44,1,1,1,1
1134,633000000,0,1105,309,43,1,1,1,1
1135,897900000,1955,1102,125,23,1,1,1,1
1135,241000000,1581,1076,180,44,1,1,1,1
1135,633000000,0,1104,317,43,1,1,1,1
1136,897900000,1960,1102,124,23,1,1,1,1
1136,241000000,1575,1076,180,44,1,1,1,1
1136,633000000,0,1104,325,44,1,1,1,1
1137,897900000,1964,1102,124,23,1,1,1,1
1137,241000000,1569,1076,181,44,1,1,1,1
1137,633000000,0,1103,333,45,1,1,1,1
1138,897900000,1969,1102,123,23,1,1,1,1
1138,241000000,1562,1076,181,44,1,1,1,1
1138,633000000,1,1103,342,46,1,1,1,1
1139,897900000,1973,1102,123,23,1,1,1,1
1139,241000000,1556,1076,182,44,1,1,1,1
1139,633000000,1,1102,350,46,1,1,1,1
1140,897900000,1978,1102,123,23,1,1,1,1
1140,241000000,1550,1076,182,45,1,1,1,1
1140,633000000,1,1101,358,47,1,1,1,1
1141,897900000,1982,1102,122,23,1,1,1,1
1141,241000000,1544,1076,183,45,1,1,1,1
1141,633000000,1,1101,366,48,1,1,1,1
1142,897900000,1987,1101,122,23,1,1,1,1
1142,241000000,1538,1076,183,45,1,1,1,1
1142,633000000,1,1100,374,48,1,1,1,1
1143,897900000,1991,1101,121,23,1,1,1,1
1143,241000000,1531,1076,184,45,1,1,1,1
1143,633000000,1,1100,382,49,1,1,1,1
1144,897900000,1996,1101,121,23,1,1,1,1
1144,241000000,1525,1076,184,45,1,1,1,1
1144,633000000,1,1099,390,50,1,1,1,1
1145,897900000,2000,1101,120,23,1,1,1,1
1145,241000000,1519,1076,185,45,1,1,1,1
1145,633000000,1,1099,398,50,1,1,1,1
1146,897900000,2005,1101,120,23,1,1,1,1
1146,241000000,1513,1076,186,45,1,1,1,1
1146,633000000,1,1098,406,51,1,1,1,1
1147,897900000,2009,1101,120,23,1,1,1,1
1147,241000000,1506,1076,187,45,1,1,1,1
1147,633000000,7,1097,408,52,1,1,1,1
1148,897900000,2014,1101,119,23,1,1,1,1
1148,241000000,1500,1076,188,45,1,1,1,1
1148,633000000,14,1097,409,52,1,1,1,1
1149,897900000,2018,1101,119,23,1,1,1,1
1149,241000000,1493,1076,189,46,1,1,1,1
1149,633000000,20,1096,411,53,1,1,1,1
1150,897900000,2023,1100,118,23,1,1,1,1
1150,241000000,1487,1076,190,46,1,1,1,1
1150,633000000,29,1095,410,54,1,1,1,1
1151,897900000,2027,1100,118,23,1,1,1,1
1151,241000000,1480,1076,191,46,1,1,1,1
1151,633000000,38,1095,409,54,1,1,1,1
1152,897900000,2032,1100,117,23,1,1,1,1
1152,241000000,1474,1076,192,46,1,1,1,1
1152,633000000,47,1094,409,55,1,1,1,1
1153,897900000,2036,1100,117,23,1,1,1,1
1153,241000000,1468,1076,193,46,1,1,1,1
1153,633000000,56,1094,408,55,1,1,1,1
1154,897900000,2040,1100,117,23,1,1,1,1
1154,241000000,1461,1076,194,46,1,1,1,1
1154,633000000,65,1093,407,56,1,1,1,1
1155,897900000,2044,1100,116,23,1,1,1,1
1155,241000000,1455,1076,195,46,1,1,1,1
1155,633000000,73,1093,406,56,1,1,1,1
1156,897900000,2048,1100,116,23,1,1,1,1
1156,241000000,1448,1076,196,47,1,1,1,1
1156,633000000,82,1093,405,56,1,1,1,1
1157,897900000,2052,1100,115,23,1,1,1,1
1157,241000000,1442,1076,197,47,1,1,1,1
1157,633000000,90,1093,404,56,1,1,1,1
1158,897900000,2056,1100,115,23,1,1,1,1
1158,241000000,1435,1076,198,47,1,1,1,1
1158,633000000,98,1094,403,55,1,1,1,1
1159,897900000,2060,1100,115,23,1,1,1,1
1159,241000000,1429,1076,199,47,1,1,1,1
1159,633000000,107,1094,402,55,1,1,1,1
1160,897900000,2064,1099,114,22,1,1,1,1
1160,241000000,1422,1076,200,47,1,1,1,1
1160,633000000,115,1094,401,55,1,1,1,1
1161,897900000,2068,1099,114,22,1,1,1,1
1161,241000000,1414,1076,201,47,1,1,1,1
1161,633000000,123,1094,400,55,1,1,1,1
1162,897900000,2072,1099,113,22,1,1,1,1
1162,241000000,1407,1076,202,47,1,1,1,1
1162,633000000,131,1094,400,55,1,1,1,1
1163,897900000,2076,1099,113,22,1,1,1,1
1163,241000000,1400,1076,203,47,1,1,1,1
1163,633000000,140,1094,399,55,1,1,1,1
1164,897900000,2080,1099,112,22,1,1,1,1
1164,241000000,1392,1076,204,47,1,1,1,1
1164,633000000,148,1095,398,55,1,1,1,1
1165,897900000,2084,1099,112,22,1,1,1,1
1165,241000000,1385,1076,205,47,1,1,1,1
1165,633000000,156,1095,397,55,1,1,1,1
1166,897900000,2088,1099,112,22,1,1,1,1
1166,241000000,1377,1076,206,47,1,1,1,1
1166,633000000,165,1095,396,54,1,1,1,1
1167,897900000,2091,1099,112,22,1,1,1,1
1167,241000000,1370,1077,207,47,1,1,1,1
1167,633000000,173,1095,395,54,1,1,1,1
1168,897900000,2095,1099,112,22,1,1,1,1
1168,241000000,1363,1077,208,47,1,1,1,1
1168,633000000,181,1095,394,54,1,1,1,1
1169,897900000,2099,1099,111,22,1,1,1,1
1169,241000000,1355,1077,209,47,1,1,1,1
1169,633000000,190,1095,393,54,1,1,1,1
1170,897900000,2102,1098,111,22,1,1,1,1
1170,241000000,1348,1077,210,47,1,1,1,1
1170,633000000,198,1095,392,54,1,1,1,1
1171,897900000,2106,1098,111,22,1,1,1,1
1171,241000000,1341,1077,211,47,1,1,1,1
1171,633000000,206,1096,391,54,1,1,1,1
1172,897900000,2109,1098,111,22,1,1,1,1
1172,241000000,1333,1077,212,47,1,1,1,1
1172,633000000,215,1096,390,54,1,1,1,1
1173,897900000,2113,1098,111,22,1,1,1,1
1173,241000000,1326,1077,213,47,1,1,1,1
1173,633000000,223,1096,389,53,1,1,1,1
1174,897900000,2117,1098,111,22,1,1,1,1
1174,241000000,1319,1077,215,48,1,1,1,1
1174,633000000,231,1096,388,53,1,1,1,1
1175,897900000,2120,1098,111,22,1,1,1,1
1175,241000000,1311,1077,216,48,1,1,1,1
1175,633000000,240,1096,387,53,1,1,1,1
1176,897900000,2124,1098,110,22,1,1,1,1
1176,241000000,1304,1077,217,48,1,1,1,1
1176,633000000,248,1096,386,53,1,1,1,1
1177,897900000,2128,1098,110,22,1,1,1,1
1177,241000000,1296,1077,218,48,1,1,1,1
1177,633000000,256,1097,386,53,1,1,1,1
1178,897900000,2131,1098,110,22,1,1,1,1
1178,241000000,1289,1077,219,48,1,1,1,1
1178,633000000,264,1097,385,53,1,1,1,1
1179,897900000,2135,1097,110,22,1,1,1,1
1179,241000000,1282,1077,220,48,1,1,1,1
1179,633000000,273,1097,384,53,1,1,1,1
1179,454200000,0,1198,33,57,1,1,1,1
1180,897900000,2138,1097,110,22,1,1,1,1
1180,241000000,1274,1077,221,48,1,1,1,1
1180,633000000,281,1097,383,53,1,1,1,1
1180,454200000,0,1194,79,62,1,1,1,1
1181,897900000,2142,1097,110,22,1,1,1,1
1181,241000000,1267,1077,222,48,1,1,1,1
1181,633000000,289,1097,382,52,1,1,1,1
1181,454200000,0,1190,124,67,1,1,1,1
1182,897900000,2146,1097,109,22,1,1,1,1
1182,241000000,1260,1078,223,48,1,1,1,1
1182,633000000,298,1097,381,52,1,1,1,1
1182,454200000,0,1185,170,71,1,1,1,1
1183,897900000,2149,1097,109,22,1,1,1,1
1183,241000000,1252,1078,224,48,1,1,1,1
1183,633000000,306,1098,380,52,1,1,1,1
1183,454200000,0,1181,215,76,1,1,1,1
1184,897900000,2153,1097,109,22,1,1,1,1
1184,241000000,1245,1078,225,48,1,1,1,1
1184,633000000,314,1098,379,52,1,1,1,1
1184,454200000,0,1177,261,81,1,1,1,1
1185,897900000,2157,1097,109,22,1,1,1,1
1185,241000000,1237,1078,226,48,1,1,1,1
1185,633000000,323,1098,378,52,1,1,1,1
1185,454200000,17,1173,288,86,1,1,1,1
1186,897900000,2160,1097,109,22,1,1,1,1
1186,241000000,1230,1078,227,48,1,1,1,1
1186,633000000,331,1098,377,52,1,1,1,1
1186,454200000,32,1169,319,91,1,1,1,1
1187,897900000,2164,1097,109,22,1,1,1,1
1187,241000000,1223,1078,228,48,1,1,1,1
1187,633000000,339,1098,376,52,1,1,1,1
1187,454200000,80,1164,315,96,1,1,1,1
1188,897900000,2167,1096,109,22,1,1,1,1
1188,241000000,1215,1078,229,48,1,1,1,1
1188,633000000,348,1098,375,51,1,1,1,1
1188,454200000,125,1164,313,96,1,1,1,1
1189,897900000,2171,1096,108,22,1,1,1,1
1189,241000000,1208,1078,230,48,1,1,1,1
1189,633000000,356,1098,374,51,1,1,1,1
1189,454200000,169,1164,312,95,1,1,1,1
1190,897900000,2175,1096,108,22,1,1,1,1
1190,241000000,1200,1078,231,48,1,1,1,1
1190,633000000,364,1099,373,51,1,1,1,1
1190,454200000,214,1164,310,95,1,1,1,1
1191,897900000,2178,1096,108,22,1,1,1,1
1191,241000000,1191,1078,232,48,1,1,1,1
1191,633000000,373,1099,372,51,1,1,1,1
1191,454200000,259,1164,309,95,1,1,1,1
1192,897900000,2182,1096,108,22,1,1,1,1
1192,241000000,1183,1078,234,48,1,1,1,1
1192,633000000,381,1099,372,51,1,1,1,1
1192,454200000,303,1164,307,94,1,1,1,1
1193,897900000,2185,1096,108,22,1,1,1,1
1193,241000000,1174,1078,235,48,1,1,1,1
1193,633000000,389,1099,371,51,1,1,1,1
1193,454200000,348,1163,306,94,1,1,1,1
1194,897900000,2189,1096,108,22,1,1,1,1
1194,241000000,1166,1078,236,48,1,1,1,1
1194,633000000,397,1099,370,51,1,1,1,1
1194,454200000,392,1163,304,93,1,1,1,1
1195,897900000,2192,1096,107,22,1,1,1,1
1195,241000000,1158,1078,237,48,1,1,1,1
1195,633000000,406,1099,369,51,1,1,1,1
1195,454200000,437,1163,303,93,1,1,1,1
1196,897900000,2196,1096,107,22,1,1,1,1
1196,241000000,1149,1078,238,48,1,1,1,1
1196,633000000,414,1100,368,50,1,1,1,1
1196,454200000,482,1163,301,93,1,1,1,1
1197,897900000,2199,1096,107,22,1,1,1,1
1197,241000000,1141,1078,240,48,1,1,1,1
1197,633000000,422,1100,367,50,1,1,1,1
1197,454200000,526,1163,300,92,1,1,1,1
1198,897900000,2203,1095,107,22,1,1,1,1
1198,241000000,1132,1078,241,48,1,1,1,1
1198,633000000,431,1100,366,50,1,1,1,1
1198,454200000,571,1163,298,92,1,1,1,1
1199,897900000,2206,1095,106,22,1,1,1,1
1199,241000000,1124,1078,242,48,1,1,1,1
1199,633000000,439,1100,365,50,1,1,1,1
1199,454200000,615,1163,295,92,1,1,1,1
1200,897900000,2209,1095,106,22,1,1,1,1
1200,241000000,1115,1078,243,48,1,1,1,1
1200,633000000,446,1100,364,50,1,1,1,1
1200,454200000,658,1163,292,91,1,1,1,1
1201,897900000,2213,1095,106,22,1,1,1,1
1201,241000000,1107,1079,245,49,1,1,1,1
1201,633000000,454,1100,363,50,1,1,1,1
1201,454200000,702,1163,290,91,1,1,1,1
1202,897900000,2216,1095,106,22,1,1,1,1
1202,241000000,1099,1079,246,49,1,1,1,1
1202,633000000,461,1100,362,50,1,1,1,1
1202,454200000,745,1163,287,91,1,1,1,1
1203,897900000,2220,1095,105,22,1,1,1,1
1203,241000000,1090,1079,247,49,1,1,1,1
1203,633000000,469,1100,361,50,1,1,1,1
1203,454200000,789,1163,284,90,1,1,1,1
1204,897900000,2223,1095,105,22,1,1,1,1
1204,241000000,1082,1079,248,49,1,1,1,1
1204,633000000,476,1100,361,50,1,1,1,1
1204,454200000,832,1163,281,90,1,1,1,1
1205,897900000,2227,1095,105,22,1,1,1,1
1205,241000000,1073,1079,249,49,1,1,1,1
1205,633000000,484,1100,360,50,1,1,1,1
1205,454200000,873,1163,278,90,1,1,1,1
1206,897900000,2230,1095,105,22,1,1,1,1
1206,241000000,1065,1079,251,49,1,1,1,1
1206,633000000,491,1100,359,50,1,1,1,1
1206,454200000,914,1163,276,89,1,1,1,1
1207,897900000,2234,1095,105,22,1,1,1,1
1207,241000000,1057,1079,252,49,1,1,1,1
1207,633000000,499,1100,358,50,1,1,1,1
1207,454200000,955,1163,273,89,1,1,1,1
1208,897900000,2237,1094,104,21,1,1,1,1
1208,241000000,1048,1079,253,49,1,1,1,1
1208,633000000,506,1100,357,50,1,1,1,1
1208,454200000,995,1163,270,89,1,1,1,1
1209,897900000,2240,1094,104,21,1,1,1,1
1209,241000000,1040,1079,254,49,1,1,1,1
1209,633000000,514,1100,356,49,1,1,1,1
1209,454200000,1036,1163,268,88,1,1,1,1
1210,897900000,2244,1094,104,21,1,1,1,1
1210,241000000,1031,1079,255,49,1,1,1,1
1210,633000000,521,1100,355,49,1,1,1,1
1210,454200000,1077,1163,265,88,1,1,1,1
1211,897900000,2247,1094,104,21,1,1,1,1
1211,241000000,1023,1079,257,49,1,1,1,1
1211,633000000,529,1100,354,49,1,1,1,1
1211,454200000,1114,1162,263,87,1,1,1,1
1212,897900000,2251,1094,103,21,1,1,1,1
1212,241000000,1014,1079,258,49,1,1,1,1
1212,633000000,536,1100,353,49,1,1,1,1
1212,454200000,1151,1162,261,87,1,1,1,1
1213,897900000,2254,1094,103,21,1,1,1,1
1213,241000000,1006,1079,259,49,1,1,1,1
1213,633000000,544,1100,352,49,1,1,1,1
1213,454200000,1188,1161,259,86,1,1,1,1
1214,897900000,2258,1094,103,21,1,1,1,1
1214,241000000,997,1079,260,49,1,1,1,1
1214,633000000,551,1100,352,49,1,1,1,1
1214,454200000,1225,1161,258,86,1,1,1,1
1215,897900000,2261,1094,103,21,1,1,1,1
1215,241000000,988,1080,261,48,1,1,1,1
1215,633000000,559,1100,351,49,1,1,1,1
1215,454200000,1262,1160,256,85,1,1,1,1
1216,897900000,2264,1094,102,21,1,1,1,1
1216,241000000,979,1080,262,48,1,1,1,1
1216,633000000,566,1100,350,49,1,1,1,1
1216,454200000,1299,1159,254,84,1,1,1,1
1217,897900000,2268,1094,102,21,1,1,1,1
1217,241000000,970,1080,263,48,1,1,1,1
1217,633000000,574,1100,349,49,1,1,1,1
1217,454200000,1336,1159,252,84,1,1,1,1
1218,897900000,2271,1093,102,21,1,1,1,1
1218,241000000,961,1080,264,48,1,1,1,1
1218,633000000,581,1100,348,49,1,1,1,1
1218,454200000,1373,1158,250,83,1,1,1,1
1219,897900000,2275,1093,102,21,1,1,1,1
1219,241000000,952,1081,265,47,1,1,1,1
1219,633000000,588,1100,347,49,1,1,1,1
1219,454200000,1408,1157,246,82,1,1,1,1
1220,897900000,2278,1093,101,21,1,1,1,1
1220,241000000,943,1081,266,47,1,1,1,1
1220,633000000,595,1100,346,49,1,1,1,1
1220,454200000,1444,1157,243,82,1,1,1,1
1221,897900000,2282,1093,101,21,1,1,1,1
1221,241000000,933,1081,267,47,1,1,1,1
1221,633000000,602,1100,346,49,1,1,1,1
1221,454200000,1479,1156,239,81,1,1,1,1
1222,897900000,2285,1093,101,21,1,1,1,1
1222,241000000,923,1081,268,47,1,1,1,1
1222,633000000,609,1100,345,49,1,1,1,1
1222,454200000,1515,1156,236,81,1,1,1,1
1223,897900000,2288,1093,101,21,1,1,1,1
1223,241000000,913,1081,270,47,1,1,1,1
1223,633000000,616,1100,344,49,1,1,1,1
1223,454200000,1550,1155,232,80,1,1,1,1
1224,897900000,2291,1093,101,21,1,1,1,1
1224,241000000,904,1080,271,48,1,1,1,1
1224,633000000,623,1100,343,49,1,1,1,1
1224,454200000,1586,1155,229,80,1,1,1,1
1225,897900000,2294,1093,100,21,1,1,1,1
1225,241000000,894,1080,272,48,1,1,1,1
1225,633000000,630,1100,342,49,1,1,1,1
1225,454200000,1621,1154,225,79,1,1,1,1
1226,897900000,2298,1093,100,21,1,1,1,1
1226,241000000,884,1080,273,48,1,1,1,1
1226,633000000,637,1100,342,49,1,1,1,1
1226,454200000,1654,1154,222,78,1,1,1,1
1227,897900000,2301,1093,100,21,1,1,1,1
1227,241000000,874,1080,275,48,1,1,1,1
1227,633000000,644,1100,341,49,1,1,1,1
1227,454200000,1687,1153,219,78,1,1,1,1
1228,897900000,2304,1092,100,21,1,1,1,1
1228,241000000,864,1080,276,48,1,1,1,1
1228,633000000,651,1100,340,49,1,1,1,1
1228,454200000,1720,1153,216,77,1,1,1,1
1229,897900000,2307,1092,99,21,1,1,1,1
1229,241000000,854,1080,277,48,1,1,1,1
1229,633000000,658,1100,339,49,1,1,1,1
1229,454200000,1753,1152,213,76,1,1,1,1
1230,897900000,2310,1092,99,21,1,1,1,1
1230,241000000,844,1080,278,48,1,1,1,1
1230,633000000,665,1100,338,49,1,1,1,1
1230,454200000,1783,1151,210,76,1,1,1,1
1231,897900000,2313,1092,99,21,1,1,1,1
1231,241000000,834,1080,279,48,1,1,1,1
1231,633000000,672,1100,338,49,1,1,1,1
1231,454200000,1813,1150,207,75,1,1,1,1
1232,897900000,2316,1092,99,21,1,1,1,1
1232,241000000,825,1079,281,49,1,1,1,1
1232,633000000,679,1100,337,49,1,1,1,1
1232,454200000,1843,1150,204,75,1,1,1,1
1233,897900000,2320,1092,98,21,1,1,1,1
1233,241000000,815,1079,282,49,1,1,1,1
1233,633000000,686,1100,336,49,1,1,1,1
1233,454200000,1873,1149,200,74,1,1,1,1
1234,897900000,2323,1092,98,20,1,1,1,1
1234,241000000,805,1079,283,49,1,1,1,1
1234,633000000,693,1100,335,49,1,1,1,1
1234,454200000,1903,1148,197,74,1,1,1,1
1235,897900000,2326,1092,98,20,1,1,1,1
1235,241000000,795,1079,284,49,1,1,1,1
1235,633000000,700,1100,334,49,1,1,1,1
1235,454200000,1933,1147,194,73,1,1,1,1
1236,897900000,2329,1092,98,20,1,1,1,1
1236,241000000,785,1079,285,49,1,1,1,1
1236,633000000,707,1101,334,49,1,1,1,1
1236,454200000,1960,1146,194,73,1,1,1,1
1237,897900000,2332,1092,97,20,1,1,1,1
1237,241000000,775,1079,287,49,1,1,1,1
1237,633000000,714,1101,333,48,1,1,1,1
1237,454200000,1987,1145,193,72,1,1,1,1
1238,897900000,2335,1092,97,20,1,1,1,1
1238,241000000,765,1079,288,49,1,1,1,1
1238,633000000,721,1101,332,48,1,1,1,1
1238,454200000,2014,1145,193,72,1,1,1,1
1239,897900000,2339,1092,97,20,1,1,1,1
1239,241000000,755,1079,289,49,1,1,1,1
1239,633000000,728,1101,331,48,1,1,1,1
1239,454200000,2041,1144,192,71,1,1,1,1
1240,897900000,2342,1091,97,20,1,1,1,1
1240,241000000,746,1078,290,50,1,1,1,1
1240,633000000,735,1101,330,48,1,1,1,1
1240,454200000,2068,1143,192,71,1,1,1,1
1241,897900000,2345,1091,97,20,1,1,1,1
1241,241000000,736,1078,292,50,1,1,1,1
1241,633000000,742,1101,329,48,1,1,1,1
1241,454200000,2094,1142,189,71,1,1,1,1
1242,897900000,2348,1091,96,20,1,1,1,1
1242,241000000,726,1078,293,50,1,1,1,1
1242,633000000,749,1101,329,48,1,1,1,1
1242,454200000,2120,1141,186,71,1,1,1,1
1243,897900000,2351,1091,96,20,1,1,1,1
1243,241000000,716,1078,294,50,1,1,1,1
1243,633000000,756,1101,328,48,1,1,1,1
1243,454200000,2147,1140,183,71,1,1,1,1
1244,897900000,2354,1091,96,20,1,1,1,1
1244,241000000,705,1078,295,50,1,1,1,1
1244,633000000,763,1101,327,48,1,1,1,1
1244,454200000,2173,1139,180,71,1,1,1,1
1245,897900000,2357,1091,96,20,1,1,1,1
1245,241000000,695,1078,296,50,1,1,1,1
1245,633000000,770,1101,326,48,1,1,1,1
1245,454200000,2199,1138,177,71,1,1,1,1
1246,897900000,2361,1091,95,20,1,1,1,1
1246,241000000,684,1078,297,50,1,1,1,1
1246,633000000,777,1101,325,48,1,1,1,1
1246,454200000,2225,1136,173,70,1,1,1,1
1247,897900000,2364,1091,95,20,1,1,1,1
1247,241000000,674,1078,298,51,1,1,1,1
1247,633000000,784,1101,325,48,1,1,1,1
1247,454200000,2251,1135,170,70,1,1,1,1
1248,897900000,2367,1091,95,20,1,1,1,1
1248,241000000,663,1078,299,51,1,1,1,1
1248,633000000,791,1101,324,48,1,1,1,1
1248,454200000,2278,1134,167,70,1,1,1,1
1249,897900000,2370,1091,95,20,1,1,1,1
1249,241000000,652,1077,300,51,1,1,1,1
1249,633000000,798,1101,323,48,1,1,1,1
1249,454200000,2304,1133,164,70,1,1,1,1
1250,897900000,2373,1091,94,20,1,1,1,1
1250,241000000,642,1077,301,51,1,1,1,1
1250,633000000,805,1101,322,48,1,1,1,1
1250,454200000,2330,1132,161,70,1,1,1,1
1251,897900000,2376,1091,94,20,1,1,1,1
1251,241000000,631,1077,302,51,1,1,1,1
1251,633000000,812,1101,321,48,1,1,1,1
1251,454200000,2351,1132,161,70,1,1,1,1
1252,897900000,2379,1090,94,20,1,1,1,1
1252,241000000,621,1077,303,51,1,1,1,1
1252,633000000,819,1101,321,48,1,1,1,1
1252,454200000,2371,1132,162,69,1,1,1,1
1253,897900000,2383,1090,94,20,1,1,1,1
1253,241000000,610,1077,305,52,1,1,1,1
1253,633000000,826,1101,320,48,1,1,1,1
1253,454200000,2392,1132,162,69,1,1,1,1
1254,897900000,2386,1090,94,20,1,1,1,1
1254,241000000,599,1077,306,52,1,1,1,1
1254,633000000,833,1101,319,48,1,1,1,1
1254,454200000,2411,1131,150,69,1,1,1,1
1255,897900000,2389,1090,93,20,1,1,1,1
1255,241000000,589,1077,307,52,1,1,1,1
1255,633000000,839,1101,318,48,1,1,1,1
1255,454200000,2431,1130,130,69,1,1,1,1
1256,897900000,2392,1090,93,20,1,1,1,1
1256,241000000,578,1077,308,52,1,1,1,1
1256,633000000,846,1101,317,48,1,1,1,1
1256,454200000,2450,1128,110,68,1,1,1,1
1257,897900000,2395,1090,93,20,1,1,1,1
1257,241000000,568,1077,309,52,1,1,1,1
1257,633000000,852,1101,317,48,1,1,1,1
1257,454200000,2470,1130,91,65,1,1,1,1
1258,897900000,2398,1090,93,19,1,1,1,1
1258,241000000,557,1077,310,52,1,1,1,1
1258,633000000,859,1101,316,48,1,1,1,1
1258,454200000,2489,1131,71,61,1,1,1,1
1259,897900000,2402,1090,92,19,1,1,1,1
1259,241000000,546,1076,311,52,1,1,1,1
1259,633000000,865,1101,315,48,1,1,1,1
1259,454200000,2507,1151,53,39,1,1,1,1
1260,897900000,2405,1090,92,19,1,1,1,1
1260,241000000,536,1076,312,53,1,1,1,1
1260,633000000,871,1101,314,47,1,1,1,1
1260,454200000,2525,1152,35,39,1,1,1,1
1261,897900000,2408,1090,92,19,1,1,1,1
1261,241000000,525,1076,313,53,1,1,1,1
1261,633000000,878,1101,314,47,1,1,1,1
1262,897900000,2411,1090,92,19,1,1,1,1
1262,241000000,515,1076,314,53,1,1,1,1
1262,633000000,884,1101,313,47,1,1,1,1
1263,897900000,2414,1090,91,19,1,1,1,1
1263,241000000,504,1076,315,53,1,1,1,1
1263,633000000,891,1101,312,47,1,1,1,1
1264,897900000,2417,1089,91,19,1,1,1,1
1264,241000000,492,1076,316,53,1,1,1,1
1264,633000000,897,1101,311,47,1,1,1,1
1265,897900000,2420,1089,91,19,1,1,1,1
1265,241000000,481,1076,317,53,1,1,1,1
1265,633000000,904,1101,311,47,1,1,1,1
1266,897900000,2424,1089,91,19,1,1,1,1
1266,241000000,469,1075,319,54,1,1,1,1
1266,633000000,910,1101,310,47,1,1,1,1
1267,897900000,2427,1089,90,19,1,1,1,1
1267,241000000,458,1075,320,54,1,1,1,1
1267,633000000,916,1101,309,47,1,1,1,1
1268,897900000,2430,1089,90,19,1,1,1,1
1268,241000000,446,1075,321,54,1,1,1,1
1268,633000000,923,1101,308,47,1,1,1,1
1269,897900000,2433,1089,90,19,1,1,1,1
1269,241000000,434,1075,322,54,1,1,1,1
1269,633000000,929,1101,307,47,1,1,1,1
1270,897900000,2436,1089,90,19,1,1,1,1
1270,241000000,423,1074,324,55,1,1,1,1
1270,633000000,936,1101,307,47,1,1,1,1
1271,897900000,2439,1089,90,19,1,1,1,1
1271,241000000,411,1074,325,55,1,1,1,1
1271,633000000,942,1101,306,46,1,1,1,1
1272,897900000,2442,1089,89,19,1,1,1,1
1272,241000000,400,1074,326,55,1,1,1,1
1272,633000000,948,1101,305,46,1,1,1,1
1273,897900000,2444,1089,89,19,1,1,1,1
1273,241000000,388,1074,327,55,1,1,1,1
1273,633000000,955,1101,304,46,1,1,1,1
1274,897900000,2447,1089,89,19,1,1,1,1
1274,241000000,377,1073,329,56,1,1,1,1
1274,633000000,961,1101,304,46,1,1,1,1
1275,897900000,2450,1089,89,19,1,1,1,1
1275,241000000,365,1073,330,56,1,1,1,1
1275,633000000,968,1101,303,46,1,1,1,1
1276,897900000,2453,1089,89,20,1,1,1,1
1276,241000000,353,1073,331,56,1,1,1,1
1276,633000000,974,1101,302,46,1,1,1,1
1277,897900000,2456,1088,88,20,1,1,1,1
1277,241000000,342,1073,332,56,1,1,1,1
1277,633000000,980,1101,301,46,1,1,1,1
1278,897900000,2459,1088,88,20,1,1,1,1
1278,241000000,330,1072,334,57,1,1,1,1
1278,633000000,986,1101,300,46,1,1,1,1
1279,897900000,2462,1088,88,20,1,1,1,1
1279,241000000,319,1072,335,57,1,1,1,1
1279,633000000,992,1101,300,46,1,1,1,1
1280,897900000,2464,1088,88,20,1,1,1,1
1280,241000000,307,1072,336,57,1,1,1,1
1280,633000000,997,1101,299,46,1,1,1,1
1281,897900000,2467,1088,87,20,1,1,1,1
1281,241000000,295,1072,337,57,1,1,1,1
1281,633000000,1003,1101,298,45,1,1,1,1
1282,897900000,2470,1088,87,20,1,1,1,1
1282,241000000,282,1072,339,58,1,1,1,1
1282,633000000,1009,1101,297,45,1,1,1,1
1283,897900000,2473,1088,87,20,1,1,1,1
1283,241000000,270,1071,340,58,1,1,1,1
1283,633000000,1015,1101,297,45,1,1,1,1
1284,897900000,2476,1088,84,20,1,1,1,1
1284,241000000,257,1071,341,58,1,1,1,1
1284,633000000,1021,1101,296,45,1,1,1,1
1285,897900000,2478,1088,82,20,1,1,1,1
1285,241000000,245,1071,343,58,1,1,1,1
1285,633000000,1027,1101,295,45,1,1,1,1
1286,897900000,2481,1088,79,20,1,1,1,1
1286,241000000,232,1071,344,59,1,1,1,1
1286,633000000,1032,1101,294,45,1,1,1,1
1287,897900000,2483,1088,77,20,1,1,1,1
1287,241000000,220,1071,346,59,1,1,1,1
1287,633000000,1038,1101,294,45,1,1,1,1
1288,897900000,2486,1088,74,20,1,1,1,1
1288,241000000,208,1070,347,59,1,1,1,1
1288,633000000,1044,1101,293,45,1,1,1,1
1289,897900000,2489,1088,71,20,1,1,1,1
1289,241000000,195,1070,348,60,1,1,1,1
1289,633000000,1050,1101,292,45,1,1,1,1
1290,897900000,2491,1087,69,20,1,1,1,1
1290,241000000,183,1070,350,60,1,1,1,1
1290,633000000,1056,1101,291,44,1,1,1,1
1291,897900000,2494,1087,66,20,1,1,1,1
1291,241000000,170,1070,351,60,1,1,1,1
1291,633000000,1062,1101,290,44,1,1,1,1
1292,897900000,2496,1087,64,20,1,1,1,1
1292,241000000,158,1069,352,60,1,1,1,1
1292,633000000,1067,1101,290,44,1,1,1,1
1293,897900000,2499,1087,61,20,1,1,1,1
1293,241000000,145,1069,354,61,1,1,1,1
1293,633000000,1073,1101,289,44,1,1,1,1
1294,897900000,2502,1087,58,20,1,1,1,1
1294,241000000,133,1069,355,61,1,1,1,1
1294,633000000,1079,1101,288,44,1,1,1,1
1295,897900000,2504,1087,56,20,1,1,1,1
1295,241000000,120,1069,356,61,1,1,1,1
1295,633000000,1085,1101,287,44,1,1,1,1
1296,897900000,2507,1087,53,19,1,1,1,1
1296,241000000,108,1069,357,61,1,1,1,1
1296,633000000,1091,1101,287,44,1,1,1,1
1297,897900000,2509,1087,51,19,1,1,1,1
1297,241000000,95,1068,358,62,1,1,1,1
1297,633000000,1097,1101,286,44,1,1,1,1
1298,897900000,2512,1087,48,19,1,1,1,1
1298,241000000,82,1068,359,62,1,1,1,1
1298,633000000,1103,1101,285,44,1,1,1,1
1299,897900000,2515,1087,45,19,1,1,1,1
1299,241000000,70,1068,360,62,1,1,1,1
1299,633000000,1108,1101,284,43,1,1,1,1
1300,897900000,2517,1087,43,19,1,1,1,1
1300,241000000,57,1068,361,62,1,1,1,1
1300,633000000,1114,1101,283,43,1,1,1,1
1301,897900000,2520,1087,40,19,1,1,1,1
1301,241000000,44,1067,362,63,1,1,1,1
1301,633000000,1120,1101,283,43,1,1,1,1
1302,897900000,2522,1086,38,19,1,1,1,1
1302,241000000,32,1067,363,63,1,1,1,1
1302,633000000,1126,1101,282,43,1,1,1,1
1303,897900000,2525,1086,35,19,1,1,1,1
1303,241000000,19,1067,364,63,1,1,1,1
1303,633000000,1132,1101,281,43,1,1,1,1
1304,897900000,2528,1086,32,19,1,1,1,1
1304,241000000,7,1067,364,63,1,1,1,1
1304,633000000,1138,1101,280,43,1,1,1,1
1305,897900000,2530,1086,30,19,1,1,1,1
1305,241000000,2,1067,357,63,1,1,1,1
1305,633000000,1143,1101,280,43,1,1,1,1
1306,897900000,2533,1086,27,19,1,1,1,1
1306,241000000,0,1067,347,63,1,1,1,1
1306,633000000,1149,1101,279,43,1,1,1,1
1307,897900000,2535,1086,25,19,1,1,1,1
1307,241000000,-1,1066,337,63,1,1,1,1
1307,633000000,1155,1101,278,42,1,1,1,1
1308,897900000,2538,1086,22,19,1,1,1,1
1308,241000000,-1,1066,325,63,1,1,1,1
1308,633000000,1161,1101,277,42,1,1,1,1
1309,897900000,2542,1085,18,21,1,1,1,1
1309,241000000,-1,1066,312,63,1,1,1,1
1309,633000000,1167,1101,277,42,1,1,1,1
1310,897900000,2545,1088,15,17,1,1,1,1
1310,241000000,-1,1066,300,63,1,1,1,1
1310,633000000,1173,1101,276,42,1,1,1,1
1311,897900000,2547,1088,13,17,1,1,1,1
1311,241000000,0,1065,288,62,1,1,1,1
1311,633000000,1178,1101,275,42,1,1,1,1
1312,897900000,2550,1088,10,17,1,1,1,1
1312,241000000,0,1065,275,62,1,1,1,1
1312,633000000,1184,1101,274,42,1,1,1,1
1313,897900000,2552,1088,10,17,1,1,1,1
1313,241000000,0,1065,263,62,1,1,1,1
1313,633000000,1190,1101,273,42,1,1,1,1
1314,241000000,1,1065,250,62,1,1,1,1
1314,633000000,1196,1101,273,42,1,1,1,1
1315,241000000,2,1065,236,62,1,1,1,1
1315,633000000,1202,1101,272,42,1,1,1,1
1316,241000000,1,1065,225,62,1,1,1,1
1316,633000000,1208,1101,271,41,1,1,1,1
1317,241000000,0,1065,213,62,1,1,1,1
1317,633000000,1213,1101,270,41,1,1,1,1
1318,241000000,0,1066,200,61,1,1,1,1
1318,633000000,1219,1101,270,41,1,1,1,1
1319,241000000,0,1066,187,60,1,1,1,1
1319,633000000,1225,1101,269,41,1,1,1,1
1320,241000000,0,1067,174,59,1,1,1,1
1320,633000000,1231,1101,268,41,1,1,1,1
1321,241000000,0,1068,161,58,1,1,1,1
1321,633000000,1236,1101,267,41,1,1,1,1
1322,241000000,0,1068,148,57,1,1,1,1
1322,633000000,1241,1101,267,41,1,1,1,1
1323,241000000,0,1069,135,56,1,1,1,1
1323,633000000,1246,1101,266,41,1,1,1,1
1324,241000000,0,1070,122,55,1,1,1,1
1324,633000000,1251,1101,266,41,1,1,1,1
1324,653600000,2549,1067,11,24,1,1,1,1
1325,241000000,0,1070,109,54,1,1,1,1
1325,633000000,1256,1101,265,41,1,1,1,1
1325,653600000,2546,1066,14,27,1,1,1,1
1326,241000000,0,1071,96,53,1,1,1,1
1326,633000000,1262,1101,264,41,1,1,1,1
1326,653600000,2546,1066,14,24,1,1,1,1
1327,241000000,0,1072,83,52,1,1,1,1
1327,633000000,1267,1101,264,41,1,1,1,1
1327,653600000,2541,1067,19,25,1,1,1,1
1328,241000000,0,1072,70,51,1,1,1,1
1328,633000000,1272,1101,263,41,1,1,1,1
1328,653600000,2540,1066,20,27,1,1,1,1
1329,241000000,0,1073,57,50,1,1,1,1
1329,633000000,1277,1101,263,41,1,1,1,1
1329,653600000,2536,1067,24,24,1,1,1,1
1330,241000000,0,1072,44,50,1,1,1,1
1330,633000000,1282,1101,262,41,1,1,1,1
1330,653600000,2534,1067,26,24,1,1,1,1
1331,241000000,0,1073,33,49,1,1,1,1
1331,633000000,1287,1101,262,41,1,1,1,1
1331,653600000,2532,1067,28,25,1,1,1,1
1332,241000000,0,1075,18,45,1,1,1,1
1332,633000000,1292,1100,261,41,1,1,1,1
1332,653600000,2530,1067,30,25,1,1,1,1
1333,633000000,1297,1100,260,41,1,1,1,1
1333,653600000,2527,1067,33,25,1,1,1,1
1334,633000000,1302,1100,260,41,1,1,1,1
1334,653600000,2525,1067,35,25,1,1,1,1
1335,633000000,1307,1100,259,41,1,1,1,1
1335,653600000,2523,1067,37,26,1,1,1,1
1336,633000000,1312,1100,259,41,1,1,1,1
1336,653600000,2521,1067,39,26,1,1,1,1
1337,633000000,1318,1100,258,41,1,1,1,1
1337,653600000,2519,1066,41,26,1,1,1,1
1338,633000000,1323,1100,257,41,1,1,1,1
1338,653600000,2517,1066,43,26,1,1,1,1
1339,633000000,1328,1100,257,41,1,1,1,1
1339,653600000,2515,1066,45,27,1,1,1,1
1340,633000000,1333,1100,256,41,1,1,1,1
1340,653600000,2513,1066,47,27,1,1,1,1
1341,633000000,1338,1100,256,41,1,1,1,1
1341,653600000,2510,1066,50,27,1,1,1,1
1342,633000000,1343,1100,255,41,1,1,1,1
1342,653600000,2508,1066,52,27,1,1,1,1
1343,633000000,1348,1100,254,40,1,1,1,1
1343,653600000,2506,1066,54,28,1,1,1,1
1344,633000000,1353,1100,254,40,1,1,1,1
1344,653600000,2504,1066,56,28,1,1,1,1
1345,633000000,1358,1100,253,40,1,1,1,1
1345,653600000,2502,1066,58,28,1,1,1,1
1346,633000000,1363,1100,253,40,1,1,1,1
1346,653600000,2500,1066,61,28,1,1,1,1
1347,633000000,1368,1100,252,40,1,1,1,1
1347,653600000,2497,1066,63,28,1,1,1,1
1348,633000000,1374,1100,251,40,1,1,1,1
1348,653600000,2495,1066,65,28,1,1,1,1
1349,633000000,1379,1100,251,40,1,1,1,1
1349,653600000,2493,1066,68,28,1,1,1,1
1350,633000000,1384,1100,250,40,1,1,1,1
1350,653600000,2491,1066,70,28,1,1,1,1
1351,633000000,1389,1100,250,40,1,1,1,1
1351,653600000,2488,1065,72,29,1,1,1,1
1352,633000000,1394,1100,249,40,1,1,1,1
1352,653600000,2486,1065,74,29,1,1,1,1
1353,633000000,1399,1100,249,40,1,1,1,1
1353,653600000,2484,1065,77,29,1,1,1,1
1354,633000000,1404,1099,248,40,1,1,1,1
1354,653600000,2482,1065,79,29,1,1,1,1
1355,633000000,1409,1099,247,40,1,1,1,1
1355,653600000,2479,1065,81,29,1,1,1,1
1356,633000000,1414,1099,247,40,1,1,1,1
1356,653600000,2477,1065,84,29,1,1,1,1
1357,633000000,1419,1099,246,40,1,1,1,1
1357,653600000,2475,1065,86,29,1,1,1,1
1358,633000000,1424,1099,246,40,1,1,1,1
1358,653600000,2473,1065,86,29,1,1,1,1
1359,633000000,1430,1099,245,40,1,1,1,1
1359,653600000,2471,1065,87,29,1,1,1,1
1360,633000000,1435,1099,244,40,1,1,1,1
1360,653600000,2468,1064,87,30,1,1,1,1
1361,633000000,1440,1099,244,40,1,1,1,1
1361,653600000,2466,1064,88,30,1,1,1,1
1362,633000000,1445,1099,243,40,1,1,1,1
1362,653600000,2464,1064,88,30,1,1,1,1
1363,633000000,1450,1099,243,40,1,1,1,1
1363,653600000,2462,1064,88,30,1,1,1,1
1364,633000000,1455,1099,242,40,1,1,1,1
1364,653600000,2460,1064,88,30,1,1,1,1
1365,633000000,1459,1099,241,40,1,1,1,1
1365,653600000,2458,1064,89,30,1,1,1,1
1366,633000000,1464,1099,241,40,1,1,1,1
1366,653600000,2455,1063,89,30,1,1,1,1
1367,633000000,1468,1099,240,40,1,1,1,1
1367,653600000,2453,1063,89,30,1,1,1,1
1368,633000000,1473,1099,240,40,1,1,1,1
1368,653600000,2451,1063,89,30,1,1,1,1
1369,633000000,1477,1099,239,40,1,1,1,1
1369,653600000,2448,1063,89,30,1,1,1,1
1370,633000000,1482,1099,239,40,1,1,1,1
1370,653600000,2446,1063,89,30,1,1,1,1
1371,633000000,1486,1099,238,40,1,1,1,1
1371,653600000,2443,1063,89,30,1,1,1,1
1372,633000000,1491,1098,238,40,1,1,1,1
1372,653600000,2441,1063,89,30,1,1,1,1
1373,633000000,1495,1098,237,40,1,1,1,1
1373,653600000,2438,1063,89,30,1,1,1,1
1374,633000000,1500,1098,236,40,1,1,1,1
1374,653600000,2436,1063,90,30,1,1,1,1
1375,633000000,1504,1098,236,40,1,1,1,1
1375,653600000,2433,1063,90,30,1,1,1,1
1376,633000000,1509,1098,235,39,1,1,1,1
1376,653600000,2430,1063,90,30,1,1,1,1
1377,633000000,1513,1098,235,39,1,1,1,1
1377,653600000,2428,1064,90,31,1,1,1,1
1378,633000000,1518,1098,234,39,1,1,1,1
1378,653600000,2425,1064,90,31,1,1,1,1
1379,633000000,1522,1098,234,39,1,1,1,1
1379,653600000,2423,1064,90,31,1,1,1,1
1380,633000000,1527,1098,233,39,1,1,1,1
1380,653600000,2420,1064,90,31,1,1,1,1
1381,633000000,1531,1098,233,39,1,1,1,1
1381,653600000,2418,1064,90,31,1,1,1,1
1382,633000000,1536,1098,232,39,1,1,1,1
1382,653600000,2415,1064,90,31,1,1,1,1
1383,633000000,1540,1098,231,39,1,1,1,1
1383,653600000,2413,1064,90,31,1,1,1,1
1384,633000000,1545,1098,231,39,1,1,1,1
1384,653600000,2410,1064,91,31,1,1,1,1
1385,633000000,1549,1098,230,39,1,1,1,1
1385,653600000,2407,1064,91,31,1,1,1,1
1386,633000000,1554,1098,230,39,1,1,1,1
1386,653600000,2405,1064,91,31,1,1,1,1
1387,633000000,1558,1097,229,39,1,1,1,1
1387,653600000,2402,1064,91,31,1,1,1,1
1388,633000000,1563,1097,229,39,1,1,1,1
1388,653600000,2400,1064,91,31,1,1,1,1
1389,633000000,1567,1097,228,39,1,1,1,1
1389,653600000,2397,1064,91,31,1,1,1,1
1390,633000000,1572,1097,228,39,1,1,1,1
1390,653600000,2395,1064,91,31,1,1,1,1
1391,633000000,1576,1097,227,39,1,1,1,1
1391,653600000,2392,1064,91,31,1,1,1,1
1392,633000000,1581,1097,226,39,1,1,1,1
1392,653600000,2389,1064,91,31,1,1,1,1
1393,633000000,1585,1097,226,39,1,1,1,1
1393,653600000,2387,1064,91,31,1,1,1,1
1394,633000000,1590,1097,225,39,1,1,1,1
1394,653600000,2384,1064,91,31,1,1,1,1
1395,633000000,1594,1097,225,39,1,1,1,1
1395,653600000,2382,1065,92,32,1,1,1,1
1396,633000000,1599,1097,224,39,1,1,1,1
1396,653600000,2379,1065,92,32,1,1,1,1
1397,633000000,1603,1097,224,39,1,1,1,1
1397,653600000,2377,1065,92,32,1,1,1,1
1398,633000000,1608,1097,223,38,1,1,1,1
1398,653600000,2374,1065,92,32,1,1,1,1
1399,633000000,1612,1097,223,38,1,1,1,1
1399,653600000,2371,1065,92,32,1,1,1,1
1400,633000000,1617,1097,222,38,1,1,1,1
1400,653600000,2369,1065,92,32,1,1,1,1
1401,633000000,1621,1097,221,38,1,1,1,1
1401,653600000,2366,1065,92,32,1,1,1,1
1402,633000000,1626,1096,221,38,1,1,1,1
1402,653600000,2364,1065,92,32,1,1,1,1
1403,633000000,1630,1096,220,38,1,1,1,1
1403,653600000,2361,1065,92,32,1,1,1,1
1404,633000000,1635,1096,220,38,1,1,1,1
1404,653600000,2359,1065,92,32,1,1,1,1
1405,633000000,1639,1096,219,38,1,1,1,1
1405,653600000,2356,1065,92,32,1,1,1,1
1406,633000000,1644,1096,219,38,1,1,1,1
1406,653600000,2353,1065,93,32,1,1,1,1
1407,633000000,1648,1096,218,38,1,1,1,1
1407,653600000,2351,1065,93,32,1,1,1,1
1408,633000000,1653,1096,218,38,1,1,1,1
1408,653600000,2348,1065,93,32,1,1,1,1
1409,633000000,1657,1096,217,38,1,1,1,1
1409,653600000,2346,1065,93,32,1,1,1,1
1410,633000000,1661,1096,217,38,1,1,1,1
1410,653600000,2343,1065,93,32,1,1,1,1
1411,633000000,1665,1096,216,38,1,1,1,1
1411,653600000,2341,1065,93,32,1,1,1,1
1412,633000000,1669,1096,216,38,1,1,1,1
1412,653600000,2338,1065,93,32,1,1,1,1
1413,633000000,1673,1096,215,38,1,1,1,1
1413,653600000,2336,1066,93,33,1,1,1,1
1414,633000000,1677,1096,215,38,1,1,1,1
1414,653600000,2333,1066,93,33,1,1,1,1
1415,633000000,1681,1096,214,38,1,1,1,1
1415,653600000,2330,1066,93,33,1,1,1,1
1416,633000000,1686,1096,214,38,1,1,1,1
1416,653600000,2328,1066,94,33,1,1,1,1
1417,633000000,1690,1095,213,37,1,1,1,1
1417,653600000,2325,1066,94,33,1,1,1,1
1418,633000000,1694,1095,213,37,1,1,1,1
1418,653600000,2323,1066,94,33,1,1,1,1
1419,633000000,1698,1095,212,37,1,1,1,1
1419,653600000,2320,1066,94,33,1,1,1,1
1420,633000000,1702,1095,212,37,1,1,1,1
1420,653600000,2318,1066,94,33,1,1,1,1
1421,633000000,1706,1095,211,37,1,1,1,1
1421,653600000,2315,1066,94,33,1,1,1,1
1422,633000000,1710,1095,211,37,1,1,1,1
1422,653600000,2312,1066,95,33,1,1,1,1
1423,633000000,1714,1095,211,37,1,1,1,1
1423,653600000,2309,1066,95,33,1,1,1,1
1424,633000000,1718,1095,210,37,1,1,1,1
1424,653600000,2306,1066,96,33,1,1,1,1
1425,633000000,1722,1095,210,37,1,1,1,1
1425,653600000,2303,1066,96,33,1,1,1,1
1426,633000000,1726,1095,209,37,1,1,1,1
1426,653600000,2300,1066,97,33,1,1,1,1
1427,633000000,1730,1095,209,37,1,1,1,1
1427,653600000,2297,1066,97,33,1,1,1,1
1428,633000000,1734,1095,208,37,1,1,1,1
1428,653600000,2294,1066,98,33,1,1,1,1
1429,633000000,1738,1095,208,37,1,1,1,1
1429,653600000,2291,1067,99,34,1,1,1,1
1430,633000000,1743,1095,207,37,1,1,1,1
1430,653600000,2287,1067,99,34,1,1,1,1
1431,633000000,1747,1094,207,36,1,1,1,1
1431,653600000,2284,1067,100,34,1,1,1,1
1432,633000000,1751,1094,206,36,1,1,1,1
1432,653600000,2281,1067,100,34,1,1,1,1
1433,633000000,1755,1094,206,36,1,1,1,1
1433,653600000,2278,1067,101,34,1,1,1,1
1434,633000000,1759,1094,205,36,1,1,1,1
1434,653600000,2275,1067,101,34,1,1,1,1
1435,633000000,1763,1094,205,36,1,1,1,1
1435,653600000,2272,1067,102,34,1,1,1,1
1436,633000000,1767,1094,204,36,1,1,1,1
1436,653600000,2269,1067,102,34,1,1,1,1
1437,633000000,1771,1094,204,36,1,1,1,1
1437,653600000,2266,1067,103,34,1,1,1,1
