1,563000002,58,469,22,16,1,1,1,1
2,563000002,58,469,22,16,1,1,1,1
3,563000002,58,469,22,16,1,1,1,1
4,563000002,58,469,22,16,1,1,1,1
5,563000002,58,469,22,16,1,1,1,1
6,563000002,58,469,22,16,1,1,1,1
7,563000002,58,469,22,16,1,1,1,1
8,563000002,58,469,22,16,1,1,1,1
9,563000002,58,469,22,16,1,1,1,1
10,563000002,58,469,22,16,1,1,1,1
11,563000002,58,469,22,16,1,1,1,1
12,563000002,58,469,22,16,1,1,1,1
13,563000002,58,469,22,16,1,1,1,1
14,563000002,58,469,22,16,1,1,1,1
15,563000002,58,469,22,16,1,1,1,1
16,563000002,58,469,22,16,1,1,1,1
17,563000002,58,469,22,16,1,1,1,1
18,563000002,58,469,22,16,1,1,1,1
19,563000002,58,469,22,16,1,1,1,1
20,563000002,58,469,22,16,1,1,1,1
21,563000002,58,469,22,16,1,1,1,1
22,563000002,58,469,22,16,1,1,1,1
23,563000002,58,468,20,13,1,1,1,1
24,563000002,58,468,20,13,1,1,1,1
25,563000002,58,468,20,13,1,1,1,1
26,563000002,58,468,20,13,1,1,1,1
27,563000002,58,468,20,13,1,1,1,1
28,563000002,58,468,20,13,1,1,1,1
29,563000002,57,468,20,13,1,1,1,1
30,563000002,57,468,20,13,1,1,1,1
31,563000002,57,468,20,13,1,1,1,1
32,563000002,56,468,20,13,1,1,1,1
33,563000002,56,468,20,13,1,1,1,1
34,563000002,56,468,20,13,1,1,1,1
35,563000002,56,468,20,13,1,1,1,1
36,563000002,56,468,20,13,1,1,1,1
37,563000002,56,468,20,13,1,1,1,1
38,563000002,56,468,20,13,1,1,1,1
39,563000002,54,469,20,13,1,1,1,1
40,563000002,54,469,20,13,1,1,1,1
41,563000002,54,469,20,13,1,1,1,1
42,563000002,54,469,20,13,1,1,1,1
43,563000002,54,469,20,13,1,1,1,1
44,563000002,54,469,20,13,1,1,1,1
45,563000002,54,469,20,13,1,1,1,1
46,563000002,54,469,20,13,1,1,1,1
47,563000002,54,469,20,13,1,1,1,1
48,563000002,54,469,20,13,1,1,1,1
49,563000002,54,469,20,13,1,1,1,1
50,563000002,54,469,20,13,1,1,1,1
51,563000002,54,469,20,13,1,1,1,1
52,563000002,54,469,20,13,1,1,1,1
53,563000002,54,469,20,13,1,1,1,1
54,563000002,54,469,20,13,1,1,1,1
55,563000002,54,469,20,13,1,1,1,1
56,563000002,54,469,20,13,1,1,1,1
57,563000002,54,469,20,13,1,1,1,1
58,563000002,54,469,20,13,1,1,1,1
59,563000002,54,469,20,13,1,1,1,1
60,563000002,54,469,20,13,1,1,1,1
61,563000002,54,469,20,13,1,1,1,1
62,563000002,54,469,20,13,1,1,1,1
63,563000002,54,469,20,13,1,1,1,1
64,563000002,54,469,20,13,1,1,1,1
65,563000002,54,469,20,13,1,1,1,1
66,563000002,54,469,20,13,1,1,1,1
67,563000002,54,469,20,13,1,1,1,1
68,563000002,54,469,17,11,1,1,1,1
69,563000002,54,469,17,11,1,1,1,1
70,563000002,54,469,17,11,1,1,1,1
71,563000002,54,469,17,11,1,1,1,1
72,563000002,54,469,17,11,1,1,1,1
73,563000002,54,469,17,11,1,1,1,1
74,563000002,54,469,17,11,1,1,1,1
75,563000002,54,469,17,11,1,1,1,1
76,563000002,54,469,17,11,1,1,1,1
77,563000002,54,469,17,11,1,1,1,1
78,563000002,54,469,17,11,1,1,1,1
79,563000002,54,469,17,11,1,1,1,1
80,563000002,52,470,17,11,1,1,1,1
81,563000002,52,470,17,11,1,1,1,1
82,563000002,52,470,17,11,1,1,1,1
83,563000002,52,470,17,11,1,1,1,1
84,563000002,52,470,17,11,1,1,1,1
85,563000002,52,470,17,11,1,1,1,1
86,563000002,52,470,17,11,1,1,1,1
87,563000002,52,470,17,11,1,1,1,1
88,563000002,52,470,17,11,1,1,1,1
89,563000002,52,470,17,11,1,1,1,1
90,563000002,51,470,17,11,1,1,1,1
91,563000002,51,470,17,11,1,1,1,1
92,563000002,51,470,17,11,1,1,1,1
93,563000002,49,470,17,11,1,1,1,1
94,563000002,49,470,17,11,1,1,1,1
95,563000002,49,470,17,11,1,1,1,1
96,563000002,49,470,17,11,1,1,1,1
97,563000002,49,470,17,11,1,1,1,1
98,563000002,49,470,17,11,1,1,1,1
99,563000002,49,470,17,11,1,1,1,1
100,563000002,49,470,17,11,1,1,1,1
101,563000002,49,470,17,11,1,1,1,1
102,563000002,49,470,17,11,1,1,1,1
103,563000002,49,470,17,11,1,1,1,1
104,563000002,49,470,17,11,1,1,1,1
105,563000002,49,470,17,11,1,1,1,1
106,563000002,49,470,17,11,1,1,1,1
107,563000002,49,470,17,11,1,1,1,1
108,563000002,49,470,17,11,1,1,1,1
109,563000002,49,470,17,11,1,1,1,1
110,563000002,49,470,17,11,1,1,1,1
111,563000002,49,470,17,11,1,1,1,1
112,563000002,49,470,17,11,1,1,1,1
113,563000002,49,470,17,11,1,1,1,1
114,563000002,47,470,17,11,1,1,1,1
115,563000002,47,470,17,11,1,1,1,1
116,563000002,47,470,17,11,1,1,1,1
117,563000002,47,470,17,11,1,1,1,1
118,563000002,47,470,17,11,1,1,1,1
119,563000002,47,470,17,11,1,1,1,1
120,563000002,44,469,17,11,1,1,1,1
121,563000002,44,469,17,11,1,1,1,1
122,563000002,42,469,17,11,1,1,1,1
123,563000002,42,469,17,11,1,1,1,1
124,563000002,42,469,17,11,1,1,1,1
125,563000002,43,469,17,11,1,1,1,1
126,563000002,43,469,17,11,1,1,1,1
127,563000002,43,469,17,11,1,1,1,1
128,563000002,43,469,17,11,1,1,1,1
129,563000002,43,469,17,11,1,1,1,1
130,563000002,43,469,17,11,1,1,1,1
131,563000002,45,469,17,11,1,1,1,1
132,563000002,45,469,17,11,1,1,1,1
133,563000002,45,469,17,11,1,1,1,1
134,563000002,45,469,17,11,1,1,1,1
135,563000002,43,469,17,11,1,1,1,1
136,563000002,43,469,17,11,1,1,1,1
137,563000002,43,469,17,11,1,1,1,1
138,563000002,43,469,17,11,1,1,1,1
139,563000002,43,469,17,11,1,1,1,1
140,563000002,43,469,17,11,1,1,1,1
141,563000002,43,469,17,11,1,1,1,1
142,563000002,42,469,17,11,1,1,1,1
143,563000002,42,469,17,11,1,1,1,1
144,563000002,42,469,17,11,1,1,1,1
145,563000002,42,469,17,11,1,1,1,1
146,563000002,39,469,17,11,1,1,1,1
147,563000002,39,469,17,11,1,1,1,1
148,563000002,39,469,17,11,1,1,1,1
149,563000002,39,469,17,11,1,1,1,1
150,563000002,39,469,17,11,1,1,1,1
151,563000002,39,469,17,11,1,1,1,1
152,563000002,39,469,17,11,1,1,1,1
153,563000002,39,469,17,11,1,1,1,1
154,563000002,38,469,17,11,1,1,1,1
155,563000002,38,469,17,11,1,1,1,1
156,563000002,38,469,17,11,1,1,1,1
157,563000002,38,469,17,11,1,1,1,1
158,563000002,38,469,17,11,1,1,1,1
159,563000002,38,469,17,11,1,1,1,1
160,563000002,38,469,17,11,1,1,1,1
161,563000002,38,469,17,11,1,1,1,1
162,563000002,38,469,17,11,1,1,1,1
163,563000002,37,469,17,11,1,1,1,1
164,563000002,37,469,17,11,1,1,1,1
165,563000002,37,469,17,11,1,1,1,1
166,563000002,37,469,17,11,1,1,1,1
167,563000002,37,469,17,11,1,1,1,1
168,563000002,37,469,17,11,1,1,1,1
169,563000002,37,469,17,11,1,1,1,1
170,563000002,37,469,17,11,1,1,1,1
171,563000002,37,468,17,11,1,1,1,1
172,563000002,37,468,17,11,1,1,1,1
173,563000002,37,468,17,11,1,1,1,1
174,563000002,37,468,17,11,1,1,1,1
175,563000002,37,468,17,11,1,1,1,1
176,563000002,37,468,17,11,1,1,1,1
177,563000002,37,468,17,11,1,1,1,1
178,563000002,37,468,17,11,1,1,1,1
179,563000002,37,468,17,11,1,1,1,1
180,563000002,37,468,17,11,1,1,1,1
181,563000002,35,468,17,11,1,1,1,1
182,563000002,35,468,17,11,1,1,1,1
183,563000002,35,468,17,11,1,1,1,1
184,563000002,35,468,17,11,1,1,1,1
185,563000002,35,468,17,11,1,1,1,1
186,563000002,35,468,17,11,1,1,1,1
187,563000002,35,468,17,11,1,1,1,1
188,563000002,35,468,17,11,1,1,1,1
189,563000002,35,468,17,11,1,1,1,1
190,563000002,35,468,17,11,1,1,1,1
191,563000002,35,468,17,11,1,1,1,1
192,563000002,35,468,17,11,1,1,1,1
193,563000002,35,468,17,11,1,1,1,1
194,563000002,35,468,17,11,1,1,1,1
195,563000002,35,468,17,11,1,1,1,1
196,563000002,35,468,17,11,1,1,1,1
197,563000002,35,468,17,11,1,1,1,1
198,563000002,35,468,17,11,1,1,1,1
199,563000002,35,468,17,11,1,1,1,1
200,563000002,35,468,17,11,1,1,1,1
201,563000002,35,468,17,11,1,1,1,1
202,563000002,35,468,17,11,1,1,1,1
203,563000002,35,468,17,11,1,1,1,1
204,563000002,35,468,17,11,1,1,1,1
205,563000002,33,468,17,11,1,1,1,1
206,563000002,33,468,17,11,1,1,1,1
207,563000002,33,468,17,11,1,1,1,1
208,563000002,33,468,17,11,1,1,1,1
209,563000002,33,468,17,11,1,1,1,1
210,563000002,33,468,17,11,1,1,1,1
211,563000002,33,468,17,11,1,1,1,1
212,563000002,33,468,17,11,1,1,1,1
213,563000002,33,468,17,11,1,1,1,1
214,563000002,33,468,17,11,1,1,1,1
215,563000002,33,468,17,11,1,1,1,1
216,563000002,33,468,17,11,1,1,1,1
217,563000002,33,468,17,11,1,1,1,1
218,563000002,33,468,17,11,1,1,1,1
219,563000002,33,468,17,11,1,1,1,1
220,563000002,33,468,17,11,1,1,1,1
221,563000002,33,468,17,11,1,1,1,1
222,563000002,32,468,17,11,1,1,1,1
223,563000002,32,468,17,11,1,1,1,1
224,563000002,32,468,17,11,1,1,1,1
225,563000002,32,468,17,11,1,1,1,1
226,563000002,32,468,17,11,1,1,1,1
227,563000002,32,468,17,11,1,1,1,1
228,563000002,32,468,17,11,1,1,1,1
229,563000002,30,468,17,11,1,1,1,1
230,563000002,30,468,17,11,1,1,1,1
231,563000002,30,468,17,11,1,1,1,1
232,563000002,30,468,17,11,1,1,1,1
233,563000002,30,468,17,11,1,1,1,1
234,563000002,30,468,17,11,1,1,1,1
235,563000002,29,467,17,11,1,1,1,1
236,563000002,29,467,17,11,1,1,1,1
237,563000002,29,467,17,11,1,1,1,1
238,563000002,29,467,17,11,1,1,1,1
239,563000002,29,467,17,11,1,1,1,1
240,563000002,28,467,17,11,1,1,1,1
241,563000002,28,467,17,11,1,1,1,1
242,563000002,28,467,17,11,1,1,1,1
243,563000002,28,467,17,11,1,1,1,1
244,563000002,28,467,17,11,1,1,1,1
245,563000002,28,467,17,11,1,1,1,1
246,563000002,28,467,17,11,1,1,1,1
247,563000002,28,467,17,11,1,1,1,1
248,563000002,28,467,17,11,1,1,1,1
249,563000002,28,467,17,11,1,1,1,1
250,563000002,28,467,17,11,1,1,1,1
251,563000002,28,467,17,11,1,1,1,1
252,563000002,28,467,17,11,1,1,1,1
253,563000002,28,467,17,11,1,1,1,1
254,563000002,28,467,17,11,1,1,1,1
255,563000002,27,467,17,11,1,1,1,1
256,563000002,27,467,17,11,1,1,1,1
257,563000002,27,467,17,11,1,1,1,1
258,563000002,27,467,17,11,1,1,1,1
259,563000002,27,467,17,11,1,1,1,1
260,563000002,27,467,17,11,1,1,1,1
261,563000002,27,467,17,11,1,1,1,1
262,563000002,27,467,17,11,1,1,1,1
263,563000002,26,467,17,11,1,1,1,1
264,563000002,26,467,17,11,1,1,1,1
265,563000002,26,467,17,11,1,1,1,1
266,563000002,26,467,17,11,1,1,1,1
267,563000002,26,467,17,11,1,1,1,1
268,563000002,26,467,17,11,1,1,1,1
269,563000002,26,467,17,11,1,1,1,1
270,563000002,26,467,17,11,1,1,1,1
271,563000002,26,467,17,11,1,1,1,1
272,563000002,25,467,17,11,1,1,1,1
273,563000002,25,467,17,11,1,1,1,1
274,563000002,25,467,17,11,1,1,1,1
275,563000002,25,467,17,11,1,1,1,1
276,563000002,25,467,17,11,1,1,1,1
277,563000002,24,467,17,11,1,1,1,1
278,563000002,24,467,17,11,1,1,1,1
279,563000002,24,467,17,11,1,1,1,1
280,563000002,23,468,20,11,1,1,1,1
281,563000002,23,468,20,11,1,1,1,1
282,563000002,22,468,20,11,1,1,1,1
283,563000002,22,468,20,11,1,1,1,1
284,563000002,22,468,20,11,1,1,1,1
285,563000002,22,468,20,11,1,1,1,1
286,563000002,22,468,20,11,1,1,1,1
287,563000002,22,468,20,11,1,1,1,1
288,563000002,22,468,20,11,1,1,1,1
289,563000002,22,468,20,11,1,1,1,1
290,563000002,22,468,20,11,1,1,1,1
291,563000002,22,468,20,11,1,1,1,1
292,563000002,22,468,20,11,1,1,1,1
293,563000002,21,468,20,11,1,1,1,1
294,563000002,21,468,20,11,1,1,1,1
295,563000002,21,468,20,11,1,1,1,1
296,563000002,21,468,20,11,1,1,1,1
297,563000002,21,468,20,11,1,1,1,1
298,563000002,21,468,20,11,1,1,1,1
299,563000002,21,468,20,11,1,1,1,1
300,563000002,21,468,20,11,1,1,1,1
301,563000002,21,468,20,11,1,1,1,1
302,563000002,20,468,20,11,1,1,1,1
303,563000002,20,468,20,11,1,1,1,1
304,563000002,20,468,20,11,1,1,1,1
305,563000002,20,468,20,11,1,1,1,1
306,563000002,20,468,20,11,1,1,1,1
307,563000002,20,468,20,11,1,1,1,1
308,563000002,19,468,20,11,1,1,1,1
309,563000002,19,468,20,11,1,1,1,1
310,563000002,19,468,20,11,1,1,1,1
311,563000002,19,468,20,11,1,1,1,1
312,563000002,19,468,20,11,1,1,1,1
313,563000002,19,468,20,11,1,1,1,1
314,563000002,19,468,20,11,1,1,1,1
315,563000002,19,468,20,11,1,1,1,1
316,563000002,19,468,20,11,1,1,1,1
317,563000002,19,468,20,11,1,1,1,1
318,563000002,19,468,20,11,1,1,1,1
319,563000002,19,468,20,11,1,1,1,1
320,563000002,18,468,20,11,1,1,1,1
321,563000002,18,468,20,11,1,1,1,1
322,563000002,18,468,20,11,1,1,1,1
323,563000002,18,468,20,11,1,1,1,1
324,563000002,18,468,20,11,1,1,1,1
325,563000002,17,468,20,11,1,1,1,1
326,563000002,17,468,20,11,1,1,1,1
327,563000002,17,468,20,11,1,1,1,1
328,563000002,17,468,20,11,1,1,1,1
329,563000002,17,468,20,11,1,1,1,1
330,563000002,17,468,20,11,1,1,1,1
331,563000002,16,468,20,11,1,1,1,1
332,563000002,16,468,20,11,1,1,1,1
333,563000002,16,468,20,11,1,1,1,1
334,563000002,16,468,20,11,1,1,1,1
335,563000002,16,468,20,11,1,1,1,1
336,563000002,16,468,20,11,1,1,1,1
337,563000002,16,468,20,11,1,1,1,1
338,563000002,16,468,20,11,1,1,1,1
339,563000002,16,468,20,11,1,1,1,1
340,563000002,16,468,20,11,1,1,1,1
341,563000002,16,468,20,11,1,1,1,1
342,563000002,16,468,20,11,1,1,1,1
343,563000002,16,468,20,11,1,1,1,1
344,563000002,16,468,20,11,1,1,1,1
345,563000002,16,468,20,11,1,1,1,1
346,563000002,16,468,20,11,1,1,1,1
347,563000002,16,468,20,11,1,1,1,1
348,563000002,16,468,20,11,1,1,1,1
349,563000002,16,468,20,11,1,1,1,1
350,563000002,16,468,20,11,1,1,1,1
351,563000002,16,468,20,11,1,1,1,1
352,563000002,16,468,20,11,1,1,1,1
353,563000002,16,468,20,11,1,1,1,1
354,563000002,16,468,20,11,1,1,1,1
355,563000002,15,468,20,11,1,1,1,1
356,563000002,15,468,20,11,1,1,1,1
357,563000002,15,468,20,11,1,1,1,1
358,563000002,15,468,20,11,1,1,1,1
359,563000002,15,468,20,11,1,1,1,1
360,563000002,15,468,20,11,1,1,1,1
361,563000002,15,468,20,11,1,1,1,1
362,563000002,15,468,20,11,1,1,1,1
363,563000002,15,468,20,11,1,1,1,1
364,563000002,15,468,20,11,1,1,1,1
365,563000002,15,468,20,11,1,1,1,1
366,563000002,15,468,20,11,1,1,1,1
367,563000002,15,468,20,11,1,1,1,1
368,563000002,15,468,20,11,1,1,1,1
369,563000002,15,468,20,11,1,1,1,1
370,563000002,15,468,20,11,1,1,1,1
371,563000002,15,468,20,11,1,1,1,1
372,563000002,14,468,20,11,1,1,1,1
373,563000002,14,468,20,11,1,1,1,1
374,563000002,14,468,20,11,1,1,1,1
375,563000002,14,468,20,11,1,1,1,1
376,563000002,13,467,20,11,1,1,1,1
377,563000002,13,467,20,11,1,1,1,1
378,563000002,13,467,20,11,1,1,1,1
379,563000002,13,467,20,11,1,1,1,1
380,563000002,13,467,20,11,1,1,1,1
381,563000002,13,467,20,11,1,1,1,1
382,563000002,13,467,20,11,1,1,1,1
383,563000002,12,467,20,11,1,1,1,1
384,563000002,12,467,20,11,1,1,1,1
385,563000002,12,467,20,11,1,1,1,1
386,563000002,12,467,20,11,1,1,1,1
387,563000002,12,467,20,11,1,1,1,1
388,563000002,12,467,20,11,1,1,1,1
389,563000002,11,467,20,11,1,1,1,1
390,563000002,11,467,20,11,1,1,1,1
391,563000002,11,467,20,11,1,1,1,1
392,563000002,11,467,20,11,1,1,1,1
393,563000002,11,467,20,11,1,1,1,1
394,563000002,11,467,20,11,1,1,1,1
395,563000002,10,467,20,11,1,1,1,1
396,563000002,10,467,20,11,1,1,1,1
397,563000002,10,467,20,11,1,1,1,1
398,563000002,10,467,20,11,1,1,1,1
399,563000002,10,467,20,11,1,1,1,1
400,563000002,10,467,20,11,1,1,1,1
401,563000002,10,467,20,11,1,1,1,1
402,563000002,10,467,20,11,1,1,1,1
403,563000002,10,467,20,11,1,1,1,1
404,563000002,10,467,20,11,1,1,1,1
405,563000002,9,467,20,11,1,1,1,1
406,563000002,9,467,20,11,1,1,1,1
407,563000002,9,467,20,11,1,1,1,1
408,563000002,9,467,20,11,1,1,1,1
409,563000002,9,467,20,11,1,1,1,1
410,563000002,9,467,20,11,1,1,1,1
411,563000002,9,467,20,11,1,1,1,1
412,563000002,9,467,20,11,1,1,1,1
413,563000002,9,467,20,11,1,1,1,1
414,563000002,8,467,20,11,1,1,1,1
415,563000002,8,467,20,11,1,1,1,1
416,563000002,8,467,20,11,1,1,1,1
417,563000002,8,467,20,11,1,1,1,1
418,563000002,8,467,20,11,1,1,1,1
419,563000002,8,467,20,11,1,1,1,1
420,563000002,8,467,20,11,1,1,1,1
421,563000002,8,467,20,11,1,1,1,1
422,563000002,8,467,20,11,1,1,1,1
423,563000002,8,467,20,11,1,1,1,1
424,563000002,8,467,20,11,1,1,1,1
425,563000002,8,467,20,11,1,1,1,1
426,563000002,8,467,20,11,1,1,1,1
427,563000002,8,467,20,11,1,1,1,1
428,563000002,7,467,20,11,1,1,1,1
429,563000002,7,467,20,11,1,1,1,1
430,563000002,7,467,20,11,1,1,1,1
431,563000002,7,467,20,11,1,1,1,1
432,563000002,7,467,20,11,1,1,1,1
433,563000002,7,467,20,11,1,1,1,1
434,563000002,5,467,20,11,1,1,1,1
435,563000002,5,467,20,11,1,1,1,1
436,563000002,5,467,20,11,1,1,1,1
437,563000002,5,467,20,11,1,1,1,1
438,563000002,5,467,20,11,1,1,1,1
439,563000002,5,467,20,11,1,1,1,1
440,563000002,5,467,20,11,1,1,1,1
441,563000002,5,467,20,11,1,1,1,1
442,563000002,5,467,20,11,1,1,1,1
443,563000002,5,467,20,11,1,1,1,1
444,563000002,5,467,20,11,1,1,1,1
445,563000002,3,467,20,11,1,1,1,1
446,563000002,3,467,20,11,1,1,1,1
447,563000002,3,467,20,11,1,1,1,1
448,563000002,3,467,20,11,1,1,1,1
449,563000002,3,467,20,11,1,1,1,1
450,563000002,3,467,20,11,1,1,1,1
451,563000002,3,467,20,11,1,1,1,1
452,563000002,3,467,20,11,1,1,1,1
453,563000002,3,467,20,11,1,1,1,1
454,563000002,3,467,20,11,1,1,1,1
455,563000002,3,467,20,11,1,1,1,1
456,563000002,3,467,20,11,1,1,1,1
457,563000002,3,467,20,11,1,1,1,1
458,563000002,3,467,20,11,1,1,1,1
459,563000002,3,467,20,11,1,1,1,1
460,563000002,3,467,20,11,1,1,1,1
461,563000002,3,467,20,11,1,1,1,1
462,563000002,3,467,20,11,1,1,1,1
463,563000002,3,467,20,11,1,1,1,1
464,563000002,3,467,20,11,1,1,1,1
465,563000002,3,467,20,11,1,1,1,1
466,563000002,3,467,20,11,1,1,1,1
467,563000002,3,467,20,11,1,1,1,1
468,563000002,3,467,20,11,1,1,1,1
469,563000002,2,467,20,11,1,1,1,1
470,563000002,2,467,20,11,1,1,1,1
471,563000002,2,467,20,11,1,1,1,1
472,563000002,2,467,20,11,1,1,1,1
473,563000002,2,467,20,11,1,1,1,1
474,563000002,2,467,20,11,1,1,1,1
475,563000002,2,467,20,11,1,1,1,1
476,563000002,2,467,20,11,1,1,1,1
477,563000002,1,467,20,11,1,1,1,1
478,563000002,1,467,20,11,1,1,1,1
479,563000002,1,467,20,11,1,1,1,1
480,563000002,1,467,20,11,1,1,1,1
481,563000002,0,467,20,11,1,1,1,1
482,563000002,0,467,20,11,1,1,1,1
483,563000002,0,467,20,11,1,1,1,1
484,563000002,0,467,20,11,1,1,1,1
485,563000002,0,467,20,11,1,1,1,1
486,563000002,0,467,20,11,1,1,1,1
487,563000002,0,467,20,11,1,1,1,1
488,563000002,0,467,20,11,1,1,1,1
489,563000002,0,467,20,11,1,1,1,1
490,563000002,0,467,20,11,1,1,1,1
491,563000002,0,467,20,11,1,1,1,1
509,563000002,446,462,31,17,1,1,1,1
510,563000002,446,462,31,17,1,1,1,1
511,563000002,446,462,31,17,1,1,1,1
512,563000002,446,462,31,17,1,1,1,1
513,563000002,446,462,31,17,1,1,1,1
514,563000002,446,462,31,17,1,1,1,1
515,563000002,446,462,31,17,1,1,1,1
516,563000002,446,462,31,17,1,1,1,1
517,563000002,446,462,31,17,1,1,1,1
518,563000002,446,462,31,17,1,1,1,1
519,563000002,446,462,31,17,1,1,1,1
520,563000002,446,462,31,17,1,1,1,1
521,563000002,446,462,31,17,1,1,1,1
522,563000002,446,462,31,17,1,1,1,1
523,563000002,446,462,31,17,1,1,1,1
524,563000002,446,462,31,17,1,1,1,1
525,563000002,446,462,31,17,1,1,1,1
526,563000002,446,462,31,17,1,1,1,1
527,563000002,446,462,31,17,1,1,1,1
528,563000002,446,462,31,17,1,1,1,1
529,563000002,446,462,31,17,1,1,1,1
530,563000002,446,462,31,17,1,1,1,1
531,563000002,446,462,31,17,1,1,1,1
532,563000002,446,462,31,17,1,1,1,1
533,563000002,446,462,31,17,1,1,1,1
534,563000002,446,462,31,17,1,1,1,1
535,563000002,446,462,31,17,1,1,1,1
536,563000002,446,462,31,17,1,1,1,1
537,563000002,446,462,31,17,1,1,1,1
538,563000002,446,462,31,17,1,1,1,1
539,563000002,446,462,31,17,1,1,1,1
540,563000002,446,462,31,17,1,1,1,1
541,563000002,446,462,31,17,1,1,1,1
542,563000002,446,462,31,17,1,1,1,1
543,563000002,446,462,31,17,1,1,1,1
544,563000002,446,462,31,17,1,1,1,1
545,563000002,446,462,31,17,1,1,1,1
546,563000002,446,462,31,17,1,1,1,1
547,563000002,446,462,31,17,1,1,1,1
548,563000002,446,462,31,17,1,1,1,1
549,563000002,446,462,31,17,1,1,1,1
550,563000002,446,462,31,17,1,1,1,1
551,563000002,446,462,31,17,1,1,1,1
552,563000002,446,462,31,17,1,1,1,1
553,563000002,446,462,31,17,1,1,1,1
554,563000002,446,462,31,17,1,1,1,1
555,563000002,446,462,31,17,1,1,1,1
556,563000002,446,462,31,17,1,1,1,1
557,563000002,446,462,31,17,1,1,1,1
558,563000002,446,462,31,17,1,1,1,1
559,563000002,446,462,31,17,1,1,1,1
560,563000002,446,462,31,17,1,1,1,1
561,563000002,446,462,31,17,1,1,1,1
562,563000002,446,462,31,17,1,1,1,1
563,563000002,446,462,31,17,1,1,1,1
564,563000002,446,462,31,17,1,1,1,1
565,563000002,446,462,31,17,1,1,1,1
566,563000002,446,462,31,17,1,1,1,1
567,563000002,446,462,31,17,1,1,1,1
568,563000002,446,462,31,17,1,1,1,1
569,563000002,446,462,31,17,1,1,1,1
570,563000002,446,462,31,17,1,1,1,1
571,563000002,446,462,31,17,1,1,1,1
572,563000002,446,462,31,17,1,1,1,1
573,563000002,446,462,31,17,1,1,1,1
574,563000002,446,462,31,17,1,1,1,1
575,563000002,446,462,31,17,1,1,1,1
576,563000002,446,462,31,17,1,1,1,1
577,563000002,446,462,31,17,1,1,1,1
578,563000002,446,462,31,17,1,1,1,1
579,563000002,446,462,31,17,1,1,1,1
580,563000002,446,462,31,17,1,1,1,1
581,563000002,446,462,31,17,1,1,1,1
582,563000002,446,462,31,17,1,1,1,1
583,563000002,446,462,31,17,1,1,1,1
584,563000002,446,462,31,17,1,1,1,1
585,563000002,446,462,31,17,1,1,1,1
586,563000002,446,462,31,17,1,1,1,1
587,563000002,446,462,31,17,1,1,1,1
588,563000002,446,462,31,17,1,1,1,1
589,563000002,446,462,31,17,1,1,1,1
590,563000002,446,462,31,17,1,1,1,1
591,563000002,446,462,31,17,1,1,1,1
592,563000002,446,462,31,17,1,1,1,1
593,563000002,444,461,31,17,1,1,1,1
594,563000002,444,461,31,17,1,1,1,1
595,563000002,444,461,31,17,1,1,1,1
596,563000002,444,461,31,17,1,1,1,1
597,563000002,444,461,31,17,1,1,1,1
598,563000002,444,461,31,17,1,1,1,1
599,563000002,444,461,31,17,1,1,1,1
600,563000002,444,461,31,17,1,1,1,1
1,563000003,87,454,31,29,1,1,1,1
2,563000003,87,454,31,29,1,1,1,1
3,563000003,87,454,31,29,1,1,1,1
4,563000003,87,454,31,29,1,1,1,1
5,563000003,87,454,31,29,1,1,1,1
6,563000003,87,454,31,29,1,1,1,1
7,563000003,88,454,31,29,1,1,1,1
8,563000003,88,454,31,29,1,1,1,1
9,563000003,88,454,31,29,1,1,1,1
10,563000003,88,454,31,29,1,1,1,1
11,563000003,88,454,31,29,1,1,1,1
12,563000003,88,454,31,29,1,1,1,1
13,563000003,88,454,31,29,1,1,1,1
14,563000003,88,454,31,29,1,1,1,1
15,563000003,88,454,31,29,1,1,1,1
16,563000003,88,454,31,29,1,1,1,1
17,563000003,88,454,31,29,1,1,1,1
18,563000003,88,454,31,29,1,1,1,1
19,563000003,88,454,31,29,1,1,1,1
20,563000003,88,454,31,29,1,1,1,1
21,563000003,88,454,31,29,1,1,1,1
22,563000003,88,454,31,29,1,1,1,1
23,563000003,88,454,31,29,1,1,1,1
24,563000003,88,454,31,29,1,1,1,1
25,563000003,88,454,31,29,1,1,1,1
26,563000003,88,454,31,29,1,1,1,1
27,563000003,88,454,31,29,1,1,1,1
28,563000003,88,454,31,29,1,1,1,1
29,563000003,88,454,31,29,1,1,1,1
30,563000003,88,454,31,29,1,1,1,1
31,563000003,88,454,31,29,1,1,1,1
32,563000003,88,454,31,29,1,1,1,1
33,563000003,88,454,31,29,1,1,1,1
34,563000003,88,454,31,29,1,1,1,1
35,563000003,88,454,31,29,1,1,1,1
36,563000003,88,454,31,29,1,1,1,1
37,563000003,88,454,31,29,1,1,1,1
38,563000003,88,454,31,29,1,1,1,1
39,563000003,88,454,31,29,1,1,1,1
40,563000003,88,454,31,29,1,1,1,1
41,563000003,90,454,31,29,1,1,1,1
42,563000003,90,454,31,29,1,1,1,1
43,563000003,90,454,31,29,1,1,1,1
44,563000003,90,454,31,29,1,1,1,1
45,563000003,90,454,31,29,1,1,1,1
46,563000003,90,454,31,29,1,1,1,1
47,563000003,90,454,31,29,1,1,1,1
48,563000003,90,454,31,29,1,1,1,1
49,563000003,90,454,31,29,1,1,1,1
50,563000003,90,454,31,29,1,1,1,1
51,563000003,90,454,31,29,1,1,1,1
52,563000003,90,454,31,29,1,1,1,1
53,563000003,90,454,31,29,1,1,1,1
54,563000003,90,454,31,29,1,1,1,1
55,563000003,90,454,31,29,1,1,1,1
56,563000003,90,454,31,29,1,1,1,1
57,563000003,91,454,31,29,1,1,1,1
58,563000003,91,454,31,29,1,1,1,1
59,563000003,91,454,31,29,1,1,1,1
60,563000003,91,454,31,29,1,1,1,1
61,563000003,91,454,31,29,1,1,1,1
62,563000003,91,454,31,29,1,1,1,1
63,563000003,91,454,31,29,1,1,1,1
64,563000003,91,454,31,29,1,1,1,1
65,563000003,91,454,31,29,1,1,1,1
66,563000003,91,454,31,29,1,1,1,1
67,563000003,91,454,31,29,1,1,1,1
68,563000003,90,454,31,29,1,1,1,1
69,563000003,90,454,31,29,1,1,1,1
70,563000003,91,454,31,29,1,1,1,1
71,563000003,91,454,31,29,1,1,1,1
72,563000003,91,454,31,29,1,1,1,1
73,563000003,91,454,31,29,1,1,1,1
74,563000003,91,454,31,29,1,1,1,1
75,563000003,91,454,31,29,1,1,1,1
76,563000003,91,454,31,29,1,1,1,1
77,563000003,91,454,31,29,1,1,1,1
78,563000003,91,454,31,29,1,1,1,1
79,563000003,91,454,31,29,1,1,1,1
80,563000003,91,454,31,29,1,1,1,1
81,563000003,91,454,31,29,1,1,1,1
82,563000003,91,454,31,29,1,1,1,1
83,563000003,91,454,31,29,1,1,1,1
84,563000003,91,454,31,29,1,1,1,1
85,563000003,91,454,31,29,1,1,1,1
86,563000003,91,454,31,29,1,1,1,1
87,563000003,91,454,31,29,1,1,1,1
88,563000003,91,454,31,29,1,1,1,1
89,563000003,91,454,31,29,1,1,1,1
90,563000003,91,454,31,29,1,1,1,1
91,563000003,91,454,31,29,1,1,1,1
92,563000003,91,454,31,29,1,1,1,1
93,563000003,91,454,31,29,1,1,1,1
94,563000003,91,454,31,29,1,1,1,1
95,563000003,91,454,31,29,1,1,1,1
96,563000003,91,454,31,29,1,1,1,1
97,563000003,91,454,31,29,1,1,1,1
98,563000003,92,455,31,29,1,1,1,1
99,563000003,92,455,31,29,1,1,1,1
100,563000003,92,455,31,29,1,1,1,1
101,563000003,92,455,31,29,1,1,1,1
102,563000003,92,455,31,29,1,1,1,1
103,563000003,92,455,31,29,1,1,1,1
104,563000003,92,455,31,29,1,1,1,1
105,563000003,92,455,31,29,1,1,1,1
106,563000003,92,455,31,29,1,1,1,1
107,563000003,92,455,31,29,1,1,1,1
108,563000003,93,455,31,29,1,1,1,1
109,563000003,93,455,31,29,1,1,1,1
110,563000003,93,455,31,29,1,1,1,1
111,563000003,93,455,31,29,1,1,1,1
112,563000003,93,455,31,29,1,1,1,1
113,563000003,93,455,31,29,1,1,1,1
114,563000003,93,455,31,29,1,1,1,1
115,563000003,93,455,31,29,1,1,1,1
116,563000003,93,455,31,29,1,1,1,1
117,563000003,93,455,31,29,1,1,1,1
118,563000003,93,455,31,29,1,1,1,1
119,563000003,93,455,31,29,1,1,1,1
120,563000003,93,455,31,29,1,1,1,1
121,563000003,93,455,31,29,1,1,1,1
122,563000003,93,455,31,29,1,1,1,1
123,563000003,93,455,31,29,1,1,1,1
124,563000003,93,455,31,29,1,1,1,1
125,563000003,93,455,31,29,1,1,1,1
126,563000003,93,455,31,29,1,1,1,1
127,563000003,93,455,31,29,1,1,1,1
128,563000003,93,455,31,29,1,1,1,1
129,563000003,93,455,31,29,1,1,1,1
130,563000003,93,455,31,29,1,1,1,1
131,563000003,93,455,31,29,1,1,1,1
132,563000003,93,455,31,29,1,1,1,1
133,563000003,93,455,31,29,1,1,1,1
134,563000003,93,455,31,29,1,1,1,1
135,563000003,93,455,31,29,1,1,1,1
136,563000003,93,455,31,29,1,1,1,1
137,563000003,93,455,31,29,1,1,1,1
138,563000003,93,455,31,29,1,1,1,1
139,563000003,93,455,31,29,1,1,1,1
140,563000003,93,455,31,29,1,1,1,1
141,563000003,93,455,31,29,1,1,1,1
142,563000003,93,455,31,29,1,1,1,1
143,563000003,93,455,31,29,1,1,1,1
144,563000003,93,455,31,29,1,1,1,1
145,563000003,93,455,31,29,1,1,1,1
146,563000003,93,455,31,29,1,1,1,1
147,563000003,93,455,31,29,1,1,1,1
148,563000003,93,455,31,29,1,1,1,1
149,563000003,93,455,31,29,1,1,1,1
150,563000003,93,455,31,29,1,1,1,1
151,563000003,93,455,31,29,1,1,1,1
152,563000003,93,455,31,29,1,1,1,1
153,563000003,93,455,31,29,1,1,1,1
154,563000003,93,455,31,29,1,1,1,1
155,563000003,93,455,31,29,1,1,1,1
156,563000003,93,455,31,29,1,1,1,1
157,563000003,93,455,31,29,1,1,1,1
158,563000003,93,455,31,29,1,1,1,1
159,563000003,93,455,31,29,1,1,1,1
160,563000003,93,455,31,29,1,1,1,1
161,563000003,93,455,31,29,1,1,1,1
162,563000003,93,455,31,29,1,1,1,1
163,563000003,93,455,31,29,1,1,1,1
164,563000003,93,455,31,29,1,1,1,1
165,563000003,93,455,31,29,1,1,1,1
166,563000003,93,455,31,29,1,1,1,1
167,563000003,93,455,31,29,1,1,1,1
168,563000003,93,455,31,29,1,1,1,1
169,563000003,93,455,31,29,1,1,1,1
170,563000003,93,455,31,29,1,1,1,1
171,563000003,93,455,31,29,1,1,1,1
172,563000003,93,455,31,29,1,1,1,1
173,563000003,93,455,31,29,1,1,1,1
174,563000003,93,455,31,29,1,1,1,1
175,563000003,93,455,31,29,1,1,1,1
176,563000003,93,455,31,29,1,1,1,1
177,563000003,93,455,31,29,1,1,1,1
178,563000003,93,455,31,29,1,1,1,1
179,563000003,93,455,31,29,1,1,1,1
180,563000003,93,455,31,29,1,1,1,1
181,563000003,93,455,31,29,1,1,1,1
182,563000003,93,455,31,29,1,1,1,1
183,563000003,93,455,31,29,1,1,1,1
184,563000003,93,455,31,29,1,1,1,1
185,563000003,93,455,31,29,1,1,1,1
186,563000003,93,455,31,29,1,1,1,1
187,563000003,93,455,31,29,1,1,1,1
188,563000003,93,455,31,29,1,1,1,1
189,563000003,94,454,31,29,1,1,1,1
190,563000003,94,454,31,29,1,1,1,1
191,563000003,94,454,31,29,1,1,1,1
192,563000003,94,454,31,29,1,1,1,1
193,563000003,94,454,31,29,1,1,1,1
194,563000003,94,454,31,29,1,1,1,1
195,563000003,94,454,31,29,1,1,1,1
196,563000003,94,454,31,29,1,1,1,1
197,563000003,94,454,31,29,1,1,1,1
198,563000003,94,454,31,29,1,1,1,1
199,563000003,94,454,31,29,1,1,1,1
200,563000003,94,454,31,29,1,1,1,1
201,563000003,94,454,31,29,1,1,1,1
202,563000003,94,454,31,29,1,1,1,1
203,563000003,94,454,31,29,1,1,1,1
204,563000003,94,454,31,29,1,1,1,1
205,563000003,94,454,31,29,1,1,1,1
206,563000003,94,454,31,29,1,1,1,1
207,563000003,94,454,31,29,1,1,1,1
208,563000003,94,454,31,29,1,1,1,1
209,563000003,94,454,31,29,1,1,1,1
210,563000003,94,454,31,29,1,1,1,1
211,563000003,94,454,31,29,1,1,1,1
212,563000003,94,454,31,29,1,1,1,1
213,563000003,94,454,31,29,1,1,1,1
214,563000003,94,454,31,29,1,1,1,1
215,563000003,94,454,31,29,1,1,1,1
216,563000003,94,454,31,29,1,1,1,1
217,563000003,95,454,31,29,1,1,1,1
218,563000003,95,454,31,29,1,1,1,1
219,563000003,95,454,31,29,1,1,1,1
220,563000003,95,454,31,29,1,1,1,1
221,563000003,95,454,31,29,1,1,1,1
222,563000003,95,454,31,29,1,1,1,1
223,563000003,95,454,31,29,1,1,1,1
224,563000003,95,454,31,29,1,1,1,1
225,563000003,96,454,31,29,1,1,1,1
226,563000003,96,454,31,29,1,1,1,1
227,563000003,96,454,31,29,1,1,1,1
228,563000003,96,454,31,29,1,1,1,1
229,563000003,96,454,31,29,1,1,1,1
230,563000003,96,454,31,29,1,1,1,1
231,563000003,96,454,31,29,1,1,1,1
232,563000003,96,454,31,29,1,1,1,1
233,563000003,96,454,31,29,1,1,1,1
234,563000003,96,454,31,29,1,1,1,1
235,563000003,96,454,31,29,1,1,1,1
236,563000003,96,454,31,29,1,1,1,1
237,563000003,96,454,31,29,1,1,1,1
238,563000003,96,454,31,29,1,1,1,1
239,563000003,96,454,31,29,1,1,1,1
240,563000003,96,454,31,29,1,1,1,1
241,563000003,96,454,31,29,1,1,1,1
242,563000003,96,454,31,29,1,1,1,1
243,563000003,96,454,31,29,1,1,1,1
244,563000003,96,454,31,29,1,1,1,1
245,563000003,96,454,31,29,1,1,1,1
246,563000003,96,454,31,29,1,1,1,1
247,563000003,96,454,31,29,1,1,1,1
248,563000003,96,454,31,29,1,1,1,1
249,563000003,96,454,31,29,1,1,1,1
250,563000003,96,454,31,29,1,1,1,1
251,563000003,96,454,31,29,1,1,1,1
252,563000003,96,454,31,29,1,1,1,1
253,563000003,96,454,31,29,1,1,1,1
254,563000003,96,454,31,29,1,1,1,1
255,563000003,96,454,31,29,1,1,1,1
256,563000003,96,454,31,29,1,1,1,1
257,563000003,96,454,31,29,1,1,1,1
258,563000003,96,454,31,29,1,1,1,1
259,563000003,96,454,31,29,1,1,1,1
260,563000003,96,454,31,29,1,1,1,1
261,563000003,96,454,31,29,1,1,1,1
262,563000003,96,454,31,29,1,1,1,1
263,563000003,96,454,31,29,1,1,1,1
264,563000003,96,454,31,29,1,1,1,1
265,563000003,96,454,31,29,1,1,1,1
266,563000003,96,454,31,29,1,1,1,1
267,563000003,96,454,31,29,1,1,1,1
268,563000003,96,454,31,29,1,1,1,1
269,563000003,96,454,31,29,1,1,1,1
270,563000003,96,454,31,29,1,1,1,1
271,563000003,96,454,31,29,1,1,1,1
272,563000003,96,454,31,29,1,1,1,1
273,563000003,96,454,31,29,1,1,1,1
274,563000003,96,454,31,29,1,1,1,1
275,563000003,96,454,31,29,1,1,1,1
276,563000003,96,454,31,29,1,1,1,1
277,563000003,96,454,31,29,1,1,1,1
278,563000003,96,454,31,29,1,1,1,1
279,563000003,96,454,31,29,1,1,1,1
280,563000003,96,453,33,27,1,1,1,1
281,563000003,96,453,33,27,1,1,1,1
282,563000003,96,453,33,27,1,1,1,1
283,563000003,96,453,33,27,1,1,1,1
284,563000003,96,453,33,27,1,1,1,1
285,563000003,96,453,33,27,1,1,1,1
286,563000003,97,453,33,27,1,1,1,1
287,563000003,97,453,33,27,1,1,1,1
288,563000003,97,453,33,27,1,1,1,1
289,563000003,97,453,33,27,1,1,1,1
290,563000003,97,453,33,27,1,1,1,1
291,563000003,97,453,33,27,1,1,1,1
292,563000003,97,453,33,27,1,1,1,1
293,563000003,97,453,33,27,1,1,1,1
294,563000003,97,453,33,27,1,1,1,1
295,563000003,97,453,33,27,1,1,1,1
296,563000003,97,453,33,27,1,1,1,1
297,563000003,97,453,33,27,1,1,1,1
298,563000003,97,453,33,27,1,1,1,1
299,563000003,97,453,33,27,1,1,1,1
300,563000003,97,453,33,27,1,1,1,1
301,563000003,97,453,33,27,1,1,1,1
302,563000003,97,453,33,27,1,1,1,1
303,563000003,97,453,33,27,1,1,1,1
304,563000003,97,453,33,27,1,1,1,1
305,563000003,97,453,33,27,1,1,1,1
306,563000003,97,453,33,27,1,1,1,1
307,563000003,97,453,33,27,1,1,1,1
308,563000003,97,453,33,27,1,1,1,1
309,563000003,97,453,33,27,1,1,1,1
310,563000003,97,453,33,27,1,1,1,1
311,563000003,97,453,33,27,1,1,1,1
312,563000003,97,453,33,27,1,1,1,1
313,563000003,97,453,33,27,1,1,1,1
314,563000003,97,453,33,27,1,1,1,1
315,563000003,97,453,33,27,1,1,1,1
316,563000003,97,453,33,27,1,1,1,1
317,563000003,97,453,33,27,1,1,1,1
318,563000003,97,453,33,27,1,1,1,1
319,563000003,97,453,33,27,1,1,1,1
320,563000003,97,453,33,27,1,1,1,1
321,563000003,97,453,33,27,1,1,1,1
322,563000003,97,453,33,27,1,1,1,1
323,563000003,97,453,33,27,1,1,1,1
324,563000003,97,453,33,27,1,1,1,1
325,563000003,97,453,33,27,1,1,1,1
326,563000003,97,453,33,27,1,1,1,1
327,563000003,97,453,33,27,1,1,1,1
328,563000003,97,453,33,27,1,1,1,1
329,563000003,97,453,33,27,1,1,1,1
330,563000003,97,453,33,27,1,1,1,1
331,563000003,97,453,33,27,1,1,1,1
332,563000003,97,453,33,27,1,1,1,1
333,563000003,97,453,33,27,1,1,1,1
334,563000003,97,453,33,27,1,1,1,1
335,563000003,97,453,33,27,1,1,1,1
336,563000003,97,453,33,27,1,1,1,1
337,563000003,97,453,33,27,1,1,1,1
338,563000003,97,453,33,27,1,1,1,1
339,563000003,97,453,33,27,1,1,1,1
340,563000003,97,453,33,27,1,1,1,1
341,563000003,97,453,33,27,1,1,1,1
342,563000003,97,453,33,27,1,1,1,1
343,563000003,98,453,33,27,1,1,1,1
344,563000003,98,453,33,27,1,1,1,1
345,563000003,98,453,33,27,1,1,1,1
346,563000003,98,453,33,27,1,1,1,1
347,563000003,98,453,33,27,1,1,1,1
348,563000003,98,453,33,27,1,1,1,1
349,563000003,98,453,33,27,1,1,1,1
350,563000003,99,454,33,27,1,1,1,1
351,563000003,99,454,33,27,1,1,1,1
352,563000003,99,454,33,27,1,1,1,1
353,563000003,99,454,33,27,1,1,1,1
354,563000003,99,454,33,27,1,1,1,1
355,563000003,99,454,33,27,1,1,1,1
356,563000003,99,454,33,27,1,1,1,1
357,563000003,99,454,33,27,1,1,1,1
358,563000003,99,454,33,27,1,1,1,1
359,563000003,99,454,33,27,1,1,1,1
360,563000003,99,454,33,27,1,1,1,1
361,563000003,99,454,33,27,1,1,1,1
362,563000003,99,454,33,27,1,1,1,1
363,563000003,99,454,33,27,1,1,1,1
364,563000003,99,454,33,27,1,1,1,1
365,563000003,99,454,33,27,1,1,1,1
366,563000003,99,454,33,27,1,1,1,1
367,563000003,99,454,33,27,1,1,1,1
368,563000003,99,454,33,27,1,1,1,1
369,563000003,99,454,33,27,1,1,1,1
370,563000003,99,454,33,27,1,1,1,1
371,563000003,99,454,33,27,1,1,1,1
372,563000003,99,454,33,27,1,1,1,1
373,563000003,99,454,33,27,1,1,1,1
374,563000003,99,454,33,27,1,1,1,1
375,563000003,99,454,33,27,1,1,1,1
376,563000003,100,454,33,27,1,1,1,1
377,563000003,100,454,33,27,1,1,1,1
378,563000003,100,454,33,27,1,1,1,1
379,563000003,100,454,33,27,1,1,1,1
380,563000003,100,454,33,27,1,1,1,1
381,563000003,100,454,33,27,1,1,1,1
382,563000003,100,454,33,27,1,1,1,1
383,563000003,101,454,33,27,1,1,1,1
384,563000003,101,454,33,27,1,1,1,1
385,563000003,101,454,33,27,1,1,1,1
386,563000003,101,454,33,27,1,1,1,1
387,563000003,101,454,33,27,1,1,1,1
388,563000003,101,454,33,27,1,1,1,1
389,563000003,101,454,33,27,1,1,1,1
390,563000003,101,454,33,27,1,1,1,1
391,563000003,101,454,33,27,1,1,1,1
392,563000003,101,454,33,27,1,1,1,1
393,563000003,101,454,33,27,1,1,1,1
394,563000003,101,454,33,27,1,1,1,1
395,563000003,101,454,33,27,1,1,1,1
396,563000003,101,454,33,27,1,1,1,1
397,563000003,101,454,33,27,1,1,1,1
398,563000003,101,454,33,27,1,1,1,1
399,563000003,101,454,33,27,1,1,1,1
400,563000003,101,454,33,27,1,1,1,1
401,563000003,101,454,33,27,1,1,1,1
402,563000003,101,454,33,27,1,1,1,1
403,563000003,101,454,33,27,1,1,1,1
404,563000003,101,454,33,27,1,1,1,1
405,563000003,101,454,33,27,1,1,1,1
406,563000003,101,454,33,27,1,1,1,1
407,563000003,101,454,33,27,1,1,1,1
408,563000003,101,454,33,27,1,1,1,1
409,563000003,101,454,33,27,1,1,1,1
410,563000003,101,454,33,27,1,1,1,1
411,563000003,101,454,33,27,1,1,1,1
412,563000003,101,454,33,27,1,1,1,1
413,563000003,101,454,33,27,1,1,1,1
414,563000003,101,454,33,27,1,1,1,1
415,563000003,101,454,33,27,1,1,1,1
416,563000003,101,454,33,27,1,1,1,1
417,563000003,101,454,33,27,1,1,1,1
418,563000003,101,454,33,27,1,1,1,1
419,563000003,101,454,33,27,1,1,1,1
420,563000003,101,454,33,27,1,1,1,1
421,563000003,101,454,33,27,1,1,1,1
422,563000003,101,454,33,27,1,1,1,1
423,563000003,101,454,33,27,1,1,1,1
424,563000003,101,454,33,27,1,1,1,1
425,563000003,102,454,33,27,1,1,1,1
426,563000003,102,454,33,27,1,1,1,1
427,563000003,102,454,33,27,1,1,1,1
428,563000003,102,454,33,27,1,1,1,1
429,563000003,102,454,33,27,1,1,1,1
430,563000003,102,454,33,27,1,1,1,1
431,563000003,102,454,33,27,1,1,1,1
432,563000003,102,454,33,27,1,1,1,1
433,563000003,102,454,33,27,1,1,1,1
434,563000003,102,454,33,27,1,1,1,1
435,563000003,102,454,33,27,1,1,1,1
436,563000003,102,454,33,27,1,1,1,1
437,563000003,102,454,33,27,1,1,1,1
438,563000003,102,454,33,27,1,1,1,1
439,563000003,102,454,33,27,1,1,1,1
440,563000003,102,454,33,27,1,1,1,1
441,563000003,102,454,33,27,1,1,1,1
442,563000003,102,454,33,27,1,1,1,1
443,563000003,102,454,33,27,1,1,1,1
444,563000003,102,454,33,27,1,1,1,1
445,563000003,102,454,33,27,1,1,1,1
446,563000003,101,454,33,27,1,1,1,1
447,563000003,101,454,33,27,1,1,1,1
448,563000003,101,454,33,27,1,1,1,1
449,563000003,101,454,33,27,1,1,1,1
450,563000003,101,454,33,27,1,1,1,1
451,563000003,101,454,33,27,1,1,1,1
452,563000003,101,454,33,27,1,1,1,1
453,563000003,101,454,33,27,1,1,1,1
454,563000003,101,454,33,27,1,1,1,1
455,563000003,101,454,33,27,1,1,1,1
456,563000003,101,454,33,27,1,1,1,1
457,563000003,101,454,33,27,1,1,1,1
458,563000003,101,454,33,27,1,1,1,1
459,563000003,102,454,33,27,1,1,1,1
460,563000003,102,454,33,27,1,1,1,1
461,563000003,102,454,33,27,1,1,1,1
462,563000003,102,454,33,27,1,1,1,1
463,563000003,102,454,33,27,1,1,1,1
464,563000003,102,454,33,27,1,1,1,1
465,563000003,102,454,33,27,1,1,1,1
466,563000003,102,454,33,27,1,1,1,1
467,563000003,102,454,33,27,1,1,1,1
468,563000003,102,454,33,27,1,1,1,1
469,563000003,102,454,33,27,1,1,1,1
470,563000003,102,454,33,27,1,1,1,1
471,563000003,102,454,33,27,1,1,1,1
472,563000003,102,454,33,27,1,1,1,1
473,563000003,102,454,33,27,1,1,1,1
474,563000003,102,454,33,27,1,1,1,1
475,563000003,102,454,33,27,1,1,1,1
476,563000003,102,454,33,27,1,1,1,1
477,563000003,102,454,33,27,1,1,1,1
478,563000003,102,454,33,27,1,1,1,1
479,563000003,102,454,33,27,1,1,1,1
480,563000003,102,454,33,27,1,1,1,1
481,563000003,102,454,33,27,1,1,1,1
482,563000003,102,454,33,27,1,1,1,1
483,563000003,102,454,33,27,1,1,1,1
484,563000003,102,454,33,27,1,1,1,1
485,563000003,102,454,33,27,1,1,1,1
486,563000003,102,454,33,27,1,1,1,1
487,563000003,102,454,33,27,1,1,1,1
488,563000003,102,454,33,27,1,1,1,1
489,563000003,102,454,33,27,1,1,1,1
490,563000003,102,454,33,27,1,1,1,1
491,563000003,102,454,33,27,1,1,1,1
492,563000003,102,454,33,27,1,1,1,1
493,563000003,102,454,33,27,1,1,1,1
494,563000003,102,454,33,27,1,1,1,1
495,563000003,102,454,33,27,1,1,1,1
496,563000003,102,454,33,27,1,1,1,1
497,563000003,102,454,33,27,1,1,1,1
498,563000003,102,454,33,27,1,1,1,1
499,563000003,102,454,33,27,1,1,1,1
500,563000003,102,454,33,27,1,1,1,1
501,563000003,102,454,33,27,1,1,1,1
502,563000003,102,454,33,27,1,1,1,1
503,563000003,102,454,33,27,1,1,1,1
504,563000003,102,454,33,27,1,1,1,1
505,563000003,102,454,33,27,1,1,1,1
506,563000003,102,454,33,27,1,1,1,1
507,563000003,102,454,33,27,1,1,1,1
508,563000003,102,454,33,27,1,1,1,1
509,563000003,102,454,33,27,1,1,1,1
510,563000003,102,454,33,27,1,1,1,1
511,563000003,102,454,33,27,1,1,1,1
512,563000003,102,454,33,27,1,1,1,1
513,563000003,102,454,33,27,1,1,1,1
514,563000003,102,454,33,27,1,1,1,1
515,563000003,102,454,33,27,1,1,1,1
516,563000003,102,454,33,27,1,1,1,1
517,563000003,102,454,33,27,1,1,1,1
518,563000003,102,454,33,27,1,1,1,1
519,563000003,102,454,33,27,1,1,1,1
520,563000003,102,454,33,27,1,1,1,1
521,563000003,102,454,33,27,1,1,1,1
522,563000003,102,454,33,27,1,1,1,1
523,563000003,102,454,33,27,1,1,1,1
524,563000003,102,454,33,27,1,1,1,1
525,563000003,102,454,33,27,1,1,1,1
526,563000003,102,454,33,27,1,1,1,1
527,563000003,102,454,33,27,1,1,1,1
528,563000003,102,454,33,27,1,1,1,1
529,563000003,102,454,33,27,1,1,1,1
530,563000003,102,454,33,27,1,1,1,1
531,563000003,103,454,33,27,1,1,1,1
532,563000003,103,454,33,27,1,1,1,1
533,563000003,103,454,33,27,1,1,1,1
534,563000003,103,454,33,27,1,1,1,1
535,563000003,103,454,33,27,1,1,1,1
536,563000003,103,454,33,27,1,1,1,1
537,563000003,103,454,33,27,1,1,1,1
538,563000003,103,454,33,27,1,1,1,1
539,563000003,103,454,33,27,1,1,1,1
540,563000003,103,454,33,27,1,1,1,1
541,563000003,103,454,33,27,1,1,1,1
542,563000003,103,454,33,27,1,1,1,1
543,563000003,103,454,33,27,1,1,1,1
544,563000003,103,454,33,27,1,1,1,1
545,563000003,103,454,33,27,1,1,1,1
546,563000003,103,454,33,27,1,1,1,1
547,563000003,103,454,33,27,1,1,1,1
548,563000003,103,454,33,27,1,1,1,1
549,563000003,103,454,33,27,1,1,1,1
550,563000003,103,454,33,27,1,1,1,1
551,563000003,103,454,33,27,1,1,1,1
552,563000003,103,454,33,27,1,1,1,1
553,563000003,103,454,33,27,1,1,1,1
554,563000003,105,454,33,27,1,1,1,1
555,563000003,105,454,33,27,1,1,1,1
556,563000003,105,454,33,27,1,1,1,1
557,563000003,105,454,33,27,1,1,1,1
558,563000003,105,454,33,27,1,1,1,1
559,563000003,105,454,33,27,1,1,1,1
560,563000003,105,454,33,27,1,1,1,1
561,563000003,105,454,33,27,1,1,1,1
562,563000003,105,454,33,27,1,1,1,1
563,563000003,105,454,33,27,1,1,1,1
564,563000003,105,454,33,27,1,1,1,1
565,563000003,105,454,33,27,1,1,1,1
566,563000003,105,454,33,27,1,1,1,1
567,563000003,105,454,33,27,1,1,1,1
568,563000003,105,454,33,27,1,1,1,1
569,563000003,105,454,33,27,1,1,1,1
570,563000003,105,454,33,27,1,1,1,1
571,563000003,105,454,33,27,1,1,1,1
572,563000003,105,454,33,27,1,1,1,1
573,563000003,106,454,33,27,1,1,1,1
574,563000003,106,454,33,27,1,1,1,1
575,563000003,106,454,33,27,1,1,1,1
576,563000003,106,454,33,27,1,1,1,1
577,563000003,106,454,33,27,1,1,1,1
578,563000003,106,454,33,27,1,1,1,1
579,563000003,106,454,33,27,1,1,1,1
580,563000003,106,454,33,27,1,1,1,1
581,563000003,106,454,33,27,1,1,1,1
582,563000003,106,454,33,27,1,1,1,1
583,563000003,106,454,33,27,1,1,1,1
584,563000003,106,454,33,27,1,1,1,1
585,563000003,106,454,33,27,1,1,1,1
586,563000003,106,454,33,27,1,1,1,1
587,563000003,106,454,33,27,1,1,1,1
588,563000003,106,454,33,27,1,1,1,1
589,563000003,106,454,33,27,1,1,1,1
590,563000003,106,454,33,27,1,1,1,1
591,563000003,106,454,33,27,1,1,1,1
592,563000003,106,454,33,27,1,1,1,1
593,563000003,106,454,33,27,1,1,1,1
594,563000003,106,454,33,27,1,1,1,1
595,563000003,105,454,33,27,1,1,1,1
596,563000003,105,454,33,27,1,1,1,1
597,563000003,105,454,33,27,1,1,1,1
598,563000003,105,454,33,27,1,1,1,1
599,563000003,105,454,33,27,1,1,1,1
600,563000003,105,454,33,27,1,1,1,1
1,563000004,146,432,151,45,1,1,1,1
2,563000004,146,432,151,45,1,1,1,1
3,563000004,146,432,151,45,1,1,1,1
4,563000004,146,432,151,45,1,1,1,1
5,563000004,146,432,151,45,1,1,1,1
6,563000004,146,432,151,45,1,1,1,1
7,563000004,149,432,154,45,1,1,1,1
8,563000004,149,432,154,45,1,1,1,1
9,563000004,149,432,154,45,1,1,1,1
10,563000004,149,432,154,45,1,1,1,1
11,563000004,149,432,154,45,1,1,1,1
12,563000004,149,432,154,45,1,1,1,1
13,563000004,149,432,154,45,1,1,1,1
14,563000004,149,432,158,45,1,1,1,1
15,563000004,149,432,158,45,1,1,1,1
16,563000004,149,432,158,45,1,1,1,1
17,563000004,149,432,158,45,1,1,1,1
18,563000004,149,432,158,45,1,1,1,1
19,563000004,149,432,162,45,1,1,1,1
20,563000004,149,432,162,45,1,1,1,1
21,563000004,149,432,162,45,1,1,1,1
22,563000004,149,432,162,45,1,1,1,1
23,563000004,149,432,162,45,1,1,1,1
24,563000004,149,432,162,45,1,1,1,1
25,563000004,149,432,162,45,1,1,1,1
26,563000004,149,432,162,45,1,1,1,1
27,563000004,151,432,166,45,1,1,1,1
28,563000004,151,432,166,45,1,1,1,1
29,563000004,151,432,166,45,1,1,1,1
30,563000004,151,432,166,45,1,1,1,1
31,563000004,151,432,169,45,1,1,1,1
32,563000004,151,432,169,45,1,1,1,1
33,563000004,151,432,169,45,1,1,1,1
34,563000004,151,432,169,45,1,1,1,1
35,563000004,151,432,169,45,1,1,1,1
36,563000004,151,432,169,45,1,1,1,1
37,563000004,151,432,169,45,1,1,1,1
38,563000004,151,432,169,45,1,1,1,1
39,563000004,151,432,173,45,1,1,1,1
40,563000004,151,432,173,45,1,1,1,1
41,563000004,151,432,173,45,1,1,1,1
42,563000004,151,432,173,45,1,1,1,1
43,563000004,151,432,173,45,1,1,1,1
44,563000004,151,432,173,45,1,1,1,1
45,563000004,151,432,173,45,1,1,1,1
46,563000004,151,432,173,45,1,1,1,1
47,563000004,151,432,173,45,1,1,1,1
48,563000004,151,432,173,45,1,1,1,1
49,563000004,151,432,173,45,1,1,1,1
50,563000004,151,432,175,45,1,1,1,1
51,563000004,151,432,175,45,1,1,1,1
52,563000004,151,432,175,45,1,1,1,1
53,563000004,151,432,175,45,1,1,1,1
54,563000004,151,432,175,45,1,1,1,1
55,563000004,151,432,175,45,1,1,1,1
56,563000004,151,432,175,45,1,1,1,1
57,563000004,151,432,175,45,1,1,1,1
58,563000004,151,432,175,45,1,1,1,1
59,563000004,151,432,175,45,1,1,1,1
60,563000004,151,432,175,45,1,1,1,1
61,563000004,151,433,178,45,1,1,1,1
62,563000004,151,433,178,45,1,1,1,1
63,563000004,150,434,178,45,1,1,1,1
64,563000004,150,434,178,45,1,1,1,1
65,563000004,150,434,178,45,1,1,1,1
66,563000004,150,434,178,45,1,1,1,1
67,563000004,150,434,178,45,1,1,1,1
68,563000004,150,434,178,45,1,1,1,1
69,563000004,150,434,178,45,1,1,1,1
70,563000004,150,434,178,45,1,1,1,1
71,563000004,150,434,178,45,1,1,1,1
72,563000004,150,434,178,45,1,1,1,1
73,563000004,150,434,178,45,1,1,1,1
74,563000004,150,434,178,45,1,1,1,1
75,563000004,150,434,178,45,1,1,1,1
76,563000004,150,434,178,45,1,1,1,1
77,563000004,150,434,178,45,1,1,1,1
78,563000004,150,434,178,45,1,1,1,1
79,563000004,150,434,178,45,1,1,1,1
80,563000004,150,434,178,45,1,1,1,1
81,563000004,150,434,178,45,1,1,1,1
82,563000004,150,434,178,45,1,1,1,1
83,563000004,150,434,178,45,1,1,1,1
84,563000004,150,434,178,45,1,1,1,1
85,563000004,150,434,178,45,1,1,1,1
86,563000004,150,434,178,45,1,1,1,1
87,563000004,150,434,178,45,1,1,1,1
88,563000004,150,434,178,45,1,1,1,1
89,563000004,150,434,178,45,1,1,1,1
90,563000004,150,434,178,45,1,1,1,1
91,563000004,150,434,178,45,1,1,1,1
92,563000004,150,434,178,45,1,1,1,1
93,563000004,150,434,178,45,1,1,1,1
94,563000004,150,434,178,45,1,1,1,1
95,563000004,150,434,178,45,1,1,1,1
96,563000004,150,434,178,45,1,1,1,1
97,563000004,150,434,178,45,1,1,1,1
98,563000004,150,434,178,45,1,1,1,1
99,563000004,150,434,178,45,1,1,1,1
100,563000004,151,434,178,45,1,1,1,1
101,563000004,151,434,178,45,1,1,1,1
102,563000004,151,434,178,45,1,1,1,1
103,563000004,151,434,178,45,1,1,1,1
104,563000004,151,434,178,45,1,1,1,1
105,563000004,151,434,178,45,1,1,1,1
106,563000004,151,434,178,45,1,1,1,1
107,563000004,151,434,178,45,1,1,1,1
108,563000004,151,434,178,45,1,1,1,1
109,563000004,151,434,178,45,1,1,1,1
110,563000004,151,434,178,45,1,1,1,1
111,563000004,151,434,178,45,1,1,1,1
112,563000004,151,434,178,45,1,1,1,1
113,563000004,151,434,178,45,1,1,1,1
114,563000004,151,434,178,45,1,1,1,1
115,563000004,151,434,178,45,1,1,1,1
116,563000004,151,434,178,45,1,1,1,1
117,563000004,151,434,178,45,1,1,1,1
118,563000004,151,434,178,45,1,1,1,1
119,563000004,151,434,178,45,1,1,1,1
120,563000004,151,434,178,45,1,1,1,1
121,563000004,151,434,178,45,1,1,1,1
122,563000004,151,434,178,45,1,1,1,1
123,563000004,151,434,178,45,1,1,1,1
124,563000004,151,434,178,45,1,1,1,1
125,563000004,151,434,178,45,1,1,1,1
126,563000004,151,434,178,45,1,1,1,1
127,563000004,151,434,178,45,1,1,1,1
128,563000004,151,434,178,45,1,1,1,1
129,563000004,151,434,178,45,1,1,1,1
130,563000004,151,434,178,45,1,1,1,1
131,563000004,151,434,178,45,1,1,1,1
132,563000004,151,434,178,45,1,1,1,1
133,563000004,151,434,178,45,1,1,1,1
134,563000004,151,434,178,45,1,1,1,1
135,563000004,151,434,178,45,1,1,1,1
136,563000004,151,434,178,45,1,1,1,1
137,563000004,151,434,178,45,1,1,1,1
138,563000004,151,434,178,45,1,1,1,1
139,563000004,151,434,178,45,1,1,1,1
140,563000004,151,434,178,45,1,1,1,1
141,563000004,151,434,178,45,1,1,1,1
142,563000004,151,434,178,45,1,1,1,1
143,563000004,151,434,178,45,1,1,1,1
144,563000004,151,434,178,45,1,1,1,1
145,563000004,151,434,178,45,1,1,1,1
146,563000004,151,434,178,45,1,1,1,1
147,563000004,151,434,178,45,1,1,1,1
148,563000004,151,434,178,45,1,1,1,1
149,563000004,151,434,178,45,1,1,1,1
150,563000004,151,434,178,45,1,1,1,1
151,563000004,151,434,178,45,1,1,1,1
152,563000004,151,434,178,45,1,1,1,1
153,563000004,151,434,178,45,1,1,1,1
154,563000004,151,434,178,45,1,1,1,1
155,563000004,151,434,178,45,1,1,1,1
156,563000004,151,434,178,45,1,1,1,1
157,563000004,151,434,178,45,1,1,1,1
158,563000004,151,434,178,45,1,1,1,1
159,563000004,151,434,178,45,1,1,1,1
160,563000004,151,434,178,45,1,1,1,1
161,563000004,151,434,178,45,1,1,1,1
162,563000004,151,434,178,45,1,1,1,1
163,563000004,151,434,178,45,1,1,1,1
164,563000004,151,434,178,45,1,1,1,1
165,563000004,151,434,178,45,1,1,1,1
166,563000004,151,434,178,45,1,1,1,1
167,563000004,151,434,178,45,1,1,1,1
168,563000004,151,434,178,45,1,1,1,1
169,563000004,151,434,178,45,1,1,1,1
170,563000004,151,434,178,45,1,1,1,1
171,563000004,151,434,178,45,1,1,1,1
172,563000004,151,434,178,45,1,1,1,1
173,563000004,151,434,178,45,1,1,1,1
174,563000004,151,434,178,45,1,1,1,1
175,563000004,151,434,178,45,1,1,1,1
176,563000004,151,434,178,45,1,1,1,1
177,563000004,151,434,178,45,1,1,1,1
178,563000004,151,434,178,45,1,1,1,1
179,563000004,151,434,178,45,1,1,1,1
180,563000004,151,434,178,45,1,1,1,1
181,563000004,151,434,178,45,1,1,1,1
182,563000004,151,434,178,45,1,1,1,1
183,563000004,151,434,178,45,1,1,1,1
184,563000004,151,434,178,45,1,1,1,1
185,563000004,151,434,178,45,1,1,1,1
186,563000004,150,433,178,45,1,1,1,1
187,563000004,150,433,178,45,1,1,1,1
188,563000004,150,433,178,45,1,1,1,1
189,563000004,150,433,178,45,1,1,1,1
190,563000004,150,433,178,45,1,1,1,1
191,563000004,150,433,178,45,1,1,1,1
192,563000004,150,433,178,45,1,1,1,1
193,563000004,150,433,178,45,1,1,1,1
194,563000004,150,433,178,45,1,1,1,1
195,563000004,150,433,178,45,1,1,1,1
196,563000004,150,433,178,45,1,1,1,1
197,563000004,150,433,178,45,1,1,1,1
198,563000004,150,433,178,45,1,1,1,1
199,563000004,150,433,178,45,1,1,1,1
200,563000004,150,433,178,45,1,1,1,1
201,563000004,150,433,178,45,1,1,1,1
202,563000004,150,433,178,45,1,1,1,1
203,563000004,150,433,178,45,1,1,1,1
204,563000004,150,433,178,45,1,1,1,1
205,563000004,150,433,178,45,1,1,1,1
206,563000004,150,433,178,45,1,1,1,1
207,563000004,150,433,178,45,1,1,1,1
208,563000004,150,433,178,45,1,1,1,1
209,563000004,150,433,178,45,1,1,1,1
210,563000004,150,433,178,45,1,1,1,1
211,563000004,150,433,178,45,1,1,1,1
212,563000004,150,433,178,45,1,1,1,1
213,563000004,150,433,178,45,1,1,1,1
214,563000004,151,433,178,45,1,1,1,1
215,563000004,151,433,178,45,1,1,1,1
216,563000004,151,433,178,45,1,1,1,1
217,563000004,151,433,178,45,1,1,1,1
218,563000004,151,433,178,45,1,1,1,1
219,563000004,151,433,178,45,1,1,1,1
220,563000004,151,433,178,45,1,1,1,1
221,563000004,151,433,178,45,1,1,1,1
222,563000004,151,433,178,45,1,1,1,1
223,563000004,151,433,178,45,1,1,1,1
224,563000004,151,433,178,45,1,1,1,1
225,563000004,151,433,178,45,1,1,1,1
226,563000004,151,433,178,45,1,1,1,1
227,563000004,151,433,178,45,1,1,1,1
228,563000004,151,433,178,45,1,1,1,1
229,563000004,151,433,178,45,1,1,1,1
230,563000004,151,433,178,45,1,1,1,1
231,563000004,151,433,178,45,1,1,1,1
232,563000004,151,433,178,45,1,1,1,1
233,563000004,151,433,178,45,1,1,1,1
234,563000004,151,433,178,45,1,1,1,1
235,563000004,151,434,178,45,1,1,1,1
236,563000004,151,434,178,45,1,1,1,1
237,563000004,151,434,178,45,1,1,1,1
238,563000004,151,434,178,45,1,1,1,1
239,563000004,151,434,178,45,1,1,1,1
240,563000004,151,434,178,45,1,1,1,1
241,563000004,151,434,178,45,1,1,1,1
242,563000004,150,434,178,45,1,1,1,1
243,563000004,150,434,178,45,1,1,1,1
244,563000004,150,434,178,45,1,1,1,1
245,563000004,150,434,178,45,1,1,1,1
246,563000004,150,434,178,45,1,1,1,1
247,563000004,150,434,178,45,1,1,1,1
248,563000004,150,434,178,45,1,1,1,1
249,563000004,150,434,178,45,1,1,1,1
250,563000004,150,434,178,45,1,1,1,1
251,563000004,150,434,178,45,1,1,1,1
252,563000004,150,434,178,45,1,1,1,1
253,563000004,151,434,178,45,1,1,1,1
254,563000004,151,434,178,45,1,1,1,1
255,563000004,151,434,178,45,1,1,1,1
256,563000004,151,434,178,45,1,1,1,1
257,563000004,151,434,178,45,1,1,1,1
258,563000004,151,434,178,45,1,1,1,1
259,563000004,151,434,178,45,1,1,1,1
260,563000004,151,434,178,45,1,1,1,1
261,563000004,151,434,178,45,1,1,1,1
262,563000004,151,434,178,45,1,1,1,1
263,563000004,151,434,178,45,1,1,1,1
264,563000004,151,434,178,45,1,1,1,1
265,563000004,151,434,178,45,1,1,1,1
266,563000004,151,434,178,45,1,1,1,1
267,563000004,151,434,178,45,1,1,1,1
268,563000004,151,434,178,45,1,1,1,1
269,563000004,151,434,178,45,1,1,1,1
270,563000004,151,434,178,45,1,1,1,1
271,563000004,151,434,178,45,1,1,1,1
272,563000004,151,434,178,45,1,1,1,1
273,563000004,151,434,178,45,1,1,1,1
274,563000004,151,434,178,45,1,1,1,1
275,563000004,151,434,178,45,1,1,1,1
276,563000004,151,434,178,45,1,1,1,1
277,563000004,151,434,178,45,1,1,1,1
278,563000004,151,434,178,45,1,1,1,1
279,563000004,151,434,178,45,1,1,1,1
280,563000004,148,430,182,51,1,1,1,1
281,563000004,148,430,182,51,1,1,1,1
282,563000004,148,430,182,51,1,1,1,1
283,563000004,148,430,182,51,1,1,1,1
284,563000004,148,430,182,51,1,1,1,1
285,563000004,148,430,182,51,1,1,1,1
286,563000004,148,430,182,51,1,1,1,1
287,563000004,148,430,182,51,1,1,1,1
288,563000004,148,430,182,51,1,1,1,1
289,563000004,148,430,182,51,1,1,1,1
290,563000004,148,430,182,51,1,1,1,1
291,563000004,148,430,182,51,1,1,1,1
292,563000004,148,430,182,51,1,1,1,1
293,563000004,148,430,182,51,1,1,1,1
294,563000004,148,430,182,51,1,1,1,1
295,563000004,148,430,182,51,1,1,1,1
296,563000004,148,430,182,51,1,1,1,1
297,563000004,148,430,182,51,1,1,1,1
298,563000004,148,430,182,51,1,1,1,1
299,563000004,148,430,182,51,1,1,1,1
300,563000004,148,430,182,51,1,1,1,1
301,563000004,148,430,182,51,1,1,1,1
302,563000004,148,430,182,51,1,1,1,1
303,563000004,148,430,182,51,1,1,1,1
304,563000004,148,430,182,51,1,1,1,1
305,563000004,148,430,182,51,1,1,1,1
306,563000004,148,430,182,51,1,1,1,1
307,563000004,148,430,182,51,1,1,1,1
308,563000004,148,430,182,51,1,1,1,1
309,563000004,148,430,182,51,1,1,1,1
310,563000004,148,430,182,51,1,1,1,1
311,563000004,148,430,182,51,1,1,1,1
312,563000004,148,430,182,51,1,1,1,1
313,563000004,148,430,182,51,1,1,1,1
314,563000004,148,430,182,51,1,1,1,1
315,563000004,148,430,182,51,1,1,1,1
316,563000004,148,430,182,51,1,1,1,1
317,563000004,148,430,182,51,1,1,1,1
318,563000004,148,430,182,51,1,1,1,1
319,563000004,148,430,182,51,1,1,1,1
320,563000004,148,430,182,51,1,1,1,1
321,563000004,148,430,182,51,1,1,1,1
322,563000004,148,430,182,51,1,1,1,1
323,563000004,148,430,182,51,1,1,1,1
324,563000004,148,430,182,51,1,1,1,1
325,563000004,148,430,182,51,1,1,1,1
326,563000004,148,430,182,51,1,1,1,1
327,563000004,148,430,182,51,1,1,1,1
328,563000004,148,430,182,51,1,1,1,1
329,563000004,148,430,182,51,1,1,1,1
330,563000004,148,430,182,51,1,1,1,1
331,563000004,148,430,182,51,1,1,1,1
332,563000004,148,430,182,51,1,1,1,1
333,563000004,148,430,182,51,1,1,1,1
334,563000004,148,430,182,51,1,1,1,1
335,563000004,148,430,182,51,1,1,1,1
336,563000004,148,430,182,51,1,1,1,1
337,563000004,148,430,182,51,1,1,1,1
338,563000004,148,430,182,51,1,1,1,1
339,563000004,148,430,182,51,1,1,1,1
340,563000004,148,430,182,51,1,1,1,1
341,563000004,148,430,182,51,1,1,1,1
342,563000004,148,430,182,51,1,1,1,1
343,563000004,148,430,182,51,1,1,1,1
344,563000004,148,430,182,51,1,1,1,1
345,563000004,148,430,182,51,1,1,1,1
346,563000004,148,430,182,51,1,1,1,1
347,563000004,148,430,182,51,1,1,1,1
348,563000004,148,430,182,51,1,1,1,1
349,563000004,148,430,182,51,1,1,1,1
350,563000004,148,430,182,51,1,1,1,1
351,563000004,148,430,182,51,1,1,1,1
352,563000004,148,430,182,51,1,1,1,1
353,563000004,148,430,182,51,1,1,1,1
354,563000004,148,430,182,51,1,1,1,1
355,563000004,148,430,182,51,1,1,1,1
356,563000004,148,430,182,51,1,1,1,1
357,563000004,148,430,182,51,1,1,1,1
358,563000004,149,430,182,51,1,1,1,1
359,563000004,149,430,182,51,1,1,1,1
360,563000004,149,430,182,51,1,1,1,1
361,563000004,149,430,182,51,1,1,1,1
362,563000004,149,430,182,51,1,1,1,1
363,563000004,149,430,182,51,1,1,1,1
364,563000004,149,430,182,51,1,1,1,1
365,563000004,149,430,182,51,1,1,1,1
366,563000004,149,430,182,51,1,1,1,1
367,563000004,149,430,182,51,1,1,1,1
368,563000004,149,430,182,51,1,1,1,1
369,563000004,149,430,182,51,1,1,1,1
370,563000004,149,430,182,51,1,1,1,1
371,563000004,149,430,182,51,1,1,1,1
372,563000004,149,430,182,51,1,1,1,1
373,563000004,149,430,182,51,1,1,1,1
374,563000004,149,430,182,51,1,1,1,1
375,563000004,149,430,182,51,1,1,1,1
376,563000004,149,430,182,51,1,1,1,1
377,563000004,149,430,182,51,1,1,1,1
378,563000004,149,430,182,51,1,1,1,1
379,563000004,149,430,182,51,1,1,1,1
380,563000004,149,430,182,51,1,1,1,1
381,563000004,149,430,182,51,1,1,1,1
382,563000004,149,430,182,51,1,1,1,1
383,563000004,149,430,182,51,1,1,1,1
384,563000004,149,430,182,51,1,1,1,1
385,563000004,149,430,182,51,1,1,1,1
386,563000004,149,430,182,51,1,1,1,1
387,563000004,149,430,182,51,1,1,1,1
388,563000004,149,430,182,51,1,1,1,1
389,563000004,149,430,182,51,1,1,1,1
390,563000004,149,430,182,51,1,1,1,1
391,563000004,149,430,182,51,1,1,1,1
392,563000004,149,430,182,51,1,1,1,1
393,563000004,149,430,182,51,1,1,1,1
394,563000004,149,430,182,51,1,1,1,1
395,563000004,149,430,182,51,1,1,1,1
396,563000004,149,430,182,51,1,1,1,1
397,563000004,149,430,182,51,1,1,1,1
398,563000004,149,430,182,51,1,1,1,1
399,563000004,149,430,182,51,1,1,1,1
400,563000004,149,430,182,51,1,1,1,1
401,563000004,149,430,182,51,1,1,1,1
402,563000004,149,430,182,51,1,1,1,1
403,563000004,149,430,182,51,1,1,1,1
404,563000004,149,430,182,51,1,1,1,1
405,563000004,149,430,182,51,1,1,1,1
406,563000004,149,430,182,51,1,1,1,1
407,563000004,149,430,182,51,1,1,1,1
408,563000004,149,430,182,51,1,1,1,1
409,563000004,149,430,182,51,1,1,1,1
410,563000004,149,430,182,51,1,1,1,1
411,563000004,149,430,182,51,1,1,1,1
412,563000004,149,430,182,51,1,1,1,1
413,563000004,149,430,182,51,1,1,1,1
414,563000004,149,430,182,51,1,1,1,1
415,563000004,149,430,182,51,1,1,1,1
416,563000004,149,430,182,51,1,1,1,1
417,563000004,149,430,182,51,1,1,1,1
418,563000004,149,430,182,51,1,1,1,1
419,563000004,149,430,182,51,1,1,1,1
420,563000004,149,430,182,51,1,1,1,1
421,563000004,149,430,182,51,1,1,1,1
422,563000004,149,430,182,51,1,1,1,1
423,563000004,149,430,182,51,1,1,1,1
424,563000004,149,430,182,51,1,1,1,1
425,563000004,150,430,182,51,1,1,1,1
426,563000004,150,430,182,51,1,1,1,1
427,563000004,150,430,182,51,1,1,1,1
428,563000004,150,430,182,51,1,1,1,1
429,563000004,150,430,182,51,1,1,1,1
430,563000004,150,430,182,51,1,1,1,1
431,563000004,150,430,182,51,1,1,1,1
432,563000004,150,430,182,51,1,1,1,1
433,563000004,150,430,182,51,1,1,1,1
434,563000004,150,430,182,51,1,1,1,1
435,563000004,150,430,182,51,1,1,1,1
436,563000004,150,430,182,51,1,1,1,1
437,563000004,150,430,182,51,1,1,1,1
438,563000004,150,430,179,51,1,1,1,1
439,563000004,150,430,179,51,1,1,1,1
440,563000004,150,430,179,51,1,1,1,1
441,563000004,150,430,179,51,1,1,1,1
442,563000004,150,430,179,51,1,1,1,1
443,563000004,150,430,179,51,1,1,1,1
444,563000004,150,430,179,51,1,1,1,1
445,563000004,150,430,179,51,1,1,1,1
446,563000004,150,430,179,51,1,1,1,1
447,563000004,150,430,179,51,1,1,1,1
448,563000004,150,430,179,51,1,1,1,1
449,563000004,150,430,179,51,1,1,1,1
450,563000004,150,430,179,51,1,1,1,1
451,563000004,150,430,179,51,1,1,1,1
452,563000004,150,430,179,51,1,1,1,1
453,563000004,150,430,179,51,1,1,1,1
454,563000004,150,430,179,51,1,1,1,1
455,563000004,150,430,179,51,1,1,1,1
456,563000004,150,430,179,51,1,1,1,1
457,563000004,150,430,179,51,1,1,1,1
458,563000004,150,430,179,51,1,1,1,1
459,563000004,150,430,179,51,1,1,1,1
460,563000004,150,430,179,51,1,1,1,1
461,563000004,150,430,179,51,1,1,1,1
462,563000004,150,430,179,51,1,1,1,1
463,563000004,150,430,179,51,1,1,1,1
464,563000004,150,430,179,51,1,1,1,1
465,563000004,150,430,179,51,1,1,1,1
466,563000004,150,430,179,51,1,1,1,1
467,563000004,150,430,179,51,1,1,1,1
468,563000004,150,430,179,51,1,1,1,1
469,563000004,150,430,179,51,1,1,1,1
470,563000004,150,430,179,51,1,1,1,1
471,563000004,150,430,179,51,1,1,1,1
472,563000004,150,430,179,51,1,1,1,1
473,563000004,150,430,179,51,1,1,1,1
474,563000004,150,430,179,51,1,1,1,1
475,563000004,150,430,179,51,1,1,1,1
476,563000004,150,430,179,51,1,1,1,1
477,563000004,150,430,179,51,1,1,1,1
478,563000004,150,430,179,51,1,1,1,1
479,563000004,150,430,179,51,1,1,1,1
480,563000004,150,430,179,51,1,1,1,1
481,563000004,150,430,179,51,1,1,1,1
482,563000004,150,430,179,51,1,1,1,1
483,563000004,150,430,179,51,1,1,1,1
484,563000004,150,430,179,51,1,1,1,1
485,563000004,150,430,179,51,1,1,1,1
486,563000004,150,430,179,51,1,1,1,1
487,563000004,150,430,179,51,1,1,1,1
488,563000004,150,430,179,51,1,1,1,1
489,563000004,150,430,179,51,1,1,1,1
490,563000004,150,430,179,51,1,1,1,1
491,563000004,150,430,179,51,1,1,1,1
492,563000004,150,430,179,51,1,1,1,1
493,563000004,150,430,179,51,1,1,1,1
494,563000004,150,430,179,51,1,1,1,1
495,563000004,150,430,179,51,1,1,1,1
496,563000004,150,430,179,51,1,1,1,1
497,563000004,150,430,179,51,1,1,1,1
498,563000004,150,430,179,51,1,1,1,1
499,563000004,150,430,179,51,1,1,1,1
500,563000004,150,430,179,51,1,1,1,1
501,563000004,150,430,179,51,1,1,1,1
502,563000004,150,430,179,51,1,1,1,1
503,563000004,150,430,179,51,1,1,1,1
504,563000004,150,430,179,51,1,1,1,1
505,563000004,150,430,179,51,1,1,1,1
506,563000004,150,430,179,51,1,1,1,1
507,563000004,150,430,179,51,1,1,1,1
508,563000004,149,429,179,51,1,1,1,1
509,563000004,149,429,179,51,1,1,1,1
510,563000004,149,429,179,51,1,1,1,1
511,563000004,149,429,179,51,1,1,1,1
512,563000004,149,429,179,51,1,1,1,1
513,563000004,149,429,179,51,1,1,1,1
514,563000004,149,429,179,51,1,1,1,1
515,563000004,149,429,179,51,1,1,1,1
516,563000004,149,429,179,51,1,1,1,1
517,563000004,149,429,179,51,1,1,1,1
518,563000004,149,429,179,51,1,1,1,1
519,563000004,149,429,179,51,1,1,1,1
520,563000004,149,429,179,51,1,1,1,1
521,563000004,149,429,179,51,1,1,1,1
522,563000004,149,429,179,51,1,1,1,1
523,563000004,149,429,179,51,1,1,1,1
524,563000004,149,429,179,51,1,1,1,1
525,563000004,149,429,179,51,1,1,1,1
526,563000004,149,429,179,51,1,1,1,1
527,563000004,149,429,179,51,1,1,1,1
528,563000004,149,429,179,51,1,1,1,1
529,563000004,149,429,179,51,1,1,1,1
530,563000004,149,429,179,51,1,1,1,1
531,563000004,149,429,179,51,1,1,1,1
532,563000004,149,429,179,51,1,1,1,1
533,563000004,149,429,179,51,1,1,1,1
534,563000004,149,429,179,51,1,1,1,1
535,563000004,149,429,179,51,1,1,1,1
536,563000004,149,429,179,51,1,1,1,1
537,563000004,149,429,179,51,1,1,1,1
538,563000004,149,429,179,51,1,1,1,1
539,563000004,149,429,179,51,1,1,1,1
540,563000004,149,429,179,51,1,1,1,1
541,563000004,149,429,179,51,1,1,1,1
542,563000004,149,429,179,51,1,1,1,1
543,563000004,149,429,179,51,1,1,1,1
544,563000004,149,429,179,51,1,1,1,1
545,563000004,149,429,179,51,1,1,1,1
546,563000004,149,429,179,51,1,1,1,1
547,563000004,149,429,179,51,1,1,1,1
548,563000004,149,429,179,51,1,1,1,1
549,563000004,149,429,179,51,1,1,1,1
550,563000004,149,429,179,51,1,1,1,1
551,563000004,149,429,179,51,1,1,1,1
552,563000004,149,429,179,51,1,1,1,1
553,563000004,149,429,179,51,1,1,1,1
554,563000004,151,429,179,51,1,1,1,1
555,563000004,151,429,179,51,1,1,1,1
556,563000004,151,429,179,51,1,1,1,1
557,563000004,151,429,179,51,1,1,1,1
558,563000004,151,429,179,51,1,1,1,1
559,563000004,151,429,179,51,1,1,1,1
560,563000004,151,429,179,51,1,1,1,1
561,563000004,151,429,179,51,1,1,1,1
562,563000004,151,429,179,51,1,1,1,1
563,563000004,151,429,179,51,1,1,1,1
564,563000004,151,429,179,51,1,1,1,1
565,563000004,151,429,179,51,1,1,1,1
566,563000004,151,429,179,51,1,1,1,1
567,563000004,151,429,179,51,1,1,1,1
568,563000004,151,429,179,51,1,1,1,1
569,563000004,151,429,179,51,1,1,1,1
570,563000004,151,429,179,51,1,1,1,1
571,563000004,151,429,179,51,1,1,1,1
572,563000004,151,429,179,51,1,1,1,1
573,563000004,151,429,179,51,1,1,1,1
574,563000004,151,429,179,51,1,1,1,1
575,563000004,151,429,179,51,1,1,1,1
576,563000004,151,429,179,51,1,1,1,1
577,563000004,151,429,179,51,1,1,1,1
578,563000004,151,429,179,51,1,1,1,1
579,563000004,151,429,179,51,1,1,1,1
580,563000004,151,429,179,51,1,1,1,1
581,563000004,151,429,179,51,1,1,1,1
582,563000004,151,429,179,51,1,1,1,1
583,563000004,151,429,179,51,1,1,1,1
584,563000004,151,429,179,51,1,1,1,1
585,563000004,151,429,179,51,1,1,1,1
586,563000004,151,429,179,51,1,1,1,1
587,563000004,151,429,179,51,1,1,1,1
588,563000004,151,429,179,51,1,1,1,1
589,563000004,150,429,179,51,1,1,1,1
590,563000004,150,429,179,51,1,1,1,1
591,563000004,150,429,179,51,1,1,1,1
592,563000004,150,429,179,51,1,1,1,1
593,563000004,150,429,179,51,1,1,1,1
594,563000004,150,429,179,51,1,1,1,1
595,563000004,149,429,179,51,1,1,1,1
596,563000004,149,429,179,51,1,1,1,1
597,563000004,149,429,179,51,1,1,1,1
598,563000004,149,429,179,51,1,1,1,1
599,563000004,149,429,179,51,1,1,1,1
600,563000004,149,429,179,51,1,1,1,1
1,563000005,673,454,23,22,1,1,1,1
2,563000005,673,454,23,22,1,1,1,1
3,563000005,673,454,23,22,1,1,1,1
4,563000005,673,454,23,22,1,1,1,1
5,563000005,673,454,23,22,1,1,1,1
6,563000005,673,454,23,22,1,1,1,1
7,563000005,673,454,23,22,1,1,1,1
8,563000005,673,454,23,22,1,1,1,1
9,563000005,673,454,23,22,1,1,1,1
10,563000005,673,454,23,22,1,1,1,1
11,563000005,673,454,23,22,1,1,1,1
12,563000005,673,454,23,22,1,1,1,1
13,563000005,673,454,23,22,1,1,1,1
14,563000005,673,454,23,22,1,1,1,1
15,563000005,673,454,23,22,1,1,1,1
16,563000005,673,454,23,22,1,1,1,1
17,563000005,673,454,23,22,1,1,1,1
18,563000005,673,454,23,22,1,1,1,1
19,563000005,673,454,23,22,1,1,1,1
20,563000005,673,454,23,22,1,1,1,1
21,563000005,673,454,23,22,1,1,1,1
22,563000005,673,454,23,22,1,1,1,1
23,563000005,673,454,23,22,1,1,1,1
24,563000005,673,454,23,22,1,1,1,1
25,563000005,673,454,23,22,1,1,1,1
26,563000005,673,454,23,22,1,1,1,1
27,563000005,673,454,23,22,1,1,1,1
1,563000006,981,423,161,52,1,1,1,1
2,563000006,981,423,161,52,1,1,1,1
3,563000006,981,423,161,52,1,1,1,1
4,563000006,981,423,161,52,1,1,1,1
5,563000006,981,423,161,52,1,1,1,1
6,563000006,981,423,161,52,1,1,1,1
7,563000006,983,424,161,52,1,1,1,1
8,563000006,983,424,161,52,1,1,1,1
9,563000006,983,424,161,52,1,1,1,1
10,563000006,983,424,161,52,1,1,1,1
11,563000006,983,424,161,52,1,1,1,1
12,563000006,983,424,161,52,1,1,1,1
13,563000006,982,425,161,52,1,1,1,1
14,563000006,982,425,161,52,1,1,1,1
15,563000006,982,425,161,52,1,1,1,1
16,563000006,982,425,161,52,1,1,1,1
17,563000006,982,425,161,52,1,1,1,1
18,563000006,982,425,161,52,1,1,1,1
19,563000006,982,425,161,52,1,1,1,1
20,563000006,982,425,161,52,1,1,1,1
21,563000006,982,425,161,52,1,1,1,1
22,563000006,982,425,161,52,1,1,1,1
23,563000006,982,425,161,52,1,1,1,1
24,563000006,982,425,161,52,1,1,1,1
25,563000006,982,425,161,52,1,1,1,1
26,563000006,982,425,161,52,1,1,1,1
27,563000006,982,425,161,52,1,1,1,1
28,563000006,982,425,161,52,1,1,1,1
29,563000006,982,425,161,52,1,1,1,1
30,563000006,982,425,161,52,1,1,1,1
31,563000006,983,425,161,52,1,1,1,1
32,563000006,983,425,161,52,1,1,1,1
33,563000006,983,425,161,52,1,1,1,1
34,563000006,983,425,161,52,1,1,1,1
35,563000006,983,425,161,52,1,1,1,1
36,563000006,983,425,161,52,1,1,1,1
37,563000006,983,425,161,52,1,1,1,1
38,563000006,983,425,161,52,1,1,1,1
39,563000006,984,425,161,52,1,1,1,1
40,563000006,984,425,161,52,1,1,1,1
41,563000006,985,426,161,52,1,1,1,1
42,563000006,985,426,161,52,1,1,1,1
43,563000006,985,426,161,52,1,1,1,1
44,563000006,985,426,161,52,1,1,1,1
45,563000006,985,426,161,52,1,1,1,1
46,563000006,985,426,161,52,1,1,1,1
47,563000006,985,426,161,52,1,1,1,1
48,563000006,985,426,161,52,1,1,1,1
49,563000006,985,426,161,52,1,1,1,1
50,563000006,985,426,161,52,1,1,1,1
51,563000006,985,426,161,52,1,1,1,1
52,563000006,985,426,161,52,1,1,1,1
53,563000006,985,426,161,52,1,1,1,1
54,563000006,986,426,161,52,1,1,1,1
55,563000006,986,426,161,52,1,1,1,1
56,563000006,986,426,161,52,1,1,1,1
57,563000006,986,426,161,52,1,1,1,1
58,563000006,986,426,161,52,1,1,1,1
59,563000006,986,426,161,52,1,1,1,1
60,563000006,986,426,161,52,1,1,1,1
61,563000006,987,426,161,52,1,1,1,1
62,563000006,987,426,161,52,1,1,1,1
63,563000006,987,426,161,52,1,1,1,1
64,563000006,987,426,161,52,1,1,1,1
65,563000006,987,426,161,52,1,1,1,1
66,563000006,987,426,161,52,1,1,1,1
67,563000006,987,426,161,52,1,1,1,1
68,563000006,987,426,161,52,1,1,1,1
69,563000006,987,426,161,52,1,1,1,1
70,563000006,987,426,161,52,1,1,1,1
71,563000006,987,426,161,52,1,1,1,1
72,563000006,987,426,161,52,1,1,1,1
73,563000006,987,426,161,52,1,1,1,1
74,563000006,987,426,161,52,1,1,1,1
75,563000006,987,426,161,52,1,1,1,1
76,563000006,987,426,161,52,1,1,1,1
77,563000006,987,426,161,52,1,1,1,1
78,563000006,987,426,161,52,1,1,1,1
79,563000006,987,426,161,52,1,1,1,1
80,563000006,987,426,161,52,1,1,1,1
81,563000006,987,426,161,52,1,1,1,1
82,563000006,987,426,161,52,1,1,1,1
83,563000006,987,426,161,52,1,1,1,1
84,563000006,987,426,161,52,1,1,1,1
85,563000006,987,426,161,52,1,1,1,1
86,563000006,988,426,161,52,1,1,1,1
87,563000006,988,426,161,52,1,1,1,1
88,563000006,988,426,161,52,1,1,1,1
89,563000006,988,426,161,52,1,1,1,1
90,563000006,988,426,161,52,1,1,1,1
91,563000006,989,426,161,52,1,1,1,1
92,563000006,989,426,161,52,1,1,1,1
93,563000006,989,426,161,52,1,1,1,1
94,563000006,989,426,161,52,1,1,1,1
95,563000006,989,426,161,52,1,1,1,1
96,563000006,989,426,161,52,1,1,1,1
97,563000006,989,426,161,52,1,1,1,1
98,563000006,989,426,161,52,1,1,1,1
99,563000006,989,426,161,52,1,1,1,1
100,563000006,989,426,161,52,1,1,1,1
101,563000006,989,426,161,52,1,1,1,1
102,563000006,989,426,161,52,1,1,1,1
103,563000006,991,426,161,52,1,1,1,1
104,563000006,991,426,161,52,1,1,1,1
105,563000006,991,426,161,52,1,1,1,1
106,563000006,991,426,161,52,1,1,1,1
107,563000006,991,426,161,52,1,1,1,1
108,563000006,991,426,161,52,1,1,1,1
109,563000006,991,426,161,52,1,1,1,1
110,563000006,991,426,161,52,1,1,1,1
111,563000006,991,426,161,52,1,1,1,1
112,563000006,991,426,161,52,1,1,1,1
113,563000006,991,426,161,52,1,1,1,1
114,563000006,991,426,161,52,1,1,1,1
115,563000006,991,426,161,52,1,1,1,1
116,563000006,991,426,161,52,1,1,1,1
117,563000006,991,426,161,52,1,1,1,1
118,563000006,991,426,161,52,1,1,1,1
119,563000006,991,426,161,52,1,1,1,1
120,563000006,991,426,161,52,1,1,1,1
121,563000006,991,426,161,52,1,1,1,1
122,563000006,991,426,161,52,1,1,1,1
123,563000006,991,426,161,52,1,1,1,1
124,563000006,991,426,161,52,1,1,1,1
125,563000006,991,426,161,52,1,1,1,1
126,563000006,991,426,161,52,1,1,1,1
127,563000006,991,426,161,52,1,1,1,1
128,563000006,991,426,161,52,1,1,1,1
129,563000006,991,426,161,52,1,1,1,1
130,563000006,993,426,161,52,1,1,1,1
131,563000006,993,426,161,52,1,1,1,1
132,563000006,993,426,161,52,1,1,1,1
133,563000006,993,426,161,52,1,1,1,1
134,563000006,993,426,161,52,1,1,1,1
135,563000006,993,426,161,52,1,1,1,1
136,563000006,993,426,161,52,1,1,1,1
137,563000006,993,426,161,52,1,1,1,1
138,563000006,993,426,161,52,1,1,1,1
139,563000006,993,426,161,52,1,1,1,1
140,563000006,993,426,161,52,1,1,1,1
141,563000006,993,426,161,52,1,1,1,1
142,563000006,993,426,161,52,1,1,1,1
143,563000006,993,426,161,52,1,1,1,1
144,563000006,993,426,161,52,1,1,1,1
145,563000006,993,426,161,52,1,1,1,1
146,563000006,993,426,161,52,1,1,1,1
147,563000006,993,426,161,52,1,1,1,1
148,563000006,993,426,161,52,1,1,1,1
149,563000006,993,426,161,52,1,1,1,1
150,563000006,993,426,161,52,1,1,1,1
151,563000006,993,426,161,52,1,1,1,1
152,563000006,993,426,161,52,1,1,1,1
153,563000006,993,426,161,52,1,1,1,1
154,563000006,994,427,161,52,1,1,1,1
155,563000006,994,427,161,52,1,1,1,1
156,563000006,994,427,161,52,1,1,1,1
157,563000006,994,427,161,52,1,1,1,1
158,563000006,994,427,161,52,1,1,1,1
159,563000006,994,427,161,52,1,1,1,1
160,563000006,994,427,161,52,1,1,1,1
161,563000006,994,427,161,52,1,1,1,1
162,563000006,994,427,161,52,1,1,1,1
163,563000006,994,427,161,52,1,1,1,1
164,563000006,994,427,161,52,1,1,1,1
165,563000006,994,427,161,52,1,1,1,1
166,563000006,994,427,161,52,1,1,1,1
167,563000006,994,427,161,52,1,1,1,1
168,563000006,995,427,161,52,1,1,1,1
169,563000006,995,427,161,52,1,1,1,1
170,563000006,995,427,161,52,1,1,1,1
171,563000006,995,427,161,52,1,1,1,1
172,563000006,995,427,161,52,1,1,1,1
173,563000006,995,427,161,52,1,1,1,1
174,563000006,995,427,161,52,1,1,1,1
175,563000006,995,427,161,52,1,1,1,1
176,563000006,995,427,161,52,1,1,1,1
177,563000006,995,427,161,52,1,1,1,1
178,563000006,995,427,161,52,1,1,1,1
179,563000006,995,427,161,52,1,1,1,1
180,563000006,995,427,161,52,1,1,1,1
181,563000006,995,427,161,52,1,1,1,1
182,563000006,995,427,161,52,1,1,1,1
183,563000006,995,427,161,52,1,1,1,1
184,563000006,995,427,161,52,1,1,1,1
185,563000006,995,427,161,52,1,1,1,1
186,563000006,995,427,161,52,1,1,1,1
187,563000006,997,427,161,52,1,1,1,1
188,563000006,997,427,161,52,1,1,1,1
189,563000006,997,427,161,52,1,1,1,1
190,563000006,997,427,161,52,1,1,1,1
191,563000006,997,427,161,52,1,1,1,1
192,563000006,997,427,161,52,1,1,1,1
193,563000006,997,427,161,52,1,1,1,1
194,563000006,997,427,161,52,1,1,1,1
195,563000006,997,427,161,52,1,1,1,1
196,563000006,997,427,161,52,1,1,1,1
197,563000006,997,427,161,52,1,1,1,1
198,563000006,998,427,161,52,1,1,1,1
199,563000006,998,427,161,52,1,1,1,1
200,563000006,998,427,161,52,1,1,1,1
201,563000006,998,427,161,52,1,1,1,1
202,563000006,998,427,161,52,1,1,1,1
203,563000006,998,427,161,52,1,1,1,1
204,563000006,998,427,161,52,1,1,1,1
205,563000006,998,427,161,52,1,1,1,1
206,563000006,998,427,161,52,1,1,1,1
207,563000006,998,427,161,52,1,1,1,1
208,563000006,998,427,161,52,1,1,1,1
209,563000006,998,427,161,52,1,1,1,1
210,563000006,998,427,161,52,1,1,1,1
211,563000006,998,427,161,52,1,1,1,1
212,563000006,998,427,161,52,1,1,1,1
213,563000006,999,427,161,52,1,1,1,1
214,563000006,999,427,161,52,1,1,1,1
215,563000006,999,427,161,52,1,1,1,1
216,563000006,999,427,161,52,1,1,1,1
217,563000006,999,427,161,52,1,1,1,1
218,563000006,999,427,161,52,1,1,1,1
219,563000006,999,427,161,52,1,1,1,1
220,563000006,999,427,161,52,1,1,1,1
221,563000006,1001,426,164,52,1,1,1,1
222,563000006,1001,426,164,52,1,1,1,1
223,563000006,1001,426,164,52,1,1,1,1
224,563000006,1001,426,164,52,1,1,1,1
225,563000006,1001,426,164,52,1,1,1,1
226,563000006,1001,426,164,52,1,1,1,1
227,563000006,1001,426,164,52,1,1,1,1
228,563000006,1001,426,164,52,1,1,1,1
229,563000006,1001,426,164,52,1,1,1,1
230,563000006,1001,426,164,52,1,1,1,1
231,563000006,1001,426,164,52,1,1,1,1
232,563000006,1001,426,164,52,1,1,1,1
233,563000006,1001,426,164,52,1,1,1,1
234,563000006,1001,426,164,52,1,1,1,1
235,563000006,1001,426,164,52,1,1,1,1
236,563000006,1001,426,164,52,1,1,1,1
237,563000006,1001,426,164,52,1,1,1,1
238,563000006,1001,426,164,52,1,1,1,1
239,563000006,1001,426,164,52,1,1,1,1
240,563000006,1001,426,164,52,1,1,1,1
241,563000006,1001,426,164,52,1,1,1,1
242,563000006,1001,426,164,52,1,1,1,1
243,563000006,1001,426,164,52,1,1,1,1
244,563000006,1001,426,164,52,1,1,1,1
245,563000006,1001,426,164,52,1,1,1,1
246,563000006,1001,426,164,52,1,1,1,1
247,563000006,1001,426,164,52,1,1,1,1
248,563000006,1002,426,164,52,1,1,1,1
249,563000006,1002,426,164,52,1,1,1,1
250,563000006,1002,426,164,52,1,1,1,1
251,563000006,1002,426,164,52,1,1,1,1
252,563000006,1002,426,164,52,1,1,1,1
253,563000006,1002,426,164,52,1,1,1,1
254,563000006,1002,426,164,52,1,1,1,1
255,563000006,1002,426,164,52,1,1,1,1
256,563000006,1002,426,164,52,1,1,1,1
257,563000006,1002,426,164,52,1,1,1,1
258,563000006,1002,426,164,52,1,1,1,1
259,563000006,1003,426,164,52,1,1,1,1
260,563000006,1003,426,164,52,1,1,1,1
261,563000006,1003,426,164,52,1,1,1,1
262,563000006,1003,426,164,52,1,1,1,1
263,563000006,1003,426,164,52,1,1,1,1
264,563000006,1003,426,164,52,1,1,1,1
265,563000006,1003,426,164,52,1,1,1,1
266,563000006,1003,426,164,52,1,1,1,1
267,563000006,1003,426,164,52,1,1,1,1
268,563000006,1003,426,164,52,1,1,1,1
269,563000006,1003,426,164,52,1,1,1,1
270,563000006,1003,426,164,52,1,1,1,1
271,563000006,1003,426,164,52,1,1,1,1
272,563000006,1004,426,162,52,1,1,1,1
273,563000006,1004,426,162,52,1,1,1,1
274,563000006,1004,426,162,52,1,1,1,1
275,563000006,1004,426,162,52,1,1,1,1
276,563000006,1004,426,162,52,1,1,1,1
277,563000006,1004,426,162,52,1,1,1,1
278,563000006,1004,426,162,52,1,1,1,1
279,563000006,1004,426,162,52,1,1,1,1
280,563000006,1004,430,162,48,1,1,1,1
281,563000006,1004,430,162,48,1,1,1,1
282,563000006,1004,430,162,48,1,1,1,1
283,563000006,1004,430,162,48,1,1,1,1
284,563000006,1004,430,162,48,1,1,1,1
285,563000006,1004,430,162,48,1,1,1,1
286,563000006,1004,430,162,48,1,1,1,1
287,563000006,1004,430,162,48,1,1,1,1
288,563000006,1004,430,162,48,1,1,1,1
289,563000006,1004,430,162,48,1,1,1,1
290,563000006,1004,430,162,48,1,1,1,1
291,563000006,1004,430,162,48,1,1,1,1
292,563000006,1006,430,162,48,1,1,1,1
293,563000006,1006,430,162,48,1,1,1,1
294,563000006,1006,430,162,48,1,1,1,1
295,563000006,1006,430,162,48,1,1,1,1
296,563000006,1006,430,162,48,1,1,1,1
297,563000006,1006,430,162,48,1,1,1,1
298,563000006,1006,430,162,48,1,1,1,1
299,563000006,1006,430,162,48,1,1,1,1
300,563000006,1006,430,162,48,1,1,1,1
301,563000006,1006,430,162,48,1,1,1,1
302,563000006,1006,430,162,48,1,1,1,1
303,563000006,1006,430,162,48,1,1,1,1
304,563000006,1006,430,162,48,1,1,1,1
305,563000006,1006,430,162,48,1,1,1,1
306,563000006,1006,430,162,48,1,1,1,1
307,563000006,1006,430,162,48,1,1,1,1
308,563000006,1006,430,162,48,1,1,1,1
309,563000006,1006,430,162,48,1,1,1,1
310,563000006,1006,430,162,48,1,1,1,1
311,563000006,1006,430,162,48,1,1,1,1
312,563000006,1006,430,162,48,1,1,1,1
313,563000006,1006,430,162,48,1,1,1,1
314,563000006,1006,430,162,48,1,1,1,1
315,563000006,1006,430,162,48,1,1,1,1
316,563000006,1006,430,162,48,1,1,1,1
317,563000006,1006,430,162,48,1,1,1,1
318,563000006,1007,430,162,48,1,1,1,1
319,563000006,1007,430,162,48,1,1,1,1
320,563000006,1007,430,162,48,1,1,1,1
321,563000006,1007,430,162,48,1,1,1,1
322,563000006,1007,430,162,48,1,1,1,1
323,563000006,1007,430,162,48,1,1,1,1
324,563000006,1007,430,162,48,1,1,1,1
325,563000006,1007,430,162,48,1,1,1,1
326,563000006,1007,430,162,48,1,1,1,1
327,563000006,1007,430,162,48,1,1,1,1
328,563000006,1007,430,162,48,1,1,1,1
329,563000006,1007,430,162,48,1,1,1,1
330,563000006,1007,430,162,48,1,1,1,1
331,563000006,1007,430,162,48,1,1,1,1
332,563000006,1007,430,162,48,1,1,1,1
333,563000006,1008,430,162,48,1,1,1,1
334,563000006,1008,430,162,48,1,1,1,1
335,563000006,1008,430,162,48,1,1,1,1
336,563000006,1008,430,162,48,1,1,1,1
337,563000006,1008,430,162,48,1,1,1,1
338,563000006,1009,430,162,48,1,1,1,1
339,563000006,1009,430,162,48,1,1,1,1
340,563000006,1009,430,162,48,1,1,1,1
341,563000006,1009,430,162,48,1,1,1,1
342,563000006,1009,430,162,48,1,1,1,1
343,563000006,1009,430,162,48,1,1,1,1
344,563000006,1009,430,162,48,1,1,1,1
345,563000006,1010,430,162,48,1,1,1,1
346,563000006,1010,430,162,48,1,1,1,1
347,563000006,1010,430,162,48,1,1,1,1
348,563000006,1010,430,162,48,1,1,1,1
349,563000006,1010,430,162,48,1,1,1,1
350,563000006,1010,430,162,48,1,1,1,1
351,563000006,1010,430,162,48,1,1,1,1
352,563000006,1010,430,162,48,1,1,1,1
353,563000006,1010,430,162,48,1,1,1,1
354,563000006,1010,430,162,48,1,1,1,1
355,563000006,1010,430,162,48,1,1,1,1
356,563000006,1010,430,162,48,1,1,1,1
357,563000006,1012,430,162,48,1,1,1,1
358,563000006,1012,430,162,48,1,1,1,1
359,563000006,1012,430,162,48,1,1,1,1
360,563000006,1012,430,162,48,1,1,1,1
361,563000006,1012,430,162,48,1,1,1,1
362,563000006,1012,430,162,48,1,1,1,1
363,563000006,1012,430,162,48,1,1,1,1
364,563000006,1012,430,162,48,1,1,1,1
365,563000006,1012,430,162,48,1,1,1,1
366,563000006,1012,430,162,48,1,1,1,1
367,563000006,1012,430,162,48,1,1,1,1
368,563000006,1012,430,162,48,1,1,1,1
369,563000006,1012,430,162,48,1,1,1,1
370,563000006,1012,430,162,48,1,1,1,1
371,563000006,1012,429,162,48,1,1,1,1
372,563000006,1012,429,162,48,1,1,1,1
373,563000006,1012,429,162,48,1,1,1,1
374,563000006,1012,429,162,48,1,1,1,1
375,563000006,1012,429,162,48,1,1,1,1
376,563000006,1012,429,162,48,1,1,1,1
377,563000006,1012,429,162,48,1,1,1,1
378,563000006,1012,429,162,48,1,1,1,1
379,563000006,1012,429,162,48,1,1,1,1
380,563000006,1012,429,162,48,1,1,1,1
381,563000006,1012,429,162,48,1,1,1,1
382,563000006,1012,429,162,48,1,1,1,1
383,563000006,1012,429,162,48,1,1,1,1
384,563000006,1012,429,162,48,1,1,1,1
385,563000006,1012,429,162,48,1,1,1,1
386,563000006,1014,429,162,48,1,1,1,1
387,563000006,1014,429,162,48,1,1,1,1
388,563000006,1014,429,162,48,1,1,1,1
389,563000006,1014,429,162,48,1,1,1,1
390,563000006,1014,429,162,48,1,1,1,1
391,563000006,1014,429,162,48,1,1,1,1
392,563000006,1014,429,162,48,1,1,1,1
393,563000006,1014,429,162,48,1,1,1,1
394,563000006,1014,429,162,48,1,1,1,1
395,563000006,1014,429,162,48,1,1,1,1
396,563000006,1014,429,162,48,1,1,1,1
397,563000006,1014,429,162,48,1,1,1,1
398,563000006,1014,429,162,48,1,1,1,1
399,563000006,1014,429,162,48,1,1,1,1
400,563000006,1014,429,162,48,1,1,1,1
401,563000006,1014,429,162,48,1,1,1,1
402,563000006,1014,429,162,48,1,1,1,1
403,563000006,1015,429,162,48,1,1,1,1
404,563000006,1015,429,162,48,1,1,1,1
405,563000006,1015,429,162,48,1,1,1,1
406,563000006,1015,429,162,48,1,1,1,1
407,563000006,1015,429,162,48,1,1,1,1
408,563000006,1015,429,162,48,1,1,1,1
409,563000006,1015,429,162,48,1,1,1,1
410,563000006,1015,429,162,48,1,1,1,1
411,563000006,1015,429,162,48,1,1,1,1
412,563000006,1015,429,162,48,1,1,1,1
413,563000006,1015,429,162,48,1,1,1,1
414,563000006,1015,429,162,48,1,1,1,1
415,563000006,1015,429,162,48,1,1,1,1
416,563000006,1015,429,162,48,1,1,1,1
417,563000006,1015,429,162,48,1,1,1,1
418,563000006,1016,429,162,48,1,1,1,1
419,563000006,1016,429,162,48,1,1,1,1
420,563000006,1016,429,162,48,1,1,1,1
421,563000006,1016,429,162,48,1,1,1,1
422,563000006,1016,429,162,48,1,1,1,1
423,563000006,1016,429,162,48,1,1,1,1
424,563000006,1016,429,162,48,1,1,1,1
425,563000006,1016,429,162,48,1,1,1,1
426,563000006,1016,429,162,48,1,1,1,1
427,563000006,1016,429,162,48,1,1,1,1
428,563000006,1016,429,162,48,1,1,1,1
429,563000006,1016,429,162,48,1,1,1,1
430,563000006,1017,429,162,48,1,1,1,1
431,563000006,1017,429,162,48,1,1,1,1
432,563000006,1017,429,162,48,1,1,1,1
433,563000006,1017,429,162,48,1,1,1,1
434,563000006,1017,429,162,48,1,1,1,1
435,563000006,1017,429,162,48,1,1,1,1
436,563000006,1017,429,162,48,1,1,1,1
437,563000006,1017,429,162,48,1,1,1,1
438,563000006,1017,429,162,48,1,1,1,1
439,563000006,1017,429,162,48,1,1,1,1
440,563000006,1017,429,162,48,1,1,1,1
441,563000006,1017,429,162,48,1,1,1,1
442,563000006,1017,429,162,48,1,1,1,1
443,563000006,1017,429,162,48,1,1,1,1
444,563000006,1017,429,162,48,1,1,1,1
445,563000006,1017,429,162,48,1,1,1,1
446,563000006,1018,430,162,48,1,1,1,1
447,563000006,1018,430,162,48,1,1,1,1
448,563000006,1018,430,162,48,1,1,1,1
449,563000006,1018,430,162,48,1,1,1,1
450,563000006,1018,430,162,48,1,1,1,1
451,563000006,1018,430,162,48,1,1,1,1
452,563000006,1018,430,162,48,1,1,1,1
453,563000006,1018,430,162,48,1,1,1,1
454,563000006,1018,430,162,48,1,1,1,1
455,563000006,1018,430,162,48,1,1,1,1
456,563000006,1018,430,162,48,1,1,1,1
457,563000006,1018,430,162,48,1,1,1,1
458,563000006,1018,430,162,48,1,1,1,1
459,563000006,1018,430,162,48,1,1,1,1
460,563000006,1020,430,162,48,1,1,1,1
461,563000006,1020,430,162,48,1,1,1,1
462,563000006,1020,430,162,48,1,1,1,1
463,563000006,1020,430,162,48,1,1,1,1
464,563000006,1020,430,162,48,1,1,1,1
465,563000006,1020,430,162,48,1,1,1,1
466,563000006,1020,430,162,48,1,1,1,1
467,563000006,1020,430,162,48,1,1,1,1
468,563000006,1020,430,162,48,1,1,1,1
469,563000006,1020,430,162,48,1,1,1,1
470,563000006,1022,428,162,48,1,1,1,1
471,563000006,1022,428,162,48,1,1,1,1
472,563000006,1022,428,162,48,1,1,1,1
473,563000006,1022,428,162,48,1,1,1,1
474,563000006,1022,428,162,48,1,1,1,1
475,563000006,1022,428,162,48,1,1,1,1
476,563000006,1022,428,162,48,1,1,1,1
477,563000006,1022,428,162,48,1,1,1,1
478,563000006,1022,428,162,48,1,1,1,1
479,563000006,1022,428,162,48,1,1,1,1
480,563000006,1022,428,162,48,1,1,1,1
481,563000006,1022,428,162,48,1,1,1,1
482,563000006,1022,428,162,48,1,1,1,1
483,563000006,1022,428,162,48,1,1,1,1
484,563000006,1022,428,162,48,1,1,1,1
485,563000006,1022,428,162,48,1,1,1,1
486,563000006,1022,428,162,48,1,1,1,1
487,563000006,1022,428,162,48,1,1,1,1
488,563000006,1022,428,162,48,1,1,1,1
489,563000006,1022,428,162,48,1,1,1,1
490,563000006,1022,428,162,48,1,1,1,1
491,563000006,1022,428,162,48,1,1,1,1
492,563000006,1022,428,162,48,1,1,1,1
493,563000006,1022,428,162,48,1,1,1,1
494,563000006,1022,428,162,48,1,1,1,1
495,563000006,1022,428,162,48,1,1,1,1
496,563000006,1022,428,162,48,1,1,1,1
497,563000006,1022,428,162,48,1,1,1,1
498,563000006,1022,428,162,48,1,1,1,1
499,563000006,1022,428,162,48,1,1,1,1
500,563000006,1022,428,162,48,1,1,1,1
501,563000006,1022,428,162,48,1,1,1,1
502,563000006,1022,428,162,48,1,1,1,1
503,563000006,1022,428,162,48,1,1,1,1
504,563000006,1022,428,162,48,1,1,1,1
505,563000006,1022,428,162,48,1,1,1,1
506,563000006,1022,428,162,48,1,1,1,1
507,563000006,1022,428,162,48,1,1,1,1
508,563000006,1022,428,162,48,1,1,1,1
509,563000006,1022,428,162,48,1,1,1,1
510,563000006,1022,428,162,48,1,1,1,1
511,563000006,1022,428,162,48,1,1,1,1
512,563000006,1022,428,162,48,1,1,1,1
513,563000006,1022,428,162,48,1,1,1,1
514,563000006,1022,428,162,48,1,1,1,1
515,563000006,1023,428,162,48,1,1,1,1
516,563000006,1023,428,162,48,1,1,1,1
517,563000006,1023,428,162,48,1,1,1,1
518,563000006,1023,428,162,48,1,1,1,1
519,563000006,1023,428,162,48,1,1,1,1
520,563000006,1023,428,162,48,1,1,1,1
521,563000006,1023,428,162,48,1,1,1,1
522,563000006,1023,428,162,48,1,1,1,1
523,563000006,1023,428,162,48,1,1,1,1
524,563000006,1026,430,162,48,1,1,1,1
525,563000006,1026,430,162,48,1,1,1,1
526,563000006,1026,430,162,48,1,1,1,1
527,563000006,1026,430,162,48,1,1,1,1
528,563000006,1026,430,162,48,1,1,1,1
529,563000006,1026,430,162,48,1,1,1,1
530,563000006,1026,430,162,48,1,1,1,1
531,563000006,1026,430,162,48,1,1,1,1
532,563000006,1026,430,162,48,1,1,1,1
533,563000006,1026,430,162,48,1,1,1,1
534,563000006,1026,430,162,48,1,1,1,1
535,563000006,1026,430,162,48,1,1,1,1
536,563000006,1026,430,162,48,1,1,1,1
537,563000006,1026,430,162,48,1,1,1,1
538,563000006,1026,430,162,48,1,1,1,1
539,563000006,1026,430,162,48,1,1,1,1
540,563000006,1026,430,162,48,1,1,1,1
541,563000006,1026,430,162,48,1,1,1,1
542,563000006,1026,430,162,48,1,1,1,1
543,563000006,1026,430,162,48,1,1,1,1
544,563000006,1026,430,162,48,1,1,1,1
545,563000006,1034,430,154,48,1,1,1,1
546,563000006,1034,430,154,48,1,1,1,1
547,563000006,1034,430,154,48,1,1,1,1
548,563000006,1034,430,154,48,1,1,1,1
549,563000006,1034,430,154,48,1,1,1,1
550,563000006,1034,430,154,48,1,1,1,1
551,563000006,1034,430,154,48,1,1,1,1
552,563000006,1034,430,154,48,1,1,1,1
553,563000006,1034,430,154,48,1,1,1,1
554,563000006,1034,430,154,48,1,1,1,1
555,563000006,1041,430,150,48,1,1,1,1
556,563000006,1041,430,150,48,1,1,1,1
557,563000006,1041,430,150,48,1,1,1,1
558,563000006,1041,430,150,48,1,1,1,1
559,563000006,1041,430,150,48,1,1,1,1
560,563000006,1041,430,150,48,1,1,1,1
561,563000006,1041,430,150,48,1,1,1,1
562,563000006,1041,430,150,48,1,1,1,1
563,563000006,1041,430,150,48,1,1,1,1
564,563000006,1041,430,150,48,1,1,1,1
565,563000006,1046,430,145,48,1,1,1,1
566,563000006,1046,430,145,48,1,1,1,1
567,563000006,1046,430,145,48,1,1,1,1
568,563000006,1046,430,145,48,1,1,1,1
569,563000006,1046,430,145,48,1,1,1,1
570,563000006,1046,430,145,48,1,1,1,1
571,563000006,1051,430,141,48,1,1,1,1
572,563000006,1051,430,141,48,1,1,1,1
573,563000006,1051,430,141,48,1,1,1,1
574,563000006,1051,430,141,48,1,1,1,1
575,563000006,1051,430,141,48,1,1,1,1
576,563000006,1051,430,141,48,1,1,1,1
577,563000006,1051,430,141,48,1,1,1,1
578,563000006,1051,430,141,48,1,1,1,1
579,563000006,1055,430,136,48,1,1,1,1
580,563000006,1055,430,136,48,1,1,1,1
581,563000006,1055,430,136,48,1,1,1,1
582,563000006,1055,430,136,48,1,1,1,1
583,563000006,1055,430,136,48,1,1,1,1
584,563000006,1055,430,136,48,1,1,1,1
585,563000006,1055,430,136,48,1,1,1,1
586,563000006,1055,430,136,48,1,1,1,1
587,563000006,1055,430,136,48,1,1,1,1
588,563000006,1059,430,133,48,1,1,1,1
589,563000006,1059,430,133,48,1,1,1,1
590,563000006,1059,430,133,48,1,1,1,1
591,563000006,1059,430,133,48,1,1,1,1
592,563000006,1059,430,133,48,1,1,1,1
593,563000006,1059,430,133,48,1,1,1,1
594,563000006,1066,430,126,48,1,1,1,1
595,563000006,1066,430,126,48,1,1,1,1
596,563000006,1066,430,126,48,1,1,1,1
597,563000006,1066,430,126,48,1,1,1,1
598,563000006,1066,430,126,48,1,1,1,1
599,563000006,1066,430,126,48,1,1,1,1
600,563000006,1073,430,119,48,1,1,1,1
1,563000010,1146,460,14,13,1,1,1,1
2,563000010,1146,460,14,13,1,1,1,1
3,563000010,1146,460,14,13,1,1,1,1
4,563000010,1146,460,14,13,1,1,1,1
5,563000010,1146,460,14,13,1,1,1,1
6,563000010,1146,460,14,13,1,1,1,1
7,563000010,1146,460,14,13,1,1,1,1
8,563000010,1146,460,14,13,1,1,1,1
9,563000010,1146,460,14,13,1,1,1,1
10,563000010,1146,460,14,13,1,1,1,1
11,563000010,1146,460,14,13,1,1,1,1
12,563000010,1146,460,14,13,1,1,1,1
13,563000010,1146,460,14,13,1,1,1,1
14,563000010,1146,460,14,13,1,1,1,1
15,563000010,1146,460,14,13,1,1,1,1
16,563000010,1146,460,14,13,1,1,1,1
17,563000010,1146,460,14,13,1,1,1,1
18,563000010,1146,460,14,13,1,1,1,1
19,563000010,1146,460,14,13,1,1,1,1
20,563000010,1146,460,14,13,1,1,1,1
21,563000010,1146,460,14,13,1,1,1,1
22,563000010,1146,460,14,13,1,1,1,1
23,563000010,1147,461,14,13,1,1,1,1
24,563000010,1147,461,14,13,1,1,1,1
25,563000010,1147,461,14,13,1,1,1,1
26,563000010,1147,461,14,13,1,1,1,1
27,563000010,1147,461,14,13,1,1,1,1
28,563000010,1147,461,14,13,1,1,1,1
29,563000010,1147,461,14,13,1,1,1,1
30,563000010,1147,461,14,13,1,1,1,1
31,563000010,1147,461,14,13,1,1,1,1
32,563000010,1147,461,14,13,1,1,1,1
33,563000010,1147,461,14,13,1,1,1,1
34,563000010,1147,461,14,13,1,1,1,1
35,563000010,1147,461,14,13,1,1,1,1
36,563000010,1147,461,14,13,1,1,1,1
37,563000010,1147,461,14,13,1,1,1,1
38,563000010,1147,461,14,13,1,1,1,1
39,563000010,1147,461,14,13,1,1,1,1
40,563000010,1147,461,14,13,1,1,1,1
41,563000010,1147,461,14,13,1,1,1,1
42,563000010,1147,461,14,13,1,1,1,1
43,563000010,1147,461,14,13,1,1,1,1
44,563000010,1147,461,14,13,1,1,1,1
45,563000010,1148,461,14,13,1,1,1,1
46,563000010,1148,461,14,13,1,1,1,1
47,563000010,1148,461,14,13,1,1,1,1
48,563000010,1148,461,14,13,1,1,1,1
49,563000010,1148,461,14,13,1,1,1,1
50,563000010,1148,461,14,13,1,1,1,1
51,563000010,1148,461,14,13,1,1,1,1
52,563000010,1148,461,14,13,1,1,1,1
53,563000010,1148,461,14,13,1,1,1,1
54,563000010,1148,461,14,13,1,1,1,1
55,563000010,1148,461,14,13,1,1,1,1
56,563000010,1148,461,14,13,1,1,1,1
57,563000010,1149,462,14,13,1,1,1,1
58,563000010,1149,462,14,13,1,1,1,1
59,563000010,1149,462,14,13,1,1,1,1
60,563000010,1149,462,14,13,1,1,1,1
61,563000010,1149,462,14,13,1,1,1,1
62,563000010,1149,462,14,13,1,1,1,1
63,563000010,1149,462,14,13,1,1,1,1
64,563000010,1149,462,14,13,1,1,1,1
65,563000010,1149,462,14,13,1,1,1,1
66,563000010,1149,462,14,13,1,1,1,1
67,563000010,1149,462,14,13,1,1,1,1
68,563000010,1149,462,14,13,1,1,1,1
69,563000010,1149,462,14,13,1,1,1,1
70,563000010,1149,462,14,13,1,1,1,1
71,563000010,1149,462,14,13,1,1,1,1
72,563000010,1149,462,14,13,1,1,1,1
73,563000010,1149,462,14,13,1,1,1,1
74,563000010,1149,462,14,13,1,1,1,1
75,563000010,1149,462,14,13,1,1,1,1
76,563000010,1149,462,14,13,1,1,1,1
77,563000010,1149,462,14,13,1,1,1,1
78,563000010,1149,462,14,13,1,1,1,1
79,563000010,1149,462,14,13,1,1,1,1
80,563000010,1149,462,14,13,1,1,1,1
81,563000010,1149,462,14,13,1,1,1,1
82,563000010,1149,462,14,13,1,1,1,1
83,563000010,1149,462,14,13,1,1,1,1
84,563000010,1149,462,14,13,1,1,1,1
85,563000010,1149,462,14,13,1,1,1,1
86,563000010,1149,462,14,13,1,1,1,1
87,563000010,1149,462,14,13,1,1,1,1
88,563000010,1149,462,14,13,1,1,1,1
89,563000010,1149,462,14,13,1,1,1,1
90,563000010,1149,462,14,13,1,1,1,1
91,563000010,1149,462,14,13,1,1,1,1
92,563000010,1149,462,14,13,1,1,1,1
93,563000010,1149,462,14,13,1,1,1,1
94,563000010,1149,462,14,13,1,1,1,1
95,563000010,1149,462,14,13,1,1,1,1
96,563000010,1149,462,14,13,1,1,1,1
97,563000010,1149,462,14,13,1,1,1,1
98,563000010,1149,462,14,13,1,1,1,1
99,563000010,1149,462,14,13,1,1,1,1
100,563000010,1149,462,14,13,1,1,1,1
101,563000010,1149,462,14,13,1,1,1,1
102,563000010,1149,462,14,13,1,1,1,1
103,563000010,1149,462,14,13,1,1,1,1
104,563000010,1149,462,14,13,1,1,1,1
105,563000010,1149,462,14,13,1,1,1,1
106,563000010,1149,462,14,13,1,1,1,1
107,563000010,1149,462,14,13,1,1,1,1
108,563000010,1149,462,14,13,1,1,1,1
109,563000010,1149,462,14,13,1,1,1,1
110,563000010,1149,462,14,13,1,1,1,1
111,563000010,1149,462,14,13,1,1,1,1
112,563000010,1149,462,14,13,1,1,1,1
113,563000010,1149,462,14,13,1,1,1,1
114,563000010,1149,462,14,13,1,1,1,1
115,563000010,1149,462,14,13,1,1,1,1
116,563000010,1149,462,14,13,1,1,1,1
117,563000010,1149,462,14,13,1,1,1,1
118,563000010,1149,462,14,13,1,1,1,1
119,563000010,1149,462,14,13,1,1,1,1
120,563000010,1149,462,14,13,1,1,1,1
121,563000010,1149,462,14,13,1,1,1,1
122,563000010,1149,462,14,13,1,1,1,1
123,563000010,1149,462,14,13,1,1,1,1
124,563000010,1149,462,14,13,1,1,1,1
125,563000010,1149,462,14,13,1,1,1,1
126,563000010,1149,462,14,13,1,1,1,1
127,563000010,1149,462,14,13,1,1,1,1
128,563000010,1150,462,14,13,1,1,1,1
129,563000010,1150,462,14,13,1,1,1,1
130,563000010,1150,462,14,13,1,1,1,1
131,563000010,1150,462,14,13,1,1,1,1
132,563000010,1150,462,14,13,1,1,1,1
133,563000010,1150,462,14,13,1,1,1,1
134,563000010,1150,462,14,13,1,1,1,1
135,563000010,1150,462,14,13,1,1,1,1
136,563000010,1150,462,14,13,1,1,1,1
137,563000010,1150,462,14,13,1,1,1,1
138,563000010,1150,462,14,13,1,1,1,1
139,563000010,1150,462,14,13,1,1,1,1
140,563000010,1150,462,14,13,1,1,1,1
141,563000010,1150,462,14,13,1,1,1,1
142,563000010,1150,462,14,13,1,1,1,1
143,563000010,1150,462,14,13,1,1,1,1
144,563000010,1150,462,14,13,1,1,1,1
145,563000010,1150,462,14,13,1,1,1,1
146,563000010,1150,462,14,13,1,1,1,1
147,563000010,1150,462,14,13,1,1,1,1
148,563000010,1150,462,14,13,1,1,1,1
149,563000010,1150,462,14,13,1,1,1,1
150,563000010,1150,462,14,13,1,1,1,1
151,563000010,1150,462,14,13,1,1,1,1
152,563000010,1150,462,14,13,1,1,1,1
153,563000010,1150,462,14,13,1,1,1,1
154,563000010,1150,462,14,13,1,1,1,1
155,563000010,1150,462,14,13,1,1,1,1
156,563000010,1150,462,14,13,1,1,1,1
157,563000010,1150,462,14,13,1,1,1,1
158,563000010,1150,462,14,13,1,1,1,1
159,563000010,1150,462,14,13,1,1,1,1
160,563000010,1150,462,14,13,1,1,1,1
161,563000010,1150,462,14,13,1,1,1,1
162,563000010,1150,462,14,13,1,1,1,1
163,563000010,1150,462,14,13,1,1,1,1
164,563000010,1150,462,14,13,1,1,1,1
165,563000010,1150,462,14,13,1,1,1,1
166,563000010,1150,462,14,13,1,1,1,1
167,563000010,1150,462,14,13,1,1,1,1
168,563000010,1150,462,14,13,1,1,1,1
169,563000010,1150,462,14,13,1,1,1,1
170,563000010,1150,462,14,13,1,1,1,1
171,563000010,1150,462,14,13,1,1,1,1
172,563000010,1150,462,14,13,1,1,1,1
173,563000010,1150,462,14,13,1,1,1,1
174,563000010,1150,462,14,13,1,1,1,1
175,563000010,1150,462,14,13,1,1,1,1
176,563000010,1150,462,14,13,1,1,1,1
177,563000010,1150,462,14,13,1,1,1,1
178,563000010,1150,462,14,13,1,1,1,1
179,563000010,1150,462,14,13,1,1,1,1
180,563000010,1150,462,14,13,1,1,1,1
181,563000010,1150,462,14,13,1,1,1,1
182,563000010,1150,462,14,13,1,1,1,1
183,563000010,1150,462,14,13,1,1,1,1
184,563000010,1150,462,14,13,1,1,1,1
185,563000010,1150,462,14,13,1,1,1,1
186,563000010,1150,462,14,13,1,1,1,1
187,563000010,1150,462,14,13,1,1,1,1
188,563000010,1150,462,14,13,1,1,1,1
189,563000010,1150,462,14,13,1,1,1,1
190,563000010,1150,462,14,13,1,1,1,1
191,563000010,1150,462,14,13,1,1,1,1
192,563000010,1150,462,14,13,1,1,1,1
193,563000010,1150,462,14,13,1,1,1,1
194,563000010,1150,462,14,13,1,1,1,1
195,563000010,1150,462,14,13,1,1,1,1
196,563000010,1150,462,14,13,1,1,1,1
197,563000010,1150,462,14,13,1,1,1,1
198,563000010,1150,462,14,13,1,1,1,1
199,563000010,1150,462,14,13,1,1,1,1
200,563000010,1150,462,14,13,1,1,1,1
201,563000010,1150,462,14,13,1,1,1,1
202,563000010,1150,462,14,13,1,1,1,1
203,563000010,1150,462,14,13,1,1,1,1
204,563000010,1150,462,14,13,1,1,1,1
205,563000010,1150,462,14,13,1,1,1,1
206,563000010,1150,462,14,13,1,1,1,1
207,563000010,1150,462,14,13,1,1,1,1
208,563000010,1150,462,14,13,1,1,1,1
209,563000010,1150,462,14,13,1,1,1,1
210,563000010,1150,462,14,13,1,1,1,1
211,563000010,1150,462,14,13,1,1,1,1
212,563000010,1150,462,14,13,1,1,1,1
1,563000007,1303,457,50,17,1,1,1,1
2,563000007,1303,457,50,17,1,1,1,1
3,563000007,1303,457,50,17,1,1,1,1
4,563000007,1303,457,50,17,1,1,1,1
5,563000007,1303,457,50,17,1,1,1,1
6,563000007,1303,457,50,17,1,1,1,1
7,563000007,1303,457,50,17,1,1,1,1
8,563000007,1303,457,50,17,1,1,1,1
9,563000007,1303,457,50,17,1,1,1,1
10,563000007,1303,457,50,17,1,1,1,1
11,563000007,1303,457,50,17,1,1,1,1
12,563000007,1303,457,50,17,1,1,1,1
13,563000007,1302,457,50,17,1,1,1,1
14,563000007,1302,457,50,17,1,1,1,1
15,563000007,1302,457,50,17,1,1,1,1
16,563000007,1302,457,50,17,1,1,1,1
17,563000007,1302,457,50,17,1,1,1,1
18,563000007,1302,457,50,17,1,1,1,1
19,563000007,1303,458,50,17,1,1,1,1
20,563000007,1303,458,50,17,1,1,1,1
21,563000007,1303,458,50,17,1,1,1,1
22,563000007,1303,458,50,17,1,1,1,1
23,563000007,1303,458,50,17,1,1,1,1
24,563000007,1303,458,50,17,1,1,1,1
25,563000007,1303,458,50,17,1,1,1,1
26,563000007,1303,458,50,17,1,1,1,1
27,563000007,1303,458,50,17,1,1,1,1
28,563000007,1303,458,50,17,1,1,1,1
29,563000007,1303,458,50,17,1,1,1,1
30,563000007,1303,458,50,17,1,1,1,1
31,563000007,1303,458,50,17,1,1,1,1
32,563000007,1303,458,50,17,1,1,1,1
33,563000007,1303,458,50,17,1,1,1,1
34,563000007,1303,458,50,17,1,1,1,1
35,563000007,1303,458,50,17,1,1,1,1
36,563000007,1303,458,50,17,1,1,1,1
37,563000007,1303,458,50,17,1,1,1,1
38,563000007,1303,458,50,17,1,1,1,1
39,563000007,1303,458,50,17,1,1,1,1
40,563000007,1305,458,50,17,1,1,1,1
41,563000007,1305,458,50,17,1,1,1,1
42,563000007,1305,458,50,17,1,1,1,1
43,563000007,1305,458,50,17,1,1,1,1
44,563000007,1305,458,50,17,1,1,1,1
45,563000007,1305,458,50,17,1,1,1,1
46,563000007,1305,458,50,17,1,1,1,1
47,563000007,1305,458,50,17,1,1,1,1
48,563000007,1305,458,50,17,1,1,1,1
49,563000007,1305,458,50,17,1,1,1,1
50,563000007,1305,458,50,17,1,1,1,1
51,563000007,1305,458,50,17,1,1,1,1
52,563000007,1305,458,50,17,1,1,1,1
53,563000007,1305,458,50,17,1,1,1,1
54,563000007,1305,458,50,17,1,1,1,1
55,563000007,1305,458,50,17,1,1,1,1
56,563000007,1305,458,50,17,1,1,1,1
57,563000007,1306,458,50,17,1,1,1,1
58,563000007,1306,458,50,17,1,1,1,1
59,563000007,1306,458,50,17,1,1,1,1
60,563000007,1306,458,50,17,1,1,1,1
61,563000007,1306,458,50,17,1,1,1,1
62,563000007,1306,458,50,17,1,1,1,1
63,563000007,1306,458,50,17,1,1,1,1
64,563000007,1305,459,50,17,1,1,1,1
65,563000007,1305,459,50,17,1,1,1,1
66,563000007,1305,459,50,17,1,1,1,1
67,563000007,1305,459,50,17,1,1,1,1
68,563000007,1305,459,50,17,1,1,1,1
69,563000007,1305,459,50,17,1,1,1,1
70,563000007,1305,459,50,17,1,1,1,1
71,563000007,1305,459,50,17,1,1,1,1
72,563000007,1304,460,50,17,1,1,1,1
73,563000007,1304,460,50,17,1,1,1,1
74,563000007,1304,460,50,17,1,1,1,1
75,563000007,1304,460,50,17,1,1,1,1
76,563000007,1304,460,50,17,1,1,1,1
77,563000007,1304,460,50,17,1,1,1,1
78,563000007,1304,460,50,17,1,1,1,1
79,563000007,1304,460,50,17,1,1,1,1
80,563000007,1304,460,50,17,1,1,1,1
81,563000007,1304,460,50,17,1,1,1,1
82,563000007,1304,460,50,17,1,1,1,1
83,563000007,1304,460,50,17,1,1,1,1
84,563000007,1304,460,50,17,1,1,1,1
85,563000007,1304,460,50,17,1,1,1,1
86,563000007,1306,460,50,17,1,1,1,1
87,563000007,1306,460,50,17,1,1,1,1
88,563000007,1306,460,50,17,1,1,1,1
89,563000007,1306,460,50,17,1,1,1,1
90,563000007,1306,460,50,17,1,1,1,1
91,563000007,1306,460,50,17,1,1,1,1
92,563000007,1306,460,50,17,1,1,1,1
93,563000007,1306,460,50,17,1,1,1,1
94,563000007,1306,460,50,17,1,1,1,1
95,563000007,1306,460,50,17,1,1,1,1
96,563000007,1306,460,50,17,1,1,1,1
97,563000007,1306,460,50,17,1,1,1,1
98,563000007,1306,460,50,17,1,1,1,1
99,563000007,1306,460,50,17,1,1,1,1
100,563000007,1306,460,50,17,1,1,1,1
101,563000007,1306,460,50,17,1,1,1,1
102,563000007,1306,460,50,17,1,1,1,1
103,563000007,1306,460,50,17,1,1,1,1
104,563000007,1306,460,50,17,1,1,1,1
105,563000007,1306,460,50,17,1,1,1,1
106,563000007,1306,460,50,17,1,1,1,1
107,563000007,1306,460,50,17,1,1,1,1
108,563000007,1306,460,50,17,1,1,1,1
109,563000007,1306,460,50,17,1,1,1,1
110,563000007,1306,460,50,17,1,1,1,1
111,563000007,1306,460,50,17,1,1,1,1
112,563000007,1306,460,50,17,1,1,1,1
113,563000007,1306,460,50,17,1,1,1,1
114,563000007,1306,460,50,17,1,1,1,1
115,563000007,1306,460,50,17,1,1,1,1
116,563000007,1307,460,50,17,1,1,1,1
117,563000007,1307,460,50,17,1,1,1,1
118,563000007,1307,460,50,17,1,1,1,1
119,563000007,1307,460,50,17,1,1,1,1
120,563000007,1307,460,50,17,1,1,1,1
121,563000007,1307,460,50,17,1,1,1,1
122,563000007,1307,460,50,17,1,1,1,1
123,563000007,1307,460,50,17,1,1,1,1
124,563000007,1307,460,50,17,1,1,1,1
125,563000007,1307,460,50,17,1,1,1,1
126,563000007,1307,460,50,17,1,1,1,1
127,563000007,1307,460,50,17,1,1,1,1
128,563000007,1307,460,50,17,1,1,1,1
129,563000007,1307,460,50,17,1,1,1,1
130,563000007,1307,460,50,17,1,1,1,1
131,563000007,1307,460,50,17,1,1,1,1
132,563000007,1307,460,50,17,1,1,1,1
133,563000007,1307,460,50,17,1,1,1,1
134,563000007,1307,460,50,17,1,1,1,1
135,563000007,1307,460,50,17,1,1,1,1
136,563000007,1307,460,50,17,1,1,1,1
137,563000007,1307,460,50,17,1,1,1,1
138,563000007,1307,460,50,17,1,1,1,1
139,563000007,1307,460,50,17,1,1,1,1
140,563000007,1307,460,50,17,1,1,1,1
141,563000007,1307,460,50,17,1,1,1,1
142,563000007,1307,460,50,17,1,1,1,1
143,563000007,1307,460,50,17,1,1,1,1
144,563000007,1307,460,50,17,1,1,1,1
145,563000007,1307,460,50,17,1,1,1,1
146,563000007,1307,460,50,17,1,1,1,1
147,563000007,1307,460,50,17,1,1,1,1
148,563000007,1307,460,50,17,1,1,1,1
149,563000007,1307,460,50,17,1,1,1,1
150,563000007,1307,460,50,17,1,1,1,1
151,563000007,1307,460,50,17,1,1,1,1
152,563000007,1307,460,50,17,1,1,1,1
153,563000007,1307,460,50,17,1,1,1,1
154,563000007,1307,460,50,17,1,1,1,1
155,563000007,1307,460,50,17,1,1,1,1
156,563000007,1307,460,50,17,1,1,1,1
157,563000007,1307,460,50,17,1,1,1,1
158,563000007,1307,460,50,17,1,1,1,1
159,563000007,1307,460,50,17,1,1,1,1
160,563000007,1307,460,50,17,1,1,1,1
161,563000007,1307,460,50,17,1,1,1,1
162,563000007,1307,460,50,17,1,1,1,1
163,563000007,1307,460,50,17,1,1,1,1
164,563000007,1307,460,50,17,1,1,1,1
165,563000007,1307,460,50,17,1,1,1,1
166,563000007,1307,460,50,17,1,1,1,1
167,563000007,1307,460,50,17,1,1,1,1
168,563000007,1307,460,50,17,1,1,1,1
169,563000007,1307,460,50,17,1,1,1,1
170,563000007,1307,460,50,17,1,1,1,1
171,563000007,1307,460,50,17,1,1,1,1
172,563000007,1307,460,50,17,1,1,1,1
173,563000007,1307,460,50,17,1,1,1,1
174,563000007,1307,460,50,17,1,1,1,1
175,563000007,1307,460,50,17,1,1,1,1
176,563000007,1307,460,50,17,1,1,1,1
177,563000007,1307,460,50,17,1,1,1,1
178,563000007,1307,460,50,17,1,1,1,1
179,563000007,1307,460,50,17,1,1,1,1
180,563000007,1307,460,50,17,1,1,1,1
181,563000007,1306,460,50,17,1,1,1,1
182,563000007,1306,460,50,17,1,1,1,1
183,563000007,1306,460,50,17,1,1,1,1
184,563000007,1306,460,50,17,1,1,1,1
185,563000007,1306,460,50,17,1,1,1,1
186,563000007,1306,460,50,17,1,1,1,1
187,563000007,1307,460,50,17,1,1,1,1
188,563000007,1307,460,50,17,1,1,1,1
189,563000007,1307,460,50,17,1,1,1,1
190,563000007,1307,460,50,17,1,1,1,1
191,563000007,1307,460,50,17,1,1,1,1
192,563000007,1307,460,50,17,1,1,1,1
193,563000007,1307,460,50,17,1,1,1,1
194,563000007,1307,460,50,17,1,1,1,1
195,563000007,1307,460,50,17,1,1,1,1
196,563000007,1307,460,50,17,1,1,1,1
197,563000007,1307,460,50,17,1,1,1,1
198,563000007,1307,460,50,17,1,1,1,1
199,563000007,1307,460,50,17,1,1,1,1
200,563000007,1307,460,50,17,1,1,1,1
201,563000007,1307,460,50,17,1,1,1,1
202,563000007,1307,460,50,17,1,1,1,1
203,563000007,1307,460,50,17,1,1,1,1
204,563000007,1307,460,50,17,1,1,1,1
205,563000007,1307,460,50,17,1,1,1,1
206,563000007,1307,460,50,17,1,1,1,1
207,563000007,1307,460,50,17,1,1,1,1
208,563000007,1307,460,50,17,1,1,1,1
209,563000007,1307,460,50,17,1,1,1,1
210,563000007,1307,460,50,17,1,1,1,1
211,563000007,1307,460,50,17,1,1,1,1
212,563000007,1307,460,50,17,1,1,1,1
213,563000007,1307,460,50,17,1,1,1,1
214,563000007,1307,460,50,17,1,1,1,1
215,563000007,1307,460,50,17,1,1,1,1
216,563000007,1307,460,50,17,1,1,1,1
217,563000007,1307,460,50,17,1,1,1,1
218,563000007,1308,460,50,17,1,1,1,1
219,563000007,1308,460,50,17,1,1,1,1
220,563000007,1308,460,50,17,1,1,1,1
221,563000007,1308,460,50,17,1,1,1,1
222,563000007,1308,460,50,17,1,1,1,1
223,563000007,1308,460,50,17,1,1,1,1
224,563000007,1308,460,50,17,1,1,1,1
225,563000007,1308,460,50,17,1,1,1,1
226,563000007,1308,460,50,17,1,1,1,1
227,563000007,1308,460,50,17,1,1,1,1
228,563000007,1308,460,50,17,1,1,1,1
229,563000007,1308,460,50,17,1,1,1,1
230,563000007,1308,460,50,17,1,1,1,1
231,563000007,1308,460,50,17,1,1,1,1
232,563000007,1308,460,50,17,1,1,1,1
233,563000007,1308,460,50,17,1,1,1,1
234,563000007,1308,460,50,17,1,1,1,1
235,563000007,1308,460,50,17,1,1,1,1
236,563000007,1308,460,50,17,1,1,1,1
237,563000007,1308,460,50,17,1,1,1,1
238,563000007,1308,460,50,17,1,1,1,1
239,563000007,1308,460,50,17,1,1,1,1
240,563000007,1308,460,50,17,1,1,1,1
241,563000007,1308,460,50,17,1,1,1,1
242,563000007,1308,460,50,17,1,1,1,1
243,563000007,1308,460,50,17,1,1,1,1
244,563000007,1308,460,50,17,1,1,1,1
245,563000007,1308,460,50,17,1,1,1,1
246,563000007,1308,460,50,17,1,1,1,1
247,563000007,1308,460,50,17,1,1,1,1
248,563000007,1308,460,50,17,1,1,1,1
249,563000007,1308,460,50,17,1,1,1,1
250,563000007,1308,460,50,17,1,1,1,1
251,563000007,1308,460,50,17,1,1,1,1
252,563000007,1308,460,50,17,1,1,1,1
253,563000007,1308,460,50,17,1,1,1,1
254,563000007,1309,459,50,17,1,1,1,1
255,563000007,1309,459,50,17,1,1,1,1
256,563000007,1309,459,50,17,1,1,1,1
257,563000007,1309,459,50,17,1,1,1,1
258,563000007,1309,459,50,17,1,1,1,1
259,563000007,1309,459,50,17,1,1,1,1
260,563000007,1309,459,50,17,1,1,1,1
261,563000007,1309,459,50,17,1,1,1,1
262,563000007,1309,459,50,17,1,1,1,1
263,563000007,1309,459,50,17,1,1,1,1
264,563000007,1309,459,50,17,1,1,1,1
265,563000007,1309,459,50,17,1,1,1,1
266,563000007,1309,459,50,17,1,1,1,1
267,563000007,1309,459,50,17,1,1,1,1
268,563000007,1309,459,50,17,1,1,1,1
269,563000007,1309,459,50,17,1,1,1,1
270,563000007,1309,459,50,17,1,1,1,1
271,563000007,1309,459,50,17,1,1,1,1
272,563000007,1309,459,50,17,1,1,1,1
273,563000007,1309,459,50,17,1,1,1,1
274,563000007,1309,459,50,17,1,1,1,1
275,563000007,1309,459,50,17,1,1,1,1
276,563000007,1309,459,50,17,1,1,1,1
277,563000007,1309,459,50,17,1,1,1,1
278,563000007,1309,459,50,17,1,1,1,1
279,563000007,1309,459,50,17,1,1,1,1
280,563000007,1309,461,50,13,1,1,1,1
281,563000007,1309,461,50,13,1,1,1,1
282,563000007,1309,461,50,13,1,1,1,1
283,563000007,1309,461,50,13,1,1,1,1
284,563000007,1309,461,50,13,1,1,1,1
285,563000007,1309,461,50,13,1,1,1,1
286,563000007,1309,461,50,13,1,1,1,1
287,563000007,1309,461,50,13,1,1,1,1
288,563000007,1309,461,50,13,1,1,1,1
289,563000007,1309,461,50,13,1,1,1,1
290,563000007,1309,461,50,13,1,1,1,1
291,563000007,1309,461,50,13,1,1,1,1
292,563000007,1309,461,50,13,1,1,1,1
293,563000007,1309,461,50,13,1,1,1,1
294,563000007,1309,461,50,13,1,1,1,1
295,563000007,1309,461,50,13,1,1,1,1
296,563000007,1309,461,50,13,1,1,1,1
297,563000007,1309,461,50,13,1,1,1,1
298,563000007,1309,461,50,13,1,1,1,1
299,563000007,1309,461,50,13,1,1,1,1
300,563000007,1309,461,50,13,1,1,1,1
301,563000007,1309,461,50,13,1,1,1,1
302,563000007,1309,461,50,13,1,1,1,1
303,563000007,1309,461,50,13,1,1,1,1
304,563000007,1309,461,50,13,1,1,1,1
305,563000007,1309,461,50,13,1,1,1,1
306,563000007,1309,461,50,13,1,1,1,1
307,563000007,1309,461,50,13,1,1,1,1
308,563000007,1309,461,50,13,1,1,1,1
309,563000007,1309,461,50,13,1,1,1,1
310,563000007,1309,461,50,13,1,1,1,1
311,563000007,1309,461,50,13,1,1,1,1
312,563000007,1309,461,50,13,1,1,1,1
313,563000007,1309,461,50,13,1,1,1,1
314,563000007,1308,461,50,13,1,1,1,1
315,563000007,1308,461,50,13,1,1,1,1
316,563000007,1308,461,50,13,1,1,1,1
317,563000007,1308,461,50,13,1,1,1,1
318,563000007,1308,461,50,13,1,1,1,1
319,563000007,1308,461,50,13,1,1,1,1
320,563000007,1308,461,50,13,1,1,1,1
321,563000007,1309,461,50,13,1,1,1,1
322,563000007,1309,461,50,13,1,1,1,1
323,563000007,1309,461,50,13,1,1,1,1
324,563000007,1309,461,50,13,1,1,1,1
325,563000007,1309,461,50,13,1,1,1,1
326,563000007,1309,461,50,13,1,1,1,1
327,563000007,1309,461,50,13,1,1,1,1
328,563000007,1309,461,50,13,1,1,1,1
329,563000007,1309,461,50,13,1,1,1,1
330,563000007,1309,461,50,13,1,1,1,1
331,563000007,1309,461,50,13,1,1,1,1
332,563000007,1309,461,50,13,1,1,1,1
333,563000007,1309,461,50,13,1,1,1,1
334,563000007,1309,461,50,13,1,1,1,1
335,563000007,1309,461,50,13,1,1,1,1
336,563000007,1309,461,50,13,1,1,1,1
337,563000007,1309,461,50,13,1,1,1,1
338,563000007,1309,461,50,13,1,1,1,1
339,563000007,1309,461,50,13,1,1,1,1
340,563000007,1309,461,50,13,1,1,1,1
341,563000007,1309,461,50,13,1,1,1,1
342,563000007,1309,461,50,13,1,1,1,1
343,563000007,1309,461,50,13,1,1,1,1
344,563000007,1309,461,50,13,1,1,1,1
345,563000007,1309,461,50,13,1,1,1,1
346,563000007,1309,461,50,13,1,1,1,1
347,563000007,1309,461,50,13,1,1,1,1
348,563000007,1310,461,50,13,1,1,1,1
349,563000007,1310,461,50,13,1,1,1,1
350,563000007,1310,461,50,13,1,1,1,1
351,563000007,1310,461,50,13,1,1,1,1
352,563000007,1310,461,50,13,1,1,1,1
353,563000007,1310,461,50,13,1,1,1,1
354,563000007,1310,461,50,13,1,1,1,1
355,563000007,1310,461,50,13,1,1,1,1
356,563000007,1310,461,50,13,1,1,1,1
357,563000007,1310,461,50,13,1,1,1,1
358,563000007,1310,461,50,13,1,1,1,1
359,563000007,1310,461,50,13,1,1,1,1
360,563000007,1310,461,50,13,1,1,1,1
361,563000007,1310,461,50,13,1,1,1,1
362,563000007,1311,461,50,13,1,1,1,1
363,563000007,1311,461,50,13,1,1,1,1
364,563000007,1311,461,50,13,1,1,1,1
365,563000007,1311,461,50,13,1,1,1,1
366,563000007,1311,461,50,13,1,1,1,1
367,563000007,1311,461,50,13,1,1,1,1
368,563000007,1311,461,50,13,1,1,1,1
369,563000007,1311,461,50,13,1,1,1,1
370,563000007,1311,461,50,13,1,1,1,1
371,563000007,1311,461,50,13,1,1,1,1
372,563000007,1311,461,50,13,1,1,1,1
373,563000007,1311,461,50,13,1,1,1,1
374,563000007,1311,461,50,13,1,1,1,1
375,563000007,1311,461,50,13,1,1,1,1
376,563000007,1311,461,50,13,1,1,1,1
377,563000007,1311,461,50,13,1,1,1,1
378,563000007,1311,461,50,13,1,1,1,1
379,563000007,1311,461,50,13,1,1,1,1
380,563000007,1311,461,50,13,1,1,1,1
381,563000007,1311,461,50,13,1,1,1,1
382,563000007,1311,461,50,13,1,1,1,1
383,563000007,1311,461,50,13,1,1,1,1
384,563000007,1311,461,50,13,1,1,1,1
385,563000007,1311,461,50,13,1,1,1,1
386,563000007,1311,461,50,13,1,1,1,1
387,563000007,1311,461,50,13,1,1,1,1
388,563000007,1311,461,50,13,1,1,1,1
389,563000007,1311,461,50,13,1,1,1,1
390,563000007,1311,461,50,13,1,1,1,1
391,563000007,1311,461,50,13,1,1,1,1
392,563000007,1311,461,50,13,1,1,1,1
393,563000007,1311,461,50,13,1,1,1,1
394,563000007,1311,461,50,13,1,1,1,1
395,563000007,1311,461,50,13,1,1,1,1
396,563000007,1311,461,50,13,1,1,1,1
397,563000007,1311,461,50,13,1,1,1,1
398,563000007,1311,461,50,13,1,1,1,1
399,563000007,1311,461,50,13,1,1,1,1
400,563000007,1311,461,50,13,1,1,1,1
401,563000007,1311,461,50,13,1,1,1,1
402,563000007,1311,461,50,13,1,1,1,1
403,563000007,1311,461,50,13,1,1,1,1
404,563000007,1311,461,50,13,1,1,1,1
405,563000007,1311,461,50,13,1,1,1,1
406,563000007,1311,461,50,13,1,1,1,1
407,563000007,1311,461,50,13,1,1,1,1
408,563000007,1311,461,50,13,1,1,1,1
409,563000007,1311,461,50,13,1,1,1,1
410,563000007,1311,461,50,13,1,1,1,1
411,563000007,1311,461,50,13,1,1,1,1
412,563000007,1311,461,50,13,1,1,1,1
413,563000007,1311,461,50,13,1,1,1,1
414,563000007,1311,461,50,13,1,1,1,1
415,563000007,1311,461,50,13,1,1,1,1
416,563000007,1311,461,50,13,1,1,1,1
417,563000007,1311,461,50,13,1,1,1,1
418,563000007,1311,461,50,13,1,1,1,1
419,563000007,1311,461,50,13,1,1,1,1
420,563000007,1311,461,50,13,1,1,1,1
421,563000007,1312,461,50,13,1,1,1,1
422,563000007,1312,461,50,13,1,1,1,1
423,563000007,1312,461,50,13,1,1,1,1
424,563000007,1312,461,50,13,1,1,1,1
425,563000007,1312,461,50,13,1,1,1,1
426,563000007,1312,461,50,13,1,1,1,1
427,563000007,1312,461,50,13,1,1,1,1
428,563000007,1312,461,50,13,1,1,1,1
429,563000007,1312,461,50,13,1,1,1,1
430,563000007,1312,461,50,13,1,1,1,1
431,563000007,1312,461,50,13,1,1,1,1
432,563000007,1312,461,50,13,1,1,1,1
433,563000007,1312,461,50,13,1,1,1,1
434,563000007,1312,461,50,13,1,1,1,1
435,563000007,1312,461,50,13,1,1,1,1
436,563000007,1312,461,50,13,1,1,1,1
437,563000007,1312,461,50,13,1,1,1,1
438,563000007,1312,461,50,13,1,1,1,1
439,563000007,1312,461,50,13,1,1,1,1
440,563000007,1312,461,50,13,1,1,1,1
441,563000007,1312,461,50,13,1,1,1,1
442,563000007,1312,461,50,13,1,1,1,1
443,563000007,1312,461,50,13,1,1,1,1
444,563000007,1312,461,50,13,1,1,1,1
445,563000007,1312,461,50,13,1,1,1,1
446,563000007,1312,461,50,13,1,1,1,1
447,563000007,1312,461,50,13,1,1,1,1
448,563000007,1312,461,50,13,1,1,1,1
449,563000007,1312,461,50,13,1,1,1,1
450,563000007,1312,461,50,13,1,1,1,1
451,563000007,1312,461,50,13,1,1,1,1
452,563000007,1312,461,50,13,1,1,1,1
453,563000007,1312,461,50,13,1,1,1,1
454,563000007,1312,461,50,13,1,1,1,1
455,563000007,1312,461,50,13,1,1,1,1
456,563000007,1312,461,50,13,1,1,1,1
457,563000007,1312,461,50,13,1,1,1,1
458,563000007,1312,461,50,13,1,1,1,1
459,563000007,1312,461,50,13,1,1,1,1
460,563000007,1312,461,50,13,1,1,1,1
461,563000007,1312,461,50,13,1,1,1,1
462,563000007,1312,461,50,13,1,1,1,1
463,563000007,1312,461,50,13,1,1,1,1
464,563000007,1312,461,50,13,1,1,1,1
465,563000007,1312,461,50,13,1,1,1,1
466,563000007,1312,461,50,13,1,1,1,1
467,563000007,1312,461,50,13,1,1,1,1
468,563000007,1312,461,50,13,1,1,1,1
469,563000007,1312,461,50,13,1,1,1,1
470,563000007,1312,461,50,13,1,1,1,1
471,563000007,1312,461,50,13,1,1,1,1
472,563000007,1312,461,50,13,1,1,1,1
473,563000007,1314,461,50,13,1,1,1,1
474,563000007,1314,461,50,13,1,1,1,1
475,563000007,1314,461,50,13,1,1,1,1
476,563000007,1314,461,50,13,1,1,1,1
477,563000007,1314,461,50,13,1,1,1,1
478,563000007,1314,461,50,13,1,1,1,1
479,563000007,1314,461,50,13,1,1,1,1
480,563000007,1314,461,50,13,1,1,1,1
481,563000007,1314,461,50,13,1,1,1,1
482,563000007,1314,461,50,13,1,1,1,1
483,563000007,1314,461,50,13,1,1,1,1
484,563000007,1314,461,50,13,1,1,1,1
485,563000007,1314,461,50,13,1,1,1,1
486,563000007,1314,461,50,13,1,1,1,1
487,563000007,1314,461,50,13,1,1,1,1
488,563000007,1314,461,50,13,1,1,1,1
489,563000007,1312,461,50,13,1,1,1,1
490,563000007,1312,461,50,13,1,1,1,1
491,563000007,1312,461,50,13,1,1,1,1
492,563000007,1313,461,50,13,1,1,1,1
493,563000007,1313,461,50,13,1,1,1,1
494,563000007,1313,461,50,13,1,1,1,1
495,563000007,1313,461,50,13,1,1,1,1
496,563000007,1313,461,50,13,1,1,1,1
497,563000007,1313,461,50,13,1,1,1,1
498,563000007,1312,461,50,13,1,1,1,1
499,563000007,1312,461,50,13,1,1,1,1
500,563000007,1312,461,50,13,1,1,1,1
501,563000007,1312,461,50,13,1,1,1,1
502,563000007,1312,461,50,13,1,1,1,1
503,563000007,1312,461,50,13,1,1,1,1
504,563000007,1312,461,50,13,1,1,1,1
505,563000007,1312,461,50,13,1,1,1,1
506,563000007,1312,461,50,13,1,1,1,1
507,563000007,1312,461,50,13,1,1,1,1
508,563000007,1312,461,50,13,1,1,1,1
509,563000007,1312,461,50,13,1,1,1,1
510,563000007,1312,461,50,13,1,1,1,1
511,563000007,1311,461,50,13,1,1,1,1
512,563000007,1311,461,50,13,1,1,1,1
513,563000007,1311,461,50,13,1,1,1,1
514,563000007,1311,461,50,13,1,1,1,1
515,563000007,1311,461,50,13,1,1,1,1
516,563000007,1311,461,50,13,1,1,1,1
517,563000007,1312,462,50,13,1,1,1,1
518,563000007,1312,462,50,13,1,1,1,1
519,563000007,1312,462,50,13,1,1,1,1
520,563000007,1312,462,50,13,1,1,1,1
521,563000007,1312,462,50,13,1,1,1,1
522,563000007,1312,462,50,13,1,1,1,1
523,563000007,1312,462,50,13,1,1,1,1
524,563000007,1312,462,50,13,1,1,1,1
525,563000007,1312,462,50,13,1,1,1,1
526,563000007,1312,462,50,13,1,1,1,1
527,563000007,1312,462,50,13,1,1,1,1
528,563000007,1312,462,50,13,1,1,1,1
529,563000007,1312,462,50,13,1,1,1,1
530,563000007,1312,462,50,13,1,1,1,1
531,563000007,1312,462,50,13,1,1,1,1
532,563000007,1312,462,50,13,1,1,1,1
533,563000007,1312,462,50,13,1,1,1,1
534,563000007,1312,462,50,13,1,1,1,1
535,563000007,1312,462,50,13,1,1,1,1
536,563000007,1312,462,50,13,1,1,1,1
537,563000007,1312,462,50,13,1,1,1,1
538,563000007,1312,462,50,13,1,1,1,1
539,563000007,1312,462,50,13,1,1,1,1
540,563000007,1312,462,50,13,1,1,1,1
541,563000007,1312,462,50,13,1,1,1,1
542,563000007,1312,462,50,13,1,1,1,1
543,563000007,1312,462,50,13,1,1,1,1
544,563000007,1312,462,50,13,1,1,1,1
545,563000007,1312,462,50,13,1,1,1,1
546,563000007,1314,462,50,13,1,1,1,1
547,563000007,1314,462,50,13,1,1,1,1
548,563000007,1314,462,50,13,1,1,1,1
549,563000007,1314,462,50,13,1,1,1,1
550,563000007,1314,462,50,13,1,1,1,1
551,563000007,1314,462,50,13,1,1,1,1
552,563000007,1314,462,50,13,1,1,1,1
553,563000007,1314,462,50,13,1,1,1,1
554,563000007,1314,462,50,13,1,1,1,1
555,563000007,1314,462,50,13,1,1,1,1
556,563000007,1314,462,50,13,1,1,1,1
557,563000007,1314,462,50,13,1,1,1,1
558,563000007,1314,462,50,13,1,1,1,1
559,563000007,1314,462,50,13,1,1,1,1
560,563000007,1314,462,50,13,1,1,1,1
561,563000007,1314,462,50,13,1,1,1,1
562,563000007,1314,462,50,13,1,1,1,1
563,563000007,1314,462,50,13,1,1,1,1
564,563000007,1314,462,50,13,1,1,1,1
565,563000007,1314,462,50,13,1,1,1,1
566,563000007,1314,462,50,13,1,1,1,1
567,563000007,1314,462,50,13,1,1,1,1
568,563000007,1314,462,50,13,1,1,1,1
569,563000007,1314,462,50,13,1,1,1,1
570,563000007,1314,462,50,13,1,1,1,1
571,563000007,1314,462,50,13,1,1,1,1
572,563000007,1314,462,50,13,1,1,1,1
573,563000007,1314,462,50,13,1,1,1,1
574,563000007,1314,462,50,13,1,1,1,1
575,563000007,1314,462,50,13,1,1,1,1
576,563000007,1314,462,50,13,1,1,1,1
577,563000007,1314,462,50,13,1,1,1,1
578,563000007,1314,462,50,13,1,1,1,1
579,563000007,1314,462,50,13,1,1,1,1
580,563000007,1314,462,50,13,1,1,1,1
581,563000007,1314,462,50,13,1,1,1,1
582,563000007,1314,462,50,13,1,1,1,1
583,563000007,1314,462,50,13,1,1,1,1
584,563000007,1314,462,50,13,1,1,1,1
585,563000007,1314,462,50,13,1,1,1,1
586,563000007,1314,462,50,13,1,1,1,1
587,563000007,1314,462,50,13,1,1,1,1
588,563000007,1314,462,50,13,1,1,1,1
589,563000007,1314,462,50,13,1,1,1,1
590,563000007,1314,462,50,13,1,1,1,1
591,563000007,1314,462,50,13,1,1,1,1
592,563000007,1312,461,50,13,1,1,1,1
593,563000007,1312,461,50,13,1,1,1,1
594,563000007,1312,461,50,13,1,1,1,1
595,563000007,1312,461,50,13,1,1,1,1
596,563000007,1312,461,50,13,1,1,1,1
597,563000007,1312,461,50,13,1,1,1,1
598,563000007,1313,461,50,13,1,1,1,1
599,563000007,1313,461,50,13,1,1,1,1
600,563000007,1313,461,50,13,1,1,1,1
1,563000008,1380,446,36,27,1,1,1,1
2,563000008,1380,446,36,27,1,1,1,1
3,563000008,1380,446,36,27,1,1,1,1
4,563000008,1380,446,36,27,1,1,1,1
5,563000008,1380,446,36,27,1,1,1,1
6,563000008,1381,446,34,27,1,1,1,1
7,563000008,1381,446,34,27,1,1,1,1
8,563000008,1381,446,34,27,1,1,1,1
9,563000008,1381,446,34,27,1,1,1,1
10,563000008,1381,446,34,27,1,1,1,1
11,563000008,1381,446,34,27,1,1,1,1
12,563000008,1381,446,34,27,1,1,1,1
13,563000008,1381,446,34,27,1,1,1,1
14,563000008,1381,446,34,27,1,1,1,1
15,563000008,1381,446,34,27,1,1,1,1
16,563000008,1381,446,34,27,1,1,1,1
17,563000008,1381,446,34,27,1,1,1,1
18,563000008,1381,446,34,27,1,1,1,1
19,563000008,1381,446,34,27,1,1,1,1
20,563000008,1381,446,34,27,1,1,1,1
21,563000008,1381,446,34,27,1,1,1,1
22,563000008,1381,446,34,27,1,1,1,1
23,563000008,1381,446,34,27,1,1,1,1
24,563000008,1381,446,34,27,1,1,1,1
25,563000008,1381,446,34,27,1,1,1,1
26,563000008,1381,446,34,27,1,1,1,1
27,563000008,1381,446,34,27,1,1,1,1
28,563000008,1381,446,34,27,1,1,1,1
29,563000008,1381,446,34,27,1,1,1,1
30,563000008,1381,446,34,27,1,1,1,1
31,563000008,1381,446,34,27,1,1,1,1
32,563000008,1381,446,34,27,1,1,1,1
33,563000008,1381,446,34,27,1,1,1,1
34,563000008,1381,446,34,27,1,1,1,1
35,563000008,1381,446,34,27,1,1,1,1
36,563000008,1381,446,34,27,1,1,1,1
37,563000008,1381,446,34,27,1,1,1,1
38,563000008,1381,446,34,27,1,1,1,1
39,563000008,1381,446,34,27,1,1,1,1
40,563000008,1383,447,34,27,1,1,1,1
41,563000008,1383,447,34,27,1,1,1,1
42,563000008,1383,447,34,27,1,1,1,1
43,563000008,1383,447,34,27,1,1,1,1
44,563000008,1383,447,34,27,1,1,1,1
45,563000008,1383,447,34,27,1,1,1,1
46,563000008,1383,447,34,27,1,1,1,1
47,563000008,1383,447,34,27,1,1,1,1
48,563000008,1383,447,34,27,1,1,1,1
49,563000008,1383,447,34,27,1,1,1,1
50,563000008,1383,447,34,27,1,1,1,1
51,563000008,1383,447,34,27,1,1,1,1
52,563000008,1383,447,34,27,1,1,1,1
53,563000008,1383,447,34,27,1,1,1,1
54,563000008,1384,447,34,27,1,1,1,1
55,563000008,1384,447,34,27,1,1,1,1
56,563000008,1384,447,34,27,1,1,1,1
57,563000008,1384,447,34,27,1,1,1,1
58,563000008,1384,447,34,27,1,1,1,1
59,563000008,1384,447,34,27,1,1,1,1
60,563000008,1384,447,34,27,1,1,1,1
61,563000008,1384,447,34,27,1,1,1,1
62,563000008,1384,447,34,27,1,1,1,1
63,563000008,1384,447,34,27,1,1,1,1
64,563000008,1384,447,34,27,1,1,1,1
65,563000008,1384,447,34,27,1,1,1,1
66,563000008,1384,447,34,27,1,1,1,1
67,563000008,1384,447,34,27,1,1,1,1
68,563000008,1384,447,34,27,1,1,1,1
69,563000008,1384,447,34,27,1,1,1,1
70,563000008,1384,447,34,27,1,1,1,1
71,563000008,1384,447,34,27,1,1,1,1
72,563000008,1384,447,34,27,1,1,1,1
73,563000008,1384,447,34,27,1,1,1,1
74,563000008,1384,447,34,27,1,1,1,1
75,563000008,1384,447,34,27,1,1,1,1
76,563000008,1384,447,34,27,1,1,1,1
77,563000008,1384,447,34,27,1,1,1,1
78,563000008,1384,447,34,27,1,1,1,1
79,563000008,1384,447,34,27,1,1,1,1
80,563000008,1384,447,34,27,1,1,1,1
81,563000008,1384,447,34,27,1,1,1,1
82,563000008,1384,447,34,27,1,1,1,1
83,563000008,1384,447,34,27,1,1,1,1
84,563000008,1384,447,34,27,1,1,1,1
85,563000008,1384,447,34,27,1,1,1,1
86,563000008,1385,447,34,27,1,1,1,1
87,563000008,1385,447,34,27,1,1,1,1
88,563000008,1385,447,34,27,1,1,1,1
89,563000008,1385,447,34,27,1,1,1,1
90,563000008,1385,447,34,27,1,1,1,1
91,563000008,1385,447,34,27,1,1,1,1
92,563000008,1385,447,34,27,1,1,1,1
93,563000008,1385,447,34,27,1,1,1,1
94,563000008,1385,447,34,27,1,1,1,1
95,563000008,1385,447,34,27,1,1,1,1
96,563000008,1385,447,34,27,1,1,1,1
97,563000008,1385,447,34,27,1,1,1,1
98,563000008,1385,447,34,27,1,1,1,1
99,563000008,1385,447,34,27,1,1,1,1
100,563000008,1386,447,34,27,1,1,1,1
101,563000008,1386,447,34,27,1,1,1,1
102,563000008,1386,447,34,27,1,1,1,1
103,563000008,1386,447,34,27,1,1,1,1
104,563000008,1386,447,34,27,1,1,1,1
105,563000008,1386,447,34,27,1,1,1,1
106,563000008,1386,447,34,27,1,1,1,1
107,563000008,1386,447,34,27,1,1,1,1
108,563000008,1386,447,34,27,1,1,1,1
109,563000008,1386,447,34,27,1,1,1,1
110,563000008,1386,447,34,27,1,1,1,1
111,563000008,1386,447,34,27,1,1,1,1
112,563000008,1386,447,34,27,1,1,1,1
113,563000008,1386,447,34,27,1,1,1,1
114,563000008,1386,447,34,27,1,1,1,1
115,563000008,1386,447,34,27,1,1,1,1
116,563000008,1386,447,34,27,1,1,1,1
117,563000008,1386,447,34,27,1,1,1,1
118,563000008,1386,447,34,27,1,1,1,1
119,563000008,1386,447,34,27,1,1,1,1
120,563000008,1386,447,34,27,1,1,1,1
121,563000008,1386,447,34,27,1,1,1,1
122,563000008,1386,447,34,27,1,1,1,1
123,563000008,1386,447,34,27,1,1,1,1
124,563000008,1386,447,34,27,1,1,1,1
125,563000008,1386,447,34,27,1,1,1,1
126,563000008,1386,447,34,27,1,1,1,1
127,563000008,1386,447,34,27,1,1,1,1
128,563000008,1387,448,34,27,1,1,1,1
129,563000008,1387,448,34,27,1,1,1,1
130,563000008,1387,448,34,27,1,1,1,1
131,563000008,1387,448,34,27,1,1,1,1
132,563000008,1387,448,34,27,1,1,1,1
133,563000008,1387,448,34,27,1,1,1,1
134,563000008,1387,448,34,27,1,1,1,1
135,563000008,1387,448,34,27,1,1,1,1
136,563000008,1387,448,34,27,1,1,1,1
137,563000008,1387,448,34,27,1,1,1,1
138,563000008,1387,448,34,27,1,1,1,1
139,563000008,1387,448,34,27,1,1,1,1
140,563000008,1388,448,34,27,1,1,1,1
141,563000008,1388,448,34,27,1,1,1,1
142,563000008,1388,448,34,27,1,1,1,1
143,563000008,1388,448,34,27,1,1,1,1
144,563000008,1388,448,34,27,1,1,1,1
145,563000008,1388,448,34,27,1,1,1,1
146,563000008,1388,448,34,27,1,1,1,1
147,563000008,1388,448,34,27,1,1,1,1
148,563000008,1388,448,34,27,1,1,1,1
149,563000008,1388,448,34,27,1,1,1,1
150,563000008,1388,448,34,27,1,1,1,1
151,563000008,1388,448,34,27,1,1,1,1
152,563000008,1388,448,34,27,1,1,1,1
153,563000008,1388,448,34,27,1,1,1,1
154,563000008,1388,448,34,27,1,1,1,1
155,563000008,1388,448,34,27,1,1,1,1
156,563000008,1388,448,34,27,1,1,1,1
157,563000008,1388,448,34,27,1,1,1,1
158,563000008,1388,448,34,27,1,1,1,1
159,563000008,1388,448,34,27,1,1,1,1
160,563000008,1388,448,34,27,1,1,1,1
161,563000008,1388,448,34,27,1,1,1,1
162,563000008,1388,448,34,27,1,1,1,1
163,563000008,1388,448,34,27,1,1,1,1
164,563000008,1388,448,34,27,1,1,1,1
165,563000008,1388,448,34,27,1,1,1,1
166,563000008,1388,448,34,27,1,1,1,1
167,563000008,1388,448,34,27,1,1,1,1
168,563000008,1388,448,34,27,1,1,1,1
169,563000008,1388,448,34,27,1,1,1,1
170,563000008,1388,448,34,27,1,1,1,1
171,563000008,1388,448,34,27,1,1,1,1
172,563000008,1388,448,34,27,1,1,1,1
173,563000008,1388,448,34,27,1,1,1,1
174,563000008,1388,448,34,27,1,1,1,1
175,563000008,1388,448,34,27,1,1,1,1
176,563000008,1388,448,34,27,1,1,1,1
177,563000008,1388,448,34,27,1,1,1,1
178,563000008,1388,448,34,27,1,1,1,1
179,563000008,1388,448,34,27,1,1,1,1
180,563000008,1388,448,34,27,1,1,1,1
181,563000008,1387,448,34,27,1,1,1,1
182,563000008,1387,448,34,27,1,1,1,1
183,563000008,1387,448,34,27,1,1,1,1
184,563000008,1387,448,34,27,1,1,1,1
185,563000008,1387,448,34,27,1,1,1,1
186,563000008,1387,448,34,27,1,1,1,1
187,563000008,1387,448,34,27,1,1,1,1
188,563000008,1387,448,34,27,1,1,1,1
189,563000008,1387,448,34,27,1,1,1,1
190,563000008,1387,448,34,27,1,1,1,1
191,563000008,1387,448,34,27,1,1,1,1
192,563000008,1387,448,34,27,1,1,1,1
193,563000008,1387,448,34,27,1,1,1,1
194,563000008,1387,448,34,27,1,1,1,1
195,563000008,1387,448,34,27,1,1,1,1
196,563000008,1387,448,34,27,1,1,1,1
197,563000008,1387,448,34,27,1,1,1,1
198,563000008,1387,448,34,27,1,1,1,1
199,563000008,1388,448,34,27,1,1,1,1
200,563000008,1388,448,34,27,1,1,1,1
201,563000008,1388,448,34,27,1,1,1,1
202,563000008,1388,448,34,27,1,1,1,1
203,563000008,1388,448,34,27,1,1,1,1
204,563000008,1388,448,34,27,1,1,1,1
205,563000008,1388,448,34,27,1,1,1,1
206,563000008,1388,448,34,27,1,1,1,1
207,563000008,1388,448,34,27,1,1,1,1
208,563000008,1388,448,34,27,1,1,1,1
209,563000008,1388,448,34,27,1,1,1,1
210,563000008,1388,448,34,27,1,1,1,1
211,563000008,1388,448,34,27,1,1,1,1
212,563000008,1388,448,34,27,1,1,1,1
213,563000008,1388,448,34,27,1,1,1,1
214,563000008,1388,448,34,27,1,1,1,1
215,563000008,1388,448,34,27,1,1,1,1
216,563000008,1388,448,34,27,1,1,1,1
217,563000008,1388,448,34,27,1,1,1,1
218,563000008,1389,448,34,27,1,1,1,1
219,563000008,1389,448,34,27,1,1,1,1
220,563000008,1389,448,34,27,1,1,1,1
221,563000008,1389,448,34,27,1,1,1,1
222,563000008,1389,448,34,27,1,1,1,1
223,563000008,1389,448,34,27,1,1,1,1
224,563000008,1389,448,34,27,1,1,1,1
225,563000008,1389,448,34,27,1,1,1,1
226,563000008,1389,448,34,27,1,1,1,1
227,563000008,1389,448,34,27,1,1,1,1
228,563000008,1389,448,34,27,1,1,1,1
229,563000008,1389,448,34,27,1,1,1,1
230,563000008,1389,448,34,27,1,1,1,1
231,563000008,1389,448,34,27,1,1,1,1
232,563000008,1389,448,34,27,1,1,1,1
233,563000008,1389,448,34,27,1,1,1,1
234,563000008,1389,448,34,27,1,1,1,1
235,563000008,1389,448,34,27,1,1,1,1
236,563000008,1389,448,34,27,1,1,1,1
237,563000008,1389,448,34,27,1,1,1,1
238,563000008,1389,448,34,27,1,1,1,1
239,563000008,1389,448,34,27,1,1,1,1
240,563000008,1389,448,34,27,1,1,1,1
241,563000008,1389,448,34,27,1,1,1,1
242,563000008,1389,448,34,27,1,1,1,1
243,563000008,1389,448,34,27,1,1,1,1
244,563000008,1389,448,34,27,1,1,1,1
245,563000008,1389,448,34,27,1,1,1,1
246,563000008,1389,448,34,27,1,1,1,1
247,563000008,1389,448,34,27,1,1,1,1
248,563000008,1389,448,34,27,1,1,1,1
249,563000008,1389,448,34,27,1,1,1,1
250,563000008,1389,448,34,27,1,1,1,1
251,563000008,1389,448,34,27,1,1,1,1
252,563000008,1389,448,34,27,1,1,1,1
253,563000008,1389,448,34,27,1,1,1,1
254,563000008,1389,448,34,27,1,1,1,1
255,563000008,1389,448,34,27,1,1,1,1
256,563000008,1389,448,34,27,1,1,1,1
257,563000008,1389,448,34,27,1,1,1,1
258,563000008,1389,448,34,27,1,1,1,1
259,563000008,1389,448,34,27,1,1,1,1
260,563000008,1389,448,34,27,1,1,1,1
261,563000008,1389,448,34,27,1,1,1,1
262,563000008,1389,448,34,27,1,1,1,1
263,563000008,1389,448,34,27,1,1,1,1
264,563000008,1389,448,34,27,1,1,1,1
265,563000008,1389,448,34,27,1,1,1,1
266,563000008,1389,448,34,27,1,1,1,1
267,563000008,1389,448,34,27,1,1,1,1
268,563000008,1389,448,34,27,1,1,1,1
269,563000008,1389,448,34,27,1,1,1,1
270,563000008,1389,448,34,27,1,1,1,1
271,563000008,1389,448,34,27,1,1,1,1
272,563000008,1389,448,34,27,1,1,1,1
273,563000008,1389,448,34,27,1,1,1,1
274,563000008,1389,448,34,27,1,1,1,1
275,563000008,1389,448,34,27,1,1,1,1
276,563000008,1389,448,34,27,1,1,1,1
277,563000008,1389,448,34,27,1,1,1,1
278,563000008,1389,448,34,27,1,1,1,1
279,563000008,1389,448,34,27,1,1,1,1
280,563000008,1390,448,35,28,1,1,1,1
281,563000008,1390,448,35,28,1,1,1,1
282,563000008,1390,448,35,28,1,1,1,1
283,563000008,1390,448,35,28,1,1,1,1
284,563000008,1390,448,35,28,1,1,1,1
285,563000008,1390,448,35,28,1,1,1,1
286,563000008,1390,448,35,28,1,1,1,1
287,563000008,1390,448,35,28,1,1,1,1
288,563000008,1390,448,35,28,1,1,1,1
289,563000008,1390,448,35,28,1,1,1,1
290,563000008,1390,448,35,28,1,1,1,1
291,563000008,1390,448,35,28,1,1,1,1
292,563000008,1390,448,35,28,1,1,1,1
293,563000008,1390,448,35,28,1,1,1,1
294,563000008,1390,448,35,28,1,1,1,1
295,563000008,1390,448,35,28,1,1,1,1
296,563000008,1390,448,35,28,1,1,1,1
297,563000008,1390,448,35,28,1,1,1,1
298,563000008,1390,448,35,28,1,1,1,1
299,563000008,1390,448,35,28,1,1,1,1
300,563000008,1390,448,35,28,1,1,1,1
301,563000008,1390,448,35,28,1,1,1,1
302,563000008,1390,448,35,28,1,1,1,1
303,563000008,1390,448,35,28,1,1,1,1
304,563000008,1390,448,35,28,1,1,1,1
305,563000008,1390,448,35,28,1,1,1,1
306,563000008,1390,448,35,28,1,1,1,1
307,563000008,1390,448,35,28,1,1,1,1
308,563000008,1390,448,35,28,1,1,1,1
309,563000008,1390,448,35,28,1,1,1,1
310,563000008,1390,448,35,28,1,1,1,1
311,563000008,1390,448,35,28,1,1,1,1
312,563000008,1390,448,35,28,1,1,1,1
313,563000008,1390,448,35,28,1,1,1,1
314,563000008,1390,448,35,28,1,1,1,1
315,563000008,1390,448,35,28,1,1,1,1
316,563000008,1390,448,35,28,1,1,1,1
317,563000008,1390,448,35,28,1,1,1,1
318,563000008,1390,448,35,28,1,1,1,1
319,563000008,1390,448,35,28,1,1,1,1
320,563000008,1390,448,35,28,1,1,1,1
321,563000008,1390,448,35,28,1,1,1,1
322,563000008,1390,447,35,28,1,1,1,1
323,563000008,1390,447,35,28,1,1,1,1
324,563000008,1390,447,35,28,1,1,1,1
325,563000008,1390,447,35,28,1,1,1,1
326,563000008,1390,447,35,28,1,1,1,1
327,563000008,1390,447,35,28,1,1,1,1
328,563000008,1390,447,35,28,1,1,1,1
329,563000008,1390,447,35,28,1,1,1,1
330,563000008,1390,447,35,28,1,1,1,1
331,563000008,1390,447,35,28,1,1,1,1
332,563000008,1390,447,35,28,1,1,1,1
333,563000008,1390,447,35,28,1,1,1,1
334,563000008,1390,447,35,28,1,1,1,1
335,563000008,1390,447,35,28,1,1,1,1
336,563000008,1390,447,35,28,1,1,1,1
337,563000008,1390,447,35,28,1,1,1,1
338,563000008,1390,447,35,28,1,1,1,1
339,563000008,1390,447,35,28,1,1,1,1
340,563000008,1391,447,35,28,1,1,1,1
341,563000008,1391,447,35,28,1,1,1,1
342,563000008,1391,447,35,28,1,1,1,1
343,563000008,1391,447,35,28,1,1,1,1
344,563000008,1391,447,35,28,1,1,1,1
345,563000008,1391,447,35,28,1,1,1,1
346,563000008,1391,447,35,28,1,1,1,1
347,563000008,1391,447,35,28,1,1,1,1
348,563000008,1391,447,35,28,1,1,1,1
349,563000008,1391,447,35,28,1,1,1,1
350,563000008,1391,447,35,28,1,1,1,1
351,563000008,1391,447,35,28,1,1,1,1
352,563000008,1391,447,35,28,1,1,1,1
353,563000008,1391,447,35,28,1,1,1,1
354,563000008,1391,447,35,28,1,1,1,1
355,563000008,1391,447,35,28,1,1,1,1
356,563000008,1391,447,35,28,1,1,1,1
357,563000008,1391,447,35,28,1,1,1,1
358,563000008,1391,447,35,28,1,1,1,1
359,563000008,1391,447,35,28,1,1,1,1
360,563000008,1391,447,35,28,1,1,1,1
361,563000008,1391,447,35,28,1,1,1,1
362,563000008,1393,447,35,28,1,1,1,1
363,563000008,1393,447,35,28,1,1,1,1
364,563000008,1393,447,35,28,1,1,1,1
365,563000008,1393,447,35,28,1,1,1,1
366,563000008,1393,447,35,28,1,1,1,1
367,563000008,1393,447,35,28,1,1,1,1
368,563000008,1393,447,35,28,1,1,1,1
369,563000008,1393,447,35,28,1,1,1,1
370,563000008,1393,447,35,28,1,1,1,1
371,563000008,1393,447,35,28,1,1,1,1
372,563000008,1393,447,35,28,1,1,1,1
373,563000008,1393,447,35,28,1,1,1,1
374,563000008,1393,447,35,28,1,1,1,1
375,563000008,1393,447,35,28,1,1,1,1
376,563000008,1393,447,35,28,1,1,1,1
377,563000008,1393,447,35,28,1,1,1,1
378,563000008,1393,447,35,28,1,1,1,1
379,563000008,1393,447,35,28,1,1,1,1
380,563000008,1393,447,35,28,1,1,1,1
381,563000008,1393,447,35,28,1,1,1,1
382,563000008,1393,447,35,28,1,1,1,1
383,563000008,1393,447,35,28,1,1,1,1
384,563000008,1393,447,35,28,1,1,1,1
385,563000008,1393,447,35,28,1,1,1,1
386,563000008,1393,447,35,28,1,1,1,1
387,563000008,1393,447,35,28,1,1,1,1
388,563000008,1393,447,35,28,1,1,1,1
389,563000008,1393,447,35,28,1,1,1,1
390,563000008,1393,447,35,28,1,1,1,1
391,563000008,1393,447,35,28,1,1,1,1
392,563000008,1393,447,35,28,1,1,1,1
393,563000008,1393,447,35,28,1,1,1,1
394,563000008,1393,447,35,28,1,1,1,1
395,563000008,1393,447,35,28,1,1,1,1
396,563000008,1393,447,35,28,1,1,1,1
397,563000008,1393,447,35,28,1,1,1,1
398,563000008,1393,447,35,28,1,1,1,1
399,563000008,1393,447,35,28,1,1,1,1
400,563000008,1393,447,35,28,1,1,1,1
401,563000008,1393,447,35,28,1,1,1,1
402,563000008,1393,447,35,28,1,1,1,1
403,563000008,1393,447,35,28,1,1,1,1
404,563000008,1393,447,35,28,1,1,1,1
405,563000008,1393,447,35,28,1,1,1,1
406,563000008,1393,447,35,28,1,1,1,1
407,563000008,1393,447,35,28,1,1,1,1
408,563000008,1393,447,35,28,1,1,1,1
409,563000008,1393,447,35,28,1,1,1,1
410,563000008,1393,447,35,28,1,1,1,1
411,563000008,1393,447,35,28,1,1,1,1
412,563000008,1393,447,35,28,1,1,1,1
413,563000008,1393,447,35,28,1,1,1,1
414,563000008,1393,447,35,28,1,1,1,1
415,563000008,1393,447,35,28,1,1,1,1
416,563000008,1393,447,35,28,1,1,1,1
417,563000008,1393,447,35,28,1,1,1,1
418,563000008,1393,447,35,28,1,1,1,1
419,563000008,1393,447,35,28,1,1,1,1
420,563000008,1393,447,35,28,1,1,1,1
421,563000008,1394,447,35,28,1,1,1,1
422,563000008,1394,447,35,28,1,1,1,1
423,563000008,1394,447,35,28,1,1,1,1
424,563000008,1394,447,35,28,1,1,1,1
425,563000008,1394,447,35,28,1,1,1,1
426,563000008,1394,447,35,28,1,1,1,1
427,563000008,1394,447,35,28,1,1,1,1
428,563000008,1394,447,35,28,1,1,1,1
429,563000008,1394,447,35,28,1,1,1,1
430,563000008,1394,447,35,28,1,1,1,1
431,563000008,1394,447,35,28,1,1,1,1
432,563000008,1394,447,35,28,1,1,1,1
433,563000008,1394,447,35,28,1,1,1,1
434,563000008,1394,447,35,28,1,1,1,1
435,563000008,1394,447,35,28,1,1,1,1
436,563000008,1394,447,35,28,1,1,1,1
437,563000008,1394,447,35,28,1,1,1,1
438,563000008,1394,447,35,28,1,1,1,1
439,563000008,1394,447,35,28,1,1,1,1
440,563000008,1394,447,35,28,1,1,1,1
441,563000008,1394,447,35,28,1,1,1,1
442,563000008,1394,447,35,28,1,1,1,1
443,563000008,1394,447,35,28,1,1,1,1
444,563000008,1394,447,35,28,1,1,1,1
445,563000008,1394,447,35,28,1,1,1,1
446,563000008,1394,447,35,28,1,1,1,1
447,563000008,1394,447,35,28,1,1,1,1
448,563000008,1394,447,35,28,1,1,1,1
449,563000008,1394,447,35,28,1,1,1,1
450,563000008,1394,447,35,28,1,1,1,1
451,563000008,1394,447,35,28,1,1,1,1
452,563000008,1394,447,35,28,1,1,1,1
453,563000008,1394,447,35,28,1,1,1,1
454,563000008,1394,447,35,28,1,1,1,1
455,563000008,1396,447,35,28,1,1,1,1
456,563000008,1396,447,35,28,1,1,1,1
457,563000008,1396,447,35,28,1,1,1,1
458,563000008,1396,447,35,28,1,1,1,1
459,563000008,1396,447,35,28,1,1,1,1
460,563000008,1396,447,35,28,1,1,1,1
461,563000008,1396,447,35,28,1,1,1,1
462,563000008,1396,447,35,28,1,1,1,1
463,563000008,1396,447,35,28,1,1,1,1
464,563000008,1396,447,35,28,1,1,1,1
465,563000008,1396,447,35,28,1,1,1,1
466,563000008,1396,447,35,28,1,1,1,1
467,563000008,1396,447,35,28,1,1,1,1
468,563000008,1396,447,35,28,1,1,1,1
469,563000008,1396,447,35,28,1,1,1,1
470,563000008,1396,447,35,28,1,1,1,1
471,563000008,1396,447,35,28,1,1,1,1
472,563000008,1396,447,35,28,1,1,1,1
473,563000008,1396,447,35,28,1,1,1,1
474,563000008,1396,447,35,28,1,1,1,1
475,563000008,1396,447,35,28,1,1,1,1
476,563000008,1396,447,35,28,1,1,1,1
477,563000008,1396,447,35,28,1,1,1,1
478,563000008,1396,447,35,28,1,1,1,1
479,563000008,1396,447,35,28,1,1,1,1
480,563000008,1396,447,35,28,1,1,1,1
481,563000008,1396,447,35,28,1,1,1,1
482,563000008,1396,447,35,28,1,1,1,1
483,563000008,1396,447,35,28,1,1,1,1
484,563000008,1396,447,35,28,1,1,1,1
485,563000008,1396,447,35,28,1,1,1,1
486,563000008,1396,447,35,28,1,1,1,1
487,563000008,1396,447,35,28,1,1,1,1
488,563000008,1396,447,35,28,1,1,1,1
489,563000008,1396,447,35,28,1,1,1,1
490,563000008,1395,447,35,28,1,1,1,1
491,563000008,1395,447,35,28,1,1,1,1
492,563000008,1395,447,35,28,1,1,1,1
493,563000008,1395,447,35,28,1,1,1,1
494,563000008,1395,447,35,28,1,1,1,1
495,563000008,1395,447,35,28,1,1,1,1
496,563000008,1395,447,35,28,1,1,1,1
497,563000008,1395,447,35,28,1,1,1,1
498,563000008,1394,447,35,28,1,1,1,1
499,563000008,1394,447,35,28,1,1,1,1
500,563000008,1394,447,35,28,1,1,1,1
501,563000008,1394,447,35,28,1,1,1,1
502,563000008,1394,447,35,28,1,1,1,1
503,563000008,1394,447,35,28,1,1,1,1
504,563000008,1394,447,35,28,1,1,1,1
505,563000008,1394,447,35,28,1,1,1,1
506,563000008,1394,447,35,28,1,1,1,1
507,563000008,1394,447,35,28,1,1,1,1
508,563000008,1394,447,35,28,1,1,1,1
509,563000008,1394,447,35,28,1,1,1,1
510,563000008,1394,447,35,28,1,1,1,1
511,563000008,1394,447,35,28,1,1,1,1
512,563000008,1394,447,35,28,1,1,1,1
513,563000008,1394,447,35,28,1,1,1,1
514,563000008,1394,447,35,28,1,1,1,1
515,563000008,1394,447,35,28,1,1,1,1
516,563000008,1394,447,35,28,1,1,1,1
517,563000008,1394,447,35,28,1,1,1,1
518,563000008,1394,447,35,28,1,1,1,1
519,563000008,1394,447,35,28,1,1,1,1
520,563000008,1394,447,35,28,1,1,1,1
521,563000008,1394,447,35,28,1,1,1,1
522,563000008,1394,447,35,28,1,1,1,1
523,563000008,1394,447,35,28,1,1,1,1
524,563000008,1394,447,35,28,1,1,1,1
525,563000008,1394,447,35,28,1,1,1,1
526,563000008,1394,447,35,28,1,1,1,1
527,563000008,1394,447,35,28,1,1,1,1
528,563000008,1394,447,35,28,1,1,1,1
529,563000008,1394,447,35,28,1,1,1,1
530,563000008,1394,447,35,28,1,1,1,1
531,563000008,1394,447,35,28,1,1,1,1
532,563000008,1394,447,35,28,1,1,1,1
533,563000008,1394,447,35,28,1,1,1,1
534,563000008,1394,447,35,28,1,1,1,1
535,563000008,1394,447,35,28,1,1,1,1
536,563000008,1396,447,35,28,1,1,1,1
537,563000008,1396,447,35,28,1,1,1,1
538,563000008,1396,447,35,28,1,1,1,1
539,563000008,1396,447,35,28,1,1,1,1
540,563000008,1396,447,35,28,1,1,1,1
541,563000008,1396,447,35,28,1,1,1,1
542,563000008,1396,447,35,28,1,1,1,1
543,563000008,1396,447,35,28,1,1,1,1
544,563000008,1396,447,35,28,1,1,1,1
545,563000008,1396,447,35,28,1,1,1,1
546,563000008,1396,447,35,28,1,1,1,1
547,563000008,1396,447,35,28,1,1,1,1
548,563000008,1396,447,35,28,1,1,1,1
549,563000008,1397,447,35,28,1,1,1,1
550,563000008,1397,447,35,28,1,1,1,1
551,563000008,1397,447,35,28,1,1,1,1
552,563000008,1397,447,35,28,1,1,1,1
553,563000008,1397,447,35,28,1,1,1,1
554,563000008,1397,447,35,28,1,1,1,1
555,563000008,1397,447,35,28,1,1,1,1
556,563000008,1397,447,35,28,1,1,1,1
557,563000008,1397,447,35,28,1,1,1,1
558,563000008,1397,447,35,28,1,1,1,1
559,563000008,1397,447,35,28,1,1,1,1
560,563000008,1397,447,35,28,1,1,1,1
561,563000008,1397,447,35,28,1,1,1,1
562,563000008,1397,447,35,28,1,1,1,1
563,563000008,1397,447,35,28,1,1,1,1
564,563000008,1397,447,35,28,1,1,1,1
565,563000008,1397,447,35,28,1,1,1,1
566,563000008,1397,447,35,28,1,1,1,1
567,563000008,1397,447,35,28,1,1,1,1
568,563000008,1397,447,35,28,1,1,1,1
569,563000008,1398,447,35,28,1,1,1,1
570,563000008,1398,447,35,28,1,1,1,1
571,563000008,1398,447,35,28,1,1,1,1
572,563000008,1398,447,35,28,1,1,1,1
573,563000008,1398,447,35,28,1,1,1,1
574,563000008,1398,447,35,28,1,1,1,1
575,563000008,1398,447,35,28,1,1,1,1
576,563000008,1398,447,35,28,1,1,1,1
577,563000008,1398,447,35,28,1,1,1,1
578,563000008,1398,447,35,28,1,1,1,1
579,563000008,1398,447,35,28,1,1,1,1
580,563000008,1398,447,35,28,1,1,1,1
581,563000008,1398,447,35,28,1,1,1,1
582,563000008,1398,447,35,28,1,1,1,1
583,563000008,1398,447,35,28,1,1,1,1
584,563000008,1398,447,35,28,1,1,1,1
585,563000008,1398,447,35,28,1,1,1,1
586,563000008,1398,447,35,28,1,1,1,1
587,563000008,1398,447,35,28,1,1,1,1
588,563000008,1398,447,35,28,1,1,1,1
589,563000008,1398,447,35,28,1,1,1,1
590,563000008,1398,447,35,28,1,1,1,1
591,563000008,1398,447,35,28,1,1,1,1
592,563000008,1396,446,35,28,1,1,1,1
593,563000008,1396,446,35,28,1,1,1,1
594,563000008,1396,446,35,28,1,1,1,1
595,563000008,1396,446,35,28,1,1,1,1
596,563000008,1396,446,35,28,1,1,1,1
597,563000008,1396,446,35,28,1,1,1,1
598,563000008,1396,446,35,28,1,1,1,1
599,563000008,1396,446,35,28,1,1,1,1
600,563000008,1396,446,35,28,1,1,1,1
1,563000009,1701,443,36,30,1,1,1,1
2,563000009,1701,443,36,30,1,1,1,1
3,563000009,1701,443,36,30,1,1,1,1
4,563000009,1701,443,36,30,1,1,1,1
5,563000009,1701,443,36,30,1,1,1,1
6,563000009,1701,443,36,30,1,1,1,1
7,563000009,1701,443,36,30,1,1,1,1
8,563000009,1701,443,36,30,1,1,1,1
9,563000009,1701,443,36,30,1,1,1,1
10,563000009,1701,443,36,30,1,1,1,1
11,563000009,1701,443,36,30,1,1,1,1
12,563000009,1701,443,36,30,1,1,1,1
13,563000009,1701,443,36,30,1,1,1,1
14,563000009,1701,443,36,30,1,1,1,1
15,563000009,1701,443,36,30,1,1,1,1
16,563000009,1701,443,36,30,1,1,1,1
17,563000009,1701,443,36,30,1,1,1,1
18,563000009,1701,443,36,30,1,1,1,1
19,563000009,1701,443,36,30,1,1,1,1
20,563000009,1701,443,36,30,1,1,1,1
21,563000009,1701,443,36,30,1,1,1,1
22,563000009,1701,443,36,30,1,1,1,1
23,563000009,1701,443,36,30,1,1,1,1
24,563000009,1701,443,36,30,1,1,1,1
25,563000009,1701,443,36,30,1,1,1,1
26,563000009,1701,443,36,30,1,1,1,1
27,563000009,1701,443,36,30,1,1,1,1
28,563000009,1701,443,36,30,1,1,1,1
29,563000009,1701,443,36,30,1,1,1,1
30,563000009,1701,443,36,30,1,1,1,1
31,563000009,1701,443,36,30,1,1,1,1
32,563000009,1701,443,36,30,1,1,1,1
33,563000009,1701,443,36,30,1,1,1,1
34,563000009,1701,443,36,30,1,1,1,1
35,563000009,1701,443,36,30,1,1,1,1
36,563000009,1701,443,36,30,1,1,1,1
37,563000009,1701,443,36,30,1,1,1,1
38,563000009,1701,443,36,30,1,1,1,1
39,563000009,1701,443,36,30,1,1,1,1
40,563000009,1702,443,36,30,1,1,1,1
41,563000009,1702,443,36,30,1,1,1,1
42,563000009,1702,443,36,30,1,1,1,1
43,563000009,1702,443,36,30,1,1,1,1
44,563000009,1702,443,36,30,1,1,1,1
45,563000009,1702,443,36,30,1,1,1,1
46,563000009,1702,443,36,30,1,1,1,1
47,563000009,1702,443,36,30,1,1,1,1
48,563000009,1702,443,36,30,1,1,1,1
49,563000009,1702,443,36,30,1,1,1,1
50,563000009,1702,443,36,30,1,1,1,1
51,563000009,1702,443,36,30,1,1,1,1
52,563000009,1702,443,36,30,1,1,1,1
53,563000009,1702,443,36,30,1,1,1,1
54,563000009,1703,443,36,30,1,1,1,1
55,563000009,1703,443,36,30,1,1,1,1
56,563000009,1703,443,36,30,1,1,1,1
57,563000009,1703,443,36,30,1,1,1,1
58,563000009,1703,443,36,30,1,1,1,1
59,563000009,1703,443,36,30,1,1,1,1
60,563000009,1703,443,36,30,1,1,1,1
61,563000009,1703,443,36,30,1,1,1,1
62,563000009,1703,443,36,30,1,1,1,1
63,563000009,1703,443,36,30,1,1,1,1
64,563000009,1703,443,36,30,1,1,1,1
65,563000009,1703,443,36,30,1,1,1,1
66,563000009,1703,443,36,30,1,1,1,1
67,563000009,1703,443,36,30,1,1,1,1
68,563000009,1703,443,36,30,1,1,1,1
69,563000009,1704,443,36,30,1,1,1,1
70,563000009,1704,443,36,30,1,1,1,1
71,563000009,1704,443,36,30,1,1,1,1
72,563000009,1702,443,36,30,1,1,1,1
73,563000009,1702,443,36,30,1,1,1,1
74,563000009,1702,443,36,30,1,1,1,1
75,563000009,1702,443,36,30,1,1,1,1
76,563000009,1704,443,36,30,1,1,1,1
77,563000009,1704,443,36,30,1,1,1,1
78,563000009,1704,443,36,30,1,1,1,1
79,563000009,1704,443,36,30,1,1,1,1
80,563000009,1704,443,36,30,1,1,1,1
81,563000009,1704,443,36,30,1,1,1,1
82,563000009,1704,443,36,30,1,1,1,1
83,563000009,1704,443,36,30,1,1,1,1
84,563000009,1704,443,36,30,1,1,1,1
85,563000009,1704,443,36,30,1,1,1,1
86,563000009,1705,443,36,30,1,1,1,1
87,563000009,1705,443,36,30,1,1,1,1
88,563000009,1705,443,36,30,1,1,1,1
89,563000009,1705,443,36,30,1,1,1,1
90,563000009,1705,443,36,30,1,1,1,1
91,563000009,1705,443,36,30,1,1,1,1
92,563000009,1705,443,36,30,1,1,1,1
93,563000009,1705,443,36,30,1,1,1,1
94,563000009,1705,443,36,30,1,1,1,1
95,563000009,1705,443,36,30,1,1,1,1
96,563000009,1705,443,36,30,1,1,1,1
97,563000009,1705,443,36,30,1,1,1,1
98,563000009,1705,443,36,30,1,1,1,1
99,563000009,1705,443,36,30,1,1,1,1
100,563000009,1706,443,36,30,1,1,1,1
101,563000009,1706,443,36,30,1,1,1,1
102,563000009,1706,443,36,30,1,1,1,1
103,563000009,1706,443,36,30,1,1,1,1
104,563000009,1706,443,36,30,1,1,1,1
105,563000009,1706,443,36,30,1,1,1,1
106,563000009,1706,443,36,30,1,1,1,1
107,563000009,1706,443,36,30,1,1,1,1
108,563000009,1708,443,36,30,1,1,1,1
109,563000009,1708,443,36,30,1,1,1,1
110,563000009,1708,443,36,30,1,1,1,1
111,563000009,1708,443,36,30,1,1,1,1
112,563000009,1708,443,36,30,1,1,1,1
113,563000009,1708,443,36,30,1,1,1,1
114,563000009,1708,443,36,30,1,1,1,1
115,563000009,1708,443,36,30,1,1,1,1
116,563000009,1708,443,36,30,1,1,1,1
117,563000009,1708,443,36,30,1,1,1,1
118,563000009,1708,443,36,30,1,1,1,1
119,563000009,1708,443,36,30,1,1,1,1
120,563000009,1708,443,36,30,1,1,1,1
121,563000009,1708,443,36,30,1,1,1,1
122,563000009,1708,443,36,30,1,1,1,1
123,563000009,1708,443,36,30,1,1,1,1
124,563000009,1708,443,36,30,1,1,1,1
125,563000009,1708,443,36,30,1,1,1,1
126,563000009,1708,443,36,30,1,1,1,1
127,563000009,1708,443,36,30,1,1,1,1
128,563000009,1708,443,36,30,1,1,1,1
129,563000009,1708,443,36,30,1,1,1,1
130,563000009,1708,443,36,30,1,1,1,1
131,563000009,1708,443,36,30,1,1,1,1
132,563000009,1708,443,36,30,1,1,1,1
133,563000009,1708,443,36,30,1,1,1,1
134,563000009,1708,443,36,30,1,1,1,1
135,563000009,1708,443,36,30,1,1,1,1
136,563000009,1708,443,36,30,1,1,1,1
137,563000009,1708,443,36,30,1,1,1,1
138,563000009,1708,443,36,30,1,1,1,1
139,563000009,1708,443,36,30,1,1,1,1
140,563000009,1708,443,36,30,1,1,1,1
141,563000009,1708,443,36,30,1,1,1,1
142,563000009,1708,443,36,30,1,1,1,1
143,563000009,1708,443,36,30,1,1,1,1
144,563000009,1708,443,36,30,1,1,1,1
145,563000009,1708,443,36,30,1,1,1,1
146,563000009,1708,443,36,30,1,1,1,1
147,563000009,1708,443,36,30,1,1,1,1
148,563000009,1708,443,36,30,1,1,1,1
149,563000009,1708,443,36,30,1,1,1,1
150,563000009,1708,443,36,30,1,1,1,1
151,563000009,1708,443,36,30,1,1,1,1
152,563000009,1708,443,36,30,1,1,1,1
153,563000009,1708,443,36,30,1,1,1,1
154,563000009,1708,443,36,30,1,1,1,1
155,563000009,1708,443,36,30,1,1,1,1
156,563000009,1709,443,36,30,1,1,1,1
157,563000009,1709,443,36,30,1,1,1,1
158,563000009,1709,443,36,30,1,1,1,1
159,563000009,1709,443,36,30,1,1,1,1
160,563000009,1709,443,36,30,1,1,1,1
161,563000009,1709,443,36,30,1,1,1,1
162,563000009,1709,443,36,30,1,1,1,1
163,563000009,1709,443,36,30,1,1,1,1
164,563000009,1709,443,36,30,1,1,1,1
165,563000009,1709,443,36,30,1,1,1,1
166,563000009,1709,443,36,30,1,1,1,1
167,563000009,1709,443,36,30,1,1,1,1
168,563000009,1709,443,36,30,1,1,1,1
169,563000009,1709,443,36,30,1,1,1,1
170,563000009,1709,443,36,30,1,1,1,1
171,563000009,1709,443,36,30,1,1,1,1
172,563000009,1709,443,36,30,1,1,1,1
173,563000009,1709,443,36,30,1,1,1,1
174,563000009,1709,443,36,30,1,1,1,1
175,563000009,1709,443,36,30,1,1,1,1
176,563000009,1709,443,36,30,1,1,1,1
177,563000009,1709,443,36,30,1,1,1,1
178,563000009,1709,443,36,30,1,1,1,1
179,563000009,1709,443,36,30,1,1,1,1
180,563000009,1709,443,36,30,1,1,1,1
181,563000009,1709,443,36,30,1,1,1,1
182,563000009,1709,443,36,30,1,1,1,1
183,563000009,1709,443,36,30,1,1,1,1
184,563000009,1709,443,36,30,1,1,1,1
185,563000009,1709,443,36,30,1,1,1,1
186,563000009,1709,443,36,30,1,1,1,1
187,563000009,1710,444,36,30,1,1,1,1
188,563000009,1710,444,36,30,1,1,1,1
189,563000009,1710,444,36,30,1,1,1,1
190,563000009,1710,444,36,30,1,1,1,1
191,563000009,1710,444,36,30,1,1,1,1
192,563000009,1710,444,36,30,1,1,1,1
193,563000009,1710,444,36,30,1,1,1,1
194,563000009,1710,444,36,30,1,1,1,1
195,563000009,1710,444,36,30,1,1,1,1
196,563000009,1710,444,36,30,1,1,1,1
197,563000009,1710,444,36,30,1,1,1,1
198,563000009,1710,444,36,30,1,1,1,1
199,563000009,1710,444,36,30,1,1,1,1
200,563000009,1710,444,36,30,1,1,1,1
201,563000009,1710,444,36,30,1,1,1,1
202,563000009,1710,444,36,30,1,1,1,1
203,563000009,1710,444,36,30,1,1,1,1
204,563000009,1710,444,36,30,1,1,1,1
205,563000009,1710,444,36,30,1,1,1,1
206,563000009,1710,444,36,30,1,1,1,1
207,563000009,1710,444,36,30,1,1,1,1
208,563000009,1710,444,36,30,1,1,1,1
209,563000009,1710,444,36,30,1,1,1,1
210,563000009,1710,444,36,30,1,1,1,1
211,563000009,1711,444,36,30,1,1,1,1
212,563000009,1711,444,36,30,1,1,1,1
213,563000009,1711,444,36,30,1,1,1,1
214,563000009,1711,444,36,30,1,1,1,1
215,563000009,1711,444,36,30,1,1,1,1
216,563000009,1711,444,36,30,1,1,1,1
217,563000009,1711,444,36,30,1,1,1,1
218,563000009,1711,444,36,30,1,1,1,1
219,563000009,1711,444,36,30,1,1,1,1
220,563000009,1711,444,36,30,1,1,1,1
221,563000009,1711,444,36,30,1,1,1,1
222,563000009,1711,444,36,30,1,1,1,1
223,563000009,1711,444,36,30,1,1,1,1
224,563000009,1712,444,36,30,1,1,1,1
225,563000009,1712,444,36,30,1,1,1,1
226,563000009,1712,444,36,30,1,1,1,1
227,563000009,1712,444,36,30,1,1,1,1
228,563000009,1712,444,36,30,1,1,1,1
229,563000009,1712,444,36,30,1,1,1,1
230,563000009,1712,444,36,30,1,1,1,1
231,563000009,1712,444,36,30,1,1,1,1
232,563000009,1712,444,36,30,1,1,1,1
233,563000009,1712,444,36,30,1,1,1,1
234,563000009,1712,444,36,30,1,1,1,1
235,563000009,1712,444,36,30,1,1,1,1
236,563000009,1712,444,36,30,1,1,1,1
237,563000009,1712,444,36,30,1,1,1,1
238,563000009,1712,444,36,30,1,1,1,1
239,563000009,1712,444,36,30,1,1,1,1
240,563000009,1712,444,36,30,1,1,1,1
241,563000009,1712,444,36,30,1,1,1,1
242,563000009,1712,444,36,30,1,1,1,1
243,563000009,1712,444,36,30,1,1,1,1
244,563000009,1712,444,36,30,1,1,1,1
245,563000009,1712,444,36,30,1,1,1,1
246,563000009,1712,444,36,30,1,1,1,1
247,563000009,1712,444,36,30,1,1,1,1
248,563000009,1712,444,36,30,1,1,1,1
249,563000009,1712,444,36,30,1,1,1,1
250,563000009,1713,444,36,30,1,1,1,1
251,563000009,1713,444,36,30,1,1,1,1
252,563000009,1713,444,36,30,1,1,1,1
253,563000009,1713,444,36,30,1,1,1,1
254,563000009,1713,444,36,30,1,1,1,1
255,563000009,1713,444,36,30,1,1,1,1
256,563000009,1713,444,36,30,1,1,1,1
257,563000009,1713,444,36,30,1,1,1,1
258,563000009,1713,444,36,30,1,1,1,1
259,563000009,1713,444,36,30,1,1,1,1
260,563000009,1713,444,36,30,1,1,1,1
261,563000009,1713,444,36,30,1,1,1,1
262,563000009,1713,444,36,30,1,1,1,1
263,563000009,1713,444,36,30,1,1,1,1
264,563000009,1713,444,36,30,1,1,1,1
265,563000009,1713,444,36,30,1,1,1,1
266,563000009,1713,444,36,30,1,1,1,1
267,563000009,1713,444,36,30,1,1,1,1
268,563000009,1713,444,36,30,1,1,1,1
269,563000009,1713,444,36,30,1,1,1,1
270,563000009,1713,444,36,30,1,1,1,1
271,563000009,1713,444,36,30,1,1,1,1
272,563000009,1713,444,36,30,1,1,1,1
273,563000009,1713,444,36,30,1,1,1,1
274,563000009,1713,444,36,30,1,1,1,1
275,563000009,1714,444,36,30,1,1,1,1
276,563000009,1714,444,36,30,1,1,1,1
277,563000009,1714,444,36,30,1,1,1,1
278,563000009,1714,444,36,30,1,1,1,1
279,563000009,1714,444,36,30,1,1,1,1
280,563000009,1714,445,36,29,1,1,1,1
281,563000009,1714,445,36,29,1,1,1,1
282,563000009,1714,445,36,29,1,1,1,1
283,563000009,1714,445,36,29,1,1,1,1
284,563000009,1714,445,36,29,1,1,1,1
285,563000009,1714,445,36,29,1,1,1,1
286,563000009,1714,445,36,29,1,1,1,1
287,563000009,1714,445,36,29,1,1,1,1
288,563000009,1714,445,36,29,1,1,1,1
289,563000009,1714,445,36,29,1,1,1,1
290,563000009,1714,445,36,29,1,1,1,1
291,563000009,1714,445,36,29,1,1,1,1
292,563000009,1714,445,36,29,1,1,1,1
293,563000009,1714,445,36,29,1,1,1,1
294,563000009,1714,445,36,29,1,1,1,1
295,563000009,1714,445,36,29,1,1,1,1
296,563000009,1714,445,36,29,1,1,1,1
297,563000009,1714,445,36,29,1,1,1,1
298,563000009,1714,445,36,29,1,1,1,1
299,563000009,1714,445,36,29,1,1,1,1
300,563000009,1714,445,36,29,1,1,1,1
301,563000009,1714,445,36,29,1,1,1,1
302,563000009,1714,445,36,29,1,1,1,1
303,563000009,1714,445,36,29,1,1,1,1
304,563000009,1714,445,36,29,1,1,1,1
305,563000009,1716,445,36,29,1,1,1,1
306,563000009,1716,445,36,29,1,1,1,1
307,563000009,1716,445,36,29,1,1,1,1
308,563000009,1716,445,36,29,1,1,1,1
309,563000009,1716,445,36,29,1,1,1,1
310,563000009,1716,445,36,29,1,1,1,1
311,563000009,1716,445,36,29,1,1,1,1
312,563000009,1716,445,36,29,1,1,1,1
313,563000009,1716,445,36,29,1,1,1,1
314,563000009,1716,445,36,29,1,1,1,1
315,563000009,1716,445,36,29,1,1,1,1
316,563000009,1716,445,36,29,1,1,1,1
317,563000009,1716,445,36,29,1,1,1,1
318,563000009,1716,445,36,29,1,1,1,1
319,563000009,1716,445,36,29,1,1,1,1
320,563000009,1716,445,36,29,1,1,1,1
321,563000009,1716,445,36,29,1,1,1,1
322,563000009,1717,445,36,29,1,1,1,1
323,563000009,1717,445,36,29,1,1,1,1
324,563000009,1717,445,36,29,1,1,1,1
325,563000009,1717,445,36,29,1,1,1,1
326,563000009,1717,445,36,29,1,1,1,1
327,563000009,1717,445,36,29,1,1,1,1
328,563000009,1717,445,36,29,1,1,1,1
329,563000009,1717,445,36,29,1,1,1,1
330,563000009,1717,445,36,29,1,1,1,1
331,563000009,1717,445,36,29,1,1,1,1
332,563000009,1717,445,36,29,1,1,1,1
333,563000009,1717,445,36,29,1,1,1,1
334,563000009,1717,445,36,29,1,1,1,1
335,563000009,1717,445,36,29,1,1,1,1
336,563000009,1717,445,36,29,1,1,1,1
337,563000009,1717,445,36,29,1,1,1,1
338,563000009,1717,445,36,29,1,1,1,1
339,563000009,1717,445,36,29,1,1,1,1
340,563000009,1717,445,36,29,1,1,1,1
341,563000009,1717,445,36,29,1,1,1,1
342,563000009,1717,445,36,29,1,1,1,1
343,563000009,1717,445,36,29,1,1,1,1
344,563000009,1717,445,36,29,1,1,1,1
345,563000009,1717,445,36,29,1,1,1,1
346,563000009,1717,445,36,29,1,1,1,1
347,563000009,1717,445,36,29,1,1,1,1
348,563000009,1718,445,36,29,1,1,1,1
349,563000009,1718,445,36,29,1,1,1,1
350,563000009,1718,445,36,29,1,1,1,1
351,563000009,1718,445,36,29,1,1,1,1
352,563000009,1718,445,36,29,1,1,1,1
353,563000009,1718,445,36,29,1,1,1,1
354,563000009,1718,445,36,29,1,1,1,1
355,563000009,1718,445,36,29,1,1,1,1
356,563000009,1718,445,36,29,1,1,1,1
357,563000009,1718,445,36,29,1,1,1,1
358,563000009,1718,445,36,29,1,1,1,1
359,563000009,1718,445,36,29,1,1,1,1
360,563000009,1718,445,36,29,1,1,1,1
361,563000009,1718,445,36,29,1,1,1,1
362,563000009,1719,444,36,29,1,1,1,1
363,563000009,1719,444,36,29,1,1,1,1
364,563000009,1719,444,36,29,1,1,1,1
365,563000009,1719,444,36,29,1,1,1,1
366,563000009,1719,444,36,29,1,1,1,1
367,563000009,1719,444,36,29,1,1,1,1
368,563000009,1719,444,36,29,1,1,1,1
369,563000009,1719,444,36,29,1,1,1,1
370,563000009,1719,444,36,29,1,1,1,1
371,563000009,1719,444,36,29,1,1,1,1
372,563000009,1719,444,36,29,1,1,1,1
373,563000009,1719,444,36,29,1,1,1,1
374,563000009,1719,444,36,29,1,1,1,1
375,563000009,1719,444,36,29,1,1,1,1
376,563000009,1719,444,36,29,1,1,1,1
377,563000009,1719,444,36,29,1,1,1,1
378,563000009,1720,445,36,29,1,1,1,1
379,563000009,1720,445,36,29,1,1,1,1
380,563000009,1720,445,36,29,1,1,1,1
381,563000009,1720,445,36,29,1,1,1,1
382,563000009,1720,445,36,29,1,1,1,1
383,563000009,1720,445,36,29,1,1,1,1
384,563000009,1720,445,36,29,1,1,1,1
385,563000009,1720,445,36,29,1,1,1,1
386,563000009,1720,445,36,29,1,1,1,1
387,563000009,1720,445,36,29,1,1,1,1
388,563000009,1720,445,36,29,1,1,1,1
389,563000009,1720,445,36,29,1,1,1,1
390,563000009,1720,445,36,29,1,1,1,1
391,563000009,1720,445,36,29,1,1,1,1
392,563000009,1720,445,36,29,1,1,1,1
393,563000009,1720,445,36,29,1,1,1,1
394,563000009,1720,445,36,29,1,1,1,1
395,563000009,1720,445,36,29,1,1,1,1
396,563000009,1720,445,36,29,1,1,1,1
397,563000009,1720,445,36,29,1,1,1,1
398,563000009,1720,445,36,29,1,1,1,1
399,563000009,1720,445,36,29,1,1,1,1
400,563000009,1720,445,36,29,1,1,1,1
401,563000009,1720,445,36,29,1,1,1,1
402,563000009,1721,445,36,29,1,1,1,1
403,563000009,1721,445,36,29,1,1,1,1
404,563000009,1721,445,36,29,1,1,1,1
405,563000009,1721,445,36,29,1,1,1,1
406,563000009,1721,444,36,29,1,1,1,1
407,563000009,1721,444,36,29,1,1,1,1
408,563000009,1721,444,36,29,1,1,1,1
409,563000009,1721,444,36,29,1,1,1,1
410,563000009,1721,444,36,29,1,1,1,1
411,563000009,1721,444,36,29,1,1,1,1
412,563000009,1722,444,36,29,1,1,1,1
413,563000009,1722,444,36,29,1,1,1,1
414,563000009,1722,444,36,29,1,1,1,1
415,563000009,1722,444,36,29,1,1,1,1
416,563000009,1722,444,36,29,1,1,1,1
417,563000009,1722,444,36,29,1,1,1,1
418,563000009,1722,444,36,29,1,1,1,1
419,563000009,1722,444,36,29,1,1,1,1
420,563000009,1722,444,36,29,1,1,1,1
421,563000009,1722,445,36,29,1,1,1,1
422,563000009,1722,445,36,29,1,1,1,1
423,563000009,1722,445,36,29,1,1,1,1
424,563000009,1722,445,36,29,1,1,1,1
425,563000009,1722,445,36,29,1,1,1,1
426,563000009,1722,445,36,29,1,1,1,1
427,563000009,1722,445,36,29,1,1,1,1
428,563000009,1722,445,36,29,1,1,1,1
429,563000009,1722,445,36,29,1,1,1,1
430,563000009,1722,445,36,29,1,1,1,1
431,563000009,1722,445,36,29,1,1,1,1
432,563000009,1722,445,36,29,1,1,1,1
433,563000009,1722,445,36,29,1,1,1,1
434,563000009,1722,445,36,29,1,1,1,1
435,563000009,1722,445,36,29,1,1,1,1
436,563000009,1722,445,36,29,1,1,1,1
437,563000009,1722,445,36,29,1,1,1,1
438,563000009,1722,445,36,29,1,1,1,1
439,563000009,1722,445,36,29,1,1,1,1
440,563000009,1722,445,36,29,1,1,1,1
441,563000009,1722,445,36,29,1,1,1,1
442,563000009,1722,445,36,29,1,1,1,1
443,563000009,1722,445,36,29,1,1,1,1
444,563000009,1722,445,36,29,1,1,1,1
445,563000009,1722,445,36,29,1,1,1,1
446,563000009,1722,445,36,29,1,1,1,1
447,563000009,1722,445,36,29,1,1,1,1
448,563000009,1722,445,36,29,1,1,1,1
449,563000009,1722,445,36,29,1,1,1,1
450,563000009,1722,445,36,29,1,1,1,1
451,563000009,1722,445,36,29,1,1,1,1
452,563000009,1722,445,36,29,1,1,1,1
453,563000009,1722,445,36,29,1,1,1,1
454,563000009,1722,445,36,29,1,1,1,1
455,563000009,1724,445,36,29,1,1,1,1
456,563000009,1724,445,36,29,1,1,1,1
457,563000009,1724,445,36,29,1,1,1,1
458,563000009,1724,445,36,29,1,1,1,1
459,563000009,1724,445,36,29,1,1,1,1
460,563000009,1724,445,36,29,1,1,1,1
461,563000009,1724,445,36,29,1,1,1,1
462,563000009,1724,445,36,29,1,1,1,1
463,563000009,1724,445,36,29,1,1,1,1
464,563000009,1724,445,36,29,1,1,1,1
465,563000009,1724,445,36,29,1,1,1,1
466,563000009,1724,445,36,29,1,1,1,1
467,563000009,1724,445,36,29,1,1,1,1
468,563000009,1724,445,36,29,1,1,1,1
469,563000009,1724,445,36,29,1,1,1,1
470,563000009,1724,445,36,29,1,1,1,1
471,563000009,1724,445,36,29,1,1,1,1
472,563000009,1724,445,36,29,1,1,1,1
473,563000009,1724,445,36,29,1,1,1,1
474,563000009,1724,445,36,29,1,1,1,1
475,563000009,1725,445,36,29,1,1,1,1
476,563000009,1725,445,36,29,1,1,1,1
477,563000009,1725,445,36,29,1,1,1,1
478,563000009,1725,445,36,29,1,1,1,1
479,563000009,1725,445,36,29,1,1,1,1
480,563000009,1725,445,36,29,1,1,1,1
481,563000009,1725,445,36,29,1,1,1,1
482,563000009,1725,445,36,29,1,1,1,1
483,563000009,1725,445,36,29,1,1,1,1
484,563000009,1725,445,36,29,1,1,1,1
485,563000009,1725,445,36,29,1,1,1,1
486,563000009,1725,445,36,29,1,1,1,1
487,563000009,1725,445,36,29,1,1,1,1
488,563000009,1725,445,36,29,1,1,1,1
489,563000009,1725,445,36,29,1,1,1,1
490,563000009,1725,445,36,29,1,1,1,1
491,563000009,1725,445,36,29,1,1,1,1
492,563000009,1725,445,36,29,1,1,1,1
493,563000009,1725,445,36,29,1,1,1,1
494,563000009,1725,445,36,29,1,1,1,1
495,563000009,1725,445,36,29,1,1,1,1
496,563000009,1725,445,36,29,1,1,1,1
497,563000009,1725,445,36,29,1,1,1,1
498,563000009,1725,445,36,29,1,1,1,1
499,563000009,1725,445,36,29,1,1,1,1
500,563000009,1725,445,36,29,1,1,1,1
501,563000009,1725,445,36,29,1,1,1,1
502,563000009,1725,445,36,29,1,1,1,1
503,563000009,1725,445,36,29,1,1,1,1
504,563000009,1725,445,36,29,1,1,1,1
505,563000009,1725,445,36,29,1,1,1,1
506,563000009,1725,445,36,29,1,1,1,1
507,563000009,1725,445,36,29,1,1,1,1
508,563000009,1725,445,36,29,1,1,1,1
509,563000009,1725,445,36,29,1,1,1,1
510,563000009,1725,445,36,29,1,1,1,1
511,563000009,1725,445,36,29,1,1,1,1
512,563000009,1725,445,36,29,1,1,1,1
513,563000009,1726,445,36,29,1,1,1,1
514,563000009,1726,445,36,29,1,1,1,1
515,563000009,1726,445,36,29,1,1,1,1
516,563000009,1726,445,36,29,1,1,1,1
517,563000009,1726,445,36,29,1,1,1,1
518,563000009,1726,445,36,29,1,1,1,1
519,563000009,1726,445,36,29,1,1,1,1
520,563000009,1726,445,36,29,1,1,1,1
521,563000009,1726,445,36,29,1,1,1,1
522,563000009,1726,445,36,29,1,1,1,1
523,563000009,1726,445,36,29,1,1,1,1
524,563000009,1726,445,36,29,1,1,1,1
525,563000009,1726,445,36,29,1,1,1,1
526,563000009,1726,445,36,29,1,1,1,1
527,563000009,1726,445,36,29,1,1,1,1
528,563000009,1726,445,36,29,1,1,1,1
529,563000009,1726,445,36,29,1,1,1,1
530,563000009,1726,445,36,29,1,1,1,1
531,563000009,1726,445,36,29,1,1,1,1
532,563000009,1726,445,36,29,1,1,1,1
533,563000009,1726,445,36,29,1,1,1,1
534,563000009,1726,445,36,29,1,1,1,1
535,563000009,1726,445,36,29,1,1,1,1
536,563000009,1726,445,36,29,1,1,1,1
537,563000009,1726,445,36,29,1,1,1,1
538,563000009,1726,445,36,29,1,1,1,1
539,563000009,1726,445,36,29,1,1,1,1
540,563000009,1726,445,36,29,1,1,1,1
541,563000009,1726,445,36,29,1,1,1,1
542,563000009,1726,445,36,29,1,1,1,1
543,563000009,1726,445,36,29,1,1,1,1
544,563000009,1726,445,36,29,1,1,1,1
545,563000009,1726,445,36,29,1,1,1,1
546,563000009,1726,445,36,29,1,1,1,1
547,563000009,1727,445,36,29,1,1,1,1
548,563000009,1727,445,36,29,1,1,1,1
549,563000009,1727,445,36,29,1,1,1,1
550,563000009,1727,445,36,29,1,1,1,1
551,563000009,1729,445,36,29,1,1,1,1
552,563000009,1729,445,36,29,1,1,1,1
553,563000009,1729,445,36,29,1,1,1,1
554,563000009,1729,445,36,29,1,1,1,1
555,563000009,1729,445,36,29,1,1,1,1
556,563000009,1729,445,36,29,1,1,1,1
557,563000009,1729,445,36,29,1,1,1,1
558,563000009,1729,445,36,29,1,1,1,1
559,563000009,1729,445,36,29,1,1,1,1
560,563000009,1729,445,36,29,1,1,1,1
561,563000009,1729,445,36,29,1,1,1,1
562,563000009,1729,445,36,29,1,1,1,1
563,563000009,1729,445,36,29,1,1,1,1
564,563000009,1729,445,36,29,1,1,1,1
565,563000009,1729,445,36,29,1,1,1,1
566,563000009,1729,445,36,29,1,1,1,1
567,563000009,1729,445,36,29,1,1,1,1
568,563000009,1729,445,36,29,1,1,1,1
569,563000009,1729,445,36,29,1,1,1,1
570,563000009,1730,445,36,29,1,1,1,1
571,563000009,1730,445,36,29,1,1,1,1
572,563000009,1730,445,36,29,1,1,1,1
573,563000009,1730,445,36,29,1,1,1,1
574,563000009,1730,445,36,29,1,1,1,1
575,563000009,1730,445,36,29,1,1,1,1
576,563000009,1730,445,36,29,1,1,1,1
577,563000009,1730,445,36,29,1,1,1,1
578,563000009,1730,445,36,29,1,1,1,1
579,563000009,1730,445,36,29,1,1,1,1
580,563000009,1730,445,36,29,1,1,1,1
581,563000009,1730,445,36,29,1,1,1,1
582,563000009,1730,445,36,29,1,1,1,1
583,563000009,1730,445,36,29,1,1,1,1
584,563000009,1730,445,36,29,1,1,1,1
585,563000009,1730,445,36,29,1,1,1,1
586,563000009,1730,445,36,29,1,1,1,1
587,563000009,1730,445,36,29,1,1,1,1
588,563000009,1730,445,36,29,1,1,1,1
589,563000009,1730,445,36,29,1,1,1,1
590,563000009,1730,445,36,29,1,1,1,1
591,563000009,1730,445,36,29,1,1,1,1
592,563000009,1728,445,36,29,1,1,1,1
593,563000009,1728,445,36,29,1,1,1,1
594,563000009,1728,445,36,29,1,1,1,1
595,563000009,1728,445,36,29,1,1,1,1
596,563000009,1728,445,36,29,1,1,1,1
597,563000009,1728,445,36,29,1,1,1,1
598,563000009,1728,445,36,29,1,1,1,1
599,563000009,1729,445,36,29,1,1,1,1
600,563000009,1729,445,36,29,1,1,1,1
1,563000001,294,389,393,92,1,1,1,1
2,563000001,294,389,393,92,1,1,1,1
3,563000001,294,389,393,92,1,1,1,1
4,563000001,294,389,393,92,1,1,1,1
5,563000001,294,389,393,92,1,1,1,1
6,563000001,294,389,393,92,1,1,1,1
7,563000001,294,389,398,92,1,1,1,1
8,563000001,294,389,398,92,1,1,1,1
9,563000001,294,389,398,92,1,1,1,1
10,563000001,294,389,398,92,1,1,1,1
11,563000001,296,384,398,97,1,1,1,1
12,563000001,296,384,398,97,1,1,1,1
13,563000001,296,384,398,97,1,1,1,1
14,563000001,298,385,398,97,1,1,1,1
15,563000001,298,385,398,97,1,1,1,1
16,563000001,298,385,398,97,1,1,1,1
17,563000001,300,386,398,97,1,1,1,1
18,563000001,300,386,398,97,1,1,1,1
19,563000001,303,386,398,97,1,1,1,1
20,563000001,303,386,398,97,1,1,1,1
21,563000001,303,386,398,97,1,1,1,1
22,563000001,303,386,398,97,1,1,1,1
23,563000001,303,386,398,97,1,1,1,1
24,563000001,303,386,398,97,1,1,1,1
25,563000001,305,385,398,97,1,1,1,1
26,563000001,305,385,398,97,1,1,1,1
27,563000001,307,385,398,97,1,1,1,1
28,563000001,307,385,398,97,1,1,1,1
29,563000001,307,385,398,97,1,1,1,1
30,563000001,307,385,398,97,1,1,1,1
31,563000001,310,386,398,97,1,1,1,1
32,563000001,310,386,398,97,1,1,1,1
33,563000001,310,386,398,97,1,1,1,1
34,563000001,310,386,398,97,1,1,1,1
35,563000001,310,386,398,97,1,1,1,1
36,563000001,310,386,398,97,1,1,1,1
37,563000001,313,385,398,97,1,1,1,1
38,563000001,313,385,398,97,1,1,1,1
39,563000001,313,385,398,97,1,1,1,1
40,563000001,313,385,398,97,1,1,1,1
41,563000001,316,386,398,97,1,1,1,1
42,563000001,316,386,398,97,1,1,1,1
43,563000001,316,386,398,97,1,1,1,1
44,563000001,318,386,398,97,1,1,1,1
45,563000001,318,386,398,97,1,1,1,1
46,563000001,318,386,398,97,1,1,1,1
47,563000001,320,386,398,97,1,1,1,1
48,563000001,320,386,398,97,1,1,1,1
49,563000001,320,386,398,97,1,1,1,1
50,563000001,322,386,398,97,1,1,1,1
51,563000001,322,386,398,97,1,1,1,1
52,563000001,322,386,398,97,1,1,1,1
53,563000001,325,386,398,97,1,1,1,1
54,563000001,325,386,398,97,1,1,1,1
55,563000001,325,386,398,97,1,1,1,1
56,563000001,325,386,398,97,1,1,1,1
57,563000001,328,387,398,97,1,1,1,1
58,563000001,328,387,398,97,1,1,1,1
59,563000001,328,387,398,97,1,1,1,1
60,563000001,328,387,399,97,1,1,1,1
61,563000001,328,387,399,97,1,1,1,1
62,563000001,329,387,401,97,1,1,1,1
63,563000001,329,387,401,97,1,1,1,1
64,563000001,329,387,401,97,1,1,1,1
65,563000001,331,387,401,97,1,1,1,1
66,563000001,331,387,401,97,1,1,1,1
67,563000001,331,387,401,97,1,1,1,1
68,563000001,331,387,401,97,1,1,1,1
69,563000001,333,387,401,97,1,1,1,1
70,563000001,334,388,401,97,1,1,1,1
71,563000001,334,388,401,97,1,1,1,1
72,563000001,334,388,401,97,1,1,1,1
73,563000001,335,388,401,97,1,1,1,1
74,563000001,335,388,401,97,1,1,1,1
75,563000001,337,386,401,97,1,1,1,1
76,563000001,337,386,401,97,1,1,1,1
77,563000001,338,386,401,97,1,1,1,1
78,563000001,338,386,401,97,1,1,1,1
79,563000001,338,386,401,97,1,1,1,1
80,563000001,338,386,401,97,1,1,1,1
81,563000001,340,386,401,97,1,1,1,1
82,563000001,341,386,401,97,1,1,1,1
83,563000001,341,386,401,97,1,1,1,1
84,563000001,341,386,401,97,1,1,1,1
85,563000001,343,386,401,97,1,1,1,1
86,563000001,343,386,401,97,1,1,1,1
87,563000001,343,386,401,97,1,1,1,1
88,563000001,345,386,401,97,1,1,1,1
89,563000001,345,386,401,97,1,1,1,1
90,563000001,345,386,401,97,1,1,1,1
91,563000001,347,386,401,97,1,1,1,1
92,563000001,347,386,401,97,1,1,1,1
93,563000001,347,386,401,97,1,1,1,1
94,563000001,349,387,401,97,1,1,1,1
95,563000001,349,387,401,97,1,1,1,1
96,563000001,349,387,401,97,1,1,1,1
97,563000001,351,387,401,97,1,1,1,1
98,563000001,351,387,401,97,1,1,1,1
99,563000001,353,387,401,97,1,1,1,1
100,563000001,353,387,401,97,1,1,1,1
101,563000001,353,387,401,97,1,1,1,1
102,563000001,355,387,401,97,1,1,1,1
103,563000001,355,387,401,97,1,1,1,1
104,563000001,356,387,401,97,1,1,1,1
105,563000001,356,387,401,97,1,1,1,1
106,563000001,356,387,401,97,1,1,1,1
107,563000001,358,388,401,97,1,1,1,1
108,563000001,360,388,401,97,1,1,1,1
109,563000001,360,388,401,97,1,1,1,1
110,563000001,360,388,401,97,1,1,1,1
111,563000001,360,388,401,97,1,1,1,1
112,563000001,362,388,401,97,1,1,1,1
113,563000001,362,388,401,97,1,1,1,1
114,563000001,362,388,401,97,1,1,1,1
115,563000001,362,388,401,97,1,1,1,1
116,563000001,362,388,401,97,1,1,1,1
117,563000001,365,387,401,97,1,1,1,1
118,563000001,365,387,401,97,1,1,1,1
119,563000001,365,387,401,97,1,1,1,1
120,563000001,367,388,401,97,1,1,1,1
121,563000001,367,388,401,97,1,1,1,1
122,563000001,368,387,401,97,1,1,1,1
123,563000001,368,387,401,97,1,1,1,1
124,563000001,368,387,401,97,1,1,1,1
125,563000001,370,388,401,97,1,1,1,1
126,563000001,370,388,401,97,1,1,1,1
127,563000001,370,388,401,97,1,1,1,1
128,563000001,370,388,401,97,1,1,1,1
129,563000001,372,387,401,97,1,1,1,1
130,563000001,372,387,401,97,1,1,1,1
131,563000001,373,387,401,97,1,1,1,1
132,563000001,373,387,401,97,1,1,1,1
133,563000001,374,387,401,97,1,1,1,1
134,563000001,374,387,401,97,1,1,1,1
135,563000001,376,387,401,97,1,1,1,1
136,563000001,376,387,401,97,1,1,1,1
137,563000001,376,387,401,97,1,1,1,1
138,563000001,379,387,401,97,1,1,1,1
139,563000001,379,387,401,97,1,1,1,1
140,563000001,379,387,401,97,1,1,1,1
141,563000001,380,387,401,97,1,1,1,1
142,563000001,380,387,401,97,1,1,1,1
143,563000001,380,387,401,97,1,1,1,1
144,563000001,381,388,401,97,1,1,1,1
145,563000001,381,388,401,97,1,1,1,1
146,563000001,381,388,401,97,1,1,1,1
147,563000001,383,388,401,97,1,1,1,1
148,563000001,383,388,401,97,1,1,1,1
149,563000001,384,388,401,97,1,1,1,1
150,563000001,384,388,401,97,1,1,1,1
151,563000001,384,388,401,97,1,1,1,1
152,563000001,386,388,401,97,1,1,1,1
153,563000001,386,388,401,97,1,1,1,1
154,563000001,388,386,401,97,1,1,1,1
155,563000001,388,386,401,97,1,1,1,1
156,563000001,387,386,403,97,1,1,1,1
157,563000001,388,386,403,97,1,1,1,1
158,563000001,388,386,403,97,1,1,1,1
159,563000001,388,386,403,97,1,1,1,1
160,563000001,390,387,403,97,1,1,1,1
161,563000001,390,387,403,97,1,1,1,1
162,563000001,390,387,403,97,1,1,1,1
163,563000001,391,386,403,97,1,1,1,1
164,563000001,391,386,403,97,1,1,1,1
165,563000001,393,386,403,97,1,1,1,1
166,563000001,393,386,403,97,1,1,1,1
167,563000001,393,386,403,97,1,1,1,1
168,563000001,395,386,403,97,1,1,1,1
169,563000001,395,386,403,97,1,1,1,1
170,563000001,395,386,403,97,1,1,1,1
171,563000001,397,385,403,97,1,1,1,1
172,563000001,397,385,403,97,1,1,1,1
173,563000001,399,385,403,97,1,1,1,1
174,563000001,399,385,403,97,1,1,1,1
175,563000001,399,385,403,97,1,1,1,1
176,563000001,400,385,403,97,1,1,1,1
177,563000001,400,386,403,97,1,1,1,1
178,563000001,400,386,403,97,1,1,1,1
179,563000001,400,386,403,97,1,1,1,1
180,563000001,402,386,403,97,1,1,1,1
181,563000001,402,386,403,97,1,1,1,1
182,563000001,404,386,403,97,1,1,1,1
183,563000001,404,386,403,97,1,1,1,1
184,563000001,404,386,403,97,1,1,1,1
185,563000001,406,386,403,97,1,1,1,1
186,563000001,406,386,403,97,1,1,1,1
187,563000001,407,386,403,97,1,1,1,1
188,563000001,407,386,403,97,1,1,1,1
189,563000001,409,386,403,97,1,1,1,1
190,563000001,409,386,403,97,1,1,1,1
191,563000001,409,386,403,97,1,1,1,1
192,563000001,409,386,403,97,1,1,1,1
193,563000001,411,386,403,97,1,1,1,1
194,563000001,411,386,403,97,1,1,1,1
195,563000001,411,386,403,97,1,1,1,1
196,563000001,411,386,403,97,1,1,1,1
197,563000001,413,386,403,97,1,1,1,1
198,563000001,413,386,403,97,1,1,1,1
199,563000001,413,386,403,97,1,1,1,1
200,563000001,415,386,403,97,1,1,1,1
201,563000001,415,386,403,97,1,1,1,1
202,563000001,417,386,403,97,1,1,1,1
203,563000001,417,386,403,97,1,1,1,1
204,563000001,419,386,403,97,1,1,1,1
205,563000001,419,386,403,97,1,1,1,1
206,563000001,419,386,403,97,1,1,1,1
207,563000001,420,386,403,97,1,1,1,1
208,563000001,420,386,403,97,1,1,1,1
209,563000001,420,386,403,97,1,1,1,1
210,563000001,422,386,403,97,1,1,1,1
211,563000001,422,386,403,97,1,1,1,1
212,563000001,422,386,403,97,1,1,1,1
213,563000001,424,386,403,97,1,1,1,1
214,563000001,424,386,403,97,1,1,1,1
215,563000001,427,386,403,97,1,1,1,1
216,563000001,427,386,403,97,1,1,1,1
217,563000001,427,386,403,97,1,1,1,1
218,563000001,427,386,403,97,1,1,1,1
219,563000001,427,386,403,97,1,1,1,1
220,563000001,429,386,403,97,1,1,1,1
221,563000001,429,386,403,97,1,1,1,1
222,563000001,429,386,403,97,1,1,1,1
223,563000001,429,386,403,97,1,1,1,1
224,563000001,432,386,403,97,1,1,1,1
225,563000001,432,386,403,97,1,1,1,1
226,563000001,432,386,403,97,1,1,1,1
227,563000001,433,386,403,97,1,1,1,1
228,563000001,433,386,403,97,1,1,1,1
229,563000001,435,387,403,97,1,1,1,1
230,563000001,435,387,403,97,1,1,1,1
231,563000001,435,387,403,97,1,1,1,1
232,563000001,435,387,403,97,1,1,1,1
233,563000001,435,387,406,97,1,1,1,1
234,563000001,435,387,406,97,1,1,1,1
235,563000001,435,387,406,97,1,1,1,1
236,563000001,438,382,406,101,1,1,1,1
237,563000001,438,382,406,101,1,1,1,1
238,563000001,438,382,406,101,1,1,1,1
239,563000001,439,382,406,101,1,1,1,1
240,563000001,439,382,406,101,1,1,1,1
241,563000001,440,382,406,101,1,1,1,1
242,563000001,440,382,406,101,1,1,1,1
243,563000001,440,382,406,101,1,1,1,1
244,563000001,442,382,406,101,1,1,1,1
245,563000001,442,382,406,101,1,1,1,1
246,563000001,442,382,406,101,1,1,1,1
247,563000001,442,382,406,101,1,1,1,1
248,563000001,445,382,406,101,1,1,1,1
249,563000001,445,382,406,101,1,1,1,1
250,563000001,446,382,406,101,1,1,1,1
251,563000001,447,382,406,101,1,1,1,1
252,563000001,447,382,406,101,1,1,1,1
253,563000001,447,382,406,101,1,1,1,1
254,563000001,449,381,406,101,1,1,1,1
255,563000001,449,381,406,101,1,1,1,1
256,563000001,451,381,406,101,1,1,1,1
257,563000001,451,381,406,101,1,1,1,1
258,563000001,451,381,406,101,1,1,1,1
259,563000001,452,382,406,101,1,1,1,1
260,563000001,452,382,406,101,1,1,1,1
261,563000001,452,382,406,101,1,1,1,1
262,563000001,454,382,406,101,1,1,1,1
263,563000001,454,382,406,101,1,1,1,1
264,563000001,454,382,406,101,1,1,1,1
265,563000001,454,382,406,101,1,1,1,1
266,563000001,456,382,406,101,1,1,1,1
267,563000001,456,382,406,101,1,1,1,1
268,563000001,458,382,406,101,1,1,1,1
269,563000001,458,382,406,101,1,1,1,1
270,563000001,458,382,406,101,1,1,1,1
271,563000001,459,382,406,101,1,1,1,1
272,563000001,459,382,406,101,1,1,1,1
273,563000001,461,382,406,101,1,1,1,1
274,563000001,461,382,406,101,1,1,1,1
275,563000001,462,382,406,101,1,1,1,1
276,563000001,462,382,406,101,1,1,1,1
277,563000001,464,382,406,101,1,1,1,1
278,563000001,464,382,406,101,1,1,1,1
279,563000001,465,382,406,101,1,1,1,1
280,563000001,466,383,406,100,1,1,1,1
281,563000001,466,383,406,100,1,1,1,1
282,563000001,467,383,406,100,1,1,1,1
283,563000001,467,383,406,100,1,1,1,1
284,563000001,467,383,406,100,1,1,1,1
285,563000001,468,383,406,100,1,1,1,1
286,563000001,468,383,406,100,1,1,1,1
287,563000001,468,383,406,100,1,1,1,1
288,563000001,470,382,406,100,1,1,1,1
289,563000001,470,382,406,100,1,1,1,1
290,563000001,470,382,406,100,1,1,1,1
291,563000001,470,382,406,100,1,1,1,1
292,563000001,474,383,406,100,1,1,1,1
293,563000001,474,383,406,100,1,1,1,1
294,563000001,474,383,406,100,1,1,1,1
295,563000001,476,383,406,100,1,1,1,1
296,563000001,476,383,406,100,1,1,1,1
297,563000001,476,383,406,100,1,1,1,1
298,563000001,476,383,406,100,1,1,1,1
299,563000001,478,384,406,100,1,1,1,1
300,563000001,479,384,406,100,1,1,1,1
301,563000001,479,384,406,100,1,1,1,1
302,563000001,479,384,406,100,1,1,1,1
303,563000001,480,384,406,100,1,1,1,1
304,563000001,480,384,406,100,1,1,1,1
305,563000001,480,384,406,100,1,1,1,1
306,563000001,482,383,406,100,1,1,1,1
307,563000001,482,383,406,100,1,1,1,1
308,563000001,482,383,406,100,1,1,1,1
309,563000001,484,384,406,100,1,1,1,1
310,563000001,484,384,406,100,1,1,1,1
311,563000001,484,384,406,100,1,1,1,1
312,563000001,484,384,406,100,1,1,1,1
313,563000001,486,384,406,100,1,1,1,1
314,563000001,486,384,406,100,1,1,1,1
315,563000001,486,384,406,100,1,1,1,1
316,563000001,486,384,406,100,1,1,1,1
317,563000001,489,384,406,100,1,1,1,1
318,563000001,489,384,406,100,1,1,1,1
319,563000001,489,384,406,100,1,1,1,1
320,563000001,489,384,406,100,1,1,1,1
321,563000001,492,383,406,100,1,1,1,1
322,563000001,492,383,406,100,1,1,1,1
323,563000001,493,383,406,100,1,1,1,1
324,563000001,493,383,406,100,1,1,1,1
325,563000001,493,383,406,100,1,1,1,1
326,563000001,493,383,406,100,1,1,1,1
327,563000001,496,384,406,100,1,1,1,1
328,563000001,496,384,406,100,1,1,1,1
329,563000001,496,384,406,100,1,1,1,1
330,563000001,497,383,406,100,1,1,1,1
331,563000001,497,383,406,100,1,1,1,1
332,563000001,498,383,406,100,1,1,1,1
333,563000001,498,383,406,100,1,1,1,1
334,563000001,498,383,406,100,1,1,1,1
335,563000001,501,384,406,100,1,1,1,1
336,563000001,501,384,406,100,1,1,1,1
337,563000001,501,384,406,100,1,1,1,1
338,563000001,503,384,406,100,1,1,1,1
339,563000001,503,384,406,100,1,1,1,1
340,563000001,503,384,406,100,1,1,1,1
341,563000001,503,384,408,100,1,1,1,1
342,563000001,503,384,408,100,1,1,1,1
343,563000001,503,384,408,100,1,1,1,1
344,563000001,506,383,408,100,1,1,1,1
345,563000001,506,383,408,100,1,1,1,1
346,563000001,506,383,408,100,1,1,1,1
347,563000001,506,383,408,100,1,1,1,1
348,563000001,509,384,408,100,1,1,1,1
349,563000001,510,384,408,100,1,1,1,1
350,563000001,510,384,408,100,1,1,1,1
351,563000001,510,384,408,100,1,1,1,1
352,563000001,512,384,408,100,1,1,1,1
353,563000001,512,384,408,100,1,1,1,1
354,563000001,512,384,408,100,1,1,1,1
355,563000001,515,385,408,100,1,1,1,1
356,563000001,515,385,408,100,1,1,1,1
357,563000001,515,385,408,100,1,1,1,1
358,563000001,516,385,408,100,1,1,1,1
359,563000001,516,385,408,100,1,1,1,1
360,563000001,516,385,408,100,1,1,1,1
361,563000001,519,385,408,100,1,1,1,1
362,563000001,519,385,408,100,1,1,1,1
363,563000001,519,385,408,100,1,1,1,1
364,563000001,519,385,408,100,1,1,1,1
365,563000001,521,384,408,100,1,1,1,1
366,563000001,521,384,408,100,1,1,1,1
367,563000001,521,384,408,100,1,1,1,1
368,563000001,521,384,408,100,1,1,1,1
369,563000001,523,384,408,100,1,1,1,1
370,563000001,523,384,408,100,1,1,1,1
371,563000001,523,384,408,100,1,1,1,1
372,563000001,526,384,408,100,1,1,1,1
373,563000001,526,384,408,100,1,1,1,1
374,563000001,526,384,408,100,1,1,1,1
375,563000001,527,384,408,100,1,1,1,1
376,563000001,527,384,408,100,1,1,1,1
377,563000001,529,384,408,100,1,1,1,1
378,563000001,529,384,408,100,1,1,1,1
379,563000001,529,384,408,100,1,1,1,1
380,563000001,530,384,408,100,1,1,1,1
381,563000001,530,384,408,100,1,1,1,1
382,563000001,531,384,408,100,1,1,1,1
383,563000001,531,384,408,100,1,1,1,1
384,563000001,531,384,408,100,1,1,1,1
385,563000001,534,384,408,100,1,1,1,1
386,563000001,534,384,408,100,1,1,1,1
387,563000001,534,384,408,100,1,1,1,1
388,563000001,536,384,408,100,1,1,1,1
389,563000001,536,384,408,100,1,1,1,1
390,563000001,536,384,408,100,1,1,1,1
391,563000001,536,384,408,100,1,1,1,1
392,563000001,536,384,408,100,1,1,1,1
393,563000001,538,384,408,100,1,1,1,1
394,563000001,538,384,408,100,1,1,1,1
395,563000001,538,384,408,100,1,1,1,1
396,563000001,540,384,408,100,1,1,1,1
397,563000001,540,384,408,100,1,1,1,1
398,563000001,540,384,408,100,1,1,1,1
399,563000001,540,384,408,100,1,1,1,1
400,563000001,543,384,408,100,1,1,1,1
401,563000001,543,384,408,100,1,1,1,1
402,563000001,544,384,408,100,1,1,1,1
403,563000001,544,384,408,100,1,1,1,1
404,563000001,546,384,408,100,1,1,1,1
405,563000001,546,384,408,100,1,1,1,1
406,563000001,546,384,408,100,1,1,1,1
407,563000001,547,384,408,100,1,1,1,1
408,563000001,547,384,408,100,1,1,1,1
409,563000001,547,384,408,100,1,1,1,1
410,563000001,550,382,408,100,1,1,1,1
411,563000001,550,382,408,100,1,1,1,1
412,563000001,550,382,408,100,1,1,1,1
413,563000001,550,382,408,100,1,1,1,1
414,563000001,550,382,408,100,1,1,1,1
415,563000001,551,382,411,100,1,1,1,1
416,563000001,551,382,411,100,1,1,1,1
417,563000001,551,382,411,100,1,1,1,1
418,563000001,553,382,411,100,1,1,1,1
419,563000001,553,382,411,100,1,1,1,1
420,563000001,554,382,411,100,1,1,1,1
421,563000001,554,382,411,100,1,1,1,1
422,563000001,554,382,411,100,1,1,1,1
423,563000001,556,381,411,100,1,1,1,1
424,563000001,556,381,411,100,1,1,1,1
425,563000001,556,381,411,100,1,1,1,1
426,563000001,558,380,411,100,1,1,1,1
427,563000001,558,380,411,100,1,1,1,1
428,563000001,560,380,411,100,1,1,1,1
429,563000001,560,380,411,100,1,1,1,1
430,563000001,561,381,411,100,1,1,1,1
431,563000001,561,381,411,100,1,1,1,1
432,563000001,561,381,411,100,1,1,1,1
433,563000001,563,381,411,100,1,1,1,1
434,563000001,563,381,411,100,1,1,1,1
435,563000001,563,381,411,100,1,1,1,1
436,563000001,565,381,411,100,1,1,1,1
437,563000001,565,381,411,100,1,1,1,1
438,563000001,565,381,411,100,1,1,1,1
439,563000001,565,381,411,100,1,1,1,1
440,563000001,568,381,411,100,1,1,1,1
441,563000001,568,381,411,100,1,1,1,1
442,563000001,568,381,411,100,1,1,1,1
443,563000001,569,381,411,100,1,1,1,1
444,563000001,569,381,411,100,1,1,1,1
445,563000001,569,381,411,100,1,1,1,1
446,563000001,572,381,411,100,1,1,1,1
447,563000001,572,381,411,100,1,1,1,1
448,563000001,572,381,411,100,1,1,1,1
449,563000001,574,381,411,100,1,1,1,1
450,563000001,574,381,411,100,1,1,1,1
451,563000001,574,381,411,100,1,1,1,1
452,563000001,576,382,411,100,1,1,1,1
453,563000001,576,382,411,100,1,1,1,1
454,563000001,577,381,411,100,1,1,1,1
455,563000001,577,381,411,100,1,1,1,1
456,563000001,577,381,411,100,1,1,1,1
457,563000001,577,381,411,100,1,1,1,1
458,563000001,579,381,411,100,1,1,1,1
459,563000001,579,381,411,100,1,1,1,1
460,563000001,579,381,411,100,1,1,1,1
461,563000001,579,381,411,100,1,1,1,1
462,563000001,581,381,414,100,1,1,1,1
463,563000001,581,381,414,100,1,1,1,1
464,563000001,581,381,414,100,1,1,1,1
465,563000001,584,382,414,100,1,1,1,1
466,563000001,584,382,414,100,1,1,1,1
467,563000001,584,382,414,100,1,1,1,1
468,563000001,585,382,414,100,1,1,1,1
469,563000001,585,382,414,100,1,1,1,1
470,563000001,585,382,414,100,1,1,1,1
471,563000001,587,382,414,100,1,1,1,1
472,563000001,587,382,414,100,1,1,1,1
473,563000001,587,382,414,100,1,1,1,1
474,563000001,589,382,414,100,1,1,1,1
475,563000001,589,382,414,100,1,1,1,1
476,563000001,591,382,414,100,1,1,1,1
477,563000001,591,382,414,100,1,1,1,1
478,563000001,591,382,414,100,1,1,1,1
479,563000001,591,382,414,100,1,1,1,1
480,563000001,593,381,414,100,1,1,1,1
481,563000001,593,381,414,100,1,1,1,1
482,563000001,593,381,414,100,1,1,1,1
483,563000001,593,381,414,100,1,1,1,1
484,563000001,595,381,414,100,1,1,1,1
485,563000001,595,381,414,100,1,1,1,1
486,563000001,595,381,414,100,1,1,1,1
487,563000001,595,381,414,100,1,1,1,1
488,563000001,597,382,414,100,1,1,1,1
489,563000001,597,382,414,100,1,1,1,1
490,563000001,597,382,414,100,1,1,1,1
491,563000001,600,382,414,100,1,1,1,1
492,563000001,600,382,414,100,1,1,1,1
493,563000001,600,382,414,100,1,1,1,1
494,563000001,602,382,414,100,1,1,1,1
495,563000001,602,382,414,100,1,1,1,1
496,563000001,602,382,414,100,1,1,1,1
497,563000001,603,381,414,100,1,1,1,1
498,563000001,603,381,414,100,1,1,1,1
499,563000001,603,381,414,100,1,1,1,1
500,563000001,605,381,414,100,1,1,1,1
501,563000001,605,381,414,100,1,1,1,1
502,563000001,605,381,414,100,1,1,1,1
503,563000001,608,382,414,100,1,1,1,1
504,563000001,608,382,414,100,1,1,1,1
505,563000001,608,382,414,100,1,1,1,1
506,563000001,608,382,414,100,1,1,1,1
507,563000001,609,382,414,100,1,1,1,1
508,563000001,609,382,414,100,1,1,1,1
509,563000001,609,382,414,100,1,1,1,1
510,563000001,612,381,414,100,1,1,1,1
511,563000001,612,381,414,100,1,1,1,1
512,563000001,612,381,414,100,1,1,1,1
513,563000001,612,381,414,100,1,1,1,1
514,563000001,614,381,414,100,1,1,1,1
515,563000001,614,381,414,100,1,1,1,1
516,563000001,614,381,414,100,1,1,1,1
517,563000001,614,381,414,100,1,1,1,1
518,563000001,617,383,414,100,1,1,1,1
519,563000001,617,383,414,100,1,1,1,1
520,563000001,617,383,414,100,1,1,1,1
521,563000001,617,383,414,100,1,1,1,1
522,563000001,620,382,414,100,1,1,1,1
523,563000001,620,382,414,100,1,1,1,1
524,563000001,620,382,414,100,1,1,1,1
525,563000001,623,382,414,100,1,1,1,1
526,563000001,623,382,414,100,1,1,1,1
527,563000001,623,382,414,100,1,1,1,1
528,563000001,623,382,414,100,1,1,1,1
529,563000001,623,382,414,100,1,1,1,1
530,563000001,626,382,414,100,1,1,1,1
531,563000001,626,382,414,100,1,1,1,1
532,563000001,626,382,414,100,1,1,1,1
533,563000001,626,382,414,100,1,1,1,1
534,563000001,627,381,414,100,1,1,1,1
535,563000001,627,381,414,100,1,1,1,1
536,563000001,627,381,414,100,1,1,1,1
537,563000001,630,383,416,100,1,1,1,1
538,563000001,630,383,416,100,1,1,1,1
539,563000001,630,383,416,100,1,1,1,1
540,563000001,630,383,416,100,1,1,1,1
541,563000001,632,382,416,100,1,1,1,1
542,563000001,632,382,416,100,1,1,1,1
543,563000001,632,382,416,100,1,1,1,1
544,563000001,634,382,417,100,1,1,1,1
545,563000001,634,382,417,100,1,1,1,1
546,563000001,634,382,417,100,1,1,1,1
547,563000001,634,382,417,100,1,1,1,1
548,563000001,638,382,417,100,1,1,1,1
549,563000001,638,382,417,100,1,1,1,1
550,563000001,638,382,417,100,1,1,1,1
551,563000001,638,382,417,100,1,1,1,1
552,563000001,639,382,417,100,1,1,1,1
553,563000001,639,382,417,100,1,1,1,1
554,563000001,639,382,417,100,1,1,1,1
555,563000001,643,382,417,100,1,1,1,1
556,563000001,643,382,417,100,1,1,1,1
557,563000001,643,382,417,100,1,1,1,1
558,563000001,643,382,417,100,1,1,1,1
559,563000001,643,382,417,100,1,1,1,1
560,563000001,646,381,417,100,1,1,1,1
561,563000001,646,381,417,100,1,1,1,1
562,563000001,646,381,417,100,1,1,1,1
563,563000001,646,381,417,100,1,1,1,1
564,563000001,646,381,417,100,1,1,1,1
565,563000001,649,382,417,100,1,1,1,1
566,563000001,649,382,417,100,1,1,1,1
567,563000001,649,382,417,100,1,1,1,1
568,563000001,652,382,417,100,1,1,1,1
569,563000001,652,382,417,100,1,1,1,1
570,563000001,652,382,417,100,1,1,1,1
571,563000001,651,382,419,100,1,1,1,1
572,563000001,651,382,419,100,1,1,1,1
573,563000001,651,382,419,100,1,1,1,1
574,563000001,651,382,419,100,1,1,1,1
575,563000001,653,382,419,100,1,1,1,1
576,563000001,653,382,419,100,1,1,1,1
577,563000001,653,382,419,100,1,1,1,1
578,563000001,653,382,419,100,1,1,1,1
579,563000001,656,382,419,100,1,1,1,1
580,563000001,656,382,419,100,1,1,1,1
581,563000001,656,382,419,100,1,1,1,1
582,563000001,658,382,419,100,1,1,1,1
583,563000001,658,382,419,100,1,1,1,1
584,563000001,658,382,419,100,1,1,1,1
585,563000001,660,382,419,100,1,1,1,1
586,563000001,660,382,419,100,1,1,1,1
587,563000001,660,382,419,100,1,1,1,1
588,563000001,662,382,419,100,1,1,1,1
589,563000001,662,382,419,100,1,1,1,1
590,563000001,662,382,419,100,1,1,1,1
591,563000001,662,382,419,100,1,1,1,1
592,563000001,663,382,419,100,1,1,1,1
593,563000001,663,382,419,100,1,1,1,1
594,563000001,665,382,419,100,1,1,1,1
595,563000001,665,382,419,100,1,1,1,1
596,563000001,665,382,419,100,1,1,1,1
597,563000001,667,382,419,100,1,1,1,1
598,563000001,667,382,419,100,1,1,1,1
599,563000001,667,382,419,100,1,1,1,1
600,563000001,669,382,419,100,1,1,1,1