1,1,58,469,22,16,1,1,1,1
2,1,58,469,22,16,1,1,1,1
3,1,58,469,22,16,1,1,1,1
4,1,58,469,22,16,1,1,1,1
5,1,58,469,22,16,1,1,1,1
6,1,58,469,22,16,1,1,1,1
7,1,58,469,22,16,1,1,1,1
8,1,58,469,22,16,1,1,1,1
9,1,58,469,22,16,1,1,1,1
10,1,58,469,22,16,1,1,1,1
11,1,58,469,22,16,1,1,1,1
12,1,58,469,22,16,1,1,1,1
13,1,58,469,22,16,1,1,1,1
14,1,58,469,22,16,1,1,1,1
15,1,58,469,22,16,1,1,1,1
16,1,58,469,22,16,1,1,1,1
17,1,58,469,22,16,1,1,1,1
18,1,58,469,22,16,1,1,1,1
19,1,58,469,22,16,1,1,1,1
20,1,58,469,22,16,1,1,1,1
21,1,58,469,22,16,1,1,1,1
22,1,58,469,22,16,1,1,1,1
23,1,58,468,20,13,1,1,1,1
24,1,58,468,20,13,1,1,1,1
25,1,58,468,20,13,1,1,1,1
26,1,58,468,20,13,1,1,1,1
27,1,58,468,20,13,1,1,1,1
28,1,58,468,20,13,1,1,1,1
29,1,57,468,20,13,1,1,1,1
30,1,57,468,20,13,1,1,1,1
31,1,57,468,20,13,1,1,1,1
32,1,56,468,20,13,1,1,1,1
33,1,56,468,20,13,1,1,1,1
34,1,56,468,20,13,1,1,1,1
35,1,56,468,20,13,1,1,1,1
36,1,56,468,20,13,1,1,1,1
37,1,56,468,20,13,1,1,1,1
38,1,56,468,20,13,1,1,1,1
39,1,54,469,20,13,1,1,1,1
40,1,54,469,20,13,1,1,1,1
41,1,54,469,20,13,1,1,1,1
42,1,54,469,20,13,1,1,1,1
43,1,54,469,20,13,1,1,1,1
44,1,54,469,20,13,1,1,1,1
45,1,54,469,20,13,1,1,1,1
46,1,54,469,20,13,1,1,1,1
47,1,54,469,20,13,1,1,1,1
48,1,54,469,20,13,1,1,1,1
49,1,54,469,20,13,1,1,1,1
50,1,54,469,20,13,1,1,1,1
51,1,54,469,20,13,1,1,1,1
52,1,54,469,20,13,1,1,1,1
53,1,54,469,20,13,1,1,1,1
54,1,54,469,20,13,1,1,1,1
55,1,54,469,20,13,1,1,1,1
56,1,54,469,20,13,1,1,1,1
57,1,54,469,20,13,1,1,1,1
58,1,54,469,20,13,1,1,1,1
59,1,54,469,20,13,1,1,1,1
60,1,54,469,20,13,1,1,1,1
61,1,54,469,20,13,1,1,1,1
62,1,54,469,20,13,1,1,1,1
63,1,54,469,20,13,1,1,1,1
64,1,54,469,20,13,1,1,1,1
65,1,54,469,20,13,1,1,1,1
66,1,54,469,20,13,1,1,1,1
67,1,54,469,20,13,1,1,1,1
68,1,54,469,17,11,1,1,1,1
69,1,54,469,17,11,1,1,1,1
70,1,54,469,17,11,1,1,1,1
71,1,54,469,17,11,1,1,1,1
72,1,54,469,17,11,1,1,1,1
73,1,54,469,17,11,1,1,1,1
74,1,54,469,17,11,1,1,1,1
75,1,54,469,17,11,1,1,1,1
76,1,54,469,17,11,1,1,1,1
77,1,54,469,17,11,1,1,1,1
78,1,54,469,17,11,1,1,1,1
79,1,54,469,17,11,1,1,1,1
80,1,52,470,17,11,1,1,1,1
81,1,52,470,17,11,1,1,1,1
82,1,52,470,17,11,1,1,1,1
83,1,52,470,17,11,1,1,1,1
84,1,52,470,17,11,1,1,1,1
85,1,52,470,17,11,1,1,1,1
86,1,52,470,17,11,1,1,1,1
87,1,52,470,17,11,1,1,1,1
88,1,52,470,17,11,1,1,1,1
89,1,52,470,17,11,1,1,1,1
90,1,51,470,17,11,1,1,1,1
91,1,51,470,17,11,1,1,1,1
92,1,51,470,17,11,1,1,1,1
93,1,49,470,17,11,1,1,1,1
94,1,49,470,17,11,1,1,1,1
95,1,49,470,17,11,1,1,1,1
96,1,49,470,17,11,1,1,1,1
97,1,49,470,17,11,1,1,1,1
98,1,49,470,17,11,1,1,1,1
99,1,49,470,17,11,1,1,1,1
100,1,49,470,17,11,1,1,1,1
101,1,49,470,17,11,1,1,1,1
102,1,49,470,17,11,1,1,1,1
103,1,49,470,17,11,1,1,1,1
104,1,49,470,17,11,1,1,1,1
105,1,49,470,17,11,1,1,1,1
106,1,49,470,17,11,1,1,1,1
107,1,49,470,17,11,1,1,1,1
108,1,49,470,17,11,1,1,1,1
109,1,49,470,17,11,1,1,1,1
110,1,49,470,17,11,1,1,1,1
111,1,49,470,17,11,1,1,1,1
112,1,49,470,17,11,1,1,1,1
113,1,49,470,17,11,1,1,1,1
114,1,47,470,17,11,1,1,1,1
115,1,47,470,17,11,1,1,1,1
116,1,47,470,17,11,1,1,1,1
117,1,47,470,17,11,1,1,1,1
118,1,47,470,17,11,1,1,1,1
119,1,47,470,17,11,1,1,1,1
120,1,44,469,17,11,1,1,1,1
121,1,44,469,17,11,1,1,1,1
122,1,42,469,17,11,1,1,1,1
123,1,42,469,17,11,1,1,1,1
124,1,42,469,17,11,1,1,1,1
125,1,43,469,17,11,1,1,1,1
126,1,43,469,17,11,1,1,1,1
127,1,43,469,17,11,1,1,1,1
128,1,43,469,17,11,1,1,1,1
129,1,43,469,17,11,1,1,1,1
130,1,43,469,17,11,1,1,1,1
131,1,45,469,17,11,1,1,1,1
132,1,45,469,17,11,1,1,1,1
133,1,45,469,17,11,1,1,1,1
134,1,45,469,17,11,1,1,1,1
135,1,43,469,17,11,1,1,1,1
136,1,43,469,17,11,1,1,1,1
137,1,43,469,17,11,1,1,1,1
138,1,43,469,17,11,1,1,1,1
139,1,43,469,17,11,1,1,1,1
140,1,43,469,17,11,1,1,1,1
141,1,43,469,17,11,1,1,1,1
142,1,42,469,17,11,1,1,1,1
143,1,42,469,17,11,1,1,1,1
144,1,42,469,17,11,1,1,1,1
145,1,42,469,17,11,1,1,1,1
146,1,39,469,17,11,1,1,1,1
147,1,39,469,17,11,1,1,1,1
148,1,39,469,17,11,1,1,1,1
149,1,39,469,17,11,1,1,1,1
150,1,39,469,17,11,1,1,1,1
151,1,39,469,17,11,1,1,1,1
152,1,39,469,17,11,1,1,1,1
153,1,39,469,17,11,1,1,1,1
154,1,38,469,17,11,1,1,1,1
155,1,38,469,17,11,1,1,1,1
156,1,38,469,17,11,1,1,1,1
157,1,38,469,17,11,1,1,1,1
158,1,38,469,17,11,1,1,1,1
159,1,38,469,17,11,1,1,1,1
160,1,38,469,17,11,1,1,1,1
161,1,38,469,17,11,1,1,1,1
162,1,38,469,17,11,1,1,1,1
163,1,37,469,17,11,1,1,1,1
164,1,37,469,17,11,1,1,1,1
165,1,37,469,17,11,1,1,1,1
166,1,37,469,17,11,1,1,1,1
167,1,37,469,17,11,1,1,1,1
168,1,37,469,17,11,1,1,1,1
169,1,37,469,17,11,1,1,1,1
170,1,37,469,17,11,1,1,1,1
171,1,37,468,17,11,1,1,1,1
172,1,37,468,17,11,1,1,1,1
173,1,37,468,17,11,1,1,1,1
174,1,37,468,17,11,1,1,1,1
175,1,37,468,17,11,1,1,1,1
176,1,37,468,17,11,1,1,1,1
177,1,37,468,17,11,1,1,1,1
178,1,37,468,17,11,1,1,1,1
179,1,37,468,17,11,1,1,1,1
180,1,37,468,17,11,1,1,1,1
181,1,35,468,17,11,1,1,1,1
182,1,35,468,17,11,1,1,1,1
183,1,35,468,17,11,1,1,1,1
184,1,35,468,17,11,1,1,1,1
185,1,35,468,17,11,1,1,1,1
186,1,35,468,17,11,1,1,1,1
187,1,35,468,17,11,1,1,1,1
188,1,35,468,17,11,1,1,1,1
189,1,35,468,17,11,1,1,1,1
190,1,35,468,17,11,1,1,1,1
191,1,35,468,17,11,1,1,1,1
192,1,35,468,17,11,1,1,1,1
193,1,35,468,17,11,1,1,1,1
194,1,35,468,17,11,1,1,1,1
195,1,35,468,17,11,1,1,1,1
196,1,35,468,17,11,1,1,1,1
197,1,35,468,17,11,1,1,1,1
198,1,35,468,17,11,1,1,1,1
199,1,35,468,17,11,1,1,1,1
200,1,35,468,17,11,1,1,1,1
201,1,35,468,17,11,1,1,1,1
202,1,35,468,17,11,1,1,1,1
203,1,35,468,17,11,1,1,1,1
204,1,35,468,17,11,1,1,1,1
205,1,33,468,17,11,1,1,1,1
206,1,33,468,17,11,1,1,1,1
207,1,33,468,17,11,1,1,1,1
208,1,33,468,17,11,1,1,1,1
209,1,33,468,17,11,1,1,1,1
210,1,33,468,17,11,1,1,1,1
211,1,33,468,17,11,1,1,1,1
212,1,33,468,17,11,1,1,1,1
213,1,33,468,17,11,1,1,1,1
214,1,33,468,17,11,1,1,1,1
215,1,33,468,17,11,1,1,1,1
216,1,33,468,17,11,1,1,1,1
217,1,33,468,17,11,1,1,1,1
218,1,33,468,17,11,1,1,1,1
219,1,33,468,17,11,1,1,1,1
220,1,33,468,17,11,1,1,1,1
221,1,33,468,17,11,1,1,1,1
222,1,32,468,17,11,1,1,1,1
223,1,32,468,17,11,1,1,1,1
224,1,32,468,17,11,1,1,1,1
225,1,32,468,17,11,1,1,1,1
226,1,32,468,17,11,1,1,1,1
227,1,32,468,17,11,1,1,1,1
228,1,32,468,17,11,1,1,1,1
229,1,30,468,17,11,1,1,1,1
230,1,30,468,17,11,1,1,1,1
231,1,30,468,17,11,1,1,1,1
232,1,30,468,17,11,1,1,1,1
233,1,30,468,17,11,1,1,1,1
234,1,30,468,17,11,1,1,1,1
235,1,29,467,17,11,1,1,1,1
236,1,29,467,17,11,1,1,1,1
237,1,29,467,17,11,1,1,1,1
238,1,29,467,17,11,1,1,1,1
239,1,29,467,17,11,1,1,1,1
240,1,28,467,17,11,1,1,1,1
241,1,28,467,17,11,1,1,1,1
242,1,28,467,17,11,1,1,1,1
243,1,28,467,17,11,1,1,1,1
244,1,28,467,17,11,1,1,1,1
245,1,28,467,17,11,1,1,1,1
246,1,28,467,17,11,1,1,1,1
247,1,28,467,17,11,1,1,1,1
248,1,28,467,17,11,1,1,1,1
249,1,28,467,17,11,1,1,1,1
250,1,28,467,17,11,1,1,1,1
251,1,28,467,17,11,1,1,1,1
252,1,28,467,17,11,1,1,1,1
253,1,28,467,17,11,1,1,1,1
254,1,28,467,17,11,1,1,1,1
255,1,27,467,17,11,1,1,1,1
256,1,27,467,17,11,1,1,1,1
257,1,27,467,17,11,1,1,1,1
258,1,27,467,17,11,1,1,1,1
259,1,27,467,17,11,1,1,1,1
260,1,27,467,17,11,1,1,1,1
261,1,27,467,17,11,1,1,1,1
262,1,27,467,17,11,1,1,1,1
263,1,26,467,17,11,1,1,1,1
264,1,26,467,17,11,1,1,1,1
265,1,26,467,17,11,1,1,1,1
266,1,26,467,17,11,1,1,1,1
267,1,26,467,17,11,1,1,1,1
268,1,26,467,17,11,1,1,1,1
269,1,26,467,17,11,1,1,1,1
270,1,26,467,17,11,1,1,1,1
271,1,26,467,17,11,1,1,1,1
272,1,25,467,17,11,1,1,1,1
273,1,25,467,17,11,1,1,1,1
274,1,25,467,17,11,1,1,1,1
275,1,25,467,17,11,1,1,1,1
276,1,25,467,17,11,1,1,1,1
277,1,24,467,17,11,1,1,1,1
278,1,24,467,17,11,1,1,1,1
279,1,24,467,17,11,1,1,1,1
280,1,23,468,20,11,1,1,1,1
281,1,23,468,20,11,1,1,1,1
282,1,22,468,20,11,1,1,1,1
283,1,22,468,20,11,1,1,1,1
284,1,22,468,20,11,1,1,1,1
285,1,22,468,20,11,1,1,1,1
286,1,22,468,20,11,1,1,1,1
287,1,22,468,20,11,1,1,1,1
288,1,22,468,20,11,1,1,1,1
289,1,22,468,20,11,1,1,1,1
290,1,22,468,20,11,1,1,1,1
291,1,22,468,20,11,1,1,1,1
292,1,22,468,20,11,1,1,1,1
293,1,21,468,20,11,1,1,1,1
294,1,21,468,20,11,1,1,1,1
295,1,21,468,20,11,1,1,1,1
296,1,21,468,20,11,1,1,1,1
297,1,21,468,20,11,1,1,1,1
298,1,21,468,20,11,1,1,1,1
299,1,21,468,20,11,1,1,1,1
300,1,21,468,20,11,1,1,1,1
301,1,21,468,20,11,1,1,1,1
302,1,20,468,20,11,1,1,1,1
303,1,20,468,20,11,1,1,1,1
304,1,20,468,20,11,1,1,1,1
305,1,20,468,20,11,1,1,1,1
306,1,20,468,20,11,1,1,1,1
307,1,20,468,20,11,1,1,1,1
308,1,19,468,20,11,1,1,1,1
309,1,19,468,20,11,1,1,1,1
310,1,19,468,20,11,1,1,1,1
311,1,19,468,20,11,1,1,1,1
312,1,19,468,20,11,1,1,1,1
313,1,19,468,20,11,1,1,1,1
314,1,19,468,20,11,1,1,1,1
315,1,19,468,20,11,1,1,1,1
316,1,19,468,20,11,1,1,1,1
317,1,19,468,20,11,1,1,1,1
318,1,19,468,20,11,1,1,1,1
319,1,19,468,20,11,1,1,1,1
320,1,18,468,20,11,1,1,1,1
321,1,18,468,20,11,1,1,1,1
322,1,18,468,20,11,1,1,1,1
323,1,18,468,20,11,1,1,1,1
324,1,18,468,20,11,1,1,1,1
325,1,17,468,20,11,1,1,1,1
326,1,17,468,20,11,1,1,1,1
327,1,17,468,20,11,1,1,1,1
328,1,17,468,20,11,1,1,1,1
329,1,17,468,20,11,1,1,1,1
330,1,17,468,20,11,1,1,1,1
331,1,16,468,20,11,1,1,1,1
332,1,16,468,20,11,1,1,1,1
333,1,16,468,20,11,1,1,1,1
334,1,16,468,20,11,1,1,1,1
335,1,16,468,20,11,1,1,1,1
336,1,16,468,20,11,1,1,1,1
337,1,16,468,20,11,1,1,1,1
338,1,16,468,20,11,1,1,1,1
339,1,16,468,20,11,1,1,1,1
340,1,16,468,20,11,1,1,1,1
341,1,16,468,20,11,1,1,1,1
342,1,16,468,20,11,1,1,1,1
343,1,16,468,20,11,1,1,1,1
344,1,16,468,20,11,1,1,1,1
345,1,16,468,20,11,1,1,1,1
346,1,16,468,20,11,1,1,1,1
347,1,16,468,20,11,1,1,1,1
348,1,16,468,20,11,1,1,1,1
349,1,16,468,20,11,1,1,1,1
350,1,16,468,20,11,1,1,1,1
351,1,16,468,20,11,1,1,1,1
352,1,16,468,20,11,1,1,1,1
353,1,16,468,20,11,1,1,1,1
354,1,16,468,20,11,1,1,1,1
355,1,15,468,20,11,1,1,1,1
356,1,15,468,20,11,1,1,1,1
357,1,15,468,20,11,1,1,1,1
358,1,15,468,20,11,1,1,1,1
359,1,15,468,20,11,1,1,1,1
360,1,15,468,20,11,1,1,1,1
361,1,15,468,20,11,1,1,1,1
362,1,15,468,20,11,1,1,1,1
363,1,15,468,20,11,1,1,1,1
364,1,15,468,20,11,1,1,1,1
365,1,15,468,20,11,1,1,1,1
366,1,15,468,20,11,1,1,1,1
367,1,15,468,20,11,1,1,1,1
368,1,15,468,20,11,1,1,1,1
369,1,15,468,20,11,1,1,1,1
370,1,15,468,20,11,1,1,1,1
371,1,15,468,20,11,1,1,1,1
372,1,14,468,20,11,1,1,1,1
373,1,14,468,20,11,1,1,1,1
374,1,14,468,20,11,1,1,1,1
375,1,14,468,20,11,1,1,1,1
376,1,13,467,20,11,1,1,1,1
377,1,13,467,20,11,1,1,1,1
378,1,13,467,20,11,1,1,1,1
379,1,13,467,20,11,1,1,1,1
380,1,13,467,20,11,1,1,1,1
381,1,13,467,20,11,1,1,1,1
382,1,13,467,20,11,1,1,1,1
383,1,12,467,20,11,1,1,1,1
384,1,12,467,20,11,1,1,1,1
385,1,12,467,20,11,1,1,1,1
386,1,12,467,20,11,1,1,1,1
387,1,12,467,20,11,1,1,1,1
388,1,12,467,20,11,1,1,1,1
389,1,11,467,20,11,1,1,1,1
390,1,11,467,20,11,1,1,1,1
391,1,11,467,20,11,1,1,1,1
392,1,11,467,20,11,1,1,1,1
393,1,11,467,20,11,1,1,1,1
394,1,11,467,20,11,1,1,1,1
395,1,10,467,20,11,1,1,1,1
396,1,10,467,20,11,1,1,1,1
397,1,10,467,20,11,1,1,1,1
398,1,10,467,20,11,1,1,1,1
399,1,10,467,20,11,1,1,1,1
400,1,10,467,20,11,1,1,1,1
401,1,10,467,20,11,1,1,1,1
402,1,10,467,20,11,1,1,1,1
403,1,10,467,20,11,1,1,1,1
404,1,10,467,20,11,1,1,1,1
405,1,9,467,20,11,1,1,1,1
406,1,9,467,20,11,1,1,1,1
407,1,9,467,20,11,1,1,1,1
408,1,9,467,20,11,1,1,1,1
409,1,9,467,20,11,1,1,1,1
410,1,9,467,20,11,1,1,1,1
411,1,9,467,20,11,1,1,1,1
412,1,9,467,20,11,1,1,1,1
413,1,9,467,20,11,1,1,1,1
414,1,8,467,20,11,1,1,1,1
415,1,8,467,20,11,1,1,1,1
416,1,8,467,20,11,1,1,1,1
417,1,8,467,20,11,1,1,1,1
418,1,8,467,20,11,1,1,1,1
419,1,8,467,20,11,1,1,1,1
420,1,8,467,20,11,1,1,1,1
421,1,8,467,20,11,1,1,1,1
422,1,8,467,20,11,1,1,1,1
423,1,8,467,20,11,1,1,1,1
424,1,8,467,20,11,1,1,1,1
425,1,8,467,20,11,1,1,1,1
426,1,8,467,20,11,1,1,1,1
427,1,8,467,20,11,1,1,1,1
428,1,7,467,20,11,1,1,1,1
429,1,7,467,20,11,1,1,1,1
430,1,7,467,20,11,1,1,1,1
431,1,7,467,20,11,1,1,1,1
432,1,7,467,20,11,1,1,1,1
433,1,7,467,20,11,1,1,1,1
434,1,5,467,20,11,1,1,1,1
435,1,5,467,20,11,1,1,1,1
436,1,5,467,20,11,1,1,1,1
437,1,5,467,20,11,1,1,1,1
438,1,5,467,20,11,1,1,1,1
439,1,5,467,20,11,1,1,1,1
440,1,5,467,20,11,1,1,1,1
441,1,5,467,20,11,1,1,1,1
442,1,5,467,20,11,1,1,1,1
443,1,5,467,20,11,1,1,1,1
444,1,5,467,20,11,1,1,1,1
445,1,3,467,20,11,1,1,1,1
446,1,3,467,20,11,1,1,1,1
447,1,3,467,20,11,1,1,1,1
448,1,3,467,20,11,1,1,1,1
449,1,3,467,20,11,1,1,1,1
450,1,3,467,20,11,1,1,1,1
451,1,3,467,20,11,1,1,1,1
452,1,3,467,20,11,1,1,1,1
453,1,3,467,20,11,1,1,1,1
454,1,3,467,20,11,1,1,1,1
455,1,3,467,20,11,1,1,1,1
456,1,3,467,20,11,1,1,1,1
457,1,3,467,20,11,1,1,1,1
458,1,3,467,20,11,1,1,1,1
459,1,3,467,20,11,1,1,1,1
460,1,3,467,20,11,1,1,1,1
461,1,3,467,20,11,1,1,1,1
462,1,3,467,20,11,1,1,1,1
463,1,3,467,20,11,1,1,1,1
464,1,3,467,20,11,1,1,1,1
465,1,3,467,20,11,1,1,1,1
466,1,3,467,20,11,1,1,1,1
467,1,3,467,20,11,1,1,1,1
468,1,3,467,20,11,1,1,1,1
469,1,2,467,20,11,1,1,1,1
470,1,2,467,20,11,1,1,1,1
471,1,2,467,20,11,1,1,1,1
472,1,2,467,20,11,1,1,1,1
473,1,2,467,20,11,1,1,1,1
474,1,2,467,20,11,1,1,1,1
475,1,2,467,20,11,1,1,1,1
476,1,2,467,20,11,1,1,1,1
477,1,1,467,20,11,1,1,1,1
478,1,1,467,20,11,1,1,1,1
479,1,1,467,20,11,1,1,1,1
480,1,1,467,20,11,1,1,1,1
481,1,0,467,20,11,1,1,1,1
482,1,0,467,20,11,1,1,1,1
483,1,0,467,20,11,1,1,1,1
484,1,0,467,20,11,1,1,1,1
485,1,0,467,20,11,1,1,1,1
486,1,0,467,20,11,1,1,1,1
487,1,0,467,20,11,1,1,1,1
488,1,0,467,20,11,1,1,1,1
489,1,0,467,20,11,1,1,1,1
490,1,0,467,20,11,1,1,1,1
491,1,0,467,20,11,1,1,1,1
509,1,446,462,31,17,1,1,1,1
510,1,446,462,31,17,1,1,1,1
511,1,446,462,31,17,1,1,1,1
512,1,446,462,31,17,1,1,1,1
513,1,446,462,31,17,1,1,1,1
514,1,446,462,31,17,1,1,1,1
515,1,446,462,31,17,1,1,1,1
516,1,446,462,31,17,1,1,1,1
517,1,446,462,31,17,1,1,1,1
518,1,446,462,31,17,1,1,1,1
519,1,446,462,31,17,1,1,1,1
520,1,446,462,31,17,1,1,1,1
521,1,446,462,31,17,1,1,1,1
522,1,446,462,31,17,1,1,1,1
523,1,446,462,31,17,1,1,1,1
524,1,446,462,31,17,1,1,1,1
525,1,446,462,31,17,1,1,1,1
526,1,446,462,31,17,1,1,1,1
527,1,446,462,31,17,1,1,1,1
528,1,446,462,31,17,1,1,1,1
529,1,446,462,31,17,1,1,1,1
530,1,446,462,31,17,1,1,1,1
531,1,446,462,31,17,1,1,1,1
532,1,446,462,31,17,1,1,1,1
533,1,446,462,31,17,1,1,1,1
534,1,446,462,31,17,1,1,1,1
535,1,446,462,31,17,1,1,1,1
536,1,446,462,31,17,1,1,1,1
537,1,446,462,31,17,1,1,1,1
538,1,446,462,31,17,1,1,1,1
539,1,446,462,31,17,1,1,1,1
540,1,446,462,31,17,1,1,1,1
541,1,446,462,31,17,1,1,1,1
542,1,446,462,31,17,1,1,1,1
543,1,446,462,31,17,1,1,1,1
544,1,446,462,31,17,1,1,1,1
545,1,446,462,31,17,1,1,1,1
546,1,446,462,31,17,1,1,1,1
547,1,446,462,31,17,1,1,1,1
548,1,446,462,31,17,1,1,1,1
549,1,446,462,31,17,1,1,1,1
550,1,446,462,31,17,1,1,1,1
551,1,446,462,31,17,1,1,1,1
552,1,446,462,31,17,1,1,1,1
553,1,446,462,31,17,1,1,1,1
554,1,446,462,31,17,1,1,1,1
555,1,446,462,31,17,1,1,1,1
556,1,446,462,31,17,1,1,1,1
557,1,446,462,31,17,1,1,1,1
558,1,446,462,31,17,1,1,1,1
559,1,446,462,31,17,1,1,1,1
560,1,446,462,31,17,1,1,1,1
561,1,446,462,31,17,1,1,1,1
562,1,446,462,31,17,1,1,1,1
563,1,446,462,31,17,1,1,1,1
564,1,446,462,31,17,1,1,1,1
565,1,446,462,31,17,1,1,1,1
566,1,446,462,31,17,1,1,1,1
567,1,446,462,31,17,1,1,1,1
568,1,446,462,31,17,1,1,1,1
569,1,446,462,31,17,1,1,1,1
570,1,446,462,31,17,1,1,1,1
571,1,446,462,31,17,1,1,1,1
572,1,446,462,31,17,1,1,1,1
573,1,446,462,31,17,1,1,1,1
574,1,446,462,31,17,1,1,1,1
575,1,446,462,31,17,1,1,1,1
576,1,446,462,31,17,1,1,1,1
577,1,446,462,31,17,1,1,1,1
578,1,446,462,31,17,1,1,1,1
579,1,446,462,31,17,1,1,1,1
580,1,446,462,31,17,1,1,1,1
581,1,446,462,31,17,1,1,1,1
582,1,446,462,31,17,1,1,1,1
583,1,446,462,31,17,1,1,1,1
584,1,446,462,31,17,1,1,1,1
585,1,446,462,31,17,1,1,1,1
586,1,446,462,31,17,1,1,1,1
587,1,446,462,31,17,1,1,1,1
588,1,446,462,31,17,1,1,1,1
589,1,446,462,31,17,1,1,1,1
590,1,446,462,31,17,1,1,1,1
591,1,446,462,31,17,1,1,1,1
592,1,446,462,31,17,1,1,1,1
593,1,444,461,31,17,1,1,1,1
594,1,444,461,31,17,1,1,1,1
595,1,444,461,31,17,1,1,1,1
596,1,444,461,31,17,1,1,1,1
597,1,444,461,31,17,1,1,1,1
598,1,444,461,31,17,1,1,1,1
599,1,444,461,31,17,1,1,1,1
600,1,444,461,31,17,1,1,1,1
1,2,87,454,31,29,1,1,1,1
2,2,87,454,31,29,1,1,1,1
3,2,87,454,31,29,1,1,1,1
4,2,87,454,31,29,1,1,1,1
5,2,87,454,31,29,1,1,1,1
6,2,87,454,31,29,1,1,1,1
7,2,88,454,31,29,1,1,1,1
8,2,88,454,31,29,1,1,1,1
9,2,88,454,31,29,1,1,1,1
10,2,88,454,31,29,1,1,1,1
11,2,88,454,31,29,1,1,1,1
12,2,88,454,31,29,1,1,1,1
13,2,88,454,31,29,1,1,1,1
14,2,88,454,31,29,1,1,1,1
15,2,88,454,31,29,1,1,1,1
16,2,88,454,31,29,1,1,1,1
17,2,88,454,31,29,1,1,1,1
18,2,88,454,31,29,1,1,1,1
19,2,88,454,31,29,1,1,1,1
20,2,88,454,31,29,1,1,1,1
21,2,88,454,31,29,1,1,1,1
22,2,88,454,31,29,1,1,1,1
23,2,88,454,31,29,1,1,1,1
24,2,88,454,31,29,1,1,1,1
25,2,88,454,31,29,1,1,1,1
26,2,88,454,31,29,1,1,1,1
27,2,88,454,31,29,1,1,1,1
28,2,88,454,31,29,1,1,1,1
29,2,88,454,31,29,1,1,1,1
30,2,88,454,31,29,1,1,1,1
31,2,88,454,31,29,1,1,1,1
32,2,88,454,31,29,1,1,1,1
33,2,88,454,31,29,1,1,1,1
34,2,88,454,31,29,1,1,1,1
35,2,88,454,31,29,1,1,1,1
36,2,88,454,31,29,1,1,1,1
37,2,88,454,31,29,1,1,1,1
38,2,88,454,31,29,1,1,1,1
39,2,88,454,31,29,1,1,1,1
40,2,88,454,31,29,1,1,1,1
41,2,90,454,31,29,1,1,1,1
42,2,90,454,31,29,1,1,1,1
43,2,90,454,31,29,1,1,1,1
44,2,90,454,31,29,1,1,1,1
45,2,90,454,31,29,1,1,1,1
46,2,90,454,31,29,1,1,1,1
47,2,90,454,31,29,1,1,1,1
48,2,90,454,31,29,1,1,1,1
49,2,90,454,31,29,1,1,1,1
50,2,90,454,31,29,1,1,1,1
51,2,90,454,31,29,1,1,1,1
52,2,90,454,31,29,1,1,1,1
53,2,90,454,31,29,1,1,1,1
54,2,90,454,31,29,1,1,1,1
55,2,90,454,31,29,1,1,1,1
56,2,90,454,31,29,1,1,1,1
57,2,91,454,31,29,1,1,1,1
58,2,91,454,31,29,1,1,1,1
59,2,91,454,31,29,1,1,1,1
60,2,91,454,31,29,1,1,1,1
61,2,91,454,31,29,1,1,1,1
62,2,91,454,31,29,1,1,1,1
63,2,91,454,31,29,1,1,1,1
64,2,91,454,31,29,1,1,1,1
65,2,91,454,31,29,1,1,1,1
66,2,91,454,31,29,1,1,1,1
67,2,91,454,31,29,1,1,1,1
68,2,90,454,31,29,1,1,1,1
69,2,90,454,31,29,1,1,1,1
70,2,91,454,31,29,1,1,1,1
71,2,91,454,31,29,1,1,1,1
72,2,91,454,31,29,1,1,1,1
73,2,91,454,31,29,1,1,1,1
74,2,91,454,31,29,1,1,1,1
75,2,91,454,31,29,1,1,1,1
76,2,91,454,31,29,1,1,1,1
77,2,91,454,31,29,1,1,1,1
78,2,91,454,31,29,1,1,1,1
79,2,91,454,31,29,1,1,1,1
80,2,91,454,31,29,1,1,1,1
81,2,91,454,31,29,1,1,1,1
82,2,91,454,31,29,1,1,1,1
83,2,91,454,31,29,1,1,1,1
84,2,91,454,31,29,1,1,1,1
85,2,91,454,31,29,1,1,1,1
86,2,91,454,31,29,1,1,1,1
87,2,91,454,31,29,1,1,1,1
88,2,91,454,31,29,1,1,1,1
89,2,91,454,31,29,1,1,1,1
90,2,91,454,31,29,1,1,1,1
91,2,91,454,31,29,1,1,1,1
92,2,91,454,31,29,1,1,1,1
93,2,91,454,31,29,1,1,1,1
94,2,91,454,31,29,1,1,1,1
95,2,91,454,31,29,1,1,1,1
96,2,91,454,31,29,1,1,1,1
97,2,91,454,31,29,1,1,1,1
98,2,92,455,31,29,1,1,1,1
99,2,92,455,31,29,1,1,1,1
100,2,92,455,31,29,1,1,1,1
101,2,92,455,31,29,1,1,1,1
102,2,92,455,31,29,1,1,1,1
103,2,92,455,31,29,1,1,1,1
104,2,92,455,31,29,1,1,1,1
105,2,92,455,31,29,1,1,1,1
106,2,92,455,31,29,1,1,1,1
107,2,92,455,31,29,1,1,1,1
108,2,93,455,31,29,1,1,1,1
109,2,93,455,31,29,1,1,1,1
110,2,93,455,31,29,1,1,1,1
111,2,93,455,31,29,1,1,1,1
112,2,93,455,31,29,1,1,1,1
113,2,93,455,31,29,1,1,1,1
114,2,93,455,31,29,1,1,1,1
115,2,93,455,31,29,1,1,1,1
116,2,93,455,31,29,1,1,1,1
117,2,93,455,31,29,1,1,1,1
118,2,93,455,31,29,1,1,1,1
119,2,93,455,31,29,1,1,1,1
120,2,93,455,31,29,1,1,1,1
121,2,93,455,31,29,1,1,1,1
122,2,93,455,31,29,1,1,1,1
123,2,93,455,31,29,1,1,1,1
124,2,93,455,31,29,1,1,1,1
125,2,93,455,31,29,1,1,1,1
126,2,93,455,31,29,1,1,1,1
127,2,93,455,31,29,1,1,1,1
128,2,93,455,31,29,1,1,1,1
129,2,93,455,31,29,1,1,1,1
130,2,93,455,31,29,1,1,1,1
131,2,93,455,31,29,1,1,1,1
132,2,93,455,31,29,1,1,1,1
133,2,93,455,31,29,1,1,1,1
134,2,93,455,31,29,1,1,1,1
135,2,93,455,31,29,1,1,1,1
136,2,93,455,31,29,1,1,1,1
137,2,93,455,31,29,1,1,1,1
138,2,93,455,31,29,1,1,1,1
139,2,93,455,31,29,1,1,1,1
140,2,93,455,31,29,1,1,1,1
141,2,93,455,31,29,1,1,1,1
142,2,93,455,31,29,1,1,1,1
143,2,93,455,31,29,1,1,1,1
144,2,93,455,31,29,1,1,1,1
145,2,93,455,31,29,1,1,1,1
146,2,93,455,31,29,1,1,1,1
147,2,93,455,31,29,1,1,1,1
148,2,93,455,31,29,1,1,1,1
149,2,93,455,31,29,1,1,1,1
150,2,93,455,31,29,1,1,1,1
151,2,93,455,31,29,1,1,1,1
152,2,93,455,31,29,1,1,1,1
153,2,93,455,31,29,1,1,1,1
154,2,93,455,31,29,1,1,1,1
155,2,93,455,31,29,1,1,1,1
156,2,93,455,31,29,1,1,1,1
157,2,93,455,31,29,1,1,1,1
158,2,93,455,31,29,1,1,1,1
159,2,93,455,31,29,1,1,1,1
160,2,93,455,31,29,1,1,1,1
161,2,93,455,31,29,1,1,1,1
162,2,93,455,31,29,1,1,1,1
163,2,93,455,31,29,1,1,1,1
164,2,93,455,31,29,1,1,1,1
165,2,93,455,31,29,1,1,1,1
166,2,93,455,31,29,1,1,1,1
167,2,93,455,31,29,1,1,1,1
168,2,93,455,31,29,1,1,1,1
169,2,93,455,31,29,1,1,1,1
170,2,93,455,31,29,1,1,1,1
171,2,93,455,31,29,1,1,1,1
172,2,93,455,31,29,1,1,1,1
173,2,93,455,31,29,1,1,1,1
174,2,93,455,31,29,1,1,1,1
175,2,93,455,31,29,1,1,1,1
176,2,93,455,31,29,1,1,1,1
177,2,93,455,31,29,1,1,1,1
178,2,93,455,31,29,1,1,1,1
179,2,93,455,31,29,1,1,1,1
180,2,93,455,31,29,1,1,1,1
181,2,93,455,31,29,1,1,1,1
182,2,93,455,31,29,1,1,1,1
183,2,93,455,31,29,1,1,1,1
184,2,93,455,31,29,1,1,1,1
185,2,93,455,31,29,1,1,1,1
186,2,93,455,31,29,1,1,1,1
187,2,93,455,31,29,1,1,1,1
188,2,93,455,31,29,1,1,1,1
189,2,94,454,31,29,1,1,1,1
190,2,94,454,31,29,1,1,1,1
191,2,94,454,31,29,1,1,1,1
192,2,94,454,31,29,1,1,1,1
193,2,94,454,31,29,1,1,1,1
194,2,94,454,31,29,1,1,1,1
195,2,94,454,31,29,1,1,1,1
196,2,94,454,31,29,1,1,1,1
197,2,94,454,31,29,1,1,1,1
198,2,94,454,31,29,1,1,1,1
199,2,94,454,31,29,1,1,1,1
200,2,94,454,31,29,1,1,1,1
201,2,94,454,31,29,1,1,1,1
202,2,94,454,31,29,1,1,1,1
203,2,94,454,31,29,1,1,1,1
204,2,94,454,31,29,1,1,1,1
205,2,94,454,31,29,1,1,1,1
206,2,94,454,31,29,1,1,1,1
207,2,94,454,31,29,1,1,1,1
208,2,94,454,31,29,1,1,1,1
209,2,94,454,31,29,1,1,1,1
210,2,94,454,31,29,1,1,1,1
211,2,94,454,31,29,1,1,1,1
212,2,94,454,31,29,1,1,1,1
213,2,94,454,31,29,1,1,1,1
214,2,94,454,31,29,1,1,1,1
215,2,94,454,31,29,1,1,1,1
216,2,94,454,31,29,1,1,1,1
217,2,95,454,31,29,1,1,1,1
218,2,95,454,31,29,1,1,1,1
219,2,95,454,31,29,1,1,1,1
220,2,95,454,31,29,1,1,1,1
221,2,95,454,31,29,1,1,1,1
222,2,95,454,31,29,1,1,1,1
223,2,95,454,31,29,1,1,1,1
224,2,95,454,31,29,1,1,1,1
225,2,96,454,31,29,1,1,1,1
226,2,96,454,31,29,1,1,1,1
227,2,96,454,31,29,1,1,1,1
228,2,96,454,31,29,1,1,1,1
229,2,96,454,31,29,1,1,1,1
230,2,96,454,31,29,1,1,1,1
231,2,96,454,31,29,1,1,1,1
232,2,96,454,31,29,1,1,1,1
233,2,96,454,31,29,1,1,1,1
234,2,96,454,31,29,1,1,1,1
235,2,96,454,31,29,1,1,1,1
236,2,96,454,31,29,1,1,1,1
237,2,96,454,31,29,1,1,1,1
238,2,96,454,31,29,1,1,1,1
239,2,96,454,31,29,1,1,1,1
240,2,96,454,31,29,1,1,1,1
241,2,96,454,31,29,1,1,1,1
242,2,96,454,31,29,1,1,1,1
243,2,96,454,31,29,1,1,1,1
244,2,96,454,31,29,1,1,1,1
245,2,96,454,31,29,1,1,1,1
246,2,96,454,31,29,1,1,1,1
247,2,96,454,31,29,1,1,1,1
248,2,96,454,31,29,1,1,1,1
249,2,96,454,31,29,1,1,1,1
250,2,96,454,31,29,1,1,1,1
251,2,96,454,31,29,1,1,1,1
252,2,96,454,31,29,1,1,1,1
253,2,96,454,31,29,1,1,1,1
254,2,96,454,31,29,1,1,1,1
255,2,96,454,31,29,1,1,1,1
256,2,96,454,31,29,1,1,1,1
257,2,96,454,31,29,1,1,1,1
258,2,96,454,31,29,1,1,1,1
259,2,96,454,31,29,1,1,1,1
260,2,96,454,31,29,1,1,1,1
261,2,96,454,31,29,1,1,1,1
262,2,96,454,31,29,1,1,1,1
263,2,96,454,31,29,1,1,1,1
264,2,96,454,31,29,1,1,1,1
265,2,96,454,31,29,1,1,1,1
266,2,96,454,31,29,1,1,1,1
267,2,96,454,31,29,1,1,1,1
268,2,96,454,31,29,1,1,1,1
269,2,96,454,31,29,1,1,1,1
270,2,96,454,31,29,1,1,1,1
271,2,96,454,31,29,1,1,1,1
272,2,96,454,31,29,1,1,1,1
273,2,96,454,31,29,1,1,1,1
274,2,96,454,31,29,1,1,1,1
275,2,96,454,31,29,1,1,1,1
276,2,96,454,31,29,1,1,1,1
277,2,96,454,31,29,1,1,1,1
278,2,96,454,31,29,1,1,1,1
279,2,96,454,31,29,1,1,1,1
280,2,96,453,33,27,1,1,1,1
281,2,96,453,33,27,1,1,1,1
282,2,96,453,33,27,1,1,1,1
283,2,96,453,33,27,1,1,1,1
284,2,96,453,33,27,1,1,1,1
285,2,96,453,33,27,1,1,1,1
286,2,97,453,33,27,1,1,1,1
287,2,97,453,33,27,1,1,1,1
288,2,97,453,33,27,1,1,1,1
289,2,97,453,33,27,1,1,1,1
290,2,97,453,33,27,1,1,1,1
291,2,97,453,33,27,1,1,1,1
292,2,97,453,33,27,1,1,1,1
293,2,97,453,33,27,1,1,1,1
294,2,97,453,33,27,1,1,1,1
295,2,97,453,33,27,1,1,1,1
296,2,97,453,33,27,1,1,1,1
297,2,97,453,33,27,1,1,1,1
298,2,97,453,33,27,1,1,1,1
299,2,97,453,33,27,1,1,1,1
300,2,97,453,33,27,1,1,1,1
301,2,97,453,33,27,1,1,1,1
302,2,97,453,33,27,1,1,1,1
303,2,97,453,33,27,1,1,1,1
304,2,97,453,33,27,1,1,1,1
305,2,97,453,33,27,1,1,1,1
306,2,97,453,33,27,1,1,1,1
307,2,97,453,33,27,1,1,1,1
308,2,97,453,33,27,1,1,1,1
309,2,97,453,33,27,1,1,1,1
310,2,97,453,33,27,1,1,1,1
311,2,97,453,33,27,1,1,1,1
312,2,97,453,33,27,1,1,1,1
313,2,97,453,33,27,1,1,1,1
314,2,97,453,33,27,1,1,1,1
315,2,97,453,33,27,1,1,1,1
316,2,97,453,33,27,1,1,1,1
317,2,97,453,33,27,1,1,1,1
318,2,97,453,33,27,1,1,1,1
319,2,97,453,33,27,1,1,1,1
320,2,97,453,33,27,1,1,1,1
321,2,97,453,33,27,1,1,1,1
322,2,97,453,33,27,1,1,1,1
323,2,97,453,33,27,1,1,1,1
324,2,97,453,33,27,1,1,1,1
325,2,97,453,33,27,1,1,1,1
326,2,97,453,33,27,1,1,1,1
327,2,97,453,33,27,1,1,1,1
328,2,97,453,33,27,1,1,1,1
329,2,97,453,33,27,1,1,1,1
330,2,97,453,33,27,1,1,1,1
331,2,97,453,33,27,1,1,1,1
332,2,97,453,33,27,1,1,1,1
333,2,97,453,33,27,1,1,1,1
334,2,97,453,33,27,1,1,1,1
335,2,97,453,33,27,1,1,1,1
336,2,97,453,33,27,1,1,1,1
337,2,97,453,33,27,1,1,1,1
338,2,97,453,33,27,1,1,1,1
339,2,97,453,33,27,1,1,1,1
340,2,97,453,33,27,1,1,1,1
341,2,97,453,33,27,1,1,1,1
342,2,97,453,33,27,1,1,1,1
343,2,98,453,33,27,1,1,1,1
344,2,98,453,33,27,1,1,1,1
345,2,98,453,33,27,1,1,1,1
346,2,98,453,33,27,1,1,1,1
347,2,98,453,33,27,1,1,1,1
348,2,98,453,33,27,1,1,1,1
349,2,98,453,33,27,1,1,1,1
350,2,99,454,33,27,1,1,1,1
351,2,99,454,33,27,1,1,1,1
352,2,99,454,33,27,1,1,1,1
353,2,99,454,33,27,1,1,1,1
354,2,99,454,33,27,1,1,1,1
355,2,99,454,33,27,1,1,1,1
356,2,99,454,33,27,1,1,1,1
357,2,99,454,33,27,1,1,1,1
358,2,99,454,33,27,1,1,1,1
359,2,99,454,33,27,1,1,1,1
360,2,99,454,33,27,1,1,1,1
361,2,99,454,33,27,1,1,1,1
362,2,99,454,33,27,1,1,1,1
363,2,99,454,33,27,1,1,1,1
364,2,99,454,33,27,1,1,1,1
365,2,99,454,33,27,1,1,1,1
366,2,99,454,33,27,1,1,1,1
367,2,99,454,33,27,1,1,1,1
368,2,99,454,33,27,1,1,1,1
369,2,99,454,33,27,1,1,1,1
370,2,99,454,33,27,1,1,1,1
371,2,99,454,33,27,1,1,1,1
372,2,99,454,33,27,1,1,1,1
373,2,99,454,33,27,1,1,1,1
374,2,99,454,33,27,1,1,1,1
375,2,99,454,33,27,1,1,1,1
376,2,100,454,33,27,1,1,1,1
377,2,100,454,33,27,1,1,1,1
378,2,100,454,33,27,1,1,1,1
379,2,100,454,33,27,1,1,1,1
380,2,100,454,33,27,1,1,1,1
381,2,100,454,33,27,1,1,1,1
382,2,100,454,33,27,1,1,1,1
383,2,101,454,33,27,1,1,1,1
384,2,101,454,33,27,1,1,1,1
385,2,101,454,33,27,1,1,1,1
386,2,101,454,33,27,1,1,1,1
387,2,101,454,33,27,1,1,1,1
388,2,101,454,33,27,1,1,1,1
389,2,101,454,33,27,1,1,1,1
390,2,101,454,33,27,1,1,1,1
391,2,101,454,33,27,1,1,1,1
392,2,101,454,33,27,1,1,1,1
393,2,101,454,33,27,1,1,1,1
394,2,101,454,33,27,1,1,1,1
395,2,101,454,33,27,1,1,1,1
396,2,101,454,33,27,1,1,1,1
397,2,101,454,33,27,1,1,1,1
398,2,101,454,33,27,1,1,1,1
399,2,101,454,33,27,1,1,1,1
400,2,101,454,33,27,1,1,1,1
401,2,101,454,33,27,1,1,1,1
402,2,101,454,33,27,1,1,1,1
403,2,101,454,33,27,1,1,1,1
404,2,101,454,33,27,1,1,1,1
405,2,101,454,33,27,1,1,1,1
406,2,101,454,33,27,1,1,1,1
407,2,101,454,33,27,1,1,1,1
408,2,101,454,33,27,1,1,1,1
409,2,101,454,33,27,1,1,1,1
410,2,101,454,33,27,1,1,1,1
411,2,101,454,33,27,1,1,1,1
412,2,101,454,33,27,1,1,1,1
413,2,101,454,33,27,1,1,1,1
414,2,101,454,33,27,1,1,1,1
415,2,101,454,33,27,1,1,1,1
416,2,101,454,33,27,1,1,1,1
417,2,101,454,33,27,1,1,1,1
418,2,101,454,33,27,1,1,1,1
419,2,101,454,33,27,1,1,1,1
420,2,101,454,33,27,1,1,1,1
421,2,101,454,33,27,1,1,1,1
422,2,101,454,33,27,1,1,1,1
423,2,101,454,33,27,1,1,1,1
424,2,101,454,33,27,1,1,1,1
425,2,102,454,33,27,1,1,1,1
426,2,102,454,33,27,1,1,1,1
427,2,102,454,33,27,1,1,1,1
428,2,102,454,33,27,1,1,1,1
429,2,102,454,33,27,1,1,1,1
430,2,102,454,33,27,1,1,1,1
431,2,102,454,33,27,1,1,1,1
432,2,102,454,33,27,1,1,1,1
433,2,102,454,33,27,1,1,1,1
434,2,102,454,33,27,1,1,1,1
435,2,102,454,33,27,1,1,1,1
436,2,102,454,33,27,1,1,1,1
437,2,102,454,33,27,1,1,1,1
438,2,102,454,33,27,1,1,1,1
439,2,102,454,33,27,1,1,1,1
440,2,102,454,33,27,1,1,1,1
441,2,102,454,33,27,1,1,1,1
442,2,102,454,33,27,1,1,1,1
443,2,102,454,33,27,1,1,1,1
444,2,102,454,33,27,1,1,1,1
445,2,102,454,33,27,1,1,1,1
446,2,101,454,33,27,1,1,1,1
447,2,101,454,33,27,1,1,1,1
448,2,101,454,33,27,1,1,1,1
449,2,101,454,33,27,1,1,1,1
450,2,101,454,33,27,1,1,1,1
451,2,101,454,33,27,1,1,1,1
452,2,101,454,33,27,1,1,1,1
453,2,101,454,33,27,1,1,1,1
454,2,101,454,33,27,1,1,1,1
455,2,101,454,33,27,1,1,1,1
456,2,101,454,33,27,1,1,1,1
457,2,101,454,33,27,1,1,1,1
458,2,101,454,33,27,1,1,1,1
459,2,102,454,33,27,1,1,1,1
460,2,102,454,33,27,1,1,1,1
461,2,102,454,33,27,1,1,1,1
462,2,102,454,33,27,1,1,1,1
463,2,102,454,33,27,1,1,1,1
464,2,102,454,33,27,1,1,1,1
465,2,102,454,33,27,1,1,1,1
466,2,102,454,33,27,1,1,1,1
467,2,102,454,33,27,1,1,1,1
468,2,102,454,33,27,1,1,1,1
469,2,102,454,33,27,1,1,1,1
470,2,102,454,33,27,1,1,1,1
471,2,102,454,33,27,1,1,1,1
472,2,102,454,33,27,1,1,1,1
473,2,102,454,33,27,1,1,1,1
474,2,102,454,33,27,1,1,1,1
475,2,102,454,33,27,1,1,1,1
476,2,102,454,33,27,1,1,1,1
477,2,102,454,33,27,1,1,1,1
478,2,102,454,33,27,1,1,1,1
479,2,102,454,33,27,1,1,1,1
480,2,102,454,33,27,1,1,1,1
481,2,102,454,33,27,1,1,1,1
482,2,102,454,33,27,1,1,1,1
483,2,102,454,33,27,1,1,1,1
484,2,102,454,33,27,1,1,1,1
485,2,102,454,33,27,1,1,1,1
486,2,102,454,33,27,1,1,1,1
487,2,102,454,33,27,1,1,1,1
488,2,102,454,33,27,1,1,1,1
489,2,102,454,33,27,1,1,1,1
490,2,102,454,33,27,1,1,1,1
491,2,102,454,33,27,1,1,1,1
492,2,102,454,33,27,1,1,1,1
493,2,102,454,33,27,1,1,1,1
494,2,102,454,33,27,1,1,1,1
495,2,102,454,33,27,1,1,1,1
496,2,102,454,33,27,1,1,1,1
497,2,102,454,33,27,1,1,1,1
498,2,102,454,33,27,1,1,1,1
499,2,102,454,33,27,1,1,1,1
500,2,102,454,33,27,1,1,1,1
501,2,102,454,33,27,1,1,1,1
502,2,102,454,33,27,1,1,1,1
503,2,102,454,33,27,1,1,1,1
504,2,102,454,33,27,1,1,1,1
505,2,102,454,33,27,1,1,1,1
506,2,102,454,33,27,1,1,1,1
507,2,102,454,33,27,1,1,1,1
508,2,102,454,33,27,1,1,1,1
509,2,102,454,33,27,1,1,1,1
510,2,102,454,33,27,1,1,1,1
511,2,102,454,33,27,1,1,1,1
512,2,102,454,33,27,1,1,1,1
513,2,102,454,33,27,1,1,1,1
514,2,102,454,33,27,1,1,1,1
515,2,102,454,33,27,1,1,1,1
516,2,102,454,33,27,1,1,1,1
517,2,102,454,33,27,1,1,1,1
518,2,102,454,33,27,1,1,1,1
519,2,102,454,33,27,1,1,1,1
520,2,102,454,33,27,1,1,1,1
521,2,102,454,33,27,1,1,1,1
522,2,102,454,33,27,1,1,1,1
523,2,102,454,33,27,1,1,1,1
524,2,102,454,33,27,1,1,1,1
525,2,102,454,33,27,1,1,1,1
526,2,102,454,33,27,1,1,1,1
527,2,102,454,33,27,1,1,1,1
528,2,102,454,33,27,1,1,1,1
529,2,102,454,33,27,1,1,1,1
530,2,102,454,33,27,1,1,1,1
531,2,103,454,33,27,1,1,1,1
532,2,103,454,33,27,1,1,1,1
533,2,103,454,33,27,1,1,1,1
534,2,103,454,33,27,1,1,1,1
535,2,103,454,33,27,1,1,1,1
536,2,103,454,33,27,1,1,1,1
537,2,103,454,33,27,1,1,1,1
538,2,103,454,33,27,1,1,1,1
539,2,103,454,33,27,1,1,1,1
540,2,103,454,33,27,1,1,1,1
541,2,103,454,33,27,1,1,1,1
542,2,103,454,33,27,1,1,1,1
543,2,103,454,33,27,1,1,1,1
544,2,103,454,33,27,1,1,1,1
545,2,103,454,33,27,1,1,1,1
546,2,103,454,33,27,1,1,1,1
547,2,103,454,33,27,1,1,1,1
548,2,103,454,33,27,1,1,1,1
549,2,103,454,33,27,1,1,1,1
550,2,103,454,33,27,1,1,1,1
551,2,103,454,33,27,1,1,1,1
552,2,103,454,33,27,1,1,1,1
553,2,103,454,33,27,1,1,1,1
554,2,105,454,33,27,1,1,1,1
555,2,105,454,33,27,1,1,1,1
556,2,105,454,33,27,1,1,1,1
557,2,105,454,33,27,1,1,1,1
558,2,105,454,33,27,1,1,1,1
559,2,105,454,33,27,1,1,1,1
560,2,105,454,33,27,1,1,1,1
561,2,105,454,33,27,1,1,1,1
562,2,105,454,33,27,1,1,1,1
563,2,105,454,33,27,1,1,1,1
564,2,105,454,33,27,1,1,1,1
565,2,105,454,33,27,1,1,1,1
566,2,105,454,33,27,1,1,1,1
567,2,105,454,33,27,1,1,1,1
568,2,105,454,33,27,1,1,1,1
569,2,105,454,33,27,1,1,1,1
570,2,105,454,33,27,1,1,1,1
571,2,105,454,33,27,1,1,1,1
572,2,105,454,33,27,1,1,1,1
573,2,106,454,33,27,1,1,1,1
574,2,106,454,33,27,1,1,1,1
575,2,106,454,33,27,1,1,1,1
576,2,106,454,33,27,1,1,1,1
577,2,106,454,33,27,1,1,1,1
578,2,106,454,33,27,1,1,1,1
579,2,106,454,33,27,1,1,1,1
580,2,106,454,33,27,1,1,1,1
581,2,106,454,33,27,1,1,1,1
582,2,106,454,33,27,1,1,1,1
583,2,106,454,33,27,1,1,1,1
584,2,106,454,33,27,1,1,1,1
585,2,106,454,33,27,1,1,1,1
586,2,106,454,33,27,1,1,1,1
587,2,106,454,33,27,1,1,1,1
588,2,106,454,33,27,1,1,1,1
589,2,106,454,33,27,1,1,1,1
590,2,106,454,33,27,1,1,1,1
591,2,106,454,33,27,1,1,1,1
592,2,106,454,33,27,1,1,1,1
593,2,106,454,33,27,1,1,1,1
594,2,106,454,33,27,1,1,1,1
595,2,105,454,33,27,1,1,1,1
596,2,105,454,33,27,1,1,1,1
597,2,105,454,33,27,1,1,1,1
598,2,105,454,33,27,1,1,1,1
599,2,105,454,33,27,1,1,1,1
600,2,105,454,33,27,1,1,1,1
1,3,146,432,151,45,1,1,1,1
2,3,146,432,151,45,1,1,1,1
3,3,146,432,151,45,1,1,1,1
4,3,146,432,151,45,1,1,1,1
5,3,146,432,151,45,1,1,1,1
6,3,146,432,151,45,1,1,1,1
7,3,149,432,154,45,1,1,1,1
8,3,149,432,154,45,1,1,1,1
9,3,149,432,154,45,1,1,1,1
10,3,149,432,154,45,1,1,1,1
11,3,149,432,154,45,1,1,1,1
12,3,149,432,154,45,1,1,1,1
13,3,149,432,154,45,1,1,1,1
14,3,149,432,158,45,1,1,1,1
15,3,149,432,158,45,1,1,1,1
16,3,149,432,158,45,1,1,1,1
17,3,149,432,158,45,1,1,1,1
18,3,149,432,158,45,1,1,1,1
19,3,149,432,162,45,1,1,1,1
20,3,149,432,162,45,1,1,1,1
21,3,149,432,162,45,1,1,1,1
22,3,149,432,162,45,1,1,1,1
23,3,149,432,162,45,1,1,1,1
24,3,149,432,162,45,1,1,1,1
25,3,149,432,162,45,1,1,1,1
26,3,149,432,162,45,1,1,1,1
27,3,151,432,166,45,1,1,1,1
28,3,151,432,166,45,1,1,1,1
29,3,151,432,166,45,1,1,1,1
30,3,151,432,166,45,1,1,1,1
31,3,151,432,169,45,1,1,1,1
32,3,151,432,169,45,1,1,1,1
33,3,151,432,169,45,1,1,1,1
34,3,151,432,169,45,1,1,1,1
35,3,151,432,169,45,1,1,1,1
36,3,151,432,169,45,1,1,1,1
37,3,151,432,169,45,1,1,1,1
38,3,151,432,169,45,1,1,1,1
39,3,151,432,173,45,1,1,1,1
40,3,151,432,173,45,1,1,1,1
41,3,151,432,173,45,1,1,1,1
42,3,151,432,173,45,1,1,1,1
43,3,151,432,173,45,1,1,1,1
44,3,151,432,173,45,1,1,1,1
45,3,151,432,173,45,1,1,1,1
46,3,151,432,173,45,1,1,1,1
47,3,151,432,173,45,1,1,1,1
48,3,151,432,173,45,1,1,1,1
49,3,151,432,173,45,1,1,1,1
50,3,151,432,175,45,1,1,1,1
51,3,151,432,175,45,1,1,1,1
52,3,151,432,175,45,1,1,1,1
53,3,151,432,175,45,1,1,1,1
54,3,151,432,175,45,1,1,1,1
55,3,151,432,175,45,1,1,1,1
56,3,151,432,175,45,1,1,1,1
57,3,151,432,175,45,1,1,1,1
58,3,151,432,175,45,1,1,1,1
59,3,151,432,175,45,1,1,1,1
60,3,151,432,175,45,1,1,1,1
61,3,151,433,178,45,1,1,1,1
62,3,151,433,178,45,1,1,1,1
63,3,150,434,178,45,1,1,1,1
64,3,150,434,178,45,1,1,1,1
65,3,150,434,178,45,1,1,1,1
66,3,150,434,178,45,1,1,1,1
67,3,150,434,178,45,1,1,1,1
68,3,150,434,178,45,1,1,1,1
69,3,150,434,178,45,1,1,1,1
70,3,150,434,178,45,1,1,1,1
71,3,150,434,178,45,1,1,1,1
72,3,150,434,178,45,1,1,1,1
73,3,150,434,178,45,1,1,1,1
74,3,150,434,178,45,1,1,1,1
75,3,150,434,178,45,1,1,1,1
76,3,150,434,178,45,1,1,1,1
77,3,150,434,178,45,1,1,1,1
78,3,150,434,178,45,1,1,1,1
79,3,150,434,178,45,1,1,1,1
80,3,150,434,178,45,1,1,1,1
81,3,150,434,178,45,1,1,1,1
82,3,150,434,178,45,1,1,1,1
83,3,150,434,178,45,1,1,1,1
84,3,150,434,178,45,1,1,1,1
85,3,150,434,178,45,1,1,1,1
86,3,150,434,178,45,1,1,1,1
87,3,150,434,178,45,1,1,1,1
88,3,150,434,178,45,1,1,1,1
89,3,150,434,178,45,1,1,1,1
90,3,150,434,178,45,1,1,1,1
91,3,150,434,178,45,1,1,1,1
92,3,150,434,178,45,1,1,1,1
93,3,150,434,178,45,1,1,1,1
94,3,150,434,178,45,1,1,1,1
95,3,150,434,178,45,1,1,1,1
96,3,150,434,178,45,1,1,1,1
97,3,150,434,178,45,1,1,1,1
98,3,150,434,178,45,1,1,1,1
99,3,150,434,178,45,1,1,1,1
100,3,151,434,178,45,1,1,1,1
101,3,151,434,178,45,1,1,1,1
102,3,151,434,178,45,1,1,1,1
103,3,151,434,178,45,1,1,1,1
104,3,151,434,178,45,1,1,1,1
105,3,151,434,178,45,1,1,1,1
106,3,151,434,178,45,1,1,1,1
107,3,151,434,178,45,1,1,1,1
108,3,151,434,178,45,1,1,1,1
109,3,151,434,178,45,1,1,1,1
110,3,151,434,178,45,1,1,1,1
111,3,151,434,178,45,1,1,1,1
112,3,151,434,178,45,1,1,1,1
113,3,151,434,178,45,1,1,1,1
114,3,151,434,178,45,1,1,1,1
115,3,151,434,178,45,1,1,1,1
116,3,151,434,178,45,1,1,1,1
117,3,151,434,178,45,1,1,1,1
118,3,151,434,178,45,1,1,1,1
119,3,151,434,178,45,1,1,1,1
120,3,151,434,178,45,1,1,1,1
121,3,151,434,178,45,1,1,1,1
122,3,151,434,178,45,1,1,1,1
123,3,151,434,178,45,1,1,1,1
124,3,151,434,178,45,1,1,1,1
125,3,151,434,178,45,1,1,1,1
126,3,151,434,178,45,1,1,1,1
127,3,151,434,178,45,1,1,1,1
128,3,151,434,178,45,1,1,1,1
129,3,151,434,178,45,1,1,1,1
130,3,151,434,178,45,1,1,1,1
131,3,151,434,178,45,1,1,1,1
132,3,151,434,178,45,1,1,1,1
133,3,151,434,178,45,1,1,1,1
134,3,151,434,178,45,1,1,1,1
135,3,151,434,178,45,1,1,1,1
136,3,151,434,178,45,1,1,1,1
137,3,151,434,178,45,1,1,1,1
138,3,151,434,178,45,1,1,1,1
139,3,151,434,178,45,1,1,1,1
140,3,151,434,178,45,1,1,1,1
141,3,151,434,178,45,1,1,1,1
142,3,151,434,178,45,1,1,1,1
143,3,151,434,178,45,1,1,1,1
144,3,151,434,178,45,1,1,1,1
145,3,151,434,178,45,1,1,1,1
146,3,151,434,178,45,1,1,1,1
147,3,151,434,178,45,1,1,1,1
148,3,151,434,178,45,1,1,1,1
149,3,151,434,178,45,1,1,1,1
150,3,151,434,178,45,1,1,1,1
151,3,151,434,178,45,1,1,1,1
152,3,151,434,178,45,1,1,1,1
153,3,151,434,178,45,1,1,1,1
154,3,151,434,178,45,1,1,1,1
155,3,151,434,178,45,1,1,1,1
156,3,151,434,178,45,1,1,1,1
157,3,151,434,178,45,1,1,1,1
158,3,151,434,178,45,1,1,1,1
159,3,151,434,178,45,1,1,1,1
160,3,151,434,178,45,1,1,1,1
161,3,151,434,178,45,1,1,1,1
162,3,151,434,178,45,1,1,1,1
163,3,151,434,178,45,1,1,1,1
164,3,151,434,178,45,1,1,1,1
165,3,151,434,178,45,1,1,1,1
166,3,151,434,178,45,1,1,1,1
167,3,151,434,178,45,1,1,1,1
168,3,151,434,178,45,1,1,1,1
169,3,151,434,178,45,1,1,1,1
170,3,151,434,178,45,1,1,1,1
171,3,151,434,178,45,1,1,1,1
172,3,151,434,178,45,1,1,1,1
173,3,151,434,178,45,1,1,1,1
174,3,151,434,178,45,1,1,1,1
175,3,151,434,178,45,1,1,1,1
176,3,151,434,178,45,1,1,1,1
177,3,151,434,178,45,1,1,1,1
178,3,151,434,178,45,1,1,1,1
179,3,151,434,178,45,1,1,1,1
180,3,151,434,178,45,1,1,1,1
181,3,151,434,178,45,1,1,1,1
182,3,151,434,178,45,1,1,1,1
183,3,151,434,178,45,1,1,1,1
184,3,151,434,178,45,1,1,1,1
185,3,151,434,178,45,1,1,1,1
186,3,150,433,178,45,1,1,1,1
187,3,150,433,178,45,1,1,1,1
188,3,150,433,178,45,1,1,1,1
189,3,150,433,178,45,1,1,1,1
190,3,150,433,178,45,1,1,1,1
191,3,150,433,178,45,1,1,1,1
192,3,150,433,178,45,1,1,1,1
193,3,150,433,178,45,1,1,1,1
194,3,150,433,178,45,1,1,1,1
195,3,150,433,178,45,1,1,1,1
196,3,150,433,178,45,1,1,1,1
197,3,150,433,178,45,1,1,1,1
198,3,150,433,178,45,1,1,1,1
199,3,150,433,178,45,1,1,1,1
200,3,150,433,178,45,1,1,1,1
201,3,150,433,178,45,1,1,1,1
202,3,150,433,178,45,1,1,1,1
203,3,150,433,178,45,1,1,1,1
204,3,150,433,178,45,1,1,1,1
205,3,150,433,178,45,1,1,1,1
206,3,150,433,178,45,1,1,1,1
207,3,150,433,178,45,1,1,1,1
208,3,150,433,178,45,1,1,1,1
209,3,150,433,178,45,1,1,1,1
210,3,150,433,178,45,1,1,1,1
211,3,150,433,178,45,1,1,1,1
212,3,150,433,178,45,1,1,1,1
213,3,150,433,178,45,1,1,1,1
214,3,151,433,178,45,1,1,1,1
215,3,151,433,178,45,1,1,1,1
216,3,151,433,178,45,1,1,1,1
217,3,151,433,178,45,1,1,1,1
218,3,151,433,178,45,1,1,1,1
219,3,151,433,178,45,1,1,1,1
220,3,151,433,178,45,1,1,1,1
221,3,151,433,178,45,1,1,1,1
222,3,151,433,178,45,1,1,1,1
223,3,151,433,178,45,1,1,1,1
224,3,151,433,178,45,1,1,1,1
225,3,151,433,178,45,1,1,1,1
226,3,151,433,178,45,1,1,1,1
227,3,151,433,178,45,1,1,1,1
228,3,151,433,178,45,1,1,1,1
229,3,151,433,178,45,1,1,1,1
230,3,151,433,178,45,1,1,1,1
231,3,151,433,178,45,1,1,1,1
232,3,151,433,178,45,1,1,1,1
233,3,151,433,178,45,1,1,1,1
234,3,151,433,178,45,1,1,1,1
235,3,151,434,178,45,1,1,1,1
236,3,151,434,178,45,1,1,1,1
237,3,151,434,178,45,1,1,1,1
238,3,151,434,178,45,1,1,1,1
239,3,151,434,178,45,1,1,1,1
240,3,151,434,178,45,1,1,1,1
241,3,151,434,178,45,1,1,1,1
242,3,150,434,178,45,1,1,1,1
243,3,150,434,178,45,1,1,1,1
244,3,150,434,178,45,1,1,1,1
245,3,150,434,178,45,1,1,1,1
246,3,150,434,178,45,1,1,1,1
247,3,150,434,178,45,1,1,1,1
248,3,150,434,178,45,1,1,1,1
249,3,150,434,178,45,1,1,1,1
250,3,150,434,178,45,1,1,1,1
251,3,150,434,178,45,1,1,1,1
252,3,150,434,178,45,1,1,1,1
253,3,151,434,178,45,1,1,1,1
254,3,151,434,178,45,1,1,1,1
255,3,151,434,178,45,1,1,1,1
256,3,151,434,178,45,1,1,1,1
257,3,151,434,178,45,1,1,1,1
258,3,151,434,178,45,1,1,1,1
259,3,151,434,178,45,1,1,1,1
260,3,151,434,178,45,1,1,1,1
261,3,151,434,178,45,1,1,1,1
262,3,151,434,178,45,1,1,1,1
263,3,151,434,178,45,1,1,1,1
264,3,151,434,178,45,1,1,1,1
265,3,151,434,178,45,1,1,1,1
266,3,151,434,178,45,1,1,1,1
267,3,151,434,178,45,1,1,1,1
268,3,151,434,178,45,1,1,1,1
269,3,151,434,178,45,1,1,1,1
270,3,151,434,178,45,1,1,1,1
271,3,151,434,178,45,1,1,1,1
272,3,151,434,178,45,1,1,1,1
273,3,151,434,178,45,1,1,1,1
274,3,151,434,178,45,1,1,1,1
275,3,151,434,178,45,1,1,1,1
276,3,151,434,178,45,1,1,1,1
277,3,151,434,178,45,1,1,1,1
278,3,151,434,178,45,1,1,1,1
279,3,151,434,178,45,1,1,1,1
280,3,148,430,182,51,1,1,1,1
281,3,148,430,182,51,1,1,1,1
282,3,148,430,182,51,1,1,1,1
283,3,148,430,182,51,1,1,1,1
284,3,148,430,182,51,1,1,1,1
285,3,148,430,182,51,1,1,1,1
286,3,148,430,182,51,1,1,1,1
287,3,148,430,182,51,1,1,1,1
288,3,148,430,182,51,1,1,1,1
289,3,148,430,182,51,1,1,1,1
290,3,148,430,182,51,1,1,1,1
291,3,148,430,182,51,1,1,1,1
292,3,148,430,182,51,1,1,1,1
293,3,148,430,182,51,1,1,1,1
294,3,148,430,182,51,1,1,1,1
295,3,148,430,182,51,1,1,1,1
296,3,148,430,182,51,1,1,1,1
297,3,148,430,182,51,1,1,1,1
298,3,148,430,182,51,1,1,1,1
299,3,148,430,182,51,1,1,1,1
300,3,148,430,182,51,1,1,1,1
301,3,148,430,182,51,1,1,1,1
302,3,148,430,182,51,1,1,1,1
303,3,148,430,182,51,1,1,1,1
304,3,148,430,182,51,1,1,1,1
305,3,148,430,182,51,1,1,1,1
306,3,148,430,182,51,1,1,1,1
307,3,148,430,182,51,1,1,1,1
308,3,148,430,182,51,1,1,1,1
309,3,148,430,182,51,1,1,1,1
310,3,148,430,182,51,1,1,1,1
311,3,148,430,182,51,1,1,1,1
312,3,148,430,182,51,1,1,1,1
313,3,148,430,182,51,1,1,1,1
314,3,148,430,182,51,1,1,1,1
315,3,148,430,182,51,1,1,1,1
316,3,148,430,182,51,1,1,1,1
317,3,148,430,182,51,1,1,1,1
318,3,148,430,182,51,1,1,1,1
319,3,148,430,182,51,1,1,1,1
320,3,148,430,182,51,1,1,1,1
321,3,148,430,182,51,1,1,1,1
322,3,148,430,182,51,1,1,1,1
323,3,148,430,182,51,1,1,1,1
324,3,148,430,182,51,1,1,1,1
325,3,148,430,182,51,1,1,1,1
326,3,148,430,182,51,1,1,1,1
327,3,148,430,182,51,1,1,1,1
328,3,148,430,182,51,1,1,1,1
329,3,148,430,182,51,1,1,1,1
330,3,148,430,182,51,1,1,1,1
331,3,148,430,182,51,1,1,1,1
332,3,148,430,182,51,1,1,1,1
333,3,148,430,182,51,1,1,1,1
334,3,148,430,182,51,1,1,1,1
335,3,148,430,182,51,1,1,1,1
336,3,148,430,182,51,1,1,1,1
337,3,148,430,182,51,1,1,1,1
338,3,148,430,182,51,1,1,1,1
339,3,148,430,182,51,1,1,1,1
340,3,148,430,182,51,1,1,1,1
341,3,148,430,182,51,1,1,1,1
342,3,148,430,182,51,1,1,1,1
343,3,148,430,182,51,1,1,1,1
344,3,148,430,182,51,1,1,1,1
345,3,148,430,182,51,1,1,1,1
346,3,148,430,182,51,1,1,1,1
347,3,148,430,182,51,1,1,1,1
348,3,148,430,182,51,1,1,1,1
349,3,148,430,182,51,1,1,1,1
350,3,148,430,182,51,1,1,1,1
351,3,148,430,182,51,1,1,1,1
352,3,148,430,182,51,1,1,1,1
353,3,148,430,182,51,1,1,1,1
354,3,148,430,182,51,1,1,1,1
355,3,148,430,182,51,1,1,1,1
356,3,148,430,182,51,1,1,1,1
357,3,148,430,182,51,1,1,1,1
358,3,149,430,182,51,1,1,1,1
359,3,149,430,182,51,1,1,1,1
360,3,149,430,182,51,1,1,1,1
361,3,149,430,182,51,1,1,1,1
362,3,149,430,182,51,1,1,1,1
363,3,149,430,182,51,1,1,1,1
364,3,149,430,182,51,1,1,1,1
365,3,149,430,182,51,1,1,1,1
366,3,149,430,182,51,1,1,1,1
367,3,149,430,182,51,1,1,1,1
368,3,149,430,182,51,1,1,1,1
369,3,149,430,182,51,1,1,1,1
370,3,149,430,182,51,1,1,1,1
371,3,149,430,182,51,1,1,1,1
372,3,149,430,182,51,1,1,1,1
373,3,149,430,182,51,1,1,1,1
374,3,149,430,182,51,1,1,1,1
375,3,149,430,182,51,1,1,1,1
376,3,149,430,182,51,1,1,1,1
377,3,149,430,182,51,1,1,1,1
378,3,149,430,182,51,1,1,1,1
379,3,149,430,182,51,1,1,1,1
380,3,149,430,182,51,1,1,1,1
381,3,149,430,182,51,1,1,1,1
382,3,149,430,182,51,1,1,1,1
383,3,149,430,182,51,1,1,1,1
384,3,149,430,182,51,1,1,1,1
385,3,149,430,182,51,1,1,1,1
386,3,149,430,182,51,1,1,1,1
387,3,149,430,182,51,1,1,1,1
388,3,149,430,182,51,1,1,1,1
389,3,149,430,182,51,1,1,1,1
390,3,149,430,182,51,1,1,1,1
391,3,149,430,182,51,1,1,1,1
392,3,149,430,182,51,1,1,1,1
393,3,149,430,182,51,1,1,1,1
394,3,149,430,182,51,1,1,1,1
395,3,149,430,182,51,1,1,1,1
396,3,149,430,182,51,1,1,1,1
397,3,149,430,182,51,1,1,1,1
398,3,149,430,182,51,1,1,1,1
399,3,149,430,182,51,1,1,1,1
400,3,149,430,182,51,1,1,1,1
401,3,149,430,182,51,1,1,1,1
402,3,149,430,182,51,1,1,1,1
403,3,149,430,182,51,1,1,1,1
404,3,149,430,182,51,1,1,1,1
405,3,149,430,182,51,1,1,1,1
406,3,149,430,182,51,1,1,1,1
407,3,149,430,182,51,1,1,1,1
408,3,149,430,182,51,1,1,1,1
409,3,149,430,182,51,1,1,1,1
410,3,149,430,182,51,1,1,1,1
411,3,149,430,182,51,1,1,1,1
412,3,149,430,182,51,1,1,1,1
413,3,149,430,182,51,1,1,1,1
414,3,149,430,182,51,1,1,1,1
415,3,149,430,182,51,1,1,1,1
416,3,149,430,182,51,1,1,1,1
417,3,149,430,182,51,1,1,1,1
418,3,149,430,182,51,1,1,1,1
419,3,149,430,182,51,1,1,1,1
420,3,149,430,182,51,1,1,1,1
421,3,149,430,182,51,1,1,1,1
422,3,149,430,182,51,1,1,1,1
423,3,149,430,182,51,1,1,1,1
424,3,149,430,182,51,1,1,1,1
425,3,150,430,182,51,1,1,1,1
426,3,150,430,182,51,1,1,1,1
427,3,150,430,182,51,1,1,1,1
428,3,150,430,182,51,1,1,1,1
429,3,150,430,182,51,1,1,1,1
430,3,150,430,182,51,1,1,1,1
431,3,150,430,182,51,1,1,1,1
432,3,150,430,182,51,1,1,1,1
433,3,150,430,182,51,1,1,1,1
434,3,150,430,182,51,1,1,1,1
435,3,150,430,182,51,1,1,1,1
436,3,150,430,182,51,1,1,1,1
437,3,150,430,182,51,1,1,1,1
438,3,150,430,179,51,1,1,1,1
439,3,150,430,179,51,1,1,1,1
440,3,150,430,179,51,1,1,1,1
441,3,150,430,179,51,1,1,1,1
442,3,150,430,179,51,1,1,1,1
443,3,150,430,179,51,1,1,1,1
444,3,150,430,179,51,1,1,1,1
445,3,150,430,179,51,1,1,1,1
446,3,150,430,179,51,1,1,1,1
447,3,150,430,179,51,1,1,1,1
448,3,150,430,179,51,1,1,1,1
449,3,150,430,179,51,1,1,1,1
450,3,150,430,179,51,1,1,1,1
451,3,150,430,179,51,1,1,1,1
452,3,150,430,179,51,1,1,1,1
453,3,150,430,179,51,1,1,1,1
454,3,150,430,179,51,1,1,1,1
455,3,150,430,179,51,1,1,1,1
456,3,150,430,179,51,1,1,1,1
457,3,150,430,179,51,1,1,1,1
458,3,150,430,179,51,1,1,1,1
459,3,150,430,179,51,1,1,1,1
460,3,150,430,179,51,1,1,1,1
461,3,150,430,179,51,1,1,1,1
462,3,150,430,179,51,1,1,1,1
463,3,150,430,179,51,1,1,1,1
464,3,150,430,179,51,1,1,1,1
465,3,150,430,179,51,1,1,1,1
466,3,150,430,179,51,1,1,1,1
467,3,150,430,179,51,1,1,1,1
468,3,150,430,179,51,1,1,1,1
469,3,150,430,179,51,1,1,1,1
470,3,150,430,179,51,1,1,1,1
471,3,150,430,179,51,1,1,1,1
472,3,150,430,179,51,1,1,1,1
473,3,150,430,179,51,1,1,1,1
474,3,150,430,179,51,1,1,1,1
475,3,150,430,179,51,1,1,1,1
476,3,150,430,179,51,1,1,1,1
477,3,150,430,179,51,1,1,1,1
478,3,150,430,179,51,1,1,1,1
479,3,150,430,179,51,1,1,1,1
480,3,150,430,179,51,1,1,1,1
481,3,150,430,179,51,1,1,1,1
482,3,150,430,179,51,1,1,1,1
483,3,150,430,179,51,1,1,1,1
484,3,150,430,179,51,1,1,1,1
485,3,150,430,179,51,1,1,1,1
486,3,150,430,179,51,1,1,1,1
487,3,150,430,179,51,1,1,1,1
488,3,150,430,179,51,1,1,1,1
489,3,150,430,179,51,1,1,1,1
490,3,150,430,179,51,1,1,1,1
491,3,150,430,179,51,1,1,1,1
492,3,150,430,179,51,1,1,1,1
493,3,150,430,179,51,1,1,1,1
494,3,150,430,179,51,1,1,1,1
495,3,150,430,179,51,1,1,1,1
496,3,150,430,179,51,1,1,1,1
497,3,150,430,179,51,1,1,1,1
498,3,150,430,179,51,1,1,1,1
499,3,150,430,179,51,1,1,1,1
500,3,150,430,179,51,1,1,1,1
501,3,150,430,179,51,1,1,1,1
502,3,150,430,179,51,1,1,1,1
503,3,150,430,179,51,1,1,1,1
504,3,150,430,179,51,1,1,1,1
505,3,150,430,179,51,1,1,1,1
506,3,150,430,179,51,1,1,1,1
507,3,150,430,179,51,1,1,1,1
508,3,149,429,179,51,1,1,1,1
509,3,149,429,179,51,1,1,1,1
510,3,149,429,179,51,1,1,1,1
511,3,149,429,179,51,1,1,1,1
512,3,149,429,179,51,1,1,1,1
513,3,149,429,179,51,1,1,1,1
514,3,149,429,179,51,1,1,1,1
515,3,149,429,179,51,1,1,1,1
516,3,149,429,179,51,1,1,1,1
517,3,149,429,179,51,1,1,1,1
518,3,149,429,179,51,1,1,1,1
519,3,149,429,179,51,1,1,1,1
520,3,149,429,179,51,1,1,1,1
521,3,149,429,179,51,1,1,1,1
522,3,149,429,179,51,1,1,1,1
523,3,149,429,179,51,1,1,1,1
524,3,149,429,179,51,1,1,1,1
525,3,149,429,179,51,1,1,1,1
526,3,149,429,179,51,1,1,1,1
527,3,149,429,179,51,1,1,1,1
528,3,149,429,179,51,1,1,1,1
529,3,149,429,179,51,1,1,1,1
530,3,149,429,179,51,1,1,1,1
531,3,149,429,179,51,1,1,1,1
532,3,149,429,179,51,1,1,1,1
533,3,149,429,179,51,1,1,1,1
534,3,149,429,179,51,1,1,1,1
535,3,149,429,179,51,1,1,1,1
536,3,149,429,179,51,1,1,1,1
537,3,149,429,179,51,1,1,1,1
538,3,149,429,179,51,1,1,1,1
539,3,149,429,179,51,1,1,1,1
540,3,149,429,179,51,1,1,1,1
541,3,149,429,179,51,1,1,1,1
542,3,149,429,179,51,1,1,1,1
543,3,149,429,179,51,1,1,1,1
544,3,149,429,179,51,1,1,1,1
545,3,149,429,179,51,1,1,1,1
546,3,149,429,179,51,1,1,1,1
547,3,149,429,179,51,1,1,1,1
548,3,149,429,179,51,1,1,1,1
549,3,149,429,179,51,1,1,1,1
550,3,149,429,179,51,1,1,1,1
551,3,149,429,179,51,1,1,1,1
552,3,149,429,179,51,1,1,1,1
553,3,149,429,179,51,1,1,1,1
554,3,151,429,179,51,1,1,1,1
555,3,151,429,179,51,1,1,1,1
556,3,151,429,179,51,1,1,1,1
557,3,151,429,179,51,1,1,1,1
558,3,151,429,179,51,1,1,1,1
559,3,151,429,179,51,1,1,1,1
560,3,151,429,179,51,1,1,1,1
561,3,151,429,179,51,1,1,1,1
562,3,151,429,179,51,1,1,1,1
563,3,151,429,179,51,1,1,1,1
564,3,151,429,179,51,1,1,1,1
565,3,151,429,179,51,1,1,1,1
566,3,151,429,179,51,1,1,1,1
567,3,151,429,179,51,1,1,1,1
568,3,151,429,179,51,1,1,1,1
569,3,151,429,179,51,1,1,1,1
570,3,151,429,179,51,1,1,1,1
571,3,151,429,179,51,1,1,1,1
572,3,151,429,179,51,1,1,1,1
573,3,151,429,179,51,1,1,1,1
574,3,151,429,179,51,1,1,1,1
575,3,151,429,179,51,1,1,1,1
576,3,151,429,179,51,1,1,1,1
577,3,151,429,179,51,1,1,1,1
578,3,151,429,179,51,1,1,1,1
579,3,151,429,179,51,1,1,1,1
580,3,151,429,179,51,1,1,1,1
581,3,151,429,179,51,1,1,1,1
582,3,151,429,179,51,1,1,1,1
583,3,151,429,179,51,1,1,1,1
584,3,151,429,179,51,1,1,1,1
585,3,151,429,179,51,1,1,1,1
586,3,151,429,179,51,1,1,1,1
587,3,151,429,179,51,1,1,1,1
588,3,151,429,179,51,1,1,1,1
589,3,150,429,179,51,1,1,1,1
590,3,150,429,179,51,1,1,1,1
591,3,150,429,179,51,1,1,1,1
592,3,150,429,179,51,1,1,1,1
593,3,150,429,179,51,1,1,1,1
594,3,150,429,179,51,1,1,1,1
595,3,149,429,179,51,1,1,1,1
596,3,149,429,179,51,1,1,1,1
597,3,149,429,179,51,1,1,1,1
598,3,149,429,179,51,1,1,1,1
599,3,149,429,179,51,1,1,1,1
600,3,149,429,179,51,1,1,1,1
1,4,673,454,23,22,1,1,1,1
2,4,673,454,23,22,1,1,1,1
3,4,673,454,23,22,1,1,1,1
4,4,673,454,23,22,1,1,1,1
5,4,673,454,23,22,1,1,1,1
6,4,673,454,23,22,1,1,1,1
7,4,673,454,23,22,1,1,1,1
8,4,673,454,23,22,1,1,1,1
9,4,673,454,23,22,1,1,1,1
10,4,673,454,23,22,1,1,1,1
11,4,673,454,23,22,1,1,1,1
12,4,673,454,23,22,1,1,1,1
13,4,673,454,23,22,1,1,1,1
14,4,673,454,23,22,1,1,1,1
15,4,673,454,23,22,1,1,1,1
16,4,673,454,23,22,1,1,1,1
17,4,673,454,23,22,1,1,1,1
18,4,673,454,23,22,1,1,1,1
19,4,673,454,23,22,1,1,1,1
20,4,673,454,23,22,1,1,1,1
21,4,673,454,23,22,1,1,1,1
22,4,673,454,23,22,1,1,1,1
23,4,673,454,23,22,1,1,1,1
24,4,673,454,23,22,1,1,1,1
25,4,673,454,23,22,1,1,1,1
26,4,673,454,23,22,1,1,1,1
27,4,673,454,23,22,1,1,1,1
1,5,981,423,161,52,1,1,1,1
2,5,981,423,161,52,1,1,1,1
3,5,981,423,161,52,1,1,1,1
4,5,981,423,161,52,1,1,1,1
5,5,981,423,161,52,1,1,1,1
6,5,981,423,161,52,1,1,1,1
7,5,983,424,161,52,1,1,1,1
8,5,983,424,161,52,1,1,1,1
9,5,983,424,161,52,1,1,1,1
10,5,983,424,161,52,1,1,1,1
11,5,983,424,161,52,1,1,1,1
12,5,983,424,161,52,1,1,1,1
13,5,982,425,161,52,1,1,1,1
14,5,982,425,161,52,1,1,1,1
15,5,982,425,161,52,1,1,1,1
16,5,982,425,161,52,1,1,1,1
17,5,982,425,161,52,1,1,1,1
18,5,982,425,161,52,1,1,1,1
19,5,982,425,161,52,1,1,1,1
20,5,982,425,161,52,1,1,1,1
21,5,982,425,161,52,1,1,1,1
22,5,982,425,161,52,1,1,1,1
23,5,982,425,161,52,1,1,1,1
24,5,982,425,161,52,1,1,1,1
25,5,982,425,161,52,1,1,1,1
26,5,982,425,161,52,1,1,1,1
27,5,982,425,161,52,1,1,1,1
28,5,982,425,161,52,1,1,1,1
29,5,982,425,161,52,1,1,1,1
30,5,982,425,161,52,1,1,1,1
31,5,983,425,161,52,1,1,1,1
32,5,983,425,161,52,1,1,1,1
33,5,983,425,161,52,1,1,1,1
34,5,983,425,161,52,1,1,1,1
35,5,983,425,161,52,1,1,1,1
36,5,983,425,161,52,1,1,1,1
37,5,983,425,161,52,1,1,1,1
38,5,983,425,161,52,1,1,1,1
39,5,984,425,161,52,1,1,1,1
40,5,984,425,161,52,1,1,1,1
41,5,985,426,161,52,1,1,1,1
42,5,985,426,161,52,1,1,1,1
43,5,985,426,161,52,1,1,1,1
44,5,985,426,161,52,1,1,1,1
45,5,985,426,161,52,1,1,1,1
46,5,985,426,161,52,1,1,1,1
47,5,985,426,161,52,1,1,1,1
48,5,985,426,161,52,1,1,1,1
49,5,985,426,161,52,1,1,1,1
50,5,985,426,161,52,1,1,1,1
51,5,985,426,161,52,1,1,1,1
52,5,985,426,161,52,1,1,1,1
53,5,985,426,161,52,1,1,1,1
54,5,986,426,161,52,1,1,1,1
55,5,986,426,161,52,1,1,1,1
56,5,986,426,161,52,1,1,1,1
57,5,986,426,161,52,1,1,1,1
58,5,986,426,161,52,1,1,1,1
59,5,986,426,161,52,1,1,1,1
60,5,986,426,161,52,1,1,1,1
61,5,987,426,161,52,1,1,1,1
62,5,987,426,161,52,1,1,1,1
63,5,987,426,161,52,1,1,1,1
64,5,987,426,161,52,1,1,1,1
65,5,987,426,161,52,1,1,1,1
66,5,987,426,161,52,1,1,1,1
67,5,987,426,161,52,1,1,1,1
68,5,987,426,161,52,1,1,1,1
69,5,987,426,161,52,1,1,1,1
70,5,987,426,161,52,1,1,1,1
71,5,987,426,161,52,1,1,1,1
72,5,987,426,161,52,1,1,1,1
73,5,987,426,161,52,1,1,1,1
74,5,987,426,161,52,1,1,1,1
75,5,987,426,161,52,1,1,1,1
76,5,987,426,161,52,1,1,1,1
77,5,987,426,161,52,1,1,1,1
78,5,987,426,161,52,1,1,1,1
79,5,987,426,161,52,1,1,1,1
80,5,987,426,161,52,1,1,1,1
81,5,987,426,161,52,1,1,1,1
82,5,987,426,161,52,1,1,1,1
83,5,987,426,161,52,1,1,1,1
84,5,987,426,161,52,1,1,1,1
85,5,987,426,161,52,1,1,1,1
86,5,988,426,161,52,1,1,1,1
87,5,988,426,161,52,1,1,1,1
88,5,988,426,161,52,1,1,1,1
89,5,988,426,161,52,1,1,1,1
90,5,988,426,161,52,1,1,1,1
91,5,989,426,161,52,1,1,1,1
92,5,989,426,161,52,1,1,1,1
93,5,989,426,161,52,1,1,1,1
94,5,989,426,161,52,1,1,1,1
95,5,989,426,161,52,1,1,1,1
96,5,989,426,161,52,1,1,1,1
97,5,989,426,161,52,1,1,1,1
98,5,989,426,161,52,1,1,1,1
99,5,989,426,161,52,1,1,1,1
100,5,989,426,161,52,1,1,1,1
101,5,989,426,161,52,1,1,1,1
102,5,989,426,161,52,1,1,1,1
103,5,991,426,161,52,1,1,1,1
104,5,991,426,161,52,1,1,1,1
105,5,991,426,161,52,1,1,1,1
106,5,991,426,161,52,1,1,1,1
107,5,991,426,161,52,1,1,1,1
108,5,991,426,161,52,1,1,1,1
109,5,991,426,161,52,1,1,1,1
110,5,991,426,161,52,1,1,1,1
111,5,991,426,161,52,1,1,1,1
112,5,991,426,161,52,1,1,1,1
113,5,991,426,161,52,1,1,1,1
114,5,991,426,161,52,1,1,1,1
115,5,991,426,161,52,1,1,1,1
116,5,991,426,161,52,1,1,1,1
117,5,991,426,161,52,1,1,1,1
118,5,991,426,161,52,1,1,1,1
119,5,991,426,161,52,1,1,1,1
120,5,991,426,161,52,1,1,1,1
121,5,991,426,161,52,1,1,1,1
122,5,991,426,161,52,1,1,1,1
123,5,991,426,161,52,1,1,1,1
124,5,991,426,161,52,1,1,1,1
125,5,991,426,161,52,1,1,1,1
126,5,991,426,161,52,1,1,1,1
127,5,991,426,161,52,1,1,1,1
128,5,991,426,161,52,1,1,1,1
129,5,991,426,161,52,1,1,1,1
130,5,993,426,161,52,1,1,1,1
131,5,993,426,161,52,1,1,1,1
132,5,993,426,161,52,1,1,1,1
133,5,993,426,161,52,1,1,1,1
134,5,993,426,161,52,1,1,1,1
135,5,993,426,161,52,1,1,1,1
136,5,993,426,161,52,1,1,1,1
137,5,993,426,161,52,1,1,1,1
138,5,993,426,161,52,1,1,1,1
139,5,993,426,161,52,1,1,1,1
140,5,993,426,161,52,1,1,1,1
141,5,993,426,161,52,1,1,1,1
142,5,993,426,161,52,1,1,1,1
143,5,993,426,161,52,1,1,1,1
144,5,993,426,161,52,1,1,1,1
145,5,993,426,161,52,1,1,1,1
146,5,993,426,161,52,1,1,1,1
147,5,993,426,161,52,1,1,1,1
148,5,993,426,161,52,1,1,1,1
149,5,993,426,161,52,1,1,1,1
150,5,993,426,161,52,1,1,1,1
151,5,993,426,161,52,1,1,1,1
152,5,993,426,161,52,1,1,1,1
153,5,993,426,161,52,1,1,1,1
154,5,994,427,161,52,1,1,1,1
155,5,994,427,161,52,1,1,1,1
156,5,994,427,161,52,1,1,1,1
157,5,994,427,161,52,1,1,1,1
158,5,994,427,161,52,1,1,1,1
159,5,994,427,161,52,1,1,1,1
160,5,994,427,161,52,1,1,1,1
161,5,994,427,161,52,1,1,1,1
162,5,994,427,161,52,1,1,1,1
163,5,994,427,161,52,1,1,1,1
164,5,994,427,161,52,1,1,1,1
165,5,994,427,161,52,1,1,1,1
166,5,994,427,161,52,1,1,1,1
167,5,994,427,161,52,1,1,1,1
168,5,995,427,161,52,1,1,1,1
169,5,995,427,161,52,1,1,1,1
170,5,995,427,161,52,1,1,1,1
171,5,995,427,161,52,1,1,1,1
172,5,995,427,161,52,1,1,1,1
173,5,995,427,161,52,1,1,1,1
174,5,995,427,161,52,1,1,1,1
175,5,995,427,161,52,1,1,1,1
176,5,995,427,161,52,1,1,1,1
177,5,995,427,161,52,1,1,1,1
178,5,995,427,161,52,1,1,1,1
179,5,995,427,161,52,1,1,1,1
180,5,995,427,161,52,1,1,1,1
181,5,995,427,161,52,1,1,1,1
182,5,995,427,161,52,1,1,1,1
183,5,995,427,161,52,1,1,1,1
184,5,995,427,161,52,1,1,1,1
185,5,995,427,161,52,1,1,1,1
186,5,995,427,161,52,1,1,1,1
187,5,997,427,161,52,1,1,1,1
188,5,997,427,161,52,1,1,1,1
189,5,997,427,161,52,1,1,1,1
190,5,997,427,161,52,1,1,1,1
191,5,997,427,161,52,1,1,1,1
192,5,997,427,161,52,1,1,1,1
193,5,997,427,161,52,1,1,1,1
194,5,997,427,161,52,1,1,1,1
195,5,997,427,161,52,1,1,1,1
196,5,997,427,161,52,1,1,1,1
197,5,997,427,161,52,1,1,1,1
198,5,998,427,161,52,1,1,1,1
199,5,998,427,161,52,1,1,1,1
200,5,998,427,161,52,1,1,1,1
201,5,998,427,161,52,1,1,1,1
202,5,998,427,161,52,1,1,1,1
203,5,998,427,161,52,1,1,1,1
204,5,998,427,161,52,1,1,1,1
205,5,998,427,161,52,1,1,1,1
206,5,998,427,161,52,1,1,1,1
207,5,998,427,161,52,1,1,1,1
208,5,998,427,161,52,1,1,1,1
209,5,998,427,161,52,1,1,1,1
210,5,998,427,161,52,1,1,1,1
211,5,998,427,161,52,1,1,1,1
212,5,998,427,161,52,1,1,1,1
213,5,999,427,161,52,1,1,1,1
214,5,999,427,161,52,1,1,1,1
215,5,999,427,161,52,1,1,1,1
216,5,999,427,161,52,1,1,1,1
217,5,999,427,161,52,1,1,1,1
218,5,999,427,161,52,1,1,1,1
219,5,999,427,161,52,1,1,1,1
220,5,999,427,161,52,1,1,1,1
221,5,1001,426,164,52,1,1,1,1
222,5,1001,426,164,52,1,1,1,1
223,5,1001,426,164,52,1,1,1,1
224,5,1001,426,164,52,1,1,1,1
225,5,1001,426,164,52,1,1,1,1
226,5,1001,426,164,52,1,1,1,1
227,5,1001,426,164,52,1,1,1,1
228,5,1001,426,164,52,1,1,1,1
229,5,1001,426,164,52,1,1,1,1
230,5,1001,426,164,52,1,1,1,1
231,5,1001,426,164,52,1,1,1,1
232,5,1001,426,164,52,1,1,1,1
233,5,1001,426,164,52,1,1,1,1
234,5,1001,426,164,52,1,1,1,1
235,5,1001,426,164,52,1,1,1,1
236,5,1001,426,164,52,1,1,1,1
237,5,1001,426,164,52,1,1,1,1
238,5,1001,426,164,52,1,1,1,1
239,5,1001,426,164,52,1,1,1,1
240,5,1001,426,164,52,1,1,1,1
241,5,1001,426,164,52,1,1,1,1
242,5,1001,426,164,52,1,1,1,1
243,5,1001,426,164,52,1,1,1,1
244,5,1001,426,164,52,1,1,1,1
245,5,1001,426,164,52,1,1,1,1
246,5,1001,426,164,52,1,1,1,1
247,5,1001,426,164,52,1,1,1,1
248,5,1002,426,164,52,1,1,1,1
249,5,1002,426,164,52,1,1,1,1
250,5,1002,426,164,52,1,1,1,1
251,5,1002,426,164,52,1,1,1,1
252,5,1002,426,164,52,1,1,1,1
253,5,1002,426,164,52,1,1,1,1
254,5,1002,426,164,52,1,1,1,1
255,5,1002,426,164,52,1,1,1,1
256,5,1002,426,164,52,1,1,1,1
257,5,1002,426,164,52,1,1,1,1
258,5,1002,426,164,52,1,1,1,1
259,5,1003,426,164,52,1,1,1,1
260,5,1003,426,164,52,1,1,1,1
261,5,1003,426,164,52,1,1,1,1
262,5,1003,426,164,52,1,1,1,1
263,5,1003,426,164,52,1,1,1,1
264,5,1003,426,164,52,1,1,1,1
265,5,1003,426,164,52,1,1,1,1
266,5,1003,426,164,52,1,1,1,1
267,5,1003,426,164,52,1,1,1,1
268,5,1003,426,164,52,1,1,1,1
269,5,1003,426,164,52,1,1,1,1
270,5,1003,426,164,52,1,1,1,1
271,5,1003,426,164,52,1,1,1,1
272,5,1004,426,162,52,1,1,1,1
273,5,1004,426,162,52,1,1,1,1
274,5,1004,426,162,52,1,1,1,1
275,5,1004,426,162,52,1,1,1,1
276,5,1004,426,162,52,1,1,1,1
277,5,1004,426,162,52,1,1,1,1
278,5,1004,426,162,52,1,1,1,1
279,5,1004,426,162,52,1,1,1,1
280,5,1004,430,162,48,1,1,1,1
281,5,1004,430,162,48,1,1,1,1
282,5,1004,430,162,48,1,1,1,1
283,5,1004,430,162,48,1,1,1,1
284,5,1004,430,162,48,1,1,1,1
285,5,1004,430,162,48,1,1,1,1
286,5,1004,430,162,48,1,1,1,1
287,5,1004,430,162,48,1,1,1,1
288,5,1004,430,162,48,1,1,1,1
289,5,1004,430,162,48,1,1,1,1
290,5,1004,430,162,48,1,1,1,1
291,5,1004,430,162,48,1,1,1,1
292,5,1006,430,162,48,1,1,1,1
293,5,1006,430,162,48,1,1,1,1
294,5,1006,430,162,48,1,1,1,1
295,5,1006,430,162,48,1,1,1,1
296,5,1006,430,162,48,1,1,1,1
297,5,1006,430,162,48,1,1,1,1
298,5,1006,430,162,48,1,1,1,1
299,5,1006,430,162,48,1,1,1,1
300,5,1006,430,162,48,1,1,1,1
301,5,1006,430,162,48,1,1,1,1
302,5,1006,430,162,48,1,1,1,1
303,5,1006,430,162,48,1,1,1,1
304,5,1006,430,162,48,1,1,1,1
305,5,1006,430,162,48,1,1,1,1
306,5,1006,430,162,48,1,1,1,1
307,5,1006,430,162,48,1,1,1,1
308,5,1006,430,162,48,1,1,1,1
309,5,1006,430,162,48,1,1,1,1
310,5,1006,430,162,48,1,1,1,1
311,5,1006,430,162,48,1,1,1,1
312,5,1006,430,162,48,1,1,1,1
313,5,1006,430,162,48,1,1,1,1
314,5,1006,430,162,48,1,1,1,1
315,5,1006,430,162,48,1,1,1,1
316,5,1006,430,162,48,1,1,1,1
317,5,1006,430,162,48,1,1,1,1
318,5,1007,430,162,48,1,1,1,1
319,5,1007,430,162,48,1,1,1,1
320,5,1007,430,162,48,1,1,1,1
321,5,1007,430,162,48,1,1,1,1
322,5,1007,430,162,48,1,1,1,1
323,5,1007,430,162,48,1,1,1,1
324,5,1007,430,162,48,1,1,1,1
325,5,1007,430,162,48,1,1,1,1
326,5,1007,430,162,48,1,1,1,1
327,5,1007,430,162,48,1,1,1,1
328,5,1007,430,162,48,1,1,1,1
329,5,1007,430,162,48,1,1,1,1
330,5,1007,430,162,48,1,1,1,1
331,5,1007,430,162,48,1,1,1,1
332,5,1007,430,162,48,1,1,1,1
333,5,1008,430,162,48,1,1,1,1
334,5,1008,430,162,48,1,1,1,1
335,5,1008,430,162,48,1,1,1,1
336,5,1008,430,162,48,1,1,1,1
337,5,1008,430,162,48,1,1,1,1
338,5,1009,430,162,48,1,1,1,1
339,5,1009,430,162,48,1,1,1,1
340,5,1009,430,162,48,1,1,1,1
341,5,1009,430,162,48,1,1,1,1
342,5,1009,430,162,48,1,1,1,1
343,5,1009,430,162,48,1,1,1,1
344,5,1009,430,162,48,1,1,1,1
345,5,1010,430,162,48,1,1,1,1
346,5,1010,430,162,48,1,1,1,1
347,5,1010,430,162,48,1,1,1,1
348,5,1010,430,162,48,1,1,1,1
349,5,1010,430,162,48,1,1,1,1
350,5,1010,430,162,48,1,1,1,1
351,5,1010,430,162,48,1,1,1,1
352,5,1010,430,162,48,1,1,1,1
353,5,1010,430,162,48,1,1,1,1
354,5,1010,430,162,48,1,1,1,1
355,5,1010,430,162,48,1,1,1,1
356,5,1010,430,162,48,1,1,1,1
357,5,1012,430,162,48,1,1,1,1
358,5,1012,430,162,48,1,1,1,1
359,5,1012,430,162,48,1,1,1,1
360,5,1012,430,162,48,1,1,1,1
361,5,1012,430,162,48,1,1,1,1
362,5,1012,430,162,48,1,1,1,1
363,5,1012,430,162,48,1,1,1,1
364,5,1012,430,162,48,1,1,1,1
365,5,1012,430,162,48,1,1,1,1
366,5,1012,430,162,48,1,1,1,1
367,5,1012,430,162,48,1,1,1,1
368,5,1012,430,162,48,1,1,1,1
369,5,1012,430,162,48,1,1,1,1
370,5,1012,430,162,48,1,1,1,1
371,5,1012,429,162,48,1,1,1,1
372,5,1012,429,162,48,1,1,1,1
373,5,1012,429,162,48,1,1,1,1
374,5,1012,429,162,48,1,1,1,1
375,5,1012,429,162,48,1,1,1,1
376,5,1012,429,162,48,1,1,1,1
377,5,1012,429,162,48,1,1,1,1
378,5,1012,429,162,48,1,1,1,1
379,5,1012,429,162,48,1,1,1,1
380,5,1012,429,162,48,1,1,1,1
381,5,1012,429,162,48,1,1,1,1
382,5,1012,429,162,48,1,1,1,1
383,5,1012,429,162,48,1,1,1,1
384,5,1012,429,162,48,1,1,1,1
385,5,1012,429,162,48,1,1,1,1
386,5,1014,429,162,48,1,1,1,1
387,5,1014,429,162,48,1,1,1,1
388,5,1014,429,162,48,1,1,1,1
389,5,1014,429,162,48,1,1,1,1
390,5,1014,429,162,48,1,1,1,1
391,5,1014,429,162,48,1,1,1,1
392,5,1014,429,162,48,1,1,1,1
393,5,1014,429,162,48,1,1,1,1
394,5,1014,429,162,48,1,1,1,1
395,5,1014,429,162,48,1,1,1,1
396,5,1014,429,162,48,1,1,1,1
397,5,1014,429,162,48,1,1,1,1
398,5,1014,429,162,48,1,1,1,1
399,5,1014,429,162,48,1,1,1,1
400,5,1014,429,162,48,1,1,1,1
401,5,1014,429,162,48,1,1,1,1
402,5,1014,429,162,48,1,1,1,1
403,5,1015,429,162,48,1,1,1,1
404,5,1015,429,162,48,1,1,1,1
405,5,1015,429,162,48,1,1,1,1
406,5,1015,429,162,48,1,1,1,1
407,5,1015,429,162,48,1,1,1,1
408,5,1015,429,162,48,1,1,1,1
409,5,1015,429,162,48,1,1,1,1
410,5,1015,429,162,48,1,1,1,1
411,5,1015,429,162,48,1,1,1,1
412,5,1015,429,162,48,1,1,1,1
413,5,1015,429,162,48,1,1,1,1
414,5,1015,429,162,48,1,1,1,1
415,5,1015,429,162,48,1,1,1,1
416,5,1015,429,162,48,1,1,1,1
417,5,1015,429,162,48,1,1,1,1
418,5,1016,429,162,48,1,1,1,1
419,5,1016,429,162,48,1,1,1,1
420,5,1016,429,162,48,1,1,1,1
421,5,1016,429,162,48,1,1,1,1
422,5,1016,429,162,48,1,1,1,1
423,5,1016,429,162,48,1,1,1,1
424,5,1016,429,162,48,1,1,1,1
425,5,1016,429,162,48,1,1,1,1
426,5,1016,429,162,48,1,1,1,1
427,5,1016,429,162,48,1,1,1,1
428,5,1016,429,162,48,1,1,1,1
429,5,1016,429,162,48,1,1,1,1
430,5,1017,429,162,48,1,1,1,1
431,5,1017,429,162,48,1,1,1,1
432,5,1017,429,162,48,1,1,1,1
433,5,1017,429,162,48,1,1,1,1
434,5,1017,429,162,48,1,1,1,1
435,5,1017,429,162,48,1,1,1,1
436,5,1017,429,162,48,1,1,1,1
437,5,1017,429,162,48,1,1,1,1
438,5,1017,429,162,48,1,1,1,1
439,5,1017,429,162,48,1,1,1,1
440,5,1017,429,162,48,1,1,1,1
441,5,1017,429,162,48,1,1,1,1
442,5,1017,429,162,48,1,1,1,1
443,5,1017,429,162,48,1,1,1,1
444,5,1017,429,162,48,1,1,1,1
445,5,1017,429,162,48,1,1,1,1
446,5,1018,430,162,48,1,1,1,1
447,5,1018,430,162,48,1,1,1,1
448,5,1018,430,162,48,1,1,1,1
449,5,1018,430,162,48,1,1,1,1
450,5,1018,430,162,48,1,1,1,1
451,5,1018,430,162,48,1,1,1,1
452,5,1018,430,162,48,1,1,1,1
453,5,1018,430,162,48,1,1,1,1
454,5,1018,430,162,48,1,1,1,1
455,5,1018,430,162,48,1,1,1,1
456,5,1018,430,162,48,1,1,1,1
457,5,1018,430,162,48,1,1,1,1
458,5,1018,430,162,48,1,1,1,1
459,5,1018,430,162,48,1,1,1,1
460,5,1020,430,162,48,1,1,1,1
461,5,1020,430,162,48,1,1,1,1
462,5,1020,430,162,48,1,1,1,1
463,5,1020,430,162,48,1,1,1,1
464,5,1020,430,162,48,1,1,1,1
465,5,1020,430,162,48,1,1,1,1
466,5,1020,430,162,48,1,1,1,1
467,5,1020,430,162,48,1,1,1,1
468,5,1020,430,162,48,1,1,1,1
469,5,1020,430,162,48,1,1,1,1
470,5,1022,428,162,48,1,1,1,1
471,5,1022,428,162,48,1,1,1,1
472,5,1022,428,162,48,1,1,1,1
473,5,1022,428,162,48,1,1,1,1
474,5,1022,428,162,48,1,1,1,1
475,5,1022,428,162,48,1,1,1,1
476,5,1022,428,162,48,1,1,1,1
477,5,1022,428,162,48,1,1,1,1
478,5,1022,428,162,48,1,1,1,1
479,5,1022,428,162,48,1,1,1,1
480,5,1022,428,162,48,1,1,1,1
481,5,1022,428,162,48,1,1,1,1
482,5,1022,428,162,48,1,1,1,1
483,5,1022,428,162,48,1,1,1,1
484,5,1022,428,162,48,1,1,1,1
485,5,1022,428,162,48,1,1,1,1
486,5,1022,428,162,48,1,1,1,1
487,5,1022,428,162,48,1,1,1,1
488,5,1022,428,162,48,1,1,1,1
489,5,1022,428,162,48,1,1,1,1
490,5,1022,428,162,48,1,1,1,1
491,5,1022,428,162,48,1,1,1,1
492,5,1022,428,162,48,1,1,1,1
493,5,1022,428,162,48,1,1,1,1
494,5,1022,428,162,48,1,1,1,1
495,5,1022,428,162,48,1,1,1,1
496,5,1022,428,162,48,1,1,1,1
497,5,1022,428,162,48,1,1,1,1
498,5,1022,428,162,48,1,1,1,1
499,5,1022,428,162,48,1,1,1,1
500,5,1022,428,162,48,1,1,1,1
501,5,1022,428,162,48,1,1,1,1
502,5,1022,428,162,48,1,1,1,1
503,5,1022,428,162,48,1,1,1,1
504,5,1022,428,162,48,1,1,1,1
505,5,1022,428,162,48,1,1,1,1
506,5,1022,428,162,48,1,1,1,1
507,5,1022,428,162,48,1,1,1,1
508,5,1022,428,162,48,1,1,1,1
509,5,1022,428,162,48,1,1,1,1
510,5,1022,428,162,48,1,1,1,1
511,5,1022,428,162,48,1,1,1,1
512,5,1022,428,162,48,1,1,1,1
513,5,1022,428,162,48,1,1,1,1
514,5,1022,428,162,48,1,1,1,1
515,5,1023,428,162,48,1,1,1,1
516,5,1023,428,162,48,1,1,1,1
517,5,1023,428,162,48,1,1,1,1
518,5,1023,428,162,48,1,1,1,1
519,5,1023,428,162,48,1,1,1,1
520,5,1023,428,162,48,1,1,1,1
521,5,1023,428,162,48,1,1,1,1
522,5,1023,428,162,48,1,1,1,1
523,5,1023,428,162,48,1,1,1,1
524,5,1026,430,162,48,1,1,1,1
525,5,1026,430,162,48,1,1,1,1
526,5,1026,430,162,48,1,1,1,1
527,5,1026,430,162,48,1,1,1,1
528,5,1026,430,162,48,1,1,1,1
529,5,1026,430,162,48,1,1,1,1
530,5,1026,430,162,48,1,1,1,1
531,5,1026,430,162,48,1,1,1,1
532,5,1026,430,162,48,1,1,1,1
533,5,1026,430,162,48,1,1,1,1
534,5,1026,430,162,48,1,1,1,1
535,5,1026,430,162,48,1,1,1,1
536,5,1026,430,162,48,1,1,1,1
537,5,1026,430,162,48,1,1,1,1
538,5,1026,430,162,48,1,1,1,1
539,5,1026,430,162,48,1,1,1,1
540,5,1026,430,162,48,1,1,1,1
541,5,1026,430,162,48,1,1,1,1
542,5,1026,430,162,48,1,1,1,1
543,5,1026,430,162,48,1,1,1,1
544,5,1026,430,162,48,1,1,1,1
545,5,1034,430,154,48,1,1,1,1
546,5,1034,430,154,48,1,1,1,1
547,5,1034,430,154,48,1,1,1,1
548,5,1034,430,154,48,1,1,1,1
549,5,1034,430,154,48,1,1,1,1
550,5,1034,430,154,48,1,1,1,1
551,5,1034,430,154,48,1,1,1,1
552,5,1034,430,154,48,1,1,1,1
553,5,1034,430,154,48,1,1,1,1
554,5,1034,430,154,48,1,1,1,1
555,5,1041,430,150,48,1,1,1,1
556,5,1041,430,150,48,1,1,1,1
557,5,1041,430,150,48,1,1,1,1
558,5,1041,430,150,48,1,1,1,1
559,5,1041,430,150,48,1,1,1,1
560,5,1041,430,150,48,1,1,1,1
561,5,1041,430,150,48,1,1,1,1
562,5,1041,430,150,48,1,1,1,1
563,5,1041,430,150,48,1,1,1,1
564,5,1041,430,150,48,1,1,1,1
565,5,1046,430,145,48,1,1,1,1
566,5,1046,430,145,48,1,1,1,1
567,5,1046,430,145,48,1,1,1,1
568,5,1046,430,145,48,1,1,1,1
569,5,1046,430,145,48,1,1,1,1
570,5,1046,430,145,48,1,1,1,1
571,5,1051,430,141,48,1,1,1,1
572,5,1051,430,141,48,1,1,1,1
573,5,1051,430,141,48,1,1,1,1
574,5,1051,430,141,48,1,1,1,1
575,5,1051,430,141,48,1,1,1,1
576,5,1051,430,141,48,1,1,1,1
577,5,1051,430,141,48,1,1,1,1
578,5,1051,430,141,48,1,1,1,1
579,5,1055,430,136,48,1,1,1,1
580,5,1055,430,136,48,1,1,1,1
581,5,1055,430,136,48,1,1,1,1
582,5,1055,430,136,48,1,1,1,1
583,5,1055,430,136,48,1,1,1,1
584,5,1055,430,136,48,1,1,1,1
585,5,1055,430,136,48,1,1,1,1
586,5,1055,430,136,48,1,1,1,1
587,5,1055,430,136,48,1,1,1,1
588,5,1059,430,133,48,1,1,1,1
589,5,1059,430,133,48,1,1,1,1
590,5,1059,430,133,48,1,1,1,1
591,5,1059,430,133,48,1,1,1,1
592,5,1059,430,133,48,1,1,1,1
593,5,1059,430,133,48,1,1,1,1
594,5,1066,430,126,48,1,1,1,1
595,5,1066,430,126,48,1,1,1,1
596,5,1066,430,126,48,1,1,1,1
597,5,1066,430,126,48,1,1,1,1
598,5,1066,430,126,48,1,1,1,1
599,5,1066,430,126,48,1,1,1,1
600,5,1073,430,119,48,1,1,1,1
1,6,1146,460,14,13,1,1,1,1
2,6,1146,460,14,13,1,1,1,1
3,6,1146,460,14,13,1,1,1,1
4,6,1146,460,14,13,1,1,1,1
5,6,1146,460,14,13,1,1,1,1
6,6,1146,460,14,13,1,1,1,1
7,6,1146,460,14,13,1,1,1,1
8,6,1146,460,14,13,1,1,1,1
9,6,1146,460,14,13,1,1,1,1
10,6,1146,460,14,13,1,1,1,1
11,6,1146,460,14,13,1,1,1,1
12,6,1146,460,14,13,1,1,1,1
13,6,1146,460,14,13,1,1,1,1
14,6,1146,460,14,13,1,1,1,1
15,6,1146,460,14,13,1,1,1,1
16,6,1146,460,14,13,1,1,1,1
17,6,1146,460,14,13,1,1,1,1
18,6,1146,460,14,13,1,1,1,1
19,6,1146,460,14,13,1,1,1,1
20,6,1146,460,14,13,1,1,1,1
21,6,1146,460,14,13,1,1,1,1
22,6,1146,460,14,13,1,1,1,1
23,6,1147,461,14,13,1,1,1,1
24,6,1147,461,14,13,1,1,1,1
25,6,1147,461,14,13,1,1,1,1
26,6,1147,461,14,13,1,1,1,1
27,6,1147,461,14,13,1,1,1,1
28,6,1147,461,14,13,1,1,1,1
29,6,1147,461,14,13,1,1,1,1
30,6,1147,461,14,13,1,1,1,1
31,6,1147,461,14,13,1,1,1,1
32,6,1147,461,14,13,1,1,1,1
33,6,1147,461,14,13,1,1,1,1
34,6,1147,461,14,13,1,1,1,1
35,6,1147,461,14,13,1,1,1,1
36,6,1147,461,14,13,1,1,1,1
37,6,1147,461,14,13,1,1,1,1
38,6,1147,461,14,13,1,1,1,1
39,6,1147,461,14,13,1,1,1,1
40,6,1147,461,14,13,1,1,1,1
41,6,1147,461,14,13,1,1,1,1
42,6,1147,461,14,13,1,1,1,1
43,6,1147,461,14,13,1,1,1,1
44,6,1147,461,14,13,1,1,1,1
45,6,1148,461,14,13,1,1,1,1
46,6,1148,461,14,13,1,1,1,1
47,6,1148,461,14,13,1,1,1,1
48,6,1148,461,14,13,1,1,1,1
49,6,1148,461,14,13,1,1,1,1
50,6,1148,461,14,13,1,1,1,1
51,6,1148,461,14,13,1,1,1,1
52,6,1148,461,14,13,1,1,1,1
53,6,1148,461,14,13,1,1,1,1
54,6,1148,461,14,13,1,1,1,1
55,6,1148,461,14,13,1,1,1,1
56,6,1148,461,14,13,1,1,1,1
57,6,1149,462,14,13,1,1,1,1
58,6,1149,462,14,13,1,1,1,1
59,6,1149,462,14,13,1,1,1,1
60,6,1149,462,14,13,1,1,1,1
61,6,1149,462,14,13,1,1,1,1
62,6,1149,462,14,13,1,1,1,1
63,6,1149,462,14,13,1,1,1,1
64,6,1149,462,14,13,1,1,1,1
65,6,1149,462,14,13,1,1,1,1
66,6,1149,462,14,13,1,1,1,1
67,6,1149,462,14,13,1,1,1,1
68,6,1149,462,14,13,1,1,1,1
69,6,1149,462,14,13,1,1,1,1
70,6,1149,462,14,13,1,1,1,1
71,6,1149,462,14,13,1,1,1,1
72,6,1149,462,14,13,1,1,1,1
73,6,1149,462,14,13,1,1,1,1
74,6,1149,462,14,13,1,1,1,1
75,6,1149,462,14,13,1,1,1,1
76,6,1149,462,14,13,1,1,1,1
77,6,1149,462,14,13,1,1,1,1
78,6,1149,462,14,13,1,1,1,1
79,6,1149,462,14,13,1,1,1,1
80,6,1149,462,14,13,1,1,1,1
81,6,1149,462,14,13,1,1,1,1
82,6,1149,462,14,13,1,1,1,1
83,6,1149,462,14,13,1,1,1,1
84,6,1149,462,14,13,1,1,1,1
85,6,1149,462,14,13,1,1,1,1
86,6,1149,462,14,13,1,1,1,1
87,6,1149,462,14,13,1,1,1,1
88,6,1149,462,14,13,1,1,1,1
89,6,1149,462,14,13,1,1,1,1
90,6,1149,462,14,13,1,1,1,1
91,6,1149,462,14,13,1,1,1,1
92,6,1149,462,14,13,1,1,1,1
93,6,1149,462,14,13,1,1,1,1
94,6,1149,462,14,13,1,1,1,1
95,6,1149,462,14,13,1,1,1,1
96,6,1149,462,14,13,1,1,1,1
97,6,1149,462,14,13,1,1,1,1
98,6,1149,462,14,13,1,1,1,1
99,6,1149,462,14,13,1,1,1,1
100,6,1149,462,14,13,1,1,1,1
101,6,1149,462,14,13,1,1,1,1
102,6,1149,462,14,13,1,1,1,1
103,6,1149,462,14,13,1,1,1,1
104,6,1149,462,14,13,1,1,1,1
105,6,1149,462,14,13,1,1,1,1
106,6,1149,462,14,13,1,1,1,1
107,6,1149,462,14,13,1,1,1,1
108,6,1149,462,14,13,1,1,1,1
109,6,1149,462,14,13,1,1,1,1
110,6,1149,462,14,13,1,1,1,1
111,6,1149,462,14,13,1,1,1,1
112,6,1149,462,14,13,1,1,1,1
113,6,1149,462,14,13,1,1,1,1
114,6,1149,462,14,13,1,1,1,1
115,6,1149,462,14,13,1,1,1,1
116,6,1149,462,14,13,1,1,1,1
117,6,1149,462,14,13,1,1,1,1
118,6,1149,462,14,13,1,1,1,1
119,6,1149,462,14,13,1,1,1,1
120,6,1149,462,14,13,1,1,1,1
121,6,1149,462,14,13,1,1,1,1
122,6,1149,462,14,13,1,1,1,1
123,6,1149,462,14,13,1,1,1,1
124,6,1149,462,14,13,1,1,1,1
125,6,1149,462,14,13,1,1,1,1
126,6,1149,462,14,13,1,1,1,1
127,6,1149,462,14,13,1,1,1,1
128,6,1150,462,14,13,1,1,1,1
129,6,1150,462,14,13,1,1,1,1
130,6,1150,462,14,13,1,1,1,1
131,6,1150,462,14,13,1,1,1,1
132,6,1150,462,14,13,1,1,1,1
133,6,1150,462,14,13,1,1,1,1
134,6,1150,462,14,13,1,1,1,1
135,6,1150,462,14,13,1,1,1,1
136,6,1150,462,14,13,1,1,1,1
137,6,1150,462,14,13,1,1,1,1
138,6,1150,462,14,13,1,1,1,1
139,6,1150,462,14,13,1,1,1,1
140,6,1150,462,14,13,1,1,1,1
141,6,1150,462,14,13,1,1,1,1
142,6,1150,462,14,13,1,1,1,1
143,6,1150,462,14,13,1,1,1,1
144,6,1150,462,14,13,1,1,1,1
145,6,1150,462,14,13,1,1,1,1
146,6,1150,462,14,13,1,1,1,1
147,6,1150,462,14,13,1,1,1,1
148,6,1150,462,14,13,1,1,1,1
149,6,1150,462,14,13,1,1,1,1
150,6,1150,462,14,13,1,1,1,1
151,6,1150,462,14,13,1,1,1,1
152,6,1150,462,14,13,1,1,1,1
153,6,1150,462,14,13,1,1,1,1
154,6,1150,462,14,13,1,1,1,1
155,6,1150,462,14,13,1,1,1,1
156,6,1150,462,14,13,1,1,1,1
157,6,1150,462,14,13,1,1,1,1
158,6,1150,462,14,13,1,1,1,1
159,6,1150,462,14,13,1,1,1,1
160,6,1150,462,14,13,1,1,1,1
161,6,1150,462,14,13,1,1,1,1
162,6,1150,462,14,13,1,1,1,1
163,6,1150,462,14,13,1,1,1,1
164,6,1150,462,14,13,1,1,1,1
165,6,1150,462,14,13,1,1,1,1
166,6,1150,462,14,13,1,1,1,1
167,6,1150,462,14,13,1,1,1,1
168,6,1150,462,14,13,1,1,1,1
169,6,1150,462,14,13,1,1,1,1
170,6,1150,462,14,13,1,1,1,1
171,6,1150,462,14,13,1,1,1,1
172,6,1150,462,14,13,1,1,1,1
173,6,1150,462,14,13,1,1,1,1
174,6,1150,462,14,13,1,1,1,1
175,6,1150,462,14,13,1,1,1,1
176,6,1150,462,14,13,1,1,1,1
177,6,1150,462,14,13,1,1,1,1
178,6,1150,462,14,13,1,1,1,1
179,6,1150,462,14,13,1,1,1,1
180,6,1150,462,14,13,1,1,1,1
181,6,1150,462,14,13,1,1,1,1
182,6,1150,462,14,13,1,1,1,1
183,6,1150,462,14,13,1,1,1,1
184,6,1150,462,14,13,1,1,1,1
185,6,1150,462,14,13,1,1,1,1
186,6,1150,462,14,13,1,1,1,1
187,6,1150,462,14,13,1,1,1,1
188,6,1150,462,14,13,1,1,1,1
189,6,1150,462,14,13,1,1,1,1
190,6,1150,462,14,13,1,1,1,1
191,6,1150,462,14,13,1,1,1,1
192,6,1150,462,14,13,1,1,1,1
193,6,1150,462,14,13,1,1,1,1
194,6,1150,462,14,13,1,1,1,1
195,6,1150,462,14,13,1,1,1,1
196,6,1150,462,14,13,1,1,1,1
197,6,1150,462,14,13,1,1,1,1
198,6,1150,462,14,13,1,1,1,1
199,6,1150,462,14,13,1,1,1,1
200,6,1150,462,14,13,1,1,1,1
201,6,1150,462,14,13,1,1,1,1
202,6,1150,462,14,13,1,1,1,1
203,6,1150,462,14,13,1,1,1,1
204,6,1150,462,14,13,1,1,1,1
205,6,1150,462,14,13,1,1,1,1
206,6,1150,462,14,13,1,1,1,1
207,6,1150,462,14,13,1,1,1,1
208,6,1150,462,14,13,1,1,1,1
209,6,1150,462,14,13,1,1,1,1
210,6,1150,462,14,13,1,1,1,1
211,6,1150,462,14,13,1,1,1,1
212,6,1150,462,14,13,1,1,1,1
1,7,1303,457,50,17,1,1,1,1
2,7,1303,457,50,17,1,1,1,1
3,7,1303,457,50,17,1,1,1,1
4,7,1303,457,50,17,1,1,1,1
5,7,1303,457,50,17,1,1,1,1
6,7,1303,457,50,17,1,1,1,1
7,7,1303,457,50,17,1,1,1,1
8,7,1303,457,50,17,1,1,1,1
9,7,1303,457,50,17,1,1,1,1
10,7,1303,457,50,17,1,1,1,1
11,7,1303,457,50,17,1,1,1,1
12,7,1303,457,50,17,1,1,1,1
13,7,1302,457,50,17,1,1,1,1
14,7,1302,457,50,17,1,1,1,1
15,7,1302,457,50,17,1,1,1,1
16,7,1302,457,50,17,1,1,1,1
17,7,1302,457,50,17,1,1,1,1
18,7,1302,457,50,17,1,1,1,1
19,7,1303,458,50,17,1,1,1,1
20,7,1303,458,50,17,1,1,1,1
21,7,1303,458,50,17,1,1,1,1
22,7,1303,458,50,17,1,1,1,1
23,7,1303,458,50,17,1,1,1,1
24,7,1303,458,50,17,1,1,1,1
25,7,1303,458,50,17,1,1,1,1
26,7,1303,458,50,17,1,1,1,1
27,7,1303,458,50,17,1,1,1,1
28,7,1303,458,50,17,1,1,1,1
29,7,1303,458,50,17,1,1,1,1
30,7,1303,458,50,17,1,1,1,1
31,7,1303,458,50,17,1,1,1,1
32,7,1303,458,50,17,1,1,1,1
33,7,1303,458,50,17,1,1,1,1
34,7,1303,458,50,17,1,1,1,1
35,7,1303,458,50,17,1,1,1,1
36,7,1303,458,50,17,1,1,1,1
37,7,1303,458,50,17,1,1,1,1
38,7,1303,458,50,17,1,1,1,1
39,7,1303,458,50,17,1,1,1,1
40,7,1305,458,50,17,1,1,1,1
41,7,1305,458,50,17,1,1,1,1
42,7,1305,458,50,17,1,1,1,1
43,7,1305,458,50,17,1,1,1,1
44,7,1305,458,50,17,1,1,1,1
45,7,1305,458,50,17,1,1,1,1
46,7,1305,458,50,17,1,1,1,1
47,7,1305,458,50,17,1,1,1,1
48,7,1305,458,50,17,1,1,1,1
49,7,1305,458,50,17,1,1,1,1
50,7,1305,458,50,17,1,1,1,1
51,7,1305,458,50,17,1,1,1,1
52,7,1305,458,50,17,1,1,1,1
53,7,1305,458,50,17,1,1,1,1
54,7,1305,458,50,17,1,1,1,1
55,7,1305,458,50,17,1,1,1,1
56,7,1305,458,50,17,1,1,1,1
57,7,1306,458,50,17,1,1,1,1
58,7,1306,458,50,17,1,1,1,1
59,7,1306,458,50,17,1,1,1,1
60,7,1306,458,50,17,1,1,1,1
61,7,1306,458,50,17,1,1,1,1
62,7,1306,458,50,17,1,1,1,1
63,7,1306,458,50,17,1,1,1,1
64,7,1305,459,50,17,1,1,1,1
65,7,1305,459,50,17,1,1,1,1
66,7,1305,459,50,17,1,1,1,1
67,7,1305,459,50,17,1,1,1,1
68,7,1305,459,50,17,1,1,1,1
69,7,1305,459,50,17,1,1,1,1
70,7,1305,459,50,17,1,1,1,1
71,7,1305,459,50,17,1,1,1,1
72,7,1304,460,50,17,1,1,1,1
73,7,1304,460,50,17,1,1,1,1
74,7,1304,460,50,17,1,1,1,1
75,7,1304,460,50,17,1,1,1,1
76,7,1304,460,50,17,1,1,1,1
77,7,1304,460,50,17,1,1,1,1
78,7,1304,460,50,17,1,1,1,1
79,7,1304,460,50,17,1,1,1,1
80,7,1304,460,50,17,1,1,1,1
81,7,1304,460,50,17,1,1,1,1
82,7,1304,460,50,17,1,1,1,1
83,7,1304,460,50,17,1,1,1,1
84,7,1304,460,50,17,1,1,1,1
85,7,1304,460,50,17,1,1,1,1
86,7,1306,460,50,17,1,1,1,1
87,7,1306,460,50,17,1,1,1,1
88,7,1306,460,50,17,1,1,1,1
89,7,1306,460,50,17,1,1,1,1
90,7,1306,460,50,17,1,1,1,1
91,7,1306,460,50,17,1,1,1,1
92,7,1306,460,50,17,1,1,1,1
93,7,1306,460,50,17,1,1,1,1
94,7,1306,460,50,17,1,1,1,1
95,7,1306,460,50,17,1,1,1,1
96,7,1306,460,50,17,1,1,1,1
97,7,1306,460,50,17,1,1,1,1
98,7,1306,460,50,17,1,1,1,1
99,7,1306,460,50,17,1,1,1,1
100,7,1306,460,50,17,1,1,1,1
101,7,1306,460,50,17,1,1,1,1
102,7,1306,460,50,17,1,1,1,1
103,7,1306,460,50,17,1,1,1,1
104,7,1306,460,50,17,1,1,1,1
105,7,1306,460,50,17,1,1,1,1
106,7,1306,460,50,17,1,1,1,1
107,7,1306,460,50,17,1,1,1,1
108,7,1306,460,50,17,1,1,1,1
109,7,1306,460,50,17,1,1,1,1
110,7,1306,460,50,17,1,1,1,1
111,7,1306,460,50,17,1,1,1,1
112,7,1306,460,50,17,1,1,1,1
113,7,1306,460,50,17,1,1,1,1
114,7,1306,460,50,17,1,1,1,1
115,7,1306,460,50,17,1,1,1,1
116,7,1307,460,50,17,1,1,1,1
117,7,1307,460,50,17,1,1,1,1
118,7,1307,460,50,17,1,1,1,1
119,7,1307,460,50,17,1,1,1,1
120,7,1307,460,50,17,1,1,1,1
121,7,1307,460,50,17,1,1,1,1
122,7,1307,460,50,17,1,1,1,1
123,7,1307,460,50,17,1,1,1,1
124,7,1307,460,50,17,1,1,1,1
125,7,1307,460,50,17,1,1,1,1
126,7,1307,460,50,17,1,1,1,1
127,7,1307,460,50,17,1,1,1,1
128,7,1307,460,50,17,1,1,1,1
129,7,1307,460,50,17,1,1,1,1
130,7,1307,460,50,17,1,1,1,1
131,7,1307,460,50,17,1,1,1,1
132,7,1307,460,50,17,1,1,1,1
133,7,1307,460,50,17,1,1,1,1
134,7,1307,460,50,17,1,1,1,1
135,7,1307,460,50,17,1,1,1,1
136,7,1307,460,50,17,1,1,1,1
137,7,1307,460,50,17,1,1,1,1
138,7,1307,460,50,17,1,1,1,1
139,7,1307,460,50,17,1,1,1,1
140,7,1307,460,50,17,1,1,1,1
141,7,1307,460,50,17,1,1,1,1
142,7,1307,460,50,17,1,1,1,1
143,7,1307,460,50,17,1,1,1,1
144,7,1307,460,50,17,1,1,1,1
145,7,1307,460,50,17,1,1,1,1
146,7,1307,460,50,17,1,1,1,1
147,7,1307,460,50,17,1,1,1,1
148,7,1307,460,50,17,1,1,1,1
149,7,1307,460,50,17,1,1,1,1
150,7,1307,460,50,17,1,1,1,1
151,7,1307,460,50,17,1,1,1,1
152,7,1307,460,50,17,1,1,1,1
153,7,1307,460,50,17,1,1,1,1
154,7,1307,460,50,17,1,1,1,1
155,7,1307,460,50,17,1,1,1,1
156,7,1307,460,50,17,1,1,1,1
157,7,1307,460,50,17,1,1,1,1
158,7,1307,460,50,17,1,1,1,1
159,7,1307,460,50,17,1,1,1,1
160,7,1307,460,50,17,1,1,1,1
161,7,1307,460,50,17,1,1,1,1
162,7,1307,460,50,17,1,1,1,1
163,7,1307,460,50,17,1,1,1,1
164,7,1307,460,50,17,1,1,1,1
165,7,1307,460,50,17,1,1,1,1
166,7,1307,460,50,17,1,1,1,1
167,7,1307,460,50,17,1,1,1,1
168,7,1307,460,50,17,1,1,1,1
169,7,1307,460,50,17,1,1,1,1
170,7,1307,460,50,17,1,1,1,1
171,7,1307,460,50,17,1,1,1,1
172,7,1307,460,50,17,1,1,1,1
173,7,1307,460,50,17,1,1,1,1
174,7,1307,460,50,17,1,1,1,1
175,7,1307,460,50,17,1,1,1,1
176,7,1307,460,50,17,1,1,1,1
177,7,1307,460,50,17,1,1,1,1
178,7,1307,460,50,17,1,1,1,1
179,7,1307,460,50,17,1,1,1,1
180,7,1307,460,50,17,1,1,1,1
181,7,1306,460,50,17,1,1,1,1
182,7,1306,460,50,17,1,1,1,1
183,7,1306,460,50,17,1,1,1,1
184,7,1306,460,50,17,1,1,1,1
185,7,1306,460,50,17,1,1,1,1
186,7,1306,460,50,17,1,1,1,1
187,7,1307,460,50,17,1,1,1,1
188,7,1307,460,50,17,1,1,1,1
189,7,1307,460,50,17,1,1,1,1
190,7,1307,460,50,17,1,1,1,1
191,7,1307,460,50,17,1,1,1,1
192,7,1307,460,50,17,1,1,1,1
193,7,1307,460,50,17,1,1,1,1
194,7,1307,460,50,17,1,1,1,1
195,7,1307,460,50,17,1,1,1,1
196,7,1307,460,50,17,1,1,1,1
197,7,1307,460,50,17,1,1,1,1
198,7,1307,460,50,17,1,1,1,1
199,7,1307,460,50,17,1,1,1,1
200,7,1307,460,50,17,1,1,1,1
201,7,1307,460,50,17,1,1,1,1
202,7,1307,460,50,17,1,1,1,1
203,7,1307,460,50,17,1,1,1,1
204,7,1307,460,50,17,1,1,1,1
205,7,1307,460,50,17,1,1,1,1
206,7,1307,460,50,17,1,1,1,1
207,7,1307,460,50,17,1,1,1,1
208,7,1307,460,50,17,1,1,1,1
209,7,1307,460,50,17,1,1,1,1
210,7,1307,460,50,17,1,1,1,1
211,7,1307,460,50,17,1,1,1,1
212,7,1307,460,50,17,1,1,1,1
213,7,1307,460,50,17,1,1,1,1
214,7,1307,460,50,17,1,1,1,1
215,7,1307,460,50,17,1,1,1,1
216,7,1307,460,50,17,1,1,1,1
217,7,1307,460,50,17,1,1,1,1
218,7,1308,460,50,17,1,1,1,1
219,7,1308,460,50,17,1,1,1,1
220,7,1308,460,50,17,1,1,1,1
221,7,1308,460,50,17,1,1,1,1
222,7,1308,460,50,17,1,1,1,1
223,7,1308,460,50,17,1,1,1,1
224,7,1308,460,50,17,1,1,1,1
225,7,1308,460,50,17,1,1,1,1
226,7,1308,460,50,17,1,1,1,1
227,7,1308,460,50,17,1,1,1,1
228,7,1308,460,50,17,1,1,1,1
229,7,1308,460,50,17,1,1,1,1
230,7,1308,460,50,17,1,1,1,1
231,7,1308,460,50,17,1,1,1,1
232,7,1308,460,50,17,1,1,1,1
233,7,1308,460,50,17,1,1,1,1
234,7,1308,460,50,17,1,1,1,1
235,7,1308,460,50,17,1,1,1,1
236,7,1308,460,50,17,1,1,1,1
237,7,1308,460,50,17,1,1,1,1
238,7,1308,460,50,17,1,1,1,1
239,7,1308,460,50,17,1,1,1,1
240,7,1308,460,50,17,1,1,1,1
241,7,1308,460,50,17,1,1,1,1
242,7,1308,460,50,17,1,1,1,1
243,7,1308,460,50,17,1,1,1,1
244,7,1308,460,50,17,1,1,1,1
245,7,1308,460,50,17,1,1,1,1
246,7,1308,460,50,17,1,1,1,1
247,7,1308,460,50,17,1,1,1,1
248,7,1308,460,50,17,1,1,1,1
249,7,1308,460,50,17,1,1,1,1
250,7,1308,460,50,17,1,1,1,1
251,7,1308,460,50,17,1,1,1,1
252,7,1308,460,50,17,1,1,1,1
253,7,1308,460,50,17,1,1,1,1
254,7,1309,459,50,17,1,1,1,1
255,7,1309,459,50,17,1,1,1,1
256,7,1309,459,50,17,1,1,1,1
257,7,1309,459,50,17,1,1,1,1
258,7,1309,459,50,17,1,1,1,1
259,7,1309,459,50,17,1,1,1,1
260,7,1309,459,50,17,1,1,1,1
261,7,1309,459,50,17,1,1,1,1
262,7,1309,459,50,17,1,1,1,1
263,7,1309,459,50,17,1,1,1,1
264,7,1309,459,50,17,1,1,1,1
265,7,1309,459,50,17,1,1,1,1
266,7,1309,459,50,17,1,1,1,1
267,7,1309,459,50,17,1,1,1,1
268,7,1309,459,50,17,1,1,1,1
269,7,1309,459,50,17,1,1,1,1
270,7,1309,459,50,17,1,1,1,1
271,7,1309,459,50,17,1,1,1,1
272,7,1309,459,50,17,1,1,1,1
273,7,1309,459,50,17,1,1,1,1
274,7,1309,459,50,17,1,1,1,1
275,7,1309,459,50,17,1,1,1,1
276,7,1309,459,50,17,1,1,1,1
277,7,1309,459,50,17,1,1,1,1
278,7,1309,459,50,17,1,1,1,1
279,7,1309,459,50,17,1,1,1,1
280,7,1309,461,50,13,1,1,1,1
281,7,1309,461,50,13,1,1,1,1
282,7,1309,461,50,13,1,1,1,1
283,7,1309,461,50,13,1,1,1,1
284,7,1309,461,50,13,1,1,1,1
285,7,1309,461,50,13,1,1,1,1
286,7,1309,461,50,13,1,1,1,1
287,7,1309,461,50,13,1,1,1,1
288,7,1309,461,50,13,1,1,1,1
289,7,1309,461,50,13,1,1,1,1
290,7,1309,461,50,13,1,1,1,1
291,7,1309,461,50,13,1,1,1,1
292,7,1309,461,50,13,1,1,1,1
293,7,1309,461,50,13,1,1,1,1
294,7,1309,461,50,13,1,1,1,1
295,7,1309,461,50,13,1,1,1,1
296,7,1309,461,50,13,1,1,1,1
297,7,1309,461,50,13,1,1,1,1
298,7,1309,461,50,13,1,1,1,1
299,7,1309,461,50,13,1,1,1,1
300,7,1309,461,50,13,1,1,1,1
301,7,1309,461,50,13,1,1,1,1
302,7,1309,461,50,13,1,1,1,1
303,7,1309,461,50,13,1,1,1,1
304,7,1309,461,50,13,1,1,1,1
305,7,1309,461,50,13,1,1,1,1
306,7,1309,461,50,13,1,1,1,1
307,7,1309,461,50,13,1,1,1,1
308,7,1309,461,50,13,1,1,1,1
309,7,1309,461,50,13,1,1,1,1
310,7,1309,461,50,13,1,1,1,1
311,7,1309,461,50,13,1,1,1,1
312,7,1309,461,50,13,1,1,1,1
313,7,1309,461,50,13,1,1,1,1
314,7,1308,461,50,13,1,1,1,1
315,7,1308,461,50,13,1,1,1,1
316,7,1308,461,50,13,1,1,1,1
317,7,1308,461,50,13,1,1,1,1
318,7,1308,461,50,13,1,1,1,1
319,7,1308,461,50,13,1,1,1,1
320,7,1308,461,50,13,1,1,1,1
321,7,1309,461,50,13,1,1,1,1
322,7,1309,461,50,13,1,1,1,1
323,7,1309,461,50,13,1,1,1,1
324,7,1309,461,50,13,1,1,1,1
325,7,1309,461,50,13,1,1,1,1
326,7,1309,461,50,13,1,1,1,1
327,7,1309,461,50,13,1,1,1,1
328,7,1309,461,50,13,1,1,1,1
329,7,1309,461,50,13,1,1,1,1
330,7,1309,461,50,13,1,1,1,1
331,7,1309,461,50,13,1,1,1,1
332,7,1309,461,50,13,1,1,1,1
333,7,1309,461,50,13,1,1,1,1
334,7,1309,461,50,13,1,1,1,1
335,7,1309,461,50,13,1,1,1,1
336,7,1309,461,50,13,1,1,1,1
337,7,1309,461,50,13,1,1,1,1
338,7,1309,461,50,13,1,1,1,1
339,7,1309,461,50,13,1,1,1,1
340,7,1309,461,50,13,1,1,1,1
341,7,1309,461,50,13,1,1,1,1
342,7,1309,461,50,13,1,1,1,1
343,7,1309,461,50,13,1,1,1,1
344,7,1309,461,50,13,1,1,1,1
345,7,1309,461,50,13,1,1,1,1
346,7,1309,461,50,13,1,1,1,1
347,7,1309,461,50,13,1,1,1,1
348,7,1310,461,50,13,1,1,1,1
349,7,1310,461,50,13,1,1,1,1
350,7,1310,461,50,13,1,1,1,1
351,7,1310,461,50,13,1,1,1,1
352,7,1310,461,50,13,1,1,1,1
353,7,1310,461,50,13,1,1,1,1
354,7,1310,461,50,13,1,1,1,1
355,7,1310,461,50,13,1,1,1,1
356,7,1310,461,50,13,1,1,1,1
357,7,1310,461,50,13,1,1,1,1
358,7,1310,461,50,13,1,1,1,1
359,7,1310,461,50,13,1,1,1,1
360,7,1310,461,50,13,1,1,1,1
361,7,1310,461,50,13,1,1,1,1
362,7,1311,461,50,13,1,1,1,1
363,7,1311,461,50,13,1,1,1,1
364,7,1311,461,50,13,1,1,1,1
365,7,1311,461,50,13,1,1,1,1
366,7,1311,461,50,13,1,1,1,1
367,7,1311,461,50,13,1,1,1,1
368,7,1311,461,50,13,1,1,1,1
369,7,1311,461,50,13,1,1,1,1
370,7,1311,461,50,13,1,1,1,1
371,7,1311,461,50,13,1,1,1,1
372,7,1311,461,50,13,1,1,1,1
373,7,1311,461,50,13,1,1,1,1
374,7,1311,461,50,13,1,1,1,1
375,7,1311,461,50,13,1,1,1,1
376,7,1311,461,50,13,1,1,1,1
377,7,1311,461,50,13,1,1,1,1
378,7,1311,461,50,13,1,1,1,1
379,7,1311,461,50,13,1,1,1,1
380,7,1311,461,50,13,1,1,1,1
381,7,1311,461,50,13,1,1,1,1
382,7,1311,461,50,13,1,1,1,1
383,7,1311,461,50,13,1,1,1,1
384,7,1311,461,50,13,1,1,1,1
385,7,1311,461,50,13,1,1,1,1
386,7,1311,461,50,13,1,1,1,1
387,7,1311,461,50,13,1,1,1,1
388,7,1311,461,50,13,1,1,1,1
389,7,1311,461,50,13,1,1,1,1
390,7,1311,461,50,13,1,1,1,1
391,7,1311,461,50,13,1,1,1,1
392,7,1311,461,50,13,1,1,1,1
393,7,1311,461,50,13,1,1,1,1
394,7,1311,461,50,13,1,1,1,1
395,7,1311,461,50,13,1,1,1,1
396,7,1311,461,50,13,1,1,1,1
397,7,1311,461,50,13,1,1,1,1
398,7,1311,461,50,13,1,1,1,1
399,7,1311,461,50,13,1,1,1,1
400,7,1311,461,50,13,1,1,1,1
401,7,1311,461,50,13,1,1,1,1
402,7,1311,461,50,13,1,1,1,1
403,7,1311,461,50,13,1,1,1,1
404,7,1311,461,50,13,1,1,1,1
405,7,1311,461,50,13,1,1,1,1
406,7,1311,461,50,13,1,1,1,1
407,7,1311,461,50,13,1,1,1,1
408,7,1311,461,50,13,1,1,1,1
409,7,1311,461,50,13,1,1,1,1
410,7,1311,461,50,13,1,1,1,1
411,7,1311,461,50,13,1,1,1,1
412,7,1311,461,50,13,1,1,1,1
413,7,1311,461,50,13,1,1,1,1
414,7,1311,461,50,13,1,1,1,1
415,7,1311,461,50,13,1,1,1,1
416,7,1311,461,50,13,1,1,1,1
417,7,1311,461,50,13,1,1,1,1
418,7,1311,461,50,13,1,1,1,1
419,7,1311,461,50,13,1,1,1,1
420,7,1311,461,50,13,1,1,1,1
421,7,1312,461,50,13,1,1,1,1
422,7,1312,461,50,13,1,1,1,1
423,7,1312,461,50,13,1,1,1,1
424,7,1312,461,50,13,1,1,1,1
425,7,1312,461,50,13,1,1,1,1
426,7,1312,461,50,13,1,1,1,1
427,7,1312,461,50,13,1,1,1,1
428,7,1312,461,50,13,1,1,1,1
429,7,1312,461,50,13,1,1,1,1
430,7,1312,461,50,13,1,1,1,1
431,7,1312,461,50,13,1,1,1,1
432,7,1312,461,50,13,1,1,1,1
433,7,1312,461,50,13,1,1,1,1
434,7,1312,461,50,13,1,1,1,1
435,7,1312,461,50,13,1,1,1,1
436,7,1312,461,50,13,1,1,1,1
437,7,1312,461,50,13,1,1,1,1
438,7,1312,461,50,13,1,1,1,1
439,7,1312,461,50,13,1,1,1,1
440,7,1312,461,50,13,1,1,1,1
441,7,1312,461,50,13,1,1,1,1
442,7,1312,461,50,13,1,1,1,1
443,7,1312,461,50,13,1,1,1,1
444,7,1312,461,50,13,1,1,1,1
445,7,1312,461,50,13,1,1,1,1
446,7,1312,461,50,13,1,1,1,1
447,7,1312,461,50,13,1,1,1,1
448,7,1312,461,50,13,1,1,1,1
449,7,1312,461,50,13,1,1,1,1
450,7,1312,461,50,13,1,1,1,1
451,7,1312,461,50,13,1,1,1,1
452,7,1312,461,50,13,1,1,1,1
453,7,1312,461,50,13,1,1,1,1
454,7,1312,461,50,13,1,1,1,1
455,7,1312,461,50,13,1,1,1,1
456,7,1312,461,50,13,1,1,1,1
457,7,1312,461,50,13,1,1,1,1
458,7,1312,461,50,13,1,1,1,1
459,7,1312,461,50,13,1,1,1,1
460,7,1312,461,50,13,1,1,1,1
461,7,1312,461,50,13,1,1,1,1
462,7,1312,461,50,13,1,1,1,1
463,7,1312,461,50,13,1,1,1,1
464,7,1312,461,50,13,1,1,1,1
465,7,1312,461,50,13,1,1,1,1
466,7,1312,461,50,13,1,1,1,1
467,7,1312,461,50,13,1,1,1,1
468,7,1312,461,50,13,1,1,1,1
469,7,1312,461,50,13,1,1,1,1
470,7,1312,461,50,13,1,1,1,1
471,7,1312,461,50,13,1,1,1,1
472,7,1312,461,50,13,1,1,1,1
473,7,1314,461,50,13,1,1,1,1
474,7,1314,461,50,13,1,1,1,1
475,7,1314,461,50,13,1,1,1,1
476,7,1314,461,50,13,1,1,1,1
477,7,1314,461,50,13,1,1,1,1
478,7,1314,461,50,13,1,1,1,1
479,7,1314,461,50,13,1,1,1,1
480,7,1314,461,50,13,1,1,1,1
481,7,1314,461,50,13,1,1,1,1
482,7,1314,461,50,13,1,1,1,1
483,7,1314,461,50,13,1,1,1,1
484,7,1314,461,50,13,1,1,1,1
485,7,1314,461,50,13,1,1,1,1
486,7,1314,461,50,13,1,1,1,1
487,7,1314,461,50,13,1,1,1,1
488,7,1314,461,50,13,1,1,1,1
489,7,1312,461,50,13,1,1,1,1
490,7,1312,461,50,13,1,1,1,1
491,7,1312,461,50,13,1,1,1,1
492,7,1313,461,50,13,1,1,1,1
493,7,1313,461,50,13,1,1,1,1
494,7,1313,461,50,13,1,1,1,1
495,7,1313,461,50,13,1,1,1,1
496,7,1313,461,50,13,1,1,1,1
497,7,1313,461,50,13,1,1,1,1
498,7,1312,461,50,13,1,1,1,1
499,7,1312,461,50,13,1,1,1,1
500,7,1312,461,50,13,1,1,1,1
501,7,1312,461,50,13,1,1,1,1
502,7,1312,461,50,13,1,1,1,1
503,7,1312,461,50,13,1,1,1,1
504,7,1312,461,50,13,1,1,1,1
505,7,1312,461,50,13,1,1,1,1
506,7,1312,461,50,13,1,1,1,1
507,7,1312,461,50,13,1,1,1,1
508,7,1312,461,50,13,1,1,1,1
509,7,1312,461,50,13,1,1,1,1
510,7,1312,461,50,13,1,1,1,1
511,7,1311,461,50,13,1,1,1,1
512,7,1311,461,50,13,1,1,1,1
513,7,1311,461,50,13,1,1,1,1
514,7,1311,461,50,13,1,1,1,1
515,7,1311,461,50,13,1,1,1,1
516,7,1311,461,50,13,1,1,1,1
517,7,1312,462,50,13,1,1,1,1
518,7,1312,462,50,13,1,1,1,1
519,7,1312,462,50,13,1,1,1,1
520,7,1312,462,50,13,1,1,1,1
521,7,1312,462,50,13,1,1,1,1
522,7,1312,462,50,13,1,1,1,1
523,7,1312,462,50,13,1,1,1,1
524,7,1312,462,50,13,1,1,1,1
525,7,1312,462,50,13,1,1,1,1
526,7,1312,462,50,13,1,1,1,1
527,7,1312,462,50,13,1,1,1,1
528,7,1312,462,50,13,1,1,1,1
529,7,1312,462,50,13,1,1,1,1
530,7,1312,462,50,13,1,1,1,1
531,7,1312,462,50,13,1,1,1,1
532,7,1312,462,50,13,1,1,1,1
533,7,1312,462,50,13,1,1,1,1
534,7,1312,462,50,13,1,1,1,1
535,7,1312,462,50,13,1,1,1,1
536,7,1312,462,50,13,1,1,1,1
537,7,1312,462,50,13,1,1,1,1
538,7,1312,462,50,13,1,1,1,1
539,7,1312,462,50,13,1,1,1,1
540,7,1312,462,50,13,1,1,1,1
541,7,1312,462,50,13,1,1,1,1
542,7,1312,462,50,13,1,1,1,1
543,7,1312,462,50,13,1,1,1,1
544,7,1312,462,50,13,1,1,1,1
545,7,1312,462,50,13,1,1,1,1
546,7,1314,462,50,13,1,1,1,1
547,7,1314,462,50,13,1,1,1,1
548,7,1314,462,50,13,1,1,1,1
549,7,1314,462,50,13,1,1,1,1
550,7,1314,462,50,13,1,1,1,1
551,7,1314,462,50,13,1,1,1,1
552,7,1314,462,50,13,1,1,1,1
553,7,1314,462,50,13,1,1,1,1
554,7,1314,462,50,13,1,1,1,1
555,7,1314,462,50,13,1,1,1,1
556,7,1314,462,50,13,1,1,1,1
557,7,1314,462,50,13,1,1,1,1
558,7,1314,462,50,13,1,1,1,1
559,7,1314,462,50,13,1,1,1,1
560,7,1314,462,50,13,1,1,1,1
561,7,1314,462,50,13,1,1,1,1
562,7,1314,462,50,13,1,1,1,1
563,7,1314,462,50,13,1,1,1,1
564,7,1314,462,50,13,1,1,1,1
565,7,1314,462,50,13,1,1,1,1
566,7,1314,462,50,13,1,1,1,1
567,7,1314,462,50,13,1,1,1,1
568,7,1314,462,50,13,1,1,1,1
569,7,1314,462,50,13,1,1,1,1
570,7,1314,462,50,13,1,1,1,1
571,7,1314,462,50,13,1,1,1,1
572,7,1314,462,50,13,1,1,1,1
573,7,1314,462,50,13,1,1,1,1
574,7,1314,462,50,13,1,1,1,1
575,7,1314,462,50,13,1,1,1,1
576,7,1314,462,50,13,1,1,1,1
577,7,1314,462,50,13,1,1,1,1
578,7,1314,462,50,13,1,1,1,1
579,7,1314,462,50,13,1,1,1,1
580,7,1314,462,50,13,1,1,1,1
581,7,1314,462,50,13,1,1,1,1
582,7,1314,462,50,13,1,1,1,1
583,7,1314,462,50,13,1,1,1,1
584,7,1314,462,50,13,1,1,1,1
585,7,1314,462,50,13,1,1,1,1
586,7,1314,462,50,13,1,1,1,1
587,7,1314,462,50,13,1,1,1,1
588,7,1314,462,50,13,1,1,1,1
589,7,1314,462,50,13,1,1,1,1
590,7,1314,462,50,13,1,1,1,1
591,7,1314,462,50,13,1,1,1,1
592,7,1312,461,50,13,1,1,1,1
593,7,1312,461,50,13,1,1,1,1
594,7,1312,461,50,13,1,1,1,1
595,7,1312,461,50,13,1,1,1,1
596,7,1312,461,50,13,1,1,1,1
597,7,1312,461,50,13,1,1,1,1
598,7,1313,461,50,13,1,1,1,1
599,7,1313,461,50,13,1,1,1,1
600,7,1313,461,50,13,1,1,1,1
1,8,1380,446,36,27,1,1,1,1
2,8,1380,446,36,27,1,1,1,1
3,8,1380,446,36,27,1,1,1,1
4,8,1380,446,36,27,1,1,1,1
5,8,1380,446,36,27,1,1,1,1
6,8,1381,446,34,27,1,1,1,1
7,8,1381,446,34,27,1,1,1,1
8,8,1381,446,34,27,1,1,1,1
9,8,1381,446,34,27,1,1,1,1
10,8,1381,446,34,27,1,1,1,1
11,8,1381,446,34,27,1,1,1,1
12,8,1381,446,34,27,1,1,1,1
13,8,1381,446,34,27,1,1,1,1
14,8,1381,446,34,27,1,1,1,1
15,8,1381,446,34,27,1,1,1,1
16,8,1381,446,34,27,1,1,1,1
17,8,1381,446,34,27,1,1,1,1
18,8,1381,446,34,27,1,1,1,1
19,8,1381,446,34,27,1,1,1,1
20,8,1381,446,34,27,1,1,1,1
21,8,1381,446,34,27,1,1,1,1
22,8,1381,446,34,27,1,1,1,1
23,8,1381,446,34,27,1,1,1,1
24,8,1381,446,34,27,1,1,1,1
25,8,1381,446,34,27,1,1,1,1
26,8,1381,446,34,27,1,1,1,1
27,8,1381,446,34,27,1,1,1,1
28,8,1381,446,34,27,1,1,1,1
29,8,1381,446,34,27,1,1,1,1
30,8,1381,446,34,27,1,1,1,1
31,8,1381,446,34,27,1,1,1,1
32,8,1381,446,34,27,1,1,1,1
33,8,1381,446,34,27,1,1,1,1
34,8,1381,446,34,27,1,1,1,1
35,8,1381,446,34,27,1,1,1,1
36,8,1381,446,34,27,1,1,1,1
37,8,1381,446,34,27,1,1,1,1
38,8,1381,446,34,27,1,1,1,1
39,8,1381,446,34,27,1,1,1,1
40,8,1383,447,34,27,1,1,1,1
41,8,1383,447,34,27,1,1,1,1
42,8,1383,447,34,27,1,1,1,1
43,8,1383,447,34,27,1,1,1,1
44,8,1383,447,34,27,1,1,1,1
45,8,1383,447,34,27,1,1,1,1
46,8,1383,447,34,27,1,1,1,1
47,8,1383,447,34,27,1,1,1,1
48,8,1383,447,34,27,1,1,1,1
49,8,1383,447,34,27,1,1,1,1
50,8,1383,447,34,27,1,1,1,1
51,8,1383,447,34,27,1,1,1,1
52,8,1383,447,34,27,1,1,1,1
53,8,1383,447,34,27,1,1,1,1
54,8,1384,447,34,27,1,1,1,1
55,8,1384,447,34,27,1,1,1,1
56,8,1384,447,34,27,1,1,1,1
57,8,1384,447,34,27,1,1,1,1
58,8,1384,447,34,27,1,1,1,1
59,8,1384,447,34,27,1,1,1,1
60,8,1384,447,34,27,1,1,1,1
61,8,1384,447,34,27,1,1,1,1
62,8,1384,447,34,27,1,1,1,1
63,8,1384,447,34,27,1,1,1,1
64,8,1384,447,34,27,1,1,1,1
65,8,1384,447,34,27,1,1,1,1
66,8,1384,447,34,27,1,1,1,1
67,8,1384,447,34,27,1,1,1,1
68,8,1384,447,34,27,1,1,1,1
69,8,1384,447,34,27,1,1,1,1
70,8,1384,447,34,27,1,1,1,1
71,8,1384,447,34,27,1,1,1,1
72,8,1384,447,34,27,1,1,1,1
73,8,1384,447,34,27,1,1,1,1
74,8,1384,447,34,27,1,1,1,1
75,8,1384,447,34,27,1,1,1,1
76,8,1384,447,34,27,1,1,1,1
77,8,1384,447,34,27,1,1,1,1
78,8,1384,447,34,27,1,1,1,1
79,8,1384,447,34,27,1,1,1,1
80,8,1384,447,34,27,1,1,1,1
81,8,1384,447,34,27,1,1,1,1
82,8,1384,447,34,27,1,1,1,1
83,8,1384,447,34,27,1,1,1,1
84,8,1384,447,34,27,1,1,1,1
85,8,1384,447,34,27,1,1,1,1
86,8,1385,447,34,27,1,1,1,1
87,8,1385,447,34,27,1,1,1,1
88,8,1385,447,34,27,1,1,1,1
89,8,1385,447,34,27,1,1,1,1
90,8,1385,447,34,27,1,1,1,1
91,8,1385,447,34,27,1,1,1,1
92,8,1385,447,34,27,1,1,1,1
93,8,1385,447,34,27,1,1,1,1
94,8,1385,447,34,27,1,1,1,1
95,8,1385,447,34,27,1,1,1,1
96,8,1385,447,34,27,1,1,1,1
97,8,1385,447,34,27,1,1,1,1
98,8,1385,447,34,27,1,1,1,1
99,8,1385,447,34,27,1,1,1,1
100,8,1386,447,34,27,1,1,1,1
101,8,1386,447,34,27,1,1,1,1
102,8,1386,447,34,27,1,1,1,1
103,8,1386,447,34,27,1,1,1,1
104,8,1386,447,34,27,1,1,1,1
105,8,1386,447,34,27,1,1,1,1
106,8,1386,447,34,27,1,1,1,1
107,8,1386,447,34,27,1,1,1,1
108,8,1386,447,34,27,1,1,1,1
109,8,1386,447,34,27,1,1,1,1
110,8,1386,447,34,27,1,1,1,1
111,8,1386,447,34,27,1,1,1,1
112,8,1386,447,34,27,1,1,1,1
113,8,1386,447,34,27,1,1,1,1
114,8,1386,447,34,27,1,1,1,1
115,8,1386,447,34,27,1,1,1,1
116,8,1386,447,34,27,1,1,1,1
117,8,1386,447,34,27,1,1,1,1
118,8,1386,447,34,27,1,1,1,1
119,8,1386,447,34,27,1,1,1,1
120,8,1386,447,34,27,1,1,1,1
121,8,1386,447,34,27,1,1,1,1
122,8,1386,447,34,27,1,1,1,1
123,8,1386,447,34,27,1,1,1,1
124,8,1386,447,34,27,1,1,1,1
125,8,1386,447,34,27,1,1,1,1
126,8,1386,447,34,27,1,1,1,1
127,8,1386,447,34,27,1,1,1,1
128,8,1387,448,34,27,1,1,1,1
129,8,1387,448,34,27,1,1,1,1
130,8,1387,448,34,27,1,1,1,1
131,8,1387,448,34,27,1,1,1,1
132,8,1387,448,34,27,1,1,1,1
133,8,1387,448,34,27,1,1,1,1
134,8,1387,448,34,27,1,1,1,1
135,8,1387,448,34,27,1,1,1,1
136,8,1387,448,34,27,1,1,1,1
137,8,1387,448,34,27,1,1,1,1
138,8,1387,448,34,27,1,1,1,1
139,8,1387,448,34,27,1,1,1,1
140,8,1388,448,34,27,1,1,1,1
141,8,1388,448,34,27,1,1,1,1
142,8,1388,448,34,27,1,1,1,1
143,8,1388,448,34,27,1,1,1,1
144,8,1388,448,34,27,1,1,1,1
145,8,1388,448,34,27,1,1,1,1
146,8,1388,448,34,27,1,1,1,1
147,8,1388,448,34,27,1,1,1,1
148,8,1388,448,34,27,1,1,1,1
149,8,1388,448,34,27,1,1,1,1
150,8,1388,448,34,27,1,1,1,1
151,8,1388,448,34,27,1,1,1,1
152,8,1388,448,34,27,1,1,1,1
153,8,1388,448,34,27,1,1,1,1
154,8,1388,448,34,27,1,1,1,1
155,8,1388,448,34,27,1,1,1,1
156,8,1388,448,34,27,1,1,1,1
157,8,1388,448,34,27,1,1,1,1
158,8,1388,448,34,27,1,1,1,1
159,8,1388,448,34,27,1,1,1,1
160,8,1388,448,34,27,1,1,1,1
161,8,1388,448,34,27,1,1,1,1
162,8,1388,448,34,27,1,1,1,1
163,8,1388,448,34,27,1,1,1,1
164,8,1388,448,34,27,1,1,1,1
165,8,1388,448,34,27,1,1,1,1
166,8,1388,448,34,27,1,1,1,1
167,8,1388,448,34,27,1,1,1,1
168,8,1388,448,34,27,1,1,1,1
169,8,1388,448,34,27,1,1,1,1
170,8,1388,448,34,27,1,1,1,1
171,8,1388,448,34,27,1,1,1,1
172,8,1388,448,34,27,1,1,1,1
173,8,1388,448,34,27,1,1,1,1
174,8,1388,448,34,27,1,1,1,1
175,8,1388,448,34,27,1,1,1,1
176,8,1388,448,34,27,1,1,1,1
177,8,1388,448,34,27,1,1,1,1
178,8,1388,448,34,27,1,1,1,1
179,8,1388,448,34,27,1,1,1,1
180,8,1388,448,34,27,1,1,1,1
181,8,1387,448,34,27,1,1,1,1
182,8,1387,448,34,27,1,1,1,1
183,8,1387,448,34,27,1,1,1,1
184,8,1387,448,34,27,1,1,1,1
185,8,1387,448,34,27,1,1,1,1
186,8,1387,448,34,27,1,1,1,1
187,8,1387,448,34,27,1,1,1,1
188,8,1387,448,34,27,1,1,1,1
189,8,1387,448,34,27,1,1,1,1
190,8,1387,448,34,27,1,1,1,1
191,8,1387,448,34,27,1,1,1,1
192,8,1387,448,34,27,1,1,1,1
193,8,1387,448,34,27,1,1,1,1
194,8,1387,448,34,27,1,1,1,1
195,8,1387,448,34,27,1,1,1,1
196,8,1387,448,34,27,1,1,1,1
197,8,1387,448,34,27,1,1,1,1
198,8,1387,448,34,27,1,1,1,1
199,8,1388,448,34,27,1,1,1,1
200,8,1388,448,34,27,1,1,1,1
201,8,1388,448,34,27,1,1,1,1
202,8,1388,448,34,27,1,1,1,1
203,8,1388,448,34,27,1,1,1,1
204,8,1388,448,34,27,1,1,1,1
205,8,1388,448,34,27,1,1,1,1
206,8,1388,448,34,27,1,1,1,1
207,8,1388,448,34,27,1,1,1,1
208,8,1388,448,34,27,1,1,1,1
209,8,1388,448,34,27,1,1,1,1
210,8,1388,448,34,27,1,1,1,1
211,8,1388,448,34,27,1,1,1,1
212,8,1388,448,34,27,1,1,1,1
213,8,1388,448,34,27,1,1,1,1
214,8,1388,448,34,27,1,1,1,1
215,8,1388,448,34,27,1,1,1,1
216,8,1388,448,34,27,1,1,1,1
217,8,1388,448,34,27,1,1,1,1
218,8,1389,448,34,27,1,1,1,1
219,8,1389,448,34,27,1,1,1,1
220,8,1389,448,34,27,1,1,1,1
221,8,1389,448,34,27,1,1,1,1
222,8,1389,448,34,27,1,1,1,1
223,8,1389,448,34,27,1,1,1,1
224,8,1389,448,34,27,1,1,1,1
225,8,1389,448,34,27,1,1,1,1
226,8,1389,448,34,27,1,1,1,1
227,8,1389,448,34,27,1,1,1,1
228,8,1389,448,34,27,1,1,1,1
229,8,1389,448,34,27,1,1,1,1
230,8,1389,448,34,27,1,1,1,1
231,8,1389,448,34,27,1,1,1,1
232,8,1389,448,34,27,1,1,1,1
233,8,1389,448,34,27,1,1,1,1
234,8,1389,448,34,27,1,1,1,1
235,8,1389,448,34,27,1,1,1,1
236,8,1389,448,34,27,1,1,1,1
237,8,1389,448,34,27,1,1,1,1
238,8,1389,448,34,27,1,1,1,1
239,8,1389,448,34,27,1,1,1,1
240,8,1389,448,34,27,1,1,1,1
241,8,1389,448,34,27,1,1,1,1
242,8,1389,448,34,27,1,1,1,1
243,8,1389,448,34,27,1,1,1,1
244,8,1389,448,34,27,1,1,1,1
245,8,1389,448,34,27,1,1,1,1
246,8,1389,448,34,27,1,1,1,1
247,8,1389,448,34,27,1,1,1,1
248,8,1389,448,34,27,1,1,1,1
249,8,1389,448,34,27,1,1,1,1
250,8,1389,448,34,27,1,1,1,1
251,8,1389,448,34,27,1,1,1,1
252,8,1389,448,34,27,1,1,1,1
253,8,1389,448,34,27,1,1,1,1
254,8,1389,448,34,27,1,1,1,1
255,8,1389,448,34,27,1,1,1,1
256,8,1389,448,34,27,1,1,1,1
257,8,1389,448,34,27,1,1,1,1
258,8,1389,448,34,27,1,1,1,1
259,8,1389,448,34,27,1,1,1,1
260,8,1389,448,34,27,1,1,1,1
261,8,1389,448,34,27,1,1,1,1
262,8,1389,448,34,27,1,1,1,1
263,8,1389,448,34,27,1,1,1,1
264,8,1389,448,34,27,1,1,1,1
265,8,1389,448,34,27,1,1,1,1
266,8,1389,448,34,27,1,1,1,1
267,8,1389,448,34,27,1,1,1,1
268,8,1389,448,34,27,1,1,1,1
269,8,1389,448,34,27,1,1,1,1
270,8,1389,448,34,27,1,1,1,1
271,8,1389,448,34,27,1,1,1,1
272,8,1389,448,34,27,1,1,1,1
273,8,1389,448,34,27,1,1,1,1
274,8,1389,448,34,27,1,1,1,1
275,8,1389,448,34,27,1,1,1,1
276,8,1389,448,34,27,1,1,1,1
277,8,1389,448,34,27,1,1,1,1
278,8,1389,448,34,27,1,1,1,1
279,8,1389,448,34,27,1,1,1,1
280,8,1390,448,35,28,1,1,1,1
281,8,1390,448,35,28,1,1,1,1
282,8,1390,448,35,28,1,1,1,1
283,8,1390,448,35,28,1,1,1,1
284,8,1390,448,35,28,1,1,1,1
285,8,1390,448,35,28,1,1,1,1
286,8,1390,448,35,28,1,1,1,1
287,8,1390,448,35,28,1,1,1,1
288,8,1390,448,35,28,1,1,1,1
289,8,1390,448,35,28,1,1,1,1
290,8,1390,448,35,28,1,1,1,1
291,8,1390,448,35,28,1,1,1,1
292,8,1390,448,35,28,1,1,1,1
293,8,1390,448,35,28,1,1,1,1
294,8,1390,448,35,28,1,1,1,1
295,8,1390,448,35,28,1,1,1,1
296,8,1390,448,35,28,1,1,1,1
297,8,1390,448,35,28,1,1,1,1
298,8,1390,448,35,28,1,1,1,1
299,8,1390,448,35,28,1,1,1,1
300,8,1390,448,35,28,1,1,1,1
301,8,1390,448,35,28,1,1,1,1
302,8,1390,448,35,28,1,1,1,1
303,8,1390,448,35,28,1,1,1,1
304,8,1390,448,35,28,1,1,1,1
305,8,1390,448,35,28,1,1,1,1
306,8,1390,448,35,28,1,1,1,1
307,8,1390,448,35,28,1,1,1,1
308,8,1390,448,35,28,1,1,1,1
309,8,1390,448,35,28,1,1,1,1
310,8,1390,448,35,28,1,1,1,1
311,8,1390,448,35,28,1,1,1,1
312,8,1390,448,35,28,1,1,1,1
313,8,1390,448,35,28,1,1,1,1
314,8,1390,448,35,28,1,1,1,1
315,8,1390,448,35,28,1,1,1,1
316,8,1390,448,35,28,1,1,1,1
317,8,1390,448,35,28,1,1,1,1
318,8,1390,448,35,28,1,1,1,1
319,8,1390,448,35,28,1,1,1,1
320,8,1390,448,35,28,1,1,1,1
321,8,1390,448,35,28,1,1,1,1
322,8,1390,447,35,28,1,1,1,1
323,8,1390,447,35,28,1,1,1,1
324,8,1390,447,35,28,1,1,1,1
325,8,1390,447,35,28,1,1,1,1
326,8,1390,447,35,28,1,1,1,1
327,8,1390,447,35,28,1,1,1,1
328,8,1390,447,35,28,1,1,1,1
329,8,1390,447,35,28,1,1,1,1
330,8,1390,447,35,28,1,1,1,1
331,8,1390,447,35,28,1,1,1,1
332,8,1390,447,35,28,1,1,1,1
333,8,1390,447,35,28,1,1,1,1
334,8,1390,447,35,28,1,1,1,1
335,8,1390,447,35,28,1,1,1,1
336,8,1390,447,35,28,1,1,1,1
337,8,1390,447,35,28,1,1,1,1
338,8,1390,447,35,28,1,1,1,1
339,8,1390,447,35,28,1,1,1,1
340,8,1391,447,35,28,1,1,1,1
341,8,1391,447,35,28,1,1,1,1
342,8,1391,447,35,28,1,1,1,1
343,8,1391,447,35,28,1,1,1,1
344,8,1391,447,35,28,1,1,1,1
345,8,1391,447,35,28,1,1,1,1
346,8,1391,447,35,28,1,1,1,1
347,8,1391,447,35,28,1,1,1,1
348,8,1391,447,35,28,1,1,1,1
349,8,1391,447,35,28,1,1,1,1
350,8,1391,447,35,28,1,1,1,1
351,8,1391,447,35,28,1,1,1,1
352,8,1391,447,35,28,1,1,1,1
353,8,1391,447,35,28,1,1,1,1
354,8,1391,447,35,28,1,1,1,1
355,8,1391,447,35,28,1,1,1,1
356,8,1391,447,35,28,1,1,1,1
357,8,1391,447,35,28,1,1,1,1
358,8,1391,447,35,28,1,1,1,1
359,8,1391,447,35,28,1,1,1,1
360,8,1391,447,35,28,1,1,1,1
361,8,1391,447,35,28,1,1,1,1
362,8,1393,447,35,28,1,1,1,1
363,8,1393,447,35,28,1,1,1,1
364,8,1393,447,35,28,1,1,1,1
365,8,1393,447,35,28,1,1,1,1
366,8,1393,447,35,28,1,1,1,1
367,8,1393,447,35,28,1,1,1,1
368,8,1393,447,35,28,1,1,1,1
369,8,1393,447,35,28,1,1,1,1
370,8,1393,447,35,28,1,1,1,1
371,8,1393,447,35,28,1,1,1,1
372,8,1393,447,35,28,1,1,1,1
373,8,1393,447,35,28,1,1,1,1
374,8,1393,447,35,28,1,1,1,1
375,8,1393,447,35,28,1,1,1,1
376,8,1393,447,35,28,1,1,1,1
377,8,1393,447,35,28,1,1,1,1
378,8,1393,447,35,28,1,1,1,1
379,8,1393,447,35,28,1,1,1,1
380,8,1393,447,35,28,1,1,1,1
381,8,1393,447,35,28,1,1,1,1
382,8,1393,447,35,28,1,1,1,1
383,8,1393,447,35,28,1,1,1,1
384,8,1393,447,35,28,1,1,1,1
385,8,1393,447,35,28,1,1,1,1
386,8,1393,447,35,28,1,1,1,1
387,8,1393,447,35,28,1,1,1,1
388,8,1393,447,35,28,1,1,1,1
389,8,1393,447,35,28,1,1,1,1
390,8,1393,447,35,28,1,1,1,1
391,8,1393,447,35,28,1,1,1,1
392,8,1393,447,35,28,1,1,1,1
393,8,1393,447,35,28,1,1,1,1
394,8,1393,447,35,28,1,1,1,1
395,8,1393,447,35,28,1,1,1,1
396,8,1393,447,35,28,1,1,1,1
397,8,1393,447,35,28,1,1,1,1
398,8,1393,447,35,28,1,1,1,1
399,8,1393,447,35,28,1,1,1,1
400,8,1393,447,35,28,1,1,1,1
401,8,1393,447,35,28,1,1,1,1
402,8,1393,447,35,28,1,1,1,1
403,8,1393,447,35,28,1,1,1,1
404,8,1393,447,35,28,1,1,1,1
405,8,1393,447,35,28,1,1,1,1
406,8,1393,447,35,28,1,1,1,1
407,8,1393,447,35,28,1,1,1,1
408,8,1393,447,35,28,1,1,1,1
409,8,1393,447,35,28,1,1,1,1
410,8,1393,447,35,28,1,1,1,1
411,8,1393,447,35,28,1,1,1,1
412,8,1393,447,35,28,1,1,1,1
413,8,1393,447,35,28,1,1,1,1
414,8,1393,447,35,28,1,1,1,1
415,8,1393,447,35,28,1,1,1,1
416,8,1393,447,35,28,1,1,1,1
417,8,1393,447,35,28,1,1,1,1
418,8,1393,447,35,28,1,1,1,1
419,8,1393,447,35,28,1,1,1,1
420,8,1393,447,35,28,1,1,1,1
421,8,1394,447,35,28,1,1,1,1
422,8,1394,447,35,28,1,1,1,1
423,8,1394,447,35,28,1,1,1,1
424,8,1394,447,35,28,1,1,1,1
425,8,1394,447,35,28,1,1,1,1
426,8,1394,447,35,28,1,1,1,1
427,8,1394,447,35,28,1,1,1,1
428,8,1394,447,35,28,1,1,1,1
429,8,1394,447,35,28,1,1,1,1
430,8,1394,447,35,28,1,1,1,1
431,8,1394,447,35,28,1,1,1,1
432,8,1394,447,35,28,1,1,1,1
433,8,1394,447,35,28,1,1,1,1
434,8,1394,447,35,28,1,1,1,1
435,8,1394,447,35,28,1,1,1,1
436,8,1394,447,35,28,1,1,1,1
437,8,1394,447,35,28,1,1,1,1
438,8,1394,447,35,28,1,1,1,1
439,8,1394,447,35,28,1,1,1,1
440,8,1394,447,35,28,1,1,1,1
441,8,1394,447,35,28,1,1,1,1
442,8,1394,447,35,28,1,1,1,1
443,8,1394,447,35,28,1,1,1,1
444,8,1394,447,35,28,1,1,1,1
445,8,1394,447,35,28,1,1,1,1
446,8,1394,447,35,28,1,1,1,1
447,8,1394,447,35,28,1,1,1,1
448,8,1394,447,35,28,1,1,1,1
449,8,1394,447,35,28,1,1,1,1
450,8,1394,447,35,28,1,1,1,1
451,8,1394,447,35,28,1,1,1,1
452,8,1394,447,35,28,1,1,1,1
453,8,1394,447,35,28,1,1,1,1
454,8,1394,447,35,28,1,1,1,1
455,8,1396,447,35,28,1,1,1,1
456,8,1396,447,35,28,1,1,1,1
457,8,1396,447,35,28,1,1,1,1
458,8,1396,447,35,28,1,1,1,1
459,8,1396,447,35,28,1,1,1,1
460,8,1396,447,35,28,1,1,1,1
461,8,1396,447,35,28,1,1,1,1
462,8,1396,447,35,28,1,1,1,1
463,8,1396,447,35,28,1,1,1,1
464,8,1396,447,35,28,1,1,1,1
465,8,1396,447,35,28,1,1,1,1
466,8,1396,447,35,28,1,1,1,1
467,8,1396,447,35,28,1,1,1,1
468,8,1396,447,35,28,1,1,1,1
469,8,1396,447,35,28,1,1,1,1
470,8,1396,447,35,28,1,1,1,1
471,8,1396,447,35,28,1,1,1,1
472,8,1396,447,35,28,1,1,1,1
473,8,1396,447,35,28,1,1,1,1
474,8,1396,447,35,28,1,1,1,1
475,8,1396,447,35,28,1,1,1,1
476,8,1396,447,35,28,1,1,1,1
477,8,1396,447,35,28,1,1,1,1
478,8,1396,447,35,28,1,1,1,1
479,8,1396,447,35,28,1,1,1,1
480,8,1396,447,35,28,1,1,1,1
481,8,1396,447,35,28,1,1,1,1
482,8,1396,447,35,28,1,1,1,1
483,8,1396,447,35,28,1,1,1,1
484,8,1396,447,35,28,1,1,1,1
485,8,1396,447,35,28,1,1,1,1
486,8,1396,447,35,28,1,1,1,1
487,8,1396,447,35,28,1,1,1,1
488,8,1396,447,35,28,1,1,1,1
489,8,1396,447,35,28,1,1,1,1
490,8,1395,447,35,28,1,1,1,1
491,8,1395,447,35,28,1,1,1,1
492,8,1395,447,35,28,1,1,1,1
493,8,1395,447,35,28,1,1,1,1
494,8,1395,447,35,28,1,1,1,1
495,8,1395,447,35,28,1,1,1,1
496,8,1395,447,35,28,1,1,1,1
497,8,1395,447,35,28,1,1,1,1
498,8,1394,447,35,28,1,1,1,1
499,8,1394,447,35,28,1,1,1,1
500,8,1394,447,35,28,1,1,1,1
501,8,1394,447,35,28,1,1,1,1
502,8,1394,447,35,28,1,1,1,1
503,8,1394,447,35,28,1,1,1,1
504,8,1394,447,35,28,1,1,1,1
505,8,1394,447,35,28,1,1,1,1
506,8,1394,447,35,28,1,1,1,1
507,8,1394,447,35,28,1,1,1,1
508,8,1394,447,35,28,1,1,1,1
509,8,1394,447,35,28,1,1,1,1
510,8,1394,447,35,28,1,1,1,1
511,8,1394,447,35,28,1,1,1,1
512,8,1394,447,35,28,1,1,1,1
513,8,1394,447,35,28,1,1,1,1
514,8,1394,447,35,28,1,1,1,1
515,8,1394,447,35,28,1,1,1,1
516,8,1394,447,35,28,1,1,1,1
517,8,1394,447,35,28,1,1,1,1
518,8,1394,447,35,28,1,1,1,1
519,8,1394,447,35,28,1,1,1,1
520,8,1394,447,35,28,1,1,1,1
521,8,1394,447,35,28,1,1,1,1
522,8,1394,447,35,28,1,1,1,1
523,8,1394,447,35,28,1,1,1,1
524,8,1394,447,35,28,1,1,1,1
525,8,1394,447,35,28,1,1,1,1
526,8,1394,447,35,28,1,1,1,1
527,8,1394,447,35,28,1,1,1,1
528,8,1394,447,35,28,1,1,1,1
529,8,1394,447,35,28,1,1,1,1
530,8,1394,447,35,28,1,1,1,1
531,8,1394,447,35,28,1,1,1,1
532,8,1394,447,35,28,1,1,1,1
533,8,1394,447,35,28,1,1,1,1
534,8,1394,447,35,28,1,1,1,1
535,8,1394,447,35,28,1,1,1,1
536,8,1396,447,35,28,1,1,1,1
537,8,1396,447,35,28,1,1,1,1
538,8,1396,447,35,28,1,1,1,1
539,8,1396,447,35,28,1,1,1,1
540,8,1396,447,35,28,1,1,1,1
541,8,1396,447,35,28,1,1,1,1
542,8,1396,447,35,28,1,1,1,1
543,8,1396,447,35,28,1,1,1,1
544,8,1396,447,35,28,1,1,1,1
545,8,1396,447,35,28,1,1,1,1
546,8,1396,447,35,28,1,1,1,1
547,8,1396,447,35,28,1,1,1,1
548,8,1396,447,35,28,1,1,1,1
549,8,1397,447,35,28,1,1,1,1
550,8,1397,447,35,28,1,1,1,1
551,8,1397,447,35,28,1,1,1,1
552,8,1397,447,35,28,1,1,1,1
553,8,1397,447,35,28,1,1,1,1
554,8,1397,447,35,28,1,1,1,1
555,8,1397,447,35,28,1,1,1,1
556,8,1397,447,35,28,1,1,1,1
557,8,1397,447,35,28,1,1,1,1
558,8,1397,447,35,28,1,1,1,1
559,8,1397,447,35,28,1,1,1,1
560,8,1397,447,35,28,1,1,1,1
561,8,1397,447,35,28,1,1,1,1
562,8,1397,447,35,28,1,1,1,1
563,8,1397,447,35,28,1,1,1,1
564,8,1397,447,35,28,1,1,1,1
565,8,1397,447,35,28,1,1,1,1
566,8,1397,447,35,28,1,1,1,1
567,8,1397,447,35,28,1,1,1,1
568,8,1397,447,35,28,1,1,1,1
569,8,1398,447,35,28,1,1,1,1
570,8,1398,447,35,28,1,1,1,1
571,8,1398,447,35,28,1,1,1,1
572,8,1398,447,35,28,1,1,1,1
573,8,1398,447,35,28,1,1,1,1
574,8,1398,447,35,28,1,1,1,1
575,8,1398,447,35,28,1,1,1,1
576,8,1398,447,35,28,1,1,1,1
577,8,1398,447,35,28,1,1,1,1
578,8,1398,447,35,28,1,1,1,1
579,8,1398,447,35,28,1,1,1,1
580,8,1398,447,35,28,1,1,1,1
581,8,1398,447,35,28,1,1,1,1
582,8,1398,447,35,28,1,1,1,1
583,8,1398,447,35,28,1,1,1,1
584,8,1398,447,35,28,1,1,1,1
585,8,1398,447,35,28,1,1,1,1
586,8,1398,447,35,28,1,1,1,1
587,8,1398,447,35,28,1,1,1,1
588,8,1398,447,35,28,1,1,1,1
589,8,1398,447,35,28,1,1,1,1
590,8,1398,447,35,28,1,1,1,1
591,8,1398,447,35,28,1,1,1,1
592,8,1396,446,35,28,1,1,1,1
593,8,1396,446,35,28,1,1,1,1
594,8,1396,446,35,28,1,1,1,1
595,8,1396,446,35,28,1,1,1,1
596,8,1396,446,35,28,1,1,1,1
597,8,1396,446,35,28,1,1,1,1
598,8,1396,446,35,28,1,1,1,1
599,8,1396,446,35,28,1,1,1,1
600,8,1396,446,35,28,1,1,1,1
1,9,1701,443,36,30,1,1,1,1
2,9,1701,443,36,30,1,1,1,1
3,9,1701,443,36,30,1,1,1,1
4,9,1701,443,36,30,1,1,1,1
5,9,1701,443,36,30,1,1,1,1
6,9,1701,443,36,30,1,1,1,1
7,9,1701,443,36,30,1,1,1,1
8,9,1701,443,36,30,1,1,1,1
9,9,1701,443,36,30,1,1,1,1
10,9,1701,443,36,30,1,1,1,1
11,9,1701,443,36,30,1,1,1,1
12,9,1701,443,36,30,1,1,1,1
13,9,1701,443,36,30,1,1,1,1
14,9,1701,443,36,30,1,1,1,1
15,9,1701,443,36,30,1,1,1,1
16,9,1701,443,36,30,1,1,1,1
17,9,1701,443,36,30,1,1,1,1
18,9,1701,443,36,30,1,1,1,1
19,9,1701,443,36,30,1,1,1,1
20,9,1701,443,36,30,1,1,1,1
21,9,1701,443,36,30,1,1,1,1
22,9,1701,443,36,30,1,1,1,1
23,9,1701,443,36,30,1,1,1,1
24,9,1701,443,36,30,1,1,1,1
25,9,1701,443,36,30,1,1,1,1
26,9,1701,443,36,30,1,1,1,1
27,9,1701,443,36,30,1,1,1,1
28,9,1701,443,36,30,1,1,1,1
29,9,1701,443,36,30,1,1,1,1
30,9,1701,443,36,30,1,1,1,1
31,9,1701,443,36,30,1,1,1,1
32,9,1701,443,36,30,1,1,1,1
33,9,1701,443,36,30,1,1,1,1
34,9,1701,443,36,30,1,1,1,1
35,9,1701,443,36,30,1,1,1,1
36,9,1701,443,36,30,1,1,1,1
37,9,1701,443,36,30,1,1,1,1
38,9,1701,443,36,30,1,1,1,1
39,9,1701,443,36,30,1,1,1,1
40,9,1702,443,36,30,1,1,1,1
41,9,1702,443,36,30,1,1,1,1
42,9,1702,443,36,30,1,1,1,1
43,9,1702,443,36,30,1,1,1,1
44,9,1702,443,36,30,1,1,1,1
45,9,1702,443,36,30,1,1,1,1
46,9,1702,443,36,30,1,1,1,1
47,9,1702,443,36,30,1,1,1,1
48,9,1702,443,36,30,1,1,1,1
49,9,1702,443,36,30,1,1,1,1
50,9,1702,443,36,30,1,1,1,1
51,9,1702,443,36,30,1,1,1,1
52,9,1702,443,36,30,1,1,1,1
53,9,1702,443,36,30,1,1,1,1
54,9,1703,443,36,30,1,1,1,1
55,9,1703,443,36,30,1,1,1,1
56,9,1703,443,36,30,1,1,1,1
57,9,1703,443,36,30,1,1,1,1
58,9,1703,443,36,30,1,1,1,1
59,9,1703,443,36,30,1,1,1,1
60,9,1703,443,36,30,1,1,1,1
61,9,1703,443,36,30,1,1,1,1
62,9,1703,443,36,30,1,1,1,1
63,9,1703,443,36,30,1,1,1,1
64,9,1703,443,36,30,1,1,1,1
65,9,1703,443,36,30,1,1,1,1
66,9,1703,443,36,30,1,1,1,1
67,9,1703,443,36,30,1,1,1,1
68,9,1703,443,36,30,1,1,1,1
69,9,1704,443,36,30,1,1,1,1
70,9,1704,443,36,30,1,1,1,1
71,9,1704,443,36,30,1,1,1,1
72,9,1702,443,36,30,1,1,1,1
73,9,1702,443,36,30,1,1,1,1
74,9,1702,443,36,30,1,1,1,1
75,9,1702,443,36,30,1,1,1,1
76,9,1704,443,36,30,1,1,1,1
77,9,1704,443,36,30,1,1,1,1
78,9,1704,443,36,30,1,1,1,1
79,9,1704,443,36,30,1,1,1,1
80,9,1704,443,36,30,1,1,1,1
81,9,1704,443,36,30,1,1,1,1
82,9,1704,443,36,30,1,1,1,1
83,9,1704,443,36,30,1,1,1,1
84,9,1704,443,36,30,1,1,1,1
85,9,1704,443,36,30,1,1,1,1
86,9,1705,443,36,30,1,1,1,1
87,9,1705,443,36,30,1,1,1,1
88,9,1705,443,36,30,1,1,1,1
89,9,1705,443,36,30,1,1,1,1
90,9,1705,443,36,30,1,1,1,1
91,9,1705,443,36,30,1,1,1,1
92,9,1705,443,36,30,1,1,1,1
93,9,1705,443,36,30,1,1,1,1
94,9,1705,443,36,30,1,1,1,1
95,9,1705,443,36,30,1,1,1,1
96,9,1705,443,36,30,1,1,1,1
97,9,1705,443,36,30,1,1,1,1
98,9,1705,443,36,30,1,1,1,1
99,9,1705,443,36,30,1,1,1,1
100,9,1706,443,36,30,1,1,1,1
101,9,1706,443,36,30,1,1,1,1
102,9,1706,443,36,30,1,1,1,1
103,9,1706,443,36,30,1,1,1,1
104,9,1706,443,36,30,1,1,1,1
105,9,1706,443,36,30,1,1,1,1
106,9,1706,443,36,30,1,1,1,1
107,9,1706,443,36,30,1,1,1,1
108,9,1708,443,36,30,1,1,1,1
109,9,1708,443,36,30,1,1,1,1
110,9,1708,443,36,30,1,1,1,1
111,9,1708,443,36,30,1,1,1,1
112,9,1708,443,36,30,1,1,1,1
113,9,1708,443,36,30,1,1,1,1
114,9,1708,443,36,30,1,1,1,1
115,9,1708,443,36,30,1,1,1,1
116,9,1708,443,36,30,1,1,1,1
117,9,1708,443,36,30,1,1,1,1
118,9,1708,443,36,30,1,1,1,1
119,9,1708,443,36,30,1,1,1,1
120,9,1708,443,36,30,1,1,1,1
121,9,1708,443,36,30,1,1,1,1
122,9,1708,443,36,30,1,1,1,1
123,9,1708,443,36,30,1,1,1,1
124,9,1708,443,36,30,1,1,1,1
125,9,1708,443,36,30,1,1,1,1
126,9,1708,443,36,30,1,1,1,1
127,9,1708,443,36,30,1,1,1,1
128,9,1708,443,36,30,1,1,1,1
129,9,1708,443,36,30,1,1,1,1
130,9,1708,443,36,30,1,1,1,1
131,9,1708,443,36,30,1,1,1,1
132,9,1708,443,36,30,1,1,1,1
133,9,1708,443,36,30,1,1,1,1
134,9,1708,443,36,30,1,1,1,1
135,9,1708,443,36,30,1,1,1,1
136,9,1708,443,36,30,1,1,1,1
137,9,1708,443,36,30,1,1,1,1
138,9,1708,443,36,30,1,1,1,1
139,9,1708,443,36,30,1,1,1,1
140,9,1708,443,36,30,1,1,1,1
141,9,1708,443,36,30,1,1,1,1
142,9,1708,443,36,30,1,1,1,1
143,9,1708,443,36,30,1,1,1,1
144,9,1708,443,36,30,1,1,1,1
145,9,1708,443,36,30,1,1,1,1
146,9,1708,443,36,30,1,1,1,1
147,9,1708,443,36,30,1,1,1,1
148,9,1708,443,36,30,1,1,1,1
149,9,1708,443,36,30,1,1,1,1
150,9,1708,443,36,30,1,1,1,1
151,9,1708,443,36,30,1,1,1,1
152,9,1708,443,36,30,1,1,1,1
153,9,1708,443,36,30,1,1,1,1
154,9,1708,443,36,30,1,1,1,1
155,9,1708,443,36,30,1,1,1,1
156,9,1709,443,36,30,1,1,1,1
157,9,1709,443,36,30,1,1,1,1
158,9,1709,443,36,30,1,1,1,1
159,9,1709,443,36,30,1,1,1,1
160,9,1709,443,36,30,1,1,1,1
161,9,1709,443,36,30,1,1,1,1
162,9,1709,443,36,30,1,1,1,1
163,9,1709,443,36,30,1,1,1,1
164,9,1709,443,36,30,1,1,1,1
165,9,1709,443,36,30,1,1,1,1
166,9,1709,443,36,30,1,1,1,1
167,9,1709,443,36,30,1,1,1,1
168,9,1709,443,36,30,1,1,1,1
169,9,1709,443,36,30,1,1,1,1
170,9,1709,443,36,30,1,1,1,1
171,9,1709,443,36,30,1,1,1,1
172,9,1709,443,36,30,1,1,1,1
173,9,1709,443,36,30,1,1,1,1
174,9,1709,443,36,30,1,1,1,1
175,9,1709,443,36,30,1,1,1,1
176,9,1709,443,36,30,1,1,1,1
177,9,1709,443,36,30,1,1,1,1
178,9,1709,443,36,30,1,1,1,1
179,9,1709,443,36,30,1,1,1,1
180,9,1709,443,36,30,1,1,1,1
181,9,1709,443,36,30,1,1,1,1
182,9,1709,443,36,30,1,1,1,1
183,9,1709,443,36,30,1,1,1,1
184,9,1709,443,36,30,1,1,1,1
185,9,1709,443,36,30,1,1,1,1
186,9,1709,443,36,30,1,1,1,1
187,9,1710,444,36,30,1,1,1,1
188,9,1710,444,36,30,1,1,1,1
189,9,1710,444,36,30,1,1,1,1
190,9,1710,444,36,30,1,1,1,1
191,9,1710,444,36,30,1,1,1,1
192,9,1710,444,36,30,1,1,1,1
193,9,1710,444,36,30,1,1,1,1
194,9,1710,444,36,30,1,1,1,1
195,9,1710,444,36,30,1,1,1,1
196,9,1710,444,36,30,1,1,1,1
197,9,1710,444,36,30,1,1,1,1
198,9,1710,444,36,30,1,1,1,1
199,9,1710,444,36,30,1,1,1,1
200,9,1710,444,36,30,1,1,1,1
201,9,1710,444,36,30,1,1,1,1
202,9,1710,444,36,30,1,1,1,1
203,9,1710,444,36,30,1,1,1,1
204,9,1710,444,36,30,1,1,1,1
205,9,1710,444,36,30,1,1,1,1
206,9,1710,444,36,30,1,1,1,1
207,9,1710,444,36,30,1,1,1,1
208,9,1710,444,36,30,1,1,1,1
209,9,1710,444,36,30,1,1,1,1
210,9,1710,444,36,30,1,1,1,1
211,9,1711,444,36,30,1,1,1,1
212,9,1711,444,36,30,1,1,1,1
213,9,1711,444,36,30,1,1,1,1
214,9,1711,444,36,30,1,1,1,1
215,9,1711,444,36,30,1,1,1,1
216,9,1711,444,36,30,1,1,1,1
217,9,1711,444,36,30,1,1,1,1
218,9,1711,444,36,30,1,1,1,1
219,9,1711,444,36,30,1,1,1,1
220,9,1711,444,36,30,1,1,1,1
221,9,1711,444,36,30,1,1,1,1
222,9,1711,444,36,30,1,1,1,1
223,9,1711,444,36,30,1,1,1,1
224,9,1712,444,36,30,1,1,1,1
225,9,1712,444,36,30,1,1,1,1
226,9,1712,444,36,30,1,1,1,1
227,9,1712,444,36,30,1,1,1,1
228,9,1712,444,36,30,1,1,1,1
229,9,1712,444,36,30,1,1,1,1
230,9,1712,444,36,30,1,1,1,1
231,9,1712,444,36,30,1,1,1,1
232,9,1712,444,36,30,1,1,1,1
233,9,1712,444,36,30,1,1,1,1
234,9,1712,444,36,30,1,1,1,1
235,9,1712,444,36,30,1,1,1,1
236,9,1712,444,36,30,1,1,1,1
237,9,1712,444,36,30,1,1,1,1
238,9,1712,444,36,30,1,1,1,1
239,9,1712,444,36,30,1,1,1,1
240,9,1712,444,36,30,1,1,1,1
241,9,1712,444,36,30,1,1,1,1
242,9,1712,444,36,30,1,1,1,1
243,9,1712,444,36,30,1,1,1,1
244,9,1712,444,36,30,1,1,1,1
245,9,1712,444,36,30,1,1,1,1
246,9,1712,444,36,30,1,1,1,1
247,9,1712,444,36,30,1,1,1,1
248,9,1712,444,36,30,1,1,1,1
249,9,1712,444,36,30,1,1,1,1
250,9,1713,444,36,30,1,1,1,1
251,9,1713,444,36,30,1,1,1,1
252,9,1713,444,36,30,1,1,1,1
253,9,1713,444,36,30,1,1,1,1
254,9,1713,444,36,30,1,1,1,1
255,9,1713,444,36,30,1,1,1,1
256,9,1713,444,36,30,1,1,1,1
257,9,1713,444,36,30,1,1,1,1
258,9,1713,444,36,30,1,1,1,1
259,9,1713,444,36,30,1,1,1,1
260,9,1713,444,36,30,1,1,1,1
261,9,1713,444,36,30,1,1,1,1
262,9,1713,444,36,30,1,1,1,1
263,9,1713,444,36,30,1,1,1,1
264,9,1713,444,36,30,1,1,1,1
265,9,1713,444,36,30,1,1,1,1
266,9,1713,444,36,30,1,1,1,1
267,9,1713,444,36,30,1,1,1,1
268,9,1713,444,36,30,1,1,1,1
269,9,1713,444,36,30,1,1,1,1
270,9,1713,444,36,30,1,1,1,1
271,9,1713,444,36,30,1,1,1,1
272,9,1713,444,36,30,1,1,1,1
273,9,1713,444,36,30,1,1,1,1
274,9,1713,444,36,30,1,1,1,1
275,9,1714,444,36,30,1,1,1,1
276,9,1714,444,36,30,1,1,1,1
277,9,1714,444,36,30,1,1,1,1
278,9,1714,444,36,30,1,1,1,1
279,9,1714,444,36,30,1,1,1,1
280,9,1714,445,36,29,1,1,1,1
281,9,1714,445,36,29,1,1,1,1
282,9,1714,445,36,29,1,1,1,1
283,9,1714,445,36,29,1,1,1,1
284,9,1714,445,36,29,1,1,1,1
285,9,1714,445,36,29,1,1,1,1
286,9,1714,445,36,29,1,1,1,1
287,9,1714,445,36,29,1,1,1,1
288,9,1714,445,36,29,1,1,1,1
289,9,1714,445,36,29,1,1,1,1
290,9,1714,445,36,29,1,1,1,1
291,9,1714,445,36,29,1,1,1,1
292,9,1714,445,36,29,1,1,1,1
293,9,1714,445,36,29,1,1,1,1
294,9,1714,445,36,29,1,1,1,1
295,9,1714,445,36,29,1,1,1,1
296,9,1714,445,36,29,1,1,1,1
297,9,1714,445,36,29,1,1,1,1
298,9,1714,445,36,29,1,1,1,1
299,9,1714,445,36,29,1,1,1,1
300,9,1714,445,36,29,1,1,1,1
301,9,1714,445,36,29,1,1,1,1
302,9,1714,445,36,29,1,1,1,1
303,9,1714,445,36,29,1,1,1,1
304,9,1714,445,36,29,1,1,1,1
305,9,1716,445,36,29,1,1,1,1
306,9,1716,445,36,29,1,1,1,1
307,9,1716,445,36,29,1,1,1,1
308,9,1716,445,36,29,1,1,1,1
309,9,1716,445,36,29,1,1,1,1
310,9,1716,445,36,29,1,1,1,1
311,9,1716,445,36,29,1,1,1,1
312,9,1716,445,36,29,1,1,1,1
313,9,1716,445,36,29,1,1,1,1
314,9,1716,445,36,29,1,1,1,1
315,9,1716,445,36,29,1,1,1,1
316,9,1716,445,36,29,1,1,1,1
317,9,1716,445,36,29,1,1,1,1
318,9,1716,445,36,29,1,1,1,1
319,9,1716,445,36,29,1,1,1,1
320,9,1716,445,36,29,1,1,1,1
321,9,1716,445,36,29,1,1,1,1
322,9,1717,445,36,29,1,1,1,1
323,9,1717,445,36,29,1,1,1,1
324,9,1717,445,36,29,1,1,1,1
325,9,1717,445,36,29,1,1,1,1
326,9,1717,445,36,29,1,1,1,1
327,9,1717,445,36,29,1,1,1,1
328,9,1717,445,36,29,1,1,1,1
329,9,1717,445,36,29,1,1,1,1
330,9,1717,445,36,29,1,1,1,1
331,9,1717,445,36,29,1,1,1,1
332,9,1717,445,36,29,1,1,1,1
333,9,1717,445,36,29,1,1,1,1
334,9,1717,445,36,29,1,1,1,1
335,9,1717,445,36,29,1,1,1,1
336,9,1717,445,36,29,1,1,1,1
337,9,1717,445,36,29,1,1,1,1
338,9,1717,445,36,29,1,1,1,1
339,9,1717,445,36,29,1,1,1,1
340,9,1717,445,36,29,1,1,1,1
341,9,1717,445,36,29,1,1,1,1
342,9,1717,445,36,29,1,1,1,1
343,9,1717,445,36,29,1,1,1,1
344,9,1717,445,36,29,1,1,1,1
345,9,1717,445,36,29,1,1,1,1
346,9,1717,445,36,29,1,1,1,1
347,9,1717,445,36,29,1,1,1,1
348,9,1718,445,36,29,1,1,1,1
349,9,1718,445,36,29,1,1,1,1
350,9,1718,445,36,29,1,1,1,1
351,9,1718,445,36,29,1,1,1,1
352,9,1718,445,36,29,1,1,1,1
353,9,1718,445,36,29,1,1,1,1
354,9,1718,445,36,29,1,1,1,1
355,9,1718,445,36,29,1,1,1,1
356,9,1718,445,36,29,1,1,1,1
357,9,1718,445,36,29,1,1,1,1
358,9,1718,445,36,29,1,1,1,1
359,9,1718,445,36,29,1,1,1,1
360,9,1718,445,36,29,1,1,1,1
361,9,1718,445,36,29,1,1,1,1
362,9,1719,444,36,29,1,1,1,1
363,9,1719,444,36,29,1,1,1,1
364,9,1719,444,36,29,1,1,1,1
365,9,1719,444,36,29,1,1,1,1
366,9,1719,444,36,29,1,1,1,1
367,9,1719,444,36,29,1,1,1,1
368,9,1719,444,36,29,1,1,1,1
369,9,1719,444,36,29,1,1,1,1
370,9,1719,444,36,29,1,1,1,1
371,9,1719,444,36,29,1,1,1,1
372,9,1719,444,36,29,1,1,1,1
373,9,1719,444,36,29,1,1,1,1
374,9,1719,444,36,29,1,1,1,1
375,9,1719,444,36,29,1,1,1,1
376,9,1719,444,36,29,1,1,1,1
377,9,1719,444,36,29,1,1,1,1
378,9,1720,445,36,29,1,1,1,1
379,9,1720,445,36,29,1,1,1,1
380,9,1720,445,36,29,1,1,1,1
381,9,1720,445,36,29,1,1,1,1
382,9,1720,445,36,29,1,1,1,1
383,9,1720,445,36,29,1,1,1,1
384,9,1720,445,36,29,1,1,1,1
385,9,1720,445,36,29,1,1,1,1
386,9,1720,445,36,29,1,1,1,1
387,9,1720,445,36,29,1,1,1,1
388,9,1720,445,36,29,1,1,1,1
389,9,1720,445,36,29,1,1,1,1
390,9,1720,445,36,29,1,1,1,1
391,9,1720,445,36,29,1,1,1,1
392,9,1720,445,36,29,1,1,1,1
393,9,1720,445,36,29,1,1,1,1
394,9,1720,445,36,29,1,1,1,1
395,9,1720,445,36,29,1,1,1,1
396,9,1720,445,36,29,1,1,1,1
397,9,1720,445,36,29,1,1,1,1
398,9,1720,445,36,29,1,1,1,1
399,9,1720,445,36,29,1,1,1,1
400,9,1720,445,36,29,1,1,1,1
401,9,1720,445,36,29,1,1,1,1
402,9,1721,445,36,29,1,1,1,1
403,9,1721,445,36,29,1,1,1,1
404,9,1721,445,36,29,1,1,1,1
405,9,1721,445,36,29,1,1,1,1
406,9,1721,444,36,29,1,1,1,1
407,9,1721,444,36,29,1,1,1,1
408,9,1721,444,36,29,1,1,1,1
409,9,1721,444,36,29,1,1,1,1
410,9,1721,444,36,29,1,1,1,1
411,9,1721,444,36,29,1,1,1,1
412,9,1722,444,36,29,1,1,1,1
413,9,1722,444,36,29,1,1,1,1
414,9,1722,444,36,29,1,1,1,1
415,9,1722,444,36,29,1,1,1,1
416,9,1722,444,36,29,1,1,1,1
417,9,1722,444,36,29,1,1,1,1
418,9,1722,444,36,29,1,1,1,1
419,9,1722,444,36,29,1,1,1,1
420,9,1722,444,36,29,1,1,1,1
421,9,1722,445,36,29,1,1,1,1
422,9,1722,445,36,29,1,1,1,1
423,9,1722,445,36,29,1,1,1,1
424,9,1722,445,36,29,1,1,1,1
425,9,1722,445,36,29,1,1,1,1
426,9,1722,445,36,29,1,1,1,1
427,9,1722,445,36,29,1,1,1,1
428,9,1722,445,36,29,1,1,1,1
429,9,1722,445,36,29,1,1,1,1
430,9,1722,445,36,29,1,1,1,1
431,9,1722,445,36,29,1,1,1,1
432,9,1722,445,36,29,1,1,1,1
433,9,1722,445,36,29,1,1,1,1
434,9,1722,445,36,29,1,1,1,1
435,9,1722,445,36,29,1,1,1,1
436,9,1722,445,36,29,1,1,1,1
437,9,1722,445,36,29,1,1,1,1
438,9,1722,445,36,29,1,1,1,1
439,9,1722,445,36,29,1,1,1,1
440,9,1722,445,36,29,1,1,1,1
441,9,1722,445,36,29,1,1,1,1
442,9,1722,445,36,29,1,1,1,1
443,9,1722,445,36,29,1,1,1,1
444,9,1722,445,36,29,1,1,1,1
445,9,1722,445,36,29,1,1,1,1
446,9,1722,445,36,29,1,1,1,1
447,9,1722,445,36,29,1,1,1,1
448,9,1722,445,36,29,1,1,1,1
449,9,1722,445,36,29,1,1,1,1
450,9,1722,445,36,29,1,1,1,1
451,9,1722,445,36,29,1,1,1,1
452,9,1722,445,36,29,1,1,1,1
453,9,1722,445,36,29,1,1,1,1
454,9,1722,445,36,29,1,1,1,1
455,9,1724,445,36,29,1,1,1,1
456,9,1724,445,36,29,1,1,1,1
457,9,1724,445,36,29,1,1,1,1
458,9,1724,445,36,29,1,1,1,1
459,9,1724,445,36,29,1,1,1,1
460,9,1724,445,36,29,1,1,1,1
461,9,1724,445,36,29,1,1,1,1
462,9,1724,445,36,29,1,1,1,1
463,9,1724,445,36,29,1,1,1,1
464,9,1724,445,36,29,1,1,1,1
465,9,1724,445,36,29,1,1,1,1
466,9,1724,445,36,29,1,1,1,1
467,9,1724,445,36,29,1,1,1,1
468,9,1724,445,36,29,1,1,1,1
469,9,1724,445,36,29,1,1,1,1
470,9,1724,445,36,29,1,1,1,1
471,9,1724,445,36,29,1,1,1,1
472,9,1724,445,36,29,1,1,1,1
473,9,1724,445,36,29,1,1,1,1
474,9,1724,445,36,29,1,1,1,1
475,9,1725,445,36,29,1,1,1,1
476,9,1725,445,36,29,1,1,1,1
477,9,1725,445,36,29,1,1,1,1
478,9,1725,445,36,29,1,1,1,1
479,9,1725,445,36,29,1,1,1,1
480,9,1725,445,36,29,1,1,1,1
481,9,1725,445,36,29,1,1,1,1
482,9,1725,445,36,29,1,1,1,1
483,9,1725,445,36,29,1,1,1,1
484,9,1725,445,36,29,1,1,1,1
485,9,1725,445,36,29,1,1,1,1
486,9,1725,445,36,29,1,1,1,1
487,9,1725,445,36,29,1,1,1,1
488,9,1725,445,36,29,1,1,1,1
489,9,1725,445,36,29,1,1,1,1
490,9,1725,445,36,29,1,1,1,1
491,9,1725,445,36,29,1,1,1,1
492,9,1725,445,36,29,1,1,1,1
493,9,1725,445,36,29,1,1,1,1
494,9,1725,445,36,29,1,1,1,1
495,9,1725,445,36,29,1,1,1,1
496,9,1725,445,36,29,1,1,1,1
497,9,1725,445,36,29,1,1,1,1
498,9,1725,445,36,29,1,1,1,1
499,9,1725,445,36,29,1,1,1,1
500,9,1725,445,36,29,1,1,1,1
501,9,1725,445,36,29,1,1,1,1
502,9,1725,445,36,29,1,1,1,1
503,9,1725,445,36,29,1,1,1,1
504,9,1725,445,36,29,1,1,1,1
505,9,1725,445,36,29,1,1,1,1
506,9,1725,445,36,29,1,1,1,1
507,9,1725,445,36,29,1,1,1,1
508,9,1725,445,36,29,1,1,1,1
509,9,1725,445,36,29,1,1,1,1
510,9,1725,445,36,29,1,1,1,1
511,9,1725,445,36,29,1,1,1,1
512,9,1725,445,36,29,1,1,1,1
513,9,1726,445,36,29,1,1,1,1
514,9,1726,445,36,29,1,1,1,1
515,9,1726,445,36,29,1,1,1,1
516,9,1726,445,36,29,1,1,1,1
517,9,1726,445,36,29,1,1,1,1
518,9,1726,445,36,29,1,1,1,1
519,9,1726,445,36,29,1,1,1,1
520,9,1726,445,36,29,1,1,1,1
521,9,1726,445,36,29,1,1,1,1
522,9,1726,445,36,29,1,1,1,1
523,9,1726,445,36,29,1,1,1,1
524,9,1726,445,36,29,1,1,1,1
525,9,1726,445,36,29,1,1,1,1
526,9,1726,445,36,29,1,1,1,1
527,9,1726,445,36,29,1,1,1,1
528,9,1726,445,36,29,1,1,1,1
529,9,1726,445,36,29,1,1,1,1
530,9,1726,445,36,29,1,1,1,1
531,9,1726,445,36,29,1,1,1,1
532,9,1726,445,36,29,1,1,1,1
533,9,1726,445,36,29,1,1,1,1
534,9,1726,445,36,29,1,1,1,1
535,9,1726,445,36,29,1,1,1,1
536,9,1726,445,36,29,1,1,1,1
537,9,1726,445,36,29,1,1,1,1
538,9,1726,445,36,29,1,1,1,1
539,9,1726,445,36,29,1,1,1,1
540,9,1726,445,36,29,1,1,1,1
541,9,1726,445,36,29,1,1,1,1
542,9,1726,445,36,29,1,1,1,1
543,9,1726,445,36,29,1,1,1,1
544,9,1726,445,36,29,1,1,1,1
545,9,1726,445,36,29,1,1,1,1
546,9,1726,445,36,29,1,1,1,1
547,9,1727,445,36,29,1,1,1,1
548,9,1727,445,36,29,1,1,1,1
549,9,1727,445,36,29,1,1,1,1
550,9,1727,445,36,29,1,1,1,1
551,9,1729,445,36,29,1,1,1,1
552,9,1729,445,36,29,1,1,1,1
553,9,1729,445,36,29,1,1,1,1
554,9,1729,445,36,29,1,1,1,1
555,9,1729,445,36,29,1,1,1,1
556,9,1729,445,36,29,1,1,1,1
557,9,1729,445,36,29,1,1,1,1
558,9,1729,445,36,29,1,1,1,1
559,9,1729,445,36,29,1,1,1,1
560,9,1729,445,36,29,1,1,1,1
561,9,1729,445,36,29,1,1,1,1
562,9,1729,445,36,29,1,1,1,1
563,9,1729,445,36,29,1,1,1,1
564,9,1729,445,36,29,1,1,1,1
565,9,1729,445,36,29,1,1,1,1
566,9,1729,445,36,29,1,1,1,1
567,9,1729,445,36,29,1,1,1,1
568,9,1729,445,36,29,1,1,1,1
569,9,1729,445,36,29,1,1,1,1
570,9,1730,445,36,29,1,1,1,1
571,9,1730,445,36,29,1,1,1,1
572,9,1730,445,36,29,1,1,1,1
573,9,1730,445,36,29,1,1,1,1
574,9,1730,445,36,29,1,1,1,1
575,9,1730,445,36,29,1,1,1,1
576,9,1730,445,36,29,1,1,1,1
577,9,1730,445,36,29,1,1,1,1
578,9,1730,445,36,29,1,1,1,1
579,9,1730,445,36,29,1,1,1,1
580,9,1730,445,36,29,1,1,1,1
581,9,1730,445,36,29,1,1,1,1
582,9,1730,445,36,29,1,1,1,1
583,9,1730,445,36,29,1,1,1,1
584,9,1730,445,36,29,1,1,1,1
585,9,1730,445,36,29,1,1,1,1
586,9,1730,445,36,29,1,1,1,1
587,9,1730,445,36,29,1,1,1,1
588,9,1730,445,36,29,1,1,1,1
589,9,1730,445,36,29,1,1,1,1
590,9,1730,445,36,29,1,1,1,1
591,9,1730,445,36,29,1,1,1,1
592,9,1728,445,36,29,1,1,1,1
593,9,1728,445,36,29,1,1,1,1
594,9,1728,445,36,29,1,1,1,1
595,9,1728,445,36,29,1,1,1,1
596,9,1728,445,36,29,1,1,1,1
597,9,1728,445,36,29,1,1,1,1
598,9,1728,445,36,29,1,1,1,1
599,9,1729,445,36,29,1,1,1,1
600,9,1729,445,36,29,1,1,1,1
1,10,294,389,393,92,1,1,1,1
2,10,294,389,393,92,1,1,1,1
3,10,294,389,393,92,1,1,1,1
4,10,294,389,393,92,1,1,1,1
5,10,294,389,393,92,1,1,1,1
6,10,294,389,393,92,1,1,1,1
7,10,294,389,398,92,1,1,1,1
8,10,294,389,398,92,1,1,1,1
9,10,294,389,398,92,1,1,1,1
10,10,294,389,398,92,1,1,1,1
11,10,296,384,398,97,1,1,1,1
12,10,296,384,398,97,1,1,1,1
13,10,296,384,398,97,1,1,1,1
14,10,298,385,398,97,1,1,1,1
15,10,298,385,398,97,1,1,1,1
16,10,298,385,398,97,1,1,1,1
17,10,300,386,398,97,1,1,1,1
18,10,300,386,398,97,1,1,1,1
19,10,303,386,398,97,1,1,1,1
20,10,303,386,398,97,1,1,1,1
21,10,303,386,398,97,1,1,1,1
22,10,303,386,398,97,1,1,1,1
23,10,303,386,398,97,1,1,1,1
24,10,303,386,398,97,1,1,1,1
25,10,305,385,398,97,1,1,1,1
26,10,305,385,398,97,1,1,1,1
27,10,307,385,398,97,1,1,1,1
28,10,307,385,398,97,1,1,1,1
29,10,307,385,398,97,1,1,1,1
30,10,307,385,398,97,1,1,1,1
31,10,310,386,398,97,1,1,1,1
32,10,310,386,398,97,1,1,1,1
33,10,310,386,398,97,1,1,1,1
34,10,310,386,398,97,1,1,1,1
35,10,310,386,398,97,1,1,1,1
36,10,310,386,398,97,1,1,1,1
37,10,313,385,398,97,1,1,1,1
38,10,313,385,398,97,1,1,1,1
39,10,313,385,398,97,1,1,1,1
40,10,313,385,398,97,1,1,1,1
41,10,316,386,398,97,1,1,1,1
42,10,316,386,398,97,1,1,1,1
43,10,316,386,398,97,1,1,1,1
44,10,318,386,398,97,1,1,1,1
45,10,318,386,398,97,1,1,1,1
46,10,318,386,398,97,1,1,1,1
47,10,320,386,398,97,1,1,1,1
48,10,320,386,398,97,1,1,1,1
49,10,320,386,398,97,1,1,1,1
50,10,322,386,398,97,1,1,1,1
51,10,322,386,398,97,1,1,1,1
52,10,322,386,398,97,1,1,1,1
53,10,325,386,398,97,1,1,1,1
54,10,325,386,398,97,1,1,1,1
55,10,325,386,398,97,1,1,1,1
56,10,325,386,398,97,1,1,1,1
57,10,328,387,398,97,1,1,1,1
58,10,328,387,398,97,1,1,1,1
59,10,328,387,398,97,1,1,1,1
60,10,328,387,399,97,1,1,1,1
61,10,328,387,399,97,1,1,1,1
62,10,329,387,401,97,1,1,1,1
63,10,329,387,401,97,1,1,1,1
64,10,329,387,401,97,1,1,1,1
65,10,331,387,401,97,1,1,1,1
66,10,331,387,401,97,1,1,1,1
67,10,331,387,401,97,1,1,1,1
68,10,331,387,401,97,1,1,1,1
69,10,333,387,401,97,1,1,1,1
70,10,334,388,401,97,1,1,1,1
71,10,334,388,401,97,1,1,1,1
72,10,334,388,401,97,1,1,1,1
73,10,335,388,401,97,1,1,1,1
74,10,335,388,401,97,1,1,1,1
75,10,337,386,401,97,1,1,1,1
76,10,337,386,401,97,1,1,1,1
77,10,338,386,401,97,1,1,1,1
78,10,338,386,401,97,1,1,1,1
79,10,338,386,401,97,1,1,1,1
80,10,338,386,401,97,1,1,1,1
81,10,340,386,401,97,1,1,1,1
82,10,341,386,401,97,1,1,1,1
83,10,341,386,401,97,1,1,1,1
84,10,341,386,401,97,1,1,1,1
85,10,343,386,401,97,1,1,1,1
86,10,343,386,401,97,1,1,1,1
87,10,343,386,401,97,1,1,1,1
88,10,345,386,401,97,1,1,1,1
89,10,345,386,401,97,1,1,1,1
90,10,345,386,401,97,1,1,1,1
91,10,347,386,401,97,1,1,1,1
92,10,347,386,401,97,1,1,1,1
93,10,347,386,401,97,1,1,1,1
94,10,349,387,401,97,1,1,1,1
95,10,349,387,401,97,1,1,1,1
96,10,349,387,401,97,1,1,1,1
97,10,351,387,401,97,1,1,1,1
98,10,351,387,401,97,1,1,1,1
99,10,353,387,401,97,1,1,1,1
100,10,353,387,401,97,1,1,1,1
101,10,353,387,401,97,1,1,1,1
102,10,355,387,401,97,1,1,1,1
103,10,355,387,401,97,1,1,1,1
104,10,356,387,401,97,1,1,1,1
105,10,356,387,401,97,1,1,1,1
106,10,356,387,401,97,1,1,1,1
107,10,358,388,401,97,1,1,1,1
108,10,360,388,401,97,1,1,1,1
109,10,360,388,401,97,1,1,1,1
110,10,360,388,401,97,1,1,1,1
111,10,360,388,401,97,1,1,1,1
112,10,362,388,401,97,1,1,1,1
113,10,362,388,401,97,1,1,1,1
114,10,362,388,401,97,1,1,1,1
115,10,362,388,401,97,1,1,1,1
116,10,362,388,401,97,1,1,1,1
117,10,365,387,401,97,1,1,1,1
118,10,365,387,401,97,1,1,1,1
119,10,365,387,401,97,1,1,1,1
120,10,367,388,401,97,1,1,1,1
121,10,367,388,401,97,1,1,1,1
122,10,368,387,401,97,1,1,1,1
123,10,368,387,401,97,1,1,1,1
124,10,368,387,401,97,1,1,1,1
125,10,370,388,401,97,1,1,1,1
126,10,370,388,401,97,1,1,1,1
127,10,370,388,401,97,1,1,1,1
128,10,370,388,401,97,1,1,1,1
129,10,372,387,401,97,1,1,1,1
130,10,372,387,401,97,1,1,1,1
131,10,373,387,401,97,1,1,1,1
132,10,373,387,401,97,1,1,1,1
133,10,374,387,401,97,1,1,1,1
134,10,374,387,401,97,1,1,1,1
135,10,376,387,401,97,1,1,1,1
136,10,376,387,401,97,1,1,1,1
137,10,376,387,401,97,1,1,1,1
138,10,379,387,401,97,1,1,1,1
139,10,379,387,401,97,1,1,1,1
140,10,379,387,401,97,1,1,1,1
141,10,380,387,401,97,1,1,1,1
142,10,380,387,401,97,1,1,1,1
143,10,380,387,401,97,1,1,1,1
144,10,381,388,401,97,1,1,1,1
145,10,381,388,401,97,1,1,1,1
146,10,381,388,401,97,1,1,1,1
147,10,383,388,401,97,1,1,1,1
148,10,383,388,401,97,1,1,1,1
149,10,384,388,401,97,1,1,1,1
150,10,384,388,401,97,1,1,1,1
151,10,384,388,401,97,1,1,1,1
152,10,386,388,401,97,1,1,1,1
153,10,386,388,401,97,1,1,1,1
154,10,388,386,401,97,1,1,1,1
155,10,388,386,401,97,1,1,1,1
156,10,387,386,403,97,1,1,1,1
157,10,388,386,403,97,1,1,1,1
158,10,388,386,403,97,1,1,1,1
159,10,388,386,403,97,1,1,1,1
160,10,390,387,403,97,1,1,1,1
161,10,390,387,403,97,1,1,1,1
162,10,390,387,403,97,1,1,1,1
163,10,391,386,403,97,1,1,1,1
164,10,391,386,403,97,1,1,1,1
165,10,393,386,403,97,1,1,1,1
166,10,393,386,403,97,1,1,1,1
167,10,393,386,403,97,1,1,1,1
168,10,395,386,403,97,1,1,1,1
169,10,395,386,403,97,1,1,1,1
170,10,395,386,403,97,1,1,1,1
171,10,397,385,403,97,1,1,1,1
172,10,397,385,403,97,1,1,1,1
173,10,399,385,403,97,1,1,1,1
174,10,399,385,403,97,1,1,1,1
175,10,399,385,403,97,1,1,1,1
176,10,400,385,403,97,1,1,1,1
177,10,400,386,403,97,1,1,1,1
178,10,400,386,403,97,1,1,1,1
179,10,400,386,403,97,1,1,1,1
180,10,402,386,403,97,1,1,1,1
181,10,402,386,403,97,1,1,1,1
182,10,404,386,403,97,1,1,1,1
183,10,404,386,403,97,1,1,1,1
184,10,404,386,403,97,1,1,1,1
185,10,406,386,403,97,1,1,1,1
186,10,406,386,403,97,1,1,1,1
187,10,407,386,403,97,1,1,1,1
188,10,407,386,403,97,1,1,1,1
189,10,409,386,403,97,1,1,1,1
190,10,409,386,403,97,1,1,1,1
191,10,409,386,403,97,1,1,1,1
192,10,409,386,403,97,1,1,1,1
193,10,411,386,403,97,1,1,1,1
194,10,411,386,403,97,1,1,1,1
195,10,411,386,403,97,1,1,1,1
196,10,411,386,403,97,1,1,1,1
197,10,413,386,403,97,1,1,1,1
198,10,413,386,403,97,1,1,1,1
199,10,413,386,403,97,1,1,1,1
200,10,415,386,403,97,1,1,1,1
201,10,415,386,403,97,1,1,1,1
202,10,417,386,403,97,1,1,1,1
203,10,417,386,403,97,1,1,1,1
204,10,419,386,403,97,1,1,1,1
205,10,419,386,403,97,1,1,1,1
206,10,419,386,403,97,1,1,1,1
207,10,420,386,403,97,1,1,1,1
208,10,420,386,403,97,1,1,1,1
209,10,420,386,403,97,1,1,1,1
210,10,422,386,403,97,1,1,1,1
211,10,422,386,403,97,1,1,1,1
212,10,422,386,403,97,1,1,1,1
213,10,424,386,403,97,1,1,1,1
214,10,424,386,403,97,1,1,1,1
215,10,427,386,403,97,1,1,1,1
216,10,427,386,403,97,1,1,1,1
217,10,427,386,403,97,1,1,1,1
218,10,427,386,403,97,1,1,1,1
219,10,427,386,403,97,1,1,1,1
220,10,429,386,403,97,1,1,1,1
221,10,429,386,403,97,1,1,1,1
222,10,429,386,403,97,1,1,1,1
223,10,429,386,403,97,1,1,1,1
224,10,432,386,403,97,1,1,1,1
225,10,432,386,403,97,1,1,1,1
226,10,432,386,403,97,1,1,1,1
227,10,433,386,403,97,1,1,1,1
228,10,433,386,403,97,1,1,1,1
229,10,435,387,403,97,1,1,1,1
230,10,435,387,403,97,1,1,1,1
231,10,435,387,403,97,1,1,1,1
232,10,435,387,403,97,1,1,1,1
233,10,435,387,406,97,1,1,1,1
234,10,435,387,406,97,1,1,1,1
235,10,435,387,406,97,1,1,1,1
236,10,438,382,406,101,1,1,1,1
237,10,438,382,406,101,1,1,1,1
238,10,438,382,406,101,1,1,1,1
239,10,439,382,406,101,1,1,1,1
240,10,439,382,406,101,1,1,1,1
241,10,440,382,406,101,1,1,1,1
242,10,440,382,406,101,1,1,1,1
243,10,440,382,406,101,1,1,1,1
244,10,442,382,406,101,1,1,1,1
245,10,442,382,406,101,1,1,1,1
246,10,442,382,406,101,1,1,1,1
247,10,442,382,406,101,1,1,1,1
248,10,445,382,406,101,1,1,1,1
249,10,445,382,406,101,1,1,1,1
250,10,446,382,406,101,1,1,1,1
251,10,447,382,406,101,1,1,1,1
252,10,447,382,406,101,1,1,1,1
253,10,447,382,406,101,1,1,1,1
254,10,449,381,406,101,1,1,1,1
255,10,449,381,406,101,1,1,1,1
256,10,451,381,406,101,1,1,1,1
257,10,451,381,406,101,1,1,1,1
258,10,451,381,406,101,1,1,1,1
259,10,452,382,406,101,1,1,1,1
260,10,452,382,406,101,1,1,1,1
261,10,452,382,406,101,1,1,1,1
262,10,454,382,406,101,1,1,1,1
263,10,454,382,406,101,1,1,1,1
264,10,454,382,406,101,1,1,1,1
265,10,454,382,406,101,1,1,1,1
266,10,456,382,406,101,1,1,1,1
267,10,456,382,406,101,1,1,1,1
268,10,458,382,406,101,1,1,1,1
269,10,458,382,406,101,1,1,1,1
270,10,458,382,406,101,1,1,1,1
271,10,459,382,406,101,1,1,1,1
272,10,459,382,406,101,1,1,1,1
273,10,461,382,406,101,1,1,1,1
274,10,461,382,406,101,1,1,1,1
275,10,462,382,406,101,1,1,1,1
276,10,462,382,406,101,1,1,1,1
277,10,464,382,406,101,1,1,1,1
278,10,464,382,406,101,1,1,1,1
279,10,465,382,406,101,1,1,1,1
280,10,466,383,406,100,1,1,1,1
281,10,466,383,406,100,1,1,1,1
282,10,467,383,406,100,1,1,1,1
283,10,467,383,406,100,1,1,1,1
284,10,467,383,406,100,1,1,1,1
285,10,468,383,406,100,1,1,1,1
286,10,468,383,406,100,1,1,1,1
287,10,468,383,406,100,1,1,1,1
288,10,470,382,406,100,1,1,1,1
289,10,470,382,406,100,1,1,1,1
290,10,470,382,406,100,1,1,1,1
291,10,470,382,406,100,1,1,1,1
292,10,474,383,406,100,1,1,1,1
293,10,474,383,406,100,1,1,1,1
294,10,474,383,406,100,1,1,1,1
295,10,476,383,406,100,1,1,1,1
296,10,476,383,406,100,1,1,1,1
297,10,476,383,406,100,1,1,1,1
298,10,476,383,406,100,1,1,1,1
299,10,478,384,406,100,1,1,1,1
300,10,479,384,406,100,1,1,1,1
301,10,479,384,406,100,1,1,1,1
302,10,479,384,406,100,1,1,1,1
303,10,480,384,406,100,1,1,1,1
304,10,480,384,406,100,1,1,1,1
305,10,480,384,406,100,1,1,1,1
306,10,482,383,406,100,1,1,1,1
307,10,482,383,406,100,1,1,1,1
308,10,482,383,406,100,1,1,1,1
309,10,484,384,406,100,1,1,1,1
310,10,484,384,406,100,1,1,1,1
311,10,484,384,406,100,1,1,1,1
312,10,484,384,406,100,1,1,1,1
313,10,486,384,406,100,1,1,1,1
314,10,486,384,406,100,1,1,1,1
315,10,486,384,406,100,1,1,1,1
316,10,486,384,406,100,1,1,1,1
317,10,489,384,406,100,1,1,1,1
318,10,489,384,406,100,1,1,1,1
319,10,489,384,406,100,1,1,1,1
320,10,489,384,406,100,1,1,1,1
321,10,492,383,406,100,1,1,1,1
322,10,492,383,406,100,1,1,1,1
323,10,493,383,406,100,1,1,1,1
324,10,493,383,406,100,1,1,1,1
325,10,493,383,406,100,1,1,1,1
326,10,493,383,406,100,1,1,1,1
327,10,496,384,406,100,1,1,1,1
328,10,496,384,406,100,1,1,1,1
329,10,496,384,406,100,1,1,1,1
330,10,497,383,406,100,1,1,1,1
331,10,497,383,406,100,1,1,1,1
332,10,498,383,406,100,1,1,1,1
333,10,498,383,406,100,1,1,1,1
334,10,498,383,406,100,1,1,1,1
335,10,501,384,406,100,1,1,1,1
336,10,501,384,406,100,1,1,1,1
337,10,501,384,406,100,1,1,1,1
338,10,503,384,406,100,1,1,1,1
339,10,503,384,406,100,1,1,1,1
340,10,503,384,406,100,1,1,1,1
341,10,503,384,408,100,1,1,1,1
342,10,503,384,408,100,1,1,1,1
343,10,503,384,408,100,1,1,1,1
344,10,506,383,408,100,1,1,1,1
345,10,506,383,408,100,1,1,1,1
346,10,506,383,408,100,1,1,1,1
347,10,506,383,408,100,1,1,1,1
348,10,509,384,408,100,1,1,1,1
349,10,510,384,408,100,1,1,1,1
350,10,510,384,408,100,1,1,1,1
351,10,510,384,408,100,1,1,1,1
352,10,512,384,408,100,1,1,1,1
353,10,512,384,408,100,1,1,1,1
354,10,512,384,408,100,1,1,1,1
355,10,515,385,408,100,1,1,1,1
356,10,515,385,408,100,1,1,1,1
357,10,515,385,408,100,1,1,1,1
358,10,516,385,408,100,1,1,1,1
359,10,516,385,408,100,1,1,1,1
360,10,516,385,408,100,1,1,1,1
361,10,519,385,408,100,1,1,1,1
362,10,519,385,408,100,1,1,1,1
363,10,519,385,408,100,1,1,1,1
364,10,519,385,408,100,1,1,1,1
365,10,521,384,408,100,1,1,1,1
366,10,521,384,408,100,1,1,1,1
367,10,521,384,408,100,1,1,1,1
368,10,521,384,408,100,1,1,1,1
369,10,523,384,408,100,1,1,1,1
370,10,523,384,408,100,1,1,1,1
371,10,523,384,408,100,1,1,1,1
372,10,526,384,408,100,1,1,1,1
373,10,526,384,408,100,1,1,1,1
374,10,526,384,408,100,1,1,1,1
375,10,527,384,408,100,1,1,1,1
376,10,527,384,408,100,1,1,1,1
377,10,529,384,408,100,1,1,1,1
378,10,529,384,408,100,1,1,1,1
379,10,529,384,408,100,1,1,1,1
380,10,530,384,408,100,1,1,1,1
381,10,530,384,408,100,1,1,1,1
382,10,531,384,408,100,1,1,1,1
383,10,531,384,408,100,1,1,1,1
384,10,531,384,408,100,1,1,1,1
385,10,534,384,408,100,1,1,1,1
386,10,534,384,408,100,1,1,1,1
387,10,534,384,408,100,1,1,1,1
388,10,536,384,408,100,1,1,1,1
389,10,536,384,408,100,1,1,1,1
390,10,536,384,408,100,1,1,1,1
391,10,536,384,408,100,1,1,1,1
392,10,536,384,408,100,1,1,1,1
393,10,538,384,408,100,1,1,1,1
394,10,538,384,408,100,1,1,1,1
395,10,538,384,408,100,1,1,1,1
396,10,540,384,408,100,1,1,1,1
397,10,540,384,408,100,1,1,1,1
398,10,540,384,408,100,1,1,1,1
399,10,540,384,408,100,1,1,1,1
400,10,543,384,408,100,1,1,1,1
401,10,543,384,408,100,1,1,1,1
402,10,544,384,408,100,1,1,1,1
403,10,544,384,408,100,1,1,1,1
404,10,546,384,408,100,1,1,1,1
405,10,546,384,408,100,1,1,1,1
406,10,546,384,408,100,1,1,1,1
407,10,547,384,408,100,1,1,1,1
408,10,547,384,408,100,1,1,1,1
409,10,547,384,408,100,1,1,1,1
410,10,550,382,408,100,1,1,1,1
411,10,550,382,408,100,1,1,1,1
412,10,550,382,408,100,1,1,1,1
413,10,550,382,408,100,1,1,1,1
414,10,550,382,408,100,1,1,1,1
415,10,551,382,411,100,1,1,1,1
416,10,551,382,411,100,1,1,1,1
417,10,551,382,411,100,1,1,1,1
418,10,553,382,411,100,1,1,1,1
419,10,553,382,411,100,1,1,1,1
420,10,554,382,411,100,1,1,1,1
421,10,554,382,411,100,1,1,1,1
422,10,554,382,411,100,1,1,1,1
423,10,556,381,411,100,1,1,1,1
424,10,556,381,411,100,1,1,1,1
425,10,556,381,411,100,1,1,1,1
426,10,558,380,411,100,1,1,1,1
427,10,558,380,411,100,1,1,1,1
428,10,560,380,411,100,1,1,1,1
429,10,560,380,411,100,1,1,1,1
430,10,561,381,411,100,1,1,1,1
431,10,561,381,411,100,1,1,1,1
432,10,561,381,411,100,1,1,1,1
433,10,563,381,411,100,1,1,1,1
434,10,563,381,411,100,1,1,1,1
435,10,563,381,411,100,1,1,1,1
436,10,565,381,411,100,1,1,1,1
437,10,565,381,411,100,1,1,1,1
438,10,565,381,411,100,1,1,1,1
439,10,565,381,411,100,1,1,1,1
440,10,568,381,411,100,1,1,1,1
441,10,568,381,411,100,1,1,1,1
442,10,568,381,411,100,1,1,1,1
443,10,569,381,411,100,1,1,1,1
444,10,569,381,411,100,1,1,1,1
445,10,569,381,411,100,1,1,1,1
446,10,572,381,411,100,1,1,1,1
447,10,572,381,411,100,1,1,1,1
448,10,572,381,411,100,1,1,1,1
449,10,574,381,411,100,1,1,1,1
450,10,574,381,411,100,1,1,1,1
451,10,574,381,411,100,1,1,1,1
452,10,576,382,411,100,1,1,1,1
453,10,576,382,411,100,1,1,1,1
454,10,577,381,411,100,1,1,1,1
455,10,577,381,411,100,1,1,1,1
456,10,577,381,411,100,1,1,1,1
457,10,577,381,411,100,1,1,1,1
458,10,579,381,411,100,1,1,1,1
459,10,579,381,411,100,1,1,1,1
460,10,579,381,411,100,1,1,1,1
461,10,579,381,411,100,1,1,1,1
462,10,581,381,414,100,1,1,1,1
463,10,581,381,414,100,1,1,1,1
464,10,581,381,414,100,1,1,1,1
465,10,584,382,414,100,1,1,1,1
466,10,584,382,414,100,1,1,1,1
467,10,584,382,414,100,1,1,1,1
468,10,585,382,414,100,1,1,1,1
469,10,585,382,414,100,1,1,1,1
470,10,585,382,414,100,1,1,1,1
471,10,587,382,414,100,1,1,1,1
472,10,587,382,414,100,1,1,1,1
473,10,587,382,414,100,1,1,1,1
474,10,589,382,414,100,1,1,1,1
475,10,589,382,414,100,1,1,1,1
476,10,591,382,414,100,1,1,1,1
477,10,591,382,414,100,1,1,1,1
478,10,591,382,414,100,1,1,1,1
479,10,591,382,414,100,1,1,1,1
480,10,593,381,414,100,1,1,1,1
481,10,593,381,414,100,1,1,1,1
482,10,593,381,414,100,1,1,1,1
483,10,593,381,414,100,1,1,1,1
484,10,595,381,414,100,1,1,1,1
485,10,595,381,414,100,1,1,1,1
486,10,595,381,414,100,1,1,1,1
487,10,595,381,414,100,1,1,1,1
488,10,597,382,414,100,1,1,1,1
489,10,597,382,414,100,1,1,1,1
490,10,597,382,414,100,1,1,1,1
491,10,600,382,414,100,1,1,1,1
492,10,600,382,414,100,1,1,1,1
493,10,600,382,414,100,1,1,1,1
494,10,602,382,414,100,1,1,1,1
495,10,602,382,414,100,1,1,1,1
496,10,602,382,414,100,1,1,1,1
497,10,603,381,414,100,1,1,1,1
498,10,603,381,414,100,1,1,1,1
499,10,603,381,414,100,1,1,1,1
500,10,605,381,414,100,1,1,1,1
501,10,605,381,414,100,1,1,1,1
502,10,605,381,414,100,1,1,1,1
503,10,608,382,414,100,1,1,1,1
504,10,608,382,414,100,1,1,1,1
505,10,608,382,414,100,1,1,1,1
506,10,608,382,414,100,1,1,1,1
507,10,609,382,414,100,1,1,1,1
508,10,609,382,414,100,1,1,1,1
509,10,609,382,414,100,1,1,1,1
510,10,612,381,414,100,1,1,1,1
511,10,612,381,414,100,1,1,1,1
512,10,612,381,414,100,1,1,1,1
513,10,612,381,414,100,1,1,1,1
514,10,614,381,414,100,1,1,1,1
515,10,614,381,414,100,1,1,1,1
516,10,614,381,414,100,1,1,1,1
517,10,614,381,414,100,1,1,1,1
518,10,617,383,414,100,1,1,1,1
519,10,617,383,414,100,1,1,1,1
520,10,617,383,414,100,1,1,1,1
521,10,617,383,414,100,1,1,1,1
522,10,620,382,414,100,1,1,1,1
523,10,620,382,414,100,1,1,1,1
524,10,620,382,414,100,1,1,1,1
525,10,623,382,414,100,1,1,1,1
526,10,623,382,414,100,1,1,1,1
527,10,623,382,414,100,1,1,1,1
528,10,623,382,414,100,1,1,1,1
529,10,623,382,414,100,1,1,1,1
530,10,626,382,414,100,1,1,1,1
531,10,626,382,414,100,1,1,1,1
532,10,626,382,414,100,1,1,1,1
533,10,626,382,414,100,1,1,1,1
534,10,627,381,414,100,1,1,1,1
535,10,627,381,414,100,1,1,1,1
536,10,627,381,414,100,1,1,1,1
537,10,630,383,416,100,1,1,1,1
538,10,630,383,416,100,1,1,1,1
539,10,630,383,416,100,1,1,1,1
540,10,630,383,416,100,1,1,1,1
541,10,632,382,416,100,1,1,1,1
542,10,632,382,416,100,1,1,1,1
543,10,632,382,416,100,1,1,1,1
544,10,634,382,417,100,1,1,1,1
545,10,634,382,417,100,1,1,1,1
546,10,634,382,417,100,1,1,1,1
547,10,634,382,417,100,1,1,1,1
548,10,638,382,417,100,1,1,1,1
549,10,638,382,417,100,1,1,1,1
550,10,638,382,417,100,1,1,1,1
551,10,638,382,417,100,1,1,1,1
552,10,639,382,417,100,1,1,1,1
553,10,639,382,417,100,1,1,1,1
554,10,639,382,417,100,1,1,1,1
555,10,643,382,417,100,1,1,1,1
556,10,643,382,417,100,1,1,1,1
557,10,643,382,417,100,1,1,1,1
558,10,643,382,417,100,1,1,1,1
559,10,643,382,417,100,1,1,1,1
560,10,646,381,417,100,1,1,1,1
561,10,646,381,417,100,1,1,1,1
562,10,646,381,417,100,1,1,1,1
563,10,646,381,417,100,1,1,1,1
564,10,646,381,417,100,1,1,1,1
565,10,649,382,417,100,1,1,1,1
566,10,649,382,417,100,1,1,1,1
567,10,649,382,417,100,1,1,1,1
568,10,652,382,417,100,1,1,1,1
569,10,652,382,417,100,1,1,1,1
570,10,652,382,417,100,1,1,1,1
571,10,651,382,419,100,1,1,1,1
572,10,651,382,419,100,1,1,1,1
573,10,651,382,419,100,1,1,1,1
574,10,651,382,419,100,1,1,1,1
575,10,653,382,419,100,1,1,1,1
576,10,653,382,419,100,1,1,1,1
577,10,653,382,419,100,1,1,1,1
578,10,653,382,419,100,1,1,1,1
579,10,656,382,419,100,1,1,1,1
580,10,656,382,419,100,1,1,1,1
581,10,656,382,419,100,1,1,1,1
582,10,658,382,419,100,1,1,1,1
583,10,658,382,419,100,1,1,1,1
584,10,658,382,419,100,1,1,1,1
585,10,660,382,419,100,1,1,1,1
586,10,660,382,419,100,1,1,1,1
587,10,660,382,419,100,1,1,1,1
588,10,662,382,419,100,1,1,1,1
589,10,662,382,419,100,1,1,1,1
590,10,662,382,419,100,1,1,1,1
591,10,662,382,419,100,1,1,1,1
592,10,663,382,419,100,1,1,1,1
593,10,663,382,419,100,1,1,1,1
594,10,665,382,419,100,1,1,1,1
595,10,665,382,419,100,1,1,1,1
596,10,665,382,419,100,1,1,1,1
597,10,667,382,419,100,1,1,1,1
598,10,667,382,419,100,1,1,1,1
599,10,667,382,419,100,1,1,1,1
600,10,669,382,419,100,1,1,1,1