2,0,120,317,180,115,1,1,1,1
2,1,335,345,90,60,1,1,1,1
2,2,500,337,60,45,1,1,1,1
2,3,680,337,280,65,1,1,1,1
2,4,912,347,55,45,1,1,1,1
3,0,119,317,180,115,1,1,1,1
3,1,334,345,90,60,1,1,1,1
3,2,499,337,60,45,1,1,1,1
3,3,679,337,280,65,1,1,1,1
3,4,912,347,55,45,1,1,1,1
4,0,119,317,180,115,1,1,1,1
4,1,334,345,90,60,1,1,1,1
4,2,499,337,60,45,1,1,1,1
4,3,679,337,280,65,1,1,1,1
4,4,912,347,55,45,1,1,1,1
5,0,119,317,180,115,1,1,1,1
5,1,334,345,90,60,1,1,1,1
5,2,499,337,60,45,1,1,1,1
5,3,679,337,280,65,1,1,1,1
5,4,912,347,55,45,1,1,1,1
6,0,119,317,180,115,1,1,1,1
6,1,334,345,90,60,1,1,1,1
6,2,499,337,60,45,1,1,1,1
6,3,679,337,280,65,1,1,1,1
6,4,912,347,55,45,1,1,1,1
7,0,119,317,180,115,1,1,1,1
7,1,334,345,90,60,1,1,1,1
7,2,499,337,60,45,1,1,1,1
7,3,679,337,280,65,1,1,1,1
7,4,912,347,55,45,1,1,1,1
8,0,119,317,180,115,1,1,1,1
8,1,334,345,90,60,1,1,1,1
8,2,499,337,60,45,1,1,1,1
8,3,679,337,280,65,1,1,1,1
8,4,912,347,55,45,1,1,1,1
9,0,119,317,180,115,1,1,1,1
9,1,334,345,90,60,1,1,1,1
9,2,499,337,60,45,1,1,1,1
9,3,679,337,280,65,1,1,1,1
9,4,912,347,55,45,1,1,1,1
10,0,119,317,180,115,1,1,1,1
10,1,334,345,90,60,1,1,1,1
10,2,499,337,60,45,1,1,1,1
10,3,679,337,280,65,1,1,1,1
10,4,912,347,55,45,1,1,1,1
11,0,119,317,180,115,1,1,1,1
11,1,334,345,90,60,1,1,1,1
11,2,499,337,60,45,1,1,1,1
11,3,679,337,280,65,1,1,1,1
11,4,912,347,55,45,1,1,1,1
12,0,119,317,180,115,1,1,1,1
12,1,334,345,90,60,1,1,1,1
12,2,499,337,60,45,1,1,1,1
12,3,679,337,280,65,1,1,1,1
12,4,912,347,55,45,1,1,1,1
13,0,119,317,180,115,1,1,1,1
13,1,334,345,90,60,1,1,1,1
13,2,499,337,60,45,1,1,1,1
13,3,679,337,280,65,1,1,1,1
13,4,911,347,55,45,1,1,1,1
14,0,119,317,180,115,1,1,1,1
14,1,334,345,90,60,1,1,1,1
14,2,499,337,60,45,1,1,1,1
14,3,679,337,280,65,1,1,1,1
14,4,911,347,55,45,1,1,1,1
15,0,119,317,180,115,1,1,1,1
15,1,334,345,90,60,1,1,1,1
15,2,499,337,60,45,1,1,1,1
15,3,679,337,280,65,1,1,1,1
15,4,911,347,55,45,1,1,1,1
16,0,119,317,180,115,1,1,1,1
16,1,334,345,90,60,1,1,1,1
16,2,499,337,60,45,1,1,1,1
16,3,679,337,280,65,1,1,1,1
16,4,911,347,55,45,1,1,1,1
17,0,119,317,180,115,1,1,1,1
17,1,334,345,90,60,1,1,1,1
17,2,499,337,60,45,1,1,1,1
17,3,679,337,280,65,1,1,1,1
17,4,911,347,55,45,1,1,1,1
18,0,118,317,180,115,1,1,1,1
18,1,334,345,90,60,1,1,1,1
18,2,499,337,60,45,1,1,1,1
18,3,679,337,280,65,1,1,1,1
18,4,911,347,55,45,1,1,1,1
19,0,118,317,180,115,1,1,1,1
19,1,334,345,90,60,1,1,1,1
19,2,499,337,60,45,1,1,1,1
19,3,679,337,280,65,1,1,1,1
19,4,911,347,55,45,1,1,1,1
20,0,118,317,180,115,1,1,1,1
20,1,334,345,90,60,1,1,1,1
20,2,499,337,60,45,1,1,1,1
20,3,679,337,280,65,1,1,1,1
20,4,911,347,55,45,1,1,1,1
21,0,118,317,180,115,1,1,1,1
21,1,334,345,90,60,1,1,1,1
21,2,499,337,60,45,1,1,1,1
21,3,679,337,280,65,1,1,1,1
21,4,911,347,55,45,1,1,1,1
22,0,118,317,180,115,1,1,1,1
22,1,334,345,90,60,1,1,1,1
22,2,499,337,60,45,1,1,1,1
22,3,679,337,280,65,1,1,1,1
22,4,911,347,55,45,1,1,1,1
23,0,118,317,180,115,1,1,1,1
23,1,334,345,90,60,1,1,1,1
23,2,499,337,60,45,1,1,1,1
23,3,679,337,280,65,1,1,1,1
23,4,911,347,55,45,1,1,1,1
24,0,118,317,180,115,1,1,1,1
24,1,334,345,90,60,1,1,1,1
24,2,499,337,60,45,1,1,1,1
24,3,679,337,280,65,1,1,1,1
24,4,911,347,55,45,1,1,1,1
25,0,118,317,180,115,1,1,1,1
25,1,334,345,90,60,1,1,1,1
25,2,499,337,60,45,1,1,1,1
25,3,679,337,280,65,1,1,1,1
25,4,911,347,55,45,1,1,1,1
26,0,118,317,180,115,1,1,1,1
26,1,334,345,90,60,1,1,1,1
26,2,499,337,60,45,1,1,1,1
26,3,679,337,280,65,1,1,1,1
26,4,911,347,55,45,1,1,1,1
27,0,118,317,180,115,1,1,1,1
27,1,334,345,90,60,1,1,1,1
27,2,499,337,60,45,1,1,1,1
27,3,679,337,280,65,1,1,1,1
27,4,911,347,55,45,1,1,1,1
28,0,118,317,180,115,1,1,1,1
28,1,334,345,90,60,1,1,1,1
28,2,499,337,60,45,1,1,1,1
28,3,679,337,280,65,1,1,1,1
28,4,911,347,55,45,1,1,1,1
29,0,118,317,180,115,1,1,1,1
29,1,334,345,90,60,1,1,1,1
29,2,499,337,60,45,1,1,1,1
29,3,679,337,280,65,1,1,1,1
29,4,911,347,55,45,1,1,1,1
30,0,118,317,180,115,1,1,1,1
30,1,334,345,90,60,1,1,1,1
30,2,499,337,60,45,1,1,1,1
30,3,679,337,280,65,1,1,1,1
30,4,911,347,55,45,1,1,1,1
31,0,118,317,180,115,1,1,1,1
31,1,334,345,90,60,1,1,1,1
31,2,499,337,60,45,1,1,1,1
31,3,679,337,280,65,1,1,1,1
31,4,911,347,55,45,1,1,1,1
32,0,118,318,180,115,1,1,1,1
32,1,334,345,90,60,1,1,1,1
32,2,499,337,60,45,1,1,1,1
32,3,679,337,280,65,1,1,1,1
32,4,911,348,55,45,1,1,1,1
33,0,117,318,180,115,1,1,1,1
33,1,333,345,90,60,1,1,1,1
33,2,499,337,60,45,1,1,1,1
33,3,679,337,280,65,1,1,1,1
33,4,910,348,55,45,1,1,1,1
34,0,117,318,180,115,1,1,1,1
34,1,333,345,90,60,1,1,1,1
34,2,499,337,60,45,1,1,1,1
34,3,679,337,280,65,1,1,1,1
34,4,910,348,55,45,1,1,1,1
35,0,117,318,180,115,1,1,1,1
35,1,333,345,90,60,1,1,1,1
35,2,499,337,60,45,1,1,1,1
35,3,679,337,280,65,1,1,1,1
35,4,910,348,55,45,1,1,1,1
36,0,117,318,180,115,1,1,1,1
36,1,333,345,90,60,1,1,1,1
36,2,499,337,60,45,1,1,1,1
36,3,679,337,280,65,1,1,1,1
36,4,910,348,55,45,1,1,1,1
37,0,117,318,180,115,1,1,1,1
37,1,333,345,90,60,1,1,1,1
37,2,499,337,60,45,1,1,1,1
37,3,679,337,280,65,1,1,1,1
37,4,910,348,55,45,1,1,1,1
38,0,117,318,180,115,1,1,1,1
38,1,333,345,90,60,1,1,1,1
38,2,499,337,60,45,1,1,1,1
38,3,679,337,280,65,1,1,1,1
38,4,910,348,55,45,1,1,1,1
39,0,117,318,180,115,1,1,1,1
39,1,333,345,90,60,1,1,1,1
39,2,499,337,60,45,1,1,1,1
39,3,679,337,280,65,1,1,1,1
39,4,910,348,55,45,1,1,1,1
40,0,117,318,180,115,1,1,1,1
40,1,333,345,90,60,1,1,1,1
40,2,499,337,60,45,1,1,1,1
40,3,679,337,280,65,1,1,1,1
40,4,910,348,55,45,1,1,1,1
41,0,117,318,180,115,1,1,1,1
41,1,333,345,90,60,1,1,1,1
41,2,499,337,60,45,1,1,1,1
41,3,679,337,280,65,1,1,1,1
41,4,910,348,55,45,1,1,1,1
42,0,117,318,180,115,1,1,1,1
42,1,333,345,90,60,1,1,1,1
42,2,499,337,60,45,1,1,1,1
42,3,679,337,280,65,1,1,1,1
42,4,910,348,55,45,1,1,1,1
43,0,117,318,180,115,1,1,1,1
43,1,333,345,90,60,1,1,1,1
43,2,499,337,60,45,1,1,1,1
43,3,679,337,280,65,1,1,1,1
43,4,910,348,55,45,1,1,1,1
44,0,117,318,180,115,1,1,1,1
44,1,333,345,90,60,1,1,1,1
44,2,499,337,60,45,1,1,1,1
44,3,679,337,280,65,1,1,1,1
44,4,910,348,55,45,1,1,1,1
45,0,117,318,180,115,1,1,1,1
45,1,333,345,90,60,1,1,1,1
45,2,499,337,60,45,1,1,1,1
45,3,679,337,280,65,1,1,1,1
45,4,910,348,55,45,1,1,1,1
46,0,117,318,180,115,1,1,1,1
46,1,333,345,90,60,1,1,1,1
46,2,499,337,60,45,1,1,1,1
46,3,679,337,280,65,1,1,1,1
46,4,910,348,55,45,1,1,1,1
47,0,117,318,180,115,1,1,1,1
47,1,333,345,90,60,1,1,1,1
47,2,499,337,60,45,1,1,1,1
47,3,679,337,280,65,1,1,1,1
47,4,910,348,55,45,1,1,1,1
48,0,116,318,180,115,1,1,1,1
48,1,333,345,90,60,1,1,1,1
48,2,499,337,60,45,1,1,1,1
48,3,679,337,280,65,1,1,1,1
48,4,910,348,55,45,1,1,1,1
49,0,116,318,180,115,1,1,1,1
49,1,333,345,90,60,1,1,1,1
49,2,499,337,60,45,1,1,1,1
49,3,679,337,280,65,1,1,1,1
49,4,910,348,55,45,1,1,1,1
50,0,116,318,180,115,1,1,1,1
50,1,333,345,90,60,1,1,1,1
50,2,499,337,60,45,1,1,1,1
50,3,679,337,280,65,1,1,1,1
50,4,910,348,55,45,1,1,1,1
51,0,116,318,180,115,1,1,1,1
51,1,333,345,90,60,1,1,1,1
51,2,499,337,60,45,1,1,1,1
51,3,679,337,280,65,1,1,1,1
51,4,910,348,55,45,1,1,1,1
52,0,116,318,180,115,1,1,1,1
52,1,333,345,90,60,1,1,1,1
52,2,499,337,60,45,1,1,1,1
52,3,679,337,280,65,1,1,1,1
52,4,910,348,55,45,1,1,1,1
53,0,116,318,180,115,1,1,1,1
53,1,333,345,90,60,1,1,1,1
53,2,499,337,60,45,1,1,1,1
53,3,679,337,280,65,1,1,1,1
53,4,909,348,55,45,1,1,1,1
54,0,116,318,180,115,1,1,1,1
54,1,333,345,90,60,1,1,1,1
54,2,499,337,60,45,1,1,1,1
54,3,679,337,280,65,1,1,1,1
54,4,909,348,55,45,1,1,1,1
55,0,116,318,180,115,1,1,1,1
55,1,333,345,90,60,1,1,1,1
55,2,499,337,60,45,1,1,1,1
55,3,679,337,280,65,1,1,1,1
55,4,909,348,55,45,1,1,1,1
56,0,116,318,180,115,1,1,1,1
56,1,333,345,90,60,1,1,1,1
56,2,499,337,60,45,1,1,1,1
56,3,679,337,280,65,1,1,1,1
56,4,909,348,55,45,1,1,1,1
57,0,116,318,180,115,1,1,1,1
57,1,333,345,90,60,1,1,1,1
57,2,499,337,60,45,1,1,1,1
57,3,679,337,280,65,1,1,1,1
57,4,909,348,55,45,1,1,1,1
58,0,116,318,180,115,1,1,1,1
58,1,333,345,90,60,1,1,1,1
58,2,499,337,60,45,1,1,1,1
58,3,679,337,280,65,1,1,1,1
58,4,909,348,55,45,1,1,1,1
59,0,116,318,180,115,1,1,1,1
59,1,333,345,90,60,1,1,1,1
59,2,499,337,60,45,1,1,1,1
59,3,679,337,280,65,1,1,1,1
59,4,909,348,55,45,1,1,1,1
60,0,116,318,180,115,1,1,1,1
60,1,333,345,90,60,1,1,1,1
60,2,499,337,60,45,1,1,1,1
60,3,679,337,280,65,1,1,1,1
60,4,909,348,55,45,1,1,1,1
61,0,116,318,180,115,1,1,1,1
61,1,333,345,90,60,1,1,1,1
61,2,499,337,60,45,1,1,1,1
61,3,679,337,280,65,1,1,1,1
61,4,909,348,55,45,1,1,1,1
62,0,116,318,180,115,1,1,1,1
62,1,333,345,90,60,1,1,1,1
62,2,499,337,60,45,1,1,1,1
62,3,679,337,280,65,1,1,1,1
62,4,909,348,55,45,1,1,1,1
63,0,115,318,180,115,1,1,1,1
63,1,332,345,90,60,1,1,1,1
63,2,498,337,60,45,1,1,1,1
63,3,679,337,280,65,1,1,1,1
63,4,909,348,55,45,1,1,1,1
64,0,115,318,180,115,1,1,1,1
64,1,332,345,90,60,1,1,1,1
64,2,498,337,60,45,1,1,1,1
64,3,679,337,280,65,1,1,1,1
64,4,909,348,55,45,1,1,1,1
65,0,115,318,180,115,1,1,1,1
65,1,332,345,90,60,1,1,1,1
65,2,498,337,60,45,1,1,1,1
65,3,679,337,280,65,1,1,1,1
65,4,909,348,55,45,1,1,1,1
66,0,115,318,180,115,1,1,1,1
66,1,332,345,90,60,1,1,1,1
66,2,498,337,60,45,1,1,1,1
66,3,679,337,280,65,1,1,1,1
66,4,909,348,55,45,1,1,1,1
67,0,115,318,180,115,1,1,1,1
67,1,332,345,90,60,1,1,1,1
67,2,498,337,60,45,1,1,1,1
67,3,679,337,280,65,1,1,1,1
67,4,909,348,55,45,1,1,1,1
68,0,115,318,180,115,1,1,1,1
68,1,332,345,90,60,1,1,1,1
68,2,498,337,60,45,1,1,1,1
68,3,679,337,280,65,1,1,1,1
68,4,909,348,55,45,1,1,1,1
69,0,115,318,180,115,1,1,1,1
69,1,332,345,90,60,1,1,1,1
69,2,498,337,60,45,1,1,1,1
69,3,679,337,280,65,1,1,1,1
69,4,909,348,55,45,1,1,1,1
70,0,115,318,180,115,1,1,1,1
70,1,332,345,90,60,1,1,1,1
70,2,498,337,60,45,1,1,1,1
70,3,679,337,280,65,1,1,1,1
70,4,909,348,55,45,1,1,1,1
71,0,115,318,180,115,1,1,1,1
71,1,332,345,90,60,1,1,1,1
71,2,498,337,60,45,1,1,1,1
71,3,679,337,280,65,1,1,1,1
71,4,909,348,55,45,1,1,1,1
72,0,115,318,180,115,1,1,1,1
72,1,332,345,90,60,1,1,1,1
72,2,498,337,60,45,1,1,1,1
72,3,679,337,280,65,1,1,1,1
72,4,909,348,55,45,1,1,1,1
73,0,115,318,180,115,1,1,1,1
73,1,332,345,90,60,1,1,1,1
73,2,498,337,60,45,1,1,1,1
73,3,679,337,280,65,1,1,1,1
73,4,908,348,55,45,1,1,1,1
74,0,115,318,180,115,1,1,1,1
74,1,332,345,90,60,1,1,1,1
74,2,498,337,60,45,1,1,1,1
74,3,679,337,280,65,1,1,1,1
74,4,908,348,55,45,1,1,1,1
75,0,115,318,180,115,1,1,1,1
75,1,332,345,90,60,1,1,1,1
75,2,498,337,60,45,1,1,1,1
75,3,679,337,280,65,1,1,1,1
75,4,908,348,55,45,1,1,1,1
76,0,115,318,180,115,1,1,1,1
76,1,332,345,90,60,1,1,1,1
76,2,498,337,60,45,1,1,1,1
76,3,679,337,280,65,1,1,1,1
76,4,908,348,55,45,1,1,1,1
77,0,115,318,180,115,1,1,1,1
77,1,332,345,90,60,1,1,1,1
77,2,498,337,60,45,1,1,1,1
77,3,679,337,280,65,1,1,1,1
77,4,908,348,55,45,1,1,1,1
78,0,114,318,180,115,1,1,1,1
78,1,332,345,90,60,1,1,1,1
78,2,498,337,60,45,1,1,1,1
78,3,679,337,280,65,1,1,1,1
78,4,908,348,55,45,1,1,1,1
79,0,114,318,180,115,1,1,1,1
79,1,332,345,90,60,1,1,1,1
79,2,498,337,60,45,1,1,1,1
79,3,679,337,280,65,1,1,1,1
79,4,908,348,55,45,1,1,1,1
80,0,114,318,180,115,1,1,1,1
80,1,332,345,90,60,1,1,1,1
80,2,498,337,60,45,1,1,1,1
80,3,679,337,280,65,1,1,1,1
80,4,908,348,55,45,1,1,1,1
81,0,114,318,180,115,1,1,1,1
81,1,332,345,90,60,1,1,1,1
81,2,498,337,60,45,1,1,1,1
81,3,679,337,280,65,1,1,1,1
81,4,908,348,55,45,1,1,1,1
82,0,114,318,180,115,1,1,1,1
82,1,332,345,90,60,1,1,1,1
82,2,498,337,60,45,1,1,1,1
82,3,679,337,280,65,1,1,1,1
82,4,908,348,55,45,1,1,1,1
83,0,114,318,180,115,1,1,1,1
83,1,332,345,90,60,1,1,1,1
83,2,498,337,60,45,1,1,1,1
83,3,679,337,280,65,1,1,1,1
83,4,908,348,55,45,1,1,1,1
84,0,114,318,180,115,1,1,1,1
84,1,332,345,90,60,1,1,1,1
84,2,498,337,60,45,1,1,1,1
84,3,679,337,280,65,1,1,1,1
84,4,908,348,55,45,1,1,1,1
85,0,114,318,180,115,1,1,1,1
85,1,332,345,90,60,1,1,1,1
85,2,498,337,60,45,1,1,1,1
85,3,679,337,280,65,1,1,1,1
85,4,908,348,55,45,1,1,1,1
86,0,114,318,180,115,1,1,1,1
86,1,332,345,90,60,1,1,1,1
86,2,498,337,60,45,1,1,1,1
86,3,679,337,280,65,1,1,1,1
86,4,908,348,55,45,1,1,1,1
87,0,114,318,180,115,1,1,1,1
87,1,332,345,90,60,1,1,1,1
87,2,498,337,60,45,1,1,1,1
87,3,679,337,280,65,1,1,1,1
87,4,908,348,55,45,1,1,1,1
88,0,114,318,180,115,1,1,1,1
88,1,332,345,90,60,1,1,1,1
88,2,498,337,60,45,1,1,1,1
88,3,679,337,280,65,1,1,1,1
88,4,908,348,55,45,1,1,1,1
89,0,114,318,180,115,1,1,1,1
89,1,332,345,90,60,1,1,1,1
89,2,498,337,60,45,1,1,1,1
89,3,679,337,280,65,1,1,1,1
89,4,908,348,55,45,1,1,1,1
90,0,114,318,180,115,1,1,1,1
90,1,332,345,90,60,1,1,1,1
90,2,498,337,60,45,1,1,1,1
90,3,679,337,280,65,1,1,1,1
90,4,908,348,55,45,1,1,1,1
91,0,114,318,180,115,1,1,1,1
91,1,332,345,90,60,1,1,1,1
91,2,498,337,60,45,1,1,1,1
91,3,679,337,280,65,1,1,1,1
91,4,908,348,55,45,1,1,1,1
92,0,114,319,180,115,1,1,1,1
92,1,332,345,90,60,1,1,1,1
92,2,498,337,60,45,1,1,1,1
92,3,679,337,280,65,1,1,1,1
92,4,908,349,55,45,1,1,1,1
93,0,113,319,180,115,1,1,1,1
93,1,331,345,90,60,1,1,1,1
93,2,498,337,60,45,1,1,1,1
93,3,679,337,280,65,1,1,1,1
93,4,907,349,55,45,1,1,1,1
94,0,113,319,180,115,1,1,1,1
94,1,331,345,90,60,1,1,1,1
94,2,498,337,60,45,1,1,1,1
94,3,679,337,280,65,1,1,1,1
94,4,907,349,55,45,1,1,1,1
95,0,113,319,180,115,1,1,1,1
95,1,331,345,90,60,1,1,1,1
95,2,498,337,60,45,1,1,1,1
95,3,679,337,280,65,1,1,1,1
95,4,907,349,55,45,1,1,1,1
96,0,113,319,180,115,1,1,1,1
96,1,331,345,90,60,1,1,1,1
96,2,498,337,60,45,1,1,1,1
96,3,679,337,280,65,1,1,1,1
96,4,907,349,55,45,1,1,1,1
97,0,113,319,180,115,1,1,1,1
97,1,331,345,90,60,1,1,1,1
97,2,498,337,60,45,1,1,1,1
97,3,679,337,280,65,1,1,1,1
97,4,907,349,55,45,1,1,1,1
98,0,113,319,180,115,1,1,1,1
98,1,331,345,90,60,1,1,1,1
98,2,498,337,60,45,1,1,1,1
98,3,679,337,280,65,1,1,1,1
98,4,907,349,55,45,1,1,1,1
99,0,113,319,180,115,1,1,1,1
99,1,331,345,90,60,1,1,1,1
99,2,498,337,60,45,1,1,1,1
99,3,679,337,280,65,1,1,1,1
99,4,907,349,55,45,1,1,1,1
100,0,113,319,180,115,1,1,1,1
100,1,331,345,90,60,1,1,1,1
100,2,498,337,60,45,1,1,1,1
100,3,679,337,280,65,1,1,1,1
100,4,907,349,55,45,1,1,1,1
101,0,113,319,180,115,1,1,1,1
101,1,331,345,90,60,1,1,1,1
101,2,498,337,60,45,1,1,1,1
101,3,679,337,280,65,1,1,1,1
101,4,907,349,55,45,1,1,1,1
102,0,113,319,180,115,1,1,1,1
102,1,331,345,90,60,1,1,1,1
102,2,498,337,60,45,1,1,1,1
102,3,679,337,280,65,1,1,1,1
102,4,907,349,55,45,1,1,1,1
103,0,113,319,180,115,1,1,1,1
103,1,331,345,90,60,1,1,1,1
103,2,498,337,60,45,1,1,1,1
103,3,678,337,280,65,1,1,1,1
103,4,907,349,55,45,1,1,1,1
104,0,113,319,180,115,1,1,1,1
104,1,331,345,90,60,1,1,1,1
104,2,498,337,60,45,1,1,1,1
104,3,678,337,280,65,1,1,1,1
104,4,907,349,55,45,1,1,1,1
105,0,113,319,180,115,1,1,1,1
105,1,331,345,90,60,1,1,1,1
105,2,498,337,60,45,1,1,1,1
105,3,678,337,280,65,1,1,1,1
105,4,907,349,55,45,1,1,1,1
106,0,113,319,180,115,1,1,1,1
106,1,331,345,90,60,1,1,1,1
106,2,498,337,60,45,1,1,1,1
106,3,678,337,280,65,1,1,1,1
106,4,907,349,55,45,1,1,1,1
107,0,113,319,180,115,1,1,1,1
107,1,331,345,90,60,1,1,1,1
107,2,498,337,60,45,1,1,1,1
107,3,678,337,280,65,1,1,1,1
107,4,907,349,55,45,1,1,1,1
108,0,112,319,180,115,1,1,1,1
108,1,331,345,90,60,1,1,1,1
108,2,498,337,60,45,1,1,1,1
108,3,678,337,280,65,1,1,1,1
108,4,907,349,55,45,1,1,1,1
109,0,112,319,180,115,1,1,1,1
109,1,331,345,90,60,1,1,1,1
109,2,498,337,60,45,1,1,1,1
109,3,678,337,280,65,1,1,1,1
109,4,907,349,55,45,1,1,1,1
110,0,112,319,180,115,1,1,1,1
110,1,331,345,90,60,1,1,1,1
110,2,498,337,60,45,1,1,1,1
110,3,678,337,280,65,1,1,1,1
110,4,907,349,55,45,1,1,1,1
111,0,112,319,180,115,1,1,1,1
111,1,331,345,90,60,1,1,1,1
111,2,498,337,60,45,1,1,1,1
111,3,678,337,280,65,1,1,1,1
111,4,907,349,55,45,1,1,1,1
112,0,112,319,180,115,1,1,1,1
112,1,331,345,90,60,1,1,1,1
112,2,498,337,60,45,1,1,1,1
112,3,678,337,280,65,1,1,1,1
112,4,907,349,55,45,1,1,1,1
113,0,112,319,180,115,1,1,1,1
113,1,331,345,90,60,1,1,1,1
113,2,498,337,60,45,1,1,1,1
113,3,678,337,280,65,1,1,1,1
113,4,906,349,55,45,1,1,1,1
114,0,112,319,180,115,1,1,1,1
114,1,331,345,90,60,1,1,1,1
114,2,498,337,60,45,1,1,1,1
114,3,678,337,280,65,1,1,1,1
114,4,906,349,55,45,1,1,1,1
115,0,112,319,180,115,1,1,1,1
115,1,331,345,90,60,1,1,1,1
115,2,498,337,60,45,1,1,1,1
115,3,678,337,280,65,1,1,1,1
115,4,906,349,55,45,1,1,1,1
116,0,112,319,180,115,1,1,1,1
116,1,331,345,90,60,1,1,1,1
116,2,498,337,60,45,1,1,1,1
116,3,678,337,280,65,1,1,1,1
116,4,906,349,55,45,1,1,1,1
117,0,112,319,180,115,1,1,1,1
117,1,331,345,90,60,1,1,1,1
117,2,498,337,60,45,1,1,1,1
117,3,678,337,280,65,1,1,1,1
117,4,906,349,55,45,1,1,1,1
118,0,112,319,180,115,1,1,1,1
118,1,331,345,90,60,1,1,1,1
118,2,498,337,60,45,1,1,1,1
118,3,678,337,280,65,1,1,1,1
118,4,906,349,55,45,1,1,1,1
119,0,112,319,180,115,1,1,1,1
119,1,331,345,90,60,1,1,1,1
119,2,498,337,60,45,1,1,1,1
119,3,678,337,280,65,1,1,1,1
119,4,906,349,55,45,1,1,1,1
120,0,112,319,180,115,1,1,1,1
120,1,331,345,90,60,1,1,1,1
120,2,498,337,60,45,1,1,1,1
120,3,678,337,280,65,1,1,1,1
120,4,906,349,55,45,1,1,1,1
121,0,112,319,180,115,1,1,1,1
121,1,331,345,90,60,1,1,1,1
121,2,498,337,60,45,1,1,1,1
121,3,678,337,280,65,1,1,1,1
121,4,906,349,55,45,1,1,1,1
122,0,112,319,180,115,1,1,1,1
122,1,331,345,90,60,1,1,1,1
122,2,498,337,60,45,1,1,1,1
122,3,678,337,280,65,1,1,1,1
122,4,906,349,55,45,1,1,1,1
123,0,111,319,180,115,1,1,1,1
123,1,330,345,90,60,1,1,1,1
123,2,497,337,60,45,1,1,1,1
123,3,678,337,280,65,1,1,1,1
123,4,906,349,55,45,1,1,1,1
124,0,111,319,180,115,1,1,1,1
124,1,330,345,90,60,1,1,1,1
124,2,497,337,60,45,1,1,1,1
124,3,678,337,280,65,1,1,1,1
124,4,906,349,55,45,1,1,1,1
125,0,111,319,180,115,1,1,1,1
125,1,330,345,90,60,1,1,1,1
125,2,497,337,60,45,1,1,1,1
125,3,678,337,280,65,1,1,1,1
125,4,906,349,55,45,1,1,1,1
126,0,111,319,180,115,1,1,1,1
126,1,330,345,90,60,1,1,1,1
126,2,497,337,60,45,1,1,1,1
126,3,678,337,280,65,1,1,1,1
126,4,906,349,55,45,1,1,1,1
127,0,111,319,180,115,1,1,1,1
127,1,330,345,90,60,1,1,1,1
127,2,497,337,60,45,1,1,1,1
127,3,678,337,280,65,1,1,1,1
127,4,906,349,55,45,1,1,1,1
128,0,111,319,180,115,1,1,1,1
128,1,330,345,90,60,1,1,1,1
128,2,497,337,60,45,1,1,1,1
128,3,678,337,280,65,1,1,1,1
128,4,906,349,55,45,1,1,1,1
129,0,111,319,180,115,1,1,1,1
129,1,330,345,90,60,1,1,1,1
129,2,497,337,60,45,1,1,1,1
129,3,678,337,280,65,1,1,1,1
129,4,906,349,55,45,1,1,1,1
130,0,111,319,180,115,1,1,1,1
130,1,330,345,90,60,1,1,1,1
130,2,497,337,60,45,1,1,1,1
130,3,678,337,280,65,1,1,1,1
130,4,906,349,55,45,1,1,1,1
131,0,111,319,180,115,1,1,1,1
131,1,330,345,90,60,1,1,1,1
131,2,497,337,60,45,1,1,1,1
131,3,678,337,280,65,1,1,1,1
131,4,906,349,55,45,1,1,1,1
132,0,111,319,180,115,1,1,1,1
132,1,330,345,90,60,1,1,1,1
132,2,497,337,60,45,1,1,1,1
132,3,678,337,280,65,1,1,1,1
132,4,906,349,55,45,1,1,1,1
133,0,111,319,180,115,1,1,1,1
133,1,330,345,90,60,1,1,1,1
133,2,497,337,60,45,1,1,1,1
133,3,678,337,280,65,1,1,1,1
133,4,905,349,55,45,1,1,1,1
134,0,111,319,180,115,1,1,1,1
134,1,330,345,90,60,1,1,1,1
134,2,497,337,60,45,1,1,1,1
134,3,678,337,280,65,1,1,1,1
134,4,905,349,55,45,1,1,1,1
135,0,111,319,180,115,1,1,1,1
135,1,330,345,90,60,1,1,1,1
135,2,497,337,60,45,1,1,1,1
135,3,678,337,280,65,1,1,1,1
135,4,905,349,55,45,1,1,1,1
136,0,111,319,180,115,1,1,1,1
136,1,330,345,90,60,1,1,1,1
136,2,497,337,60,45,1,1,1,1
136,3,678,337,280,65,1,1,1,1
136,4,905,349,55,45,1,1,1,1
137,0,111,319,180,115,1,1,1,1
137,1,330,345,90,60,1,1,1,1
137,2,497,337,60,45,1,1,1,1
137,3,678,337,280,65,1,1,1,1
137,4,905,349,55,45,1,1,1,1
138,0,110,319,180,115,1,1,1,1
138,1,330,345,90,60,1,1,1,1
138,2,497,337,60,45,1,1,1,1
138,3,678,337,280,65,1,1,1,1
138,4,905,349,55,45,1,1,1,1
139,0,110,319,180,115,1,1,1,1
139,1,330,345,90,60,1,1,1,1
139,2,497,337,60,45,1,1,1,1
139,3,678,337,280,65,1,1,1,1
139,4,905,349,55,45,1,1,1,1
140,0,110,319,180,115,1,1,1,1
140,1,330,345,90,60,1,1,1,1
140,2,497,337,60,45,1,1,1,1
140,3,678,337,280,65,1,1,1,1
140,4,905,349,55,45,1,1,1,1
141,0,110,319,180,115,1,1,1,1
141,1,330,345,90,60,1,1,1,1
141,2,497,337,60,45,1,1,1,1
141,3,678,337,280,65,1,1,1,1
141,4,905,349,55,45,1,1,1,1
142,0,110,319,180,115,1,1,1,1
142,1,330,345,90,60,1,1,1,1
142,2,497,337,60,45,1,1,1,1
142,3,678,337,280,65,1,1,1,1
142,4,905,349,55,45,1,1,1,1
143,0,110,319,180,115,1,1,1,1
143,1,330,345,90,60,1,1,1,1
143,2,497,337,60,45,1,1,1,1
143,3,678,337,280,65,1,1,1,1
143,4,905,349,55,45,1,1,1,1
144,0,110,319,180,115,1,1,1,1
144,1,330,345,90,60,1,1,1,1
144,2,497,337,60,45,1,1,1,1
144,3,678,337,280,65,1,1,1,1
144,4,905,349,55,45,1,1,1,1
145,0,110,319,180,115,1,1,1,1
145,1,330,345,90,60,1,1,1,1
145,2,497,337,60,45,1,1,1,1
145,3,678,337,280,65,1,1,1,1
145,4,905,349,55,45,1,1,1,1
146,0,110,319,180,115,1,1,1,1
146,1,330,345,90,60,1,1,1,1
146,2,497,337,60,45,1,1,1,1
146,3,678,337,280,65,1,1,1,1
146,4,905,349,55,45,1,1,1,1
147,0,110,319,180,115,1,1,1,1
147,1,330,345,90,60,1,1,1,1
147,2,497,337,60,45,1,1,1,1
147,3,678,337,280,65,1,1,1,1
147,4,905,349,55,45,1,1,1,1
148,0,110,319,180,115,1,1,1,1
148,1,330,345,90,60,1,1,1,1
148,2,497,337,60,45,1,1,1,1
148,3,678,337,280,65,1,1,1,1
148,4,905,349,55,45,1,1,1,1
149,0,110,319,180,115,1,1,1,1
149,1,330,345,90,60,1,1,1,1
149,2,497,337,60,45,1,1,1,1
149,3,678,337,280,65,1,1,1,1
149,4,905,349,55,45,1,1,1,1
150,0,110,319,180,115,1,1,1,1
150,1,330,345,90,60,1,1,1,1
150,2,497,337,60,45,1,1,1,1
150,3,678,337,280,65,1,1,1,1
150,4,905,349,55,45,1,1,1,1
151,0,110,319,180,115,1,1,1,1
151,1,330,345,90,60,1,1,1,1
151,2,497,337,60,45,1,1,1,1
151,3,678,337,280,65,1,1,1,1
151,4,905,349,55,45,1,1,1,1
152,0,110,320,180,115,1,1,1,1
152,1,330,345,90,60,1,1,1,1
152,2,497,337,60,45,1,1,1,1
152,3,678,337,280,65,1,1,1,1
152,4,905,350,55,45,1,1,1,1
153,0,109,320,180,115,1,1,1,1
153,1,329,345,90,60,1,1,1,1
153,2,497,337,60,45,1,1,1,1
153,3,678,337,280,65,1,1,1,1
153,4,904,350,55,45,1,1,1,1
154,0,109,320,180,115,1,1,1,1
154,1,329,345,90,60,1,1,1,1
154,2,497,337,60,45,1,1,1,1
154,3,678,337,280,65,1,1,1,1
154,4,904,350,55,45,1,1,1,1
155,0,109,320,180,115,1,1,1,1
155,1,329,345,90,60,1,1,1,1
155,2,497,337,60,45,1,1,1,1
155,3,678,337,280,65,1,1,1,1
155,4,904,350,55,45,1,1,1,1
156,0,109,320,180,115,1,1,1,1
156,1,329,345,90,60,1,1,1,1
156,2,497,337,60,45,1,1,1,1
156,3,678,337,280,65,1,1,1,1
156,4,904,350,55,45,1,1,1,1
157,0,109,320,180,115,1,1,1,1
157,1,329,345,90,60,1,1,1,1
157,2,497,337,60,45,1,1,1,1
157,3,678,337,280,65,1,1,1,1
157,4,904,350,55,45,1,1,1,1
158,0,109,320,180,115,1,1,1,1
158,1,329,345,90,60,1,1,1,1
158,2,497,337,60,45,1,1,1,1
158,3,678,337,280,65,1,1,1,1
158,4,904,350,55,45,1,1,1,1
159,0,109,320,180,115,1,1,1,1
159,1,329,345,90,60,1,1,1,1
159,2,497,337,60,45,1,1,1,1
159,3,678,337,280,65,1,1,1,1
159,4,904,350,55,45,1,1,1,1
160,0,109,320,180,115,1,1,1,1
160,1,329,345,90,60,1,1,1,1
160,2,497,337,60,45,1,1,1,1
160,3,678,337,280,65,1,1,1,1
160,4,904,350,55,45,1,1,1,1
161,0,109,320,180,115,1,1,1,1
161,1,329,345,90,60,1,1,1,1
161,2,497,337,60,45,1,1,1,1
161,3,678,337,280,65,1,1,1,1
161,4,904,350,55,45,1,1,1,1
162,0,109,320,180,115,1,1,1,1
162,1,329,345,90,60,1,1,1,1
162,2,497,337,60,45,1,1,1,1
162,3,678,337,280,65,1,1,1,1
162,4,904,350,55,45,1,1,1,1
163,0,109,320,180,115,1,1,1,1
163,1,329,345,90,60,1,1,1,1
163,2,497,337,60,45,1,1,1,1
163,3,678,337,280,65,1,1,1,1
163,4,904,350,55,45,1,1,1,1
164,0,109,320,180,115,1,1,1,1
164,1,329,345,90,60,1,1,1,1
164,2,497,337,60,45,1,1,1,1
164,3,678,337,280,65,1,1,1,1
164,4,904,350,55,45,1,1,1,1
165,0,109,320,180,115,1,1,1,1
165,1,329,345,90,60,1,1,1,1
165,2,497,337,60,45,1,1,1,1
165,3,678,337,280,65,1,1,1,1
165,4,904,350,55,45,1,1,1,1
166,0,109,320,180,115,1,1,1,1
166,1,329,345,90,60,1,1,1,1
166,2,497,337,60,45,1,1,1,1
166,3,678,337,280,65,1,1,1,1
166,4,904,350,55,45,1,1,1,1
167,0,109,320,180,115,1,1,1,1
167,1,329,345,90,60,1,1,1,1
167,2,497,337,60,45,1,1,1,1
167,3,678,337,280,65,1,1,1,1
167,4,904,350,55,45,1,1,1,1
168,0,108,320,180,115,1,1,1,1
168,1,329,345,90,60,1,1,1,1
168,2,497,337,60,45,1,1,1,1
168,3,678,337,280,65,1,1,1,1
168,4,904,350,55,45,1,1,1,1
169,0,108,320,180,115,1,1,1,1
169,1,329,345,90,60,1,1,1,1
169,2,497,337,60,45,1,1,1,1
169,3,678,337,280,65,1,1,1,1
169,4,904,350,55,45,1,1,1,1
170,0,108,320,180,115,1,1,1,1
170,1,329,345,90,60,1,1,1,1
170,2,497,337,60,45,1,1,1,1
170,3,678,337,280,65,1,1,1,1
170,4,904,350,55,45,1,1,1,1
171,0,108,320,180,115,1,1,1,1
171,1,329,345,90,60,1,1,1,1
171,2,497,337,60,45,1,1,1,1
171,3,678,337,280,65,1,1,1,1
171,4,904,350,55,45,1,1,1,1
172,0,108,320,180,115,1,1,1,1
172,1,329,345,90,60,1,1,1,1
172,2,497,337,60,45,1,1,1,1
172,3,678,337,280,65,1,1,1,1
172,4,904,350,55,45,1,1,1,1
173,0,108,320,180,115,1,1,1,1
173,1,329,345,90,60,1,1,1,1
173,2,497,337,60,45,1,1,1,1
173,3,678,337,280,65,1,1,1,1
173,4,903,350,55,45,1,1,1,1
174,0,108,320,180,115,1,1,1,1
174,1,329,345,90,60,1,1,1,1
174,2,497,337,60,45,1,1,1,1
174,3,678,337,280,65,1,1,1,1
174,4,903,350,55,45,1,1,1,1
175,0,108,320,180,115,1,1,1,1
175,1,329,345,90,60,1,1,1,1
175,2,497,337,60,45,1,1,1,1
175,3,678,337,280,65,1,1,1,1
175,4,903,350,55,45,1,1,1,1
176,0,108,320,180,115,1,1,1,1
176,1,329,345,90,60,1,1,1,1
176,2,497,337,60,45,1,1,1,1
176,3,678,337,280,65,1,1,1,1
176,4,903,350,55,45,1,1,1,1
177,0,108,320,180,115,1,1,1,1
177,1,329,345,90,60,1,1,1,1
177,2,497,337,60,45,1,1,1,1
177,3,678,337,280,65,1,1,1,1
177,4,903,350,55,45,1,1,1,1
178,0,108,320,180,115,1,1,1,1
178,1,329,345,90,60,1,1,1,1
178,2,497,337,60,45,1,1,1,1
178,3,678,337,280,65,1,1,1,1
178,4,903,350,55,45,1,1,1,1
179,0,108,320,180,115,1,1,1,1
179,1,329,345,90,60,1,1,1,1
179,2,497,337,60,45,1,1,1,1
179,3,678,337,280,65,1,1,1,1
179,4,903,350,55,45,1,1,1,1
180,0,108,320,180,115,1,1,1,1
180,1,329,345,90,60,1,1,1,1
180,2,497,337,60,45,1,1,1,1
180,3,678,337,280,65,1,1,1,1
180,4,903,350,55,45,1,1,1,1
181,0,108,320,180,115,1,1,1,1
181,1,329,345,90,60,1,1,1,1
181,2,497,337,60,45,1,1,1,1
181,3,678,337,280,65,1,1,1,1
181,4,903,350,55,45,1,1,1,1
182,0,108,320,180,115,1,1,1,1
182,1,329,345,90,60,1,1,1,1
182,2,497,337,60,45,1,1,1,1
182,3,678,337,280,65,1,1,1,1
182,4,903,350,55,45,1,1,1,1
183,0,107,320,180,115,1,1,1,1
183,1,328,345,90,60,1,1,1,1
183,2,496,337,60,45,1,1,1,1
183,3,678,337,280,65,1,1,1,1
183,4,903,350,55,45,1,1,1,1
184,0,107,320,180,115,1,1,1,1
184,1,328,345,90,60,1,1,1,1
184,2,496,337,60,45,1,1,1,1
184,3,678,337,280,65,1,1,1,1
184,4,903,350,55,45,1,1,1,1
185,0,107,320,180,115,1,1,1,1
185,1,328,345,90,60,1,1,1,1
185,2,496,337,60,45,1,1,1,1
185,3,678,337,280,65,1,1,1,1
185,4,903,350,55,45,1,1,1,1
186,0,107,320,180,115,1,1,1,1
186,1,328,345,90,60,1,1,1,1
186,2,496,337,60,45,1,1,1,1
186,3,678,337,280,65,1,1,1,1
186,4,903,350,55,45,1,1,1,1
187,0,107,320,180,115,1,1,1,1
187,1,328,345,90,60,1,1,1,1
187,2,496,337,60,45,1,1,1,1
187,3,678,337,280,65,1,1,1,1
187,4,903,350,55,45,1,1,1,1
188,0,107,320,180,115,1,1,1,1
188,1,328,345,90,60,1,1,1,1
188,2,496,337,60,45,1,1,1,1
188,3,678,337,280,65,1,1,1,1
188,4,903,350,55,45,1,1,1,1
189,0,107,320,180,115,1,1,1,1
189,1,328,345,90,60,1,1,1,1
189,2,496,337,60,45,1,1,1,1
189,3,678,337,280,65,1,1,1,1
189,4,903,350,55,45,1,1,1,1
190,0,107,320,180,115,1,1,1,1
190,1,328,345,90,60,1,1,1,1
190,2,496,337,60,45,1,1,1,1
190,3,678,337,280,65,1,1,1,1
190,4,903,350,55,45,1,1,1,1
191,0,107,320,180,115,1,1,1,1
191,1,328,345,90,60,1,1,1,1
191,2,496,337,60,45,1,1,1,1
191,3,678,337,280,65,1,1,1,1
191,4,903,350,55,45,1,1,1,1
192,0,107,320,180,115,1,1,1,1
192,1,328,345,90,60,1,1,1,1
192,2,496,337,60,45,1,1,1,1
192,3,678,337,280,65,1,1,1,1
192,4,903,350,55,45,1,1,1,1
193,0,107,320,180,115,1,1,1,1
193,1,328,345,90,60,1,1,1,1
193,2,496,337,60,45,1,1,1,1
193,3,678,337,280,65,1,1,1,1
193,4,902,350,55,45,1,1,1,1
194,0,107,320,180,115,1,1,1,1
194,1,328,345,90,60,1,1,1,1
194,2,496,337,60,45,1,1,1,1
194,3,678,337,280,65,1,1,1,1
194,4,902,350,55,45,1,1,1,1
195,0,107,320,180,115,1,1,1,1
195,1,328,345,90,60,1,1,1,1
195,2,496,337,60,45,1,1,1,1
195,3,678,337,280,65,1,1,1,1
195,4,902,350,55,45,1,1,1,1
196,0,107,320,180,115,1,1,1,1
196,1,328,345,90,60,1,1,1,1
196,2,496,337,60,45,1,1,1,1
196,3,678,337,280,65,1,1,1,1
196,4,902,350,55,45,1,1,1,1
197,0,107,320,180,115,1,1,1,1
197,1,328,345,90,60,1,1,1,1
197,2,496,337,60,45,1,1,1,1
197,3,678,337,280,65,1,1,1,1
197,4,902,350,55,45,1,1,1,1
198,0,106,320,180,115,1,1,1,1
198,1,328,345,90,60,1,1,1,1
198,2,496,337,60,45,1,1,1,1
198,3,678,337,280,65,1,1,1,1
198,4,902,350,55,45,1,1,1,1
199,0,106,320,180,115,1,1,1,1
199,1,328,345,90,60,1,1,1,1
199,2,496,337,60,45,1,1,1,1
199,3,678,337,280,65,1,1,1,1
199,4,902,350,55,45,1,1,1,1
200,0,106,320,180,115,1,1,1,1
200,1,328,345,90,60,1,1,1,1
200,2,496,337,60,45,1,1,1,1
200,3,678,337,280,65,1,1,1,1
200,4,902,350,55,45,1,1,1,1
201,0,106,320,180,115,1,1,1,1
201,1,328,345,90,60,1,1,1,1
201,2,496,337,60,45,1,1,1,1
201,3,678,337,280,65,1,1,1,1
201,4,902,350,55,45,1,1,1,1
202,0,106,320,180,115,1,1,1,1
202,1,328,345,90,60,1,1,1,1
202,2,496,337,60,45,1,1,1,1
202,3,678,337,280,65,1,1,1,1
202,4,902,350,55,45,1,1,1,1
203,0,106,320,180,115,1,1,1,1
203,1,328,345,90,60,1,1,1,1
203,2,496,337,60,45,1,1,1,1
203,3,677,337,280,65,1,1,1,1
203,4,902,350,55,45,1,1,1,1
204,0,106,320,180,115,1,1,1,1
204,1,328,345,90,60,1,1,1,1
204,2,496,337,60,45,1,1,1,1
204,3,677,337,280,65,1,1,1,1
204,4,902,350,55,45,1,1,1,1
205,0,106,320,180,115,1,1,1,1
205,1,328,345,90,60,1,1,1,1
205,2,496,337,60,45,1,1,1,1
205,3,677,337,280,65,1,1,1,1
205,4,902,350,55,45,1,1,1,1
206,0,106,320,180,115,1,1,1,1
206,1,328,345,90,60,1,1,1,1
206,2,496,337,60,45,1,1,1,1
206,3,677,337,280,65,1,1,1,1
206,4,902,350,55,45,1,1,1,1
207,0,106,320,180,115,1,1,1,1
207,1,328,345,90,60,1,1,1,1
207,2,496,337,60,45,1,1,1,1
207,3,677,337,280,65,1,1,1,1
207,4,902,350,55,45,1,1,1,1
208,0,106,320,180,115,1,1,1,1
208,1,328,345,90,60,1,1,1,1
208,2,496,337,60,45,1,1,1,1
208,3,677,337,280,65,1,1,1,1
208,4,902,350,55,45,1,1,1,1
209,0,106,320,180,115,1,1,1,1
209,1,328,345,90,60,1,1,1,1
209,2,496,337,60,45,1,1,1,1
209,3,677,337,280,65,1,1,1,1
209,4,902,350,55,45,1,1,1,1
210,0,106,320,180,115,1,1,1,1
210,1,328,345,90,60,1,1,1,1
210,2,496,337,60,45,1,1,1,1
210,3,677,337,280,65,1,1,1,1
210,4,902,350,55,45,1,1,1,1
211,0,106,320,180,115,1,1,1,1
211,1,328,345,90,60,1,1,1,1
211,2,496,337,60,45,1,1,1,1
211,3,677,337,280,65,1,1,1,1
211,4,902,350,55,45,1,1,1,1
212,0,106,321,180,115,1,1,1,1
212,1,328,345,90,60,1,1,1,1
212,2,496,337,60,45,1,1,1,1
212,3,677,337,280,65,1,1,1,1
212,4,902,351,55,45,1,1,1,1
213,0,105,321,180,115,1,1,1,1
213,1,327,345,90,60,1,1,1,1
213,2,496,337,60,45,1,1,1,1
213,3,677,337,280,65,1,1,1,1
213,4,901,351,55,45,1,1,1,1
214,0,105,321,180,115,1,1,1,1
214,1,327,345,90,60,1,1,1,1
214,2,496,337,60,45,1,1,1,1
214,3,677,337,280,65,1,1,1,1
214,4,901,351,55,45,1,1,1,1
215,0,105,321,180,115,1,1,1,1
215,1,327,345,90,60,1,1,1,1
215,2,496,337,60,45,1,1,1,1
215,3,677,337,280,65,1,1,1,1
215,4,901,351,55,45,1,1,1,1
216,0,105,321,180,115,1,1,1,1
216,1,327,345,90,60,1,1,1,1
216,2,496,337,60,45,1,1,1,1
216,3,677,337,280,65,1,1,1,1
216,4,901,351,55,45,1,1,1,1
217,0,105,321,180,115,1,1,1,1
217,1,327,345,90,60,1,1,1,1
217,2,496,337,60,45,1,1,1,1
217,3,677,337,280,65,1,1,1,1
217,4,901,351,55,45,1,1,1,1
218,0,105,321,180,115,1,1,1,1
218,1,327,345,90,60,1,1,1,1
218,2,496,337,60,45,1,1,1,1
218,3,677,337,280,65,1,1,1,1
218,4,901,351,55,45,1,1,1,1
219,0,105,321,180,115,1,1,1,1
219,1,327,345,90,60,1,1,1,1
219,2,496,337,60,45,1,1,1,1
219,3,677,337,280,65,1,1,1,1
219,4,901,351,55,45,1,1,1,1
220,0,105,321,180,115,1,1,1,1
220,1,327,345,90,60,1,1,1,1
220,2,496,337,60,45,1,1,1,1
220,3,677,337,280,65,1,1,1,1
220,4,901,351,55,45,1,1,1,1
221,0,105,321,180,115,1,1,1,1
221,1,327,345,90,60,1,1,1,1
221,2,496,337,60,45,1,1,1,1
221,3,677,337,280,65,1,1,1,1
221,4,901,351,55,45,1,1,1,1
222,0,105,321,180,115,1,1,1,1
222,1,327,345,90,60,1,1,1,1
222,2,496,337,60,45,1,1,1,1
222,3,677,337,280,65,1,1,1,1
222,4,901,351,55,45,1,1,1,1
223,0,105,321,180,115,1,1,1,1
223,1,327,345,90,60,1,1,1,1
223,2,496,337,60,45,1,1,1,1
223,3,677,337,280,65,1,1,1,1
223,4,901,351,55,45,1,1,1,1
224,0,105,321,180,115,1,1,1,1
224,1,327,345,90,60,1,1,1,1
224,2,496,337,60,45,1,1,1,1
224,3,677,337,280,65,1,1,1,1
224,4,901,351,55,45,1,1,1,1
225,0,105,321,180,115,1,1,1,1
225,1,327,345,90,60,1,1,1,1
225,2,496,337,60,45,1,1,1,1
225,3,677,337,280,65,1,1,1,1
225,4,901,351,55,45,1,1,1,1
226,0,105,321,180,115,1,1,1,1
226,1,327,345,90,60,1,1,1,1
226,2,496,337,60,45,1,1,1,1
226,3,677,337,280,65,1,1,1,1
226,4,901,351,55,45,1,1,1,1
227,0,105,321,180,115,1,1,1,1
227,1,327,345,90,60,1,1,1,1
227,2,496,337,60,45,1,1,1,1
227,3,677,337,280,65,1,1,1,1
227,4,901,351,55,45,1,1,1,1
228,0,104,321,180,115,1,1,1,1
228,1,327,345,90,60,1,1,1,1
228,2,496,337,60,45,1,1,1,1
228,3,677,337,280,65,1,1,1,1
228,4,901,351,55,45,1,1,1,1
229,0,104,321,180,115,1,1,1,1
229,1,327,345,90,60,1,1,1,1
229,2,496,337,60,45,1,1,1,1
229,3,677,337,280,65,1,1,1,1
229,4,901,351,55,45,1,1,1,1
230,0,104,321,180,115,1,1,1,1
230,1,327,345,90,60,1,1,1,1
230,2,496,337,60,45,1,1,1,1
230,3,677,337,280,65,1,1,1,1
230,4,901,351,55,45,1,1,1,1
231,0,104,321,180,115,1,1,1,1
231,1,327,345,90,60,1,1,1,1
231,2,496,337,60,45,1,1,1,1
231,3,677,337,280,65,1,1,1,1
231,4,901,351,55,45,1,1,1,1
232,0,104,321,180,115,1,1,1,1
232,1,327,345,90,60,1,1,1,1
232,2,496,337,60,45,1,1,1,1
232,3,677,337,280,65,1,1,1,1
232,4,901,351,55,45,1,1,1,1
233,0,104,321,180,115,1,1,1,1
233,1,327,345,90,60,1,1,1,1
233,2,496,337,60,45,1,1,1,1
233,3,677,337,280,65,1,1,1,1
233,4,900,351,55,45,1,1,1,1
234,0,104,321,180,115,1,1,1,1
234,1,327,345,90,60,1,1,1,1
234,2,496,337,60,45,1,1,1,1
234,3,677,337,280,65,1,1,1,1
234,4,900,351,55,45,1,1,1,1
235,0,104,321,180,115,1,1,1,1
235,1,327,345,90,60,1,1,1,1
235,2,496,337,60,45,1,1,1,1
235,3,677,337,280,65,1,1,1,1
235,4,900,351,55,45,1,1,1,1
236,0,104,321,180,115,1,1,1,1
236,1,327,345,90,60,1,1,1,1
236,2,496,337,60,45,1,1,1,1
236,3,677,337,280,65,1,1,1,1
236,4,900,351,55,45,1,1,1,1
237,0,104,321,180,115,1,1,1,1
237,1,327,345,90,60,1,1,1,1
237,2,496,337,60,45,1,1,1,1
237,3,677,337,280,65,1,1,1,1
237,4,900,351,55,45,1,1,1,1
238,0,104,321,180,115,1,1,1,1
238,1,327,345,90,60,1,1,1,1
238,2,496,337,60,45,1,1,1,1
238,3,677,337,280,65,1,1,1,1
238,4,900,351,55,45,1,1,1,1
239,0,104,321,180,115,1,1,1,1
239,1,327,345,90,60,1,1,1,1
239,2,496,337,60,45,1,1,1,1
239,3,677,337,280,65,1,1,1,1
239,4,900,351,55,45,1,1,1,1
240,0,104,321,180,115,1,1,1,1
240,1,327,345,90,60,1,1,1,1
240,2,496,337,60,45,1,1,1,1
240,3,677,337,280,65,1,1,1,1
240,4,900,351,55,45,1,1,1,1
241,0,104,321,180,115,1,1,1,1
241,1,327,345,90,60,1,1,1,1
241,2,496,337,60,45,1,1,1,1
241,3,677,337,280,65,1,1,1,1
241,4,900,351,55,45,1,1,1,1
242,0,104,321,180,115,1,1,1,1
242,1,327,345,90,60,1,1,1,1
242,2,496,337,60,45,1,1,1,1
242,3,677,337,280,65,1,1,1,1
242,4,900,351,55,45,1,1,1,1
243,0,103,321,180,115,1,1,1,1
243,1,326,345,90,60,1,1,1,1
243,2,495,337,60,45,1,1,1,1
243,3,677,337,280,65,1,1,1,1
243,4,900,351,55,45,1,1,1,1
244,0,103,321,180,115,1,1,1,1
244,1,326,345,90,60,1,1,1,1
244,2,495,337,60,45,1,1,1,1
244,3,677,337,280,65,1,1,1,1
244,4,900,351,55,45,1,1,1,1
245,0,103,321,180,115,1,1,1,1
245,1,326,345,90,60,1,1,1,1
245,2,495,337,60,45,1,1,1,1
245,3,677,337,280,65,1,1,1,1
245,4,900,351,55,45,1,1,1,1
246,0,103,321,180,115,1,1,1,1
246,1,326,345,90,60,1,1,1,1
246,2,495,337,60,45,1,1,1,1
246,3,677,337,280,65,1,1,1,1
246,4,900,351,55,45,1,1,1,1
247,0,103,321,180,115,1,1,1,1
247,1,326,345,90,60,1,1,1,1
247,2,495,337,60,45,1,1,1,1
247,3,677,337,280,65,1,1,1,1
247,4,900,351,55,45,1,1,1,1
248,0,103,321,180,115,1,1,1,1
248,1,326,345,90,60,1,1,1,1
248,2,495,337,60,45,1,1,1,1
248,3,677,337,280,65,1,1,1,1
248,4,900,351,55,45,1,1,1,1
249,0,103,321,180,115,1,1,1,1
249,1,326,345,90,60,1,1,1,1
249,2,495,337,60,45,1,1,1,1
249,3,677,337,280,65,1,1,1,1
249,4,900,351,55,45,1,1,1,1
250,0,103,321,180,115,1,1,1,1
250,1,326,345,90,60,1,1,1,1
250,2,495,337,60,45,1,1,1,1
250,3,677,337,280,65,1,1,1,1
250,4,900,351,55,45,1,1,1,1
251,0,103,321,180,115,1,1,1,1
251,1,326,345,90,60,1,1,1,1
251,2,495,337,60,45,1,1,1,1
251,3,677,337,280,65,1,1,1,1
251,4,900,351,55,45,1,1,1,1
252,0,103,321,180,115,1,1,1,1
252,1,326,345,90,60,1,1,1,1
252,2,495,337,60,45,1,1,1,1
252,3,677,337,280,65,1,1,1,1
252,4,900,351,55,45,1,1,1,1
253,0,103,321,180,115,1,1,1,1
253,1,326,345,90,60,1,1,1,1
253,2,495,337,60,45,1,1,1,1
253,3,677,337,280,65,1,1,1,1
253,4,899,351,55,45,1,1,1,1
254,0,103,321,180,115,1,1,1,1
254,1,326,345,90,60,1,1,1,1
254,2,495,337,60,45,1,1,1,1
254,3,677,337,280,65,1,1,1,1
254,4,899,351,55,45,1,1,1,1
255,0,103,321,180,115,1,1,1,1
255,1,326,345,90,60,1,1,1,1
255,2,495,337,60,45,1,1,1,1
255,3,677,337,280,65,1,1,1,1
255,4,899,351,55,45,1,1,1,1
256,0,103,321,180,115,1,1,1,1
256,1,326,345,90,60,1,1,1,1
256,2,495,337,60,45,1,1,1,1
256,3,677,337,280,65,1,1,1,1
256,4,899,351,55,45,1,1,1,1
257,0,103,321,180,115,1,1,1,1
257,1,326,345,90,60,1,1,1,1
257,2,495,337,60,45,1,1,1,1
257,3,677,337,280,65,1,1,1,1
257,4,899,351,55,45,1,1,1,1
258,0,102,321,180,115,1,1,1,1
258,1,326,345,90,60,1,1,1,1
258,2,495,337,60,45,1,1,1,1
258,3,677,337,280,65,1,1,1,1
258,4,899,351,55,45,1,1,1,1
259,0,102,321,180,115,1,1,1,1
259,1,326,345,90,60,1,1,1,1
259,2,495,337,60,45,1,1,1,1
259,3,677,337,280,65,1,1,1,1
259,4,899,351,55,45,1,1,1,1
260,0,102,321,180,115,1,1,1,1
260,1,326,345,90,60,1,1,1,1
260,2,495,337,60,45,1,1,1,1
260,3,677,337,280,65,1,1,1,1
260,4,899,351,55,45,1,1,1,1
261,0,102,321,180,115,1,1,1,1
261,1,326,345,90,60,1,1,1,1
261,2,495,337,60,45,1,1,1,1
261,3,677,337,280,65,1,1,1,1
261,4,899,351,55,45,1,1,1,1
262,0,102,321,180,115,1,1,1,1
262,1,326,345,90,60,1,1,1,1
262,2,495,337,60,45,1,1,1,1
262,3,677,337,280,65,1,1,1,1
262,4,899,351,55,45,1,1,1,1
263,0,102,321,180,115,1,1,1,1
263,1,326,345,90,60,1,1,1,1
263,2,495,337,60,45,1,1,1,1
263,3,677,337,280,65,1,1,1,1
263,4,899,351,55,45,1,1,1,1
264,0,102,321,180,115,1,1,1,1
264,1,326,345,90,60,1,1,1,1
264,2,495,337,60,45,1,1,1,1
264,3,677,337,280,65,1,1,1,1
264,4,899,351,55,45,1,1,1,1
265,0,102,321,180,115,1,1,1,1
265,1,326,345,90,60,1,1,1,1
265,2,495,337,60,45,1,1,1,1
265,3,677,337,280,65,1,1,1,1
265,4,899,351,55,45,1,1,1,1
266,0,102,321,180,115,1,1,1,1
266,1,326,345,90,60,1,1,1,1
266,2,495,337,60,45,1,1,1,1
266,3,677,337,280,65,1,1,1,1
266,4,899,351,55,45,1,1,1,1
267,0,102,321,180,115,1,1,1,1
267,1,326,345,90,60,1,1,1,1
267,2,495,337,60,45,1,1,1,1
267,3,677,337,280,65,1,1,1,1
267,4,899,351,55,45,1,1,1,1
268,0,102,321,180,115,1,1,1,1
268,1,326,345,90,60,1,1,1,1
268,2,495,337,60,45,1,1,1,1
268,3,677,337,280,65,1,1,1,1
268,4,899,351,55,45,1,1,1,1
269,0,102,321,180,115,1,1,1,1
269,1,326,345,90,60,1,1,1,1
269,2,495,337,60,45,1,1,1,1
269,3,677,337,280,65,1,1,1,1
269,4,899,351,55,45,1,1,1,1
270,0,102,321,180,115,1,1,1,1
270,1,326,345,90,60,1,1,1,1
270,2,495,337,60,45,1,1,1,1
270,3,677,337,280,65,1,1,1,1
270,4,899,351,55,45,1,1,1,1
271,0,102,321,180,115,1,1,1,1
271,1,326,345,90,60,1,1,1,1
271,2,495,337,60,45,1,1,1,1
271,3,677,337,280,65,1,1,1,1
271,4,899,351,55,45,1,1,1,1
272,0,102,322,180,115,1,1,1,1
272,1,326,345,90,60,1,1,1,1
272,2,495,337,60,45,1,1,1,1
272,3,677,337,280,65,1,1,1,1
272,4,899,352,55,45,1,1,1,1
273,0,101,322,180,115,1,1,1,1
273,1,325,345,90,60,1,1,1,1
273,2,495,337,60,45,1,1,1,1
273,3,677,337,280,65,1,1,1,1
273,4,898,352,55,45,1,1,1,1
274,0,101,322,180,115,1,1,1,1
274,1,325,345,90,60,1,1,1,1
274,2,495,337,60,45,1,1,1,1
274,3,677,337,280,65,1,1,1,1
274,4,898,352,55,45,1,1,1,1
275,0,101,322,180,115,1,1,1,1
275,1,325,345,90,60,1,1,1,1
275,2,495,337,60,45,1,1,1,1
275,3,677,337,280,65,1,1,1,1
275,4,898,352,55,45,1,1,1,1
276,0,101,322,180,115,1,1,1,1
276,1,325,345,90,60,1,1,1,1
276,2,495,337,60,45,1,1,1,1
276,3,677,337,280,65,1,1,1,1
276,4,898,352,55,45,1,1,1,1
277,0,101,322,180,115,1,1,1,1
277,1,325,345,90,60,1,1,1,1
277,2,495,337,60,45,1,1,1,1
277,3,677,337,280,65,1,1,1,1
277,4,898,352,55,45,1,1,1,1
278,0,101,322,180,115,1,1,1,1
278,1,325,345,90,60,1,1,1,1
278,2,495,337,60,45,1,1,1,1
278,3,677,337,280,65,1,1,1,1
278,4,898,352,55,45,1,1,1,1
279,0,101,322,180,115,1,1,1,1
279,1,325,345,90,60,1,1,1,1
279,2,495,337,60,45,1,1,1,1
279,3,677,337,280,65,1,1,1,1
279,4,898,352,55,45,1,1,1,1
280,0,101,322,180,115,1,1,1,1
280,1,325,345,90,60,1,1,1,1
280,2,495,337,60,45,1,1,1,1
280,3,677,337,280,65,1,1,1,1
280,4,898,352,55,45,1,1,1,1
281,0,101,322,180,115,1,1,1,1
281,1,325,345,90,60,1,1,1,1
281,2,495,337,60,45,1,1,1,1
281,3,677,337,280,65,1,1,1,1
281,4,898,352,55,45,1,1,1,1
282,0,101,322,180,115,1,1,1,1
282,1,325,345,90,60,1,1,1,1
282,2,495,337,60,45,1,1,1,1
282,3,677,337,280,65,1,1,1,1
282,4,898,352,55,45,1,1,1,1
283,0,101,322,180,115,1,1,1,1
283,1,325,345,90,60,1,1,1,1
283,2,495,337,60,45,1,1,1,1
283,3,677,337,280,65,1,1,1,1
283,4,898,352,55,45,1,1,1,1
284,0,101,322,180,115,1,1,1,1
284,1,325,345,90,60,1,1,1,1
284,2,495,337,60,45,1,1,1,1
284,3,677,337,280,65,1,1,1,1
284,4,898,352,55,45,1,1,1,1
285,0,101,322,180,115,1,1,1,1
285,1,325,345,90,60,1,1,1,1
285,2,495,337,60,45,1,1,1,1
285,3,677,337,280,65,1,1,1,1
285,4,898,352,55,45,1,1,1,1
286,0,101,322,180,115,1,1,1,1
286,1,325,345,90,60,1,1,1,1
286,2,495,337,60,45,1,1,1,1
286,3,677,337,280,65,1,1,1,1
286,4,898,352,55,45,1,1,1,1
287,0,101,322,180,115,1,1,1,1
287,1,325,345,90,60,1,1,1,1
287,2,495,337,60,45,1,1,1,1
287,3,677,337,280,65,1,1,1,1
287,4,898,352,55,45,1,1,1,1
288,0,100,322,180,115,1,1,1,1
288,1,325,345,90,60,1,1,1,1
288,2,495,337,60,45,1,1,1,1
288,3,677,337,280,65,1,1,1,1
288,4,898,352,55,45,1,1,1,1
289,0,100,322,180,115,1,1,1,1
289,1,325,345,90,60,1,1,1,1
289,2,495,337,60,45,1,1,1,1
289,3,677,337,280,65,1,1,1,1
289,4,898,352,55,45,1,1,1,1
290,0,100,322,180,115,1,1,1,1
290,1,325,345,90,60,1,1,1,1
290,2,495,337,60,45,1,1,1,1
290,3,677,337,280,65,1,1,1,1
290,4,898,352,55,45,1,1,1,1
291,0,100,322,180,115,1,1,1,1
291,1,325,345,90,60,1,1,1,1
291,2,495,337,60,45,1,1,1,1
291,3,677,337,280,65,1,1,1,1
291,4,898,352,55,45,1,1,1,1
292,0,100,322,180,115,1,1,1,1
292,1,325,345,90,60,1,1,1,1
292,2,495,337,60,45,1,1,1,1
292,3,677,337,280,65,1,1,1,1
292,4,898,352,55,45,1,1,1,1
293,0,100,322,180,115,1,1,1,1
293,1,325,345,90,60,1,1,1,1
293,2,495,337,60,45,1,1,1,1
293,3,677,337,280,65,1,1,1,1
293,4,897,352,55,45,1,1,1,1
294,0,100,322,180,115,1,1,1,1
294,1,325,345,90,60,1,1,1,1
294,2,495,337,60,45,1,1,1,1
294,3,677,337,280,65,1,1,1,1
294,4,897,352,55,45,1,1,1,1
295,0,100,322,180,115,1,1,1,1
295,1,325,345,90,60,1,1,1,1
295,2,495,337,60,45,1,1,1,1
295,3,677,337,280,65,1,1,1,1
295,4,897,352,55,45,1,1,1,1
296,0,100,322,180,115,1,1,1,1
296,1,325,345,90,60,1,1,1,1
296,2,495,337,60,45,1,1,1,1
296,3,677,337,280,65,1,1,1,1
296,4,897,352,55,45,1,1,1,1
297,0,100,322,180,115,1,1,1,1
297,1,325,345,90,60,1,1,1,1
297,2,495,337,60,45,1,1,1,1
297,3,677,337,280,65,1,1,1,1
297,4,897,352,55,45,1,1,1,1
298,0,100,322,180,115,1,1,1,1
298,1,325,345,90,60,1,1,1,1
298,2,495,337,60,45,1,1,1,1
298,3,677,337,280,65,1,1,1,1
298,4,897,352,55,45,1,1,1,1
299,0,100,322,180,115,1,1,1,1
299,1,325,345,90,60,1,1,1,1
299,2,495,337,60,45,1,1,1,1
299,3,677,337,280,65,1,1,1,1
299,4,897,352,55,45,1,1,1,1
300,0,100,322,180,115,1,1,1,1
300,1,325,345,90,60,1,1,1,1
300,2,495,337,60,45,1,1,1,1
300,3,677,337,280,65,1,1,1,1
300,4,897,352,55,45,1,1,1,1
301,0,100,322,180,115,1,1,1,1
301,1,325,345,90,60,1,1,1,1
301,2,495,337,60,45,1,1,1,1
301,3,677,337,280,65,1,1,1,1
301,4,897,352,55,45,1,1,1,1
302,0,100,322,180,115,1,1,1,1
302,1,325,345,90,60,1,1,1,1
302,2,495,337,60,45,1,1,1,1
302,3,677,337,280,65,1,1,1,1
302,4,897,352,55,45,1,1,1,1
303,0,99,322,180,115,1,1,1,1
303,1,324,345,90,60,1,1,1,1
303,2,494,337,60,45,1,1,1,1
303,3,676,337,280,65,1,1,1,1
303,4,897,352,55,45,1,1,1,1
304,0,99,322,180,115,1,1,1,1
304,1,324,345,90,60,1,1,1,1
304,2,494,337,60,45,1,1,1,1
304,3,676,337,280,65,1,1,1,1
304,4,897,352,55,45,1,1,1,1
305,0,99,322,180,115,1,1,1,1
305,1,324,345,90,60,1,1,1,1
305,2,494,337,60,45,1,1,1,1
305,3,676,337,280,65,1,1,1,1
305,4,897,352,55,45,1,1,1,1
306,0,99,322,180,115,1,1,1,1
306,1,324,345,90,60,1,1,1,1
306,2,494,337,60,45,1,1,1,1
306,3,676,337,280,65,1,1,1,1
306,4,897,352,55,45,1,1,1,1
307,0,99,322,180,115,1,1,1,1
307,1,324,345,90,60,1,1,1,1
307,2,494,337,60,45,1,1,1,1
307,3,676,337,280,65,1,1,1,1
307,4,897,352,55,45,1,1,1,1
308,0,99,322,180,115,1,1,1,1
308,1,324,345,90,60,1,1,1,1
308,2,494,337,60,45,1,1,1,1
308,3,676,337,280,65,1,1,1,1
308,4,897,352,55,45,1,1,1,1
309,0,99,322,180,115,1,1,1,1
309,1,324,345,90,60,1,1,1,1
309,2,494,337,60,45,1,1,1,1
309,3,676,337,280,65,1,1,1,1
309,4,897,352,55,45,1,1,1,1
310,0,99,322,180,115,1,1,1,1
310,1,324,345,90,60,1,1,1,1
310,2,494,337,60,45,1,1,1,1
310,3,676,337,280,65,1,1,1,1
310,4,897,352,55,45,1,1,1,1
311,0,99,322,180,115,1,1,1,1
311,1,324,345,90,60,1,1,1,1
311,2,494,337,60,45,1,1,1,1
311,3,676,337,280,65,1,1,1,1
311,4,897,352,55,45,1,1,1,1
312,0,99,322,180,115,1,1,1,1
312,1,324,345,90,60,1,1,1,1
312,2,494,337,60,45,1,1,1,1
312,3,676,337,280,65,1,1,1,1
312,4,897,352,55,45,1,1,1,1
313,0,99,322,180,115,1,1,1,1
313,1,324,345,90,60,1,1,1,1
313,2,494,337,60,45,1,1,1,1
313,3,676,337,280,65,1,1,1,1
313,4,896,352,55,45,1,1,1,1
314,0,99,322,180,115,1,1,1,1
314,1,324,345,90,60,1,1,1,1
314,2,494,337,60,45,1,1,1,1
314,3,676,337,280,65,1,1,1,1
314,4,896,352,55,45,1,1,1,1
315,0,99,322,180,115,1,1,1,1
315,1,324,345,90,60,1,1,1,1
315,2,494,337,60,45,1,1,1,1
315,3,676,337,280,65,1,1,1,1
315,4,896,352,55,45,1,1,1,1
316,0,99,322,180,115,1,1,1,1
316,1,324,345,90,60,1,1,1,1
316,2,494,337,60,45,1,1,1,1
316,3,676,337,280,65,1,1,1,1
316,4,896,352,55,45,1,1,1,1
317,0,99,322,180,115,1,1,1,1
317,1,324,345,90,60,1,1,1,1
317,2,494,337,60,45,1,1,1,1
317,3,676,337,280,65,1,1,1,1
317,4,896,352,55,45,1,1,1,1
318,0,98,322,180,115,1,1,1,1
318,1,324,345,90,60,1,1,1,1
318,2,494,337,60,45,1,1,1,1
318,3,676,337,280,65,1,1,1,1
318,4,896,352,55,45,1,1,1,1
319,0,98,322,180,115,1,1,1,1
319,1,324,345,90,60,1,1,1,1
319,2,494,337,60,45,1,1,1,1
319,3,676,337,280,65,1,1,1,1
319,4,896,352,55,45,1,1,1,1
320,0,98,322,180,115,1,1,1,1
320,1,324,345,90,60,1,1,1,1
320,2,494,337,60,45,1,1,1,1
320,3,676,337,280,65,1,1,1,1
320,4,896,352,55,45,1,1,1,1
321,0,98,322,180,115,1,1,1,1
321,1,324,345,90,60,1,1,1,1
321,2,494,337,60,45,1,1,1,1
321,3,676,337,280,65,1,1,1,1
321,4,896,352,55,45,1,1,1,1
322,0,98,322,180,115,1,1,1,1
322,1,324,345,90,60,1,1,1,1
322,2,494,337,60,45,1,1,1,1
322,3,676,337,280,65,1,1,1,1
322,4,896,352,55,45,1,1,1,1
323,0,98,322,180,115,1,1,1,1
323,1,324,345,90,60,1,1,1,1
323,2,494,337,60,45,1,1,1,1
323,3,676,337,280,65,1,1,1,1
323,4,896,352,55,45,1,1,1,1
324,0,98,322,180,115,1,1,1,1
324,1,324,345,90,60,1,1,1,1
324,2,494,337,60,45,1,1,1,1
324,3,676,337,280,65,1,1,1,1
324,4,896,352,55,45,1,1,1,1
325,0,98,322,180,115,1,1,1,1
325,1,324,345,90,60,1,1,1,1
325,2,494,337,60,45,1,1,1,1
325,3,676,337,280,65,1,1,1,1
325,4,896,352,55,45,1,1,1,1
326,0,98,322,180,115,1,1,1,1
326,1,324,345,90,60,1,1,1,1
326,2,494,337,60,45,1,1,1,1
326,3,676,337,280,65,1,1,1,1
326,4,896,352,55,45,1,1,1,1
327,0,98,322,180,115,1,1,1,1
327,1,324,345,90,60,1,1,1,1
327,2,494,337,60,45,1,1,1,1
327,3,676,337,280,65,1,1,1,1
327,4,896,352,55,45,1,1,1,1
328,0,98,322,180,115,1,1,1,1
328,1,324,345,90,60,1,1,1,1
328,2,494,337,60,45,1,1,1,1
328,3,676,337,280,65,1,1,1,1
328,4,896,352,55,45,1,1,1,1
329,0,98,322,180,115,1,1,1,1
329,1,324,345,90,60,1,1,1,1
329,2,494,337,60,45,1,1,1,1
329,3,676,337,280,65,1,1,1,1
329,4,896,352,55,45,1,1,1,1
330,0,98,322,180,115,1,1,1,1
330,1,324,345,90,60,1,1,1,1
330,2,494,337,60,45,1,1,1,1
330,3,676,337,280,65,1,1,1,1
330,4,896,352,55,45,1,1,1,1
331,0,98,322,180,115,1,1,1,1
331,1,324,345,90,60,1,1,1,1
331,2,494,337,60,45,1,1,1,1
331,3,676,337,280,65,1,1,1,1
331,4,896,352,55,45,1,1,1,1
332,0,98,323,180,115,1,1,1,1
332,1,324,345,90,60,1,1,1,1
332,2,494,337,60,45,1,1,1,1
332,3,676,337,280,65,1,1,1,1
332,4,896,353,55,45,1,1,1,1
333,0,97,323,180,115,1,1,1,1
333,1,323,345,90,60,1,1,1,1
333,2,494,337,60,45,1,1,1,1
333,3,676,337,280,65,1,1,1,1
333,4,895,353,55,45,1,1,1,1
334,0,97,323,180,115,1,1,1,1
334,1,323,345,90,60,1,1,1,1
334,2,494,337,60,45,1,1,1,1
334,3,676,337,280,65,1,1,1,1
334,4,895,353,55,45,1,1,1,1
335,0,97,323,180,115,1,1,1,1
335,1,323,345,90,60,1,1,1,1
335,2,494,337,60,45,1,1,1,1
335,3,676,337,280,65,1,1,1,1
335,4,895,353,55,45,1,1,1,1
336,0,97,323,180,115,1,1,1,1
336,1,323,345,90,60,1,1,1,1
336,2,494,337,60,45,1,1,1,1
336,3,676,337,280,65,1,1,1,1
336,4,895,353,55,45,1,1,1,1
337,0,97,323,180,115,1,1,1,1
337,1,323,345,90,60,1,1,1,1
337,2,494,337,60,45,1,1,1,1
337,3,676,337,280,65,1,1,1,1
337,4,895,353,55,45,1,1,1,1
338,0,97,323,180,115,1,1,1,1
338,1,323,345,90,60,1,1,1,1
338,2,494,337,60,45,1,1,1,1
338,3,676,337,280,65,1,1,1,1
338,4,895,353,55,45,1,1,1,1
339,0,97,323,180,115,1,1,1,1
339,1,323,345,90,60,1,1,1,1
339,2,494,337,60,45,1,1,1,1
339,3,676,337,280,65,1,1,1,1
339,4,895,353,55,45,1,1,1,1
340,0,97,323,180,115,1,1,1,1
340,1,323,345,90,60,1,1,1,1
340,2,494,337,60,45,1,1,1,1
340,3,676,337,280,65,1,1,1,1
340,4,895,353,55,45,1,1,1,1
341,0,97,323,180,115,1,1,1,1
341,1,323,345,90,60,1,1,1,1
341,2,494,337,60,45,1,1,1,1
341,3,676,337,280,65,1,1,1,1
341,4,895,353,55,45,1,1,1,1
342,0,97,323,180,115,1,1,1,1
342,1,323,345,90,60,1,1,1,1
342,2,494,337,60,45,1,1,1,1
342,3,676,337,280,65,1,1,1,1
342,4,895,353,55,45,1,1,1,1
343,0,97,323,180,115,1,1,1,1
343,1,323,345,90,60,1,1,1,1
343,2,494,337,60,45,1,1,1,1
343,3,676,337,280,65,1,1,1,1
343,4,895,353,55,45,1,1,1,1
344,0,97,323,180,115,1,1,1,1
344,1,323,345,90,60,1,1,1,1
344,2,494,337,60,45,1,1,1,1
344,3,676,337,280,65,1,1,1,1
344,4,895,353,55,45,1,1,1,1
345,0,97,323,180,115,1,1,1,1
345,1,323,345,90,60,1,1,1,1
345,2,494,337,60,45,1,1,1,1
345,3,676,337,280,65,1,1,1,1
345,4,895,353,55,45,1,1,1,1
346,0,97,323,180,115,1,1,1,1
346,1,323,345,90,60,1,1,1,1
346,2,494,337,60,45,1,1,1,1
346,3,676,337,280,65,1,1,1,1
346,4,895,353,55,45,1,1,1,1
347,0,97,323,180,115,1,1,1,1
347,1,323,345,90,60,1,1,1,1
347,2,494,337,60,45,1,1,1,1
347,3,676,337,280,65,1,1,1,1
347,4,895,353,55,45,1,1,1,1
348,0,96,323,180,115,1,1,1,1
348,1,323,345,90,60,1,1,1,1
348,2,494,337,60,45,1,1,1,1
348,3,676,337,280,65,1,1,1,1
348,4,895,353,55,45,1,1,1,1
349,0,96,323,180,115,1,1,1,1
349,1,323,345,90,60,1,1,1,1
349,2,494,337,60,45,1,1,1,1
349,3,676,337,280,65,1,1,1,1
349,4,895,353,55,45,1,1,1,1
350,0,96,323,180,115,1,1,1,1
350,1,323,345,90,60,1,1,1,1
350,2,494,337,60,45,1,1,1,1
350,3,676,337,280,65,1,1,1,1
350,4,895,353,55,45,1,1,1,1
351,0,96,323,180,115,1,1,1,1
351,1,323,345,90,60,1,1,1,1
351,2,494,337,60,45,1,1,1,1
351,3,676,337,280,65,1,1,1,1
351,4,895,353,55,45,1,1,1,1
352,0,96,323,180,115,1,1,1,1
352,1,323,345,90,60,1,1,1,1
352,2,494,337,60,45,1,1,1,1
352,3,676,337,280,65,1,1,1,1
352,4,895,353,55,45,1,1,1,1
353,0,96,323,180,115,1,1,1,1
353,1,323,345,90,60,1,1,1,1
353,2,494,337,60,45,1,1,1,1
353,3,676,337,280,65,1,1,1,1
353,4,894,353,55,45,1,1,1,1
354,0,96,323,180,115,1,1,1,1
354,1,323,345,90,60,1,1,1,1
354,2,494,337,60,45,1,1,1,1
354,3,676,337,280,65,1,1,1,1
354,4,894,353,55,45,1,1,1,1
355,0,96,323,180,115,1,1,1,1
355,1,323,345,90,60,1,1,1,1
355,2,494,337,60,45,1,1,1,1
355,3,676,337,280,65,1,1,1,1
355,4,894,353,55,45,1,1,1,1
356,0,96,323,180,115,1,1,1,1
356,1,323,345,90,60,1,1,1,1
356,2,494,337,60,45,1,1,1,1
356,3,676,337,280,65,1,1,1,1
356,4,894,353,55,45,1,1,1,1
357,0,96,323,180,115,1,1,1,1
357,1,323,345,90,60,1,1,1,1
357,2,494,337,60,45,1,1,1,1
357,3,676,337,280,65,1,1,1,1
357,4,894,353,55,45,1,1,1,1
358,0,96,323,180,115,1,1,1,1
358,1,323,345,90,60,1,1,1,1
358,2,494,337,60,45,1,1,1,1
358,3,676,337,280,65,1,1,1,1
358,4,894,353,55,45,1,1,1,1
359,0,96,323,180,115,1,1,1,1
359,1,323,345,90,60,1,1,1,1
359,2,494,337,60,45,1,1,1,1
359,3,676,337,280,65,1,1,1,1
359,4,894,353,55,45,1,1,1,1
360,0,96,323,180,115,1,1,1,1
360,1,323,345,90,60,1,1,1,1
360,2,494,337,60,45,1,1,1,1
360,3,676,337,280,65,1,1,1,1
360,4,894,353,55,45,1,1,1,1
361,0,96,323,180,115,1,1,1,1
361,1,323,345,90,60,1,1,1,1
361,2,494,337,60,45,1,1,1,1
361,3,676,337,280,65,1,1,1,1
361,4,894,353,55,45,1,1,1,1
362,0,96,323,180,115,1,1,1,1
362,1,323,345,90,60,1,1,1,1
362,2,494,337,60,45,1,1,1,1
362,3,676,337,280,65,1,1,1,1
362,4,894,353,55,45,1,1,1,1
363,0,95,323,180,115,1,1,1,1
363,1,322,345,90,60,1,1,1,1
363,2,493,337,60,45,1,1,1,1
363,3,676,337,280,65,1,1,1,1
363,4,894,353,55,45,1,1,1,1
364,0,95,323,180,115,1,1,1,1
364,1,322,345,90,60,1,1,1,1
364,2,493,337,60,45,1,1,1,1
364,3,676,337,280,65,1,1,1,1
364,4,894,353,55,45,1,1,1,1
365,0,95,323,180,115,1,1,1,1
365,1,322,345,90,60,1,1,1,1
365,2,493,337,60,45,1,1,1,1
365,3,676,337,280,65,1,1,1,1
365,4,894,353,55,45,1,1,1,1
366,0,95,323,180,115,1,1,1,1
366,1,322,345,90,60,1,1,1,1
366,2,493,337,60,45,1,1,1,1
366,3,676,337,280,65,1,1,1,1
366,4,894,353,55,45,1,1,1,1
367,0,95,323,180,115,1,1,1,1
367,1,322,345,90,60,1,1,1,1
367,2,493,337,60,45,1,1,1,1
367,3,676,337,280,65,1,1,1,1
367,4,894,353,55,45,1,1,1,1
368,0,95,323,180,115,1,1,1,1
368,1,322,345,90,60,1,1,1,1
368,2,493,337,60,45,1,1,1,1
368,3,676,337,280,65,1,1,1,1
368,4,894,353,55,45,1,1,1,1
369,0,95,323,180,115,1,1,1,1
369,1,322,345,90,60,1,1,1,1
369,2,493,337,60,45,1,1,1,1
369,3,676,337,280,65,1,1,1,1
369,4,894,353,55,45,1,1,1,1
370,0,95,323,180,115,1,1,1,1
370,1,322,345,90,60,1,1,1,1
370,2,493,337,60,45,1,1,1,1
370,3,676,337,280,65,1,1,1,1
370,4,894,353,55,45,1,1,1,1
371,0,95,323,180,115,1,1,1,1
371,1,322,345,90,60,1,1,1,1
371,2,493,337,60,45,1,1,1,1
371,3,676,337,280,65,1,1,1,1
371,4,894,353,55,45,1,1,1,1
372,0,95,323,180,115,1,1,1,1
372,1,322,345,90,60,1,1,1,1
372,2,493,337,60,45,1,1,1,1
372,3,676,337,280,65,1,1,1,1
372,4,894,353,55,45,1,1,1,1
373,0,95,323,180,115,1,1,1,1
373,1,322,345,90,60,1,1,1,1
373,2,493,337,60,45,1,1,1,1
373,3,676,337,280,65,1,1,1,1
373,4,893,353,55,45,1,1,1,1
374,0,95,323,180,115,1,1,1,1
374,1,322,345,90,60,1,1,1,1
374,2,493,337,60,45,1,1,1,1
374,3,676,337,280,65,1,1,1,1
374,4,893,353,55,45,1,1,1,1
375,0,95,323,180,115,1,1,1,1
375,1,322,345,90,60,1,1,1,1
375,2,493,337,60,45,1,1,1,1
375,3,676,337,280,65,1,1,1,1
375,4,893,353,55,45,1,1,1,1
376,0,95,323,180,115,1,1,1,1
376,1,322,345,90,60,1,1,1,1
376,2,493,337,60,45,1,1,1,1
376,3,676,337,280,65,1,1,1,1
376,4,893,353,55,45,1,1,1,1
377,0,95,323,180,115,1,1,1,1
377,1,322,345,90,60,1,1,1,1
377,2,493,337,60,45,1,1,1,1
377,3,676,337,280,65,1,1,1,1
377,4,893,353,55,45,1,1,1,1
378,0,94,323,180,115,1,1,1,1
378,1,322,345,90,60,1,1,1,1
378,2,493,337,60,45,1,1,1,1
378,3,676,337,280,65,1,1,1,1
378,4,893,353,55,45,1,1,1,1
379,0,94,323,180,115,1,1,1,1
379,1,322,345,90,60,1,1,1,1
379,2,493,337,60,45,1,1,1,1
379,3,676,337,280,65,1,1,1,1
379,4,893,353,55,45,1,1,1,1
380,0,94,323,180,115,1,1,1,1
380,1,322,345,90,60,1,1,1,1
380,2,493,337,60,45,1,1,1,1
380,3,676,337,280,65,1,1,1,1
380,4,893,353,55,45,1,1,1,1
381,0,94,323,180,115,1,1,1,1
381,1,322,345,90,60,1,1,1,1
381,2,493,337,60,45,1,1,1,1
381,3,676,337,280,65,1,1,1,1
381,4,893,353,55,45,1,1,1,1
382,0,94,323,180,115,1,1,1,1
382,1,322,345,90,60,1,1,1,1
382,2,493,337,60,45,1,1,1,1
382,3,676,337,280,65,1,1,1,1
382,4,893,353,55,45,1,1,1,1
383,0,94,323,180,115,1,1,1,1
383,1,322,345,90,60,1,1,1,1
383,2,493,337,60,45,1,1,1,1
383,3,676,337,280,65,1,1,1,1
383,4,893,353,55,45,1,1,1,1
384,0,94,323,180,115,1,1,1,1
384,1,322,345,90,60,1,1,1,1
384,2,493,337,60,45,1,1,1,1
384,3,676,337,280,65,1,1,1,1
384,4,893,353,55,45,1,1,1,1
385,0,94,323,180,115,1,1,1,1
385,1,322,345,90,60,1,1,1,1
385,2,493,337,60,45,1,1,1,1
385,3,676,337,280,65,1,1,1,1
385,4,893,353,55,45,1,1,1,1
386,0,94,323,180,115,1,1,1,1
386,1,322,345,90,60,1,1,1,1
386,2,493,337,60,45,1,1,1,1
386,3,676,337,280,65,1,1,1,1
386,4,893,353,55,45,1,1,1,1
387,0,94,323,180,115,1,1,1,1
387,1,322,345,90,60,1,1,1,1
387,2,493,337,60,45,1,1,1,1
387,3,676,337,280,65,1,1,1,1
387,4,893,353,55,45,1,1,1,1
388,0,94,323,180,115,1,1,1,1
388,1,322,345,90,60,1,1,1,1
388,2,493,337,60,45,1,1,1,1
388,3,676,337,280,65,1,1,1,1
388,4,893,353,55,45,1,1,1,1
389,0,94,323,180,115,1,1,1,1
389,1,322,345,90,60,1,1,1,1
389,2,493,337,60,45,1,1,1,1
389,3,676,337,280,65,1,1,1,1
389,4,893,353,55,45,1,1,1,1
390,0,94,323,180,115,1,1,1,1
390,1,322,345,90,60,1,1,1,1
390,2,493,337,60,45,1,1,1,1
390,3,676,337,280,65,1,1,1,1
390,4,893,353,55,45,1,1,1,1
391,0,94,323,180,115,1,1,1,1
391,1,322,345,90,60,1,1,1,1
391,2,493,337,60,45,1,1,1,1
391,3,676,337,280,65,1,1,1,1
391,4,893,353,55,45,1,1,1,1
392,0,94,324,180,115,1,1,1,1
392,1,322,345,90,60,1,1,1,1
392,2,493,337,60,45,1,1,1,1
392,3,676,337,280,65,1,1,1,1
392,4,893,354,55,45,1,1,1,1
393,0,93,324,180,115,1,1,1,1
393,1,321,345,90,60,1,1,1,1
393,2,493,337,60,45,1,1,1,1
393,3,676,337,280,65,1,1,1,1
393,4,892,354,55,45,1,1,1,1
394,0,93,324,180,115,1,1,1,1
394,1,321,345,90,60,1,1,1,1
394,2,493,337,60,45,1,1,1,1
394,3,676,337,280,65,1,1,1,1
394,4,892,354,55,45,1,1,1,1
395,0,93,324,180,115,1,1,1,1
395,1,321,345,90,60,1,1,1,1
395,2,493,337,60,45,1,1,1,1
395,3,676,337,280,65,1,1,1,1
395,4,892,354,55,45,1,1,1,1
396,0,93,324,180,115,1,1,1,1
396,1,321,345,90,60,1,1,1,1
396,2,493,337,60,45,1,1,1,1
396,3,676,337,280,65,1,1,1,1
396,4,892,354,55,45,1,1,1,1
397,0,93,324,180,115,1,1,1,1
397,1,321,345,90,60,1,1,1,1
397,2,493,337,60,45,1,1,1,1
397,3,676,337,280,65,1,1,1,1
397,4,892,354,55,45,1,1,1,1
398,0,93,324,180,115,1,1,1,1
398,1,321,345,90,60,1,1,1,1
398,2,493,337,60,45,1,1,1,1
398,3,676,337,280,65,1,1,1,1
398,4,892,354,55,45,1,1,1,1
399,0,93,324,180,115,1,1,1,1
399,1,321,345,90,60,1,1,1,1
399,2,493,337,60,45,1,1,1,1
399,3,676,337,280,65,1,1,1,1
399,4,892,354,55,45,1,1,1,1
400,0,93,324,180,115,1,1,1,1
400,1,321,345,90,60,1,1,1,1
400,2,493,337,60,45,1,1,1,1
400,3,676,337,280,65,1,1,1,1
400,4,892,354,55,45,1,1,1,1
401,0,93,324,180,115,1,1,1,1
401,1,321,345,90,60,1,1,1,1
401,2,493,337,60,45,1,1,1,1
401,3,676,337,280,65,1,1,1,1
401,4,892,354,55,45,1,1,1,1
402,0,93,324,180,115,1,1,1,1
402,1,321,345,90,60,1,1,1,1
402,2,493,337,60,45,1,1,1,1
402,3,676,337,280,65,1,1,1,1
402,4,892,354,55,45,1,1,1,1
403,0,93,324,180,115,1,1,1,1
403,1,321,345,90,60,1,1,1,1
403,2,493,337,60,45,1,1,1,1
403,3,675,337,280,65,1,1,1,1
403,4,892,354,55,45,1,1,1,1
404,0,93,324,180,115,1,1,1,1
404,1,321,345,90,60,1,1,1,1
404,2,493,337,60,45,1,1,1,1
404,3,675,337,280,65,1,1,1,1
404,4,892,354,55,45,1,1,1,1
405,0,93,324,180,115,1,1,1,1
405,1,321,345,90,60,1,1,1,1
405,2,493,337,60,45,1,1,1,1
405,3,675,337,280,65,1,1,1,1
405,4,892,354,55,45,1,1,1,1
406,0,93,324,180,115,1,1,1,1
406,1,321,345,90,60,1,1,1,1
406,2,493,337,60,45,1,1,1,1
406,3,675,337,280,65,1,1,1,1
406,4,892,354,55,45,1,1,1,1
407,0,93,324,180,115,1,1,1,1
407,1,321,345,90,60,1,1,1,1
407,2,493,337,60,45,1,1,1,1
407,3,675,337,280,65,1,1,1,1
407,4,892,354,55,45,1,1,1,1
408,0,92,324,180,115,1,1,1,1
408,1,321,345,90,60,1,1,1,1
408,2,493,337,60,45,1,1,1,1
408,3,675,337,280,65,1,1,1,1
408,4,892,354,55,45,1,1,1,1
409,0,92,324,180,115,1,1,1,1
409,1,321,345,90,60,1,1,1,1
409,2,493,337,60,45,1,1,1,1
409,3,675,337,280,65,1,1,1,1
409,4,892,354,55,45,1,1,1,1
410,0,92,324,180,115,1,1,1,1
410,1,321,345,90,60,1,1,1,1
410,2,493,337,60,45,1,1,1,1
410,3,675,337,280,65,1,1,1,1
410,4,892,354,55,45,1,1,1,1
411,0,92,324,180,115,1,1,1,1
411,1,321,345,90,60,1,1,1,1
411,2,493,337,60,45,1,1,1,1
411,3,675,337,280,65,1,1,1,1
411,4,892,354,55,45,1,1,1,1
412,0,92,324,180,115,1,1,1,1
412,1,321,345,90,60,1,1,1,1
412,2,493,337,60,45,1,1,1,1
412,3,675,337,280,65,1,1,1,1
412,4,892,354,55,45,1,1,1,1
413,0,92,324,180,115,1,1,1,1
413,1,321,345,90,60,1,1,1,1
413,2,493,337,60,45,1,1,1,1
413,3,675,337,280,65,1,1,1,1
413,4,891,354,55,45,1,1,1,1
414,0,92,324,180,115,1,1,1,1
414,1,321,345,90,60,1,1,1,1
414,2,493,337,60,45,1,1,1,1
414,3,675,337,280,65,1,1,1,1
414,4,891,354,55,45,1,1,1,1
415,0,92,324,180,115,1,1,1,1
415,1,321,345,90,60,1,1,1,1
415,2,493,337,60,45,1,1,1,1
415,3,675,337,280,65,1,1,1,1
415,4,891,354,55,45,1,1,1,1
416,0,92,324,180,115,1,1,1,1
416,1,321,345,90,60,1,1,1,1
416,2,493,337,60,45,1,1,1,1
416,3,675,337,280,65,1,1,1,1
416,4,891,354,55,45,1,1,1,1
417,0,92,324,180,115,1,1,1,1
417,1,321,345,90,60,1,1,1,1
417,2,493,337,60,45,1,1,1,1
417,3,675,337,280,65,1,1,1,1
417,4,891,354,55,45,1,1,1,1
418,0,92,324,180,115,1,1,1,1
418,1,321,345,90,60,1,1,1,1
418,2,493,337,60,45,1,1,1,1
418,3,675,337,280,65,1,1,1,1
418,4,891,354,55,45,1,1,1,1
419,0,92,324,180,115,1,1,1,1
419,1,321,345,90,60,1,1,1,1
419,2,493,337,60,45,1,1,1,1
419,3,675,337,280,65,1,1,1,1
419,4,891,354,55,45,1,1,1,1
420,0,92,324,180,115,1,1,1,1
420,1,321,345,90,60,1,1,1,1
420,2,493,337,60,45,1,1,1,1
420,3,675,337,280,65,1,1,1,1
420,4,891,354,55,45,1,1,1,1
421,0,92,324,180,115,1,1,1,1
421,1,321,345,90,60,1,1,1,1
421,2,493,337,60,45,1,1,1,1
421,3,675,337,280,65,1,1,1,1
421,4,891,354,55,45,1,1,1,1
422,0,92,324,180,115,1,1,1,1
422,1,321,345,90,60,1,1,1,1
422,2,493,337,60,45,1,1,1,1
422,3,675,337,280,65,1,1,1,1
422,4,891,354,55,45,1,1,1,1
423,0,91,324,180,115,1,1,1,1
423,1,320,345,90,60,1,1,1,1
423,2,492,337,60,45,1,1,1,1
423,3,675,337,280,65,1,1,1,1
423,4,891,354,55,45,1,1,1,1
424,0,91,324,180,115,1,1,1,1
424,1,320,345,90,60,1,1,1,1
424,2,492,337,60,45,1,1,1,1
424,3,675,337,280,65,1,1,1,1
424,4,891,354,55,45,1,1,1,1
425,0,91,324,180,115,1,1,1,1
425,1,320,345,90,60,1,1,1,1
425,2,492,337,60,45,1,1,1,1
425,3,675,337,280,65,1,1,1,1
425,4,891,354,55,45,1,1,1,1
426,0,91,324,180,115,1,1,1,1
426,1,320,345,90,60,1,1,1,1
426,2,492,337,60,45,1,1,1,1
426,3,675,337,280,65,1,1,1,1
426,4,891,354,55,45,1,1,1,1
427,0,91,324,180,115,1,1,1,1
427,1,320,345,90,60,1,1,1,1
427,2,492,337,60,45,1,1,1,1
427,3,675,337,280,65,1,1,1,1
427,4,891,354,55,45,1,1,1,1
428,0,91,324,180,115,1,1,1,1
428,1,320,345,90,60,1,1,1,1
428,2,492,337,60,45,1,1,1,1
428,3,675,337,280,65,1,1,1,1
428,4,891,354,55,45,1,1,1,1
429,0,91,324,180,115,1,1,1,1
429,1,320,345,90,60,1,1,1,1
429,2,492,337,60,45,1,1,1,1
429,3,675,337,280,65,1,1,1,1
429,4,891,354,55,45,1,1,1,1
430,0,91,324,180,115,1,1,1,1
430,1,320,345,90,60,1,1,1,1
430,2,492,337,60,45,1,1,1,1
430,3,675,337,280,65,1,1,1,1
430,4,891,354,55,45,1,1,1,1
431,0,91,324,180,115,1,1,1,1
431,1,320,345,90,60,1,1,1,1
431,2,492,337,60,45,1,1,1,1
431,3,675,337,280,65,1,1,1,1
431,4,891,354,55,45,1,1,1,1
432,0,91,324,180,115,1,1,1,1
432,1,320,345,90,60,1,1,1,1
432,2,492,337,60,45,1,1,1,1
432,3,675,337,280,65,1,1,1,1
432,4,891,354,55,45,1,1,1,1
433,0,91,324,180,115,1,1,1,1
433,1,320,345,90,60,1,1,1,1
433,2,492,337,60,45,1,1,1,1
433,3,675,337,280,65,1,1,1,1
433,4,890,354,55,45,1,1,1,1
434,0,91,324,180,115,1,1,1,1
434,1,320,345,90,60,1,1,1,1
434,2,492,337,60,45,1,1,1,1
434,3,675,337,280,65,1,1,1,1
434,4,890,354,55,45,1,1,1,1
435,0,91,324,180,115,1,1,1,1
435,1,320,345,90,60,1,1,1,1
435,2,492,337,60,45,1,1,1,1
435,3,675,337,280,65,1,1,1,1
435,4,890,354,55,45,1,1,1,1
436,0,91,324,180,115,1,1,1,1
436,1,320,345,90,60,1,1,1,1
436,2,492,337,60,45,1,1,1,1
436,3,675,337,280,65,1,1,1,1
436,4,890,354,55,45,1,1,1,1
437,0,91,324,180,115,1,1,1,1
437,1,320,345,90,60,1,1,1,1
437,2,492,337,60,45,1,1,1,1
437,3,675,337,280,65,1,1,1,1
437,4,890,354,55,45,1,1,1,1
438,0,90,324,180,115,1,1,1,1
438,1,320,345,90,60,1,1,1,1
438,2,492,337,60,45,1,1,1,1
438,3,675,337,280,65,1,1,1,1
438,4,890,354,55,45,1,1,1,1
439,0,90,324,180,115,1,1,1,1
439,1,320,345,90,60,1,1,1,1
439,2,492,337,60,45,1,1,1,1
439,3,675,337,280,65,1,1,1,1
439,4,890,354,55,45,1,1,1,1
440,0,90,324,180,115,1,1,1,1
440,1,320,345,90,60,1,1,1,1
440,2,492,337,60,45,1,1,1,1
440,3,675,337,280,65,1,1,1,1
440,4,890,354,55,45,1,1,1,1
441,0,90,324,180,115,1,1,1,1
441,1,320,345,90,60,1,1,1,1
441,2,492,337,60,45,1,1,1,1
441,3,675,337,280,65,1,1,1,1
441,4,890,354,55,45,1,1,1,1
442,0,90,324,180,115,1,1,1,1
442,1,320,345,90,60,1,1,1,1
442,2,492,337,60,45,1,1,1,1
442,3,675,337,280,65,1,1,1,1
442,4,890,354,55,45,1,1,1,1
443,0,90,324,180,115,1,1,1,1
443,1,320,345,90,60,1,1,1,1
443,2,492,337,60,45,1,1,1,1
443,3,675,337,280,65,1,1,1,1
443,4,890,354,55,45,1,1,1,1
444,0,90,324,180,115,1,1,1,1
444,1,320,345,90,60,1,1,1,1
444,2,492,337,60,45,1,1,1,1
444,3,675,337,280,65,1,1,1,1
444,4,890,354,55,45,1,1,1,1
445,0,90,324,180,115,1,1,1,1
445,1,320,345,90,60,1,1,1,1
445,2,492,337,60,45,1,1,1,1
445,3,675,337,280,65,1,1,1,1
445,4,890,354,55,45,1,1,1,1
446,0,90,324,180,115,1,1,1,1
446,1,320,345,90,60,1,1,1,1
446,2,492,337,60,45,1,1,1,1
446,3,675,337,280,65,1,1,1,1
446,4,890,354,55,45,1,1,1,1
447,0,90,324,180,115,1,1,1,1
447,1,320,345,90,60,1,1,1,1
447,2,492,337,60,45,1,1,1,1
447,3,675,337,280,65,1,1,1,1
447,4,890,354,55,45,1,1,1,1
448,0,90,324,180,115,1,1,1,1
448,1,320,345,90,60,1,1,1,1
448,2,492,337,60,45,1,1,1,1
448,3,675,337,280,65,1,1,1,1
448,4,890,354,55,45,1,1,1,1
449,0,90,324,180,115,1,1,1,1
449,1,320,345,90,60,1,1,1,1
449,2,492,337,60,45,1,1,1,1
449,3,675,337,280,65,1,1,1,1
449,4,890,354,55,45,1,1,1,1
450,0,90,324,180,115,1,1,1,1
450,1,320,345,90,60,1,1,1,1
450,2,492,337,60,45,1,1,1,1
450,3,675,337,280,65,1,1,1,1
450,4,890,354,55,45,1,1,1,1
451,0,90,324,180,115,1,1,1,1
451,1,320,345,90,60,1,1,1,1
451,2,492,337,60,45,1,1,1,1
451,3,675,337,280,65,1,1,1,1
451,4,890,354,55,45,1,1,1,1
452,0,90,325,180,115,1,1,1,1
452,1,320,345,90,60,1,1,1,1
452,2,492,337,60,45,1,1,1,1
452,3,675,337,280,65,1,1,1,1
452,4,890,355,55,45,1,1,1,1
453,0,89,325,180,115,1,1,1,1
453,1,319,345,90,60,1,1,1,1
453,2,492,337,60,45,1,1,1,1
453,3,675,337,280,65,1,1,1,1
453,4,889,355,55,45,1,1,1,1
454,0,89,325,180,115,1,1,1,1
454,1,319,345,90,60,1,1,1,1
454,2,492,337,60,45,1,1,1,1
454,3,675,337,280,65,1,1,1,1
454,4,889,355,55,45,1,1,1,1
455,0,89,325,180,115,1,1,1,1
455,1,319,345,90,60,1,1,1,1
455,2,492,337,60,45,1,1,1,1
455,3,675,337,280,65,1,1,1,1
455,4,889,355,55,45,1,1,1,1
456,0,89,325,180,115,1,1,1,1
456,1,319,345,90,60,1,1,1,1
456,2,492,337,60,45,1,1,1,1
456,3,675,337,280,65,1,1,1,1
456,4,889,355,55,45,1,1,1,1
457,0,89,325,180,115,1,1,1,1
457,1,319,345,90,60,1,1,1,1
457,2,492,337,60,45,1,1,1,1
457,3,675,337,280,65,1,1,1,1
457,4,889,355,55,45,1,1,1,1
458,0,89,325,180,115,1,1,1,1
458,1,319,345,90,60,1,1,1,1
458,2,492,337,60,45,1,1,1,1
458,3,675,337,280,65,1,1,1,1
458,4,889,355,55,45,1,1,1,1
459,0,89,325,180,115,1,1,1,1
459,1,319,345,90,60,1,1,1,1
459,2,492,337,60,45,1,1,1,1
459,3,675,337,280,65,1,1,1,1
459,4,889,355,55,45,1,1,1,1
460,0,89,325,180,115,1,1,1,1
460,1,319,345,90,60,1,1,1,1
460,2,492,337,60,45,1,1,1,1
460,3,675,337,280,65,1,1,1,1
460,4,889,355,55,45,1,1,1,1
461,0,89,325,180,115,1,1,1,1
461,1,319,345,90,60,1,1,1,1
461,2,492,337,60,45,1,1,1,1
461,3,675,337,280,65,1,1,1,1
461,4,889,355,55,45,1,1,1,1
462,0,89,325,180,115,1,1,1,1
462,1,319,345,90,60,1,1,1,1
462,2,492,337,60,45,1,1,1,1
462,3,675,337,280,65,1,1,1,1
462,4,889,355,55,45,1,1,1,1
463,0,89,325,180,115,1,1,1,1
463,1,319,345,90,60,1,1,1,1
463,2,492,337,60,45,1,1,1,1
463,3,675,337,280,65,1,1,1,1
463,4,889,355,55,45,1,1,1,1
464,0,89,325,180,115,1,1,1,1
464,1,319,345,90,60,1,1,1,1
464,2,492,337,60,45,1,1,1,1
464,3,675,337,280,65,1,1,1,1
464,4,889,355,55,45,1,1,1,1
465,0,89,325,180,115,1,1,1,1
465,1,319,345,90,60,1,1,1,1
465,2,492,337,60,45,1,1,1,1
465,3,675,337,280,65,1,1,1,1
465,4,889,355,55,45,1,1,1,1
466,0,89,325,180,115,1,1,1,1
466,1,319,345,90,60,1,1,1,1
466,2,492,337,60,45,1,1,1,1
466,3,675,337,280,65,1,1,1,1
466,4,889,355,55,45,1,1,1,1
467,0,89,325,180,115,1,1,1,1
467,1,319,345,90,60,1,1,1,1
467,2,492,337,60,45,1,1,1,1
467,3,675,337,280,65,1,1,1,1
467,4,889,355,55,45,1,1,1,1
468,0,88,325,180,115,1,1,1,1
468,1,319,345,90,60,1,1,1,1
468,2,492,337,60,45,1,1,1,1
468,3,675,337,280,65,1,1,1,1
468,4,889,355,55,45,1,1,1,1
469,0,88,325,180,115,1,1,1,1
469,1,319,345,90,60,1,1,1,1
469,2,492,337,60,45,1,1,1,1
469,3,675,337,280,65,1,1,1,1
469,4,889,355,55,45,1,1,1,1
470,0,88,325,180,115,1,1,1,1
470,1,319,345,90,60,1,1,1,1
470,2,492,337,60,45,1,1,1,1
470,3,675,337,280,65,1,1,1,1
470,4,889,355,55,45,1,1,1,1
471,0,88,325,180,115,1,1,1,1
471,1,319,345,90,60,1,1,1,1
471,2,492,337,60,45,1,1,1,1
471,3,675,337,280,65,1,1,1,1
471,4,889,355,55,45,1,1,1,1
472,0,88,325,180,115,1,1,1,1
472,1,319,345,90,60,1,1,1,1
472,2,492,337,60,45,1,1,1,1
472,3,675,337,280,65,1,1,1,1
472,4,889,355,55,45,1,1,1,1
473,0,88,325,180,115,1,1,1,1
473,1,319,345,90,60,1,1,1,1
473,2,492,337,60,45,1,1,1,1
473,3,675,337,280,65,1,1,1,1
473,4,888,355,55,45,1,1,1,1
474,0,88,325,180,115,1,1,1,1
474,1,319,345,90,60,1,1,1,1
474,2,492,337,60,45,1,1,1,1
474,3,675,337,280,65,1,1,1,1
474,4,888,355,55,45,1,1,1,1
475,0,88,325,180,115,1,1,1,1
475,1,319,345,90,60,1,1,1,1
475,2,492,337,60,45,1,1,1,1
475,3,675,337,280,65,1,1,1,1
475,4,888,355,55,45,1,1,1,1
476,0,88,325,180,115,1,1,1,1
476,1,319,345,90,60,1,1,1,1
476,2,492,337,60,45,1,1,1,1
476,3,675,337,280,65,1,1,1,1
476,4,888,355,55,45,1,1,1,1
477,0,88,325,180,115,1,1,1,1
477,1,319,345,90,60,1,1,1,1
477,2,492,337,60,45,1,1,1,1
477,3,675,337,280,65,1,1,1,1
477,4,888,355,55,45,1,1,1,1
478,0,88,325,180,115,1,1,1,1
478,1,319,345,90,60,1,1,1,1
478,2,492,337,60,45,1,1,1,1
478,3,675,337,280,65,1,1,1,1
478,4,888,355,55,45,1,1,1,1
479,0,88,325,180,115,1,1,1,1
479,1,319,345,90,60,1,1,1,1
479,2,492,337,60,45,1,1,1,1
479,3,675,337,280,65,1,1,1,1
479,4,888,355,55,45,1,1,1,1
480,0,88,325,180,115,1,1,1,1
480,1,319,345,90,60,1,1,1,1
480,2,492,337,60,45,1,1,1,1
480,3,675,337,280,65,1,1,1,1
480,4,888,355,55,45,1,1,1,1
481,0,88,325,180,115,1,1,1,1
481,1,319,345,90,60,1,1,1,1
481,2,492,337,60,45,1,1,1,1
481,3,675,337,280,65,1,1,1,1
481,4,888,355,55,45,1,1,1,1
482,0,88,325,180,115,1,1,1,1
482,1,319,345,90,60,1,1,1,1
482,2,492,337,60,45,1,1,1,1
482,3,675,337,280,65,1,1,1,1
482,4,888,355,55,45,1,1,1,1
483,0,87,325,180,115,1,1,1,1
483,1,318,345,90,60,1,1,1,1
483,2,491,337,60,45,1,1,1,1
483,3,675,337,280,65,1,1,1,1
483,4,888,355,55,45,1,1,1,1
484,0,87,325,180,115,1,1,1,1
484,1,318,345,90,60,1,1,1,1
484,2,491,337,60,45,1,1,1,1
484,3,675,337,280,65,1,1,1,1
484,4,888,355,55,45,1,1,1,1
485,0,87,325,180,115,1,1,1,1
485,1,318,345,90,60,1,1,1,1
485,2,491,337,60,45,1,1,1,1
485,3,675,337,280,65,1,1,1,1
485,4,888,355,55,45,1,1,1,1
486,0,87,325,180,115,1,1,1,1
486,1,318,345,90,60,1,1,1,1
486,2,491,337,60,45,1,1,1,1
486,3,675,337,280,65,1,1,1,1
486,4,888,355,55,45,1,1,1,1
487,0,87,325,180,115,1,1,1,1
487,1,318,345,90,60,1,1,1,1
487,2,491,337,60,45,1,1,1,1
487,3,675,337,280,65,1,1,1,1
487,4,888,355,55,45,1,1,1,1
488,0,87,325,180,115,1,1,1,1
488,1,318,345,90,60,1,1,1,1
488,2,491,337,60,45,1,1,1,1
488,3,675,337,280,65,1,1,1,1
488,4,888,355,55,45,1,1,1,1
489,0,87,325,180,115,1,1,1,1
489,1,318,345,90,60,1,1,1,1
489,2,491,337,60,45,1,1,1,1
489,3,675,337,280,65,1,1,1,1
489,4,888,355,55,45,1,1,1,1
490,0,87,325,180,115,1,1,1,1
490,1,318,345,90,60,1,1,1,1
490,2,491,337,60,45,1,1,1,1
490,3,675,337,280,65,1,1,1,1
490,4,888,355,55,45,1,1,1,1
491,0,87,325,180,115,1,1,1,1
491,1,318,345,90,60,1,1,1,1
491,2,491,337,60,45,1,1,1,1
491,3,675,337,280,65,1,1,1,1
491,4,888,355,55,45,1,1,1,1
492,0,87,325,180,115,1,1,1,1
492,1,318,345,90,60,1,1,1,1
492,2,491,337,60,45,1,1,1,1
492,3,675,337,280,65,1,1,1,1
492,4,888,355,55,45,1,1,1,1
493,0,87,325,180,115,1,1,1,1
493,1,318,345,90,60,1,1,1,1
493,2,491,337,60,45,1,1,1,1
493,3,675,337,280,65,1,1,1,1
493,4,887,355,55,45,1,1,1,1
494,0,87,325,180,115,1,1,1,1
494,1,318,345,90,60,1,1,1,1
494,2,491,337,60,45,1,1,1,1
494,3,675,337,280,65,1,1,1,1
494,4,887,355,55,45,1,1,1,1
495,0,87,325,180,115,1,1,1,1
495,1,318,345,90,60,1,1,1,1
495,2,491,337,60,45,1,1,1,1
495,3,675,337,280,65,1,1,1,1
495,4,887,355,55,45,1,1,1,1
496,0,87,325,180,115,1,1,1,1
496,1,318,345,90,60,1,1,1,1
496,2,491,337,60,45,1,1,1,1
496,3,675,337,280,65,1,1,1,1
496,4,887,355,55,45,1,1,1,1
497,0,87,325,180,115,1,1,1,1
497,1,318,345,90,60,1,1,1,1
497,2,491,337,60,45,1,1,1,1
497,3,675,337,280,65,1,1,1,1
497,4,887,355,55,45,1,1,1,1
498,0,86,325,180,115,1,1,1,1
498,1,318,345,90,60,1,1,1,1
498,2,491,337,60,45,1,1,1,1
498,3,675,337,280,65,1,1,1,1
498,4,887,355,55,45,1,1,1,1
499,0,86,325,180,115,1,1,1,1
499,1,318,345,90,60,1,1,1,1
499,2,491,337,60,45,1,1,1,1
499,3,675,337,280,65,1,1,1,1
499,4,887,355,55,45,1,1,1,1
500,0,86,325,180,115,1,1,1,1
500,1,318,345,90,60,1,1,1,1
500,2,491,337,60,45,1,1,1,1
500,3,675,337,280,65,1,1,1,1
500,4,887,355,55,45,1,1,1,1
501,0,86,325,180,115,1,1,1,1
501,1,318,345,90,60,1,1,1,1
501,2,491,337,60,45,1,1,1,1
501,3,675,337,280,65,1,1,1,1
501,4,887,355,55,45,1,1,1,1
502,0,86,325,180,115,1,1,1,1
502,1,318,345,90,60,1,1,1,1
502,2,491,337,60,45,1,1,1,1
502,3,675,337,280,65,1,1,1,1
502,4,887,355,55,45,1,1,1,1
503,0,86,325,180,115,1,1,1,1
503,1,318,345,90,60,1,1,1,1
503,2,491,337,60,45,1,1,1,1
503,3,674,337,280,65,1,1,1,1
503,4,887,355,55,45,1,1,1,1
504,0,86,325,180,115,1,1,1,1
504,1,318,345,90,60,1,1,1,1
504,2,491,337,60,45,1,1,1,1
504,3,674,337,280,65,1,1,1,1
504,4,887,355,55,45,1,1,1,1
505,0,86,325,180,115,1,1,1,1
505,1,318,345,90,60,1,1,1,1
505,2,491,337,60,45,1,1,1,1
505,3,674,337,280,65,1,1,1,1
505,4,887,355,55,45,1,1,1,1
506,0,86,325,180,115,1,1,1,1
506,1,318,345,90,60,1,1,1,1
506,2,491,337,60,45,1,1,1,1
506,3,674,337,280,65,1,1,1,1
506,4,887,355,55,45,1,1,1,1
507,0,86,325,180,115,1,1,1,1
507,1,318,345,90,60,1,1,1,1
507,2,491,337,60,45,1,1,1,1
507,3,674,337,280,65,1,1,1,1
507,4,887,355,55,45,1,1,1,1
508,0,86,325,180,115,1,1,1,1
508,1,318,345,90,60,1,1,1,1
508,2,491,337,60,45,1,1,1,1
508,3,674,337,280,65,1,1,1,1
508,4,887,355,55,45,1,1,1,1
509,0,86,325,180,115,1,1,1,1
509,1,318,345,90,60,1,1,1,1
509,2,491,337,60,45,1,1,1,1
509,3,674,337,280,65,1,1,1,1
509,4,887,355,55,45,1,1,1,1
510,0,86,325,180,115,1,1,1,1
510,1,318,345,90,60,1,1,1,1
510,2,491,337,60,45,1,1,1,1
510,3,674,337,280,65,1,1,1,1
510,4,887,355,55,45,1,1,1,1
511,0,86,325,180,115,1,1,1,1
511,1,318,345,90,60,1,1,1,1
511,2,491,337,60,45,1,1,1,1
511,3,674,337,280,65,1,1,1,1
511,4,887,355,55,45,1,1,1,1
512,0,86,326,180,115,1,1,1,1
512,1,318,345,90,60,1,1,1,1
512,2,491,337,60,45,1,1,1,1
512,3,674,337,280,65,1,1,1,1
512,4,887,356,55,45,1,1,1,1
513,0,85,326,180,115,1,1,1,1
513,1,317,345,90,60,1,1,1,1
513,2,491,337,60,45,1,1,1,1
513,3,674,337,280,65,1,1,1,1
513,4,886,356,55,45,1,1,1,1
514,0,85,326,180,115,1,1,1,1
514,1,317,345,90,60,1,1,1,1
514,2,491,337,60,45,1,1,1,1
514,3,674,337,280,65,1,1,1,1
514,4,886,356,55,45,1,1,1,1
515,0,85,326,180,115,1,1,1,1
515,1,317,345,90,60,1,1,1,1
515,2,491,337,60,45,1,1,1,1
515,3,674,337,280,65,1,1,1,1
515,4,886,356,55,45,1,1,1,1
516,0,85,326,180,115,1,1,1,1
516,1,317,345,90,60,1,1,1,1
516,2,491,337,60,45,1,1,1,1
516,3,674,337,280,65,1,1,1,1
516,4,886,356,55,45,1,1,1,1
517,0,85,326,180,115,1,1,1,1
517,1,317,345,90,60,1,1,1,1
517,2,491,337,60,45,1,1,1,1
517,3,674,337,280,65,1,1,1,1
517,4,886,356,55,45,1,1,1,1
518,0,85,326,180,115,1,1,1,1
518,1,317,345,90,60,1,1,1,1
518,2,491,337,60,45,1,1,1,1
518,3,674,337,280,65,1,1,1,1
518,4,886,356,55,45,1,1,1,1
519,0,85,326,180,115,1,1,1,1
519,1,317,345,90,60,1,1,1,1
519,2,491,337,60,45,1,1,1,1
519,3,674,337,280,65,1,1,1,1
519,4,886,356,55,45,1,1,1,1
520,0,85,326,180,115,1,1,1,1
520,1,317,345,90,60,1,1,1,1
520,2,491,337,60,45,1,1,1,1
520,3,674,337,280,65,1,1,1,1
520,4,886,356,55,45,1,1,1,1
521,0,85,326,180,115,1,1,1,1
521,1,317,345,90,60,1,1,1,1
521,2,491,337,60,45,1,1,1,1
521,3,674,337,280,65,1,1,1,1
521,4,886,356,55,45,1,1,1,1
522,0,85,326,180,115,1,1,1,1
522,1,317,345,90,60,1,1,1,1
522,2,491,337,60,45,1,1,1,1
522,3,674,337,280,65,1,1,1,1
522,4,886,356,55,45,1,1,1,1
523,0,85,326,180,115,1,1,1,1
523,1,317,345,90,60,1,1,1,1
523,2,491,337,60,45,1,1,1,1
523,3,674,337,280,65,1,1,1,1
523,4,886,356,55,45,1,1,1,1
524,0,85,326,180,115,1,1,1,1
524,1,317,345,90,60,1,1,1,1
524,2,491,337,60,45,1,1,1,1
524,3,674,337,280,65,1,1,1,1
524,4,886,356,55,45,1,1,1,1
525,0,85,326,180,115,1,1,1,1
525,1,317,345,90,60,1,1,1,1
525,2,491,337,60,45,1,1,1,1
525,3,674,337,280,65,1,1,1,1
525,4,886,356,55,45,1,1,1,1
526,0,85,326,180,115,1,1,1,1
526,1,317,345,90,60,1,1,1,1
526,2,491,337,60,45,1,1,1,1
526,3,674,337,280,65,1,1,1,1
526,4,886,356,55,45,1,1,1,1
527,0,85,326,180,115,1,1,1,1
527,1,317,345,90,60,1,1,1,1
527,2,491,337,60,45,1,1,1,1
527,3,674,337,280,65,1,1,1,1
527,4,886,356,55,45,1,1,1,1
528,0,84,326,180,115,1,1,1,1
528,1,317,345,90,60,1,1,1,1
528,2,491,337,60,45,1,1,1,1
528,3,674,337,280,65,1,1,1,1
528,4,886,356,55,45,1,1,1,1
529,0,84,326,180,115,1,1,1,1
529,1,317,345,90,60,1,1,1,1
529,2,491,337,60,45,1,1,1,1
529,3,674,337,280,65,1,1,1,1
529,4,886,356,55,45,1,1,1,1
530,0,84,326,180,115,1,1,1,1
530,1,317,345,90,60,1,1,1,1
530,2,491,337,60,45,1,1,1,1
530,3,674,337,280,65,1,1,1,1
530,4,886,356,55,45,1,1,1,1
531,0,84,326,180,115,1,1,1,1
531,1,317,345,90,60,1,1,1,1
531,2,491,337,60,45,1,1,1,1
531,3,674,337,280,65,1,1,1,1
531,4,886,356,55,45,1,1,1,1
532,0,84,326,180,115,1,1,1,1
532,1,317,345,90,60,1,1,1,1
532,2,491,337,60,45,1,1,1,1
532,3,674,337,280,65,1,1,1,1
532,4,886,356,55,45,1,1,1,1
533,0,84,326,180,115,1,1,1,1
533,1,317,345,90,60,1,1,1,1
533,2,491,337,60,45,1,1,1,1
533,3,674,337,280,65,1,1,1,1
533,4,885,356,55,45,1,1,1,1
534,0,84,326,180,115,1,1,1,1
534,1,317,345,90,60,1,1,1,1
534,2,491,337,60,45,1,1,1,1
534,3,674,337,280,65,1,1,1,1
534,4,885,356,55,45,1,1,1,1
535,0,84,326,180,115,1,1,1,1
535,1,317,345,90,60,1,1,1,1
535,2,491,337,60,45,1,1,1,1
535,3,674,337,280,65,1,1,1,1
535,4,885,356,55,45,1,1,1,1
536,0,84,326,180,115,1,1,1,1
536,1,317,345,90,60,1,1,1,1
536,2,491,337,60,45,1,1,1,1
536,3,674,337,280,65,1,1,1,1
536,4,885,356,55,45,1,1,1,1
537,0,84,326,180,115,1,1,1,1
537,1,317,345,90,60,1,1,1,1
537,2,491,337,60,45,1,1,1,1
537,3,674,337,280,65,1,1,1,1
537,4,885,356,55,45,1,1,1,1
538,0,84,326,180,115,1,1,1,1
538,1,317,345,90,60,1,1,1,1
538,2,491,337,60,45,1,1,1,1
538,3,674,337,280,65,1,1,1,1
538,4,885,356,55,45,1,1,1,1
539,0,84,326,180,115,1,1,1,1
539,1,317,345,90,60,1,1,1,1
539,2,491,337,60,45,1,1,1,1
539,3,674,337,280,65,1,1,1,1
539,4,885,356,55,45,1,1,1,1
540,0,84,326,180,115,1,1,1,1
540,1,317,345,90,60,1,1,1,1
540,2,491,337,60,45,1,1,1,1
540,3,674,337,280,65,1,1,1,1
540,4,885,356,55,45,1,1,1,1
541,0,84,326,180,115,1,1,1,1
541,1,317,345,90,60,1,1,1,1
541,2,491,337,60,45,1,1,1,1
541,3,674,337,280,65,1,1,1,1
541,4,885,356,55,45,1,1,1,1
542,0,84,326,180,115,1,1,1,1
542,1,317,345,90,60,1,1,1,1
542,2,491,337,60,45,1,1,1,1
542,3,674,337,280,65,1,1,1,1
542,4,885,356,55,45,1,1,1,1
543,0,83,326,180,115,1,1,1,1
543,1,316,345,90,60,1,1,1,1
543,2,490,337,60,45,1,1,1,1
543,3,674,337,280,65,1,1,1,1
543,4,885,356,55,45,1,1,1,1
544,0,83,326,180,115,1,1,1,1
544,1,316,345,90,60,1,1,1,1
544,2,490,337,60,45,1,1,1,1
544,3,674,337,280,65,1,1,1,1
544,4,885,356,55,45,1,1,1,1
545,0,83,326,180,115,1,1,1,1
545,1,316,345,90,60,1,1,1,1
545,2,490,337,60,45,1,1,1,1
545,3,674,337,280,65,1,1,1,1
545,4,885,356,55,45,1,1,1,1
546,0,83,326,180,115,1,1,1,1
546,1,316,345,90,60,1,1,1,1
546,2,490,337,60,45,1,1,1,1
546,3,674,337,280,65,1,1,1,1
546,4,885,356,55,45,1,1,1,1
547,0,83,326,180,115,1,1,1,1
547,1,316,345,90,60,1,1,1,1
547,2,490,337,60,45,1,1,1,1
547,3,674,337,280,65,1,1,1,1
547,4,885,356,55,45,1,1,1,1
548,0,83,326,180,115,1,1,1,1
548,1,316,345,90,60,1,1,1,1
548,2,490,337,60,45,1,1,1,1
548,3,674,337,280,65,1,1,1,1
548,4,885,356,55,45,1,1,1,1
549,0,83,326,180,115,1,1,1,1
549,1,316,345,90,60,1,1,1,1
549,2,490,337,60,45,1,1,1,1
549,3,674,337,280,65,1,1,1,1
549,4,885,356,55,45,1,1,1,1
550,0,83,326,180,115,1,1,1,1
550,1,316,345,90,60,1,1,1,1
550,2,490,337,60,45,1,1,1,1
550,3,674,337,280,65,1,1,1,1
550,4,885,356,55,45,1,1,1,1
551,0,83,326,180,115,1,1,1,1
551,1,316,345,90,60,1,1,1,1
551,2,490,337,60,45,1,1,1,1
551,3,674,337,280,65,1,1,1,1
551,4,885,356,55,45,1,1,1,1
552,0,83,326,180,115,1,1,1,1
552,1,316,345,90,60,1,1,1,1
552,2,490,337,60,45,1,1,1,1
552,3,674,337,280,65,1,1,1,1
552,4,885,356,55,45,1,1,1,1
553,0,83,326,180,115,1,1,1,1
553,1,316,345,90,60,1,1,1,1
553,2,490,337,60,45,1,1,1,1
553,3,674,337,280,65,1,1,1,1
553,4,884,356,55,45,1,1,1,1
554,0,83,326,180,115,1,1,1,1
554,1,316,345,90,60,1,1,1,1
554,2,490,337,60,45,1,1,1,1
554,3,674,337,280,65,1,1,1,1
554,4,884,356,55,45,1,1,1,1
555,0,83,326,180,115,1,1,1,1
555,1,316,345,90,60,1,1,1,1
555,2,490,337,60,45,1,1,1,1
555,3,674,337,280,65,1,1,1,1
555,4,884,356,55,45,1,1,1,1
556,0,83,326,180,115,1,1,1,1
556,1,316,345,90,60,1,1,1,1
556,2,490,337,60,45,1,1,1,1
556,3,674,337,280,65,1,1,1,1
556,4,884,356,55,45,1,1,1,1
557,0,83,326,180,115,1,1,1,1
557,1,316,345,90,60,1,1,1,1
557,2,490,337,60,45,1,1,1,1
557,3,674,337,280,65,1,1,1,1
557,4,884,356,55,45,1,1,1,1
558,0,82,326,180,115,1,1,1,1
558,1,316,345,90,60,1,1,1,1
558,2,490,337,60,45,1,1,1,1
558,3,674,337,280,65,1,1,1,1
558,4,884,356,55,45,1,1,1,1
559,0,82,326,180,115,1,1,1,1
559,1,316,345,90,60,1,1,1,1
559,2,490,337,60,45,1,1,1,1
559,3,674,337,280,65,1,1,1,1
559,4,884,356,55,45,1,1,1,1
560,0,82,326,180,115,1,1,1,1
560,1,316,345,90,60,1,1,1,1
560,2,490,337,60,45,1,1,1,1
560,3,674,337,280,65,1,1,1,1
560,4,884,356,55,45,1,1,1,1
561,0,82,326,180,115,1,1,1,1
561,1,316,345,90,60,1,1,1,1
561,2,490,337,60,45,1,1,1,1
561,3,674,337,280,65,1,1,1,1
561,4,884,356,55,45,1,1,1,1
562,0,82,326,180,115,1,1,1,1
562,1,316,345,90,60,1,1,1,1
562,2,490,337,60,45,1,1,1,1
562,3,674,337,280,65,1,1,1,1
562,4,884,356,55,45,1,1,1,1
563,0,82,326,180,115,1,1,1,1
563,1,316,345,90,60,1,1,1,1
563,2,490,337,60,45,1,1,1,1
563,3,674,337,280,65,1,1,1,1
563,4,884,356,55,45,1,1,1,1
564,0,82,326,180,115,1,1,1,1
564,1,316,345,90,60,1,1,1,1
564,2,490,337,60,45,1,1,1,1
564,3,674,337,280,65,1,1,1,1
564,4,884,356,55,45,1,1,1,1
565,0,82,326,180,115,1,1,1,1
565,1,316,345,90,60,1,1,1,1
565,2,490,337,60,45,1,1,1,1
565,3,674,337,280,65,1,1,1,1
565,4,884,356,55,45,1,1,1,1
566,0,82,326,180,115,1,1,1,1
566,1,316,345,90,60,1,1,1,1
566,2,490,337,60,45,1,1,1,1
566,3,674,337,280,65,1,1,1,1
566,4,884,356,55,45,1,1,1,1
567,0,82,326,180,115,1,1,1,1
567,1,316,345,90,60,1,1,1,1
567,2,490,337,60,45,1,1,1,1
567,3,674,337,280,65,1,1,1,1
567,4,884,356,55,45,1,1,1,1
568,0,82,326,180,115,1,1,1,1
568,1,316,345,90,60,1,1,1,1
568,2,490,337,60,45,1,1,1,1
568,3,674,337,280,65,1,1,1,1
568,4,884,356,55,45,1,1,1,1
569,0,82,326,180,115,1,1,1,1
569,1,316,345,90,60,1,1,1,1
569,2,490,337,60,45,1,1,1,1
569,3,674,337,280,65,1,1,1,1
569,4,884,356,55,45,1,1,1,1
570,0,82,326,180,115,1,1,1,1
570,1,316,345,90,60,1,1,1,1
570,2,490,337,60,45,1,1,1,1
570,3,674,337,280,65,1,1,1,1
570,4,884,356,55,45,1,1,1,1
571,0,82,326,180,115,1,1,1,1
571,1,316,345,90,60,1,1,1,1
571,2,490,337,60,45,1,1,1,1
571,3,674,337,280,65,1,1,1,1
571,4,884,356,55,45,1,1,1,1
572,0,82,327,180,115,1,1,1,1
572,1,316,345,90,60,1,1,1,1
572,2,490,337,60,45,1,1,1,1
572,3,674,337,280,65,1,1,1,1
572,4,884,357,55,45,1,1,1,1
573,0,81,327,180,115,1,1,1,1
573,1,315,345,90,60,1,1,1,1
573,2,490,337,60,45,1,1,1,1
573,3,674,337,280,65,1,1,1,1
573,4,883,357,55,45,1,1,1,1
574,0,81,327,180,115,1,1,1,1
574,1,315,345,90,60,1,1,1,1
574,2,490,337,60,45,1,1,1,1
574,3,674,337,280,65,1,1,1,1
574,4,883,357,55,45,1,1,1,1
575,0,81,327,180,115,1,1,1,1
575,1,315,345,90,60,1,1,1,1
575,2,490,337,60,45,1,1,1,1
575,3,674,337,280,65,1,1,1,1
575,4,883,357,55,45,1,1,1,1
576,0,81,327,180,115,1,1,1,1
576,1,315,345,90,60,1,1,1,1
576,2,490,337,60,45,1,1,1,1
576,3,674,337,280,65,1,1,1,1
576,4,883,357,55,45,1,1,1,1
577,0,81,327,180,115,1,1,1,1
577,1,315,345,90,60,1,1,1,1
577,2,490,337,60,45,1,1,1,1
577,3,674,337,280,65,1,1,1,1
577,4,883,357,55,45,1,1,1,1
578,0,81,327,180,115,1,1,1,1
578,1,315,345,90,60,1,1,1,1
578,2,490,337,60,45,1,1,1,1
578,3,674,337,280,65,1,1,1,1
578,4,883,357,55,45,1,1,1,1
579,0,81,327,180,115,1,1,1,1
579,1,315,345,90,60,1,1,1,1
579,2,490,337,60,45,1,1,1,1
579,3,674,337,280,65,1,1,1,1
579,4,883,357,55,45,1,1,1,1
580,0,81,327,180,115,1,1,1,1
580,1,315,345,90,60,1,1,1,1
580,2,490,337,60,45,1,1,1,1
580,3,674,337,280,65,1,1,1,1
580,4,883,357,55,45,1,1,1,1
581,0,81,327,180,115,1,1,1,1
581,1,315,345,90,60,1,1,1,1
581,2,490,337,60,45,1,1,1,1
581,3,674,337,280,65,1,1,1,1
581,4,883,357,55,45,1,1,1,1
582,0,81,327,180,115,1,1,1,1
582,1,315,345,90,60,1,1,1,1
582,2,490,337,60,45,1,1,1,1
582,3,674,337,280,65,1,1,1,1
582,4,883,357,55,45,1,1,1,1
583,0,81,327,180,115,1,1,1,1
583,1,315,345,90,60,1,1,1,1
583,2,490,337,60,45,1,1,1,1
583,3,674,337,280,65,1,1,1,1
583,4,883,357,55,45,1,1,1,1
584,0,81,327,180,115,1,1,1,1
584,1,315,345,90,60,1,1,1,1
584,2,490,337,60,45,1,1,1,1
584,3,674,337,280,65,1,1,1,1
584,4,883,357,55,45,1,1,1,1
585,0,81,327,180,115,1,1,1,1
585,1,315,345,90,60,1,1,1,1
585,2,490,337,60,45,1,1,1,1
585,3,674,337,280,65,1,1,1,1
585,4,883,357,55,45,1,1,1,1
586,0,81,327,180,115,1,1,1,1
586,1,315,345,90,60,1,1,1,1
586,2,490,337,60,45,1,1,1,1
586,3,674,337,280,65,1,1,1,1
586,4,883,357,55,45,1,1,1,1
587,0,81,327,180,115,1,1,1,1
587,1,315,345,90,60,1,1,1,1
587,2,490,337,60,45,1,1,1,1
587,3,674,337,280,65,1,1,1,1
587,4,883,357,55,45,1,1,1,1
588,0,80,327,180,115,1,1,1,1
588,1,315,345,90,60,1,1,1,1
588,2,490,337,60,45,1,1,1,1
588,3,674,337,280,65,1,1,1,1
588,4,883,357,55,45,1,1,1,1
589,0,80,327,180,115,1,1,1,1
589,1,315,345,90,60,1,1,1,1
589,2,490,337,60,45,1,1,1,1
589,3,674,337,280,65,1,1,1,1
589,4,883,357,55,45,1,1,1,1
590,0,80,327,180,115,1,1,1,1
590,1,315,345,90,60,1,1,1,1
590,2,490,337,60,45,1,1,1,1
590,3,674,337,280,65,1,1,1,1
590,4,883,357,55,45,1,1,1,1
591,0,80,327,180,115,1,1,1,1
591,1,315,345,90,60,1,1,1,1
591,2,490,337,60,45,1,1,1,1
591,3,674,337,280,65,1,1,1,1
591,4,883,357,55,45,1,1,1,1
592,0,80,327,180,115,1,1,1,1
592,1,315,345,90,60,1,1,1,1
592,2,490,337,60,45,1,1,1,1
592,3,674,337,280,65,1,1,1,1
592,4,883,357,55,45,1,1,1,1
593,0,80,327,180,115,1,1,1,1
593,1,315,345,90,60,1,1,1,1
593,2,490,337,60,45,1,1,1,1
593,3,674,337,280,65,1,1,1,1
593,4,882,357,55,45,1,1,1,1
594,0,80,327,180,115,1,1,1,1
594,1,315,345,90,60,1,1,1,1
594,2,490,337,60,45,1,1,1,1
594,3,674,337,280,65,1,1,1,1
594,4,882,357,55,45,1,1,1,1
595,0,80,327,180,115,1,1,1,1
595,1,315,345,90,60,1,1,1,1
595,2,490,337,60,45,1,1,1,1
595,3,674,337,280,65,1,1,1,1
595,4,882,357,55,45,1,1,1,1
596,0,80,327,180,115,1,1,1,1
596,1,315,345,90,60,1,1,1,1
596,2,490,337,60,45,1,1,1,1
596,3,674,337,280,65,1,1,1,1
596,4,882,357,55,45,1,1,1,1
597,0,80,327,180,115,1,1,1,1
597,1,315,345,90,60,1,1,1,1
597,2,490,337,60,45,1,1,1,1
597,3,674,337,280,65,1,1,1,1
597,4,882,357,55,45,1,1,1,1
598,0,80,327,180,115,1,1,1,1
598,1,315,345,90,60,1,1,1,1
598,2,490,337,60,45,1,1,1,1
598,3,674,337,280,65,1,1,1,1
598,4,882,357,55,45,1,1,1,1
599,0,80,327,180,115,1,1,1,1
599,1,315,345,90,60,1,1,1,1
599,2,490,337,60,45,1,1,1,1
599,3,674,337,280,65,1,1,1,1
599,4,882,357,55,45,1,1,1,1
600,0,80,327,180,115,1,1,1,1
600,1,315,345,90,60,1,1,1,1
600,2,490,337,60,45,1,1,1,1
600,3,674,337,280,65,1,1,1,1
600,4,882,357,55,45,1,1,1,1
601,0,80,327,180,115,1,1,1,1
601,1,315,345,90,60,1,1,1,1
601,2,490,337,60,45,1,1,1,1
601,3,674,337,280,65,1,1,1,1
601,4,882,357,55,45,1,1,1,1
602,0,80,327,180,115,1,1,1,1
602,1,315,345,90,60,1,1,1,1
602,2,490,337,60,45,1,1,1,1
602,3,674,337,280,65,1,1,1,1
602,4,882,357,55,45,1,1,1,1
603,0,79,327,180,115,1,1,1,1
603,1,314,345,90,60,1,1,1,1
603,2,489,337,60,45,1,1,1,1
603,3,673,337,280,65,1,1,1,1
603,4,882,357,55,45,1,1,1,1
604,0,79,327,180,115,1,1,1,1
604,1,314,345,90,60,1,1,1,1
604,2,489,337,60,45,1,1,1,1
604,3,673,337,280,65,1,1,1,1
604,4,882,357,55,45,1,1,1,1
605,0,79,327,180,115,1,1,1,1
605,1,314,345,90,60,1,1,1,1
605,2,489,337,60,45,1,1,1,1
605,3,673,337,280,65,1,1,1,1
605,4,882,357,55,45,1,1,1,1
606,0,79,327,180,115,1,1,1,1
606,1,314,345,90,60,1,1,1,1
606,2,489,337,60,45,1,1,1,1
606,3,673,337,280,65,1,1,1,1
606,4,882,357,55,45,1,1,1,1
607,0,79,327,180,115,1,1,1,1
607,1,314,345,90,60,1,1,1,1
607,2,489,337,60,45,1,1,1,1
607,3,673,337,280,65,1,1,1,1
607,4,882,357,55,45,1,1,1,1
608,0,79,327,180,115,1,1,1,1
608,1,314,345,90,60,1,1,1,1
608,2,489,337,60,45,1,1,1,1
608,3,673,337,280,65,1,1,1,1
608,4,882,357,55,45,1,1,1,1
609,0,79,327,180,115,1,1,1,1
609,1,314,345,90,60,1,1,1,1
609,2,489,337,60,45,1,1,1,1
609,3,673,337,280,65,1,1,1,1
609,4,882,357,55,45,1,1,1,1
610,0,79,327,180,115,1,1,1,1
610,1,314,345,90,60,1,1,1,1
610,2,489,337,60,45,1,1,1,1
610,3,673,337,280,65,1,1,1,1
610,4,882,357,55,45,1,1,1,1
611,0,79,327,180,115,1,1,1,1
611,1,314,345,90,60,1,1,1,1
611,2,489,337,60,45,1,1,1,1
611,3,673,337,280,65,1,1,1,1
611,4,882,357,55,45,1,1,1,1
612,0,79,327,180,115,1,1,1,1
612,1,314,345,90,60,1,1,1,1
612,2,489,337,60,45,1,1,1,1
612,3,673,337,280,65,1,1,1,1
612,4,882,357,55,45,1,1,1,1
613,0,79,327,180,115,1,1,1,1
613,1,314,345,90,60,1,1,1,1
613,2,489,337,60,45,1,1,1,1
613,3,673,337,280,65,1,1,1,1
613,4,881,357,55,45,1,1,1,1
614,0,79,327,180,115,1,1,1,1
614,1,314,345,90,60,1,1,1,1
614,2,489,337,60,45,1,1,1,1
614,3,673,337,280,65,1,1,1,1
614,4,881,357,55,45,1,1,1,1
615,0,79,327,180,115,1,1,1,1
615,1,314,345,90,60,1,1,1,1
615,2,489,337,60,45,1,1,1,1
615,3,673,337,280,65,1,1,1,1
615,4,881,357,55,45,1,1,1,1
616,0,79,327,180,115,1,1,1,1
616,1,314,345,90,60,1,1,1,1
616,2,489,337,60,45,1,1,1,1
616,3,673,337,280,65,1,1,1,1
616,4,881,357,55,45,1,1,1,1
617,0,79,327,180,115,1,1,1,1
617,1,314,345,90,60,1,1,1,1
617,2,489,337,60,45,1,1,1,1
617,3,673,337,280,65,1,1,1,1
617,4,881,357,55,45,1,1,1,1
618,0,78,327,180,115,1,1,1,1
618,1,314,345,90,60,1,1,1,1
618,2,489,337,60,45,1,1,1,1
618,3,673,337,280,65,1,1,1,1
618,4,881,357,55,45,1,1,1,1
619,0,78,327,180,115,1,1,1,1
619,1,314,345,90,60,1,1,1,1
619,2,489,337,60,45,1,1,1,1
619,3,673,337,280,65,1,1,1,1
619,4,881,357,55,45,1,1,1,1
620,0,78,327,180,115,1,1,1,1
620,1,314,345,90,60,1,1,1,1
620,2,489,337,60,45,1,1,1,1
620,3,673,337,280,65,1,1,1,1
620,4,881,357,55,45,1,1,1,1
621,0,78,327,180,115,1,1,1,1
621,1,314,345,90,60,1,1,1,1
621,2,489,337,60,45,1,1,1,1
621,3,673,337,280,65,1,1,1,1
621,4,881,357,55,45,1,1,1,1
622,0,78,327,180,115,1,1,1,1
622,1,314,345,90,60,1,1,1,1
622,2,489,337,60,45,1,1,1,1
622,3,673,337,280,65,1,1,1,1
622,4,881,357,55,45,1,1,1,1
623,0,78,327,180,115,1,1,1,1
623,1,314,345,90,60,1,1,1,1
623,2,489,337,60,45,1,1,1,1
623,3,673,337,280,65,1,1,1,1
623,4,881,357,55,45,1,1,1,1
624,0,78,327,180,115,1,1,1,1
624,1,314,345,90,60,1,1,1,1
624,2,489,337,60,45,1,1,1,1
624,3,673,337,280,65,1,1,1,1
624,4,881,357,55,45,1,1,1,1
625,0,78,327,180,115,1,1,1,1
625,1,314,345,90,60,1,1,1,1
625,2,489,337,60,45,1,1,1,1
625,3,673,337,280,65,1,1,1,1
625,4,881,357,55,45,1,1,1,1
626,0,78,327,180,115,1,1,1,1
626,1,314,345,90,60,1,1,1,1
626,2,489,337,60,45,1,1,1,1
626,3,673,337,280,65,1,1,1,1
626,4,881,357,55,45,1,1,1,1
627,0,78,327,180,115,1,1,1,1
627,1,314,345,90,60,1,1,1,1
627,2,489,337,60,45,1,1,1,1
627,3,673,337,280,65,1,1,1,1
627,4,881,357,55,45,1,1,1,1
628,0,78,327,180,115,1,1,1,1
628,1,314,345,90,60,1,1,1,1
628,2,489,337,60,45,1,1,1,1
628,3,673,337,280,65,1,1,1,1
628,4,881,357,55,45,1,1,1,1
629,0,78,327,180,115,1,1,1,1
629,1,314,345,90,60,1,1,1,1
629,2,489,337,60,45,1,1,1,1
629,3,673,337,280,65,1,1,1,1
629,4,881,357,55,45,1,1,1,1
630,0,78,327,180,115,1,1,1,1
630,1,314,345,90,60,1,1,1,1
630,2,489,337,60,45,1,1,1,1
630,3,673,337,280,65,1,1,1,1
630,4,881,357,55,45,1,1,1,1
631,0,78,327,180,115,1,1,1,1
631,1,314,345,90,60,1,1,1,1
631,2,489,337,60,45,1,1,1,1
631,3,673,337,280,65,1,1,1,1
631,4,881,357,55,45,1,1,1,1
632,0,78,328,180,115,1,1,1,1
632,1,314,345,90,60,1,1,1,1
632,2,489,337,60,45,1,1,1,1
632,3,673,337,280,65,1,1,1,1
632,4,881,358,55,45,1,1,1,1
633,0,77,328,180,115,1,1,1,1
633,1,313,345,90,60,1,1,1,1
633,2,489,337,60,45,1,1,1,1
633,3,673,337,280,65,1,1,1,1
633,4,880,358,55,45,1,1,1,1
634,0,77,328,180,115,1,1,1,1
634,1,313,345,90,60,1,1,1,1
634,2,489,337,60,45,1,1,1,1
634,3,673,337,280,65,1,1,1,1
634,4,880,358,55,45,1,1,1,1
635,0,77,328,180,115,1,1,1,1
635,1,313,345,90,60,1,1,1,1
635,2,489,337,60,45,1,1,1,1
635,3,673,337,280,65,1,1,1,1
635,4,880,358,55,45,1,1,1,1
636,0,77,328,180,115,1,1,1,1
636,1,313,345,90,60,1,1,1,1
636,2,489,337,60,45,1,1,1,1
636,3,673,337,280,65,1,1,1,1
636,4,880,358,55,45,1,1,1,1
637,0,77,328,180,115,1,1,1,1
637,1,313,345,90,60,1,1,1,1
637,2,489,337,60,45,1,1,1,1
637,3,673,337,280,65,1,1,1,1
637,4,880,358,55,45,1,1,1,1
638,0,77,328,180,115,1,1,1,1
638,1,313,345,90,60,1,1,1,1
638,2,489,337,60,45,1,1,1,1
638,3,673,337,280,65,1,1,1,1
638,4,880,358,55,45,1,1,1,1
639,0,77,328,180,115,1,1,1,1
639,1,313,345,90,60,1,1,1,1
639,2,489,337,60,45,1,1,1,1
639,3,673,337,280,65,1,1,1,1
639,4,880,358,55,45,1,1,1,1
640,0,77,328,180,115,1,1,1,1
640,1,313,345,90,60,1,1,1,1
640,2,489,337,60,45,1,1,1,1
640,3,673,337,280,65,1,1,1,1
640,4,880,358,55,45,1,1,1,1
641,0,77,328,180,115,1,1,1,1
641,1,313,345,90,60,1,1,1,1
641,2,489,337,60,45,1,1,1,1
641,3,673,337,280,65,1,1,1,1
641,4,880,358,55,45,1,1,1,1
642,0,77,328,180,115,1,1,1,1
642,1,313,345,90,60,1,1,1,1
642,2,489,337,60,45,1,1,1,1
642,3,673,337,280,65,1,1,1,1
642,4,880,358,55,45,1,1,1,1
643,0,77,328,180,115,1,1,1,1
643,1,313,345,90,60,1,1,1,1
643,2,489,337,60,45,1,1,1,1
643,3,673,337,280,65,1,1,1,1
643,4,880,358,55,45,1,1,1,1
644,0,77,328,180,115,1,1,1,1
644,1,313,345,90,60,1,1,1,1
644,2,489,337,60,45,1,1,1,1
644,3,673,337,280,65,1,1,1,1
644,4,880,358,55,45,1,1,1,1
645,0,77,328,180,115,1,1,1,1
645,1,313,345,90,60,1,1,1,1
645,2,489,337,60,45,1,1,1,1
645,3,673,337,280,65,1,1,1,1
645,4,880,358,55,45,1,1,1,1
646,0,77,328,180,115,1,1,1,1
646,1,313,345,90,60,1,1,1,1
646,2,489,337,60,45,1,1,1,1
646,3,673,337,280,65,1,1,1,1
646,4,880,358,55,45,1,1,1,1
647,0,77,328,180,115,1,1,1,1
647,1,313,345,90,60,1,1,1,1
647,2,489,337,60,45,1,1,1,1
647,3,673,337,280,65,1,1,1,1
647,4,880,358,55,45,1,1,1,1
648,0,76,328,180,115,1,1,1,1
648,1,313,345,90,60,1,1,1,1
648,2,489,337,60,45,1,1,1,1
648,3,673,337,280,65,1,1,1,1
648,4,880,358,55,45,1,1,1,1
649,0,76,328,180,115,1,1,1,1
649,1,313,345,90,60,1,1,1,1
649,2,489,337,60,45,1,1,1,1
649,3,673,337,280,65,1,1,1,1
649,4,880,358,55,45,1,1,1,1
650,0,76,328,180,115,1,1,1,1
650,1,313,345,90,60,1,1,1,1
650,2,489,337,60,45,1,1,1,1
650,3,673,337,280,65,1,1,1,1
650,4,880,358,55,45,1,1,1,1
651,0,76,328,180,115,1,1,1,1
651,1,313,345,90,60,1,1,1,1
651,2,489,337,60,45,1,1,1,1
651,3,673,337,280,65,1,1,1,1
651,4,880,358,55,45,1,1,1,1
652,0,76,328,180,115,1,1,1,1
652,1,313,345,90,60,1,1,1,1
652,2,489,337,60,45,1,1,1,1
652,3,673,337,280,65,1,1,1,1
652,4,880,358,55,45,1,1,1,1
653,0,76,328,180,115,1,1,1,1
653,1,313,345,90,60,1,1,1,1
653,2,489,337,60,45,1,1,1,1
653,3,673,337,280,65,1,1,1,1
653,4,879,358,55,45,1,1,1,1
654,0,76,328,180,115,1,1,1,1
654,1,313,345,90,60,1,1,1,1
654,2,489,337,60,45,1,1,1,1
654,3,673,337,280,65,1,1,1,1
654,4,879,358,55,45,1,1,1,1
655,0,76,328,180,115,1,1,1,1
655,1,313,345,90,60,1,1,1,1
655,2,489,337,60,45,1,1,1,1
655,3,673,337,280,65,1,1,1,1
655,4,879,358,55,45,1,1,1,1
656,0,76,328,180,115,1,1,1,1
656,1,313,345,90,60,1,1,1,1
656,2,489,337,60,45,1,1,1,1
656,3,673,337,280,65,1,1,1,1
656,4,879,358,55,45,1,1,1,1
657,0,76,328,180,115,1,1,1,1
657,1,313,345,90,60,1,1,1,1
657,2,489,337,60,45,1,1,1,1
657,3,673,337,280,65,1,1,1,1
657,4,879,358,55,45,1,1,1,1
658,0,76,328,180,115,1,1,1,1
658,1,313,345,90,60,1,1,1,1
658,2,489,337,60,45,1,1,1,1
658,3,673,337,280,65,1,1,1,1
658,4,879,358,55,45,1,1,1,1
659,0,76,328,180,115,1,1,1,1
659,1,313,345,90,60,1,1,1,1
659,2,489,337,60,45,1,1,1,1
659,3,673,337,280,65,1,1,1,1
659,4,879,358,55,45,1,1,1,1
660,0,76,328,180,115,1,1,1,1
660,1,313,345,90,60,1,1,1,1
660,2,489,337,60,45,1,1,1,1
660,3,673,337,280,65,1,1,1,1
660,4,879,358,55,45,1,1,1,1
661,0,76,328,180,115,1,1,1,1
661,1,313,345,90,60,1,1,1,1
661,2,489,337,60,45,1,1,1,1
661,3,673,337,280,65,1,1,1,1
661,4,879,358,55,45,1,1,1,1
662,0,76,328,180,115,1,1,1,1
662,1,313,345,90,60,1,1,1,1
662,2,489,337,60,45,1,1,1,1
662,3,673,337,280,65,1,1,1,1
662,4,879,358,55,45,1,1,1,1
663,0,75,328,180,115,1,1,1,1
663,1,312,345,90,60,1,1,1,1
663,2,488,337,60,45,1,1,1,1
663,3,673,337,280,65,1,1,1,1
663,4,879,358,55,45,1,1,1,1
664,0,75,328,180,115,1,1,1,1
664,1,312,345,90,60,1,1,1,1
664,2,488,337,60,45,1,1,1,1
664,3,673,337,280,65,1,1,1,1
664,4,879,358,55,45,1,1,1,1
665,0,75,328,180,115,1,1,1,1
665,1,312,345,90,60,1,1,1,1
665,2,488,337,60,45,1,1,1,1
665,3,673,337,280,65,1,1,1,1
665,4,879,358,55,45,1,1,1,1
666,0,75,328,180,115,1,1,1,1
666,1,312,345,90,60,1,1,1,1
666,2,488,337,60,45,1,1,1,1
666,3,673,337,280,65,1,1,1,1
666,4,879,358,55,45,1,1,1,1
667,0,75,328,180,115,1,1,1,1
667,1,312,345,90,60,1,1,1,1
667,2,488,337,60,45,1,1,1,1
667,3,673,337,280,65,1,1,1,1
667,4,879,358,55,45,1,1,1,1
668,0,75,328,180,115,1,1,1,1
668,1,312,345,90,60,1,1,1,1
668,2,488,337,60,45,1,1,1,1
668,3,673,337,280,65,1,1,1,1
668,4,879,358,55,45,1,1,1,1
669,0,75,328,180,115,1,1,1,1
669,1,312,345,90,60,1,1,1,1
669,2,488,337,60,45,1,1,1,1
669,3,673,337,280,65,1,1,1,1
669,4,879,358,55,45,1,1,1,1
670,0,75,328,180,115,1,1,1,1
670,1,312,345,90,60,1,1,1,1
670,2,488,337,60,45,1,1,1,1
670,3,673,337,280,65,1,1,1,1
670,4,879,358,55,45,1,1,1,1
671,0,75,328,180,115,1,1,1,1
671,1,312,345,90,60,1,1,1,1
671,2,488,337,60,45,1,1,1,1
671,3,673,337,280,65,1,1,1,1
671,4,879,358,55,45,1,1,1,1
672,0,75,328,180,115,1,1,1,1
672,1,312,345,90,60,1,1,1,1
672,2,488,337,60,45,1,1,1,1
672,3,673,337,280,65,1,1,1,1
672,4,879,358,55,45,1,1,1,1
673,0,75,328,180,115,1,1,1,1
673,1,312,345,90,60,1,1,1,1
673,2,488,337,60,45,1,1,1,1
673,3,673,337,280,65,1,1,1,1
673,4,878,358,55,45,1,1,1,1
674,0,75,328,180,115,1,1,1,1
674,1,312,345,90,60,1,1,1,1
674,2,488,337,60,45,1,1,1,1
674,3,673,337,280,65,1,1,1,1
674,4,878,358,55,45,1,1,1,1
675,0,75,328,180,115,1,1,1,1
675,1,312,345,90,60,1,1,1,1
675,2,488,337,60,45,1,1,1,1
675,3,673,337,280,65,1,1,1,1
675,4,878,358,55,45,1,1,1,1
676,0,75,328,180,115,1,1,1,1
676,1,312,345,90,60,1,1,1,1
676,2,488,337,60,45,1,1,1,1
676,3,673,337,280,65,1,1,1,1
676,4,878,358,55,45,1,1,1,1
677,0,75,328,180,115,1,1,1,1
677,1,312,345,90,60,1,1,1,1
677,2,488,337,60,45,1,1,1,1
677,3,673,337,280,65,1,1,1,1
677,4,878,358,55,45,1,1,1,1
678,0,74,328,180,115,1,1,1,1
678,1,312,345,90,60,1,1,1,1
678,2,488,337,60,45,1,1,1,1
678,3,673,337,280,65,1,1,1,1
678,4,878,358,55,45,1,1,1,1
679,0,74,328,180,115,1,1,1,1
679,1,312,345,90,60,1,1,1,1
679,2,488,337,60,45,1,1,1,1
679,3,673,337,280,65,1,1,1,1
679,4,878,358,55,45,1,1,1,1
680,0,74,328,180,115,1,1,1,1
680,1,312,345,90,60,1,1,1,1
680,2,488,337,60,45,1,1,1,1
680,3,673,337,280,65,1,1,1,1
680,4,878,358,55,45,1,1,1,1
681,0,74,328,180,115,1,1,1,1
681,1,312,345,90,60,1,1,1,1
681,2,488,337,60,45,1,1,1,1
681,3,673,337,280,65,1,1,1,1
681,4,878,358,55,45,1,1,1,1
682,0,74,328,180,115,1,1,1,1
682,1,312,345,90,60,1,1,1,1
682,2,488,337,60,45,1,1,1,1
682,3,673,337,280,65,1,1,1,1
682,4,878,358,55,45,1,1,1,1
683,0,74,328,180,115,1,1,1,1
683,1,312,345,90,60,1,1,1,1
683,2,488,337,60,45,1,1,1,1
683,3,673,337,280,65,1,1,1,1
683,4,878,358,55,45,1,1,1,1
684,0,74,328,180,115,1,1,1,1
684,1,312,345,90,60,1,1,1,1
684,2,488,337,60,45,1,1,1,1
684,3,673,337,280,65,1,1,1,1
684,4,878,358,55,45,1,1,1,1
685,0,74,328,180,115,1,1,1,1
685,1,312,345,90,60,1,1,1,1
685,2,488,337,60,45,1,1,1,1
685,3,673,337,280,65,1,1,1,1
685,4,878,358,55,45,1,1,1,1
686,0,74,328,180,115,1,1,1,1
686,1,312,345,90,60,1,1,1,1
686,2,488,337,60,45,1,1,1,1
686,3,673,337,280,65,1,1,1,1
686,4,878,358,55,45,1,1,1,1
687,0,74,328,180,115,1,1,1,1
687,1,312,345,90,60,1,1,1,1
687,2,488,337,60,45,1,1,1,1
687,3,673,337,280,65,1,1,1,1
687,4,878,358,55,45,1,1,1,1
688,0,74,328,180,115,1,1,1,1
688,1,312,345,90,60,1,1,1,1
688,2,488,337,60,45,1,1,1,1
688,3,673,337,280,65,1,1,1,1
688,4,878,358,55,45,1,1,1,1
689,0,74,328,180,115,1,1,1,1
689,1,312,345,90,60,1,1,1,1
689,2,488,337,60,45,1,1,1,1
689,3,673,337,280,65,1,1,1,1
689,4,878,358,55,45,1,1,1,1
690,0,74,328,180,115,1,1,1,1
690,1,312,345,90,60,1,1,1,1
690,2,488,337,60,45,1,1,1,1
690,3,673,337,280,65,1,1,1,1
690,4,878,358,55,45,1,1,1,1
691,0,74,328,180,115,1,1,1,1
691,1,312,345,90,60,1,1,1,1
691,2,488,337,60,45,1,1,1,1
691,3,673,337,280,65,1,1,1,1
691,4,878,358,55,45,1,1,1,1
692,0,74,329,180,115,1,1,1,1
692,1,312,345,90,60,1,1,1,1
692,2,488,337,60,45,1,1,1,1
692,3,673,337,280,65,1,1,1,1
692,4,878,359,55,45,1,1,1,1
693,0,73,329,180,115,1,1,1,1
693,1,311,345,90,60,1,1,1,1
693,2,488,337,60,45,1,1,1,1
693,3,673,337,280,65,1,1,1,1
693,4,877,359,55,45,1,1,1,1
694,0,73,329,180,115,1,1,1,1
694,1,311,345,90,60,1,1,1,1
694,2,488,337,60,45,1,1,1,1
694,3,673,337,280,65,1,1,1,1
694,4,877,359,55,45,1,1,1,1
695,0,73,329,180,115,1,1,1,1
695,1,311,345,90,60,1,1,1,1
695,2,488,337,60,45,1,1,1,1
695,3,673,337,280,65,1,1,1,1
695,4,877,359,55,45,1,1,1,1
696,0,73,329,180,115,1,1,1,1
696,1,311,345,90,60,1,1,1,1
696,2,488,337,60,45,1,1,1,1
696,3,673,337,280,65,1,1,1,1
696,4,877,359,55,45,1,1,1,1
697,0,73,329,180,115,1,1,1,1
697,1,311,345,90,60,1,1,1,1
697,2,488,337,60,45,1,1,1,1
697,3,673,337,280,65,1,1,1,1
697,4,877,359,55,45,1,1,1,1
698,0,73,329,180,115,1,1,1,1
698,1,311,345,90,60,1,1,1,1
698,2,488,337,60,45,1,1,1,1
698,3,673,337,280,65,1,1,1,1
698,4,877,359,55,45,1,1,1,1
699,0,73,329,180,115,1,1,1,1
699,1,311,345,90,60,1,1,1,1
699,2,488,337,60,45,1,1,1,1
699,3,673,337,280,65,1,1,1,1
699,4,877,359,55,45,1,1,1,1
700,0,73,329,180,115,1,1,1,1
700,1,311,345,90,60,1,1,1,1
700,2,488,337,60,45,1,1,1,1
700,3,673,337,280,65,1,1,1,1
700,4,877,359,55,45,1,1,1,1
701,0,73,329,180,115,1,1,1,1
701,1,311,345,90,60,1,1,1,1
701,2,488,337,60,45,1,1,1,1
701,3,673,337,280,65,1,1,1,1
701,4,877,359,55,45,1,1,1,1
702,0,73,329,180,115,1,1,1,1
702,1,311,345,90,60,1,1,1,1
702,2,488,337,60,45,1,1,1,1
702,3,673,337,280,65,1,1,1,1
702,4,877,359,55,45,1,1,1,1
703,0,73,329,180,115,1,1,1,1
703,1,311,345,90,60,1,1,1,1
703,2,488,337,60,45,1,1,1,1
703,3,672,337,280,65,1,1,1,1
703,4,877,359,55,45,1,1,1,1
704,0,73,329,180,115,1,1,1,1
704,1,311,345,90,60,1,1,1,1
704,2,488,337,60,45,1,1,1,1
704,3,672,337,280,65,1,1,1,1
704,4,877,359,55,45,1,1,1,1
705,0,73,329,180,115,1,1,1,1
705,1,311,345,90,60,1,1,1,1
705,2,488,337,60,45,1,1,1,1
705,3,672,337,280,65,1,1,1,1
705,4,877,359,55,45,1,1,1,1
706,0,73,329,180,115,1,1,1,1
706,1,311,345,90,60,1,1,1,1
706,2,488,337,60,45,1,1,1,1
706,3,672,337,280,65,1,1,1,1
706,4,877,359,55,45,1,1,1,1
707,0,73,329,180,115,1,1,1,1
707,1,311,345,90,60,1,1,1,1
707,2,488,337,60,45,1,1,1,1
707,3,672,337,280,65,1,1,1,1
707,4,877,359,55,45,1,1,1,1
708,0,72,329,180,115,1,1,1,1
708,1,311,345,90,60,1,1,1,1
708,2,488,337,60,45,1,1,1,1
708,3,672,337,280,65,1,1,1,1
708,4,877,359,55,45,1,1,1,1
709,0,72,329,180,115,1,1,1,1
709,1,311,345,90,60,1,1,1,1
709,2,488,337,60,45,1,1,1,1
709,3,672,337,280,65,1,1,1,1
709,4,877,359,55,45,1,1,1,1
710,0,72,329,180,115,1,1,1,1
710,1,311,345,90,60,1,1,1,1
710,2,488,337,60,45,1,1,1,1
710,3,672,337,280,65,1,1,1,1
710,4,877,359,55,45,1,1,1,1
711,0,72,329,180,115,1,1,1,1
711,1,311,345,90,60,1,1,1,1
711,2,488,337,60,45,1,1,1,1
711,3,672,337,280,65,1,1,1,1
711,4,877,359,55,45,1,1,1,1
712,0,72,329,180,115,1,1,1,1
712,1,311,345,90,60,1,1,1,1
712,2,488,337,60,45,1,1,1,1
712,3,672,337,280,65,1,1,1,1
712,4,877,359,55,45,1,1,1,1
713,0,72,329,180,115,1,1,1,1
713,1,311,345,90,60,1,1,1,1
713,2,488,337,60,45,1,1,1,1
713,3,672,337,280,65,1,1,1,1
713,4,876,359,55,45,1,1,1,1
714,0,72,329,180,115,1,1,1,1
714,1,311,345,90,60,1,1,1,1
714,2,488,337,60,45,1,1,1,1
714,3,672,337,280,65,1,1,1,1
714,4,876,359,55,45,1,1,1,1
715,0,72,329,180,115,1,1,1,1
715,1,311,345,90,60,1,1,1,1
715,2,488,337,60,45,1,1,1,1
715,3,672,337,280,65,1,1,1,1
715,4,876,359,55,45,1,1,1,1
716,0,72,329,180,115,1,1,1,1
716,1,311,345,90,60,1,1,1,1
716,2,488,337,60,45,1,1,1,1
716,3,672,337,280,65,1,1,1,1
716,4,876,359,55,45,1,1,1,1
717,0,72,329,180,115,1,1,1,1
717,1,311,345,90,60,1,1,1,1
717,2,488,337,60,45,1,1,1,1
717,3,672,337,280,65,1,1,1,1
717,4,876,359,55,45,1,1,1,1
718,0,72,329,180,115,1,1,1,1
718,1,311,345,90,60,1,1,1,1
718,2,488,337,60,45,1,1,1,1
718,3,672,337,280,65,1,1,1,1
718,4,876,359,55,45,1,1,1,1
719,0,72,329,180,115,1,1,1,1
719,1,311,345,90,60,1,1,1,1
719,2,488,337,60,45,1,1,1,1
719,3,672,337,280,65,1,1,1,1
719,4,876,359,55,45,1,1,1,1
720,0,72,329,180,115,1,1,1,1
720,1,311,345,90,60,1,1,1,1
720,2,488,337,60,45,1,1,1,1
720,3,672,337,280,65,1,1,1,1
720,4,876,359,55,45,1,1,1,1
721,0,72,329,180,115,1,1,1,1
721,1,311,345,90,60,1,1,1,1
721,2,488,337,60,45,1,1,1,1
721,3,672,337,280,65,1,1,1,1
721,4,876,359,55,45,1,1,1,1
722,0,72,329,180,115,1,1,1,1
722,1,311,345,90,60,1,1,1,1
722,2,488,337,60,45,1,1,1,1
722,3,672,337,280,65,1,1,1,1
722,4,876,359,55,45,1,1,1,1
723,0,71,329,180,115,1,1,1,1
723,1,310,345,90,60,1,1,1,1
723,2,487,337,60,45,1,1,1,1
723,3,672,337,280,65,1,1,1,1
723,4,876,359,55,45,1,1,1,1
724,0,71,329,180,115,1,1,1,1
724,1,310,345,90,60,1,1,1,1
724,2,487,337,60,45,1,1,1,1
724,3,672,337,280,65,1,1,1,1
724,4,876,359,55,45,1,1,1,1
725,0,71,329,180,115,1,1,1,1
725,1,310,345,90,60,1,1,1,1
725,2,487,337,60,45,1,1,1,1
725,3,672,337,280,65,1,1,1,1
725,4,876,359,55,45,1,1,1,1
726,0,71,329,180,115,1,1,1,1
726,1,310,345,90,60,1,1,1,1
726,2,487,337,60,45,1,1,1,1
726,3,672,337,280,65,1,1,1,1
726,4,876,359,55,45,1,1,1,1
727,0,71,329,180,115,1,1,1,1
727,1,310,345,90,60,1,1,1,1
727,2,487,337,60,45,1,1,1,1
727,3,672,337,280,65,1,1,1,1
727,4,876,359,55,45,1,1,1,1
728,0,71,329,180,115,1,1,1,1
728,1,310,345,90,60,1,1,1,1
728,2,487,337,60,45,1,1,1,1
728,3,672,337,280,65,1,1,1,1
728,4,876,359,55,45,1,1,1,1
729,0,71,329,180,115,1,1,1,1
729,1,310,345,90,60,1,1,1,1
729,2,487,337,60,45,1,1,1,1
729,3,672,337,280,65,1,1,1,1
729,4,876,359,55,45,1,1,1,1
730,0,71,329,180,115,1,1,1,1
730,1,310,345,90,60,1,1,1,1
730,2,487,337,60,45,1,1,1,1
730,3,672,337,280,65,1,1,1,1
730,4,876,359,55,45,1,1,1,1
731,0,71,329,180,115,1,1,1,1
731,1,310,345,90,60,1,1,1,1
731,2,487,337,60,45,1,1,1,1
731,3,672,337,280,65,1,1,1,1
731,4,876,359,55,45,1,1,1,1
732,0,71,329,180,115,1,1,1,1
732,1,310,345,90,60,1,1,1,1
732,2,487,337,60,45,1,1,1,1
732,3,672,337,280,65,1,1,1,1
732,4,876,359,55,45,1,1,1,1
733,0,71,329,180,115,1,1,1,1
733,1,310,345,90,60,1,1,1,1
733,2,487,337,60,45,1,1,1,1
733,3,672,337,280,65,1,1,1,1
733,4,875,359,55,45,1,1,1,1
734,0,71,329,180,115,1,1,1,1
734,1,310,345,90,60,1,1,1,1
734,2,487,337,60,45,1,1,1,1
734,3,672,337,280,65,1,1,1,1
734,4,875,359,55,45,1,1,1,1
735,0,71,329,180,115,1,1,1,1
735,1,310,345,90,60,1,1,1,1
735,2,487,337,60,45,1,1,1,1
735,3,672,337,280,65,1,1,1,1
735,4,875,359,55,45,1,1,1,1
736,0,71,329,180,115,1,1,1,1
736,1,310,345,90,60,1,1,1,1
736,2,487,337,60,45,1,1,1,1
736,3,672,337,280,65,1,1,1,1
736,4,875,359,55,45,1,1,1,1
737,0,71,329,180,115,1,1,1,1
737,1,310,345,90,60,1,1,1,1
737,2,487,337,60,45,1,1,1,1
737,3,672,337,280,65,1,1,1,1
737,4,875,359,55,45,1,1,1,1
738,0,70,329,180,115,1,1,1,1
738,1,310,345,90,60,1,1,1,1
738,2,487,337,60,45,1,1,1,1
738,3,672,337,280,65,1,1,1,1
738,4,875,359,55,45,1,1,1,1
739,0,70,329,180,115,1,1,1,1
739,1,310,345,90,60,1,1,1,1
739,2,487,337,60,45,1,1,1,1
739,3,672,337,280,65,1,1,1,1
739,4,875,359,55,45,1,1,1,1
740,0,70,329,180,115,1,1,1,1
740,1,310,345,90,60,1,1,1,1
740,2,487,337,60,45,1,1,1,1
740,3,672,337,280,65,1,1,1,1
740,4,875,359,55,45,1,1,1,1
741,0,70,329,180,115,1,1,1,1
741,1,310,345,90,60,1,1,1,1
741,2,487,337,60,45,1,1,1,1
741,3,672,337,280,65,1,1,1,1
741,4,875,359,55,45,1,1,1,1
742,0,70,329,180,115,1,1,1,1
742,1,310,345,90,60,1,1,1,1
742,2,487,337,60,45,1,1,1,1
742,3,672,337,280,65,1,1,1,1
742,4,875,359,55,45,1,1,1,1
743,0,70,329,180,115,1,1,1,1
743,1,310,345,90,60,1,1,1,1
743,2,487,337,60,45,1,1,1,1
743,3,672,337,280,65,1,1,1,1
743,4,875,359,55,45,1,1,1,1
744,0,70,329,180,115,1,1,1,1
744,1,310,345,90,60,1,1,1,1
744,2,487,337,60,45,1,1,1,1
744,3,672,337,280,65,1,1,1,1
744,4,875,359,55,45,1,1,1,1
745,0,70,329,180,115,1,1,1,1
745,1,310,345,90,60,1,1,1,1
745,2,487,337,60,45,1,1,1,1
745,3,672,337,280,65,1,1,1,1
745,4,875,359,55,45,1,1,1,1
746,0,70,329,180,115,1,1,1,1
746,1,310,345,90,60,1,1,1,1
746,2,487,337,60,45,1,1,1,1
746,3,672,337,280,65,1,1,1,1
746,4,875,359,55,45,1,1,1,1
747,0,70,329,180,115,1,1,1,1
747,1,310,345,90,60,1,1,1,1
747,2,487,337,60,45,1,1,1,1
747,3,672,337,280,65,1,1,1,1
747,4,875,359,55,45,1,1,1,1
748,0,70,329,180,115,1,1,1,1
748,1,310,345,90,60,1,1,1,1
748,2,487,337,60,45,1,1,1,1
748,3,672,337,280,65,1,1,1,1
748,4,875,359,55,45,1,1,1,1
749,0,70,329,180,115,1,1,1,1
749,1,310,345,90,60,1,1,1,1
749,2,487,337,60,45,1,1,1,1
749,3,672,337,280,65,1,1,1,1
749,4,875,359,55,45,1,1,1,1
750,0,70,329,180,115,1,1,1,1
750,1,310,345,90,60,1,1,1,1
750,2,487,337,60,45,1,1,1,1
750,3,672,337,280,65,1,1,1,1
750,4,875,359,55,45,1,1,1,1
751,0,70,329,180,115,1,1,1,1
751,1,310,345,90,60,1,1,1,1
751,2,487,337,60,45,1,1,1,1
751,3,672,337,280,65,1,1,1,1
751,4,875,359,55,45,1,1,1,1
752,0,70,330,180,115,1,1,1,1
752,1,310,345,90,60,1,1,1,1
752,2,487,337,60,45,1,1,1,1
752,3,672,337,280,65,1,1,1,1
752,4,875,360,55,45,1,1,1,1
753,0,69,330,180,115,1,1,1,1
753,1,309,345,90,60,1,1,1,1
753,2,487,337,60,45,1,1,1,1
753,3,672,337,280,65,1,1,1,1
753,4,874,360,55,45,1,1,1,1
754,0,69,330,180,115,1,1,1,1
754,1,309,345,90,60,1,1,1,1
754,2,487,337,60,45,1,1,1,1
754,3,672,337,280,65,1,1,1,1
754,4,874,360,55,45,1,1,1,1
755,0,69,330,180,115,1,1,1,1
755,1,309,345,90,60,1,1,1,1
755,2,487,337,60,45,1,1,1,1
755,3,672,337,280,65,1,1,1,1
755,4,874,360,55,45,1,1,1,1
756,0,69,330,180,115,1,1,1,1
756,1,309,345,90,60,1,1,1,1
756,2,487,337,60,45,1,1,1,1
756,3,672,337,280,65,1,1,1,1
756,4,874,360,55,45,1,1,1,1
757,0,69,330,180,115,1,1,1,1
757,1,309,345,90,60,1,1,1,1
757,2,487,337,60,45,1,1,1,1
757,3,672,337,280,65,1,1,1,1
757,4,874,360,55,45,1,1,1,1
758,0,69,330,180,115,1,1,1,1
758,1,309,345,90,60,1,1,1,1
758,2,487,337,60,45,1,1,1,1
758,3,672,337,280,65,1,1,1,1
758,4,874,360,55,45,1,1,1,1
759,0,69,330,180,115,1,1,1,1
759,1,309,345,90,60,1,1,1,1
759,2,487,337,60,45,1,1,1,1
759,3,672,337,280,65,1,1,1,1
759,4,874,360,55,45,1,1,1,1
760,0,69,330,180,115,1,1,1,1
760,1,309,345,90,60,1,1,1,1
760,2,487,337,60,45,1,1,1,1
760,3,672,337,280,65,1,1,1,1
760,4,874,360,55,45,1,1,1,1
761,0,69,330,180,115,1,1,1,1
761,1,309,345,90,60,1,1,1,1
761,2,487,337,60,45,1,1,1,1
761,3,672,337,280,65,1,1,1,1
761,4,874,360,55,45,1,1,1,1
762,0,69,330,180,115,1,1,1,1
762,1,309,345,90,60,1,1,1,1
762,2,487,337,60,45,1,1,1,1
762,3,672,337,280,65,1,1,1,1
762,4,874,360,55,45,1,1,1,1
763,0,69,330,180,115,1,1,1,1
763,1,309,345,90,60,1,1,1,1
763,2,487,337,60,45,1,1,1,1
763,3,672,337,280,65,1,1,1,1
763,4,874,360,55,45,1,1,1,1
764,0,69,330,180,115,1,1,1,1
764,1,309,345,90,60,1,1,1,1
764,2,487,337,60,45,1,1,1,1
764,3,672,337,280,65,1,1,1,1
764,4,874,360,55,45,1,1,1,1
765,0,69,330,180,115,1,1,1,1
765,1,309,345,90,60,1,1,1,1
765,2,487,337,60,45,1,1,1,1
765,3,672,337,280,65,1,1,1,1
765,4,874,360,55,45,1,1,1,1
766,0,69,330,180,115,1,1,1,1
766,1,309,345,90,60,1,1,1,1
766,2,487,337,60,45,1,1,1,1
766,3,672,337,280,65,1,1,1,1
766,4,874,360,55,45,1,1,1,1
767,0,69,330,180,115,1,1,1,1
767,1,309,345,90,60,1,1,1,1
767,2,487,337,60,45,1,1,1,1
767,3,672,337,280,65,1,1,1,1
767,4,874,360,55,45,1,1,1,1
768,0,68,330,180,115,1,1,1,1
768,1,309,345,90,60,1,1,1,1
768,2,487,337,60,45,1,1,1,1
768,3,672,337,280,65,1,1,1,1
768,4,874,360,55,45,1,1,1,1
769,0,68,330,180,115,1,1,1,1
769,1,309,345,90,60,1,1,1,1
769,2,487,337,60,45,1,1,1,1
769,3,672,337,280,65,1,1,1,1
769,4,874,360,55,45,1,1,1,1
770,0,68,330,180,115,1,1,1,1
770,1,309,345,90,60,1,1,1,1
770,2,487,337,60,45,1,1,1,1
770,3,672,337,280,65,1,1,1,1
770,4,874,360,55,45,1,1,1,1
771,0,68,330,180,115,1,1,1,1
771,1,309,345,90,60,1,1,1,1
771,2,487,337,60,45,1,1,1,1
771,3,672,337,280,65,1,1,1,1
771,4,874,360,55,45,1,1,1,1
772,0,68,330,180,115,1,1,1,1
772,1,309,345,90,60,1,1,1,1
772,2,487,337,60,45,1,1,1,1
772,3,672,337,280,65,1,1,1,1
772,4,874,360,55,45,1,1,1,1
773,0,68,330,180,115,1,1,1,1
773,1,309,345,90,60,1,1,1,1
773,2,487,337,60,45,1,1,1,1
773,3,672,337,280,65,1,1,1,1
773,4,873,360,55,45,1,1,1,1
774,0,68,330,180,115,1,1,1,1
774,1,309,345,90,60,1,1,1,1
774,2,487,337,60,45,1,1,1,1
774,3,672,337,280,65,1,1,1,1
774,4,873,360,55,45,1,1,1,1
775,0,68,330,180,115,1,1,1,1
775,1,309,345,90,60,1,1,1,1
775,2,487,337,60,45,1,1,1,1
775,3,672,337,280,65,1,1,1,1
775,4,873,360,55,45,1,1,1,1
776,0,68,330,180,115,1,1,1,1
776,1,309,345,90,60,1,1,1,1
776,2,487,337,60,45,1,1,1,1
776,3,672,337,280,65,1,1,1,1
776,4,873,360,55,45,1,1,1,1
777,0,68,330,180,115,1,1,1,1
777,1,309,345,90,60,1,1,1,1
777,2,487,337,60,45,1,1,1,1
777,3,672,337,280,65,1,1,1,1
777,4,873,360,55,45,1,1,1,1
778,0,68,330,180,115,1,1,1,1
778,1,309,345,90,60,1,1,1,1
778,2,487,337,60,45,1,1,1,1
778,3,672,337,280,65,1,1,1,1
778,4,873,360,55,45,1,1,1,1
779,0,68,330,180,115,1,1,1,1
779,1,309,345,90,60,1,1,1,1
779,2,487,337,60,45,1,1,1,1
779,3,672,337,280,65,1,1,1,1
779,4,873,360,55,45,1,1,1,1
780,0,68,330,180,115,1,1,1,1
780,1,309,345,90,60,1,1,1,1
780,2,487,337,60,45,1,1,1,1
780,3,672,337,280,65,1,1,1,1
780,4,873,360,55,45,1,1,1,1
781,0,68,330,180,115,1,1,1,1
781,1,309,345,90,60,1,1,1,1
781,2,487,337,60,45,1,1,1,1
781,3,672,337,280,65,1,1,1,1
781,4,873,360,55,45,1,1,1,1
782,0,68,330,180,115,1,1,1,1
782,1,309,345,90,60,1,1,1,1
782,2,487,337,60,45,1,1,1,1
782,3,672,337,280,65,1,1,1,1
782,4,873,360,55,45,1,1,1,1
783,0,67,330,180,115,1,1,1,1
783,1,308,345,90,60,1,1,1,1
783,2,486,337,60,45,1,1,1,1
783,3,672,337,280,65,1,1,1,1
783,4,873,360,55,45,1,1,1,1
784,0,67,330,180,115,1,1,1,1
784,1,308,345,90,60,1,1,1,1
784,2,486,337,60,45,1,1,1,1
784,3,672,337,280,65,1,1,1,1
784,4,873,360,55,45,1,1,1,1
785,0,67,330,180,115,1,1,1,1
785,1,308,345,90,60,1,1,1,1
785,2,486,337,60,45,1,1,1,1
785,3,672,337,280,65,1,1,1,1
785,4,873,360,55,45,1,1,1,1
786,0,67,330,180,115,1,1,1,1
786,1,308,345,90,60,1,1,1,1
786,2,486,337,60,45,1,1,1,1
786,3,672,337,280,65,1,1,1,1
786,4,873,360,55,45,1,1,1,1
787,0,67,330,180,115,1,1,1,1
787,1,308,345,90,60,1,1,1,1
787,2,486,337,60,45,1,1,1,1
787,3,672,337,280,65,1,1,1,1
787,4,873,360,55,45,1,1,1,1
788,0,67,330,180,115,1,1,1,1
788,1,308,345,90,60,1,1,1,1
788,2,486,337,60,45,1,1,1,1
788,3,672,337,280,65,1,1,1,1
788,4,873,360,55,45,1,1,1,1
789,0,67,330,180,115,1,1,1,1
789,1,308,345,90,60,1,1,1,1
789,2,486,337,60,45,1,1,1,1
789,3,672,337,280,65,1,1,1,1
789,4,873,360,55,45,1,1,1,1
790,0,67,330,180,115,1,1,1,1
790,1,308,345,90,60,1,1,1,1
790,2,486,337,60,45,1,1,1,1
790,3,672,337,280,65,1,1,1,1
790,4,873,360,55,45,1,1,1,1
791,0,67,330,180,115,1,1,1,1
791,1,308,345,90,60,1,1,1,1
791,2,486,337,60,45,1,1,1,1
791,3,672,337,280,65,1,1,1,1
791,4,873,360,55,45,1,1,1,1
792,0,67,330,180,115,1,1,1,1
792,1,308,345,90,60,1,1,1,1
792,2,486,337,60,45,1,1,1,1
792,3,672,337,280,65,1,1,1,1
792,4,873,360,55,45,1,1,1,1
793,0,67,330,180,115,1,1,1,1
793,1,308,345,90,60,1,1,1,1
793,2,486,337,60,45,1,1,1,1
793,3,672,337,280,65,1,1,1,1
793,4,872,360,55,45,1,1,1,1
794,0,67,330,180,115,1,1,1,1
794,1,308,345,90,60,1,1,1,1
794,2,486,337,60,45,1,1,1,1
794,3,672,337,280,65,1,1,1,1
794,4,872,360,55,45,1,1,1,1
795,0,67,330,180,115,1,1,1,1
795,1,308,345,90,60,1,1,1,1
795,2,486,337,60,45,1,1,1,1
795,3,672,337,280,65,1,1,1,1
795,4,872,360,55,45,1,1,1,1
796,0,67,330,180,115,1,1,1,1
796,1,308,345,90,60,1,1,1,1
796,2,486,337,60,45,1,1,1,1
796,3,672,337,280,65,1,1,1,1
796,4,872,360,55,45,1,1,1,1
797,0,67,330,180,115,1,1,1,1
797,1,308,345,90,60,1,1,1,1
797,2,486,337,60,45,1,1,1,1
797,3,672,337,280,65,1,1,1,1
797,4,872,360,55,45,1,1,1,1
798,0,66,330,180,115,1,1,1,1
798,1,308,345,90,60,1,1,1,1
798,2,486,337,60,45,1,1,1,1
798,3,672,337,280,65,1,1,1,1
798,4,872,360,55,45,1,1,1,1
799,0,66,330,180,115,1,1,1,1
799,1,308,345,90,60,1,1,1,1
799,2,486,337,60,45,1,1,1,1
799,3,672,337,280,65,1,1,1,1
799,4,872,360,55,45,1,1,1,1
800,0,66,330,180,115,1,1,1,1
800,1,308,345,90,60,1,1,1,1
800,2,486,337,60,45,1,1,1,1
800,3,672,337,280,65,1,1,1,1
800,4,872,360,55,45,1,1,1,1
801,0,66,330,180,115,1,1,1,1
801,1,308,345,90,60,1,1,1,1
801,2,486,337,60,45,1,1,1,1
801,3,672,337,280,65,1,1,1,1
801,4,872,360,55,45,1,1,1,1
802,0,66,330,180,115,1,1,1,1
802,1,308,345,90,60,1,1,1,1
802,2,486,337,60,45,1,1,1,1
802,3,672,337,280,65,1,1,1,1
802,4,872,360,55,45,1,1,1,1
803,0,66,330,180,115,1,1,1,1
803,1,308,345,90,60,1,1,1,1
803,2,486,337,60,45,1,1,1,1
803,3,671,337,280,65,1,1,1,1
803,4,872,360,55,45,1,1,1,1
804,0,66,330,180,115,1,1,1,1
804,1,308,345,90,60,1,1,1,1
804,2,486,337,60,45,1,1,1,1
804,3,671,337,280,65,1,1,1,1
804,4,872,360,55,45,1,1,1,1
805,0,66,330,180,115,1,1,1,1
805,1,308,345,90,60,1,1,1,1
805,2,486,337,60,45,1,1,1,1
805,3,671,337,280,65,1,1,1,1
805,4,872,360,55,45,1,1,1,1
806,0,66,330,180,115,1,1,1,1
806,1,308,345,90,60,1,1,1,1
806,2,486,337,60,45,1,1,1,1
806,3,671,337,280,65,1,1,1,1
806,4,872,360,55,45,1,1,1,1
807,0,66,330,180,115,1,1,1,1
807,1,308,345,90,60,1,1,1,1
807,2,486,337,60,45,1,1,1,1
807,3,671,337,280,65,1,1,1,1
807,4,872,360,55,45,1,1,1,1
808,0,66,330,180,115,1,1,1,1
808,1,308,345,90,60,1,1,1,1
808,2,486,337,60,45,1,1,1,1
808,3,671,337,280,65,1,1,1,1
808,4,872,360,55,45,1,1,1,1
809,0,66,330,180,115,1,1,1,1
809,1,308,345,90,60,1,1,1,1
809,2,486,337,60,45,1,1,1,1
809,3,671,337,280,65,1,1,1,1
809,4,872,360,55,45,1,1,1,1
810,0,66,330,180,115,1,1,1,1
810,1,308,345,90,60,1,1,1,1
810,2,486,337,60,45,1,1,1,1
810,3,671,337,280,65,1,1,1,1
810,4,872,360,55,45,1,1,1,1
811,0,66,330,180,115,1,1,1,1
811,1,308,345,90,60,1,1,1,1
811,2,486,337,60,45,1,1,1,1
811,3,671,337,280,65,1,1,1,1
811,4,872,360,55,45,1,1,1,1
812,0,66,331,180,115,1,1,1,1
812,1,308,345,90,60,1,1,1,1
812,2,486,337,60,45,1,1,1,1
812,3,671,337,280,65,1,1,1,1
812,4,872,361,55,45,1,1,1,1
813,0,65,331,180,115,1,1,1,1
813,1,307,345,90,60,1,1,1,1
813,2,486,337,60,45,1,1,1,1
813,3,671,337,280,65,1,1,1,1
813,4,871,361,55,45,1,1,1,1
814,0,65,331,180,115,1,1,1,1
814,1,307,345,90,60,1,1,1,1
814,2,486,337,60,45,1,1,1,1
814,3,671,337,280,65,1,1,1,1
814,4,871,361,55,45,1,1,1,1
815,0,65,331,180,115,1,1,1,1
815,1,307,345,90,60,1,1,1,1
815,2,486,337,60,45,1,1,1,1
815,3,671,337,280,65,1,1,1,1
815,4,871,361,55,45,1,1,1,1
816,0,65,331,180,115,1,1,1,1
816,1,307,345,90,60,1,1,1,1
816,2,486,337,60,45,1,1,1,1
816,3,671,337,280,65,1,1,1,1
816,4,871,361,55,45,1,1,1,1
817,0,65,331,180,115,1,1,1,1
817,1,307,345,90,60,1,1,1,1
817,2,486,337,60,45,1,1,1,1
817,3,671,337,280,65,1,1,1,1
817,4,871,361,55,45,1,1,1,1
818,0,65,331,180,115,1,1,1,1
818,1,307,345,90,60,1,1,1,1
818,2,486,337,60,45,1,1,1,1
818,3,671,337,280,65,1,1,1,1
818,4,871,361,55,45,1,1,1,1
819,0,65,331,180,115,1,1,1,1
819,1,307,345,90,60,1,1,1,1
819,2,486,337,60,45,1,1,1,1
819,3,671,337,280,65,1,1,1,1
819,4,871,361,55,45,1,1,1,1
820,0,65,331,180,115,1,1,1,1
820,1,307,345,90,60,1,1,1,1
820,2,486,337,60,45,1,1,1,1
820,3,671,337,280,65,1,1,1,1
820,4,871,361,55,45,1,1,1,1
821,0,65,331,180,115,1,1,1,1
821,1,307,345,90,60,1,1,1,1
821,2,486,337,60,45,1,1,1,1
821,3,671,337,280,65,1,1,1,1
821,4,871,361,55,45,1,1,1,1
822,0,65,331,180,115,1,1,1,1
822,1,307,345,90,60,1,1,1,1
822,2,486,337,60,45,1,1,1,1
822,3,671,337,280,65,1,1,1,1
822,4,871,361,55,45,1,1,1,1
823,0,65,331,180,115,1,1,1,1
823,1,307,345,90,60,1,1,1,1
823,2,486,337,60,45,1,1,1,1
823,3,671,337,280,65,1,1,1,1
823,4,871,361,55,45,1,1,1,1
824,0,65,331,180,115,1,1,1,1
824,1,307,345,90,60,1,1,1,1
824,2,486,337,60,45,1,1,1,1
824,3,671,337,280,65,1,1,1,1
824,4,871,361,55,45,1,1,1,1
825,0,65,331,180,115,1,1,1,1
825,1,307,345,90,60,1,1,1,1
825,2,486,337,60,45,1,1,1,1
825,3,671,337,280,65,1,1,1,1
825,4,871,361,55,45,1,1,1,1
826,0,65,331,180,115,1,1,1,1
826,1,307,345,90,60,1,1,1,1
826,2,486,337,60,45,1,1,1,1
826,3,671,337,280,65,1,1,1,1
826,4,871,361,55,45,1,1,1,1
827,0,65,331,180,115,1,1,1,1
827,1,307,345,90,60,1,1,1,1
827,2,486,337,60,45,1,1,1,1
827,3,671,337,280,65,1,1,1,1
827,4,871,361,55,45,1,1,1,1
828,0,64,331,180,115,1,1,1,1
828,1,307,345,90,60,1,1,1,1
828,2,486,337,60,45,1,1,1,1
828,3,671,337,280,65,1,1,1,1
828,4,871,361,55,45,1,1,1,1
829,0,64,331,180,115,1,1,1,1
829,1,307,345,90,60,1,1,1,1
829,2,486,337,60,45,1,1,1,1
829,3,671,337,280,65,1,1,1,1
829,4,871,361,55,45,1,1,1,1
830,0,64,331,180,115,1,1,1,1
830,1,307,345,90,60,1,1,1,1
830,2,486,337,60,45,1,1,1,1
830,3,671,337,280,65,1,1,1,1
830,4,871,361,55,45,1,1,1,1
831,0,64,331,180,115,1,1,1,1
831,1,307,345,90,60,1,1,1,1
831,2,486,337,60,45,1,1,1,1
831,3,671,337,280,65,1,1,1,1
831,4,871,361,55,45,1,1,1,1
832,0,64,331,180,115,1,1,1,1
832,1,307,345,90,60,1,1,1,1
832,2,486,337,60,45,1,1,1,1
832,3,671,337,280,65,1,1,1,1
832,4,871,361,55,45,1,1,1,1
833,0,64,331,180,115,1,1,1,1
833,1,307,345,90,60,1,1,1,1
833,2,486,337,60,45,1,1,1,1
833,3,671,337,280,65,1,1,1,1
833,4,870,361,55,45,1,1,1,1
834,0,64,331,180,115,1,1,1,1
834,1,307,345,90,60,1,1,1,1
834,2,486,337,60,45,1,1,1,1
834,3,671,337,280,65,1,1,1,1
834,4,870,361,55,45,1,1,1,1
835,0,64,331,180,115,1,1,1,1
835,1,307,345,90,60,1,1,1,1
835,2,486,337,60,45,1,1,1,1
835,3,671,337,280,65,1,1,1,1
835,4,870,361,55,45,1,1,1,1
836,0,64,331,180,115,1,1,1,1
836,1,307,345,90,60,1,1,1,1
836,2,486,337,60,45,1,1,1,1
836,3,671,337,280,65,1,1,1,1
836,4,870,361,55,45,1,1,1,1
837,0,64,331,180,115,1,1,1,1
837,1,307,345,90,60,1,1,1,1
837,2,486,337,60,45,1,1,1,1
837,3,671,337,280,65,1,1,1,1
837,4,870,361,55,45,1,1,1,1
838,0,64,331,180,115,1,1,1,1
838,1,307,345,90,60,1,1,1,1
838,2,486,337,60,45,1,1,1,1
838,3,671,337,280,65,1,1,1,1
838,4,870,361,55,45,1,1,1,1
839,0,64,331,180,115,1,1,1,1
839,1,307,345,90,60,1,1,1,1
839,2,486,337,60,45,1,1,1,1
839,3,671,337,280,65,1,1,1,1
839,4,870,361,55,45,1,1,1,1
840,0,64,331,180,115,1,1,1,1
840,1,307,345,90,60,1,1,1,1
840,2,486,337,60,45,1,1,1,1
840,3,671,337,280,65,1,1,1,1
840,4,870,361,55,45,1,1,1,1
841,0,64,331,180,115,1,1,1,1
841,1,307,345,90,60,1,1,1,1
841,2,486,337,60,45,1,1,1,1
841,3,671,337,280,65,1,1,1,1
841,4,870,361,55,45,1,1,1,1
842,0,64,331,180,115,1,1,1,1
842,1,307,345,90,60,1,1,1,1
842,2,486,337,60,45,1,1,1,1
842,3,671,337,280,65,1,1,1,1
842,4,870,361,55,45,1,1,1,1
843,0,63,331,180,115,1,1,1,1
843,1,306,345,90,60,1,1,1,1
843,2,485,337,60,45,1,1,1,1
843,3,671,337,280,65,1,1,1,1
843,4,870,361,55,45,1,1,1,1
844,0,63,331,180,115,1,1,1,1
844,1,306,345,90,60,1,1,1,1
844,2,485,337,60,45,1,1,1,1
844,3,671,337,280,65,1,1,1,1
844,4,870,361,55,45,1,1,1,1
845,0,63,331,180,115,1,1,1,1
845,1,306,345,90,60,1,1,1,1
845,2,485,337,60,45,1,1,1,1
845,3,671,337,280,65,1,1,1,1
845,4,870,361,55,45,1,1,1,1
846,0,63,331,180,115,1,1,1,1
846,1,306,345,90,60,1,1,1,1
846,2,485,337,60,45,1,1,1,1
846,3,671,337,280,65,1,1,1,1
846,4,870,361,55,45,1,1,1,1
847,0,63,331,180,115,1,1,1,1
847,1,306,345,90,60,1,1,1,1
847,2,485,337,60,45,1,1,1,1
847,3,671,337,280,65,1,1,1,1
847,4,870,361,55,45,1,1,1,1
848,0,63,331,180,115,1,1,1,1
848,1,306,345,90,60,1,1,1,1
848,2,485,337,60,45,1,1,1,1
848,3,671,337,280,65,1,1,1,1
848,4,870,361,55,45,1,1,1,1
849,0,63,331,180,115,1,1,1,1
849,1,306,345,90,60,1,1,1,1
849,2,485,337,60,45,1,1,1,1
849,3,671,337,280,65,1,1,1,1
849,4,870,361,55,45,1,1,1,1
850,0,63,331,180,115,1,1,1,1
850,1,306,345,90,60,1,1,1,1
850,2,485,337,60,45,1,1,1,1
850,3,671,337,280,65,1,1,1,1
850,4,870,361,55,45,1,1,1,1
851,0,63,331,180,115,1,1,1,1
851,1,306,345,90,60,1,1,1,1
851,2,485,337,60,45,1,1,1,1
851,3,671,337,280,65,1,1,1,1
851,4,870,361,55,45,1,1,1,1
852,0,63,331,180,115,1,1,1,1
852,1,306,345,90,60,1,1,1,1
852,2,485,337,60,45,1,1,1,1
852,3,671,337,280,65,1,1,1,1
852,4,870,361,55,45,1,1,1,1
853,0,63,331,180,115,1,1,1,1
853,1,306,345,90,60,1,1,1,1
853,2,485,337,60,45,1,1,1,1
853,3,671,337,280,65,1,1,1,1
853,4,869,361,55,45,1,1,1,1
854,0,63,331,180,115,1,1,1,1
854,1,306,345,90,60,1,1,1,1
854,2,485,337,60,45,1,1,1,1
854,3,671,337,280,65,1,1,1,1
854,4,869,361,55,45,1,1,1,1
855,0,63,331,180,115,1,1,1,1
855,1,306,345,90,60,1,1,1,1
855,2,485,337,60,45,1,1,1,1
855,3,671,337,280,65,1,1,1,1
855,4,869,361,55,45,1,1,1,1
856,0,63,331,180,115,1,1,1,1
856,1,306,345,90,60,1,1,1,1
856,2,485,337,60,45,1,1,1,1
856,3,671,337,280,65,1,1,1,1
856,4,869,361,55,45,1,1,1,1
857,0,63,331,180,115,1,1,1,1
857,1,306,345,90,60,1,1,1,1
857,2,485,337,60,45,1,1,1,1
857,3,671,337,280,65,1,1,1,1
857,4,869,361,55,45,1,1,1,1
858,0,62,331,180,115,1,1,1,1
858,1,306,345,90,60,1,1,1,1
858,2,485,337,60,45,1,1,1,1
858,3,671,337,280,65,1,1,1,1
858,4,869,361,55,45,1,1,1,1
859,0,62,331,180,115,1,1,1,1
859,1,306,345,90,60,1,1,1,1
859,2,485,337,60,45,1,1,1,1
859,3,671,337,280,65,1,1,1,1
859,4,869,361,55,45,1,1,1,1
860,0,62,331,180,115,1,1,1,1
860,1,306,345,90,60,1,1,1,1
860,2,485,337,60,45,1,1,1,1
860,3,671,337,280,65,1,1,1,1
860,4,869,361,55,45,1,1,1,1
861,0,62,331,180,115,1,1,1,1
861,1,306,345,90,60,1,1,1,1
861,2,485,337,60,45,1,1,1,1
861,3,671,337,280,65,1,1,1,1
861,4,869,361,55,45,1,1,1,1
862,0,62,331,180,115,1,1,1,1
862,1,306,345,90,60,1,1,1,1
862,2,485,337,60,45,1,1,1,1
862,3,671,337,280,65,1,1,1,1
862,4,869,361,55,45,1,1,1,1
863,0,62,331,180,115,1,1,1,1
863,1,306,345,90,60,1,1,1,1
863,2,485,337,60,45,1,1,1,1
863,3,671,337,280,65,1,1,1,1
863,4,869,361,55,45,1,1,1,1
864,0,62,331,180,115,1,1,1,1
864,1,306,345,90,60,1,1,1,1
864,2,485,337,60,45,1,1,1,1
864,3,671,337,280,65,1,1,1,1
864,4,869,361,55,45,1,1,1,1
865,0,62,331,180,115,1,1,1,1
865,1,306,345,90,60,1,1,1,1
865,2,485,337,60,45,1,1,1,1
865,3,671,337,280,65,1,1,1,1
865,4,869,361,55,45,1,1,1,1
866,0,62,331,180,115,1,1,1,1
866,1,306,345,90,60,1,1,1,1
866,2,485,337,60,45,1,1,1,1
866,3,671,337,280,65,1,1,1,1
866,4,869,361,55,45,1,1,1,1
867,0,62,331,180,115,1,1,1,1
867,1,306,345,90,60,1,1,1,1
867,2,485,337,60,45,1,1,1,1
867,3,671,337,280,65,1,1,1,1
867,4,869,361,55,45,1,1,1,1
868,0,62,331,180,115,1,1,1,1
868,1,306,345,90,60,1,1,1,1
868,2,485,337,60,45,1,1,1,1
868,3,671,337,280,65,1,1,1,1
868,4,869,361,55,45,1,1,1,1
869,0,62,331,180,115,1,1,1,1
869,1,306,345,90,60,1,1,1,1
869,2,485,337,60,45,1,1,1,1
869,3,671,337,280,65,1,1,1,1
869,4,869,361,55,45,1,1,1,1
870,0,62,331,180,115,1,1,1,1
870,1,306,345,90,60,1,1,1,1
870,2,485,337,60,45,1,1,1,1
870,3,671,337,280,65,1,1,1,1
870,4,869,361,55,45,1,1,1,1
871,0,62,331,180,115,1,1,1,1
871,1,306,345,90,60,1,1,1,1
871,2,485,337,60,45,1,1,1,1
871,3,671,337,280,65,1,1,1,1
871,4,869,361,55,45,1,1,1,1
872,0,62,332,180,115,1,1,1,1
872,1,306,345,90,60,1,1,1,1
872,2,485,337,60,45,1,1,1,1
872,3,671,337,280,65,1,1,1,1
872,4,869,362,55,45,1,1,1,1
873,0,61,332,180,115,1,1,1,1
873,1,305,345,90,60,1,1,1,1
873,2,485,337,60,45,1,1,1,1
873,3,671,337,280,65,1,1,1,1
873,4,868,362,55,45,1,1,1,1
874,0,61,332,180,115,1,1,1,1
874,1,305,345,90,60,1,1,1,1
874,2,485,337,60,45,1,1,1,1
874,3,671,337,280,65,1,1,1,1
874,4,868,362,55,45,1,1,1,1
875,0,61,332,180,115,1,1,1,1
875,1,305,345,90,60,1,1,1,1
875,2,485,337,60,45,1,1,1,1
875,3,671,337,280,65,1,1,1,1
875,4,868,362,55,45,1,1,1,1
876,0,61,332,180,115,1,1,1,1
876,1,305,345,90,60,1,1,1,1
876,2,485,337,60,45,1,1,1,1
876,3,671,337,280,65,1,1,1,1
876,4,868,362,55,45,1,1,1,1
877,0,61,332,180,115,1,1,1,1
877,1,305,345,90,60,1,1,1,1
877,2,485,337,60,45,1,1,1,1
877,3,671,337,280,65,1,1,1,1
877,4,868,362,55,45,1,1,1,1
878,0,61,332,180,115,1,1,1,1
878,1,305,345,90,60,1,1,1,1
878,2,485,337,60,45,1,1,1,1
878,3,671,337,280,65,1,1,1,1
878,4,868,362,55,45,1,1,1,1
879,0,61,332,180,115,1,1,1,1
879,1,305,345,90,60,1,1,1,1
879,2,485,337,60,45,1,1,1,1
879,3,671,337,280,65,1,1,1,1
879,4,868,362,55,45,1,1,1,1
880,0,61,332,180,115,1,1,1,1
880,1,305,345,90,60,1,1,1,1
880,2,485,337,60,45,1,1,1,1
880,3,671,337,280,65,1,1,1,1
880,4,868,362,55,45,1,1,1,1
881,0,61,332,180,115,1,1,1,1
881,1,305,345,90,60,1,1,1,1
881,2,485,337,60,45,1,1,1,1
881,3,671,337,280,65,1,1,1,1
881,4,868,362,55,45,1,1,1,1
882,0,61,332,180,115,1,1,1,1
882,1,305,345,90,60,1,1,1,1
882,2,485,337,60,45,1,1,1,1
882,3,671,337,280,65,1,1,1,1
882,4,868,362,55,45,1,1,1,1
883,0,61,332,180,115,1,1,1,1
883,1,305,345,90,60,1,1,1,1
883,2,485,337,60,45,1,1,1,1
883,3,671,337,280,65,1,1,1,1
883,4,868,362,55,45,1,1,1,1
884,0,61,332,180,115,1,1,1,1
884,1,305,345,90,60,1,1,1,1
884,2,485,337,60,45,1,1,1,1
884,3,671,337,280,65,1,1,1,1
884,4,868,362,55,45,1,1,1,1
885,0,61,332,180,115,1,1,1,1
885,1,305,345,90,60,1,1,1,1
885,2,485,337,60,45,1,1,1,1
885,3,671,337,280,65,1,1,1,1
885,4,868,362,55,45,1,1,1,1
886,0,61,332,180,115,1,1,1,1
886,1,305,345,90,60,1,1,1,1
886,2,485,337,60,45,1,1,1,1
886,3,671,337,280,65,1,1,1,1
886,4,868,362,55,45,1,1,1,1
887,0,61,332,180,115,1,1,1,1
887,1,305,345,90,60,1,1,1,1
887,2,485,337,60,45,1,1,1,1
887,3,671,337,280,65,1,1,1,1
887,4,868,362,55,45,1,1,1,1
888,0,60,332,180,115,1,1,1,1
888,1,305,345,90,60,1,1,1,1
888,2,485,337,60,45,1,1,1,1
888,3,671,337,280,65,1,1,1,1
888,4,868,362,55,45,1,1,1,1
889,0,60,332,180,115,1,1,1,1
889,1,305,345,90,60,1,1,1,1
889,2,485,337,60,45,1,1,1,1
889,3,671,337,280,65,1,1,1,1
889,4,868,362,55,45,1,1,1,1
890,0,60,332,180,115,1,1,1,1
890,1,305,345,90,60,1,1,1,1
890,2,485,337,60,45,1,1,1,1
890,3,671,337,280,65,1,1,1,1
890,4,868,362,55,45,1,1,1,1
891,0,60,332,180,115,1,1,1,1
891,1,305,345,90,60,1,1,1,1
891,2,485,337,60,45,1,1,1,1
891,3,671,337,280,65,1,1,1,1
891,4,868,362,55,45,1,1,1,1
892,0,60,332,180,115,1,1,1,1
892,1,305,345,90,60,1,1,1,1
892,2,485,337,60,45,1,1,1,1
892,3,671,337,280,65,1,1,1,1
892,4,868,362,55,45,1,1,1,1
893,0,60,332,180,115,1,1,1,1
893,1,305,345,90,60,1,1,1,1
893,2,485,337,60,45,1,1,1,1
893,3,671,337,280,65,1,1,1,1
893,4,867,362,55,45,1,1,1,1
894,0,60,332,180,115,1,1,1,1
894,1,305,345,90,60,1,1,1,1
894,2,485,337,60,45,1,1,1,1
894,3,671,337,280,65,1,1,1,1
894,4,867,362,55,45,1,1,1,1
895,0,60,332,180,115,1,1,1,1
895,1,305,345,90,60,1,1,1,1
895,2,485,337,60,45,1,1,1,1
895,3,671,337,280,65,1,1,1,1
895,4,867,362,55,45,1,1,1,1
896,0,60,332,180,115,1,1,1,1
896,1,305,345,90,60,1,1,1,1
896,2,485,337,60,45,1,1,1,1
896,3,671,337,280,65,1,1,1,1
896,4,867,362,55,45,1,1,1,1
897,0,60,332,180,115,1,1,1,1
897,1,305,345,90,60,1,1,1,1
897,2,485,337,60,45,1,1,1,1
897,3,671,337,280,65,1,1,1,1
897,4,867,362,55,45,1,1,1,1
898,0,60,332,180,115,1,1,1,1
898,1,305,345,90,60,1,1,1,1
898,2,485,337,60,45,1,1,1,1
898,3,671,337,280,65,1,1,1,1
898,4,867,362,55,45,1,1,1,1
899,0,60,332,180,115,1,1,1,1
899,1,305,345,90,60,1,1,1,1
899,2,485,337,60,45,1,1,1,1
899,3,671,337,280,65,1,1,1,1
899,4,867,362,55,45,1,1,1,1
900,0,60,332,180,115,1,1,1,1
900,1,305,345,90,60,1,1,1,1
900,2,485,337,60,45,1,1,1,1
900,3,671,337,280,65,1,1,1,1
900,4,867,362,55,45,1,1,1,1
901,0,60,332,180,115,1,1,1,1
901,1,305,345,90,60,1,1,1,1
901,2,485,337,60,45,1,1,1,1
901,3,671,337,280,65,1,1,1,1
901,4,867,362,55,45,1,1,1,1
902,0,60,332,180,115,1,1,1,1
902,1,305,345,90,60,1,1,1,1
902,2,485,337,60,45,1,1,1,1
902,3,671,337,280,65,1,1,1,1
902,4,867,362,55,45,1,1,1,1
903,0,59,332,180,115,1,1,1,1
903,1,304,345,90,60,1,1,1,1
903,2,484,337,60,45,1,1,1,1
903,3,670,337,280,65,1,1,1,1
903,4,867,362,55,45,1,1,1,1
904,0,59,332,180,115,1,1,1,1
904,1,304,345,90,60,1,1,1,1
904,2,484,337,60,45,1,1,1,1
904,3,670,337,280,65,1,1,1,1
904,4,867,362,55,45,1,1,1,1
905,0,59,332,180,115,1,1,1,1
905,1,304,345,90,60,1,1,1,1
905,2,484,337,60,45,1,1,1,1
905,3,670,337,280,65,1,1,1,1
905,4,867,362,55,45,1,1,1,1
906,0,59,332,180,115,1,1,1,1
906,1,304,345,90,60,1,1,1,1
906,2,484,337,60,45,1,1,1,1
906,3,670,337,280,65,1,1,1,1
906,4,867,362,55,45,1,1,1,1
907,0,59,332,180,115,1,1,1,1
907,1,304,345,90,60,1,1,1,1
907,2,484,337,60,45,1,1,1,1
907,3,670,337,280,65,1,1,1,1
907,4,867,362,55,45,1,1,1,1
908,0,59,332,180,115,1,1,1,1
908,1,304,345,90,60,1,1,1,1
908,2,484,337,60,45,1,1,1,1
908,3,670,337,280,65,1,1,1,1
908,4,867,362,55,45,1,1,1,1
909,0,59,332,180,115,1,1,1,1
909,1,304,345,90,60,1,1,1,1
909,2,484,337,60,45,1,1,1,1
909,3,670,337,280,65,1,1,1,1
909,4,867,362,55,45,1,1,1,1
910,0,59,332,180,115,1,1,1,1
910,1,304,345,90,60,1,1,1,1
910,2,484,337,60,45,1,1,1,1
910,3,670,337,280,65,1,1,1,1
910,4,867,362,55,45,1,1,1,1
911,0,59,332,180,115,1,1,1,1
911,1,304,345,90,60,1,1,1,1
911,2,484,337,60,45,1,1,1,1
911,3,670,337,280,65,1,1,1,1
911,4,867,362,55,45,1,1,1,1
912,0,59,332,180,115,1,1,1,1
912,1,304,345,90,60,1,1,1,1
912,2,484,337,60,45,1,1,1,1
912,3,670,337,280,65,1,1,1,1
912,4,867,362,55,45,1,1,1,1
913,0,59,332,180,115,1,1,1,1
913,1,304,345,90,60,1,1,1,1
913,2,484,337,60,45,1,1,1,1
913,3,670,337,280,65,1,1,1,1
913,4,866,362,55,45,1,1,1,1
914,0,59,332,180,115,1,1,1,1
914,1,304,345,90,60,1,1,1,1
914,2,484,337,60,45,1,1,1,1
914,3,670,337,280,65,1,1,1,1
914,4,866,362,55,45,1,1,1,1
915,0,59,332,180,115,1,1,1,1
915,1,304,345,90,60,1,1,1,1
915,2,484,337,60,45,1,1,1,1
915,3,670,337,280,65,1,1,1,1
915,4,866,362,55,45,1,1,1,1
916,0,59,332,180,115,1,1,1,1
916,1,304,345,90,60,1,1,1,1
916,2,484,337,60,45,1,1,1,1
916,3,670,337,280,65,1,1,1,1
916,4,866,362,55,45,1,1,1,1
917,0,59,332,180,115,1,1,1,1
917,1,304,345,90,60,1,1,1,1
917,2,484,337,60,45,1,1,1,1
917,3,670,337,280,65,1,1,1,1
917,4,866,362,55,45,1,1,1,1
918,0,58,332,180,115,1,1,1,1
918,1,304,345,90,60,1,1,1,1
918,2,484,337,60,45,1,1,1,1
918,3,670,337,280,65,1,1,1,1
918,4,866,362,55,45,1,1,1,1
919,0,58,332,180,115,1,1,1,1
919,1,304,345,90,60,1,1,1,1
919,2,484,337,60,45,1,1,1,1
919,3,670,337,280,65,1,1,1,1
919,4,866,362,55,45,1,1,1,1
920,0,58,332,180,115,1,1,1,1
920,1,304,345,90,60,1,1,1,1
920,2,484,337,60,45,1,1,1,1
920,3,670,337,280,65,1,1,1,1
920,4,866,362,55,45,1,1,1,1
921,0,58,332,180,115,1,1,1,1
921,1,304,345,90,60,1,1,1,1
921,2,484,337,60,45,1,1,1,1
921,3,670,337,280,65,1,1,1,1
921,4,866,362,55,45,1,1,1,1
922,0,58,332,180,115,1,1,1,1
922,1,304,345,90,60,1,1,1,1
922,2,484,337,60,45,1,1,1,1
922,3,670,337,280,65,1,1,1,1
922,4,866,362,55,45,1,1,1,1
923,0,58,332,180,115,1,1,1,1
923,1,304,345,90,60,1,1,1,1
923,2,484,337,60,45,1,1,1,1
923,3,670,337,280,65,1,1,1,1
923,4,866,362,55,45,1,1,1,1
924,0,58,332,180,115,1,1,1,1
924,1,304,345,90,60,1,1,1,1
924,2,484,337,60,45,1,1,1,1
924,3,670,337,280,65,1,1,1,1
924,4,866,362,55,45,1,1,1,1
925,0,58,332,180,115,1,1,1,1
925,1,304,345,90,60,1,1,1,1
925,2,484,337,60,45,1,1,1,1
925,3,670,337,280,65,1,1,1,1
925,4,866,362,55,45,1,1,1,1
926,0,58,332,180,115,1,1,1,1
926,1,304,345,90,60,1,1,1,1
926,2,484,337,60,45,1,1,1,1
926,3,670,337,280,65,1,1,1,1
926,4,866,362,55,45,1,1,1,1
927,0,58,332,180,115,1,1,1,1
927,1,304,345,90,60,1,1,1,1
927,2,484,337,60,45,1,1,1,1
927,3,670,337,280,65,1,1,1,1
927,4,866,362,55,45,1,1,1,1
928,0,58,332,180,115,1,1,1,1
928,1,304,345,90,60,1,1,1,1
928,2,484,337,60,45,1,1,1,1
928,3,670,337,280,65,1,1,1,1
928,4,866,362,55,45,1,1,1,1
929,0,58,332,180,115,1,1,1,1
929,1,304,345,90,60,1,1,1,1
929,2,484,337,60,45,1,1,1,1
929,3,670,337,280,65,1,1,1,1
929,4,866,362,55,45,1,1,1,1
930,0,58,332,180,115,1,1,1,1
930,1,304,345,90,60,1,1,1,1
930,2,484,337,60,45,1,1,1,1
930,3,670,337,280,65,1,1,1,1
930,4,866,362,55,45,1,1,1,1
931,0,58,332,180,115,1,1,1,1
931,1,304,345,90,60,1,1,1,1
931,2,484,337,60,45,1,1,1,1
931,3,670,337,280,65,1,1,1,1
931,4,866,362,55,45,1,1,1,1
932,0,58,333,180,115,1,1,1,1
932,1,304,345,90,60,1,1,1,1
932,2,484,337,60,45,1,1,1,1
932,3,670,337,280,65,1,1,1,1
932,4,866,363,55,45,1,1,1,1
933,0,57,333,180,115,1,1,1,1
933,1,303,345,90,60,1,1,1,1
933,2,484,337,60,45,1,1,1,1
933,3,670,337,280,65,1,1,1,1
933,4,865,363,55,45,1,1,1,1
934,0,57,333,180,115,1,1,1,1
934,1,303,345,90,60,1,1,1,1
934,2,484,337,60,45,1,1,1,1
934,3,670,337,280,65,1,1,1,1
934,4,865,363,55,45,1,1,1,1
935,0,57,333,180,115,1,1,1,1
935,1,303,345,90,60,1,1,1,1
935,2,484,337,60,45,1,1,1,1
935,3,670,337,280,65,1,1,1,1
935,4,865,363,55,45,1,1,1,1
936,0,57,333,180,115,1,1,1,1
936,1,303,345,90,60,1,1,1,1
936,2,484,337,60,45,1,1,1,1
936,3,670,337,280,65,1,1,1,1
936,4,865,363,55,45,1,1,1,1
937,0,57,333,180,115,1,1,1,1
937,1,303,345,90,60,1,1,1,1
937,2,484,337,60,45,1,1,1,1
937,3,670,337,280,65,1,1,1,1
937,4,865,363,55,45,1,1,1,1
938,0,57,333,180,115,1,1,1,1
938,1,303,345,90,60,1,1,1,1
938,2,484,337,60,45,1,1,1,1
938,3,670,337,280,65,1,1,1,1
938,4,865,363,55,45,1,1,1,1
939,0,57,333,180,115,1,1,1,1
939,1,303,345,90,60,1,1,1,1
939,2,484,337,60,45,1,1,1,1
939,3,670,337,280,65,1,1,1,1
939,4,865,363,55,45,1,1,1,1
940,0,57,333,180,115,1,1,1,1
940,1,303,345,90,60,1,1,1,1
940,2,484,337,60,45,1,1,1,1
940,3,670,337,280,65,1,1,1,1
940,4,865,363,55,45,1,1,1,1
941,0,57,333,180,115,1,1,1,1
941,1,303,345,90,60,1,1,1,1
941,2,484,337,60,45,1,1,1,1
941,3,670,337,280,65,1,1,1,1
941,4,865,363,55,45,1,1,1,1
942,0,57,333,180,115,1,1,1,1
942,1,303,345,90,60,1,1,1,1
942,2,484,337,60,45,1,1,1,1
942,3,670,337,280,65,1,1,1,1
942,4,865,363,55,45,1,1,1,1
943,0,57,333,180,115,1,1,1,1
943,1,303,345,90,60,1,1,1,1
943,2,484,337,60,45,1,1,1,1
943,3,670,337,280,65,1,1,1,1
943,4,865,363,55,45,1,1,1,1
944,0,57,333,180,115,1,1,1,1
944,1,303,345,90,60,1,1,1,1
944,2,484,337,60,45,1,1,1,1
944,3,670,337,280,65,1,1,1,1
944,4,865,363,55,45,1,1,1,1
945,0,57,333,180,115,1,1,1,1
945,1,303,345,90,60,1,1,1,1
945,2,484,337,60,45,1,1,1,1
945,3,670,337,280,65,1,1,1,1
945,4,865,363,55,45,1,1,1,1
946,0,57,333,180,115,1,1,1,1
946,1,303,345,90,60,1,1,1,1
946,2,484,337,60,45,1,1,1,1
946,3,670,337,280,65,1,1,1,1
946,4,865,363,55,45,1,1,1,1
947,0,57,333,180,115,1,1,1,1
947,1,303,345,90,60,1,1,1,1
947,2,484,337,60,45,1,1,1,1
947,3,670,337,280,65,1,1,1,1
947,4,865,363,55,45,1,1,1,1
948,0,56,333,180,115,1,1,1,1
948,1,303,345,90,60,1,1,1,1
948,2,484,337,60,45,1,1,1,1
948,3,670,337,280,65,1,1,1,1
948,4,865,363,55,45,1,1,1,1
949,0,56,333,180,115,1,1,1,1
949,1,303,345,90,60,1,1,1,1
949,2,484,337,60,45,1,1,1,1
949,3,670,337,280,65,1,1,1,1
949,4,865,363,55,45,1,1,1,1
950,0,56,333,180,115,1,1,1,1
950,1,303,345,90,60,1,1,1,1
950,2,484,337,60,45,1,1,1,1
950,3,670,337,280,65,1,1,1,1
950,4,865,363,55,45,1,1,1,1
951,0,56,333,180,115,1,1,1,1
951,1,303,345,90,60,1,1,1,1
951,2,484,337,60,45,1,1,1,1
951,3,670,337,280,65,1,1,1,1
951,4,865,363,55,45,1,1,1,1
952,0,56,333,180,115,1,1,1,1
952,1,303,345,90,60,1,1,1,1
952,2,484,337,60,45,1,1,1,1
952,3,670,337,280,65,1,1,1,1
952,4,865,363,55,45,1,1,1,1
953,0,56,333,180,115,1,1,1,1
953,1,303,345,90,60,1,1,1,1
953,2,484,337,60,45,1,1,1,1
953,3,670,337,280,65,1,1,1,1
953,4,864,363,55,45,1,1,1,1
954,0,56,333,180,115,1,1,1,1
954,1,303,345,90,60,1,1,1,1
954,2,484,337,60,45,1,1,1,1
954,3,670,337,280,65,1,1,1,1
954,4,864,363,55,45,1,1,1,1
955,0,56,333,180,115,1,1,1,1
955,1,303,345,90,60,1,1,1,1
955,2,484,337,60,45,1,1,1,1
955,3,670,337,280,65,1,1,1,1
955,4,864,363,55,45,1,1,1,1
956,0,56,333,180,115,1,1,1,1
956,1,303,345,90,60,1,1,1,1
956,2,484,337,60,45,1,1,1,1
956,3,670,337,280,65,1,1,1,1
956,4,864,363,55,45,1,1,1,1
957,0,56,333,180,115,1,1,1,1
957,1,303,345,90,60,1,1,1,1
957,2,484,337,60,45,1,1,1,1
957,3,670,337,280,65,1,1,1,1
957,4,864,363,55,45,1,1,1,1
958,0,56,333,180,115,1,1,1,1
958,1,303,345,90,60,1,1,1,1
958,2,484,337,60,45,1,1,1,1
958,3,670,337,280,65,1,1,1,1
958,4,864,363,55,45,1,1,1,1
959,0,56,333,180,115,1,1,1,1
959,1,303,345,90,60,1,1,1,1
959,2,484,337,60,45,1,1,1,1
959,3,670,337,280,65,1,1,1,1
959,4,864,363,55,45,1,1,1,1
960,0,56,333,180,115,1,1,1,1
960,1,303,345,90,60,1,1,1,1
960,2,484,337,60,45,1,1,1,1
960,3,670,337,280,65,1,1,1,1
960,4,864,363,55,45,1,1,1,1
961,0,56,333,180,115,1,1,1,1
961,1,303,345,90,60,1,1,1,1
961,2,484,337,60,45,1,1,1,1
961,3,670,337,280,65,1,1,1,1
961,4,864,363,55,45,1,1,1,1
962,0,56,333,180,115,1,1,1,1
962,1,303,345,90,60,1,1,1,1
962,2,484,337,60,45,1,1,1,1
962,3,670,337,280,65,1,1,1,1
962,4,864,363,55,45,1,1,1,1
963,0,55,333,180,115,1,1,1,1
963,1,302,345,90,60,1,1,1,1
963,2,483,337,60,45,1,1,1,1
963,3,670,337,280,65,1,1,1,1
963,4,864,363,55,45,1,1,1,1
964,0,55,333,180,115,1,1,1,1
964,1,302,345,90,60,1,1,1,1
964,2,483,337,60,45,1,1,1,1
964,3,670,337,280,65,1,1,1,1
964,4,864,363,55,45,1,1,1,1
965,0,55,333,180,115,1,1,1,1
965,1,302,345,90,60,1,1,1,1
965,2,483,337,60,45,1,1,1,1
965,3,670,337,280,65,1,1,1,1
965,4,864,363,55,45,1,1,1,1
966,0,55,333,180,115,1,1,1,1
966,1,302,345,90,60,1,1,1,1
966,2,483,337,60,45,1,1,1,1
966,3,670,337,280,65,1,1,1,1
966,4,864,363,55,45,1,1,1,1
967,0,55,333,180,115,1,1,1,1
967,1,302,345,90,60,1,1,1,1
967,2,483,337,60,45,1,1,1,1
967,3,670,337,280,65,1,1,1,1
967,4,864,363,55,45,1,1,1,1
968,0,55,333,180,115,1,1,1,1
968,1,302,345,90,60,1,1,1,1
968,2,483,337,60,45,1,1,1,1
968,3,670,337,280,65,1,1,1,1
968,4,864,363,55,45,1,1,1,1
969,0,55,333,180,115,1,1,1,1
969,1,302,345,90,60,1,1,1,1
969,2,483,337,60,45,1,1,1,1
969,3,670,337,280,65,1,1,1,1
969,4,864,363,55,45,1,1,1,1
970,0,55,333,180,115,1,1,1,1
970,1,302,345,90,60,1,1,1,1
970,2,483,337,60,45,1,1,1,1
970,3,670,337,280,65,1,1,1,1
970,4,864,363,55,45,1,1,1,1
971,0,55,333,180,115,1,1,1,1
971,1,302,345,90,60,1,1,1,1
971,2,483,337,60,45,1,1,1,1
971,3,670,337,280,65,1,1,1,1
971,4,864,363,55,45,1,1,1,1
972,0,55,333,180,115,1,1,1,1
972,1,302,345,90,60,1,1,1,1
972,2,483,337,60,45,1,1,1,1
972,3,670,337,280,65,1,1,1,1
972,4,864,363,55,45,1,1,1,1
973,0,55,333,180,115,1,1,1,1
973,1,302,345,90,60,1,1,1,1
973,2,483,337,60,45,1,1,1,1
973,3,670,337,280,65,1,1,1,1
973,4,863,363,55,45,1,1,1,1
974,0,55,333,180,115,1,1,1,1
974,1,302,345,90,60,1,1,1,1
974,2,483,337,60,45,1,1,1,1
974,3,670,337,280,65,1,1,1,1
974,4,863,363,55,45,1,1,1,1
975,0,55,333,180,115,1,1,1,1
975,1,302,345,90,60,1,1,1,1
975,2,483,337,60,45,1,1,1,1
975,3,670,337,280,65,1,1,1,1
975,4,863,363,55,45,1,1,1,1
976,0,55,333,180,115,1,1,1,1
976,1,302,345,90,60,1,1,1,1
976,2,483,337,60,45,1,1,1,1
976,3,670,337,280,65,1,1,1,1
976,4,863,363,55,45,1,1,1,1
977,0,55,333,180,115,1,1,1,1
977,1,302,345,90,60,1,1,1,1
977,2,483,337,60,45,1,1,1,1
977,3,670,337,280,65,1,1,1,1
977,4,863,363,55,45,1,1,1,1
978,0,54,333,180,115,1,1,1,1
978,1,302,345,90,60,1,1,1,1
978,2,483,337,60,45,1,1,1,1
978,3,670,337,280,65,1,1,1,1
978,4,863,363,55,45,1,1,1,1
979,0,54,333,180,115,1,1,1,1
979,1,302,345,90,60,1,1,1,1
979,2,483,337,60,45,1,1,1,1
979,3,670,337,280,65,1,1,1,1
979,4,863,363,55,45,1,1,1,1
980,0,54,333,180,115,1,1,1,1
980,1,302,345,90,60,1,1,1,1
980,2,483,337,60,45,1,1,1,1
980,3,670,337,280,65,1,1,1,1
980,4,863,363,55,45,1,1,1,1
981,0,54,333,180,115,1,1,1,1
981,1,302,345,90,60,1,1,1,1
981,2,483,337,60,45,1,1,1,1
981,3,670,337,280,65,1,1,1,1
981,4,863,363,55,45,1,1,1,1
982,0,54,333,180,115,1,1,1,1
982,1,302,345,90,60,1,1,1,1
982,2,483,337,60,45,1,1,1,1
982,3,670,337,280,65,1,1,1,1
982,4,863,363,55,45,1,1,1,1
983,0,54,333,180,115,1,1,1,1
983,1,302,345,90,60,1,1,1,1
983,2,483,337,60,45,1,1,1,1
983,3,670,337,280,65,1,1,1,1
983,4,863,363,55,45,1,1,1,1
984,0,54,333,180,115,1,1,1,1
984,1,302,345,90,60,1,1,1,1
984,2,483,337,60,45,1,1,1,1
984,3,670,337,280,65,1,1,1,1
984,4,863,363,55,45,1,1,1,1
985,0,54,333,180,115,1,1,1,1
985,1,302,345,90,60,1,1,1,1
985,2,483,337,60,45,1,1,1,1
985,3,670,337,280,65,1,1,1,1
985,4,863,363,55,45,1,1,1,1
986,0,54,333,180,115,1,1,1,1
986,1,302,345,90,60,1,1,1,1
986,2,483,337,60,45,1,1,1,1
986,3,670,337,280,65,1,1,1,1
986,4,863,363,55,45,1,1,1,1
987,0,54,333,180,115,1,1,1,1
987,1,302,345,90,60,1,1,1,1
987,2,483,337,60,45,1,1,1,1
987,3,670,337,280,65,1,1,1,1
987,4,863,363,55,45,1,1,1,1
988,0,54,333,180,115,1,1,1,1
988,1,302,345,90,60,1,1,1,1
988,2,483,337,60,45,1,1,1,1
988,3,670,337,280,65,1,1,1,1
988,4,863,363,55,45,1,1,1,1
989,0,54,333,180,115,1,1,1,1
989,1,302,345,90,60,1,1,1,1
989,2,483,337,60,45,1,1,1,1
989,3,670,337,280,65,1,1,1,1
989,4,863,363,55,45,1,1,1,1
990,0,54,333,180,115,1,1,1,1
990,1,302,345,90,60,1,1,1,1
990,2,483,337,60,45,1,1,1,1
990,3,670,337,280,65,1,1,1,1
990,4,863,363,55,45,1,1,1,1
991,0,54,333,180,115,1,1,1,1
991,1,302,345,90,60,1,1,1,1
991,2,483,337,60,45,1,1,1,1
991,3,670,337,280,65,1,1,1,1
991,4,863,363,55,45,1,1,1,1
992,0,54,334,180,115,1,1,1,1
992,1,302,345,90,60,1,1,1,1
992,2,483,337,60,45,1,1,1,1
992,3,670,337,280,65,1,1,1,1
992,4,863,364,55,45,1,1,1,1
993,0,53,334,180,115,1,1,1,1
993,1,301,345,90,60,1,1,1,1
993,2,483,337,60,45,1,1,1,1
993,3,670,337,280,65,1,1,1,1
993,4,862,364,55,45,1,1,1,1
994,0,53,334,180,115,1,1,1,1
994,1,301,345,90,60,1,1,1,1
994,2,483,337,60,45,1,1,1,1
994,3,670,337,280,65,1,1,1,1
994,4,862,364,55,45,1,1,1,1
995,0,53,334,180,115,1,1,1,1
995,1,301,345,90,60,1,1,1,1
995,2,483,337,60,45,1,1,1,1
995,3,670,337,280,65,1,1,1,1
995,4,862,364,55,45,1,1,1,1
996,0,53,334,180,115,1,1,1,1
996,1,301,345,90,60,1,1,1,1
996,2,483,337,60,45,1,1,1,1
996,3,670,337,280,65,1,1,1,1
996,4,862,364,55,45,1,1,1,1
997,0,53,334,180,115,1,1,1,1
997,1,301,345,90,60,1,1,1,1
997,2,483,337,60,45,1,1,1,1
997,3,670,337,280,65,1,1,1,1
997,4,862,364,55,45,1,1,1,1
998,0,53,334,180,115,1,1,1,1
998,1,301,345,90,60,1,1,1,1
998,2,483,337,60,45,1,1,1,1
998,3,670,337,280,65,1,1,1,1
998,4,862,364,55,45,1,1,1,1
999,0,53,334,180,115,1,1,1,1
999,1,301,345,90,60,1,1,1,1
999,2,483,337,60,45,1,1,1,1
999,3,670,337,280,65,1,1,1,1
999,4,862,364,55,45,1,1,1,1
1000,0,53,334,180,115,1,1,1,1
1000,1,301,345,90,60,1,1,1,1
1000,2,483,337,60,45,1,1,1,1
1000,3,670,337,280,65,1,1,1,1
1000,4,862,364,55,45,1,1,1,1
1001,0,53,334,180,115,1,1,1,1
1001,1,301,345,90,60,1,1,1,1
1001,2,483,337,60,45,1,1,1,1
1001,3,670,337,280,65,1,1,1,1
1001,4,862,364,55,45,1,1,1,1
1002,0,53,334,180,115,1,1,1,1
1002,1,301,345,90,60,1,1,1,1
1002,2,483,337,60,45,1,1,1,1
1002,3,670,337,280,65,1,1,1,1
1002,4,862,364,55,45,1,1,1,1
1003,0,53,334,180,115,1,1,1,1
1003,1,301,345,90,60,1,1,1,1
1003,2,483,337,60,45,1,1,1,1
1003,3,669,337,280,65,1,1,1,1
1003,4,862,364,55,45,1,1,1,1
1004,0,53,334,180,115,1,1,1,1
1004,1,301,345,90,60,1,1,1,1
1004,2,483,337,60,45,1,1,1,1
1004,3,669,337,280,65,1,1,1,1
1004,4,862,364,55,45,1,1,1,1
1005,0,53,334,180,115,1,1,1,1
1005,1,301,345,90,60,1,1,1,1
1005,2,483,337,60,45,1,1,1,1
1005,3,669,337,280,65,1,1,1,1
1005,4,862,364,55,45,1,1,1,1
1006,0,53,334,180,115,1,1,1,1
1006,1,301,345,90,60,1,1,1,1
1006,2,483,337,60,45,1,1,1,1
1006,3,669,337,280,65,1,1,1,1
1006,4,862,364,55,45,1,1,1,1
1007,0,53,334,180,115,1,1,1,1
1007,1,301,345,90,60,1,1,1,1
1007,2,483,337,60,45,1,1,1,1
1007,3,669,337,280,65,1,1,1,1
1007,4,862,364,55,45,1,1,1,1
1008,0,52,334,180,115,1,1,1,1
1008,1,301,345,90,60,1,1,1,1
1008,2,483,337,60,45,1,1,1,1
1008,3,669,337,280,65,1,1,1,1
1008,4,862,364,55,45,1,1,1,1
1009,0,52,334,180,115,1,1,1,1
1009,1,301,345,90,60,1,1,1,1
1009,2,483,337,60,45,1,1,1,1
1009,3,669,337,280,65,1,1,1,1
1009,4,862,364,55,45,1,1,1,1
1010,0,52,334,180,115,1,1,1,1
1010,1,301,345,90,60,1,1,1,1
1010,2,483,337,60,45,1,1,1,1
1010,3,669,337,280,65,1,1,1,1
1010,4,862,364,55,45,1,1,1,1
1011,0,52,334,180,115,1,1,1,1
1011,1,301,345,90,60,1,1,1,1
1011,2,483,337,60,45,1,1,1,1
1011,3,669,337,280,65,1,1,1,1
1011,4,862,364,55,45,1,1,1,1
1012,0,52,334,180,115,1,1,1,1
1012,1,301,345,90,60,1,1,1,1
1012,2,483,337,60,45,1,1,1,1
1012,3,669,337,280,65,1,1,1,1
1012,4,862,364,55,45,1,1,1,1
1013,0,52,334,180,115,1,1,1,1
1013,1,301,345,90,60,1,1,1,1
1013,2,483,337,60,45,1,1,1,1
1013,3,669,337,280,65,1,1,1,1
1013,4,861,364,55,45,1,1,1,1
1014,0,52,334,180,115,1,1,1,1
1014,1,301,345,90,60,1,1,1,1
1014,2,483,337,60,45,1,1,1,1
1014,3,669,337,280,65,1,1,1,1
1014,4,861,364,55,45,1,1,1,1
1015,0,52,334,180,115,1,1,1,1
1015,1,301,345,90,60,1,1,1,1
1015,2,483,337,60,45,1,1,1,1
1015,3,669,337,280,65,1,1,1,1
1015,4,861,364,55,45,1,1,1,1
1016,0,52,334,180,115,1,1,1,1
1016,1,301,345,90,60,1,1,1,1
1016,2,483,337,60,45,1,1,1,1
1016,3,669,337,280,65,1,1,1,1
1016,4,861,364,55,45,1,1,1,1
1017,0,52,334,180,115,1,1,1,1
1017,1,301,345,90,60,1,1,1,1
1017,2,483,337,60,45,1,1,1,1
1017,3,669,337,280,65,1,1,1,1
1017,4,861,364,55,45,1,1,1,1
1018,0,52,334,180,115,1,1,1,1
1018,1,301,345,90,60,1,1,1,1
1018,2,483,337,60,45,1,1,1,1
1018,3,669,337,280,65,1,1,1,1
1018,4,861,364,55,45,1,1,1,1
1019,0,52,334,180,115,1,1,1,1
1019,1,301,345,90,60,1,1,1,1
1019,2,483,337,60,45,1,1,1,1
1019,3,669,337,280,65,1,1,1,1
1019,4,861,364,55,45,1,1,1,1
1020,0,52,334,180,115,1,1,1,1
1020,1,301,345,90,60,1,1,1,1
1020,2,483,337,60,45,1,1,1,1
1020,3,669,337,280,65,1,1,1,1
1020,4,861,364,55,45,1,1,1,1
1021,0,52,334,180,115,1,1,1,1
1021,1,301,345,90,60,1,1,1,1
1021,2,483,337,60,45,1,1,1,1
1021,3,669,337,280,65,1,1,1,1
1021,4,861,364,55,45,1,1,1,1
1022,0,52,334,180,115,1,1,1,1
1022,1,301,345,90,60,1,1,1,1
1022,2,483,337,60,45,1,1,1,1
1022,3,669,337,280,65,1,1,1,1
1022,4,861,364,55,45,1,1,1,1
1023,0,51,334,180,115,1,1,1,1
1023,1,300,345,90,60,1,1,1,1
1023,2,482,337,60,45,1,1,1,1
1023,3,669,337,280,65,1,1,1,1
1023,4,861,364,55,45,1,1,1,1
1024,0,51,334,180,115,1,1,1,1
1024,1,300,345,90,60,1,1,1,1
1024,2,482,337,60,45,1,1,1,1
1024,3,669,337,280,65,1,1,1,1
1024,4,861,364,55,45,1,1,1,1
1025,0,51,334,180,115,1,1,1,1
1025,1,300,345,90,60,1,1,1,1
1025,2,482,337,60,45,1,1,1,1
1025,3,669,337,280,65,1,1,1,1
1025,4,861,364,55,45,1,1,1,1
1026,0,51,334,180,115,1,1,1,1
1026,1,300,345,90,60,1,1,1,1
1026,2,482,337,60,45,1,1,1,1
1026,3,669,337,280,65,1,1,1,1
1026,4,861,364,55,45,1,1,1,1
1027,0,51,334,180,115,1,1,1,1
1027,1,300,345,90,60,1,1,1,1
1027,2,482,337,60,45,1,1,1,1
1027,3,669,337,280,65,1,1,1,1
1027,4,861,364,55,45,1,1,1,1
1028,0,51,334,180,115,1,1,1,1
1028,1,300,345,90,60,1,1,1,1
1028,2,482,337,60,45,1,1,1,1
1028,3,669,337,280,65,1,1,1,1
1028,4,861,364,55,45,1,1,1,1
1029,0,51,334,180,115,1,1,1,1
1029,1,300,345,90,60,1,1,1,1
1029,2,482,337,60,45,1,1,1,1
1029,3,669,337,280,65,1,1,1,1
1029,4,861,364,55,45,1,1,1,1
1030,0,51,334,180,115,1,1,1,1
1030,1,300,345,90,60,1,1,1,1
1030,2,482,337,60,45,1,1,1,1
1030,3,669,337,280,65,1,1,1,1
1030,4,861,364,55,45,1,1,1,1
1031,0,51,334,180,115,1,1,1,1
1031,1,300,345,90,60,1,1,1,1
1031,2,482,337,60,45,1,1,1,1
1031,3,669,337,280,65,1,1,1,1
1031,4,861,364,55,45,1,1,1,1
1032,0,51,334,180,115,1,1,1,1
1032,1,300,345,90,60,1,1,1,1
1032,2,482,337,60,45,1,1,1,1
1032,3,669,337,280,65,1,1,1,1
1032,4,861,364,55,45,1,1,1,1
1033,0,51,334,180,115,1,1,1,1
1033,1,300,345,90,60,1,1,1,1
1033,2,482,337,60,45,1,1,1,1
1033,3,669,337,280,65,1,1,1,1
1033,4,860,364,55,45,1,1,1,1
1034,0,51,334,180,115,1,1,1,1
1034,1,300,345,90,60,1,1,1,1
1034,2,482,337,60,45,1,1,1,1
1034,3,669,337,280,65,1,1,1,1
1034,4,860,364,55,45,1,1,1,1
1035,0,51,334,180,115,1,1,1,1
1035,1,300,345,90,60,1,1,1,1
1035,2,482,337,60,45,1,1,1,1
1035,3,669,337,280,65,1,1,1,1
1035,4,860,364,55,45,1,1,1,1
1036,0,51,334,180,115,1,1,1,1
1036,1,300,345,90,60,1,1,1,1
1036,2,482,337,60,45,1,1,1,1
1036,3,669,337,280,65,1,1,1,1
1036,4,860,364,55,45,1,1,1,1
1037,0,51,334,180,115,1,1,1,1
1037,1,300,345,90,60,1,1,1,1
1037,2,482,337,60,45,1,1,1,1
1037,3,669,337,280,65,1,1,1,1
1037,4,860,364,55,45,1,1,1,1
1038,0,50,334,180,115,1,1,1,1
1038,1,300,345,90,60,1,1,1,1
1038,2,482,337,60,45,1,1,1,1
1038,3,669,337,280,65,1,1,1,1
1038,4,860,364,55,45,1,1,1,1
1039,0,50,334,180,115,1,1,1,1
1039,1,300,345,90,60,1,1,1,1
1039,2,482,337,60,45,1,1,1,1
1039,3,669,337,280,65,1,1,1,1
1039,4,860,364,55,45,1,1,1,1
1040,0,50,334,180,115,1,1,1,1
1040,1,300,345,90,60,1,1,1,1
1040,2,482,337,60,45,1,1,1,1
1040,3,669,337,280,65,1,1,1,1
1040,4,860,364,55,45,1,1,1,1
1041,0,50,334,180,115,1,1,1,1
1041,1,300,345,90,60,1,1,1,1
1041,2,482,337,60,45,1,1,1,1
1041,3,669,337,280,65,1,1,1,1
1041,4,860,364,55,45,1,1,1,1
1042,0,50,334,180,115,1,1,1,1
1042,1,300,345,90,60,1,1,1,1
1042,2,482,337,60,45,1,1,1,1
1042,3,669,337,280,65,1,1,1,1
1042,4,860,364,55,45,1,1,1,1
1043,0,50,334,180,115,1,1,1,1
1043,1,300,345,90,60,1,1,1,1
1043,2,482,337,60,45,1,1,1,1
1043,3,669,337,280,65,1,1,1,1
1043,4,860,364,55,45,1,1,1,1
1044,0,50,334,180,115,1,1,1,1
1044,1,300,345,90,60,1,1,1,1
1044,2,482,337,60,45,1,1,1,1
1044,3,669,337,280,65,1,1,1,1
1044,4,860,364,55,45,1,1,1,1
1045,0,50,334,180,115,1,1,1,1
1045,1,300,345,90,60,1,1,1,1
1045,2,482,337,60,45,1,1,1,1
1045,3,669,337,280,65,1,1,1,1
1045,4,860,364,55,45,1,1,1,1
1046,0,50,334,180,115,1,1,1,1
1046,1,300,345,90,60,1,1,1,1
1046,2,482,337,60,45,1,1,1,1
1046,3,669,337,280,65,1,1,1,1
1046,4,860,364,55,45,1,1,1,1
1047,0,50,334,180,115,1,1,1,1
1047,1,300,345,90,60,1,1,1,1
1047,2,482,337,60,45,1,1,1,1
1047,3,669,337,280,65,1,1,1,1
1047,4,860,364,55,45,1,1,1,1
1048,0,50,334,180,115,1,1,1,1
1048,1,300,345,90,60,1,1,1,1
1048,2,482,337,60,45,1,1,1,1
1048,3,669,337,280,65,1,1,1,1
1048,4,860,364,55,45,1,1,1,1
1049,0,50,334,180,115,1,1,1,1
1049,1,300,345,90,60,1,1,1,1
1049,2,482,337,60,45,1,1,1,1
1049,3,669,337,280,65,1,1,1,1
1049,4,860,364,55,45,1,1,1,1
1050,0,50,334,180,115,1,1,1,1
1050,1,300,345,90,60,1,1,1,1
1050,2,482,337,60,45,1,1,1,1
1050,3,669,337,280,65,1,1,1,1
1050,4,860,364,55,45,1,1,1,1
1051,0,50,334,180,115,1,1,1,1
1051,1,300,345,90,60,1,1,1,1
1051,2,482,337,60,45,1,1,1,1
1051,3,669,337,280,65,1,1,1,1
1051,4,860,364,55,45,1,1,1,1
1052,0,50,335,180,115,1,1,1,1
1052,1,300,345,90,60,1,1,1,1
1052,2,482,337,60,45,1,1,1,1
1052,3,669,337,280,65,1,1,1,1
1052,4,860,365,55,45,1,1,1,1
1053,0,49,335,180,115,1,1,1,1
1053,1,299,345,90,60,1,1,1,1
1053,2,482,337,60,45,1,1,1,1
1053,3,669,337,280,65,1,1,1,1
1053,4,859,365,55,45,1,1,1,1
1054,0,49,335,180,115,1,1,1,1
1054,1,299,345,90,60,1,1,1,1
1054,2,482,337,60,45,1,1,1,1
1054,3,669,337,280,65,1,1,1,1
1054,4,859,365,55,45,1,1,1,1
1055,0,49,335,180,115,1,1,1,1
1055,1,299,345,90,60,1,1,1,1
1055,2,482,337,60,45,1,1,1,1
1055,3,669,337,280,65,1,1,1,1
1055,4,859,365,55,45,1,1,1,1
1056,0,49,335,180,115,1,1,1,1
1056,1,299,345,90,60,1,1,1,1
1056,2,482,337,60,45,1,1,1,1
1056,3,669,337,280,65,1,1,1,1
1056,4,859,365,55,45,1,1,1,1
1057,0,49,335,180,115,1,1,1,1
1057,1,299,345,90,60,1,1,1,1
1057,2,482,337,60,45,1,1,1,1
1057,3,669,337,280,65,1,1,1,1
1057,4,859,365,55,45,1,1,1,1
1058,0,49,335,180,115,1,1,1,1
1058,1,299,345,90,60,1,1,1,1
1058,2,482,337,60,45,1,1,1,1
1058,3,669,337,280,65,1,1,1,1
1058,4,859,365,55,45,1,1,1,1
1059,0,49,335,180,115,1,1,1,1
1059,1,299,345,90,60,1,1,1,1
1059,2,482,337,60,45,1,1,1,1
1059,3,669,337,280,65,1,1,1,1
1059,4,859,365,55,45,1,1,1,1
1060,0,49,335,180,115,1,1,1,1
1060,1,299,345,90,60,1,1,1,1
1060,2,482,337,60,45,1,1,1,1
1060,3,669,337,280,65,1,1,1,1
1060,4,859,365,55,45,1,1,1,1
1061,0,49,335,180,115,1,1,1,1
1061,1,299,345,90,60,1,1,1,1
1061,2,482,337,60,45,1,1,1,1
1061,3,669,337,280,65,1,1,1,1
1061,4,859,365,55,45,1,1,1,1
1062,0,49,335,180,115,1,1,1,1
1062,1,299,345,90,60,1,1,1,1
1062,2,482,337,60,45,1,1,1,1
1062,3,669,337,280,65,1,1,1,1
1062,4,859,365,55,45,1,1,1,1
1063,0,49,335,180,115,1,1,1,1
1063,1,299,345,90,60,1,1,1,1
1063,2,482,337,60,45,1,1,1,1
1063,3,669,337,280,65,1,1,1,1
1063,4,859,365,55,45,1,1,1,1
1064,0,49,335,180,115,1,1,1,1
1064,1,299,345,90,60,1,1,1,1
1064,2,482,337,60,45,1,1,1,1
1064,3,669,337,280,65,1,1,1,1
1064,4,859,365,55,45,1,1,1,1
1065,0,49,335,180,115,1,1,1,1
1065,1,299,345,90,60,1,1,1,1
1065,2,482,337,60,45,1,1,1,1
1065,3,669,337,280,65,1,1,1,1
1065,4,859,365,55,45,1,1,1,1
1066,0,49,335,180,115,1,1,1,1
1066,1,299,345,90,60,1,1,1,1
1066,2,482,337,60,45,1,1,1,1
1066,3,669,337,280,65,1,1,1,1
1066,4,859,365,55,45,1,1,1,1
1067,0,49,335,180,115,1,1,1,1
1067,1,299,345,90,60,1,1,1,1
1067,2,482,337,60,45,1,1,1,1
1067,3,669,337,280,65,1,1,1,1
1067,4,859,365,55,45,1,1,1,1
1068,0,48,335,180,115,1,1,1,1
1068,1,299,345,90,60,1,1,1,1
1068,2,482,337,60,45,1,1,1,1
1068,3,669,337,280,65,1,1,1,1
1068,4,859,365,55,45,1,1,1,1
1069,0,48,335,180,115,1,1,1,1
1069,1,299,345,90,60,1,1,1,1
1069,2,482,337,60,45,1,1,1,1
1069,3,669,337,280,65,1,1,1,1
1069,4,859,365,55,45,1,1,1,1
1070,0,48,335,180,115,1,1,1,1
1070,1,299,345,90,60,1,1,1,1
1070,2,482,337,60,45,1,1,1,1
1070,3,669,337,280,65,1,1,1,1
1070,4,859,365,55,45,1,1,1,1
1071,0,48,335,180,115,1,1,1,1
1071,1,299,345,90,60,1,1,1,1
1071,2,482,337,60,45,1,1,1,1
1071,3,669,337,280,65,1,1,1,1
1071,4,859,365,55,45,1,1,1,1
1072,0,48,335,180,115,1,1,1,1
1072,1,299,345,90,60,1,1,1,1
1072,2,482,337,60,45,1,1,1,1
1072,3,669,337,280,65,1,1,1,1
1072,4,859,365,55,45,1,1,1,1
1073,0,48,335,180,115,1,1,1,1
1073,1,299,345,90,60,1,1,1,1
1073,2,482,337,60,45,1,1,1,1
1073,3,669,337,280,65,1,1,1,1
1073,4,858,365,55,45,1,1,1,1
1074,0,48,335,180,115,1,1,1,1
1074,1,299,345,90,60,1,1,1,1
1074,2,482,337,60,45,1,1,1,1
1074,3,669,337,280,65,1,1,1,1
1074,4,858,365,55,45,1,1,1,1
1075,0,48,335,180,115,1,1,1,1
1075,1,299,345,90,60,1,1,1,1
1075,2,482,337,60,45,1,1,1,1
1075,3,669,337,280,65,1,1,1,1
1075,4,858,365,55,45,1,1,1,1
1076,0,48,335,180,115,1,1,1,1
1076,1,299,345,90,60,1,1,1,1
1076,2,482,337,60,45,1,1,1,1
1076,3,669,337,280,65,1,1,1,1
1076,4,858,365,55,45,1,1,1,1
1077,0,48,335,180,115,1,1,1,1
1077,1,299,345,90,60,1,1,1,1
1077,2,482,337,60,45,1,1,1,1
1077,3,669,337,280,65,1,1,1,1
1077,4,858,365,55,45,1,1,1,1
1078,0,48,335,180,115,1,1,1,1
1078,1,299,345,90,60,1,1,1,1
1078,2,482,337,60,45,1,1,1,1
1078,3,669,337,280,65,1,1,1,1
1078,4,858,365,55,45,1,1,1,1
1079,0,48,335,180,115,1,1,1,1
1079,1,299,345,90,60,1,1,1,1
1079,2,482,337,60,45,1,1,1,1
1079,3,669,337,280,65,1,1,1,1
1079,4,858,365,55,45,1,1,1,1
1080,0,48,335,180,115,1,1,1,1
1080,1,299,345,90,60,1,1,1,1
1080,2,482,337,60,45,1,1,1,1
1080,3,669,337,280,65,1,1,1,1
1080,4,858,365,55,45,1,1,1,1
1081,0,48,335,180,115,1,1,1,1
1081,1,299,345,90,60,1,1,1,1
1081,2,482,337,60,45,1,1,1,1
1081,3,669,337,280,65,1,1,1,1
1081,4,858,365,55,45,1,1,1,1
1082,0,48,335,180,115,1,1,1,1
1082,1,299,345,90,60,1,1,1,1
1082,2,482,337,60,45,1,1,1,1
1082,3,669,337,280,65,1,1,1,1
1082,4,858,365,55,45,1,1,1,1
1083,0,47,335,180,115,1,1,1,1
1083,1,298,345,90,60,1,1,1,1
1083,2,481,337,60,45,1,1,1,1
1083,3,669,337,280,65,1,1,1,1
1083,4,858,365,55,45,1,1,1,1
1084,0,47,335,180,115,1,1,1,1
1084,1,298,345,90,60,1,1,1,1
1084,2,481,337,60,45,1,1,1,1
1084,3,669,337,280,65,1,1,1,1
1084,4,858,365,55,45,1,1,1,1
1085,0,47,335,180,115,1,1,1,1
1085,1,298,345,90,60,1,1,1,1
1085,2,481,337,60,45,1,1,1,1
1085,3,669,337,280,65,1,1,1,1
1085,4,858,365,55,45,1,1,1,1
1086,0,47,335,180,115,1,1,1,1
1086,1,298,345,90,60,1,1,1,1
1086,2,481,337,60,45,1,1,1,1
1086,3,669,337,280,65,1,1,1,1
1086,4,858,365,55,45,1,1,1,1
1087,0,47,335,180,115,1,1,1,1
1087,1,298,345,90,60,1,1,1,1
1087,2,481,337,60,45,1,1,1,1
1087,3,669,337,280,65,1,1,1,1
1087,4,858,365,55,45,1,1,1,1
1088,0,47,335,180,115,1,1,1,1
1088,1,298,345,90,60,1,1,1,1
1088,2,481,337,60,45,1,1,1,1
1088,3,669,337,280,65,1,1,1,1
1088,4,858,365,55,45,1,1,1,1
1089,0,47,335,180,115,1,1,1,1
1089,1,298,345,90,60,1,1,1,1
1089,2,481,337,60,45,1,1,1,1
1089,3,669,337,280,65,1,1,1,1
1089,4,858,365,55,45,1,1,1,1
1090,0,47,335,180,115,1,1,1,1
1090,1,298,345,90,60,1,1,1,1
1090,2,481,337,60,45,1,1,1,1
1090,3,669,337,280,65,1,1,1,1
1090,4,858,365,55,45,1,1,1,1
1091,0,47,335,180,115,1,1,1,1
1091,1,298,345,90,60,1,1,1,1
1091,2,481,337,60,45,1,1,1,1
1091,3,669,337,280,65,1,1,1,1
1091,4,858,365,55,45,1,1,1,1
1092,0,47,335,180,115,1,1,1,1
1092,1,298,345,90,60,1,1,1,1
1092,2,481,337,60,45,1,1,1,1
1092,3,669,337,280,65,1,1,1,1
1092,4,858,365,55,45,1,1,1,1
1093,0,47,335,180,115,1,1,1,1
1093,1,298,345,90,60,1,1,1,1
1093,2,481,337,60,45,1,1,1,1
1093,3,669,337,280,65,1,1,1,1
1093,4,857,365,55,45,1,1,1,1
1094,0,47,335,180,115,1,1,1,1
1094,1,298,345,90,60,1,1,1,1
1094,2,481,337,60,45,1,1,1,1
1094,3,669,337,280,65,1,1,1,1
1094,4,857,365,55,45,1,1,1,1
1095,0,47,335,180,115,1,1,1,1
1095,1,298,345,90,60,1,1,1,1
1095,2,481,337,60,45,1,1,1,1
1095,3,669,337,280,65,1,1,1,1
1095,4,857,365,55,45,1,1,1,1
1096,0,47,335,180,115,1,1,1,1
1096,1,298,345,90,60,1,1,1,1
1096,2,481,337,60,45,1,1,1,1
1096,3,669,337,280,65,1,1,1,1
1096,4,857,365,55,45,1,1,1,1
1097,0,47,335,180,115,1,1,1,1
1097,1,298,345,90,60,1,1,1,1
1097,2,481,337,60,45,1,1,1,1
1097,3,669,337,280,65,1,1,1,1
1097,4,857,365,55,45,1,1,1,1
1098,0,46,335,180,115,1,1,1,1
1098,1,298,345,90,60,1,1,1,1
1098,2,481,337,60,45,1,1,1,1
1098,3,669,337,280,65,1,1,1,1
1098,4,857,365,55,45,1,1,1,1
1099,0,46,335,180,115,1,1,1,1
1099,1,298,345,90,60,1,1,1,1
1099,2,481,337,60,45,1,1,1,1
1099,3,669,337,280,65,1,1,1,1
1099,4,857,365,55,45,1,1,1,1
1100,0,46,335,180,115,1,1,1,1
1100,1,298,345,90,60,1,1,1,1
1100,2,481,337,60,45,1,1,1,1
1100,3,669,337,280,65,1,1,1,1
1100,4,857,365,55,45,1,1,1,1
1101,0,46,335,180,115,1,1,1,1
1101,1,298,345,90,60,1,1,1,1
1101,2,481,337,60,45,1,1,1,1
1101,3,669,337,280,65,1,1,1,1
1101,4,857,365,55,45,1,1,1,1
1102,0,46,335,180,115,1,1,1,1
1102,1,298,345,90,60,1,1,1,1
1102,2,481,337,60,45,1,1,1,1
1102,3,669,337,280,65,1,1,1,1
1102,4,857,365,55,45,1,1,1,1
1103,0,46,335,180,115,1,1,1,1
1103,1,298,345,90,60,1,1,1,1
1103,2,481,337,60,45,1,1,1,1
1103,3,668,337,280,65,1,1,1,1
1103,4,857,365,55,45,1,1,1,1
1104,0,46,335,180,115,1,1,1,1
1104,1,298,345,90,60,1,1,1,1
1104,2,481,337,60,45,1,1,1,1
1104,3,668,337,280,65,1,1,1,1
1104,4,857,365,55,45,1,1,1,1
1105,0,46,335,180,115,1,1,1,1
1105,1,298,345,90,60,1,1,1,1
1105,2,481,337,60,45,1,1,1,1
1105,3,668,337,280,65,1,1,1,1
1105,4,857,365,55,45,1,1,1,1
1106,0,46,335,180,115,1,1,1,1
1106,1,298,345,90,60,1,1,1,1
1106,2,481,337,60,45,1,1,1,1
1106,3,668,337,280,65,1,1,1,1
1106,4,857,365,55,45,1,1,1,1
1107,0,46,335,180,115,1,1,1,1
1107,1,298,345,90,60,1,1,1,1
1107,2,481,337,60,45,1,1,1,1
1107,3,668,337,280,65,1,1,1,1
1107,4,857,365,55,45,1,1,1,1
1108,0,46,335,180,115,1,1,1,1
1108,1,298,345,90,60,1,1,1,1
1108,2,481,337,60,45,1,1,1,1
1108,3,668,337,280,65,1,1,1,1
1108,4,857,365,55,45,1,1,1,1
1109,0,46,335,180,115,1,1,1,1
1109,1,298,345,90,60,1,1,1,1
1109,2,481,337,60,45,1,1,1,1
1109,3,668,337,280,65,1,1,1,1
1109,4,857,365,55,45,1,1,1,1
1110,0,46,335,180,115,1,1,1,1
1110,1,298,345,90,60,1,1,1,1
1110,2,481,337,60,45,1,1,1,1
1110,3,668,337,280,65,1,1,1,1
1110,4,857,365,55,45,1,1,1,1
1111,0,46,335,180,115,1,1,1,1
1111,1,298,345,90,60,1,1,1,1
1111,2,481,337,60,45,1,1,1,1
1111,3,668,337,280,65,1,1,1,1
1111,4,857,365,55,45,1,1,1,1
1112,0,46,336,180,115,1,1,1,1
1112,1,298,345,90,60,1,1,1,1
1112,2,481,337,60,45,1,1,1,1
1112,3,668,337,280,65,1,1,1,1
1112,4,857,366,55,45,1,1,1,1
1113,0,45,336,180,115,1,1,1,1
1113,1,297,345,90,60,1,1,1,1
1113,2,481,337,60,45,1,1,1,1
1113,3,668,337,280,65,1,1,1,1
1113,4,856,366,55,45,1,1,1,1
1114,0,45,336,180,115,1,1,1,1
1114,1,297,345,90,60,1,1,1,1
1114,2,481,337,60,45,1,1,1,1
1114,3,668,337,280,65,1,1,1,1
1114,4,856,366,55,45,1,1,1,1
1115,0,45,336,180,115,1,1,1,1
1115,1,297,345,90,60,1,1,1,1
1115,2,481,337,60,45,1,1,1,1
1115,3,668,337,280,65,1,1,1,1
1115,4,856,366,55,45,1,1,1,1
1116,0,45,336,180,115,1,1,1,1
1116,1,297,345,90,60,1,1,1,1
1116,2,481,337,60,45,1,1,1,1
1116,3,668,337,280,65,1,1,1,1
1116,4,856,366,55,45,1,1,1,1
1117,0,45,336,180,115,1,1,1,1
1117,1,297,345,90,60,1,1,1,1
1117,2,481,337,60,45,1,1,1,1
1117,3,668,337,280,65,1,1,1,1
1117,4,856,366,55,45,1,1,1,1
1118,0,45,336,180,115,1,1,1,1
1118,1,297,345,90,60,1,1,1,1
1118,2,481,337,60,45,1,1,1,1
1118,3,668,337,280,65,1,1,1,1
1118,4,856,366,55,45,1,1,1,1
1119,0,45,336,180,115,1,1,1,1
1119,1,297,345,90,60,1,1,1,1
1119,2,481,337,60,45,1,1,1,1
1119,3,668,337,280,65,1,1,1,1
1119,4,856,366,55,45,1,1,1,1
1120,0,45,336,180,115,1,1,1,1
1120,1,297,345,90,60,1,1,1,1
1120,2,481,337,60,45,1,1,1,1
1120,3,668,337,280,65,1,1,1,1
1120,4,856,366,55,45,1,1,1,1
1121,0,45,336,180,115,1,1,1,1
1121,1,297,345,90,60,1,1,1,1
1121,2,481,337,60,45,1,1,1,1
1121,3,668,337,280,65,1,1,1,1
1121,4,856,366,55,45,1,1,1,1
1122,0,45,336,180,115,1,1,1,1
1122,1,297,345,90,60,1,1,1,1
1122,2,481,337,60,45,1,1,1,1
1122,3,668,337,280,65,1,1,1,1
1122,4,856,366,55,45,1,1,1,1
1123,0,45,336,180,115,1,1,1,1
1123,1,297,345,90,60,1,1,1,1
1123,2,481,337,60,45,1,1,1,1
1123,3,668,337,280,65,1,1,1,1
1123,4,856,366,55,45,1,1,1,1
1124,0,45,336,180,115,1,1,1,1
1124,1,297,345,90,60,1,1,1,1
1124,2,481,337,60,45,1,1,1,1
1124,3,668,337,280,65,1,1,1,1
1124,4,856,366,55,45,1,1,1,1
1125,0,45,336,180,115,1,1,1,1
1125,1,297,345,90,60,1,1,1,1
1125,2,481,337,60,45,1,1,1,1
1125,3,668,337,280,65,1,1,1,1
1125,4,856,366,55,45,1,1,1,1
1126,0,45,336,180,115,1,1,1,1
1126,1,297,345,90,60,1,1,1,1
1126,2,481,337,60,45,1,1,1,1
1126,3,668,337,280,65,1,1,1,1
1126,4,856,366,55,45,1,1,1,1
1127,0,45,336,180,115,1,1,1,1
1127,1,297,345,90,60,1,1,1,1
1127,2,481,337,60,45,1,1,1,1
1127,3,668,337,280,65,1,1,1,1
1127,4,856,366,55,45,1,1,1,1
1128,0,44,336,180,115,1,1,1,1
1128,1,297,345,90,60,1,1,1,1
1128,2,481,337,60,45,1,1,1,1
1128,3,668,337,280,65,1,1,1,1
1128,4,856,366,55,45,1,1,1,1
1129,0,44,336,180,115,1,1,1,1
1129,1,297,345,90,60,1,1,1,1
1129,2,481,337,60,45,1,1,1,1
1129,3,668,337,280,65,1,1,1,1
1129,4,856,366,55,45,1,1,1,1
1130,0,44,336,180,115,1,1,1,1
1130,1,297,345,90,60,1,1,1,1
1130,2,481,337,60,45,1,1,1,1
1130,3,668,337,280,65,1,1,1,1
1130,4,856,366,55,45,1,1,1,1
1131,0,44,336,180,115,1,1,1,1
1131,1,297,345,90,60,1,1,1,1
1131,2,481,337,60,45,1,1,1,1
1131,3,668,337,280,65,1,1,1,1
1131,4,856,366,55,45,1,1,1,1
1132,0,44,336,180,115,1,1,1,1
1132,1,297,345,90,60,1,1,1,1
1132,2,481,337,60,45,1,1,1,1
1132,3,668,337,280,65,1,1,1,1
1132,4,856,366,55,45,1,1,1,1
1133,0,44,336,180,115,1,1,1,1
1133,1,297,345,90,60,1,1,1,1
1133,2,481,337,60,45,1,1,1,1
1133,3,668,337,280,65,1,1,1,1
1133,4,855,366,55,45,1,1,1,1
1134,0,44,336,180,115,1,1,1,1
1134,1,297,345,90,60,1,1,1,1
1134,2,481,337,60,45,1,1,1,1
1134,3,668,337,280,65,1,1,1,1
1134,4,855,366,55,45,1,1,1,1
1135,0,44,336,180,115,1,1,1,1
1135,1,297,345,90,60,1,1,1,1
1135,2,481,337,60,45,1,1,1,1
1135,3,668,337,280,65,1,1,1,1
1135,4,855,366,55,45,1,1,1,1
1136,0,44,336,180,115,1,1,1,1
1136,1,297,345,90,60,1,1,1,1
1136,2,481,337,60,45,1,1,1,1
1136,3,668,337,280,65,1,1,1,1
1136,4,855,366,55,45,1,1,1,1
1137,0,44,336,180,115,1,1,1,1
1137,1,297,345,90,60,1,1,1,1
1137,2,481,337,60,45,1,1,1,1
1137,3,668,337,280,65,1,1,1,1
1137,4,855,366,55,45,1,1,1,1
1138,0,44,336,180,115,1,1,1,1
1138,1,297,345,90,60,1,1,1,1
1138,2,481,337,60,45,1,1,1,1
1138,3,668,337,280,65,1,1,1,1
1138,4,855,366,55,45,1,1,1,1
1139,0,44,336,180,115,1,1,1,1
1139,1,297,345,90,60,1,1,1,1
1139,2,481,337,60,45,1,1,1,1
1139,3,668,337,280,65,1,1,1,1
1139,4,855,366,55,45,1,1,1,1
1140,0,44,336,180,115,1,1,1,1
1140,1,297,345,90,60,1,1,1,1
1140,2,481,337,60,45,1,1,1,1
1140,3,668,337,280,65,1,1,1,1
1140,4,855,366,55,45,1,1,1,1
1141,0,44,336,180,115,1,1,1,1
1141,1,297,345,90,60,1,1,1,1
1141,2,481,337,60,45,1,1,1,1
1141,3,668,337,280,65,1,1,1,1
1141,4,855,366,55,45,1,1,1,1
1142,0,44,336,180,115,1,1,1,1
1142,1,297,345,90,60,1,1,1,1
1142,2,481,337,60,45,1,1,1,1
1142,3,668,337,280,65,1,1,1,1
1142,4,855,366,55,45,1,1,1,1
1143,0,43,336,180,115,1,1,1,1
1143,1,296,345,90,60,1,1,1,1
1143,2,480,337,60,45,1,1,1,1
1143,3,668,337,280,65,1,1,1,1
1143,4,855,366,55,45,1,1,1,1
1144,0,43,336,180,115,1,1,1,1
1144,1,296,345,90,60,1,1,1,1
1144,2,480,337,60,45,1,1,1,1
1144,3,668,337,280,65,1,1,1,1
1144,4,855,366,55,45,1,1,1,1
1145,0,43,336,180,115,1,1,1,1
1145,1,296,345,90,60,1,1,1,1
1145,2,480,337,60,45,1,1,1,1
1145,3,668,337,280,65,1,1,1,1
1145,4,855,366,55,45,1,1,1,1
1146,0,43,336,180,115,1,1,1,1
1146,1,296,345,90,60,1,1,1,1
1146,2,480,337,60,45,1,1,1,1
1146,3,668,337,280,65,1,1,1,1
1146,4,855,366,55,45,1,1,1,1
1147,0,43,336,180,115,1,1,1,1
1147,1,296,345,90,60,1,1,1,1
1147,2,480,337,60,45,1,1,1,1
1147,3,668,337,280,65,1,1,1,1
1147,4,855,366,55,45,1,1,1,1
1148,0,43,336,180,115,1,1,1,1
1148,1,296,345,90,60,1,1,1,1
1148,2,480,337,60,45,1,1,1,1
1148,3,668,337,280,65,1,1,1,1
1148,4,855,366,55,45,1,1,1,1
1149,0,43,336,180,115,1,1,1,1
1149,1,296,345,90,60,1,1,1,1
1149,2,480,337,60,45,1,1,1,1
1149,3,668,337,280,65,1,1,1,1
1149,4,855,366,55,45,1,1,1,1
1150,0,43,336,180,115,1,1,1,1
1150,1,296,345,90,60,1,1,1,1
1150,2,480,337,60,45,1,1,1,1
1150,3,668,337,280,65,1,1,1,1
1150,4,855,366,55,45,1,1,1,1
1151,0,43,336,180,115,1,1,1,1
1151,1,296,345,90,60,1,1,1,1
1151,2,480,337,60,45,1,1,1,1
1151,3,668,337,280,65,1,1,1,1
1151,4,855,366,55,45,1,1,1,1
1152,0,43,336,180,115,1,1,1,1
1152,1,296,345,90,60,1,1,1,1
1152,2,480,337,60,45,1,1,1,1
1152,3,668,337,280,65,1,1,1,1
1152,4,855,366,55,45,1,1,1,1
1153,0,43,336,180,115,1,1,1,1
1153,1,296,345,90,60,1,1,1,1
1153,2,480,337,60,45,1,1,1,1
1153,3,668,337,280,65,1,1,1,1
1153,4,854,366,55,45,1,1,1,1
1154,0,43,336,180,115,1,1,1,1
1154,1,296,345,90,60,1,1,1,1
1154,2,480,337,60,45,1,1,1,1
1154,3,668,337,280,65,1,1,1,1
1154,4,854,366,55,45,1,1,1,1
1155,0,43,336,180,115,1,1,1,1
1155,1,296,345,90,60,1,1,1,1
1155,2,480,337,60,45,1,1,1,1
1155,3,668,337,280,65,1,1,1,1
1155,4,854,366,55,45,1,1,1,1
1156,0,43,336,180,115,1,1,1,1
1156,1,296,345,90,60,1,1,1,1
1156,2,480,337,60,45,1,1,1,1
1156,3,668,337,280,65,1,1,1,1
1156,4,854,366,55,45,1,1,1,1
1157,0,43,336,180,115,1,1,1,1
1157,1,296,345,90,60,1,1,1,1
1157,2,480,337,60,45,1,1,1,1
1157,3,668,337,280,65,1,1,1,1
1157,4,854,366,55,45,1,1,1,1
1158,0,42,336,180,115,1,1,1,1
1158,1,296,345,90,60,1,1,1,1
1158,2,480,337,60,45,1,1,1,1
1158,3,668,337,280,65,1,1,1,1
1158,4,854,366,55,45,1,1,1,1
1159,0,42,336,180,115,1,1,1,1
1159,1,296,345,90,60,1,1,1,1
1159,2,480,337,60,45,1,1,1,1
1159,3,668,337,280,65,1,1,1,1
1159,4,854,366,55,45,1,1,1,1
1160,0,42,336,180,115,1,1,1,1
1160,1,296,345,90,60,1,1,1,1
1160,2,480,337,60,45,1,1,1,1
1160,3,668,337,280,65,1,1,1,1
1160,4,854,366,55,45,1,1,1,1
1161,0,42,336,180,115,1,1,1,1
1161,1,296,345,90,60,1,1,1,1
1161,2,480,337,60,45,1,1,1,1
1161,3,668,337,280,65,1,1,1,1
1161,4,854,366,55,45,1,1,1,1
1162,0,42,336,180,115,1,1,1,1
1162,1,296,345,90,60,1,1,1,1
1162,2,480,337,60,45,1,1,1,1
1162,3,668,337,280,65,1,1,1,1
1162,4,854,366,55,45,1,1,1,1
1163,0,42,336,180,115,1,1,1,1
1163,1,296,345,90,60,1,1,1,1
1163,2,480,337,60,45,1,1,1,1
1163,3,668,337,280,65,1,1,1,1
1163,4,854,366,55,45,1,1,1,1
1164,0,42,336,180,115,1,1,1,1
1164,1,296,345,90,60,1,1,1,1
1164,2,480,337,60,45,1,1,1,1
1164,3,668,337,280,65,1,1,1,1
1164,4,854,366,55,45,1,1,1,1
1165,0,42,336,180,115,1,1,1,1
1165,1,296,345,90,60,1,1,1,1
1165,2,480,337,60,45,1,1,1,1
1165,3,668,337,280,65,1,1,1,1
1165,4,854,366,55,45,1,1,1,1
1166,0,42,336,180,115,1,1,1,1
1166,1,296,345,90,60,1,1,1,1
1166,2,480,337,60,45,1,1,1,1
1166,3,668,337,280,65,1,1,1,1
1166,4,854,366,55,45,1,1,1,1
1167,0,42,336,180,115,1,1,1,1
1167,1,296,345,90,60,1,1,1,1
1167,2,480,337,60,45,1,1,1,1
1167,3,668,337,280,65,1,1,1,1
1167,4,854,366,55,45,1,1,1,1
1168,0,42,336,180,115,1,1,1,1
1168,1,296,345,90,60,1,1,1,1
1168,2,480,337,60,45,1,1,1,1
1168,3,668,337,280,65,1,1,1,1
1168,4,854,366,55,45,1,1,1,1
1169,0,42,336,180,115,1,1,1,1
1169,1,296,345,90,60,1,1,1,1
1169,2,480,337,60,45,1,1,1,1
1169,3,668,337,280,65,1,1,1,1
1169,4,854,366,55,45,1,1,1,1
1170,0,42,336,180,115,1,1,1,1
1170,1,296,345,90,60,1,1,1,1
1170,2,480,337,60,45,1,1,1,1
1170,3,668,337,280,65,1,1,1,1
1170,4,854,366,55,45,1,1,1,1
1171,0,42,336,180,115,1,1,1,1
1171,1,296,345,90,60,1,1,1,1
1171,2,480,337,60,45,1,1,1,1
1171,3,668,337,280,65,1,1,1,1
1171,4,854,366,55,45,1,1,1,1
1172,0,42,337,180,115,1,1,1,1
1172,1,296,345,90,60,1,1,1,1
1172,2,480,337,60,45,1,1,1,1
1172,3,668,337,280,65,1,1,1,1
1172,4,854,367,55,45,1,1,1,1
1173,0,41,337,180,115,1,1,1,1
1173,1,295,345,90,60,1,1,1,1
1173,2,480,337,60,45,1,1,1,1
1173,3,668,337,280,65,1,1,1,1
1173,4,853,367,55,45,1,1,1,1
1174,0,41,337,180,115,1,1,1,1
1174,1,295,345,90,60,1,1,1,1
1174,2,480,337,60,45,1,1,1,1
1174,3,668,337,280,65,1,1,1,1
1174,4,853,367,55,45,1,1,1,1
1175,0,41,337,180,115,1,1,1,1
1175,1,295,345,90,60,1,1,1,1
1175,2,480,337,60,45,1,1,1,1
1175,3,668,337,280,65,1,1,1,1
1175,4,853,367,55,45,1,1,1,1
1176,0,41,337,180,115,1,1,1,1
1176,1,295,345,90,60,1,1,1,1
1176,2,480,337,60,45,1,1,1,1
1176,3,668,337,280,65,1,1,1,1
1176,4,853,367,55,45,1,1,1,1
1177,0,41,337,180,115,1,1,1,1
1177,1,295,345,90,60,1,1,1,1
1177,2,480,337,60,45,1,1,1,1
1177,3,668,337,280,65,1,1,1,1
1177,4,853,367,55,45,1,1,1,1
1178,0,41,337,180,115,1,1,1,1
1178,1,295,345,90,60,1,1,1,1
1178,2,480,337,60,45,1,1,1,1
1178,3,668,337,280,65,1,1,1,1
1178,4,853,367,55,45,1,1,1,1
1179,0,41,337,180,115,1,1,1,1
1179,1,295,345,90,60,1,1,1,1
1179,2,480,337,60,45,1,1,1,1
1179,3,668,337,280,65,1,1,1,1
1179,4,853,367,55,45,1,1,1,1
1180,0,41,337,180,115,1,1,1,1
1180,1,295,345,90,60,1,1,1,1
1180,2,480,337,60,45,1,1,1,1
1180,3,668,337,280,65,1,1,1,1
1180,4,853,367,55,45,1,1,1,1
1181,0,41,337,180,115,1,1,1,1
1181,1,295,345,90,60,1,1,1,1
1181,2,480,337,60,45,1,1,1,1
1181,3,668,337,280,65,1,1,1,1
1181,4,853,367,55,45,1,1,1,1
1182,0,41,337,180,115,1,1,1,1
1182,1,295,345,90,60,1,1,1,1
1182,2,480,337,60,45,1,1,1,1
1182,3,668,337,280,65,1,1,1,1
1182,4,853,367,55,45,1,1,1,1
1183,0,41,337,180,115,1,1,1,1
1183,1,295,345,90,60,1,1,1,1
1183,2,480,337,60,45,1,1,1,1
1183,3,668,337,280,65,1,1,1,1
1183,4,853,367,55,45,1,1,1,1
1184,0,41,337,180,115,1,1,1,1
1184,1,295,345,90,60,1,1,1,1
1184,2,480,337,60,45,1,1,1,1
1184,3,668,337,280,65,1,1,1,1
1184,4,853,367,55,45,1,1,1,1
1185,0,41,337,180,115,1,1,1,1
1185,1,295,345,90,60,1,1,1,1
1185,2,480,337,60,45,1,1,1,1
1185,3,668,337,280,65,1,1,1,1
1185,4,853,367,55,45,1,1,1,1
1186,0,41,337,180,115,1,1,1,1
1186,1,295,345,90,60,1,1,1,1
1186,2,480,337,60,45,1,1,1,1
1186,3,668,337,280,65,1,1,1,1
1186,4,853,367,55,45,1,1,1,1
1187,0,41,337,180,115,1,1,1,1
1187,1,295,345,90,60,1,1,1,1
1187,2,480,337,60,45,1,1,1,1
1187,3,668,337,280,65,1,1,1,1
1187,4,853,367,55,45,1,1,1,1
1188,0,40,337,180,115,1,1,1,1
1188,1,295,345,90,60,1,1,1,1
1188,2,480,337,60,45,1,1,1,1
1188,3,668,337,280,65,1,1,1,1
1188,4,853,367,55,45,1,1,1,1
1189,0,40,337,180,115,1,1,1,1
1189,1,295,345,90,60,1,1,1,1
1189,2,480,337,60,45,1,1,1,1
1189,3,668,337,280,65,1,1,1,1
1189,4,853,367,55,45,1,1,1,1
1190,0,40,337,180,115,1,1,1,1
1190,1,295,345,90,60,1,1,1,1
1190,2,480,337,60,45,1,1,1,1
1190,3,668,337,280,65,1,1,1,1
1190,4,853,367,55,45,1,1,1,1
1191,0,40,337,180,115,1,1,1,1
1191,1,295,345,90,60,1,1,1,1
1191,2,480,337,60,45,1,1,1,1
1191,3,668,337,280,65,1,1,1,1
1191,4,853,367,55,45,1,1,1,1
1192,0,40,337,180,115,1,1,1,1
1192,1,295,345,90,60,1,1,1,1
1192,2,480,337,60,45,1,1,1,1
1192,3,668,337,280,65,1,1,1,1
1192,4,853,367,55,45,1,1,1,1
1193,0,40,337,180,115,1,1,1,1
1193,1,295,345,90,60,1,1,1,1
1193,2,480,337,60,45,1,1,1,1
1193,3,668,337,280,65,1,1,1,1
1193,4,852,367,55,45,1,1,1,1
1194,0,40,337,180,115,1,1,1,1
1194,1,295,345,90,60,1,1,1,1
1194,2,480,337,60,45,1,1,1,1
1194,3,668,337,280,65,1,1,1,1
1194,4,852,367,55,45,1,1,1,1
1195,0,40,337,180,115,1,1,1,1
1195,1,295,345,90,60,1,1,1,1
1195,2,480,337,60,45,1,1,1,1
1195,3,668,337,280,65,1,1,1,1
1195,4,852,367,55,45,1,1,1,1
1196,0,40,337,180,115,1,1,1,1
1196,1,295,345,90,60,1,1,1,1
1196,2,480,337,60,45,1,1,1,1
1196,3,668,337,280,65,1,1,1,1
1196,4,852,367,55,45,1,1,1,1
1197,0,40,337,180,115,1,1,1,1
1197,1,295,345,90,60,1,1,1,1
1197,2,480,337,60,45,1,1,1,1
1197,3,668,337,280,65,1,1,1,1
1197,4,852,367,55,45,1,1,1,1
1198,0,40,337,180,115,1,1,1,1
1198,1,295,345,90,60,1,1,1,1
1198,2,480,337,60,45,1,1,1,1
1198,3,668,337,280,65,1,1,1,1
1198,4,852,367,55,45,1,1,1,1
1199,0,40,337,180,115,1,1,1,1
1199,1,295,345,90,60,1,1,1,1
1199,2,480,337,60,45,1,1,1,1
1199,3,668,337,280,65,1,1,1,1
1199,4,852,367,55,45,1,1,1,1
1200,0,40,337,180,115,1,1,1,1
1200,1,295,345,90,60,1,1,1,1
1200,2,480,337,60,45,1,1,1,1
1200,3,668,337,280,65,1,1,1,1
1200,4,852,367,55,45,1,1,1,1
1201,0,40,337,180,115,1,1,1,1
1201,1,295,345,90,60,1,1,1,1
1201,2,480,337,60,45,1,1,1,1
1201,3,668,337,280,65,1,1,1,1
1201,4,852,367,55,45,1,1,1,1
1202,0,40,337,180,115,1,1,1,1
1202,1,295,345,90,60,1,1,1,1
1202,2,480,337,60,45,1,1,1,1
1202,3,668,337,280,65,1,1,1,1
1202,4,852,367,55,45,1,1,1,1
1203,0,39,337,180,115,1,1,1,1
1203,1,294,345,90,60,1,1,1,1
1203,2,479,337,60,45,1,1,1,1
1203,3,667,337,280,65,1,1,1,1
1203,4,852,367,55,45,1,1,1,1
1204,0,39,337,180,115,1,1,1,1
1204,1,294,345,90,60,1,1,1,1
1204,2,479,337,60,45,1,1,1,1
1204,3,667,337,280,65,1,1,1,1
1204,4,852,367,55,45,1,1,1,1
1205,0,39,337,180,115,1,1,1,1
1205,1,294,345,90,60,1,1,1,1
1205,2,479,337,60,45,1,1,1,1
1205,3,667,337,280,65,1,1,1,1
1205,4,852,367,55,45,1,1,1,1
1206,0,39,337,180,115,1,1,1,1
1206,1,294,345,90,60,1,1,1,1
1206,2,479,337,60,45,1,1,1,1
1206,3,667,337,280,65,1,1,1,1
1206,4,852,367,55,45,1,1,1,1
1207,0,39,337,180,115,1,1,1,1
1207,1,294,345,90,60,1,1,1,1
1207,2,479,337,60,45,1,1,1,1
1207,3,667,337,280,65,1,1,1,1
1207,4,852,367,55,45,1,1,1,1
1208,0,39,337,180,115,1,1,1,1
1208,1,294,345,90,60,1,1,1,1
1208,2,479,337,60,45,1,1,1,1
1208,3,667,337,280,65,1,1,1,1
1208,4,852,367,55,45,1,1,1,1
1209,0,39,337,180,115,1,1,1,1
1209,1,294,345,90,60,1,1,1,1
1209,2,479,337,60,45,1,1,1,1
1209,3,667,337,280,65,1,1,1,1
1209,4,852,367,55,45,1,1,1,1
1210,0,39,337,180,115,1,1,1,1
1210,1,294,345,90,60,1,1,1,1
1210,2,479,337,60,45,1,1,1,1
1210,3,667,337,280,65,1,1,1,1
1210,4,852,367,55,45,1,1,1,1
1211,0,39,337,180,115,1,1,1,1
1211,1,294,345,90,60,1,1,1,1
1211,2,479,337,60,45,1,1,1,1
1211,3,667,337,280,65,1,1,1,1
1211,4,852,367,55,45,1,1,1,1
1212,0,39,337,180,115,1,1,1,1
1212,1,294,345,90,60,1,1,1,1
1212,2,479,337,60,45,1,1,1,1
1212,3,667,337,280,65,1,1,1,1
1212,4,852,367,55,45,1,1,1,1
1213,0,39,337,180,115,1,1,1,1
1213,1,294,345,90,60,1,1,1,1
1213,2,479,337,60,45,1,1,1,1
1213,3,667,337,280,65,1,1,1,1
1213,4,851,367,55,45,1,1,1,1
1214,0,39,337,180,115,1,1,1,1
1214,1,294,345,90,60,1,1,1,1
1214,2,479,337,60,45,1,1,1,1
1214,3,667,337,280,65,1,1,1,1
1214,4,851,367,55,45,1,1,1,1
1215,0,39,337,180,115,1,1,1,1
1215,1,294,345,90,60,1,1,1,1
1215,2,479,337,60,45,1,1,1,1
1215,3,667,337,280,65,1,1,1,1
1215,4,851,367,55,45,1,1,1,1
1216,0,39,337,180,115,1,1,1,1
1216,1,294,345,90,60,1,1,1,1
1216,2,479,337,60,45,1,1,1,1
1216,3,667,337,280,65,1,1,1,1
1216,4,851,367,55,45,1,1,1,1
1217,0,39,337,180,115,1,1,1,1
1217,1,294,345,90,60,1,1,1,1
1217,2,479,337,60,45,1,1,1,1
1217,3,667,337,280,65,1,1,1,1
1217,4,851,367,55,45,1,1,1,1
1218,0,38,337,180,115,1,1,1,1
1218,1,294,345,90,60,1,1,1,1
1218,2,479,337,60,45,1,1,1,1
1218,3,667,337,280,65,1,1,1,1
1218,4,851,367,55,45,1,1,1,1
1219,0,38,337,180,115,1,1,1,1
1219,1,294,345,90,60,1,1,1,1
1219,2,479,337,60,45,1,1,1,1
1219,3,667,337,280,65,1,1,1,1
1219,4,851,367,55,45,1,1,1,1
1220,0,38,337,180,115,1,1,1,1
1220,1,294,345,90,60,1,1,1,1
1220,2,479,337,60,45,1,1,1,1
1220,3,667,337,280,65,1,1,1,1
1220,4,851,367,55,45,1,1,1,1
1221,0,38,337,180,115,1,1,1,1
1221,1,294,345,90,60,1,1,1,1
1221,2,479,337,60,45,1,1,1,1
1221,3,667,337,280,65,1,1,1,1
1221,4,851,367,55,45,1,1,1,1
1222,0,38,337,180,115,1,1,1,1
1222,1,294,345,90,60,1,1,1,1
1222,2,479,337,60,45,1,1,1,1
1222,3,667,337,280,65,1,1,1,1
1222,4,851,367,55,45,1,1,1,1
1223,0,38,337,180,115,1,1,1,1
1223,1,294,345,90,60,1,1,1,1
1223,2,479,337,60,45,1,1,1,1
1223,3,667,337,280,65,1,1,1,1
1223,4,851,367,55,45,1,1,1,1
1224,0,38,337,180,115,1,1,1,1
1224,1,294,345,90,60,1,1,1,1
1224,2,479,337,60,45,1,1,1,1
1224,3,667,337,280,65,1,1,1,1
1224,4,851,367,55,45,1,1,1,1
1225,0,38,337,180,115,1,1,1,1
1225,1,294,345,90,60,1,1,1,1
1225,2,479,337,60,45,1,1,1,1
1225,3,667,337,280,65,1,1,1,1
1225,4,851,367,55,45,1,1,1,1
1226,0,38,337,180,115,1,1,1,1
1226,1,294,345,90,60,1,1,1,1
1226,2,479,337,60,45,1,1,1,1
1226,3,667,337,280,65,1,1,1,1
1226,4,851,367,55,45,1,1,1,1
1227,0,38,337,180,115,1,1,1,1
1227,1,294,345,90,60,1,1,1,1
1227,2,479,337,60,45,1,1,1,1
1227,3,667,337,280,65,1,1,1,1
1227,4,851,367,55,45,1,1,1,1
1228,0,38,337,180,115,1,1,1,1
1228,1,294,345,90,60,1,1,1,1
1228,2,479,337,60,45,1,1,1,1
1228,3,667,337,280,65,1,1,1,1
1228,4,851,367,55,45,1,1,1,1
1229,0,38,337,180,115,1,1,1,1
1229,1,294,345,90,60,1,1,1,1
1229,2,479,337,60,45,1,1,1,1
1229,3,667,337,280,65,1,1,1,1
1229,4,851,367,55,45,1,1,1,1
1230,0,38,337,180,115,1,1,1,1
1230,1,294,345,90,60,1,1,1,1
1230,2,479,337,60,45,1,1,1,1
1230,3,667,337,280,65,1,1,1,1
1230,4,851,367,55,45,1,1,1,1
1231,0,38,337,180,115,1,1,1,1
1231,1,294,345,90,60,1,1,1,1
1231,2,479,337,60,45,1,1,1,1
1231,3,667,337,280,65,1,1,1,1
1231,4,851,367,55,45,1,1,1,1
1232,0,38,338,180,115,1,1,1,1
1232,1,294,345,90,60,1,1,1,1
1232,2,479,337,60,45,1,1,1,1
1232,3,667,337,280,65,1,1,1,1
1232,4,851,368,55,45,1,1,1,1
1233,0,37,338,180,115,1,1,1,1
1233,1,293,345,90,60,1,1,1,1
1233,2,479,337,60,45,1,1,1,1
1233,3,667,337,280,65,1,1,1,1
1233,4,850,368,55,45,1,1,1,1
1234,0,37,338,180,115,1,1,1,1
1234,1,293,345,90,60,1,1,1,1
1234,2,479,337,60,45,1,1,1,1
1234,3,667,337,280,65,1,1,1,1
1234,4,850,368,55,45,1,1,1,1
1235,0,37,338,180,115,1,1,1,1
1235,1,293,345,90,60,1,1,1,1
1235,2,479,337,60,45,1,1,1,1
1235,3,667,337,280,65,1,1,1,1
1235,4,850,368,55,45,1,1,1,1
1236,0,37,338,180,115,1,1,1,1
1236,1,293,345,90,60,1,1,1,1
1236,2,479,337,60,45,1,1,1,1
1236,3,667,337,280,65,1,1,1,1
1236,4,850,368,55,45,1,1,1,1
1237,0,37,338,180,115,1,1,1,1
1237,1,293,345,90,60,1,1,1,1
1237,2,479,337,60,45,1,1,1,1
1237,3,667,337,280,65,1,1,1,1
1237,4,850,368,55,45,1,1,1,1
1238,0,37,338,180,115,1,1,1,1
1238,1,293,345,90,60,1,1,1,1
1238,2,479,337,60,45,1,1,1,1
1238,3,667,337,280,65,1,1,1,1
1238,4,850,368,55,45,1,1,1,1
1239,0,37,338,180,115,1,1,1,1
1239,1,293,345,90,60,1,1,1,1
1239,2,479,337,60,45,1,1,1,1
1239,3,667,337,280,65,1,1,1,1
1239,4,850,368,55,45,1,1,1,1
1240,0,37,338,180,115,1,1,1,1
1240,1,293,345,90,60,1,1,1,1
1240,2,479,337,60,45,1,1,1,1
1240,3,667,337,280,65,1,1,1,1
1240,4,850,368,55,45,1,1,1,1
1241,0,37,338,180,115,1,1,1,1
1241,1,293,345,90,60,1,1,1,1
1241,2,479,337,60,45,1,1,1,1
1241,3,667,337,280,65,1,1,1,1
1241,4,850,368,55,45,1,1,1,1
1242,0,37,338,180,115,1,1,1,1
1242,1,293,345,90,60,1,1,1,1
1242,2,479,337,60,45,1,1,1,1
1242,3,667,337,280,65,1,1,1,1
1242,4,850,368,55,45,1,1,1,1
1243,0,37,338,180,115,1,1,1,1
1243,1,293,345,90,60,1,1,1,1
1243,2,479,337,60,45,1,1,1,1
1243,3,667,337,280,65,1,1,1,1
1243,4,850,368,55,45,1,1,1,1
1244,0,37,338,180,115,1,1,1,1
1244,1,293,345,90,60,1,1,1,1
1244,2,479,337,60,45,1,1,1,1
1244,3,667,337,280,65,1,1,1,1
1244,4,850,368,55,45,1,1,1,1
1245,0,37,338,180,115,1,1,1,1
1245,1,293,345,90,60,1,1,1,1
1245,2,479,337,60,45,1,1,1,1
1245,3,667,337,280,65,1,1,1,1
1245,4,850,368,55,45,1,1,1,1
1246,0,37,338,180,115,1,1,1,1
1246,1,293,345,90,60,1,1,1,1
1246,2,479,337,60,45,1,1,1,1
1246,3,667,337,280,65,1,1,1,1
1246,4,850,368,55,45,1,1,1,1
1247,0,37,338,180,115,1,1,1,1
1247,1,293,345,90,60,1,1,1,1
1247,2,479,337,60,45,1,1,1,1
1247,3,667,337,280,65,1,1,1,1
1247,4,850,368,55,45,1,1,1,1
1248,0,36,338,180,115,1,1,1,1
1248,1,293,345,90,60,1,1,1,1
1248,2,479,337,60,45,1,1,1,1
1248,3,667,337,280,65,1,1,1,1
1248,4,850,368,55,45,1,1,1,1
1249,0,36,338,180,115,1,1,1,1
1249,1,293,345,90,60,1,1,1,1
1249,2,479,337,60,45,1,1,1,1
1249,3,667,337,280,65,1,1,1,1
1249,4,850,368,55,45,1,1,1,1
1250,0,36,338,180,115,1,1,1,1
1250,1,293,345,90,60,1,1,1,1
1250,2,479,337,60,45,1,1,1,1
1250,3,667,337,280,65,1,1,1,1
1250,4,850,368,55,45,1,1,1,1
1251,0,36,338,180,115,1,1,1,1
1251,1,293,345,90,60,1,1,1,1
1251,2,479,337,60,45,1,1,1,1
1251,3,667,337,280,65,1,1,1,1
1251,4,850,368,55,45,1,1,1,1
1252,0,36,338,180,115,1,1,1,1
1252,1,293,345,90,60,1,1,1,1
1252,2,479,337,60,45,1,1,1,1
1252,3,667,337,280,65,1,1,1,1
1252,4,850,368,55,45,1,1,1,1
1253,0,36,338,180,115,1,1,1,1
1253,1,293,345,90,60,1,1,1,1
1253,2,479,337,60,45,1,1,1,1
1253,3,667,337,280,65,1,1,1,1
1253,4,849,368,55,45,1,1,1,1
1254,0,36,338,180,115,1,1,1,1
1254,1,293,345,90,60,1,1,1,1
1254,2,479,337,60,45,1,1,1,1
1254,3,667,337,280,65,1,1,1,1
1254,4,849,368,55,45,1,1,1,1
1255,0,36,338,180,115,1,1,1,1
1255,1,293,345,90,60,1,1,1,1
1255,2,479,337,60,45,1,1,1,1
1255,3,667,337,280,65,1,1,1,1
1255,4,849,368,55,45,1,1,1,1
1256,0,36,338,180,115,1,1,1,1
1256,1,293,345,90,60,1,1,1,1
1256,2,479,337,60,45,1,1,1,1
1256,3,667,337,280,65,1,1,1,1
1256,4,849,368,55,45,1,1,1,1
1257,0,36,338,180,115,1,1,1,1
1257,1,293,345,90,60,1,1,1,1
1257,2,479,337,60,45,1,1,1,1
1257,3,667,337,280,65,1,1,1,1
1257,4,849,368,55,45,1,1,1,1
1258,0,36,338,180,115,1,1,1,1
1258,1,293,345,90,60,1,1,1,1
1258,2,479,337,60,45,1,1,1,1
1258,3,667,337,280,65,1,1,1,1
1258,4,849,368,55,45,1,1,1,1
1259,0,36,338,180,115,1,1,1,1
1259,1,293,345,90,60,1,1,1,1
1259,2,479,337,60,45,1,1,1,1
1259,3,667,337,280,65,1,1,1,1
1259,4,849,368,55,45,1,1,1,1
1260,0,36,338,180,115,1,1,1,1
1260,1,293,345,90,60,1,1,1,1
1260,2,479,337,60,45,1,1,1,1
1260,3,667,337,280,65,1,1,1,1
1260,4,849,368,55,45,1,1,1,1
1261,0,36,338,180,115,1,1,1,1
1261,1,293,345,90,60,1,1,1,1
1261,2,479,337,60,45,1,1,1,1
1261,3,667,337,280,65,1,1,1,1
1261,4,849,368,55,45,1,1,1,1
1262,0,36,338,180,115,1,1,1,1
1262,1,293,345,90,60,1,1,1,1
1262,2,479,337,60,45,1,1,1,1
1262,3,667,337,280,65,1,1,1,1
1262,4,849,368,55,45,1,1,1,1
1263,0,35,338,180,115,1,1,1,1
1263,1,292,345,90,60,1,1,1,1
1263,2,478,337,60,45,1,1,1,1
1263,3,667,337,280,65,1,1,1,1
1263,4,849,368,55,45,1,1,1,1
1264,0,35,338,180,115,1,1,1,1
1264,1,292,345,90,60,1,1,1,1
1264,2,478,337,60,45,1,1,1,1
1264,3,667,337,280,65,1,1,1,1
1264,4,849,368,55,45,1,1,1,1
1265,0,35,338,180,115,1,1,1,1
1265,1,292,345,90,60,1,1,1,1
1265,2,478,337,60,45,1,1,1,1
1265,3,667,337,280,65,1,1,1,1
1265,4,849,368,55,45,1,1,1,1
1266,0,35,338,180,115,1,1,1,1
1266,1,292,345,90,60,1,1,1,1
1266,2,478,337,60,45,1,1,1,1
1266,3,667,337,280,65,1,1,1,1
1266,4,849,368,55,45,1,1,1,1
1267,0,35,338,180,115,1,1,1,1
1267,1,292,345,90,60,1,1,1,1
1267,2,478,337,60,45,1,1,1,1
1267,3,667,337,280,65,1,1,1,1
1267,4,849,368,55,45,1,1,1,1
1268,0,35,338,180,115,1,1,1,1
1268,1,292,345,90,60,1,1,1,1
1268,2,478,337,60,45,1,1,1,1
1268,3,667,337,280,65,1,1,1,1
1268,4,849,368,55,45,1,1,1,1
1269,0,35,338,180,115,1,1,1,1
1269,1,292,345,90,60,1,1,1,1
1269,2,478,337,60,45,1,1,1,1
1269,3,667,337,280,65,1,1,1,1
1269,4,849,368,55,45,1,1,1,1
1270,0,35,338,180,115,1,1,1,1
1270,1,292,345,90,60,1,1,1,1
1270,2,478,337,60,45,1,1,1,1
1270,3,667,337,280,65,1,1,1,1
1270,4,849,368,55,45,1,1,1,1
1271,0,35,338,180,115,1,1,1,1
1271,1,292,345,90,60,1,1,1,1
1271,2,478,337,60,45,1,1,1,1
1271,3,667,337,280,65,1,1,1,1
1271,4,849,368,55,45,1,1,1,1
1272,0,35,338,180,115,1,1,1,1
1272,1,292,345,90,60,1,1,1,1
1272,2,478,337,60,45,1,1,1,1
1272,3,667,337,280,65,1,1,1,1
1272,4,849,368,55,45,1,1,1,1
1273,0,35,338,180,115,1,1,1,1
1273,1,292,345,90,60,1,1,1,1
1273,2,478,337,60,45,1,1,1,1
1273,3,667,337,280,65,1,1,1,1
1273,4,848,368,55,45,1,1,1,1
1274,0,35,338,180,115,1,1,1,1
1274,1,292,345,90,60,1,1,1,1
1274,2,478,337,60,45,1,1,1,1
1274,3,667,337,280,65,1,1,1,1
1274,4,848,368,55,45,1,1,1,1
1275,0,35,338,180,115,1,1,1,1
1275,1,292,345,90,60,1,1,1,1
1275,2,478,337,60,45,1,1,1,1
1275,3,667,337,280,65,1,1,1,1
1275,4,848,368,55,45,1,1,1,1
1276,0,35,338,180,115,1,1,1,1
1276,1,292,345,90,60,1,1,1,1
1276,2,478,337,60,45,1,1,1,1
1276,3,667,337,280,65,1,1,1,1
1276,4,848,368,55,45,1,1,1,1
1277,0,35,338,180,115,1,1,1,1
1277,1,292,345,90,60,1,1,1,1
1277,2,478,337,60,45,1,1,1,1
1277,3,667,337,280,65,1,1,1,1
1277,4,848,368,55,45,1,1,1,1
1278,0,34,338,180,115,1,1,1,1
1278,1,292,345,90,60,1,1,1,1
1278,2,478,337,60,45,1,1,1,1
1278,3,667,337,280,65,1,1,1,1
1278,4,848,368,55,45,1,1,1,1
1279,0,34,338,180,115,1,1,1,1
1279,1,292,345,90,60,1,1,1,1
1279,2,478,337,60,45,1,1,1,1
1279,3,667,337,280,65,1,1,1,1
1279,4,848,368,55,45,1,1,1,1
1280,0,34,338,180,115,1,1,1,1
1280,1,292,345,90,60,1,1,1,1
1280,2,478,337,60,45,1,1,1,1
1280,3,667,337,280,65,1,1,1,1
1280,4,848,368,55,45,1,1,1,1
1281,0,34,338,180,115,1,1,1,1
1281,1,292,345,90,60,1,1,1,1
1281,2,478,337,60,45,1,1,1,1
1281,3,667,337,280,65,1,1,1,1
1281,4,848,368,55,45,1,1,1,1
1282,0,34,338,180,115,1,1,1,1
1282,1,292,345,90,60,1,1,1,1
1282,2,478,337,60,45,1,1,1,1
1282,3,667,337,280,65,1,1,1,1
1282,4,848,368,55,45,1,1,1,1
1283,0,34,338,180,115,1,1,1,1
1283,1,292,345,90,60,1,1,1,1
1283,2,478,337,60,45,1,1,1,1
1283,3,667,337,280,65,1,1,1,1
1283,4,848,368,55,45,1,1,1,1
1284,0,34,338,180,115,1,1,1,1
1284,1,292,345,90,60,1,1,1,1
1284,2,478,337,60,45,1,1,1,1
1284,3,667,337,280,65,1,1,1,1
1284,4,848,368,55,45,1,1,1,1
1285,0,34,338,180,115,1,1,1,1
1285,1,292,345,90,60,1,1,1,1
1285,2,478,337,60,45,1,1,1,1
1285,3,667,337,280,65,1,1,1,1
1285,4,848,368,55,45,1,1,1,1
1286,0,34,338,180,115,1,1,1,1
1286,1,292,345,90,60,1,1,1,1
1286,2,478,337,60,45,1,1,1,1
1286,3,667,337,280,65,1,1,1,1
1286,4,848,368,55,45,1,1,1,1
1287,0,34,338,180,115,1,1,1,1
1287,1,292,345,90,60,1,1,1,1
1287,2,478,337,60,45,1,1,1,1
1287,3,667,337,280,65,1,1,1,1
1287,4,848,368,55,45,1,1,1,1
1288,0,34,338,180,115,1,1,1,1
1288,1,292,345,90,60,1,1,1,1
1288,2,478,337,60,45,1,1,1,1
1288,3,667,337,280,65,1,1,1,1
1288,4,848,368,55,45,1,1,1,1
1289,0,34,338,180,115,1,1,1,1
1289,1,292,345,90,60,1,1,1,1
1289,2,478,337,60,45,1,1,1,1
1289,3,667,337,280,65,1,1,1,1
1289,4,848,368,55,45,1,1,1,1
1290,0,34,338,180,115,1,1,1,1
1290,1,292,345,90,60,1,1,1,1
1290,2,478,337,60,45,1,1,1,1
1290,3,667,337,280,65,1,1,1,1
1290,4,848,368,55,45,1,1,1,1
1291,0,34,338,180,115,1,1,1,1
1291,1,292,345,90,60,1,1,1,1
1291,2,478,337,60,45,1,1,1,1
1291,3,667,337,280,65,1,1,1,1
1291,4,848,368,55,45,1,1,1,1
1292,0,34,339,180,115,1,1,1,1
1292,1,292,345,90,60,1,1,1,1
1292,2,478,337,60,45,1,1,1,1
1292,3,667,337,280,65,1,1,1,1
1292,4,848,369,55,45,1,1,1,1
1293,0,33,339,180,115,1,1,1,1
1293,1,291,345,90,60,1,1,1,1
1293,2,478,337,60,45,1,1,1,1
1293,3,667,337,280,65,1,1,1,1
1293,4,847,369,55,45,1,1,1,1
1294,0,33,339,180,115,1,1,1,1
1294,1,291,345,90,60,1,1,1,1
1294,2,478,337,60,45,1,1,1,1
1294,3,667,337,280,65,1,1,1,1
1294,4,847,369,55,45,1,1,1,1
1295,0,33,339,180,115,1,1,1,1
1295,1,291,345,90,60,1,1,1,1
1295,2,478,337,60,45,1,1,1,1
1295,3,667,337,280,65,1,1,1,1
1295,4,847,369,55,45,1,1,1,1
1296,0,33,339,180,115,1,1,1,1
1296,1,291,345,90,60,1,1,1,1
1296,2,478,337,60,45,1,1,1,1
1296,3,667,337,280,65,1,1,1,1
1296,4,847,369,55,45,1,1,1,1
1297,0,33,339,180,115,1,1,1,1
1297,1,291,345,90,60,1,1,1,1
1297,2,478,337,60,45,1,1,1,1
1297,3,667,337,280,65,1,1,1,1
1297,4,847,369,55,45,1,1,1,1
1298,0,33,339,180,115,1,1,1,1
1298,1,291,345,90,60,1,1,1,1
1298,2,478,337,60,45,1,1,1,1
1298,3,667,337,280,65,1,1,1,1
1298,4,847,369,55,45,1,1,1,1
1299,0,33,339,180,115,1,1,1,1
1299,1,291,345,90,60,1,1,1,1
1299,2,478,337,60,45,1,1,1,1
1299,3,667,337,280,65,1,1,1,1
1299,4,847,369,55,45,1,1,1,1
1300,0,33,339,180,115,1,1,1,1
1300,1,291,345,90,60,1,1,1,1
1300,2,478,337,60,45,1,1,1,1
1300,3,667,337,280,65,1,1,1,1
1300,4,847,369,55,45,1,1,1,1
1301,0,33,339,180,115,1,1,1,1
1301,1,291,345,90,60,1,1,1,1
1301,2,478,337,60,45,1,1,1,1
1301,3,667,337,280,65,1,1,1,1
1301,4,847,369,55,45,1,1,1,1
1302,0,33,339,180,115,1,1,1,1
1302,1,291,345,90,60,1,1,1,1
1302,2,478,337,60,45,1,1,1,1
1302,3,667,337,280,65,1,1,1,1
1302,4,847,369,55,45,1,1,1,1
1303,0,33,339,180,115,1,1,1,1
1303,1,291,345,90,60,1,1,1,1
1303,2,478,337,60,45,1,1,1,1
1303,3,666,337,280,65,1,1,1,1
1303,4,847,369,55,45,1,1,1,1
1304,0,33,339,180,115,1,1,1,1
1304,1,291,345,90,60,1,1,1,1
1304,2,478,337,60,45,1,1,1,1
1304,3,666,337,280,65,1,1,1,1
1304,4,847,369,55,45,1,1,1,1
1305,0,33,339,180,115,1,1,1,1
1305,1,291,345,90,60,1,1,1,1
1305,2,478,337,60,45,1,1,1,1
1305,3,666,337,280,65,1,1,1,1
1305,4,847,369,55,45,1,1,1,1
1306,0,33,339,180,115,1,1,1,1
1306,1,291,345,90,60,1,1,1,1
1306,2,478,337,60,45,1,1,1,1
1306,3,666,337,280,65,1,1,1,1
1306,4,847,369,55,45,1,1,1,1
1307,0,33,339,180,115,1,1,1,1
1307,1,291,345,90,60,1,1,1,1
1307,2,478,337,60,45,1,1,1,1
1307,3,666,337,280,65,1,1,1,1
1307,4,847,369,55,45,1,1,1,1
1308,0,32,339,180,115,1,1,1,1
1308,1,291,345,90,60,1,1,1,1
1308,2,478,337,60,45,1,1,1,1
1308,3,666,337,280,65,1,1,1,1
1308,4,847,369,55,45,1,1,1,1
1309,0,32,339,180,115,1,1,1,1
1309,1,291,345,90,60,1,1,1,1
1309,2,478,337,60,45,1,1,1,1
1309,3,666,337,280,65,1,1,1,1
1309,4,847,369,55,45,1,1,1,1
1310,0,32,339,180,115,1,1,1,1
1310,1,291,345,90,60,1,1,1,1
1310,2,478,337,60,45,1,1,1,1
1310,3,666,337,280,65,1,1,1,1
1310,4,847,369,55,45,1,1,1,1
1311,0,32,339,180,115,1,1,1,1
1311,1,291,345,90,60,1,1,1,1
1311,2,478,337,60,45,1,1,1,1
1311,3,666,337,280,65,1,1,1,1
1311,4,847,369,55,45,1,1,1,1
1312,0,32,339,180,115,1,1,1,1
1312,1,291,345,90,60,1,1,1,1
1312,2,478,337,60,45,1,1,1,1
1312,3,666,337,280,65,1,1,1,1
1312,4,847,369,55,45,1,1,1,1
1313,0,32,339,180,115,1,1,1,1
1313,1,291,345,90,60,1,1,1,1
1313,2,478,337,60,45,1,1,1,1
1313,3,666,337,280,65,1,1,1,1
1313,4,846,369,55,45,1,1,1,1
1314,0,32,339,180,115,1,1,1,1
1314,1,291,345,90,60,1,1,1,1
1314,2,478,337,60,45,1,1,1,1
1314,3,666,337,280,65,1,1,1,1
1314,4,846,369,55,45,1,1,1,1
1315,0,32,339,180,115,1,1,1,1
1315,1,291,345,90,60,1,1,1,1
1315,2,478,337,60,45,1,1,1,1
1315,3,666,337,280,65,1,1,1,1
1315,4,846,369,55,45,1,1,1,1
1316,0,32,339,180,115,1,1,1,1
1316,1,291,345,90,60,1,1,1,1
1316,2,478,337,60,45,1,1,1,1
1316,3,666,337,280,65,1,1,1,1
1316,4,846,369,55,45,1,1,1,1
1317,0,32,339,180,115,1,1,1,1
1317,1,291,345,90,60,1,1,1,1
1317,2,478,337,60,45,1,1,1,1
1317,3,666,337,280,65,1,1,1,1
1317,4,846,369,55,45,1,1,1,1
1318,0,32,339,180,115,1,1,1,1
1318,1,291,345,90,60,1,1,1,1
1318,2,478,337,60,45,1,1,1,1
1318,3,666,337,280,65,1,1,1,1
1318,4,846,369,55,45,1,1,1,1
1319,0,32,339,180,115,1,1,1,1
1319,1,291,345,90,60,1,1,1,1
1319,2,478,337,60,45,1,1,1,1
1319,3,666,337,280,65,1,1,1,1
1319,4,846,369,55,45,1,1,1,1
1320,0,32,339,180,115,1,1,1,1
1320,1,291,345,90,60,1,1,1,1
1320,2,478,337,60,45,1,1,1,1
1320,3,666,337,280,65,1,1,1,1
1320,4,846,369,55,45,1,1,1,1
1321,0,32,339,180,115,1,1,1,1
1321,1,291,345,90,60,1,1,1,1
1321,2,478,337,60,45,1,1,1,1
1321,3,666,337,280,65,1,1,1,1
1321,4,846,369,55,45,1,1,1,1
1322,0,32,339,180,115,1,1,1,1
1322,1,291,345,90,60,1,1,1,1
1322,2,478,337,60,45,1,1,1,1
1322,3,666,337,280,65,1,1,1,1
1322,4,846,369,55,45,1,1,1,1
1323,0,31,339,180,115,1,1,1,1
1323,1,290,345,90,60,1,1,1,1
1323,2,477,337,60,45,1,1,1,1
1323,3,666,337,280,65,1,1,1,1
1323,4,846,369,55,45,1,1,1,1
1324,0,31,339,180,115,1,1,1,1
1324,1,290,345,90,60,1,1,1,1
1324,2,477,337,60,45,1,1,1,1
1324,3,666,337,280,65,1,1,1,1
1324,4,846,369,55,45,1,1,1,1
1325,0,31,339,180,115,1,1,1,1
1325,1,290,345,90,60,1,1,1,1
1325,2,477,337,60,45,1,1,1,1
1325,3,666,337,280,65,1,1,1,1
1325,4,846,369,55,45,1,1,1,1
1326,0,31,339,180,115,1,1,1,1
1326,1,290,345,90,60,1,1,1,1
1326,2,477,337,60,45,1,1,1,1
1326,3,666,337,280,65,1,1,1,1
1326,4,846,369,55,45,1,1,1,1
1327,0,31,339,180,115,1,1,1,1
1327,1,290,345,90,60,1,1,1,1
1327,2,477,337,60,45,1,1,1,1
1327,3,666,337,280,65,1,1,1,1
1327,4,846,369,55,45,1,1,1,1
1328,0,31,339,180,115,1,1,1,1
1328,1,290,345,90,60,1,1,1,1
1328,2,477,337,60,45,1,1,1,1
1328,3,666,337,280,65,1,1,1,1
1328,4,846,369,55,45,1,1,1,1
1329,0,31,339,180,115,1,1,1,1
1329,1,290,345,90,60,1,1,1,1
1329,2,477,337,60,45,1,1,1,1
1329,3,666,337,280,65,1,1,1,1
1329,4,846,369,55,45,1,1,1,1
1330,0,31,339,180,115,1,1,1,1
1330,1,290,345,90,60,1,1,1,1
1330,2,477,337,60,45,1,1,1,1
1330,3,666,337,280,65,1,1,1,1
1330,4,846,369,55,45,1,1,1,1
1331,0,31,339,180,115,1,1,1,1
1331,1,290,345,90,60,1,1,1,1
1331,2,477,337,60,45,1,1,1,1
1331,3,666,337,280,65,1,1,1,1
1331,4,846,369,55,45,1,1,1,1
1332,0,31,339,180,115,1,1,1,1
1332,1,290,345,90,60,1,1,1,1
1332,2,477,337,60,45,1,1,1,1
1332,3,666,337,280,65,1,1,1,1
1332,4,846,369,55,45,1,1,1,1
1333,0,31,339,180,115,1,1,1,1
1333,1,290,345,90,60,1,1,1,1
1333,2,477,337,60,45,1,1,1,1
1333,3,666,337,280,65,1,1,1,1
1333,4,845,369,55,45,1,1,1,1
1334,0,31,339,180,115,1,1,1,1
1334,1,290,345,90,60,1,1,1,1
1334,2,477,337,60,45,1,1,1,1
1334,3,666,337,280,65,1,1,1,1
1334,4,845,369,55,45,1,1,1,1
1335,0,31,339,180,115,1,1,1,1
1335,1,290,345,90,60,1,1,1,1
1335,2,477,337,60,45,1,1,1,1
1335,3,666,337,280,65,1,1,1,1
1335,4,845,369,55,45,1,1,1,1
1336,0,31,339,180,115,1,1,1,1
1336,1,290,345,90,60,1,1,1,1
1336,2,477,337,60,45,1,1,1,1
1336,3,666,337,280,65,1,1,1,1
1336,4,845,369,55,45,1,1,1,1
1337,0,31,339,180,115,1,1,1,1
1337,1,290,345,90,60,1,1,1,1
1337,2,477,337,60,45,1,1,1,1
1337,3,666,337,280,65,1,1,1,1
1337,4,845,369,55,45,1,1,1,1
1338,0,30,339,180,115,1,1,1,1
1338,1,290,345,90,60,1,1,1,1
1338,2,477,337,60,45,1,1,1,1
1338,3,666,337,280,65,1,1,1,1
1338,4,845,369,55,45,1,1,1,1
1339,0,30,339,180,115,1,1,1,1
1339,1,290,345,90,60,1,1,1,1
1339,2,477,337,60,45,1,1,1,1
1339,3,666,337,280,65,1,1,1,1
1339,4,845,369,55,45,1,1,1,1
1340,0,30,339,180,115,1,1,1,1
1340,1,290,345,90,60,1,1,1,1
1340,2,477,337,60,45,1,1,1,1
1340,3,666,337,280,65,1,1,1,1
1340,4,845,369,55,45,1,1,1,1
1341,0,30,339,180,115,1,1,1,1
1341,1,290,345,90,60,1,1,1,1
1341,2,477,337,60,45,1,1,1,1
1341,3,666,337,280,65,1,1,1,1
1341,4,845,369,55,45,1,1,1,1
1342,0,30,339,180,115,1,1,1,1
1342,1,290,345,90,60,1,1,1,1
1342,2,477,337,60,45,1,1,1,1
1342,3,666,337,280,65,1,1,1,1
1342,4,845,369,55,45,1,1,1,1
1343,0,30,339,180,115,1,1,1,1
1343,1,290,345,90,60,1,1,1,1
1343,2,477,337,60,45,1,1,1,1
1343,3,666,337,280,65,1,1,1,1
1343,4,845,369,55,45,1,1,1,1
1344,0,30,339,180,115,1,1,1,1
1344,1,290,345,90,60,1,1,1,1
1344,2,477,337,60,45,1,1,1,1
1344,3,666,337,280,65,1,1,1,1
1344,4,845,369,55,45,1,1,1,1
1345,0,30,339,180,115,1,1,1,1
1345,1,290,345,90,60,1,1,1,1
1345,2,477,337,60,45,1,1,1,1
1345,3,666,337,280,65,1,1,1,1
1345,4,845,369,55,45,1,1,1,1
1346,0,30,339,180,115,1,1,1,1
1346,1,290,345,90,60,1,1,1,1
1346,2,477,337,60,45,1,1,1,1
1346,3,666,337,280,65,1,1,1,1
1346,4,845,369,55,45,1,1,1,1
1347,0,30,339,180,115,1,1,1,1
1347,1,290,345,90,60,1,1,1,1
1347,2,477,337,60,45,1,1,1,1
1347,3,666,337,280,65,1,1,1,1
1347,4,845,369,55,45,1,1,1,1
1348,0,30,339,180,115,1,1,1,1
1348,1,290,345,90,60,1,1,1,1
1348,2,477,337,60,45,1,1,1,1
1348,3,666,337,280,65,1,1,1,1
1348,4,845,369,55,45,1,1,1,1
1349,0,30,339,180,115,1,1,1,1
1349,1,290,345,90,60,1,1,1,1
1349,2,477,337,60,45,1,1,1,1
1349,3,666,337,280,65,1,1,1,1
1349,4,845,369,55,45,1,1,1,1
1350,0,30,339,180,115,1,1,1,1
1350,1,290,345,90,60,1,1,1,1
1350,2,477,337,60,45,1,1,1,1
1350,3,666,337,280,65,1,1,1,1
1350,4,845,369,55,45,1,1,1,1
1351,0,30,339,180,115,1,1,1,1
1351,1,290,345,90,60,1,1,1,1
1351,2,477,337,60,45,1,1,1,1
1351,3,666,337,280,65,1,1,1,1
1351,4,845,369,55,45,1,1,1,1
1352,0,30,340,180,115,1,1,1,1
1352,1,290,345,90,60,1,1,1,1
1352,2,477,337,60,45,1,1,1,1
1352,3,666,337,280,65,1,1,1,1
1352,4,845,370,55,45,1,1,1,1
1353,0,29,340,180,115,1,1,1,1
1353,1,289,345,90,60,1,1,1,1
1353,2,477,337,60,45,1,1,1,1
1353,3,666,337,280,65,1,1,1,1
1353,4,844,370,55,45,1,1,1,1
1354,0,29,340,180,115,1,1,1,1
1354,1,289,345,90,60,1,1,1,1
1354,2,477,337,60,45,1,1,1,1
1354,3,666,337,280,65,1,1,1,1
1354,4,844,370,55,45,1,1,1,1
1355,0,29,340,180,115,1,1,1,1
1355,1,289,345,90,60,1,1,1,1
1355,2,477,337,60,45,1,1,1,1
1355,3,666,337,280,65,1,1,1,1
1355,4,844,370,55,45,1,1,1,1
1356,0,29,340,180,115,1,1,1,1
1356,1,289,345,90,60,1,1,1,1
1356,2,477,337,60,45,1,1,1,1
1356,3,666,337,280,65,1,1,1,1
1356,4,844,370,55,45,1,1,1,1
1357,0,29,340,180,115,1,1,1,1
1357,1,289,345,90,60,1,1,1,1
1357,2,477,337,60,45,1,1,1,1
1357,3,666,337,280,65,1,1,1,1
1357,4,844,370,55,45,1,1,1,1
1358,0,29,340,180,115,1,1,1,1
1358,1,289,345,90,60,1,1,1,1
1358,2,477,337,60,45,1,1,1,1
1358,3,666,337,280,65,1,1,1,1
1358,4,844,370,55,45,1,1,1,1
1359,0,29,340,180,115,1,1,1,1
1359,1,289,345,90,60,1,1,1,1
1359,2,477,337,60,45,1,1,1,1
1359,3,666,337,280,65,1,1,1,1
1359,4,844,370,55,45,1,1,1,1
1360,0,29,340,180,115,1,1,1,1
1360,1,289,345,90,60,1,1,1,1
1360,2,477,337,60,45,1,1,1,1
1360,3,666,337,280,65,1,1,1,1
1360,4,844,370,55,45,1,1,1,1
1361,0,29,340,180,115,1,1,1,1
1361,1,289,345,90,60,1,1,1,1
1361,2,477,337,60,45,1,1,1,1
1361,3,666,337,280,65,1,1,1,1
1361,4,844,370,55,45,1,1,1,1
1362,0,29,340,180,115,1,1,1,1
1362,1,289,345,90,60,1,1,1,1
1362,2,477,337,60,45,1,1,1,1
1362,3,666,337,280,65,1,1,1,1
1362,4,844,370,55,45,1,1,1,1
1363,0,29,340,180,115,1,1,1,1
1363,1,289,345,90,60,1,1,1,1
1363,2,477,337,60,45,1,1,1,1
1363,3,666,337,280,65,1,1,1,1
1363,4,844,370,55,45,1,1,1,1
1364,0,29,340,180,115,1,1,1,1
1364,1,289,345,90,60,1,1,1,1
1364,2,477,337,60,45,1,1,1,1
1364,3,666,337,280,65,1,1,1,1
1364,4,844,370,55,45,1,1,1,1
1365,0,29,340,180,115,1,1,1,1
1365,1,289,345,90,60,1,1,1,1
1365,2,477,337,60,45,1,1,1,1
1365,3,666,337,280,65,1,1,1,1
1365,4,844,370,55,45,1,1,1,1
1366,0,29,340,180,115,1,1,1,1
1366,1,289,345,90,60,1,1,1,1
1366,2,477,337,60,45,1,1,1,1
1366,3,666,337,280,65,1,1,1,1
1366,4,844,370,55,45,1,1,1,1
1367,0,29,340,180,115,1,1,1,1
1367,1,289,345,90,60,1,1,1,1
1367,2,477,337,60,45,1,1,1,1
1367,3,666,337,280,65,1,1,1,1
1367,4,844,370,55,45,1,1,1,1
1368,0,28,340,180,115,1,1,1,1
1368,1,289,345,90,60,1,1,1,1
1368,2,477,337,60,45,1,1,1,1
1368,3,666,337,280,65,1,1,1,1
1368,4,844,370,55,45,1,1,1,1
1369,0,28,340,180,115,1,1,1,1
1369,1,289,345,90,60,1,1,1,1
1369,2,477,337,60,45,1,1,1,1
1369,3,666,337,280,65,1,1,1,1
1369,4,844,370,55,45,1,1,1,1
1370,0,28,340,180,115,1,1,1,1
1370,1,289,345,90,60,1,1,1,1
1370,2,477,337,60,45,1,1,1,1
1370,3,666,337,280,65,1,1,1,1
1370,4,844,370,55,45,1,1,1,1
1371,0,28,340,180,115,1,1,1,1
1371,1,289,345,90,60,1,1,1,1
1371,2,477,337,60,45,1,1,1,1
1371,3,666,337,280,65,1,1,1,1
1371,4,844,370,55,45,1,1,1,1
1372,0,28,340,180,115,1,1,1,1
1372,1,289,345,90,60,1,1,1,1
1372,2,477,337,60,45,1,1,1,1
1372,3,666,337,280,65,1,1,1,1
1372,4,844,370,55,45,1,1,1,1
1373,0,28,340,180,115,1,1,1,1
1373,1,289,345,90,60,1,1,1,1
1373,2,477,337,60,45,1,1,1,1
1373,3,666,337,280,65,1,1,1,1
1373,4,843,370,55,45,1,1,1,1
1374,0,28,340,180,115,1,1,1,1
1374,1,289,345,90,60,1,1,1,1
1374,2,477,337,60,45,1,1,1,1
1374,3,666,337,280,65,1,1,1,1
1374,4,843,370,55,45,1,1,1,1
1375,0,28,340,180,115,1,1,1,1
1375,1,289,345,90,60,1,1,1,1
1375,2,477,337,60,45,1,1,1,1
1375,3,666,337,280,65,1,1,1,1
1375,4,843,370,55,45,1,1,1,1
1376,0,28,340,180,115,1,1,1,1
1376,1,289,345,90,60,1,1,1,1
1376,2,477,337,60,45,1,1,1,1
1376,3,666,337,280,65,1,1,1,1
1376,4,843,370,55,45,1,1,1,1
1377,0,28,340,180,115,1,1,1,1
1377,1,289,345,90,60,1,1,1,1
1377,2,477,337,60,45,1,1,1,1
1377,3,666,337,280,65,1,1,1,1
1377,4,843,370,55,45,1,1,1,1
1378,0,28,340,180,115,1,1,1,1
1378,1,289,345,90,60,1,1,1,1
1378,2,477,337,60,45,1,1,1,1
1378,3,666,337,280,65,1,1,1,1
1378,4,843,370,55,45,1,1,1,1
1379,0,28,340,180,115,1,1,1,1
1379,1,289,345,90,60,1,1,1,1
1379,2,477,337,60,45,1,1,1,1
1379,3,666,337,280,65,1,1,1,1
1379,4,843,370,55,45,1,1,1,1
1380,0,28,340,180,115,1,1,1,1
1380,1,289,345,90,60,1,1,1,1
1380,2,477,337,60,45,1,1,1,1
1380,3,666,337,280,65,1,1,1,1
1380,4,843,370,55,45,1,1,1,1
1381,0,28,340,180,115,1,1,1,1
1381,1,289,345,90,60,1,1,1,1
1381,2,477,337,60,45,1,1,1,1
1381,3,666,337,280,65,1,1,1,1
1381,4,843,370,55,45,1,1,1,1
1382,0,28,340,180,115,1,1,1,1
1382,1,289,345,90,60,1,1,1,1
1382,2,477,337,60,45,1,1,1,1
1382,3,666,337,280,65,1,1,1,1
1382,4,843,370,55,45,1,1,1,1
1383,0,27,340,180,115,1,1,1,1
1383,1,288,345,90,60,1,1,1,1
1383,2,476,337,60,45,1,1,1,1
1383,3,666,337,280,65,1,1,1,1
1383,4,843,370,55,45,1,1,1,1
1384,0,27,340,180,115,1,1,1,1
1384,1,288,345,90,60,1,1,1,1
1384,2,476,337,60,45,1,1,1,1
1384,3,666,337,280,65,1,1,1,1
1384,4,843,370,55,45,1,1,1,1
1385,0,27,340,180,115,1,1,1,1
1385,1,288,345,90,60,1,1,1,1
1385,2,476,337,60,45,1,1,1,1
1385,3,666,337,280,65,1,1,1,1
1385,4,843,370,55,45,1,1,1,1
1386,0,27,340,180,115,1,1,1,1
1386,1,288,345,90,60,1,1,1,1
1386,2,476,337,60,45,1,1,1,1
1386,3,666,337,280,65,1,1,1,1
1386,4,843,370,55,45,1,1,1,1
1387,0,27,340,180,115,1,1,1,1
1387,1,288,345,90,60,1,1,1,1
1387,2,476,337,60,45,1,1,1,1
1387,3,666,337,280,65,1,1,1,1
1387,4,843,370,55,45,1,1,1,1
1388,0,27,340,180,115,1,1,1,1
1388,1,288,345,90,60,1,1,1,1
1388,2,476,337,60,45,1,1,1,1
1388,3,666,337,280,65,1,1,1,1
1388,4,843,370,55,45,1,1,1,1
1389,0,27,340,180,115,1,1,1,1
1389,1,288,345,90,60,1,1,1,1
1389,2,476,337,60,45,1,1,1,1
1389,3,666,337,280,65,1,1,1,1
1389,4,843,370,55,45,1,1,1,1
1390,0,27,340,180,115,1,1,1,1
1390,1,288,345,90,60,1,1,1,1
1390,2,476,337,60,45,1,1,1,1
1390,3,666,337,280,65,1,1,1,1
1390,4,843,370,55,45,1,1,1,1
1391,0,27,340,180,115,1,1,1,1
1391,1,288,345,90,60,1,1,1,1
1391,2,476,337,60,45,1,1,1,1
1391,3,666,337,280,65,1,1,1,1
1391,4,843,370,55,45,1,1,1,1
1392,0,27,340,180,115,1,1,1,1
1392,1,288,345,90,60,1,1,1,1
1392,2,476,337,60,45,1,1,1,1
1392,3,666,337,280,65,1,1,1,1
1392,4,843,370,55,45,1,1,1,1
1393,0,27,340,180,115,1,1,1,1
1393,1,288,345,90,60,1,1,1,1
1393,2,476,337,60,45,1,1,1,1
1393,3,666,337,280,65,1,1,1,1
1393,4,842,370,55,45,1,1,1,1
1394,0,27,340,180,115,1,1,1,1
1394,1,288,345,90,60,1,1,1,1
1394,2,476,337,60,45,1,1,1,1
1394,3,666,337,280,65,1,1,1,1
1394,4,842,370,55,45,1,1,1,1
1395,0,27,340,180,115,1,1,1,1
1395,1,288,345,90,60,1,1,1,1
1395,2,476,337,60,45,1,1,1,1
1395,3,666,337,280,65,1,1,1,1
1395,4,842,370,55,45,1,1,1,1
1396,0,27,340,180,115,1,1,1,1
1396,1,288,345,90,60,1,1,1,1
1396,2,476,337,60,45,1,1,1,1
1396,3,666,337,280,65,1,1,1,1
1396,4,842,370,55,45,1,1,1,1
1397,0,27,340,180,115,1,1,1,1
1397,1,288,345,90,60,1,1,1,1
1397,2,476,337,60,45,1,1,1,1
1397,3,666,337,280,65,1,1,1,1
1397,4,842,370,55,45,1,1,1,1
1398,0,26,340,180,115,1,1,1,1
1398,1,288,345,90,60,1,1,1,1
1398,2,476,337,60,45,1,1,1,1
1398,3,666,337,280,65,1,1,1,1
1398,4,842,370,55,45,1,1,1,1
1399,0,26,340,180,115,1,1,1,1
1399,1,288,345,90,60,1,1,1,1
1399,2,476,337,60,45,1,1,1,1
1399,3,666,337,280,65,1,1,1,1
1399,4,842,370,55,45,1,1,1,1
1400,0,26,340,180,115,1,1,1,1
1400,1,288,345,90,60,1,1,1,1
1400,2,476,337,60,45,1,1,1,1
1400,3,666,337,280,65,1,1,1,1
1400,4,842,370,55,45,1,1,1,1
1401,0,26,340,180,115,1,1,1,1
1401,1,288,345,90,60,1,1,1,1
1401,2,476,337,60,45,1,1,1,1
1401,3,666,337,280,65,1,1,1,1
1401,4,842,370,55,45,1,1,1,1
1402,0,26,340,180,115,1,1,1,1
1402,1,288,345,90,60,1,1,1,1
1402,2,476,337,60,45,1,1,1,1
1402,3,666,337,280,65,1,1,1,1
1402,4,842,370,55,45,1,1,1,1
1403,0,26,340,180,115,1,1,1,1
1403,1,288,345,90,60,1,1,1,1
1403,2,476,337,60,45,1,1,1,1
1403,3,665,337,280,65,1,1,1,1
1403,4,842,370,55,45,1,1,1,1
1404,0,26,340,180,115,1,1,1,1
1404,1,288,345,90,60,1,1,1,1
1404,2,476,337,60,45,1,1,1,1
1404,3,665,337,280,65,1,1,1,1
1404,4,842,370,55,45,1,1,1,1
1405,0,26,340,180,115,1,1,1,1
1405,1,288,345,90,60,1,1,1,1
1405,2,476,337,60,45,1,1,1,1
1405,3,665,337,280,65,1,1,1,1
1405,4,842,370,55,45,1,1,1,1
1406,0,26,340,180,115,1,1,1,1
1406,1,288,345,90,60,1,1,1,1
1406,2,476,337,60,45,1,1,1,1
1406,3,665,337,280,65,1,1,1,1
1406,4,842,370,55,45,1,1,1,1
1407,0,26,340,180,115,1,1,1,1
1407,1,288,345,90,60,1,1,1,1
1407,2,476,337,60,45,1,1,1,1
1407,3,665,337,280,65,1,1,1,1
1407,4,842,370,55,45,1,1,1,1
1408,0,26,340,180,115,1,1,1,1
1408,1,288,345,90,60,1,1,1,1
1408,2,476,337,60,45,1,1,1,1
1408,3,665,337,280,65,1,1,1,1
1408,4,842,370,55,45,1,1,1,1
1409,0,26,340,180,115,1,1,1,1
1409,1,288,345,90,60,1,1,1,1
1409,2,476,337,60,45,1,1,1,1
1409,3,665,337,280,65,1,1,1,1
1409,4,842,370,55,45,1,1,1,1
1410,0,26,340,180,115,1,1,1,1
1410,1,288,345,90,60,1,1,1,1
1410,2,476,337,60,45,1,1,1,1
1410,3,665,337,280,65,1,1,1,1
1410,4,842,370,55,45,1,1,1,1
1411,0,26,340,180,115,1,1,1,1
1411,1,288,345,90,60,1,1,1,1
1411,2,476,337,60,45,1,1,1,1
1411,3,665,337,280,65,1,1,1,1
1411,4,842,370,55,45,1,1,1,1
1412,0,26,341,180,115,1,1,1,1
1412,1,288,345,90,60,1,1,1,1
1412,2,476,337,60,45,1,1,1,1
1412,3,665,337,280,65,1,1,1,1
1412,4,842,371,55,45,1,1,1,1
1413,0,25,341,180,115,1,1,1,1
1413,1,287,345,90,60,1,1,1,1
1413,2,476,337,60,45,1,1,1,1
1413,3,665,337,280,65,1,1,1,1
1413,4,841,371,55,45,1,1,1,1
1414,0,25,341,180,115,1,1,1,1
1414,1,287,345,90,60,1,1,1,1
1414,2,476,337,60,45,1,1,1,1
1414,3,665,337,280,65,1,1,1,1
1414,4,841,371,55,45,1,1,1,1
1415,0,25,341,180,115,1,1,1,1
1415,1,287,345,90,60,1,1,1,1
1415,2,476,337,60,45,1,1,1,1
1415,3,665,337,280,65,1,1,1,1
1415,4,841,371,55,45,1,1,1,1
1416,0,25,341,180,115,1,1,1,1
1416,1,287,345,90,60,1,1,1,1
1416,2,476,337,60,45,1,1,1,1
1416,3,665,337,280,65,1,1,1,1
1416,4,841,371,55,45,1,1,1,1
1417,0,25,341,180,115,1,1,1,1
1417,1,287,345,90,60,1,1,1,1
1417,2,476,337,60,45,1,1,1,1
1417,3,665,337,280,65,1,1,1,1
1417,4,841,371,55,45,1,1,1,1
1418,0,25,341,180,115,1,1,1,1
1418,1,287,345,90,60,1,1,1,1
1418,2,476,337,60,45,1,1,1,1
1418,3,665,337,280,65,1,1,1,1
1418,4,841,371,55,45,1,1,1,1
1419,0,25,341,180,115,1,1,1,1
1419,1,287,345,90,60,1,1,1,1
1419,2,476,337,60,45,1,1,1,1
1419,3,665,337,280,65,1,1,1,1
1419,4,841,371,55,45,1,1,1,1
1420,0,25,341,180,115,1,1,1,1
1420,1,287,345,90,60,1,1,1,1
1420,2,476,337,60,45,1,1,1,1
1420,3,665,337,280,65,1,1,1,1
1420,4,841,371,55,45,1,1,1,1
1421,0,25,341,180,115,1,1,1,1
1421,1,287,345,90,60,1,1,1,1
1421,2,476,337,60,45,1,1,1,1
1421,3,665,337,280,65,1,1,1,1
1421,4,841,371,55,45,1,1,1,1
1422,0,25,341,180,115,1,1,1,1
1422,1,287,345,90,60,1,1,1,1
1422,2,476,337,60,45,1,1,1,1
1422,3,665,337,280,65,1,1,1,1
1422,4,841,371,55,45,1,1,1,1
1423,0,25,341,180,115,1,1,1,1
1423,1,287,345,90,60,1,1,1,1
1423,2,476,337,60,45,1,1,1,1
1423,3,665,337,280,65,1,1,1,1
1423,4,841,371,55,45,1,1,1,1
1424,0,25,341,180,115,1,1,1,1
1424,1,287,345,90,60,1,1,1,1
1424,2,476,337,60,45,1,1,1,1
1424,3,665,337,280,65,1,1,1,1
1424,4,841,371,55,45,1,1,1,1
1425,0,25,341,180,115,1,1,1,1
1425,1,287,345,90,60,1,1,1,1
1425,2,476,337,60,45,1,1,1,1
1425,3,665,337,280,65,1,1,1,1
1425,4,841,371,55,45,1,1,1,1
1426,0,25,341,180,115,1,1,1,1
1426,1,287,345,90,60,1,1,1,1
1426,2,476,337,60,45,1,1,1,1
1426,3,665,337,280,65,1,1,1,1
1426,4,841,371,55,45,1,1,1,1
1427,0,25,341,180,115,1,1,1,1
1427,1,287,345,90,60,1,1,1,1
1427,2,476,337,60,45,1,1,1,1
1427,3,665,337,280,65,1,1,1,1
1427,4,841,371,55,45,1,1,1,1
1428,0,24,341,180,115,1,1,1,1
1428,1,287,345,90,60,1,1,1,1
1428,2,476,337,60,45,1,1,1,1
1428,3,665,337,280,65,1,1,1,1
1428,4,841,371,55,45,1,1,1,1
1429,0,24,341,180,115,1,1,1,1
1429,1,287,345,90,60,1,1,1,1
1429,2,476,337,60,45,1,1,1,1
1429,3,665,337,280,65,1,1,1,1
1429,4,841,371,55,45,1,1,1,1
1430,0,24,341,180,115,1,1,1,1
1430,1,287,345,90,60,1,1,1,1
1430,2,476,337,60,45,1,1,1,1
1430,3,665,337,280,65,1,1,1,1
1430,4,841,371,55,45,1,1,1,1
1431,0,24,341,180,115,1,1,1,1
1431,1,287,345,90,60,1,1,1,1
1431,2,476,337,60,45,1,1,1,1
1431,3,665,337,280,65,1,1,1,1
1431,4,841,371,55,45,1,1,1,1
1432,0,24,341,180,115,1,1,1,1
1432,1,287,345,90,60,1,1,1,1
1432,2,476,337,60,45,1,1,1,1
1432,3,665,337,280,65,1,1,1,1
1432,4,841,371,55,45,1,1,1,1
1433,0,24,341,180,115,1,1,1,1
1433,1,287,345,90,60,1,1,1,1
1433,2,476,337,60,45,1,1,1,1
1433,3,665,337,280,65,1,1,1,1
1433,4,840,371,55,45,1,1,1,1
1434,0,24,341,180,115,1,1,1,1
1434,1,287,345,90,60,1,1,1,1
1434,2,476,337,60,45,1,1,1,1
1434,3,665,337,280,65,1,1,1,1
1434,4,840,371,55,45,1,1,1,1
1435,0,24,341,180,115,1,1,1,1
1435,1,287,345,90,60,1,1,1,1
1435,2,476,337,60,45,1,1,1,1
1435,3,665,337,280,65,1,1,1,1
1435,4,840,371,55,45,1,1,1,1
1436,0,24,341,180,115,1,1,1,1
1436,1,287,345,90,60,1,1,1,1
1436,2,476,337,60,45,1,1,1,1
1436,3,665,337,280,65,1,1,1,1
1436,4,840,371,55,45,1,1,1,1
1437,0,24,341,180,115,1,1,1,1
1437,1,287,345,90,60,1,1,1,1
1437,2,476,337,60,45,1,1,1,1
1437,3,665,337,280,65,1,1,1,1
1437,4,840,371,55,45,1,1,1,1
1438,0,24,341,180,115,1,1,1,1
1438,1,287,345,90,60,1,1,1,1
1438,2,476,337,60,45,1,1,1,1
1438,3,665,337,280,65,1,1,1,1
1438,4,840,371,55,45,1,1,1,1
1439,0,24,341,180,115,1,1,1,1
1439,1,287,345,90,60,1,1,1,1
1439,2,476,337,60,45,1,1,1,1
1439,3,665,337,280,65,1,1,1,1
1439,4,840,371,55,45,1,1,1,1
1440,0,24,341,180,115,1,1,1,1
1440,1,287,345,90,60,1,1,1,1
1440,2,476,337,60,45,1,1,1,1
1440,3,665,337,280,65,1,1,1,1
1440,4,840,371,55,45,1,1,1,1
1441,0,24,341,180,115,1,1,1,1
1441,1,287,345,90,60,1,1,1,1
1441,2,476,337,60,45,1,1,1,1
1441,3,665,337,280,65,1,1,1,1
1441,4,840,371,55,45,1,1,1,1
1442,0,24,341,180,115,1,1,1,1
1442,1,287,345,90,60,1,1,1,1
1442,2,476,337,60,45,1,1,1,1
1442,3,665,337,280,65,1,1,1,1
1442,4,840,371,55,45,1,1,1,1
1443,0,23,341,180,115,1,1,1,1
1443,1,286,345,90,60,1,1,1,1
1443,2,475,337,60,45,1,1,1,1
1443,3,665,337,280,65,1,1,1,1
1443,4,840,371,55,45,1,1,1,1
1444,0,23,341,180,115,1,1,1,1
1444,1,286,345,90,60,1,1,1,1
1444,2,475,337,60,45,1,1,1,1
1444,3,665,337,280,65,1,1,1,1
1444,4,840,371,55,45,1,1,1,1
1445,0,23,341,180,115,1,1,1,1
1445,1,286,345,90,60,1,1,1,1
1445,2,475,337,60,45,1,1,1,1
1445,3,665,337,280,65,1,1,1,1
1445,4,840,371,55,45,1,1,1,1
1446,0,23,341,180,115,1,1,1,1
1446,1,286,345,90,60,1,1,1,1
1446,2,475,337,60,45,1,1,1,1
1446,3,665,337,280,65,1,1,1,1
1446,4,840,371,55,45,1,1,1,1
1447,0,23,341,180,115,1,1,1,1
1447,1,286,345,90,60,1,1,1,1
1447,2,475,337,60,45,1,1,1,1
1447,3,665,337,280,65,1,1,1,1
1447,4,840,371,55,45,1,1,1,1
1448,0,23,341,180,115,1,1,1,1
1448,1,286,345,90,60,1,1,1,1
1448,2,475,337,60,45,1,1,1,1
1448,3,665,337,280,65,1,1,1,1
1448,4,840,371,55,45,1,1,1,1
1449,0,23,341,180,115,1,1,1,1
1449,1,286,345,90,60,1,1,1,1
1449,2,475,337,60,45,1,1,1,1
1449,3,665,337,280,65,1,1,1,1
1449,4,840,371,55,45,1,1,1,1
1450,0,23,341,180,115,1,1,1,1
1450,1,286,345,90,60,1,1,1,1
1450,2,475,337,60,45,1,1,1,1
1450,3,665,337,280,65,1,1,1,1
1450,4,840,371,55,45,1,1,1,1
1451,0,23,341,180,115,1,1,1,1
1451,1,286,345,90,60,1,1,1,1
1451,2,475,337,60,45,1,1,1,1
1451,3,665,337,280,65,1,1,1,1
1451,4,840,371,55,45,1,1,1,1
1452,0,23,341,180,115,1,1,1,1
1452,1,286,345,90,60,1,1,1,1
1452,2,475,337,60,45,1,1,1,1
1452,3,665,337,280,65,1,1,1,1
1452,4,840,371,55,45,1,1,1,1
1453,0,23,341,180,115,1,1,1,1
1453,1,286,345,90,60,1,1,1,1
1453,2,475,337,60,45,1,1,1,1
1453,3,665,337,280,65,1,1,1,1
1453,4,839,371,55,45,1,1,1,1
1454,0,23,341,180,115,1,1,1,1
1454,1,286,345,90,60,1,1,1,1
1454,2,475,337,60,45,1,1,1,1
1454,3,665,337,280,65,1,1,1,1
1454,4,839,371,55,45,1,1,1,1
1455,0,23,341,180,115,1,1,1,1
1455,1,286,345,90,60,1,1,1,1
1455,2,475,337,60,45,1,1,1,1
1455,3,665,337,280,65,1,1,1,1
1455,4,839,371,55,45,1,1,1,1
1456,0,23,341,180,115,1,1,1,1
1456,1,286,345,90,60,1,1,1,1
1456,2,475,337,60,45,1,1,1,1
1456,3,665,337,280,65,1,1,1,1
1456,4,839,371,55,45,1,1,1,1
1457,0,23,341,180,115,1,1,1,1
1457,1,286,345,90,60,1,1,1,1
1457,2,475,337,60,45,1,1,1,1
1457,3,665,337,280,65,1,1,1,1
1457,4,839,371,55,45,1,1,1,1
1458,0,22,341,180,115,1,1,1,1
1458,1,286,345,90,60,1,1,1,1
1458,2,475,337,60,45,1,1,1,1
1458,3,665,337,280,65,1,1,1,1
1458,4,839,371,55,45,1,1,1,1
1459,0,22,341,180,115,1,1,1,1
1459,1,286,345,90,60,1,1,1,1
1459,2,475,337,60,45,1,1,1,1
1459,3,665,337,280,65,1,1,1,1
1459,4,839,371,55,45,1,1,1,1
1460,0,22,341,180,115,1,1,1,1
1460,1,286,345,90,60,1,1,1,1
1460,2,475,337,60,45,1,1,1,1
1460,3,665,337,280,65,1,1,1,1
1460,4,839,371,55,45,1,1,1,1
1461,0,22,341,180,115,1,1,1,1
1461,1,286,345,90,60,1,1,1,1
1461,2,475,337,60,45,1,1,1,1
1461,3,665,337,280,65,1,1,1,1
1461,4,839,371,55,45,1,1,1,1
1462,0,22,341,180,115,1,1,1,1
1462,1,286,345,90,60,1,1,1,1
1462,2,475,337,60,45,1,1,1,1
1462,3,665,337,280,65,1,1,1,1
1462,4,839,371,55,45,1,1,1,1
1463,0,22,341,180,115,1,1,1,1
1463,1,286,345,90,60,1,1,1,1
1463,2,475,337,60,45,1,1,1,1
1463,3,665,337,280,65,1,1,1,1
1463,4,839,371,55,45,1,1,1,1
1464,0,22,341,180,115,1,1,1,1
1464,1,286,345,90,60,1,1,1,1
1464,2,475,337,60,45,1,1,1,1
1464,3,665,337,280,65,1,1,1,1
1464,4,839,371,55,45,1,1,1,1
1465,0,22,341,180,115,1,1,1,1
1465,1,286,345,90,60,1,1,1,1
1465,2,475,337,60,45,1,1,1,1
1465,3,665,337,280,65,1,1,1,1
1465,4,839,371,55,45,1,1,1,1
1466,0,22,341,180,115,1,1,1,1
1466,1,286,345,90,60,1,1,1,1
1466,2,475,337,60,45,1,1,1,1
1466,3,665,337,280,65,1,1,1,1
1466,4,839,371,55,45,1,1,1,1
1467,0,22,341,180,115,1,1,1,1
1467,1,286,345,90,60,1,1,1,1
1467,2,475,337,60,45,1,1,1,1
1467,3,665,337,280,65,1,1,1,1
1467,4,839,371,55,45,1,1,1,1
1468,0,22,341,180,115,1,1,1,1
1468,1,286,345,90,60,1,1,1,1
1468,2,475,337,60,45,1,1,1,1
1468,3,665,337,280,65,1,1,1,1
1468,4,839,371,55,45,1,1,1,1
1469,0,22,341,180,115,1,1,1,1
1469,1,286,345,90,60,1,1,1,1
1469,2,475,337,60,45,1,1,1,1
1469,3,665,337,280,65,1,1,1,1
1469,4,839,371,55,45,1,1,1,1
1470,0,22,341,180,115,1,1,1,1
1470,1,286,345,90,60,1,1,1,1
1470,2,475,337,60,45,1,1,1,1
1470,3,665,337,280,65,1,1,1,1
1470,4,839,371,55,45,1,1,1,1
1471,0,22,341,180,115,1,1,1,1
1471,1,286,345,90,60,1,1,1,1
1471,2,475,337,60,45,1,1,1,1
1471,3,665,337,280,65,1,1,1,1
1471,4,839,371,55,45,1,1,1,1
1472,0,22,342,180,115,1,1,1,1
1472,1,286,345,90,60,1,1,1,1
1472,2,475,337,60,45,1,1,1,1
1472,3,665,337,280,65,1,1,1,1
1472,4,839,372,55,45,1,1,1,1
1473,0,21,342,180,115,1,1,1,1
1473,1,285,345,90,60,1,1,1,1
1473,2,475,337,60,45,1,1,1,1
1473,3,665,337,280,65,1,1,1,1
1473,4,838,372,55,45,1,1,1,1
1474,0,21,342,180,115,1,1,1,1
1474,1,285,345,90,60,1,1,1,1
1474,2,475,337,60,45,1,1,1,1
1474,3,665,337,280,65,1,1,1,1
1474,4,838,372,55,45,1,1,1,1
1475,0,21,342,180,115,1,1,1,1
1475,1,285,345,90,60,1,1,1,1
1475,2,475,337,60,45,1,1,1,1
1475,3,665,337,280,65,1,1,1,1
1475,4,838,372,55,45,1,1,1,1
1476,0,21,342,180,115,1,1,1,1
1476,1,285,345,90,60,1,1,1,1
1476,2,475,337,60,45,1,1,1,1
1476,3,665,337,280,65,1,1,1,1
1476,4,838,372,55,45,1,1,1,1
1477,0,21,342,180,115,1,1,1,1
1477,1,285,345,90,60,1,1,1,1
1477,2,475,337,60,45,1,1,1,1
1477,3,665,337,280,65,1,1,1,1
1477,4,838,372,55,45,1,1,1,1
1478,0,21,342,180,115,1,1,1,1
1478,1,285,345,90,60,1,1,1,1
1478,2,475,337,60,45,1,1,1,1
1478,3,665,337,280,65,1,1,1,1
1478,4,838,372,55,45,1,1,1,1
1479,0,21,342,180,115,1,1,1,1
1479,1,285,345,90,60,1,1,1,1
1479,2,475,337,60,45,1,1,1,1
1479,3,665,337,280,65,1,1,1,1
1479,4,838,372,55,45,1,1,1,1
1480,0,21,342,180,115,1,1,1,1
1480,1,285,345,90,60,1,1,1,1
1480,2,475,337,60,45,1,1,1,1
1480,3,665,337,280,65,1,1,1,1
1480,4,838,372,55,45,1,1,1,1
1481,0,21,342,180,115,1,1,1,1
1481,1,285,345,90,60,1,1,1,1
1481,2,475,337,60,45,1,1,1,1
1481,3,665,337,280,65,1,1,1,1
1481,4,838,372,55,45,1,1,1,1
1482,0,21,342,180,115,1,1,1,1
1482,1,285,345,90,60,1,1,1,1
1482,2,475,337,60,45,1,1,1,1
1482,3,665,337,280,65,1,1,1,1
1482,4,838,372,55,45,1,1,1,1
1483,0,21,342,180,115,1,1,1,1
1483,1,285,345,90,60,1,1,1,1
1483,2,475,337,60,45,1,1,1,1
1483,3,665,337,280,65,1,1,1,1
1483,4,838,372,55,45,1,1,1,1
1484,0,21,342,180,115,1,1,1,1
1484,1,285,345,90,60,1,1,1,1
1484,2,475,337,60,45,1,1,1,1
1484,3,665,337,280,65,1,1,1,1
1484,4,838,372,55,45,1,1,1,1
1485,0,21,342,180,115,1,1,1,1
1485,1,285,345,90,60,1,1,1,1
1485,2,475,337,60,45,1,1,1,1
1485,3,665,337,280,65,1,1,1,1
1485,4,838,372,55,45,1,1,1,1
1486,0,21,342,180,115,1,1,1,1
1486,1,285,345,90,60,1,1,1,1
1486,2,475,337,60,45,1,1,1,1
1486,3,665,337,280,65,1,1,1,1
1486,4,838,372,55,45,1,1,1,1
1487,0,21,342,180,115,1,1,1,1
1487,1,285,345,90,60,1,1,1,1
1487,2,475,337,60,45,1,1,1,1
1487,3,665,337,280,65,1,1,1,1
1487,4,838,372,55,45,1,1,1,1
1488,0,20,342,180,115,1,1,1,1
1488,1,285,345,90,60,1,1,1,1
1488,2,475,337,60,45,1,1,1,1
1488,3,665,337,280,65,1,1,1,1
1488,4,838,372,55,45,1,1,1,1
1489,0,20,342,180,115,1,1,1,1
1489,1,285,345,90,60,1,1,1,1
1489,2,475,337,60,45,1,1,1,1
1489,3,665,337,280,65,1,1,1,1
1489,4,838,372,55,45,1,1,1,1
1490,0,20,342,180,115,1,1,1,1
1490,1,285,345,90,60,1,1,1,1
1490,2,475,337,60,45,1,1,1,1
1490,3,665,337,280,65,1,1,1,1
1490,4,838,372,55,45,1,1,1,1
1491,0,20,342,180,115,1,1,1,1
1491,1,285,345,90,60,1,1,1,1
1491,2,475,337,60,45,1,1,1,1
1491,3,665,337,280,65,1,1,1,1
1491,4,838,372,55,45,1,1,1,1
1492,0,20,342,180,115,1,1,1,1
1492,1,285,345,90,60,1,1,1,1
1492,2,475,337,60,45,1,1,1,1
1492,3,665,337,280,65,1,1,1,1
1492,4,838,372,55,45,1,1,1,1
1493,0,20,342,180,115,1,1,1,1
1493,1,285,345,90,60,1,1,1,1
1493,2,475,337,60,45,1,1,1,1
1493,3,665,337,280,65,1,1,1,1
1493,4,837,372,55,45,1,1,1,1
1494,0,20,342,180,115,1,1,1,1
1494,1,285,345,90,60,1,1,1,1
1494,2,475,337,60,45,1,1,1,1
1494,3,665,337,280,65,1,1,1,1
1494,4,837,372,55,45,1,1,1,1
1495,0,20,342,180,115,1,1,1,1
1495,1,285,345,90,60,1,1,1,1
1495,2,475,337,60,45,1,1,1,1
1495,3,665,337,280,65,1,1,1,1
1495,4,837,372,55,45,1,1,1,1
1496,0,20,342,180,115,1,1,1,1
1496,1,285,345,90,60,1,1,1,1
1496,2,475,337,60,45,1,1,1,1
1496,3,665,337,280,65,1,1,1,1
1496,4,837,372,55,45,1,1,1,1
1497,0,20,342,180,115,1,1,1,1
1497,1,285,345,90,60,1,1,1,1
1497,2,475,337,60,45,1,1,1,1
1497,3,665,337,280,65,1,1,1,1
1497,4,837,372,55,45,1,1,1,1
1498,0,20,342,180,115,1,1,1,1
1498,1,285,345,90,60,1,1,1,1
1498,2,475,337,60,45,1,1,1,1
1498,3,665,337,280,65,1,1,1,1
1498,4,837,372,55,45,1,1,1,1
1499,0,20,342,180,115,1,1,1,1
1499,1,285,345,90,60,1,1,1,1
1499,2,475,337,60,45,1,1,1,1
1499,3,665,337,280,65,1,1,1,1
1499,4,837,372,55,45,1,1,1,1
1500,0,20,342,180,115,1,1,1,1
1500,1,285,345,90,60,1,1,1,1
1500,2,475,337,60,45,1,1,1,1
1500,3,665,337,280,65,1,1,1,1
1500,4,837,372,55,45,1,1,1,1
1501,0,20,342,180,115,1,1,1,1
1501,1,285,345,90,60,1,1,1,1
1501,2,475,337,60,45,1,1,1,1
1501,3,665,337,280,65,1,1,1,1
1501,4,837,372,55,45,1,1,1,1
1502,0,20,342,180,115,1,1,1,1
1502,1,285,345,90,60,1,1,1,1
1502,2,475,337,60,45,1,1,1,1
1502,3,665,337,280,65,1,1,1,1
1502,4,837,372,55,45,1,1,1,1
1503,0,19,342,180,115,1,1,1,1
1503,1,284,345,90,60,1,1,1,1
1503,2,474,337,60,45,1,1,1,1
1503,3,664,337,280,65,1,1,1,1
1503,4,837,372,55,45,1,1,1,1
1504,0,19,342,180,115,1,1,1,1
1504,1,284,345,90,60,1,1,1,1
1504,2,474,337,60,45,1,1,1,1
1504,3,664,337,280,65,1,1,1,1
1504,4,837,372,55,45,1,1,1,1
1505,0,19,342,180,115,1,1,1,1
1505,1,284,345,90,60,1,1,1,1
1505,2,474,337,60,45,1,1,1,1
1505,3,664,337,280,65,1,1,1,1
1505,4,837,372,55,45,1,1,1,1
1506,0,19,342,180,115,1,1,1,1
1506,1,284,345,90,60,1,1,1,1
1506,2,474,337,60,45,1,1,1,1
1506,3,664,337,280,65,1,1,1,1
1506,4,837,372,55,45,1,1,1,1
1507,0,19,342,180,115,1,1,1,1
1507,1,284,345,90,60,1,1,1,1
1507,2,474,337,60,45,1,1,1,1
1507,3,664,337,280,65,1,1,1,1
1507,4,837,372,55,45,1,1,1,1
1508,0,19,342,180,115,1,1,1,1
1508,1,284,345,90,60,1,1,1,1
1508,2,474,337,60,45,1,1,1,1
1508,3,664,337,280,65,1,1,1,1
1508,4,837,372,55,45,1,1,1,1
1509,0,19,342,180,115,1,1,1,1
1509,1,284,345,90,60,1,1,1,1
1509,2,474,337,60,45,1,1,1,1
1509,3,664,337,280,65,1,1,1,1
1509,4,837,372,55,45,1,1,1,1
1510,0,19,342,180,115,1,1,1,1
1510,1,284,345,90,60,1,1,1,1
1510,2,474,337,60,45,1,1,1,1
1510,3,664,337,280,65,1,1,1,1
1510,4,837,372,55,45,1,1,1,1
1511,0,19,342,180,115,1,1,1,1
1511,1,284,345,90,60,1,1,1,1
1511,2,474,337,60,45,1,1,1,1
1511,3,664,337,280,65,1,1,1,1
1511,4,837,372,55,45,1,1,1,1
1512,0,19,342,180,115,1,1,1,1
1512,1,284,345,90,60,1,1,1,1
1512,2,474,337,60,45,1,1,1,1
1512,3,664,337,280,65,1,1,1,1
1512,4,837,372,55,45,1,1,1,1
1513,0,19,342,180,115,1,1,1,1
1513,1,284,345,90,60,1,1,1,1
1513,2,474,337,60,45,1,1,1,1
1513,3,664,337,280,65,1,1,1,1
1513,4,836,372,55,45,1,1,1,1
1514,0,19,342,180,115,1,1,1,1
1514,1,284,345,90,60,1,1,1,1
1514,2,474,337,60,45,1,1,1,1
1514,3,664,337,280,65,1,1,1,1
1514,4,836,372,55,45,1,1,1,1
1515,0,19,342,180,115,1,1,1,1
1515,1,284,345,90,60,1,1,1,1
1515,2,474,337,60,45,1,1,1,1
1515,3,664,337,280,65,1,1,1,1
1515,4,836,372,55,45,1,1,1,1
1516,0,19,342,180,115,1,1,1,1
1516,1,284,345,90,60,1,1,1,1
1516,2,474,337,60,45,1,1,1,1
1516,3,664,337,280,65,1,1,1,1
1516,4,836,372,55,45,1,1,1,1
1517,0,19,342,180,115,1,1,1,1
1517,1,284,345,90,60,1,1,1,1
1517,2,474,337,60,45,1,1,1,1
1517,3,664,337,280,65,1,1,1,1
1517,4,836,372,55,45,1,1,1,1
1518,0,18,342,180,115,1,1,1,1
1518,1,284,345,90,60,1,1,1,1
1518,2,474,337,60,45,1,1,1,1
1518,3,664,337,280,65,1,1,1,1
1518,4,836,372,55,45,1,1,1,1
1519,0,18,342,180,115,1,1,1,1
1519,1,284,345,90,60,1,1,1,1
1519,2,474,337,60,45,1,1,1,1
1519,3,664,337,280,65,1,1,1,1
1519,4,836,372,55,45,1,1,1,1
1520,0,18,342,180,115,1,1,1,1
1520,1,284,345,90,60,1,1,1,1
1520,2,474,337,60,45,1,1,1,1
1520,3,664,337,280,65,1,1,1,1
1520,4,836,372,55,45,1,1,1,1
1521,0,18,342,180,115,1,1,1,1
1521,1,284,345,90,60,1,1,1,1
1521,2,474,337,60,45,1,1,1,1
1521,3,664,337,280,65,1,1,1,1
1521,4,836,372,55,45,1,1,1,1
1522,0,18,342,180,115,1,1,1,1
1522,1,284,345,90,60,1,1,1,1
1522,2,474,337,60,45,1,1,1,1
1522,3,664,337,280,65,1,1,1,1
1522,4,836,372,55,45,1,1,1,1
1523,0,18,342,180,115,1,1,1,1
1523,1,284,345,90,60,1,1,1,1
1523,2,474,337,60,45,1,1,1,1
1523,3,664,337,280,65,1,1,1,1
1523,4,836,372,55,45,1,1,1,1
1524,0,18,342,180,115,1,1,1,1
1524,1,284,345,90,60,1,1,1,1
1524,2,474,337,60,45,1,1,1,1
1524,3,664,337,280,65,1,1,1,1
1524,4,836,372,55,45,1,1,1,1
1525,0,18,342,180,115,1,1,1,1
1525,1,284,345,90,60,1,1,1,1
1525,2,474,337,60,45,1,1,1,1
1525,3,664,337,280,65,1,1,1,1
1525,4,836,372,55,45,1,1,1,1
1526,0,18,342,180,115,1,1,1,1
1526,1,284,345,90,60,1,1,1,1
1526,2,474,337,60,45,1,1,1,1
1526,3,664,337,280,65,1,1,1,1
1526,4,836,372,55,45,1,1,1,1
1527,0,18,342,180,115,1,1,1,1
1527,1,284,345,90,60,1,1,1,1
1527,2,474,337,60,45,1,1,1,1
1527,3,664,337,280,65,1,1,1,1
1527,4,836,372,55,45,1,1,1,1
1528,0,18,342,180,115,1,1,1,1
1528,1,284,345,90,60,1,1,1,1
1528,2,474,337,60,45,1,1,1,1
1528,3,664,337,280,65,1,1,1,1
1528,4,836,372,55,45,1,1,1,1
1529,0,18,342,180,115,1,1,1,1
1529,1,284,345,90,60,1,1,1,1
1529,2,474,337,60,45,1,1,1,1
1529,3,664,337,280,65,1,1,1,1
1529,4,836,372,55,45,1,1,1,1
1530,0,18,342,180,115,1,1,1,1
1530,1,284,345,90,60,1,1,1,1
1530,2,474,337,60,45,1,1,1,1
1530,3,664,337,280,65,1,1,1,1
1530,4,836,372,55,45,1,1,1,1
1531,0,18,342,180,115,1,1,1,1
1531,1,284,345,90,60,1,1,1,1
1531,2,474,337,60,45,1,1,1,1
1531,3,664,337,280,65,1,1,1,1
1531,4,836,372,55,45,1,1,1,1
1532,0,18,343,180,115,1,1,1,1
1532,1,284,345,90,60,1,1,1,1
1532,2,474,337,60,45,1,1,1,1
1532,3,664,337,280,65,1,1,1,1
1532,4,836,373,55,45,1,1,1,1
1533,0,17,343,180,115,1,1,1,1
1533,1,283,345,90,60,1,1,1,1
1533,2,474,337,60,45,1,1,1,1
1533,3,664,337,280,65,1,1,1,1
1533,4,835,373,55,45,1,1,1,1
1534,0,17,343,180,115,1,1,1,1
1534,1,283,345,90,60,1,1,1,1
1534,2,474,337,60,45,1,1,1,1
1534,3,664,337,280,65,1,1,1,1
1534,4,835,373,55,45,1,1,1,1
1535,0,17,343,180,115,1,1,1,1
1535,1,283,345,90,60,1,1,1,1
1535,2,474,337,60,45,1,1,1,1
1535,3,664,337,280,65,1,1,1,1
1535,4,835,373,55,45,1,1,1,1
1536,0,17,343,180,115,1,1,1,1
1536,1,283,345,90,60,1,1,1,1
1536,2,474,337,60,45,1,1,1,1
1536,3,664,337,280,65,1,1,1,1
1536,4,835,373,55,45,1,1,1,1
1537,0,17,343,180,115,1,1,1,1
1537,1,283,345,90,60,1,1,1,1
1537,2,474,337,60,45,1,1,1,1
1537,3,664,337,280,65,1,1,1,1
1537,4,835,373,55,45,1,1,1,1
1538,0,17,343,180,115,1,1,1,1
1538,1,283,345,90,60,1,1,1,1
1538,2,474,337,60,45,1,1,1,1
1538,3,664,337,280,65,1,1,1,1
1538,4,835,373,55,45,1,1,1,1
1539,0,17,343,180,115,1,1,1,1
1539,1,283,345,90,60,1,1,1,1
1539,2,474,337,60,45,1,1,1,1
1539,3,664,337,280,65,1,1,1,1
1539,4,835,373,55,45,1,1,1,1
1540,0,17,343,180,115,1,1,1,1
1540,1,283,345,90,60,1,1,1,1
1540,2,474,337,60,45,1,1,1,1
1540,3,664,337,280,65,1,1,1,1
1540,4,835,373,55,45,1,1,1,1
1541,0,17,343,180,115,1,1,1,1
1541,1,283,345,90,60,1,1,1,1
1541,2,474,337,60,45,1,1,1,1
1541,3,664,337,280,65,1,1,1,1
1541,4,835,373,55,45,1,1,1,1
1542,0,17,343,180,115,1,1,1,1
1542,1,283,345,90,60,1,1,1,1
1542,2,474,337,60,45,1,1,1,1
1542,3,664,337,280,65,1,1,1,1
1542,4,835,373,55,45,1,1,1,1
1543,0,17,343,180,115,1,1,1,1
1543,1,283,345,90,60,1,1,1,1
1543,2,474,337,60,45,1,1,1,1
1543,3,664,337,280,65,1,1,1,1
1543,4,835,373,55,45,1,1,1,1
1544,0,17,343,180,115,1,1,1,1
1544,1,283,345,90,60,1,1,1,1
1544,2,474,337,60,45,1,1,1,1
1544,3,664,337,280,65,1,1,1,1
1544,4,835,373,55,45,1,1,1,1
1545,0,17,343,180,115,1,1,1,1
1545,1,283,345,90,60,1,1,1,1
1545,2,474,337,60,45,1,1,1,1
1545,3,664,337,280,65,1,1,1,1
1545,4,835,373,55,45,1,1,1,1
1546,0,17,343,180,115,1,1,1,1
1546,1,283,345,90,60,1,1,1,1
1546,2,474,337,60,45,1,1,1,1
1546,3,664,337,280,65,1,1,1,1
1546,4,835,373,55,45,1,1,1,1
1547,0,17,343,180,115,1,1,1,1
1547,1,283,345,90,60,1,1,1,1
1547,2,474,337,60,45,1,1,1,1
1547,3,664,337,280,65,1,1,1,1
1547,4,835,373,55,45,1,1,1,1
1548,0,16,343,180,115,1,1,1,1
1548,1,283,345,90,60,1,1,1,1
1548,2,474,337,60,45,1,1,1,1
1548,3,664,337,280,65,1,1,1,1
1548,4,835,373,55,45,1,1,1,1
1549,0,16,343,180,115,1,1,1,1
1549,1,283,345,90,60,1,1,1,1
1549,2,474,337,60,45,1,1,1,1
1549,3,664,337,280,65,1,1,1,1
1549,4,835,373,55,45,1,1,1,1
1550,0,16,343,180,115,1,1,1,1
1550,1,283,345,90,60,1,1,1,1
1550,2,474,337,60,45,1,1,1,1
1550,3,664,337,280,65,1,1,1,1
1550,4,835,373,55,45,1,1,1,1
1551,0,16,343,180,115,1,1,1,1
1551,1,283,345,90,60,1,1,1,1
1551,2,474,337,60,45,1,1,1,1
1551,3,664,337,280,65,1,1,1,1
1551,4,835,373,55,45,1,1,1,1
1552,0,16,343,180,115,1,1,1,1
1552,1,283,345,90,60,1,1,1,1
1552,2,474,337,60,45,1,1,1,1
1552,3,664,337,280,65,1,1,1,1
1552,4,835,373,55,45,1,1,1,1
1553,0,16,343,180,115,1,1,1,1
1553,1,283,345,90,60,1,1,1,1
1553,2,474,337,60,45,1,1,1,1
1553,3,664,337,280,65,1,1,1,1
1553,4,834,373,55,45,1,1,1,1
1554,0,16,343,180,115,1,1,1,1
1554,1,283,345,90,60,1,1,1,1
1554,2,474,337,60,45,1,1,1,1
1554,3,664,337,280,65,1,1,1,1
1554,4,834,373,55,45,1,1,1,1
1555,0,16,343,180,115,1,1,1,1
1555,1,283,345,90,60,1,1,1,1
1555,2,474,337,60,45,1,1,1,1
1555,3,664,337,280,65,1,1,1,1
1555,4,834,373,55,45,1,1,1,1
1556,0,16,343,180,115,1,1,1,1
1556,1,283,345,90,60,1,1,1,1
1556,2,474,337,60,45,1,1,1,1
1556,3,664,337,280,65,1,1,1,1
1556,4,834,373,55,45,1,1,1,1
1557,0,16,343,180,115,1,1,1,1
1557,1,283,345,90,60,1,1,1,1
1557,2,474,337,60,45,1,1,1,1
1557,3,664,337,280,65,1,1,1,1
1557,4,834,373,55,45,1,1,1,1
1558,0,16,343,180,115,1,1,1,1
1558,1,283,345,90,60,1,1,1,1
1558,2,474,337,60,45,1,1,1,1
1558,3,664,337,280,65,1,1,1,1
1558,4,834,373,55,45,1,1,1,1
1559,0,16,343,180,115,1,1,1,1
1559,1,283,345,90,60,1,1,1,1
1559,2,474,337,60,45,1,1,1,1
1559,3,664,337,280,65,1,1,1,1
1559,4,834,373,55,45,1,1,1,1
1560,0,16,343,180,115,1,1,1,1
1560,1,283,345,90,60,1,1,1,1
1560,2,474,337,60,45,1,1,1,1
1560,3,664,337,280,65,1,1,1,1
1560,4,834,373,55,45,1,1,1,1
1561,0,16,343,180,115,1,1,1,1
1561,1,283,345,90,60,1,1,1,1
1561,2,474,337,60,45,1,1,1,1
1561,3,664,337,280,65,1,1,1,1
1561,4,834,373,55,45,1,1,1,1
1562,0,16,343,180,115,1,1,1,1
1562,1,283,345,90,60,1,1,1,1
1562,2,474,337,60,45,1,1,1,1
1562,3,664,337,280,65,1,1,1,1
1562,4,834,373,55,45,1,1,1,1
1563,0,15,343,180,115,1,1,1,1
1563,1,282,345,90,60,1,1,1,1
1563,2,473,337,60,45,1,1,1,1
1563,3,664,337,280,65,1,1,1,1
1563,4,834,373,55,45,1,1,1,1
1564,0,15,343,180,115,1,1,1,1
1564,1,282,345,90,60,1,1,1,1
1564,2,473,337,60,45,1,1,1,1
1564,3,664,337,280,65,1,1,1,1
1564,4,834,373,55,45,1,1,1,1
1565,0,15,343,180,115,1,1,1,1
1565,1,282,345,90,60,1,1,1,1
1565,2,473,337,60,45,1,1,1,1
1565,3,664,337,280,65,1,1,1,1
1565,4,834,373,55,45,1,1,1,1
1566,0,15,343,180,115,1,1,1,1
1566,1,282,345,90,60,1,1,1,1
1566,2,473,337,60,45,1,1,1,1
1566,3,664,337,280,65,1,1,1,1
1566,4,834,373,55,45,1,1,1,1
1567,0,15,343,180,115,1,1,1,1
1567,1,282,345,90,60,1,1,1,1
1567,2,473,337,60,45,1,1,1,1
1567,3,664,337,280,65,1,1,1,1
1567,4,834,373,55,45,1,1,1,1
1568,0,15,343,180,115,1,1,1,1
1568,1,282,345,90,60,1,1,1,1
1568,2,473,337,60,45,1,1,1,1
1568,3,664,337,280,65,1,1,1,1
1568,4,834,373,55,45,1,1,1,1
1569,0,15,343,180,115,1,1,1,1
1569,1,282,345,90,60,1,1,1,1
1569,2,473,337,60,45,1,1,1,1
1569,3,664,337,280,65,1,1,1,1
1569,4,834,373,55,45,1,1,1,1
1570,0,15,343,180,115,1,1,1,1
1570,1,282,345,90,60,1,1,1,1
1570,2,473,337,60,45,1,1,1,1
1570,3,664,337,280,65,1,1,1,1
1570,4,834,373,55,45,1,1,1,1
1571,0,15,343,180,115,1,1,1,1
1571,1,282,345,90,60,1,1,1,1
1571,2,473,337,60,45,1,1,1,1
1571,3,664,337,280,65,1,1,1,1
1571,4,834,373,55,45,1,1,1,1
1572,0,15,343,180,115,1,1,1,1
1572,1,282,345,90,60,1,1,1,1
1572,2,473,337,60,45,1,1,1,1
1572,3,664,337,280,65,1,1,1,1
1572,4,834,373,55,45,1,1,1,1
1573,0,15,343,180,115,1,1,1,1
1573,1,282,345,90,60,1,1,1,1
1573,2,473,337,60,45,1,1,1,1
1573,3,664,337,280,65,1,1,1,1
1573,4,833,373,55,45,1,1,1,1
1574,0,15,343,180,115,1,1,1,1
1574,1,282,345,90,60,1,1,1,1
1574,2,473,337,60,45,1,1,1,1
1574,3,664,337,280,65,1,1,1,1
1574,4,833,373,55,45,1,1,1,1
1575,0,15,343,180,115,1,1,1,1
1575,1,282,345,90,60,1,1,1,1
1575,2,473,337,60,45,1,1,1,1
1575,3,664,337,280,65,1,1,1,1
1575,4,833,373,55,45,1,1,1,1
1576,0,15,343,180,115,1,1,1,1
1576,1,282,345,90,60,1,1,1,1
1576,2,473,337,60,45,1,1,1,1
1576,3,664,337,280,65,1,1,1,1
1576,4,833,373,55,45,1,1,1,1
1577,0,15,343,180,115,1,1,1,1
1577,1,282,345,90,60,1,1,1,1
1577,2,473,337,60,45,1,1,1,1
1577,3,664,337,280,65,1,1,1,1
1577,4,833,373,55,45,1,1,1,1
1578,0,14,343,180,115,1,1,1,1
1578,1,282,345,90,60,1,1,1,1
1578,2,473,337,60,45,1,1,1,1
1578,3,664,337,280,65,1,1,1,1
1578,4,833,373,55,45,1,1,1,1
1579,0,14,343,180,115,1,1,1,1
1579,1,282,345,90,60,1,1,1,1
1579,2,473,337,60,45,1,1,1,1
1579,3,664,337,280,65,1,1,1,1
1579,4,833,373,55,45,1,1,1,1
1580,0,14,343,180,115,1,1,1,1
1580,1,282,345,90,60,1,1,1,1
1580,2,473,337,60,45,1,1,1,1
1580,3,664,337,280,65,1,1,1,1
1580,4,833,373,55,45,1,1,1,1
1581,0,14,343,180,115,1,1,1,1
1581,1,282,345,90,60,1,1,1,1
1581,2,473,337,60,45,1,1,1,1
1581,3,664,337,280,65,1,1,1,1
1581,4,833,373,55,45,1,1,1,1
1582,0,14,343,180,115,1,1,1,1
1582,1,282,345,90,60,1,1,1,1
1582,2,473,337,60,45,1,1,1,1
1582,3,664,337,280,65,1,1,1,1
1582,4,833,373,55,45,1,1,1,1
1583,0,14,343,180,115,1,1,1,1
1583,1,282,345,90,60,1,1,1,1
1583,2,473,337,60,45,1,1,1,1
1583,3,664,337,280,65,1,1,1,1
1583,4,833,373,55,45,1,1,1,1
1584,0,14,343,180,115,1,1,1,1
1584,1,282,345,90,60,1,1,1,1
1584,2,473,337,60,45,1,1,1,1
1584,3,664,337,280,65,1,1,1,1
1584,4,833,373,55,45,1,1,1,1
1585,0,14,343,180,115,1,1,1,1
1585,1,282,345,90,60,1,1,1,1
1585,2,473,337,60,45,1,1,1,1
1585,3,664,337,280,65,1,1,1,1
1585,4,833,373,55,45,1,1,1,1
1586,0,14,343,180,115,1,1,1,1
1586,1,282,345,90,60,1,1,1,1
1586,2,473,337,60,45,1,1,1,1
1586,3,664,337,280,65,1,1,1,1
1586,4,833,373,55,45,1,1,1,1
1587,0,14,343,180,115,1,1,1,1
1587,1,282,345,90,60,1,1,1,1
1587,2,473,337,60,45,1,1,1,1
1587,3,664,337,280,65,1,1,1,1
1587,4,833,373,55,45,1,1,1,1
1588,0,14,343,180,115,1,1,1,1
1588,1,282,345,90,60,1,1,1,1
1588,2,473,337,60,45,1,1,1,1
1588,3,664,337,280,65,1,1,1,1
1588,4,833,373,55,45,1,1,1,1
1589,0,14,343,180,115,1,1,1,1
1589,1,282,345,90,60,1,1,1,1
1589,2,473,337,60,45,1,1,1,1
1589,3,664,337,280,65,1,1,1,1
1589,4,833,373,55,45,1,1,1,1
1590,0,14,343,180,115,1,1,1,1
1590,1,282,345,90,60,1,1,1,1
1590,2,473,337,60,45,1,1,1,1
1590,3,664,337,280,65,1,1,1,1
1590,4,833,373,55,45,1,1,1,1
1591,0,14,343,180,115,1,1,1,1
1591,1,282,345,90,60,1,1,1,1
1591,2,473,337,60,45,1,1,1,1
1591,3,664,337,280,65,1,1,1,1
1591,4,833,373,55,45,1,1,1,1
1592,0,14,344,180,115,1,1,1,1
1592,1,282,345,90,60,1,1,1,1
1592,2,473,337,60,45,1,1,1,1
1592,3,664,337,280,65,1,1,1,1
1592,4,833,374,55,45,1,1,1,1
1593,0,13,344,180,115,1,1,1,1
1593,1,281,345,90,60,1,1,1,1
1593,2,473,337,60,45,1,1,1,1
1593,3,664,337,280,65,1,1,1,1
1593,4,832,374,55,45,1,1,1,1
1594,0,13,344,180,115,1,1,1,1
1594,1,281,345,90,60,1,1,1,1
1594,2,473,337,60,45,1,1,1,1
1594,3,664,337,280,65,1,1,1,1
1594,4,832,374,55,45,1,1,1,1
1595,0,13,344,180,115,1,1,1,1
1595,1,281,345,90,60,1,1,1,1
1595,2,473,337,60,45,1,1,1,1
1595,3,664,337,280,65,1,1,1,1
1595,4,832,374,55,45,1,1,1,1
1596,0,13,344,180,115,1,1,1,1
1596,1,281,345,90,60,1,1,1,1
1596,2,473,337,60,45,1,1,1,1
1596,3,664,337,280,65,1,1,1,1
1596,4,832,374,55,45,1,1,1,1
1597,0,13,344,180,115,1,1,1,1
1597,1,281,345,90,60,1,1,1,1
1597,2,473,337,60,45,1,1,1,1
1597,3,664,337,280,65,1,1,1,1
1597,4,832,374,55,45,1,1,1,1
1598,0,13,344,180,115,1,1,1,1
1598,1,281,345,90,60,1,1,1,1
1598,2,473,337,60,45,1,1,1,1
1598,3,664,337,280,65,1,1,1,1
1598,4,832,374,55,45,1,1,1,1
1599,0,13,344,180,115,1,1,1,1
1599,1,281,345,90,60,1,1,1,1
1599,2,473,337,60,45,1,1,1,1
1599,3,664,337,280,65,1,1,1,1
1599,4,832,374,55,45,1,1,1,1
1600,0,13,344,180,115,1,1,1,1
1600,1,281,345,90,60,1,1,1,1
1600,2,473,337,60,45,1,1,1,1
1600,3,664,337,280,65,1,1,1,1
1600,4,832,374,55,45,1,1,1,1
1601,0,13,344,180,115,1,1,1,1
1601,1,281,345,90,60,1,1,1,1
1601,2,473,337,60,45,1,1,1,1
1601,3,664,337,280,65,1,1,1,1
1601,4,832,374,55,45,1,1,1,1
1602,0,13,344,180,115,1,1,1,1
1602,1,281,345,90,60,1,1,1,1
1602,2,473,337,60,45,1,1,1,1
1602,3,664,337,280,65,1,1,1,1
1602,4,832,374,55,45,1,1,1,1
1603,0,13,344,180,115,1,1,1,1
1603,1,281,345,90,60,1,1,1,1
1603,2,473,337,60,45,1,1,1,1
1603,3,663,337,280,65,1,1,1,1
1603,4,832,374,55,45,1,1,1,1
1604,0,13,344,180,115,1,1,1,1
1604,1,281,345,90,60,1,1,1,1
1604,2,473,337,60,45,1,1,1,1
1604,3,663,337,280,65,1,1,1,1
1604,4,832,374,55,45,1,1,1,1
1605,0,13,344,180,115,1,1,1,1
1605,1,281,345,90,60,1,1,1,1
1605,2,473,337,60,45,1,1,1,1
1605,3,663,337,280,65,1,1,1,1
1605,4,832,374,55,45,1,1,1,1
1606,0,13,344,180,115,1,1,1,1
1606,1,281,345,90,60,1,1,1,1
1606,2,473,337,60,45,1,1,1,1
1606,3,663,337,280,65,1,1,1,1
1606,4,832,374,55,45,1,1,1,1
1607,0,13,344,180,115,1,1,1,1
1607,1,281,345,90,60,1,1,1,1
1607,2,473,337,60,45,1,1,1,1
1607,3,663,337,280,65,1,1,1,1
1607,4,832,374,55,45,1,1,1,1
1608,0,12,344,180,115,1,1,1,1
1608,1,281,345,90,60,1,1,1,1
1608,2,473,337,60,45,1,1,1,1
1608,3,663,337,280,65,1,1,1,1
1608,4,832,374,55,45,1,1,1,1
1609,0,12,344,180,115,1,1,1,1
1609,1,281,345,90,60,1,1,1,1
1609,2,473,337,60,45,1,1,1,1
1609,3,663,337,280,65,1,1,1,1
1609,4,832,374,55,45,1,1,1,1
1610,0,12,344,180,115,1,1,1,1
1610,1,281,345,90,60,1,1,1,1
1610,2,473,337,60,45,1,1,1,1
1610,3,663,337,280,65,1,1,1,1
1610,4,832,374,55,45,1,1,1,1
1611,0,12,344,180,115,1,1,1,1
1611,1,281,345,90,60,1,1,1,1
1611,2,473,337,60,45,1,1,1,1
1611,3,663,337,280,65,1,1,1,1
1611,4,832,374,55,45,1,1,1,1
1612,0,12,344,180,115,1,1,1,1
1612,1,281,345,90,60,1,1,1,1
1612,2,473,337,60,45,1,1,1,1
1612,3,663,337,280,65,1,1,1,1
1612,4,832,374,55,45,1,1,1,1
1613,0,12,344,180,115,1,1,1,1
1613,1,281,345,90,60,1,1,1,1
1613,2,473,337,60,45,1,1,1,1
1613,3,663,337,280,65,1,1,1,1
1613,4,831,374,55,45,1,1,1,1
1614,0,12,344,180,115,1,1,1,1
1614,1,281,345,90,60,1,1,1,1
1614,2,473,337,60,45,1,1,1,1
1614,3,663,337,280,65,1,1,1,1
1614,4,831,374,55,45,1,1,1,1
1615,0,12,344,180,115,1,1,1,1
1615,1,281,345,90,60,1,1,1,1
1615,2,473,337,60,45,1,1,1,1
1615,3,663,337,280,65,1,1,1,1
1615,4,831,374,55,45,1,1,1,1
1616,0,12,344,180,115,1,1,1,1
1616,1,281,345,90,60,1,1,1,1
1616,2,473,337,60,45,1,1,1,1
1616,3,663,337,280,65,1,1,1,1
1616,4,831,374,55,45,1,1,1,1
1617,0,12,344,180,115,1,1,1,1
1617,1,281,345,90,60,1,1,1,1
1617,2,473,337,60,45,1,1,1,1
1617,3,663,337,280,65,1,1,1,1
1617,4,831,374,55,45,1,1,1,1
1618,0,12,344,180,115,1,1,1,1
1618,1,281,345,90,60,1,1,1,1
1618,2,473,337,60,45,1,1,1,1
1618,3,663,337,280,65,1,1,1,1
1618,4,831,374,55,45,1,1,1,1
1619,0,12,344,180,115,1,1,1,1
1619,1,281,345,90,60,1,1,1,1
1619,2,473,337,60,45,1,1,1,1
1619,3,663,337,280,65,1,1,1,1
1619,4,831,374,55,45,1,1,1,1
1620,0,12,344,180,115,1,1,1,1
1620,1,281,345,90,60,1,1,1,1
1620,2,473,337,60,45,1,1,1,1
1620,3,663,337,280,65,1,1,1,1
1620,4,831,374,55,45,1,1,1,1
1621,0,12,344,180,115,1,1,1,1
1621,1,281,345,90,60,1,1,1,1
1621,2,473,337,60,45,1,1,1,1
1621,3,663,337,280,65,1,1,1,1
1621,4,831,374,55,45,1,1,1,1
1622,0,12,344,180,115,1,1,1,1
1622,1,281,345,90,60,1,1,1,1
1622,2,473,337,60,45,1,1,1,1
1622,3,663,337,280,65,1,1,1,1
1622,4,831,374,55,45,1,1,1,1
1623,0,11,344,180,115,1,1,1,1
1623,1,280,345,90,60,1,1,1,1
1623,2,472,337,60,45,1,1,1,1
1623,3,663,337,280,65,1,1,1,1
1623,4,831,374,55,45,1,1,1,1
1624,0,11,344,180,115,1,1,1,1
1624,1,280,345,90,60,1,1,1,1
1624,2,472,337,60,45,1,1,1,1
1624,3,663,337,280,65,1,1,1,1
1624,4,831,374,55,45,1,1,1,1
1625,0,11,344,180,115,1,1,1,1
1625,1,280,345,90,60,1,1,1,1
1625,2,472,337,60,45,1,1,1,1
1625,3,663,337,280,65,1,1,1,1
1625,4,831,374,55,45,1,1,1,1
1626,0,11,344,180,115,1,1,1,1
1626,1,280,345,90,60,1,1,1,1
1626,2,472,337,60,45,1,1,1,1
1626,3,663,337,280,65,1,1,1,1
1626,4,831,374,55,45,1,1,1,1
1627,0,11,344,180,115,1,1,1,1
1627,1,280,345,90,60,1,1,1,1
1627,2,472,337,60,45,1,1,1,1
1627,3,663,337,280,65,1,1,1,1
1627,4,831,374,55,45,1,1,1,1
1628,0,11,344,180,115,1,1,1,1
1628,1,280,345,90,60,1,1,1,1
1628,2,472,337,60,45,1,1,1,1
1628,3,663,337,280,65,1,1,1,1
1628,4,831,374,55,45,1,1,1,1
1629,0,11,344,180,115,1,1,1,1
1629,1,280,345,90,60,1,1,1,1
1629,2,472,337,60,45,1,1,1,1
1629,3,663,337,280,65,1,1,1,1
1629,4,831,374,55,45,1,1,1,1
1630,0,11,344,180,115,1,1,1,1
1630,1,280,345,90,60,1,1,1,1
1630,2,472,337,60,45,1,1,1,1
1630,3,663,337,280,65,1,1,1,1
1630,4,831,374,55,45,1,1,1,1
1631,0,11,344,180,115,1,1,1,1
1631,1,280,345,90,60,1,1,1,1
1631,2,472,337,60,45,1,1,1,1
1631,3,663,337,280,65,1,1,1,1
1631,4,831,374,55,45,1,1,1,1
1632,0,11,344,180,115,1,1,1,1
1632,1,280,345,90,60,1,1,1,1
1632,2,472,337,60,45,1,1,1,1
1632,3,663,337,280,65,1,1,1,1
1632,4,831,374,55,45,1,1,1,1
1633,0,11,344,180,115,1,1,1,1
1633,1,280,345,90,60,1,1,1,1
1633,2,472,337,60,45,1,1,1,1
1633,3,663,337,280,65,1,1,1,1
1633,4,830,374,55,45,1,1,1,1
1634,0,11,344,180,115,1,1,1,1
1634,1,280,345,90,60,1,1,1,1
1634,2,472,337,60,45,1,1,1,1
1634,3,663,337,280,65,1,1,1,1
1634,4,830,374,55,45,1,1,1,1
1635,0,11,344,180,115,1,1,1,1
1635,1,280,345,90,60,1,1,1,1
1635,2,472,337,60,45,1,1,1,1
1635,3,663,337,280,65,1,1,1,1
1635,4,830,374,55,45,1,1,1,1
1636,0,11,344,180,115,1,1,1,1
1636,1,280,345,90,60,1,1,1,1
1636,2,472,337,60,45,1,1,1,1
1636,3,663,337,280,65,1,1,1,1
1636,4,830,374,55,45,1,1,1,1
1637,0,11,344,180,115,1,1,1,1
1637,1,280,345,90,60,1,1,1,1
1637,2,472,337,60,45,1,1,1,1
1637,3,663,337,280,65,1,1,1,1
1637,4,830,374,55,45,1,1,1,1
1638,0,10,344,180,115,1,1,1,1
1638,1,280,345,90,60,1,1,1,1
1638,2,472,337,60,45,1,1,1,1
1638,3,663,337,280,65,1,1,1,1
1638,4,830,374,55,45,1,1,1,1
1639,0,10,344,180,115,1,1,1,1
1639,1,280,345,90,60,1,1,1,1
1639,2,472,337,60,45,1,1,1,1
1639,3,663,337,280,65,1,1,1,1
1639,4,830,374,55,45,1,1,1,1
1640,0,10,344,180,115,1,1,1,1
1640,1,280,345,90,60,1,1,1,1
1640,2,472,337,60,45,1,1,1,1
1640,3,663,337,280,65,1,1,1,1
1640,4,830,374,55,45,1,1,1,1
1641,0,10,344,180,115,1,1,1,1
1641,1,280,345,90,60,1,1,1,1
1641,2,472,337,60,45,1,1,1,1
1641,3,663,337,280,65,1,1,1,1
1641,4,830,374,55,45,1,1,1,1
1642,0,10,344,180,115,1,1,1,1
1642,1,280,345,90,60,1,1,1,1
1642,2,472,337,60,45,1,1,1,1
1642,3,663,337,280,65,1,1,1,1
1642,4,830,374,55,45,1,1,1,1
1643,0,10,344,180,115,1,1,1,1
1643,1,280,345,90,60,1,1,1,1
1643,2,472,337,60,45,1,1,1,1
1643,3,663,337,280,65,1,1,1,1
1643,4,830,374,55,45,1,1,1,1
1644,0,10,344,180,115,1,1,1,1
1644,1,280,345,90,60,1,1,1,1
1644,2,472,337,60,45,1,1,1,1
1644,3,663,337,280,65,1,1,1,1
1644,4,830,374,55,45,1,1,1,1
1645,0,10,344,180,115,1,1,1,1
1645,1,280,345,90,60,1,1,1,1
1645,2,472,337,60,45,1,1,1,1
1645,3,663,337,280,65,1,1,1,1
1645,4,830,374,55,45,1,1,1,1
1646,0,10,344,180,115,1,1,1,1
1646,1,280,345,90,60,1,1,1,1
1646,2,472,337,60,45,1,1,1,1
1646,3,663,337,280,65,1,1,1,1
1646,4,830,374,55,45,1,1,1,1
1647,0,10,344,180,115,1,1,1,1
1647,1,280,345,90,60,1,1,1,1
1647,2,472,337,60,45,1,1,1,1
1647,3,663,337,280,65,1,1,1,1
1647,4,830,374,55,45,1,1,1,1
1648,0,10,344,180,115,1,1,1,1
1648,1,280,345,90,60,1,1,1,1
1648,2,472,337,60,45,1,1,1,1
1648,3,663,337,280,65,1,1,1,1
1648,4,830,374,55,45,1,1,1,1
1649,0,10,344,180,115,1,1,1,1
1649,1,280,345,90,60,1,1,1,1
1649,2,472,337,60,45,1,1,1,1
1649,3,663,337,280,65,1,1,1,1
1649,4,830,374,55,45,1,1,1,1
1650,0,10,344,180,115,1,1,1,1
1650,1,280,345,90,60,1,1,1,1
1650,2,472,337,60,45,1,1,1,1
1650,3,663,337,280,65,1,1,1,1
1650,4,830,374,55,45,1,1,1,1
1651,0,10,344,180,115,1,1,1,1
1651,1,280,345,90,60,1,1,1,1
1651,2,472,337,60,45,1,1,1,1
1651,3,663,337,280,65,1,1,1,1
1651,4,830,374,55,45,1,1,1,1
1652,0,10,345,180,115,1,1,1,1
1652,1,280,345,90,60,1,1,1,1
1652,2,472,337,60,45,1,1,1,1
1652,3,663,337,280,65,1,1,1,1
1652,4,830,375,55,45,1,1,1,1
1653,0,9,345,180,115,1,1,1,1
1653,1,279,345,90,60,1,1,1,1
1653,2,472,337,60,45,1,1,1,1
1653,3,663,337,280,65,1,1,1,1
1653,4,829,375,55,45,1,1,1,1
1654,0,9,345,180,115,1,1,1,1
1654,1,279,345,90,60,1,1,1,1
1654,2,472,337,60,45,1,1,1,1
1654,3,663,337,280,65,1,1,1,1
1654,4,829,375,55,45,1,1,1,1
1655,0,9,345,180,115,1,1,1,1
1655,1,279,345,90,60,1,1,1,1
1655,2,472,337,60,45,1,1,1,1
1655,3,663,337,280,65,1,1,1,1
1655,4,829,375,55,45,1,1,1,1
1656,0,9,345,180,115,1,1,1,1
1656,1,279,345,90,60,1,1,1,1
1656,2,472,337,60,45,1,1,1,1
1656,3,663,337,280,65,1,1,1,1
1656,4,829,375,55,45,1,1,1,1
1657,0,9,345,180,115,1,1,1,1
1657,1,279,345,90,60,1,1,1,1
1657,2,472,337,60,45,1,1,1,1
1657,3,663,337,280,65,1,1,1,1
1657,4,829,375,55,45,1,1,1,1
1658,0,9,345,180,115,1,1,1,1
1658,1,279,345,90,60,1,1,1,1
1658,2,472,337,60,45,1,1,1,1
1658,3,663,337,280,65,1,1,1,1
1658,4,829,375,55,45,1,1,1,1
1659,0,9,345,180,115,1,1,1,1
1659,1,279,345,90,60,1,1,1,1
1659,2,472,337,60,45,1,1,1,1
1659,3,663,337,280,65,1,1,1,1
1659,4,829,375,55,45,1,1,1,1
1660,0,9,345,180,115,1,1,1,1
1660,1,279,345,90,60,1,1,1,1
1660,2,472,337,60,45,1,1,1,1
1660,3,663,337,280,65,1,1,1,1
1660,4,829,375,55,45,1,1,1,1
1661,0,9,345,180,115,1,1,1,1
1661,1,279,345,90,60,1,1,1,1
1661,2,472,337,60,45,1,1,1,1
1661,3,663,337,280,65,1,1,1,1
1661,4,829,375,55,45,1,1,1,1
1662,0,9,345,180,115,1,1,1,1
1662,1,279,345,90,60,1,1,1,1
1662,2,472,337,60,45,1,1,1,1
1662,3,663,337,280,65,1,1,1,1
1662,4,829,375,55,45,1,1,1,1
1663,0,9,345,180,115,1,1,1,1
1663,1,279,345,90,60,1,1,1,1
1663,2,472,337,60,45,1,1,1,1
1663,3,663,337,280,65,1,1,1,1
1663,4,829,375,55,45,1,1,1,1
1664,0,9,345,180,115,1,1,1,1
1664,1,279,345,90,60,1,1,1,1
1664,2,472,337,60,45,1,1,1,1
1664,3,663,337,280,65,1,1,1,1
1664,4,829,375,55,45,1,1,1,1
1665,0,9,345,180,115,1,1,1,1
1665,1,279,345,90,60,1,1,1,1
1665,2,472,337,60,45,1,1,1,1
1665,3,663,337,280,65,1,1,1,1
1665,4,829,375,55,45,1,1,1,1
1666,0,9,345,180,115,1,1,1,1
1666,1,279,345,90,60,1,1,1,1
1666,2,472,337,60,45,1,1,1,1
1666,3,663,337,280,65,1,1,1,1
1666,4,829,375,55,45,1,1,1,1
1667,0,9,345,180,115,1,1,1,1
1667,1,279,345,90,60,1,1,1,1
1667,2,472,337,60,45,1,1,1,1
1667,3,663,337,280,65,1,1,1,1
1667,4,829,375,55,45,1,1,1,1
1668,0,8,345,180,115,1,1,1,1
1668,1,279,345,90,60,1,1,1,1
1668,2,472,337,60,45,1,1,1,1
1668,3,663,337,280,65,1,1,1,1
1668,4,829,375,55,45,1,1,1,1
1669,0,8,345,180,115,1,1,1,1
1669,1,279,345,90,60,1,1,1,1
1669,2,472,337,60,45,1,1,1,1
1669,3,663,337,280,65,1,1,1,1
1669,4,829,375,55,45,1,1,1,1
1670,0,8,345,180,115,1,1,1,1
1670,1,279,345,90,60,1,1,1,1
1670,2,472,337,60,45,1,1,1,1
1670,3,663,337,280,65,1,1,1,1
1670,4,829,375,55,45,1,1,1,1
1671,0,8,345,180,115,1,1,1,1
1671,1,279,345,90,60,1,1,1,1
1671,2,472,337,60,45,1,1,1,1
1671,3,663,337,280,65,1,1,1,1
1671,4,829,375,55,45,1,1,1,1
1672,0,8,345,180,115,1,1,1,1
1672,1,279,345,90,60,1,1,1,1
1672,2,472,337,60,45,1,1,1,1
1672,3,663,337,280,65,1,1,1,1
1672,4,829,375,55,45,1,1,1,1
1673,0,8,345,180,115,1,1,1,1
1673,1,279,345,90,60,1,1,1,1
1673,2,472,337,60,45,1,1,1,1
1673,3,663,337,280,65,1,1,1,1
1673,4,828,375,55,45,1,1,1,1
1674,0,8,345,180,115,1,1,1,1
1674,1,279,345,90,60,1,1,1,1
1674,2,472,337,60,45,1,1,1,1
1674,3,663,337,280,65,1,1,1,1
1674,4,828,375,55,45,1,1,1,1
1675,0,8,345,180,115,1,1,1,1
1675,1,279,345,90,60,1,1,1,1
1675,2,472,337,60,45,1,1,1,1
1675,3,663,337,280,65,1,1,1,1
1675,4,828,375,55,45,1,1,1,1
1676,0,8,345,180,115,1,1,1,1
1676,1,279,345,90,60,1,1,1,1
1676,2,472,337,60,45,1,1,1,1
1676,3,663,337,280,65,1,1,1,1
1676,4,828,375,55,45,1,1,1,1
1677,0,8,345,180,115,1,1,1,1
1677,1,279,345,90,60,1,1,1,1
1677,2,472,337,60,45,1,1,1,1
1677,3,663,337,280,65,1,1,1,1
1677,4,828,375,55,45,1,1,1,1
1678,0,8,345,180,115,1,1,1,1
1678,1,279,345,90,60,1,1,1,1
1678,2,472,337,60,45,1,1,1,1
1678,3,663,337,280,65,1,1,1,1
1678,4,828,375,55,45,1,1,1,1
1679,0,8,345,180,115,1,1,1,1
1679,1,279,345,90,60,1,1,1,1
1679,2,472,337,60,45,1,1,1,1
1679,3,663,337,280,65,1,1,1,1
1679,4,828,375,55,45,1,1,1,1
1680,0,8,345,180,115,1,1,1,1
1680,1,279,345,90,60,1,1,1,1
1680,2,472,337,60,45,1,1,1,1
1680,3,663,337,280,65,1,1,1,1
1680,4,828,375,55,45,1,1,1,1
1681,0,8,345,180,115,1,1,1,1
1681,1,279,345,90,60,1,1,1,1
1681,2,472,337,60,45,1,1,1,1
1681,3,663,337,280,65,1,1,1,1
1681,4,828,375,55,45,1,1,1,1
1682,0,8,345,180,115,1,1,1,1
1682,1,279,345,90,60,1,1,1,1
1682,2,472,337,60,45,1,1,1,1
1682,3,663,337,280,65,1,1,1,1
1682,4,828,375,55,45,1,1,1,1
1683,0,7,345,180,115,1,1,1,1
1683,1,278,345,90,60,1,1,1,1
1683,2,471,337,60,45,1,1,1,1
1683,3,663,337,280,65,1,1,1,1
1683,4,828,375,55,45,1,1,1,1
1684,0,7,345,180,115,1,1,1,1
1684,1,278,345,90,60,1,1,1,1
1684,2,471,337,60,45,1,1,1,1
1684,3,663,337,280,65,1,1,1,1
1684,4,828,375,55,45,1,1,1,1
1685,0,7,345,180,115,1,1,1,1
1685,1,278,345,90,60,1,1,1,1
1685,2,471,337,60,45,1,1,1,1
1685,3,663,337,280,65,1,1,1,1
1685,4,828,375,55,45,1,1,1,1
1686,0,7,345,180,115,1,1,1,1
1686,1,278,345,90,60,1,1,1,1
1686,2,471,337,60,45,1,1,1,1
1686,3,663,337,280,65,1,1,1,1
1686,4,828,375,55,45,1,1,1,1
1687,0,7,345,180,115,1,1,1,1
1687,1,278,345,90,60,1,1,1,1
1687,2,471,337,60,45,1,1,1,1
1687,3,663,337,280,65,1,1,1,1
1687,4,828,375,55,45,1,1,1,1
1688,0,7,345,180,115,1,1,1,1
1688,1,278,345,90,60,1,1,1,1
1688,2,471,337,60,45,1,1,1,1
1688,3,663,337,280,65,1,1,1,1
1688,4,828,375,55,45,1,1,1,1
1689,0,7,345,180,115,1,1,1,1
1689,1,278,345,90,60,1,1,1,1
1689,2,471,337,60,45,1,1,1,1
1689,3,663,337,280,65,1,1,1,1
1689,4,828,375,55,45,1,1,1,1
1690,0,7,345,180,115,1,1,1,1
1690,1,278,345,90,60,1,1,1,1
1690,2,471,337,60,45,1,1,1,1
1690,3,663,337,280,65,1,1,1,1
1690,4,828,375,55,45,1,1,1,1
1691,0,7,345,180,115,1,1,1,1
1691,1,278,345,90,60,1,1,1,1
1691,2,471,337,60,45,1,1,1,1
1691,3,663,337,280,65,1,1,1,1
1691,4,828,375,55,45,1,1,1,1
1692,0,7,345,180,115,1,1,1,1
1692,1,278,345,90,60,1,1,1,1
1692,2,471,337,60,45,1,1,1,1
1692,3,663,337,280,65,1,1,1,1
1692,4,828,375,55,45,1,1,1,1
1693,0,7,345,180,115,1,1,1,1
1693,1,278,345,90,60,1,1,1,1
1693,2,471,337,60,45,1,1,1,1
1693,3,663,337,280,65,1,1,1,1
1693,4,827,375,55,45,1,1,1,1
1694,0,7,345,180,115,1,1,1,1
1694,1,278,345,90,60,1,1,1,1
1694,2,471,337,60,45,1,1,1,1
1694,3,663,337,280,65,1,1,1,1
1694,4,827,375,55,45,1,1,1,1
1695,0,7,345,180,115,1,1,1,1
1695,1,278,345,90,60,1,1,1,1
1695,2,471,337,60,45,1,1,1,1
1695,3,663,337,280,65,1,1,1,1
1695,4,827,375,55,45,1,1,1,1
1696,0,7,345,180,115,1,1,1,1
1696,1,278,345,90,60,1,1,1,1
1696,2,471,337,60,45,1,1,1,1
1696,3,663,337,280,65,1,1,1,1
1696,4,827,375,55,45,1,1,1,1
1697,0,7,345,180,115,1,1,1,1
1697,1,278,345,90,60,1,1,1,1
1697,2,471,337,60,45,1,1,1,1
1697,3,663,337,280,65,1,1,1,1
1697,4,827,375,55,45,1,1,1,1
1698,0,6,345,180,115,1,1,1,1
1698,1,278,345,90,60,1,1,1,1
1698,2,471,337,60,45,1,1,1,1
1698,3,663,337,280,65,1,1,1,1
1698,4,827,375,55,45,1,1,1,1
1699,0,6,345,180,115,1,1,1,1
1699,1,278,345,90,60,1,1,1,1
1699,2,471,337,60,45,1,1,1,1
1699,3,663,337,280,65,1,1,1,1
1699,4,827,375,55,45,1,1,1,1
1700,0,6,345,180,115,1,1,1,1
1700,1,278,345,90,60,1,1,1,1
1700,2,471,337,60,45,1,1,1,1
1700,3,663,337,280,65,1,1,1,1
1700,4,827,375,55,45,1,1,1,1
1701,0,6,345,180,115,1,1,1,1
1701,1,278,345,90,60,1,1,1,1
1701,2,471,337,60,45,1,1,1,1
1701,3,663,337,280,65,1,1,1,1
1701,4,827,375,55,45,1,1,1,1
1702,0,6,345,180,115,1,1,1,1
1702,1,278,345,90,60,1,1,1,1
1702,2,471,337,60,45,1,1,1,1
1702,3,663,337,280,65,1,1,1,1
1702,4,827,375,55,45,1,1,1,1
1703,0,6,345,180,115,1,1,1,1
1703,1,278,345,90,60,1,1,1,1
1703,2,471,337,60,45,1,1,1,1
1703,3,662,337,280,65,1,1,1,1
1703,4,827,375,55,45,1,1,1,1
1704,0,6,345,180,115,1,1,1,1
1704,1,278,345,90,60,1,1,1,1
1704,2,471,337,60,45,1,1,1,1
1704,3,662,337,280,65,1,1,1,1
1704,4,827,375,55,45,1,1,1,1
1705,0,6,345,180,115,1,1,1,1
1705,1,278,345,90,60,1,1,1,1
1705,2,471,337,60,45,1,1,1,1
1705,3,662,337,280,65,1,1,1,1
1705,4,827,375,55,45,1,1,1,1
1706,0,6,345,180,115,1,1,1,1
1706,1,278,345,90,60,1,1,1,1
1706,2,471,337,60,45,1,1,1,1
1706,3,662,337,280,65,1,1,1,1
1706,4,827,375,55,45,1,1,1,1
1707,0,6,345,180,115,1,1,1,1
1707,1,278,345,90,60,1,1,1,1
1707,2,471,337,60,45,1,1,1,1
1707,3,662,337,280,65,1,1,1,1
1707,4,827,375,55,45,1,1,1,1
1708,0,6,345,180,115,1,1,1,1
1708,1,278,345,90,60,1,1,1,1
1708,2,471,337,60,45,1,1,1,1
1708,3,662,337,280,65,1,1,1,1
1708,4,827,375,55,45,1,1,1,1
1709,0,6,345,180,115,1,1,1,1
1709,1,278,345,90,60,1,1,1,1
1709,2,471,337,60,45,1,1,1,1
1709,3,662,337,280,65,1,1,1,1
1709,4,827,375,55,45,1,1,1,1
1710,0,6,345,180,115,1,1,1,1
1710,1,278,345,90,60,1,1,1,1
1710,2,471,337,60,45,1,1,1,1
1710,3,662,337,280,65,1,1,1,1
1710,4,827,375,55,45,1,1,1,1
1711,0,6,345,180,115,1,1,1,1
1711,1,278,345,90,60,1,1,1,1
1711,2,471,337,60,45,1,1,1,1
1711,3,662,337,280,65,1,1,1,1
1711,4,827,375,55,45,1,1,1,1
1712,0,6,346,180,115,1,1,1,1
1712,1,278,345,90,60,1,1,1,1
1712,2,471,337,60,45,1,1,1,1
1712,3,662,337,280,65,1,1,1,1
1712,4,827,376,55,45,1,1,1,1
1713,0,5,346,180,115,1,1,1,1
1713,1,277,345,90,60,1,1,1,1
1713,2,471,337,60,45,1,1,1,1
1713,3,662,337,280,65,1,1,1,1
1713,4,826,376,55,45,1,1,1,1
1714,0,5,346,180,115,1,1,1,1
1714,1,277,345,90,60,1,1,1,1
1714,2,471,337,60,45,1,1,1,1
1714,3,662,337,280,65,1,1,1,1
1714,4,826,376,55,45,1,1,1,1
1715,0,5,346,180,115,1,1,1,1
1715,1,277,345,90,60,1,1,1,1
1715,2,471,337,60,45,1,1,1,1
1715,3,662,337,280,65,1,1,1,1
1715,4,826,376,55,45,1,1,1,1
1716,0,5,346,180,115,1,1,1,1
1716,1,277,345,90,60,1,1,1,1
1716,2,471,337,60,45,1,1,1,1
1716,3,662,337,280,65,1,1,1,1
1716,4,826,376,55,45,1,1,1,1
1717,0,5,346,180,115,1,1,1,1
1717,1,277,345,90,60,1,1,1,1
1717,2,471,337,60,45,1,1,1,1
1717,3,662,337,280,65,1,1,1,1
1717,4,826,376,55,45,1,1,1,1
1718,0,5,346,180,115,1,1,1,1
1718,1,277,345,90,60,1,1,1,1
1718,2,471,337,60,45,1,1,1,1
1718,3,662,337,280,65,1,1,1,1
1718,4,826,376,55,45,1,1,1,1
1719,0,5,346,180,115,1,1,1,1
1719,1,277,345,90,60,1,1,1,1
1719,2,471,337,60,45,1,1,1,1
1719,3,662,337,280,65,1,1,1,1
1719,4,826,376,55,45,1,1,1,1
1720,0,5,346,180,115,1,1,1,1
1720,1,277,345,90,60,1,1,1,1
1720,2,471,337,60,45,1,1,1,1
1720,3,662,337,280,65,1,1,1,1
1720,4,826,376,55,45,1,1,1,1
1721,0,5,346,180,115,1,1,1,1
1721,1,277,345,90,60,1,1,1,1
1721,2,471,337,60,45,1,1,1,1
1721,3,662,337,280,65,1,1,1,1
1721,4,826,376,55,45,1,1,1,1
1722,0,5,346,180,115,1,1,1,1
1722,1,277,345,90,60,1,1,1,1
1722,2,471,337,60,45,1,1,1,1
1722,3,662,337,280,65,1,1,1,1
1722,4,826,376,55,45,1,1,1,1
1723,0,5,346,180,115,1,1,1,1
1723,1,277,345,90,60,1,1,1,1
1723,2,471,337,60,45,1,1,1,1
1723,3,662,337,280,65,1,1,1,1
1723,4,826,376,55,45,1,1,1,1
1724,0,5,346,180,115,1,1,1,1
1724,1,277,345,90,60,1,1,1,1
1724,2,471,337,60,45,1,1,1,1
1724,3,662,337,280,65,1,1,1,1
1724,4,826,376,55,45,1,1,1,1
1725,0,5,346,180,115,1,1,1,1
1725,1,277,345,90,60,1,1,1,1
1725,2,471,337,60,45,1,1,1,1
1725,3,662,337,280,65,1,1,1,1
1725,4,826,376,55,45,1,1,1,1
1726,0,5,346,180,115,1,1,1,1
1726,1,277,345,90,60,1,1,1,1
1726,2,471,337,60,45,1,1,1,1
1726,3,662,337,280,65,1,1,1,1
1726,4,826,376,55,45,1,1,1,1
1727,0,5,346,180,115,1,1,1,1
1727,1,277,345,90,60,1,1,1,1
1727,2,471,337,60,45,1,1,1,1
1727,3,662,337,280,65,1,1,1,1
1727,4,826,376,55,45,1,1,1,1
1728,0,4,346,180,115,1,1,1,1
1728,1,277,345,90,60,1,1,1,1
1728,2,471,337,60,45,1,1,1,1
1728,3,662,337,280,65,1,1,1,1
1728,4,826,376,55,45,1,1,1,1
1729,0,4,346,180,115,1,1,1,1
1729,1,277,345,90,60,1,1,1,1
1729,2,471,337,60,45,1,1,1,1
1729,3,662,337,280,65,1,1,1,1
1729,4,826,376,55,45,1,1,1,1
1730,0,4,346,180,115,1,1,1,1
1730,1,277,345,90,60,1,1,1,1
1730,2,471,337,60,45,1,1,1,1
1730,3,662,337,280,65,1,1,1,1
1730,4,826,376,55,45,1,1,1,1
1731,0,4,346,180,115,1,1,1,1
1731,1,277,345,90,60,1,1,1,1
1731,2,471,337,60,45,1,1,1,1
1731,3,662,337,280,65,1,1,1,1
1731,4,826,376,55,45,1,1,1,1
1732,0,4,346,180,115,1,1,1,1
1732,1,277,345,90,60,1,1,1,1
1732,2,471,337,60,45,1,1,1,1
1732,3,662,337,280,65,1,1,1,1
1732,4,826,376,55,45,1,1,1,1
1733,0,4,346,180,115,1,1,1,1
1733,1,277,345,90,60,1,1,1,1
1733,2,471,337,60,45,1,1,1,1
1733,3,662,337,280,65,1,1,1,1
1733,4,825,376,55,45,1,1,1,1
1734,0,4,346,180,115,1,1,1,1
1734,1,277,345,90,60,1,1,1,1
1734,2,471,337,60,45,1,1,1,1
1734,3,662,337,280,65,1,1,1,1
1734,4,825,376,55,45,1,1,1,1
1735,0,4,346,180,115,1,1,1,1
1735,1,277,345,90,60,1,1,1,1
1735,2,471,337,60,45,1,1,1,1
1735,3,662,337,280,65,1,1,1,1
1735,4,825,376,55,45,1,1,1,1
1736,0,4,346,180,115,1,1,1,1
1736,1,277,345,90,60,1,1,1,1
1736,2,471,337,60,45,1,1,1,1
1736,3,662,337,280,65,1,1,1,1
1736,4,825,376,55,45,1,1,1,1
1737,0,4,346,180,115,1,1,1,1
1737,1,277,345,90,60,1,1,1,1
1737,2,471,337,60,45,1,1,1,1
1737,3,662,337,280,65,1,1,1,1
1737,4,825,376,55,45,1,1,1,1
1738,0,4,346,180,115,1,1,1,1
1738,1,277,345,90,60,1,1,1,1
1738,2,471,337,60,45,1,1,1,1
1738,3,662,337,280,65,1,1,1,1
1738,4,825,376,55,45,1,1,1,1
1739,0,4,346,180,115,1,1,1,1
1739,1,277,345,90,60,1,1,1,1
1739,2,471,337,60,45,1,1,1,1
1739,3,662,337,280,65,1,1,1,1
1739,4,825,376,55,45,1,1,1,1
1740,0,4,346,180,115,1,1,1,1
1740,1,277,345,90,60,1,1,1,1
1740,2,471,337,60,45,1,1,1,1
1740,3,662,337,280,65,1,1,1,1
1740,4,825,376,55,45,1,1,1,1
1741,0,4,346,180,115,1,1,1,1
1741,1,277,345,90,60,1,1,1,1
1741,2,471,337,60,45,1,1,1,1
1741,3,662,337,280,65,1,1,1,1
1741,4,825,376,55,45,1,1,1,1
1742,0,4,346,180,115,1,1,1,1
1742,1,277,345,90,60,1,1,1,1
1742,2,471,337,60,45,1,1,1,1
1742,3,662,337,280,65,1,1,1,1
1742,4,825,376,55,45,1,1,1,1
1743,0,3,346,180,115,1,1,1,1
1743,1,276,345,90,60,1,1,1,1
1743,2,470,337,60,45,1,1,1,1
1743,3,662,337,280,65,1,1,1,1
1743,4,825,376,55,45,1,1,1,1
1744,0,3,346,180,115,1,1,1,1
1744,1,276,345,90,60,1,1,1,1
1744,2,470,337,60,45,1,1,1,1
1744,3,662,337,280,65,1,1,1,1
1744,4,825,376,55,45,1,1,1,1
1745,0,3,346,180,115,1,1,1,1
1745,1,276,345,90,60,1,1,1,1
1745,2,470,337,60,45,1,1,1,1
1745,3,662,337,280,65,1,1,1,1
1745,4,825,376,55,45,1,1,1,1
1746,0,3,346,180,115,1,1,1,1
1746,1,276,345,90,60,1,1,1,1
1746,2,470,337,60,45,1,1,1,1
1746,3,662,337,280,65,1,1,1,1
1746,4,825,376,55,45,1,1,1,1
1747,0,3,346,180,115,1,1,1,1
1747,1,276,345,90,60,1,1,1,1
1747,2,470,337,60,45,1,1,1,1
1747,3,662,337,280,65,1,1,1,1
1747,4,825,376,55,45,1,1,1,1
1748,0,3,346,180,115,1,1,1,1
1748,1,276,345,90,60,1,1,1,1
1748,2,470,337,60,45,1,1,1,1
1748,3,662,337,280,65,1,1,1,1
1748,4,825,376,55,45,1,1,1,1
1749,0,3,346,180,115,1,1,1,1
1749,1,276,345,90,60,1,1,1,1
1749,2,470,337,60,45,1,1,1,1
1749,3,662,337,280,65,1,1,1,1
1749,4,825,376,55,45,1,1,1,1
1750,0,3,346,180,115,1,1,1,1
1750,1,276,345,90,60,1,1,1,1
1750,2,470,337,60,45,1,1,1,1
1750,3,662,337,280,65,1,1,1,1
1750,4,825,376,55,45,1,1,1,1
1751,0,3,346,180,115,1,1,1,1
1751,1,276,345,90,60,1,1,1,1
1751,2,470,337,60,45,1,1,1,1
1751,3,662,337,280,65,1,1,1,1
1751,4,825,376,55,45,1,1,1,1
1752,0,3,346,180,115,1,1,1,1
1752,1,276,345,90,60,1,1,1,1
1752,2,470,337,60,45,1,1,1,1
1752,3,662,337,280,65,1,1,1,1
1752,4,825,376,55,45,1,1,1,1
1753,0,3,346,180,115,1,1,1,1
1753,1,276,345,90,60,1,1,1,1
1753,2,470,337,60,45,1,1,1,1
1753,3,662,337,280,65,1,1,1,1
1753,4,824,376,55,45,1,1,1,1
1754,0,3,346,180,115,1,1,1,1
1754,1,276,345,90,60,1,1,1,1
1754,2,470,337,60,45,1,1,1,1
1754,3,662,337,280,65,1,1,1,1
1754,4,824,376,55,45,1,1,1,1
1755,0,3,346,180,115,1,1,1,1
1755,1,276,345,90,60,1,1,1,1
1755,2,470,337,60,45,1,1,1,1
1755,3,662,337,280,65,1,1,1,1
1755,4,824,376,55,45,1,1,1,1
1756,0,3,346,180,115,1,1,1,1
1756,1,276,345,90,60,1,1,1,1
1756,2,470,337,60,45,1,1,1,1
1756,3,662,337,280,65,1,1,1,1
1756,4,824,376,55,45,1,1,1,1
1757,0,3,346,180,115,1,1,1,1
1757,1,276,345,90,60,1,1,1,1
1757,2,470,337,60,45,1,1,1,1
1757,3,662,337,280,65,1,1,1,1
1757,4,824,376,55,45,1,1,1,1
1758,0,2,346,180,115,1,1,1,1
1758,1,276,345,90,60,1,1,1,1
1758,2,470,337,60,45,1,1,1,1
1758,3,662,337,280,65,1,1,1,1
1758,4,824,376,55,45,1,1,1,1
1759,0,2,346,180,115,1,1,1,1
1759,1,276,345,90,60,1,1,1,1
1759,2,470,337,60,45,1,1,1,1
1759,3,662,337,280,65,1,1,1,1
1759,4,824,376,55,45,1,1,1,1
1760,0,2,346,180,115,1,1,1,1
1760,1,276,345,90,60,1,1,1,1
1760,2,470,337,60,45,1,1,1,1
1760,3,662,337,280,65,1,1,1,1
1760,4,824,376,55,45,1,1,1,1
1761,0,2,346,180,115,1,1,1,1
1761,1,276,345,90,60,1,1,1,1
1761,2,470,337,60,45,1,1,1,1
1761,3,662,337,280,65,1,1,1,1
1761,4,824,376,55,45,1,1,1,1
1762,0,2,346,180,115,1,1,1,1
1762,1,276,345,90,60,1,1,1,1
1762,2,470,337,60,45,1,1,1,1
1762,3,662,337,280,65,1,1,1,1
1762,4,824,376,55,45,1,1,1,1
1763,0,2,346,180,115,1,1,1,1
1763,1,276,345,90,60,1,1,1,1
1763,2,470,337,60,45,1,1,1,1
1763,3,662,337,280,65,1,1,1,1
1763,4,824,376,55,45,1,1,1,1
1764,0,2,346,180,115,1,1,1,1
1764,1,276,345,90,60,1,1,1,1
1764,2,470,337,60,45,1,1,1,1
1764,3,662,337,280,65,1,1,1,1
1764,4,824,376,55,45,1,1,1,1
1765,0,2,346,180,115,1,1,1,1
1765,1,276,345,90,60,1,1,1,1
1765,2,470,337,60,45,1,1,1,1
1765,3,662,337,280,65,1,1,1,1
1765,4,824,376,55,45,1,1,1,1
1766,0,2,346,180,115,1,1,1,1
1766,1,276,345,90,60,1,1,1,1
1766,2,470,337,60,45,1,1,1,1
1766,3,662,337,280,65,1,1,1,1
1766,4,824,376,55,45,1,1,1,1
1767,0,2,346,180,115,1,1,1,1
1767,1,276,345,90,60,1,1,1,1
1767,2,470,337,60,45,1,1,1,1
1767,3,662,337,280,65,1,1,1,1
1767,4,824,376,55,45,1,1,1,1
1768,0,2,346,180,115,1,1,1,1
1768,1,276,345,90,60,1,1,1,1
1768,2,470,337,60,45,1,1,1,1
1768,3,662,337,280,65,1,1,1,1
1768,4,824,376,55,45,1,1,1,1
1769,0,2,346,180,115,1,1,1,1
1769,1,276,345,90,60,1,1,1,1
1769,2,470,337,60,45,1,1,1,1
1769,3,662,337,280,65,1,1,1,1
1769,4,824,376,55,45,1,1,1,1
1770,0,2,346,180,115,1,1,1,1
1770,1,276,345,90,60,1,1,1,1
1770,2,470,337,60,45,1,1,1,1
1770,3,662,337,280,65,1,1,1,1
1770,4,824,376,55,45,1,1,1,1
1771,0,2,346,180,115,1,1,1,1
1771,1,276,345,90,60,1,1,1,1
1771,2,470,337,60,45,1,1,1,1
1771,3,662,337,280,65,1,1,1,1
1771,4,824,376,55,45,1,1,1,1
1772,0,2,347,180,115,1,1,1,1
1772,1,276,345,90,60,1,1,1,1
1772,2,470,337,60,45,1,1,1,1
1772,3,662,337,280,65,1,1,1,1
1772,4,824,377,55,45,1,1,1,1
1773,0,1,347,180,115,1,1,1,1
1773,1,275,345,90,60,1,1,1,1
1773,2,470,337,60,45,1,1,1,1
1773,3,662,337,280,65,1,1,1,1
1773,4,823,377,55,45,1,1,1,1
1774,0,1,347,180,115,1,1,1,1
1774,1,275,345,90,60,1,1,1,1
1774,2,470,337,60,45,1,1,1,1
1774,3,662,337,280,65,1,1,1,1
1774,4,823,377,55,45,1,1,1,1
1775,0,1,347,180,115,1,1,1,1
1775,1,275,345,90,60,1,1,1,1
1775,2,470,337,60,45,1,1,1,1
1775,3,662,337,280,65,1,1,1,1
1775,4,823,377,55,45,1,1,1,1
1776,0,1,347,180,115,1,1,1,1
1776,1,275,345,90,60,1,1,1,1
1776,2,470,337,60,45,1,1,1,1
1776,3,662,337,280,65,1,1,1,1
1776,4,823,377,55,45,1,1,1,1
1777,0,1,347,180,115,1,1,1,1
1777,1,275,345,90,60,1,1,1,1
1777,2,470,337,60,45,1,1,1,1
1777,3,662,337,280,65,1,1,1,1
1777,4,823,377,55,45,1,1,1,1
1778,0,1,347,180,115,1,1,1,1
1778,1,275,345,90,60,1,1,1,1
1778,2,470,337,60,45,1,1,1,1
1778,3,662,337,280,65,1,1,1,1
1778,4,823,377,55,45,1,1,1,1
1779,0,1,347,180,115,1,1,1,1
1779,1,275,345,90,60,1,1,1,1
1779,2,470,337,60,45,1,1,1,1
1779,3,662,337,280,65,1,1,1,1
1779,4,823,377,55,45,1,1,1,1
1780,0,1,347,180,115,1,1,1,1
1780,1,275,345,90,60,1,1,1,1
1780,2,470,337,60,45,1,1,1,1
1780,3,662,337,280,65,1,1,1,1
1780,4,823,377,55,45,1,1,1,1
1781,0,1,347,180,115,1,1,1,1
1781,1,275,345,90,60,1,1,1,1
1781,2,470,337,60,45,1,1,1,1
1781,3,662,337,280,65,1,1,1,1
1781,4,823,377,55,45,1,1,1,1
1782,0,1,347,180,115,1,1,1,1
1782,1,275,345,90,60,1,1,1,1
1782,2,470,337,60,45,1,1,1,1
1782,3,662,337,280,65,1,1,1,1
1782,4,823,377,55,45,1,1,1,1
1783,0,1,347,180,115,1,1,1,1
1783,1,275,345,90,60,1,1,1,1
1783,2,470,337,60,45,1,1,1,1
1783,3,662,337,280,65,1,1,1,1
1783,4,823,377,55,45,1,1,1,1
1784,0,1,347,180,115,1,1,1,1
1784,1,275,345,90,60,1,1,1,1
1784,2,470,337,60,45,1,1,1,1
1784,3,662,337,280,65,1,1,1,1
1784,4,823,377,55,45,1,1,1,1
1785,0,1,347,180,115,1,1,1,1
1785,1,275,345,90,60,1,1,1,1
1785,2,470,337,60,45,1,1,1,1
1785,3,662,337,280,65,1,1,1,1
1785,4,823,377,55,45,1,1,1,1
1786,0,1,347,180,115,1,1,1,1
1786,1,275,345,90,60,1,1,1,1
1786,2,470,337,60,45,1,1,1,1
1786,3,662,337,280,65,1,1,1,1
1786,4,823,377,55,45,1,1,1,1
1787,0,1,347,180,115,1,1,1,1
1787,1,275,345,90,60,1,1,1,1
1787,2,470,337,60,45,1,1,1,1
1787,3,662,337,280,65,1,1,1,1
1787,4,823,377,55,45,1,1,1,1
1788,0,0,347,180,115,1,1,1,1
1788,1,275,345,90,60,1,1,1,1
1788,2,470,337,60,45,1,1,1,1
1788,3,662,337,280,65,1,1,1,1
1788,4,823,377,55,45,1,1,1,1
1789,0,0,347,180,115,1,1,1,1
1789,1,275,345,90,60,1,1,1,1
1789,2,470,337,60,45,1,1,1,1
1789,3,662,337,280,65,1,1,1,1
1789,4,823,377,55,45,1,1,1,1
1790,0,0,347,180,115,1,1,1,1
1790,1,275,345,90,60,1,1,1,1
1790,2,470,337,60,45,1,1,1,1
1790,3,662,337,280,65,1,1,1,1
1790,4,823,377,55,45,1,1,1,1
1791,0,0,347,180,115,1,1,1,1
1791,1,275,345,90,60,1,1,1,1
1791,2,470,337,60,45,1,1,1,1
1791,3,662,337,280,65,1,1,1,1
1791,4,823,377,55,45,1,1,1,1
1792,0,0,347,180,115,1,1,1,1
1792,1,275,345,90,60,1,1,1,1
1792,2,470,337,60,45,1,1,1,1
1792,3,662,337,280,65,1,1,1,1
1792,4,823,377,55,45,1,1,1,1
1793,0,0,347,180,115,1,1,1,1
1793,1,275,345,90,60,1,1,1,1
1793,2,470,337,60,45,1,1,1,1
1793,3,662,337,280,65,1,1,1,1
1793,4,822,377,55,45,1,1,1,1
1794,0,0,347,180,115,1,1,1,1
1794,1,275,345,90,60,1,1,1,1
1794,2,470,337,60,45,1,1,1,1
1794,3,662,337,280,65,1,1,1,1
1794,4,822,377,55,45,1,1,1,1
1795,0,0,347,180,115,1,1,1,1
1795,1,275,345,90,60,1,1,1,1
1795,2,470,337,60,45,1,1,1,1
1795,3,662,337,280,65,1,1,1,1
1795,4,822,377,55,45,1,1,1,1
1796,0,0,347,180,115,1,1,1,1
1796,1,275,345,90,60,1,1,1,1
1796,2,470,337,60,45,1,1,1,1
1796,3,662,337,280,65,1,1,1,1
1796,4,822,377,55,45,1,1,1,1
1797,0,0,347,180,115,1,1,1,1
1797,1,275,345,90,60,1,1,1,1
1797,2,470,337,60,45,1,1,1,1
1797,3,662,337,280,65,1,1,1,1
1797,4,822,377,55,45,1,1,1,1
1798,0,0,347,180,115,1,1,1,1
1798,1,275,345,90,60,1,1,1,1
1798,2,470,337,60,45,1,1,1,1
1798,3,662,337,280,65,1,1,1,1
1798,4,822,377,55,45,1,1,1,1
1799,0,0,347,180,115,1,1,1,1
1799,1,275,345,90,60,1,1,1,1
1799,2,470,337,60,45,1,1,1,1
1799,3,662,337,280,65,1,1,1,1
1799,4,822,377,55,45,1,1,1,1
1800,0,0,347,180,115,1,1,1,1
1800,1,275,345,90,60,1,1,1,1
1800,2,470,337,60,45,1,1,1,1
1800,3,662,337,280,65,1,1,1,1
1800,4,822,377,55,45,1,1,1,1
1801,0,0,347,180,115,1,1,1,1
1801,1,275,345,90,60,1,1,1,1
1801,2,470,337,60,45,1,1,1,1
1801,3,662,337,280,65,1,1,1,1
1801,4,822,377,55,45,1,1,1,1
1802,0,0,347,180,115,1,1,1,1
1802,1,275,345,90,60,1,1,1,1
1802,2,470,337,60,45,1,1,1,1
1802,3,662,337,280,65,1,1,1,1
1802,4,822,377,55,45,1,1,1,1
1803,0,0,347,180,115,1,1,1,1
1803,1,274,345,90,60,1,1,1,1
1803,2,469,337,60,45,1,1,1,1
1803,3,661,337,280,65,1,1,1,1
1803,4,822,377,55,45,1,1,1,1
1804,0,0,347,180,115,1,1,1,1
1804,1,274,345,90,60,1,1,1,1
1804,2,469,337,60,45,1,1,1,1
1804,3,661,337,280,65,1,1,1,1
1804,4,822,377,55,45,1,1,1,1
1805,0,0,347,180,115,1,1,1,1
1805,1,274,345,90,60,1,1,1,1
1805,2,469,337,60,45,1,1,1,1
1805,3,661,337,280,65,1,1,1,1
1805,4,822,377,55,45,1,1,1,1
1806,0,0,347,180,115,1,1,1,1
1806,1,274,345,90,60,1,1,1,1
1806,2,469,337,60,45,1,1,1,1
1806,3,661,337,280,65,1,1,1,1
1806,4,822,377,55,45,1,1,1,1
1807,0,0,347,180,115,1,1,1,1
1807,1,274,345,90,60,1,1,1,1
1807,2,469,337,60,45,1,1,1,1
1807,3,661,337,280,65,1,1,1,1
1807,4,822,377,55,45,1,1,1,1
1808,0,0,347,180,115,1,1,1,1
1808,1,274,345,90,60,1,1,1,1
1808,2,469,337,60,45,1,1,1,1
1808,3,661,337,280,65,1,1,1,1
1808,4,822,377,55,45,1,1,1,1
1809,0,0,347,180,115,1,1,1,1
1809,1,274,345,90,60,1,1,1,1
1809,2,469,337,60,45,1,1,1,1
1809,3,661,337,280,65,1,1,1,1
1809,4,822,377,55,45,1,1,1,1
1810,0,0,347,180,115,1,1,1,1
1810,1,274,345,90,60,1,1,1,1
1810,2,469,337,60,45,1,1,1,1
1810,3,661,337,280,65,1,1,1,1
1810,4,822,377,55,45,1,1,1,1
1811,0,0,347,180,115,1,1,1,1
1811,1,274,345,90,60,1,1,1,1
1811,2,469,337,60,45,1,1,1,1
1811,3,661,337,280,65,1,1,1,1
1811,4,822,377,55,45,1,1,1,1
1812,0,0,347,180,115,1,1,1,1
1812,1,274,345,90,60,1,1,1,1
1812,2,469,337,60,45,1,1,1,1
1812,3,661,337,280,65,1,1,1,1
1812,4,822,377,55,45,1,1,1,1
1813,0,0,347,180,115,1,1,1,1
1813,1,274,345,90,60,1,1,1,1
1813,2,469,337,60,45,1,1,1,1
1813,3,661,337,280,65,1,1,1,1
1813,4,821,377,55,45,1,1,1,1
1814,0,0,347,180,115,1,1,1,1
1814,1,274,345,90,60,1,1,1,1
1814,2,469,337,60,45,1,1,1,1
1814,3,661,337,280,65,1,1,1,1
1814,4,821,377,55,45,1,1,1,1
1815,0,0,347,180,115,1,1,1,1
1815,1,274,345,90,60,1,1,1,1
1815,2,469,337,60,45,1,1,1,1
1815,3,661,337,280,65,1,1,1,1
1815,4,821,377,55,45,1,1,1,1
1816,0,0,347,180,115,1,1,1,1
1816,1,274,345,90,60,1,1,1,1
1816,2,469,337,60,45,1,1,1,1
1816,3,661,337,280,65,1,1,1,1
1816,4,821,377,55,45,1,1,1,1
1817,0,-1,347,180,115,1,1,1,1
1817,1,274,345,90,60,1,1,1,1
1817,2,469,337,60,45,1,1,1,1
1817,3,661,337,280,65,1,1,1,1
1817,4,821,377,55,45,1,1,1,1
1818,0,-1,347,180,115,1,1,1,1
1818,1,274,345,90,60,1,1,1,1
1818,2,469,337,60,45,1,1,1,1
1818,3,661,337,280,65,1,1,1,1
1818,4,821,377,55,45,1,1,1,1
1819,0,-1,347,180,115,1,1,1,1
1819,1,274,345,90,60,1,1,1,1
1819,2,469,337,60,45,1,1,1,1
1819,3,661,337,280,65,1,1,1,1
1819,4,821,377,55,45,1,1,1,1
1820,0,-1,347,180,115,1,1,1,1
1820,1,274,345,90,60,1,1,1,1
1820,2,469,337,60,45,1,1,1,1
1820,3,661,337,280,65,1,1,1,1
1820,4,821,377,55,45,1,1,1,1
1821,0,-1,347,180,115,1,1,1,1
1821,1,274,345,90,60,1,1,1,1
1821,2,469,337,60,45,1,1,1,1
1821,3,661,337,280,65,1,1,1,1
1821,4,821,377,55,45,1,1,1,1
1822,0,-1,347,180,115,1,1,1,1
1822,1,274,345,90,60,1,1,1,1
1822,2,469,337,60,45,1,1,1,1
1822,3,661,337,280,65,1,1,1,1
1822,4,821,377,55,45,1,1,1,1
1823,0,-1,347,180,115,1,1,1,1
1823,1,274,345,90,60,1,1,1,1
1823,2,469,337,60,45,1,1,1,1
1823,3,661,337,280,65,1,1,1,1
1823,4,821,377,55,45,1,1,1,1
1824,0,-1,347,180,115,1,1,1,1
1824,1,274,345,90,60,1,1,1,1
1824,2,469,337,60,45,1,1,1,1
1824,3,661,337,280,65,1,1,1,1
1824,4,821,377,55,45,1,1,1,1
1825,0,-1,347,180,115,1,1,1,1
1825,1,274,345,90,60,1,1,1,1
1825,2,469,337,60,45,1,1,1,1
1825,3,661,337,280,65,1,1,1,1
1825,4,821,377,55,45,1,1,1,1
1826,0,-1,347,180,115,1,1,1,1
1826,1,274,345,90,60,1,1,1,1
1826,2,469,337,60,45,1,1,1,1
1826,3,661,337,280,65,1,1,1,1
1826,4,821,377,55,45,1,1,1,1
1827,0,-1,347,180,115,1,1,1,1
1827,1,274,345,90,60,1,1,1,1
1827,2,469,337,60,45,1,1,1,1
1827,3,661,337,280,65,1,1,1,1
1827,4,821,377,55,45,1,1,1,1
1828,0,-1,347,180,115,1,1,1,1
1828,1,274,345,90,60,1,1,1,1
1828,2,469,337,60,45,1,1,1,1
1828,3,661,337,280,65,1,1,1,1
1828,4,821,377,55,45,1,1,1,1
1829,0,-1,347,180,115,1,1,1,1
1829,1,274,345,90,60,1,1,1,1
1829,2,469,337,60,45,1,1,1,1
1829,3,661,337,280,65,1,1,1,1
1829,4,821,377,55,45,1,1,1,1
1830,0,-1,347,180,115,1,1,1,1
1830,1,274,345,90,60,1,1,1,1
1830,2,469,337,60,45,1,1,1,1
1830,3,661,337,280,65,1,1,1,1
1830,4,821,377,55,45,1,1,1,1
1831,0,-1,347,180,115,1,1,1,1
1831,1,274,345,90,60,1,1,1,1
1831,2,469,337,60,45,1,1,1,1
1831,3,661,337,280,65,1,1,1,1
1831,4,821,377,55,45,1,1,1,1
1832,0,-2,348,180,115,1,1,1,1
1832,1,274,345,90,60,1,1,1,1
1832,2,469,337,60,45,1,1,1,1
1832,3,661,337,280,65,1,1,1,1
1832,4,821,378,55,45,1,1,1,1
1833,0,-2,348,180,115,1,1,1,1
1833,1,273,345,90,60,1,1,1,1
1833,2,469,337,60,45,1,1,1,1
1833,3,661,337,280,65,1,1,1,1
1833,4,820,378,55,45,1,1,1,1
1834,0,-2,348,180,115,1,1,1,1
1834,1,273,345,90,60,1,1,1,1
1834,2,469,337,60,45,1,1,1,1
1834,3,661,337,280,65,1,1,1,1
1834,4,820,378,55,45,1,1,1,1
1835,0,-2,348,180,115,1,1,1,1
1835,1,273,345,90,60,1,1,1,1
1835,2,469,337,60,45,1,1,1,1
1835,3,661,337,280,65,1,1,1,1
1835,4,820,378,55,45,1,1,1,1
1836,0,-2,348,180,115,1,1,1,1
1836,1,273,345,90,60,1,1,1,1
1836,2,469,337,60,45,1,1,1,1
1836,3,661,337,280,65,1,1,1,1
1836,4,820,378,55,45,1,1,1,1
1837,0,-2,348,180,115,1,1,1,1
1837,1,273,345,90,60,1,1,1,1
1837,2,469,337,60,45,1,1,1,1
1837,3,661,337,280,65,1,1,1,1
1837,4,820,378,55,45,1,1,1,1
1838,0,-2,348,180,115,1,1,1,1
1838,1,273,345,90,60,1,1,1,1
1838,2,469,337,60,45,1,1,1,1
1838,3,661,337,280,65,1,1,1,1
1838,4,820,378,55,45,1,1,1,1
1839,0,-2,348,180,115,1,1,1,1
1839,1,273,345,90,60,1,1,1,1
1839,2,469,337,60,45,1,1,1,1
1839,3,661,337,280,65,1,1,1,1
1839,4,820,378,55,45,1,1,1,1
1840,0,-2,348,180,115,1,1,1,1
1840,1,273,345,90,60,1,1,1,1
1840,2,469,337,60,45,1,1,1,1
1840,3,661,337,280,65,1,1,1,1
1840,4,820,378,55,45,1,1,1,1
1841,0,-2,348,180,115,1,1,1,1
1841,1,273,345,90,60,1,1,1,1
1841,2,469,337,60,45,1,1,1,1
1841,3,661,337,280,65,1,1,1,1
1841,4,820,378,55,45,1,1,1,1
1842,0,-2,348,180,115,1,1,1,1
1842,1,273,345,90,60,1,1,1,1
1842,2,469,337,60,45,1,1,1,1
1842,3,661,337,280,65,1,1,1,1
1842,4,820,378,55,45,1,1,1,1
1843,0,-2,348,180,115,1,1,1,1
1843,1,273,345,90,60,1,1,1,1
1843,2,469,337,60,45,1,1,1,1
1843,3,661,337,280,65,1,1,1,1
1843,4,820,378,55,45,1,1,1,1
1844,0,-2,348,180,115,1,1,1,1
1844,1,273,345,90,60,1,1,1,1
1844,2,469,337,60,45,1,1,1,1
1844,3,661,337,280,65,1,1,1,1
1844,4,820,378,55,45,1,1,1,1
1845,0,-2,348,180,115,1,1,1,1
1845,1,273,345,90,60,1,1,1,1
1845,2,469,337,60,45,1,1,1,1
1845,3,661,337,280,65,1,1,1,1
1845,4,820,378,55,45,1,1,1,1
1846,0,-2,348,180,115,1,1,1,1
1846,1,273,345,90,60,1,1,1,1
1846,2,469,337,60,45,1,1,1,1
1846,3,661,337,280,65,1,1,1,1
1846,4,820,378,55,45,1,1,1,1
1847,0,-3,348,180,115,1,1,1,1
1847,1,273,345,90,60,1,1,1,1
1847,2,469,337,60,45,1,1,1,1
1847,3,661,337,280,65,1,1,1,1
1847,4,820,378,55,45,1,1,1,1
1848,0,-3,348,180,115,1,1,1,1
1848,1,273,345,90,60,1,1,1,1
1848,2,469,337,60,45,1,1,1,1
1848,3,661,337,280,65,1,1,1,1
1848,4,820,378,55,45,1,1,1,1
1849,0,-3,348,180,115,1,1,1,1
1849,1,273,345,90,60,1,1,1,1
1849,2,469,337,60,45,1,1,1,1
1849,3,661,337,280,65,1,1,1,1
1849,4,820,378,55,45,1,1,1,1
1850,0,-3,348,180,115,1,1,1,1
1850,1,273,345,90,60,1,1,1,1
1850,2,469,337,60,45,1,1,1,1
1850,3,661,337,280,65,1,1,1,1
1850,4,820,378,55,45,1,1,1,1
1851,0,-3,348,180,115,1,1,1,1
1851,1,273,345,90,60,1,1,1,1
1851,2,469,337,60,45,1,1,1,1
1851,3,661,337,280,65,1,1,1,1
1851,4,820,378,55,45,1,1,1,1
1852,0,-3,348,180,115,1,1,1,1
1852,1,273,345,90,60,1,1,1,1
1852,2,469,337,60,45,1,1,1,1
1852,3,661,337,280,65,1,1,1,1
1852,4,820,378,55,45,1,1,1,1
1853,0,-3,348,180,115,1,1,1,1
1853,1,273,345,90,60,1,1,1,1
1853,2,469,337,60,45,1,1,1,1
1853,3,661,337,280,65,1,1,1,1
1853,4,819,378,55,45,1,1,1,1
1854,0,-3,348,180,115,1,1,1,1
1854,1,273,345,90,60,1,1,1,1
1854,2,469,337,60,45,1,1,1,1
1854,3,661,337,280,65,1,1,1,1
1854,4,819,378,55,45,1,1,1,1
1855,0,-3,348,180,115,1,1,1,1
1855,1,273,345,90,60,1,1,1,1
1855,2,469,337,60,45,1,1,1,1
1855,3,661,337,280,65,1,1,1,1
1855,4,819,378,55,45,1,1,1,1
1856,0,-3,348,180,115,1,1,1,1
1856,1,273,345,90,60,1,1,1,1
1856,2,469,337,60,45,1,1,1,1
1856,3,661,337,280,65,1,1,1,1
1856,4,819,378,55,45,1,1,1,1
1857,0,-3,348,180,115,1,1,1,1
1857,1,273,345,90,60,1,1,1,1
1857,2,469,337,60,45,1,1,1,1
1857,3,661,337,280,65,1,1,1,1
1857,4,819,378,55,45,1,1,1,1
1858,0,-3,348,180,115,1,1,1,1
1858,1,273,345,90,60,1,1,1,1
1858,2,469,337,60,45,1,1,1,1
1858,3,661,337,280,65,1,1,1,1
1858,4,819,378,55,45,1,1,1,1
1859,0,-3,348,180,115,1,1,1,1
1859,1,273,345,90,60,1,1,1,1
1859,2,469,337,60,45,1,1,1,1
1859,3,661,337,280,65,1,1,1,1
1859,4,819,378,55,45,1,1,1,1
1860,0,-3,348,180,115,1,1,1,1
1860,1,273,345,90,60,1,1,1,1
1860,2,469,337,60,45,1,1,1,1
1860,3,661,337,280,65,1,1,1,1
1860,4,819,378,55,45,1,1,1,1
1861,0,-3,348,180,115,1,1,1,1
1861,1,273,345,90,60,1,1,1,1
1861,2,469,337,60,45,1,1,1,1
1861,3,661,337,280,65,1,1,1,1
1861,4,819,378,55,45,1,1,1,1
1862,0,-4,348,180,115,1,1,1,1
1862,1,273,345,90,60,1,1,1,1
1862,2,469,337,60,45,1,1,1,1
1862,3,661,337,280,65,1,1,1,1
1862,4,819,378,55,45,1,1,1,1
1863,0,-4,348,180,115,1,1,1,1
1863,1,272,345,90,60,1,1,1,1
1863,2,468,337,60,45,1,1,1,1
1863,3,661,337,280,65,1,1,1,1
1863,4,819,378,55,45,1,1,1,1
1864,0,-4,348,180,115,1,1,1,1
1864,1,272,345,90,60,1,1,1,1
1864,2,468,337,60,45,1,1,1,1
1864,3,661,337,280,65,1,1,1,1
1864,4,819,378,55,45,1,1,1,1
1865,0,-4,348,180,115,1,1,1,1
1865,1,272,345,90,60,1,1,1,1
1865,2,468,337,60,45,1,1,1,1
1865,3,661,337,280,65,1,1,1,1
1865,4,819,378,55,45,1,1,1,1
1866,0,-4,348,180,115,1,1,1,1
1866,1,272,345,90,60,1,1,1,1
1866,2,468,337,60,45,1,1,1,1
1866,3,661,337,280,65,1,1,1,1
1866,4,819,378,55,45,1,1,1,1
1867,0,-4,348,180,115,1,1,1,1
1867,1,272,345,90,60,1,1,1,1
1867,2,468,337,60,45,1,1,1,1
1867,3,661,337,280,65,1,1,1,1
1867,4,819,378,55,45,1,1,1,1
1868,0,-4,348,180,115,1,1,1,1
1868,1,272,345,90,60,1,1,1,1
1868,2,468,337,60,45,1,1,1,1
1868,3,661,337,280,65,1,1,1,1
1868,4,819,378,55,45,1,1,1,1
1869,0,-4,348,180,115,1,1,1,1
1869,1,272,345,90,60,1,1,1,1
1869,2,468,337,60,45,1,1,1,1
1869,3,661,337,280,65,1,1,1,1
1869,4,819,378,55,45,1,1,1,1
1870,0,-4,348,180,115,1,1,1,1
1870,1,272,345,90,60,1,1,1,1
1870,2,468,337,60,45,1,1,1,1
1870,3,661,337,280,65,1,1,1,1
1870,4,819,378,55,45,1,1,1,1
1871,0,-4,348,180,115,1,1,1,1
1871,1,272,345,90,60,1,1,1,1
1871,2,468,337,60,45,1,1,1,1
1871,3,661,337,280,65,1,1,1,1
1871,4,819,378,55,45,1,1,1,1
1872,0,-4,348,180,115,1,1,1,1
1872,1,272,345,90,60,1,1,1,1
1872,2,468,337,60,45,1,1,1,1
1872,3,661,337,280,65,1,1,1,1
1872,4,819,378,55,45,1,1,1,1
1873,0,-4,348,180,115,1,1,1,1
1873,1,272,345,90,60,1,1,1,1
1873,2,468,337,60,45,1,1,1,1
1873,3,661,337,280,65,1,1,1,1
1873,4,818,378,55,45,1,1,1,1
1874,0,-4,348,180,115,1,1,1,1
1874,1,272,345,90,60,1,1,1,1
1874,2,468,337,60,45,1,1,1,1
1874,3,661,337,280,65,1,1,1,1
1874,4,818,378,55,45,1,1,1,1
1875,0,-4,348,180,115,1,1,1,1
1875,1,272,345,90,60,1,1,1,1
1875,2,468,337,60,45,1,1,1,1
1875,3,661,337,280,65,1,1,1,1
1875,4,818,378,55,45,1,1,1,1
1876,0,-4,348,180,115,1,1,1,1
1876,1,272,345,90,60,1,1,1,1
1876,2,468,337,60,45,1,1,1,1
1876,3,661,337,280,65,1,1,1,1
1876,4,818,378,55,45,1,1,1,1
1877,0,-5,348,180,115,1,1,1,1
1877,1,272,345,90,60,1,1,1,1
1877,2,468,337,60,45,1,1,1,1
1877,3,661,337,280,65,1,1,1,1
1877,4,818,378,55,45,1,1,1,1
1878,0,-5,348,180,115,1,1,1,1
1878,1,272,345,90,60,1,1,1,1
1878,2,468,337,60,45,1,1,1,1
1878,3,661,337,280,65,1,1,1,1
1878,4,818,378,55,45,1,1,1,1
1879,0,-5,348,180,115,1,1,1,1
1879,1,272,345,90,60,1,1,1,1
1879,2,468,337,60,45,1,1,1,1
1879,3,661,337,280,65,1,1,1,1
1879,4,818,378,55,45,1,1,1,1
1880,0,-5,348,180,115,1,1,1,1
1880,1,272,345,90,60,1,1,1,1
1880,2,468,337,60,45,1,1,1,1
1880,3,661,337,280,65,1,1,1,1
1880,4,818,378,55,45,1,1,1,1
1881,0,-5,348,180,115,1,1,1,1
1881,1,272,345,90,60,1,1,1,1
1881,2,468,337,60,45,1,1,1,1
1881,3,661,337,280,65,1,1,1,1
1881,4,818,378,55,45,1,1,1,1
1882,0,-5,348,180,115,1,1,1,1
1882,1,272,345,90,60,1,1,1,1
1882,2,468,337,60,45,1,1,1,1
1882,3,661,337,280,65,1,1,1,1
1882,4,818,378,55,45,1,1,1,1
1883,0,-5,348,180,115,1,1,1,1
1883,1,272,345,90,60,1,1,1,1
1883,2,468,337,60,45,1,1,1,1
1883,3,661,337,280,65,1,1,1,1
1883,4,818,378,55,45,1,1,1,1
1884,0,-5,348,180,115,1,1,1,1
1884,1,272,345,90,60,1,1,1,1
1884,2,468,337,60,45,1,1,1,1
1884,3,661,337,280,65,1,1,1,1
1884,4,818,378,55,45,1,1,1,1
1885,0,-5,348,180,115,1,1,1,1
1885,1,272,345,90,60,1,1,1,1
1885,2,468,337,60,45,1,1,1,1
1885,3,661,337,280,65,1,1,1,1
1885,4,818,378,55,45,1,1,1,1
1886,0,-5,348,180,115,1,1,1,1
1886,1,272,345,90,60,1,1,1,1
1886,2,468,337,60,45,1,1,1,1
1886,3,661,337,280,65,1,1,1,1
1886,4,818,378,55,45,1,1,1,1
1887,0,-5,348,180,115,1,1,1,1
1887,1,272,345,90,60,1,1,1,1
1887,2,468,337,60,45,1,1,1,1
1887,3,661,337,280,65,1,1,1,1
1887,4,818,378,55,45,1,1,1,1
1888,0,-5,348,180,115,1,1,1,1
1888,1,272,345,90,60,1,1,1,1
1888,2,468,337,60,45,1,1,1,1
1888,3,661,337,280,65,1,1,1,1
1888,4,818,378,55,45,1,1,1,1
1889,0,-5,348,180,115,1,1,1,1
1889,1,272,345,90,60,1,1,1,1
1889,2,468,337,60,45,1,1,1,1
1889,3,661,337,280,65,1,1,1,1
1889,4,818,378,55,45,1,1,1,1
1890,0,-5,348,180,115,1,1,1,1
1890,1,272,345,90,60,1,1,1,1
1890,2,468,337,60,45,1,1,1,1
1890,3,661,337,280,65,1,1,1,1
1890,4,818,378,55,45,1,1,1,1
1891,0,-5,348,180,115,1,1,1,1
1891,1,272,345,90,60,1,1,1,1
1891,2,468,337,60,45,1,1,1,1
1891,3,661,337,280,65,1,1,1,1
1891,4,818,378,55,45,1,1,1,1
1892,0,-6,349,180,115,1,1,1,1
1892,1,272,345,90,60,1,1,1,1
1892,2,468,337,60,45,1,1,1,1
1892,3,661,337,280,65,1,1,1,1
1892,4,818,379,55,45,1,1,1,1
1893,0,-6,349,180,115,1,1,1,1
1893,1,271,345,90,60,1,1,1,1
1893,2,468,337,60,45,1,1,1,1
1893,3,661,337,280,65,1,1,1,1
1893,4,817,379,55,45,1,1,1,1
1894,0,-6,349,180,115,1,1,1,1
1894,1,271,345,90,60,1,1,1,1
1894,2,468,337,60,45,1,1,1,1
1894,3,661,337,280,65,1,1,1,1
1894,4,817,379,55,45,1,1,1,1
1895,0,-6,349,180,115,1,1,1,1
1895,1,271,345,90,60,1,1,1,1
1895,2,468,337,60,45,1,1,1,1
1895,3,661,337,280,65,1,1,1,1
1895,4,817,379,55,45,1,1,1,1
1896,0,-6,349,180,115,1,1,1,1
1896,1,271,345,90,60,1,1,1,1
1896,2,468,337,60,45,1,1,1,1
1896,3,661,337,280,65,1,1,1,1
1896,4,817,379,55,45,1,1,1,1
1897,0,-6,349,180,115,1,1,1,1
1897,1,271,345,90,60,1,1,1,1
1897,2,468,337,60,45,1,1,1,1
1897,3,661,337,280,65,1,1,1,1
1897,4,817,379,55,45,1,1,1,1
1898,0,-6,349,180,115,1,1,1,1
1898,1,271,345,90,60,1,1,1,1
1898,2,468,337,60,45,1,1,1,1
1898,3,661,337,280,65,1,1,1,1
1898,4,817,379,55,45,1,1,1,1
1899,0,-6,349,180,115,1,1,1,1
1899,1,271,345,90,60,1,1,1,1
1899,2,468,337,60,45,1,1,1,1
1899,3,661,337,280,65,1,1,1,1
1899,4,817,379,55,45,1,1,1,1
1900,0,-6,349,180,115,1,1,1,1
1900,1,271,345,90,60,1,1,1,1
1900,2,468,337,60,45,1,1,1,1
1900,3,661,337,280,65,1,1,1,1
1900,4,817,379,55,45,1,1,1,1
1901,0,-6,349,180,115,1,1,1,1
1901,1,271,345,90,60,1,1,1,1
1901,2,468,337,60,45,1,1,1,1
1901,3,661,337,280,65,1,1,1,1
1901,4,817,379,55,45,1,1,1,1
1902,0,-6,349,180,115,1,1,1,1
1902,1,271,345,90,60,1,1,1,1
1902,2,468,337,60,45,1,1,1,1
1902,3,661,337,280,65,1,1,1,1
1902,4,817,379,55,45,1,1,1,1
1903,0,-6,349,180,115,1,1,1,1
1903,1,271,345,90,60,1,1,1,1
1903,2,468,337,60,45,1,1,1,1
1903,3,660,337,280,65,1,1,1,1
1903,4,817,379,55,45,1,1,1,1
1904,0,-6,349,180,115,1,1,1,1
1904,1,271,345,90,60,1,1,1,1
1904,2,468,337,60,45,1,1,1,1
1904,3,660,337,280,65,1,1,1,1
1904,4,817,379,55,45,1,1,1,1
1905,0,-6,349,180,115,1,1,1,1
1905,1,271,345,90,60,1,1,1,1
1905,2,468,337,60,45,1,1,1,1
1905,3,660,337,280,65,1,1,1,1
1905,4,817,379,55,45,1,1,1,1
1906,0,-6,349,180,115,1,1,1,1
1906,1,271,345,90,60,1,1,1,1
1906,2,468,337,60,45,1,1,1,1
1906,3,660,337,280,65,1,1,1,1
1906,4,817,379,55,45,1,1,1,1
1907,0,-7,349,180,115,1,1,1,1
1907,1,271,345,90,60,1,1,1,1
1907,2,468,337,60,45,1,1,1,1
1907,3,660,337,280,65,1,1,1,1
1907,4,817,379,55,45,1,1,1,1
1908,0,-7,349,180,115,1,1,1,1
1908,1,271,345,90,60,1,1,1,1
1908,2,468,337,60,45,1,1,1,1
1908,3,660,337,280,65,1,1,1,1
1908,4,817,379,55,45,1,1,1,1
1909,0,-7,349,180,115,1,1,1,1
1909,1,271,345,90,60,1,1,1,1
1909,2,468,337,60,45,1,1,1,1
1909,3,660,337,280,65,1,1,1,1
1909,4,817,379,55,45,1,1,1,1
1910,0,-7,349,180,115,1,1,1,1
1910,1,271,345,90,60,1,1,1,1
1910,2,468,337,60,45,1,1,1,1
1910,3,660,337,280,65,1,1,1,1
1910,4,817,379,55,45,1,1,1,1
1911,0,-7,349,180,115,1,1,1,1
1911,1,271,345,90,60,1,1,1,1
1911,2,468,337,60,45,1,1,1,1
1911,3,660,337,280,65,1,1,1,1
1911,4,817,379,55,45,1,1,1,1
1912,0,-7,349,180,115,1,1,1,1
1912,1,271,345,90,60,1,1,1,1
1912,2,468,337,60,45,1,1,1,1
1912,3,660,337,280,65,1,1,1,1
1912,4,817,379,55,45,1,1,1,1
1913,0,-7,349,180,115,1,1,1,1
1913,1,271,345,90,60,1,1,1,1
1913,2,468,337,60,45,1,1,1,1
1913,3,660,337,280,65,1,1,1,1
1913,4,816,379,55,45,1,1,1,1
1914,0,-7,349,180,115,1,1,1,1
1914,1,271,345,90,60,1,1,1,1
1914,2,468,337,60,45,1,1,1,1
1914,3,660,337,280,65,1,1,1,1
1914,4,816,379,55,45,1,1,1,1
1915,0,-7,349,180,115,1,1,1,1
1915,1,271,345,90,60,1,1,1,1
1915,2,468,337,60,45,1,1,1,1
1915,3,660,337,280,65,1,1,1,1
1915,4,816,379,55,45,1,1,1,1
1916,0,-7,349,180,115,1,1,1,1
1916,1,271,345,90,60,1,1,1,1
1916,2,468,337,60,45,1,1,1,1
1916,3,660,337,280,65,1,1,1,1
1916,4,816,379,55,45,1,1,1,1
1917,0,-7,349,180,115,1,1,1,1
1917,1,271,345,90,60,1,1,1,1
1917,2,468,337,60,45,1,1,1,1
1917,3,660,337,280,65,1,1,1,1
1917,4,816,379,55,45,1,1,1,1
1918,0,-7,349,180,115,1,1,1,1
1918,1,271,345,90,60,1,1,1,1
1918,2,468,337,60,45,1,1,1,1
1918,3,660,337,280,65,1,1,1,1
1918,4,816,379,55,45,1,1,1,1
1919,0,-7,349,180,115,1,1,1,1
1919,1,271,345,90,60,1,1,1,1
1919,2,468,337,60,45,1,1,1,1
1919,3,660,337,280,65,1,1,1,1
1919,4,816,379,55,45,1,1,1,1
1920,0,-7,349,180,115,1,1,1,1
1920,1,271,345,90,60,1,1,1,1
1920,2,468,337,60,45,1,1,1,1
1920,3,660,337,280,65,1,1,1,1
1920,4,816,379,55,45,1,1,1,1
1921,0,-7,349,180,115,1,1,1,1
1921,1,271,345,90,60,1,1,1,1
1921,2,468,337,60,45,1,1,1,1
1921,3,660,337,280,65,1,1,1,1
1921,4,816,379,55,45,1,1,1,1
1922,0,-8,349,180,115,1,1,1,1
1922,1,271,345,90,60,1,1,1,1
1922,2,468,337,60,45,1,1,1,1
1922,3,660,337,280,65,1,1,1,1
1922,4,816,379,55,45,1,1,1,1
1923,0,-8,349,180,115,1,1,1,1
1923,1,270,345,90,60,1,1,1,1
1923,2,467,337,60,45,1,1,1,1
1923,3,660,337,280,65,1,1,1,1
1923,4,816,379,55,45,1,1,1,1
1924,0,-8,349,180,115,1,1,1,1
1924,1,270,345,90,60,1,1,1,1
1924,2,467,337,60,45,1,1,1,1
1924,3,660,337,280,65,1,1,1,1
1924,4,816,379,55,45,1,1,1,1
1925,0,-8,349,180,115,1,1,1,1
1925,1,270,345,90,60,1,1,1,1
1925,2,467,337,60,45,1,1,1,1
1925,3,660,337,280,65,1,1,1,1
1925,4,816,379,55,45,1,1,1,1
1926,0,-8,349,180,115,1,1,1,1
1926,1,270,345,90,60,1,1,1,1
1926,2,467,337,60,45,1,1,1,1
1926,3,660,337,280,65,1,1,1,1
1926,4,816,379,55,45,1,1,1,1
1927,0,-8,349,180,115,1,1,1,1
1927,1,270,345,90,60,1,1,1,1
1927,2,467,337,60,45,1,1,1,1
1927,3,660,337,280,65,1,1,1,1
1927,4,816,379,55,45,1,1,1,1
1928,0,-8,349,180,115,1,1,1,1
1928,1,270,345,90,60,1,1,1,1
1928,2,467,337,60,45,1,1,1,1
1928,3,660,337,280,65,1,1,1,1
1928,4,816,379,55,45,1,1,1,1
1929,0,-8,349,180,115,1,1,1,1
1929,1,270,345,90,60,1,1,1,1
1929,2,467,337,60,45,1,1,1,1
1929,3,660,337,280,65,1,1,1,1
1929,4,816,379,55,45,1,1,1,1
1930,0,-8,349,180,115,1,1,1,1
1930,1,270,345,90,60,1,1,1,1
1930,2,467,337,60,45,1,1,1,1
1930,3,660,337,280,65,1,1,1,1
1930,4,816,379,55,45,1,1,1,1
1931,0,-8,349,180,115,1,1,1,1
1931,1,270,345,90,60,1,1,1,1
1931,2,467,337,60,45,1,1,1,1
1931,3,660,337,280,65,1,1,1,1
1931,4,816,379,55,45,1,1,1,1
1932,0,-8,349,180,115,1,1,1,1
1932,1,270,345,90,60,1,1,1,1
1932,2,467,337,60,45,1,1,1,1
1932,3,660,337,280,65,1,1,1,1
1932,4,816,379,55,45,1,1,1,1
1933,0,-8,349,180,115,1,1,1,1
1933,1,270,345,90,60,1,1,1,1
1933,2,467,337,60,45,1,1,1,1
1933,3,660,337,280,65,1,1,1,1
1933,4,815,379,55,45,1,1,1,1
1934,0,-8,349,180,115,1,1,1,1
1934,1,270,345,90,60,1,1,1,1
1934,2,467,337,60,45,1,1,1,1
1934,3,660,337,280,65,1,1,1,1
1934,4,815,379,55,45,1,1,1,1
1935,0,-8,349,180,115,1,1,1,1
1935,1,270,345,90,60,1,1,1,1
1935,2,467,337,60,45,1,1,1,1
1935,3,660,337,280,65,1,1,1,1
1935,4,815,379,55,45,1,1,1,1
1936,0,-8,349,180,115,1,1,1,1
1936,1,270,345,90,60,1,1,1,1
1936,2,467,337,60,45,1,1,1,1
1936,3,660,337,280,65,1,1,1,1
1936,4,815,379,55,45,1,1,1,1
1937,0,-9,349,180,115,1,1,1,1
1937,1,270,345,90,60,1,1,1,1
1937,2,467,337,60,45,1,1,1,1
1937,3,660,337,280,65,1,1,1,1
1937,4,815,379,55,45,1,1,1,1
1938,0,-9,349,180,115,1,1,1,1
1938,1,270,345,90,60,1,1,1,1
1938,2,467,337,60,45,1,1,1,1
1938,3,660,337,280,65,1,1,1,1
1938,4,815,379,55,45,1,1,1,1
1939,0,-9,349,180,115,1,1,1,1
1939,1,270,345,90,60,1,1,1,1
1939,2,467,337,60,45,1,1,1,1
1939,3,660,337,280,65,1,1,1,1
1939,4,815,379,55,45,1,1,1,1
1940,0,-9,349,180,115,1,1,1,1
1940,1,270,345,90,60,1,1,1,1
1940,2,467,337,60,45,1,1,1,1
1940,3,660,337,280,65,1,1,1,1
1940,4,815,379,55,45,1,1,1,1
1941,0,-9,349,180,115,1,1,1,1
1941,1,270,345,90,60,1,1,1,1
1941,2,467,337,60,45,1,1,1,1
1941,3,660,337,280,65,1,1,1,1
1941,4,815,379,55,45,1,1,1,1
1942,0,-9,349,180,115,1,1,1,1
1942,1,270,345,90,60,1,1,1,1
1942,2,467,337,60,45,1,1,1,1
1942,3,660,337,280,65,1,1,1,1
1942,4,815,379,55,45,1,1,1,1
1943,0,-9,349,180,115,1,1,1,1
1943,1,270,345,90,60,1,1,1,1
1943,2,467,337,60,45,1,1,1,1
1943,3,660,337,280,65,1,1,1,1
1943,4,815,379,55,45,1,1,1,1
1944,0,-9,349,180,115,1,1,1,1
1944,1,270,345,90,60,1,1,1,1
1944,2,467,337,60,45,1,1,1,1
1944,3,660,337,280,65,1,1,1,1
1944,4,815,379,55,45,1,1,1,1
1945,0,-9,349,180,115,1,1,1,1
1945,1,270,345,90,60,1,1,1,1
1945,2,467,337,60,45,1,1,1,1
1945,3,660,337,280,65,1,1,1,1
1945,4,815,379,55,45,1,1,1,1
1946,0,-9,349,180,115,1,1,1,1
1946,1,270,345,90,60,1,1,1,1
1946,2,467,337,60,45,1,1,1,1
1946,3,660,337,280,65,1,1,1,1
1946,4,815,379,55,45,1,1,1,1
1947,0,-9,349,180,115,1,1,1,1
1947,1,270,345,90,60,1,1,1,1
1947,2,467,337,60,45,1,1,1,1
1947,3,660,337,280,65,1,1,1,1
1947,4,815,379,55,45,1,1,1,1
1948,0,-9,349,180,115,1,1,1,1
1948,1,270,345,90,60,1,1,1,1
1948,2,467,337,60,45,1,1,1,1
1948,3,660,337,280,65,1,1,1,1
1948,4,815,379,55,45,1,1,1,1
1949,0,-9,349,180,115,1,1,1,1
1949,1,270,345,90,60,1,1,1,1
1949,2,467,337,60,45,1,1,1,1
1949,3,660,337,280,65,1,1,1,1
1949,4,815,379,55,45,1,1,1,1
1950,0,-9,349,180,115,1,1,1,1
1950,1,270,345,90,60,1,1,1,1
1950,2,467,337,60,45,1,1,1,1
1950,3,660,337,280,65,1,1,1,1
1950,4,815,379,55,45,1,1,1,1
1951,0,-9,349,180,115,1,1,1,1
1951,1,270,345,90,60,1,1,1,1
1951,2,467,337,60,45,1,1,1,1
1951,3,660,337,280,65,1,1,1,1
1951,4,815,379,55,45,1,1,1,1
1952,0,-10,350,180,115,1,1,1,1
1952,1,270,345,90,60,1,1,1,1
1952,2,467,337,60,45,1,1,1,1
1952,3,660,337,280,65,1,1,1,1
1952,4,815,380,55,45,1,1,1,1
1953,0,-10,350,180,115,1,1,1,1
1953,1,269,345,90,60,1,1,1,1
1953,2,467,337,60,45,1,1,1,1
1953,3,660,337,280,65,1,1,1,1
1953,4,814,380,55,45,1,1,1,1
1954,0,-10,350,180,115,1,1,1,1
1954,1,269,345,90,60,1,1,1,1
1954,2,467,337,60,45,1,1,1,1
1954,3,660,337,280,65,1,1,1,1
1954,4,814,380,55,45,1,1,1,1
1955,0,-10,350,180,115,1,1,1,1
1955,1,269,345,90,60,1,1,1,1
1955,2,467,337,60,45,1,1,1,1
1955,3,660,337,280,65,1,1,1,1
1955,4,814,380,55,45,1,1,1,1
1956,0,-10,350,180,115,1,1,1,1
1956,1,269,345,90,60,1,1,1,1
1956,2,467,337,60,45,1,1,1,1
1956,3,660,337,280,65,1,1,1,1
1956,4,814,380,55,45,1,1,1,1
1957,0,-10,350,180,115,1,1,1,1
1957,1,269,345,90,60,1,1,1,1
1957,2,467,337,60,45,1,1,1,1
1957,3,660,337,280,65,1,1,1,1
1957,4,814,380,55,45,1,1,1,1
1958,0,-10,350,180,115,1,1,1,1
1958,1,269,345,90,60,1,1,1,1
1958,2,467,337,60,45,1,1,1,1
1958,3,660,337,280,65,1,1,1,1
1958,4,814,380,55,45,1,1,1,1
1959,0,-10,350,180,115,1,1,1,1
1959,1,269,345,90,60,1,1,1,1
1959,2,467,337,60,45,1,1,1,1
1959,3,660,337,280,65,1,1,1,1
1959,4,814,380,55,45,1,1,1,1
1960,0,-10,350,180,115,1,1,1,1
1960,1,269,345,90,60,1,1,1,1
1960,2,467,337,60,45,1,1,1,1
1960,3,660,337,280,65,1,1,1,1
1960,4,814,380,55,45,1,1,1,1
1961,0,-10,350,180,115,1,1,1,1
1961,1,269,345,90,60,1,1,1,1
1961,2,467,337,60,45,1,1,1,1
1961,3,660,337,280,65,1,1,1,1
1961,4,814,380,55,45,1,1,1,1
1962,0,-10,350,180,115,1,1,1,1
1962,1,269,345,90,60,1,1,1,1
1962,2,467,337,60,45,1,1,1,1
1962,3,660,337,280,65,1,1,1,1
1962,4,814,380,55,45,1,1,1,1
1963,0,-10,350,180,115,1,1,1,1
1963,1,269,345,90,60,1,1,1,1
1963,2,467,337,60,45,1,1,1,1
1963,3,660,337,280,65,1,1,1,1
1963,4,814,380,55,45,1,1,1,1
1964,0,-10,350,180,115,1,1,1,1
1964,1,269,345,90,60,1,1,1,1
1964,2,467,337,60,45,1,1,1,1
1964,3,660,337,280,65,1,1,1,1
1964,4,814,380,55,45,1,1,1,1
1965,0,-10,350,180,115,1,1,1,1
1965,1,269,345,90,60,1,1,1,1
1965,2,467,337,60,45,1,1,1,1
1965,3,660,337,280,65,1,1,1,1
1965,4,814,380,55,45,1,1,1,1
1966,0,-10,350,180,115,1,1,1,1
1966,1,269,345,90,60,1,1,1,1
1966,2,467,337,60,45,1,1,1,1
1966,3,660,337,280,65,1,1,1,1
1966,4,814,380,55,45,1,1,1,1
1967,0,-11,350,180,115,1,1,1,1
1967,1,269,345,90,60,1,1,1,1
1967,2,467,337,60,45,1,1,1,1
1967,3,660,337,280,65,1,1,1,1
1967,4,814,380,55,45,1,1,1,1
1968,0,-11,350,180,115,1,1,1,1
1968,1,269,345,90,60,1,1,1,1
1968,2,467,337,60,45,1,1,1,1
1968,3,660,337,280,65,1,1,1,1
1968,4,814,380,55,45,1,1,1,1
1969,0,-11,350,180,115,1,1,1,1
1969,1,269,345,90,60,1,1,1,1
1969,2,467,337,60,45,1,1,1,1
1969,3,660,337,280,65,1,1,1,1
1969,4,814,380,55,45,1,1,1,1
1970,0,-11,350,180,115,1,1,1,1
1970,1,269,345,90,60,1,1,1,1
1970,2,467,337,60,45,1,1,1,1
1970,3,660,337,280,65,1,1,1,1
1970,4,814,380,55,45,1,1,1,1
1971,0,-11,350,180,115,1,1,1,1
1971,1,269,345,90,60,1,1,1,1
1971,2,467,337,60,45,1,1,1,1
1971,3,660,337,280,65,1,1,1,1
1971,4,814,380,55,45,1,1,1,1
1972,0,-11,350,180,115,1,1,1,1
1972,1,269,345,90,60,1,1,1,1
1972,2,467,337,60,45,1,1,1,1
1972,3,660,337,280,65,1,1,1,1
1972,4,814,380,55,45,1,1,1,1
1973,0,-11,350,180,115,1,1,1,1
1973,1,269,345,90,60,1,1,1,1
1973,2,467,337,60,45,1,1,1,1
1973,3,660,337,280,65,1,1,1,1
1973,4,813,380,55,45,1,1,1,1
1974,0,-11,350,180,115,1,1,1,1
1974,1,269,345,90,60,1,1,1,1
1974,2,467,337,60,45,1,1,1,1
1974,3,660,337,280,65,1,1,1,1
1974,4,813,380,55,45,1,1,1,1
1975,0,-11,350,180,115,1,1,1,1
1975,1,269,345,90,60,1,1,1,1
1975,2,467,337,60,45,1,1,1,1
1975,3,660,337,280,65,1,1,1,1
1975,4,813,380,55,45,1,1,1,1
1976,0,-11,350,180,115,1,1,1,1
1976,1,269,345,90,60,1,1,1,1
1976,2,467,337,60,45,1,1,1,1
1976,3,660,337,280,65,1,1,1,1
1976,4,813,380,55,45,1,1,1,1
1977,0,-11,350,180,115,1,1,1,1
1977,1,269,345,90,60,1,1,1,1
1977,2,467,337,60,45,1,1,1,1
1977,3,660,337,280,65,1,1,1,1
1977,4,813,380,55,45,1,1,1,1
1978,0,-11,350,180,115,1,1,1,1
1978,1,269,345,90,60,1,1,1,1
1978,2,467,337,60,45,1,1,1,1
1978,3,660,337,280,65,1,1,1,1
1978,4,813,380,55,45,1,1,1,1
1979,0,-11,350,180,115,1,1,1,1
1979,1,269,345,90,60,1,1,1,1
1979,2,467,337,60,45,1,1,1,1
1979,3,660,337,280,65,1,1,1,1
1979,4,813,380,55,45,1,1,1,1
1980,0,-11,350,180,115,1,1,1,1
1980,1,269,345,90,60,1,1,1,1
1980,2,467,337,60,45,1,1,1,1
1980,3,660,337,280,65,1,1,1,1
1980,4,813,380,55,45,1,1,1,1
1981,0,-11,350,180,115,1,1,1,1
1981,1,269,345,90,60,1,1,1,1
1981,2,467,337,60,45,1,1,1,1
1981,3,660,337,280,65,1,1,1,1
1981,4,813,380,55,45,1,1,1,1
1982,0,-12,350,180,115,1,1,1,1
1982,1,269,345,90,60,1,1,1,1
1982,2,467,337,60,45,1,1,1,1
1982,3,660,337,280,65,1,1,1,1
1982,4,813,380,55,45,1,1,1,1
1983,0,-12,350,180,115,1,1,1,1
1983,1,268,345,90,60,1,1,1,1
1983,2,466,337,60,45,1,1,1,1
1983,3,660,337,280,65,1,1,1,1
1983,4,813,380,55,45,1,1,1,1
1984,0,-12,350,180,115,1,1,1,1
1984,1,268,345,90,60,1,1,1,1
1984,2,466,337,60,45,1,1,1,1
1984,3,660,337,280,65,1,1,1,1
1984,4,813,380,55,45,1,1,1,1
1985,0,-12,350,180,115,1,1,1,1
1985,1,268,345,90,60,1,1,1,1
1985,2,466,337,60,45,1,1,1,1
1985,3,660,337,280,65,1,1,1,1
1985,4,813,380,55,45,1,1,1,1
1986,0,-12,350,180,115,1,1,1,1
1986,1,268,345,90,60,1,1,1,1
1986,2,466,337,60,45,1,1,1,1
1986,3,660,337,280,65,1,1,1,1
1986,4,813,380,55,45,1,1,1,1
1987,0,-12,350,180,115,1,1,1,1
1987,1,268,345,90,60,1,1,1,1
1987,2,466,337,60,45,1,1,1,1
1987,3,660,337,280,65,1,1,1,1
1987,4,813,380,55,45,1,1,1,1
1988,0,-12,350,180,115,1,1,1,1
1988,1,268,345,90,60,1,1,1,1
1988,2,466,337,60,45,1,1,1,1
1988,3,660,337,280,65,1,1,1,1
1988,4,813,380,55,45,1,1,1,1
1989,0,-12,350,180,115,1,1,1,1
1989,1,268,345,90,60,1,1,1,1
1989,2,466,337,60,45,1,1,1,1
1989,3,660,337,280,65,1,1,1,1
1989,4,813,380,55,45,1,1,1,1
1990,0,-12,350,180,115,1,1,1,1
1990,1,268,345,90,60,1,1,1,1
1990,2,466,337,60,45,1,1,1,1
1990,3,660,337,280,65,1,1,1,1
1990,4,813,380,55,45,1,1,1,1
1991,0,-12,350,180,115,1,1,1,1
1991,1,268,345,90,60,1,1,1,1
1991,2,466,337,60,45,1,1,1,1
1991,3,660,337,280,65,1,1,1,1
1991,4,813,380,55,45,1,1,1,1
1992,0,-12,350,180,115,1,1,1,1
1992,1,268,345,90,60,1,1,1,1
1992,2,466,337,60,45,1,1,1,1
1992,3,660,337,280,65,1,1,1,1
1992,4,813,380,55,45,1,1,1,1
1993,0,-12,350,180,115,1,1,1,1
1993,1,268,345,90,60,1,1,1,1
1993,2,466,337,60,45,1,1,1,1
1993,3,660,337,280,65,1,1,1,1
1993,4,812,380,55,45,1,1,1,1
1994,0,-12,350,180,115,1,1,1,1
1994,1,268,345,90,60,1,1,1,1
1994,2,466,337,60,45,1,1,1,1
1994,3,660,337,280,65,1,1,1,1
1994,4,812,380,55,45,1,1,1,1
1995,0,-12,350,180,115,1,1,1,1
1995,1,268,345,90,60,1,1,1,1
1995,2,466,337,60,45,1,1,1,1
1995,3,660,337,280,65,1,1,1,1
1995,4,812,380,55,45,1,1,1,1
1996,0,-12,350,180,115,1,1,1,1
1996,1,268,345,90,60,1,1,1,1
1996,2,466,337,60,45,1,1,1,1
1996,3,660,337,280,65,1,1,1,1
1996,4,812,380,55,45,1,1,1,1
1997,0,-13,350,180,115,1,1,1,1
1997,1,268,345,90,60,1,1,1,1
1997,2,466,337,60,45,1,1,1,1
1997,3,660,337,280,65,1,1,1,1
1997,4,812,380,55,45,1,1,1,1
1998,0,-13,350,180,115,1,1,1,1
1998,1,268,345,90,60,1,1,1,1
1998,2,466,337,60,45,1,1,1,1
1998,3,660,337,280,65,1,1,1,1
1998,4,812,380,55,45,1,1,1,1
1999,0,-13,350,180,115,1,1,1,1
1999,1,268,345,90,60,1,1,1,1
1999,2,466,337,60,45,1,1,1,1
1999,3,660,337,280,65,1,1,1,1
1999,4,812,380,55,45,1,1,1,1
2000,0,-13,350,180,115,1,1,1,1
2000,1,268,345,90,60,1,1,1,1
2000,2,466,337,60,45,1,1,1,1
2000,3,660,337,280,65,1,1,1,1
2000,4,812,380,55,45,1,1,1,1
2001,0,-13,350,180,115,1,1,1,1
2001,1,268,345,90,60,1,1,1,1
2001,2,466,337,60,45,1,1,1,1
2001,3,660,337,280,65,1,1,1,1
2001,4,812,380,55,45,1,1,1,1
2002,0,-13,350,180,115,1,1,1,1
2002,1,268,345,90,60,1,1,1,1
2002,2,466,337,60,45,1,1,1,1
2002,3,660,337,280,65,1,1,1,1
2002,4,812,380,55,45,1,1,1,1
2003,0,-13,350,180,115,1,1,1,1
2003,1,268,345,90,60,1,1,1,1
2003,2,466,337,60,45,1,1,1,1
2003,3,659,337,280,65,1,1,1,1
2003,4,812,380,55,45,1,1,1,1
2004,0,-13,350,180,115,1,1,1,1
2004,1,268,345,90,60,1,1,1,1
2004,2,466,337,60,45,1,1,1,1
2004,3,659,337,280,65,1,1,1,1
2004,4,812,380,55,45,1,1,1,1
2005,0,-13,350,180,115,1,1,1,1
2005,1,268,345,90,60,1,1,1,1
2005,2,466,337,60,45,1,1,1,1
2005,3,659,337,280,65,1,1,1,1
2005,4,812,380,55,45,1,1,1,1
2006,0,-13,350,180,115,1,1,1,1
2006,1,268,345,90,60,1,1,1,1
2006,2,466,337,60,45,1,1,1,1
2006,3,659,337,280,65,1,1,1,1
2006,4,812,380,55,45,1,1,1,1
2007,0,-13,350,180,115,1,1,1,1
2007,1,268,345,90,60,1,1,1,1
2007,2,466,337,60,45,1,1,1,1
2007,3,659,337,280,65,1,1,1,1
2007,4,812,380,55,45,1,1,1,1
2008,0,-13,350,180,115,1,1,1,1
2008,1,268,345,90,60,1,1,1,1
2008,2,466,337,60,45,1,1,1,1
2008,3,659,337,280,65,1,1,1,1
2008,4,812,380,55,45,1,1,1,1
2009,0,-13,350,180,115,1,1,1,1
2009,1,268,345,90,60,1,1,1,1
2009,2,466,337,60,45,1,1,1,1
2009,3,659,337,280,65,1,1,1,1
2009,4,812,380,55,45,1,1,1,1
2010,0,-13,350,180,115,1,1,1,1
2010,1,268,345,90,60,1,1,1,1
2010,2,466,337,60,45,1,1,1,1
2010,3,659,337,280,65,1,1,1,1
2010,4,812,380,55,45,1,1,1,1
2011,0,-13,350,180,115,1,1,1,1
2011,1,268,345,90,60,1,1,1,1
2011,2,466,337,60,45,1,1,1,1
2011,3,659,337,280,65,1,1,1,1
2011,4,812,380,55,45,1,1,1,1
2012,0,-14,351,180,115,1,1,1,1
2012,1,268,345,90,60,1,1,1,1
2012,2,466,337,60,45,1,1,1,1
2012,3,659,337,280,65,1,1,1,1
2012,4,812,381,55,45,1,1,1,1
2013,0,-14,351,180,115,1,1,1,1
2013,1,267,345,90,60,1,1,1,1
2013,2,466,337,60,45,1,1,1,1
2013,3,659,337,280,65,1,1,1,1
2013,4,811,381,55,45,1,1,1,1
2014,0,-14,351,180,115,1,1,1,1
2014,1,267,345,90,60,1,1,1,1
2014,2,466,337,60,45,1,1,1,1
2014,3,659,337,280,65,1,1,1,1
2014,4,811,381,55,45,1,1,1,1
2015,0,-14,351,180,115,1,1,1,1
2015,1,267,345,90,60,1,1,1,1
2015,2,466,337,60,45,1,1,1,1
2015,3,659,337,280,65,1,1,1,1
2015,4,811,381,55,45,1,1,1,1
2016,0,-14,351,180,115,1,1,1,1
2016,1,267,345,90,60,1,1,1,1
2016,2,466,337,60,45,1,1,1,1
2016,3,659,337,280,65,1,1,1,1
2016,4,811,381,55,45,1,1,1,1
2017,0,-14,351,180,115,1,1,1,1
2017,1,267,345,90,60,1,1,1,1
2017,2,466,337,60,45,1,1,1,1
2017,3,659,337,280,65,1,1,1,1
2017,4,811,381,55,45,1,1,1,1
2018,0,-14,351,180,115,1,1,1,1
2018,1,267,345,90,60,1,1,1,1
2018,2,466,337,60,45,1,1,1,1
2018,3,659,337,280,65,1,1,1,1
2018,4,811,381,55,45,1,1,1,1
2019,0,-14,351,180,115,1,1,1,1
2019,1,267,345,90,60,1,1,1,1
2019,2,466,337,60,45,1,1,1,1
2019,3,659,337,280,65,1,1,1,1
2019,4,811,381,55,45,1,1,1,1
2020,0,-14,351,180,115,1,1,1,1
2020,1,267,345,90,60,1,1,1,1
2020,2,466,337,60,45,1,1,1,1
2020,3,659,337,280,65,1,1,1,1
2020,4,811,381,55,45,1,1,1,1
2021,0,-14,351,180,115,1,1,1,1
2021,1,267,345,90,60,1,1,1,1
2021,2,466,337,60,45,1,1,1,1
2021,3,659,337,280,65,1,1,1,1
2021,4,811,381,55,45,1,1,1,1
2022,0,-14,351,180,115,1,1,1,1
2022,1,267,345,90,60,1,1,1,1
2022,2,466,337,60,45,1,1,1,1
2022,3,659,337,280,65,1,1,1,1
2022,4,811,381,55,45,1,1,1,1
2023,0,-14,351,180,115,1,1,1,1
2023,1,267,345,90,60,1,1,1,1
2023,2,466,337,60,45,1,1,1,1
2023,3,659,337,280,65,1,1,1,1
2023,4,811,381,55,45,1,1,1,1
2024,0,-14,351,180,115,1,1,1,1
2024,1,267,345,90,60,1,1,1,1
2024,2,466,337,60,45,1,1,1,1
2024,3,659,337,280,65,1,1,1,1
2024,4,811,381,55,45,1,1,1,1
2025,0,-14,351,180,115,1,1,1,1
2025,1,267,345,90,60,1,1,1,1
2025,2,466,337,60,45,1,1,1,1
2025,3,659,337,280,65,1,1,1,1
2025,4,811,381,55,45,1,1,1,1
2026,0,-14,351,180,115,1,1,1,1
2026,1,267,345,90,60,1,1,1,1
2026,2,466,337,60,45,1,1,1,1
2026,3,659,337,280,65,1,1,1,1
2026,4,811,381,55,45,1,1,1,1
2027,0,-15,351,180,115,1,1,1,1
2027,1,267,345,90,60,1,1,1,1
2027,2,466,337,60,45,1,1,1,1
2027,3,659,337,280,65,1,1,1,1
2027,4,811,381,55,45,1,1,1,1
2028,0,-15,351,180,115,1,1,1,1
2028,1,267,345,90,60,1,1,1,1
2028,2,466,337,60,45,1,1,1,1
2028,3,659,337,280,65,1,1,1,1
2028,4,811,381,55,45,1,1,1,1
2029,0,-15,351,180,115,1,1,1,1
2029,1,267,345,90,60,1,1,1,1
2029,2,466,337,60,45,1,1,1,1
2029,3,659,337,280,65,1,1,1,1
2029,4,811,381,55,45,1,1,1,1
2030,0,-15,351,180,115,1,1,1,1
2030,1,267,345,90,60,1,1,1,1
2030,2,466,337,60,45,1,1,1,1
2030,3,659,337,280,65,1,1,1,1
2030,4,811,381,55,45,1,1,1,1
2031,0,-15,351,180,115,1,1,1,1
2031,1,267,345,90,60,1,1,1,1
2031,2,466,337,60,45,1,1,1,1
2031,3,659,337,280,65,1,1,1,1
2031,4,811,381,55,45,1,1,1,1
2032,0,-15,351,180,115,1,1,1,1
2032,1,267,345,90,60,1,1,1,1
2032,2,466,337,60,45,1,1,1,1
2032,3,659,337,280,65,1,1,1,1
2032,4,811,381,55,45,1,1,1,1
2033,0,-15,351,180,115,1,1,1,1
2033,1,267,345,90,60,1,1,1,1
2033,2,466,337,60,45,1,1,1,1
2033,3,659,337,280,65,1,1,1,1
2033,4,810,381,55,45,1,1,1,1
2034,0,-15,351,180,115,1,1,1,1
2034,1,267,345,90,60,1,1,1,1
2034,2,466,337,60,45,1,1,1,1
2034,3,659,337,280,65,1,1,1,1
2034,4,810,381,55,45,1,1,1,1
2035,0,-15,351,180,115,1,1,1,1
2035,1,267,345,90,60,1,1,1,1
2035,2,466,337,60,45,1,1,1,1
2035,3,659,337,280,65,1,1,1,1
2035,4,810,381,55,45,1,1,1,1
2036,0,-15,351,180,115,1,1,1,1
2036,1,267,345,90,60,1,1,1,1
2036,2,466,337,60,45,1,1,1,1
2036,3,659,337,280,65,1,1,1,1
2036,4,810,381,55,45,1,1,1,1
2037,0,-15,351,180,115,1,1,1,1
2037,1,267,345,90,60,1,1,1,1
2037,2,466,337,60,45,1,1,1,1
2037,3,659,337,280,65,1,1,1,1
2037,4,810,381,55,45,1,1,1,1
2038,0,-15,351,180,115,1,1,1,1
2038,1,267,345,90,60,1,1,1,1
2038,2,466,337,60,45,1,1,1,1
2038,3,659,337,280,65,1,1,1,1
2038,4,810,381,55,45,1,1,1,1
2039,0,-15,351,180,115,1,1,1,1
2039,1,267,345,90,60,1,1,1,1
2039,2,466,337,60,45,1,1,1,1
2039,3,659,337,280,65,1,1,1,1
2039,4,810,381,55,45,1,1,1,1
2040,0,-15,351,180,115,1,1,1,1
2040,1,267,345,90,60,1,1,1,1
2040,2,466,337,60,45,1,1,1,1
2040,3,659,337,280,65,1,1,1,1
2040,4,810,381,55,45,1,1,1,1
2041,0,-15,351,180,115,1,1,1,1
2041,1,267,345,90,60,1,1,1,1
2041,2,466,337,60,45,1,1,1,1
2041,3,659,337,280,65,1,1,1,1
2041,4,810,381,55,45,1,1,1,1
2042,0,-16,351,180,115,1,1,1,1
2042,1,267,345,90,60,1,1,1,1
2042,2,466,337,60,45,1,1,1,1
2042,3,659,337,280,65,1,1,1,1
2042,4,810,381,55,45,1,1,1,1
2043,0,-16,351,180,115,1,1,1,1
2043,1,266,345,90,60,1,1,1,1
2043,2,465,337,60,45,1,1,1,1
2043,3,659,337,280,65,1,1,1,1
2043,4,810,381,55,45,1,1,1,1
2044,0,-16,351,180,115,1,1,1,1
2044,1,266,345,90,60,1,1,1,1
2044,2,465,337,60,45,1,1,1,1
2044,3,659,337,280,65,1,1,1,1
2044,4,810,381,55,45,1,1,1,1
2045,0,-16,351,180,115,1,1,1,1
2045,1,266,345,90,60,1,1,1,1
2045,2,465,337,60,45,1,1,1,1
2045,3,659,337,280,65,1,1,1,1
2045,4,810,381,55,45,1,1,1,1
2046,0,-16,351,180,115,1,1,1,1
2046,1,266,345,90,60,1,1,1,1
2046,2,465,337,60,45,1,1,1,1
2046,3,659,337,280,65,1,1,1,1
2046,4,810,381,55,45,1,1,1,1
2047,0,-16,351,180,115,1,1,1,1
2047,1,266,345,90,60,1,1,1,1
2047,2,465,337,60,45,1,1,1,1
2047,3,659,337,280,65,1,1,1,1
2047,4,810,381,55,45,1,1,1,1
2048,0,-16,351,180,115,1,1,1,1
2048,1,266,345,90,60,1,1,1,1
2048,2,465,337,60,45,1,1,1,1
2048,3,659,337,280,65,1,1,1,1
2048,4,810,381,55,45,1,1,1,1
2049,0,-16,351,180,115,1,1,1,1
2049,1,266,345,90,60,1,1,1,1
2049,2,465,337,60,45,1,1,1,1
2049,3,659,337,280,65,1,1,1,1
2049,4,810,381,55,45,1,1,1,1
2050,0,-16,351,180,115,1,1,1,1
2050,1,266,345,90,60,1,1,1,1
2050,2,465,337,60,45,1,1,1,1
2050,3,659,337,280,65,1,1,1,1
2050,4,810,381,55,45,1,1,1,1
2051,0,-16,351,180,115,1,1,1,1
2051,1,266,345,90,60,1,1,1,1
2051,2,465,337,60,45,1,1,1,1
2051,3,659,337,280,65,1,1,1,1
2051,4,810,381,55,45,1,1,1,1
2052,0,-16,351,180,115,1,1,1,1
2052,1,266,345,90,60,1,1,1,1
2052,2,465,337,60,45,1,1,1,1
2052,3,659,337,280,65,1,1,1,1
2052,4,810,381,55,45,1,1,1,1
2053,0,-16,351,180,115,1,1,1,1
2053,1,266,345,90,60,1,1,1,1
2053,2,465,337,60,45,1,1,1,1
2053,3,659,337,280,65,1,1,1,1
2053,4,809,381,55,45,1,1,1,1
2054,0,-16,351,180,115,1,1,1,1
2054,1,266,345,90,60,1,1,1,1
2054,2,465,337,60,45,1,1,1,1
2054,3,659,337,280,65,1,1,1,1
2054,4,809,381,55,45,1,1,1,1
2055,0,-16,351,180,115,1,1,1,1
2055,1,266,345,90,60,1,1,1,1
2055,2,465,337,60,45,1,1,1,1
2055,3,659,337,280,65,1,1,1,1
2055,4,809,381,55,45,1,1,1,1
2056,0,-16,351,180,115,1,1,1,1
2056,1,266,345,90,60,1,1,1,1
2056,2,465,337,60,45,1,1,1,1
2056,3,659,337,280,65,1,1,1,1
2056,4,809,381,55,45,1,1,1,1
2057,0,-17,351,180,115,1,1,1,1
2057,1,266,345,90,60,1,1,1,1
2057,2,465,337,60,45,1,1,1,1
2057,3,659,337,280,65,1,1,1,1
2057,4,809,381,55,45,1,1,1,1
2058,0,-17,351,180,115,1,1,1,1
2058,1,266,345,90,60,1,1,1,1
2058,2,465,337,60,45,1,1,1,1
2058,3,659,337,280,65,1,1,1,1
2058,4,809,381,55,45,1,1,1,1
2059,0,-17,351,180,115,1,1,1,1
2059,1,266,345,90,60,1,1,1,1
2059,2,465,337,60,45,1,1,1,1
2059,3,659,337,280,65,1,1,1,1
2059,4,809,381,55,45,1,1,1,1
2060,0,-17,351,180,115,1,1,1,1
2060,1,266,345,90,60,1,1,1,1
2060,2,465,337,60,45,1,1,1,1
2060,3,659,337,280,65,1,1,1,1
2060,4,809,381,55,45,1,1,1,1
2061,0,-17,351,180,115,1,1,1,1
2061,1,266,345,90,60,1,1,1,1
2061,2,465,337,60,45,1,1,1,1
2061,3,659,337,280,65,1,1,1,1
2061,4,809,381,55,45,1,1,1,1
2062,0,-17,351,180,115,1,1,1,1
2062,1,266,345,90,60,1,1,1,1
2062,2,465,337,60,45,1,1,1,1
2062,3,659,337,280,65,1,1,1,1
2062,4,809,381,55,45,1,1,1,1
2063,0,-17,351,180,115,1,1,1,1
2063,1,266,345,90,60,1,1,1,1
2063,2,465,337,60,45,1,1,1,1
2063,3,659,337,280,65,1,1,1,1
2063,4,809,381,55,45,1,1,1,1
2064,0,-17,351,180,115,1,1,1,1
2064,1,266,345,90,60,1,1,1,1
2064,2,465,337,60,45,1,1,1,1
2064,3,659,337,280,65,1,1,1,1
2064,4,809,381,55,45,1,1,1,1
2065,0,-17,351,180,115,1,1,1,1
2065,1,266,345,90,60,1,1,1,1
2065,2,465,337,60,45,1,1,1,1
2065,3,659,337,280,65,1,1,1,1
2065,4,809,381,55,45,1,1,1,1
2066,0,-17,351,180,115,1,1,1,1
2066,1,266,345,90,60,1,1,1,1
2066,2,465,337,60,45,1,1,1,1
2066,3,659,337,280,65,1,1,1,1
2066,4,809,381,55,45,1,1,1,1
2067,0,-17,351,180,115,1,1,1,1
2067,1,266,345,90,60,1,1,1,1
2067,2,465,337,60,45,1,1,1,1
2067,3,659,337,280,65,1,1,1,1
2067,4,809,381,55,45,1,1,1,1
2068,0,-17,351,180,115,1,1,1,1
2068,1,266,345,90,60,1,1,1,1
2068,2,465,337,60,45,1,1,1,1
2068,3,659,337,280,65,1,1,1,1
2068,4,809,381,55,45,1,1,1,1
2069,0,-17,351,180,115,1,1,1,1
2069,1,266,345,90,60,1,1,1,1
2069,2,465,337,60,45,1,1,1,1
2069,3,659,337,280,65,1,1,1,1
2069,4,809,381,55,45,1,1,1,1
2070,0,-17,351,180,115,1,1,1,1
2070,1,266,345,90,60,1,1,1,1
2070,2,465,337,60,45,1,1,1,1
2070,3,659,337,280,65,1,1,1,1
2070,4,809,381,55,45,1,1,1,1
2071,0,-17,351,180,115,1,1,1,1
2071,1,266,345,90,60,1,1,1,1
2071,2,465,337,60,45,1,1,1,1
2071,3,659,337,280,65,1,1,1,1
2071,4,809,381,55,45,1,1,1,1
2072,0,-18,352,180,115,1,1,1,1
2072,1,266,345,90,60,1,1,1,1
2072,2,465,337,60,45,1,1,1,1
2072,3,659,337,280,65,1,1,1,1
2072,4,809,382,55,45,1,1,1,1
2073,0,-18,352,180,115,1,1,1,1
2073,1,265,345,90,60,1,1,1,1
2073,2,465,337,60,45,1,1,1,1
2073,3,659,337,280,65,1,1,1,1
2073,4,808,382,55,45,1,1,1,1
2074,0,-18,352,180,115,1,1,1,1
2074,1,265,345,90,60,1,1,1,1
2074,2,465,337,60,45,1,1,1,1
2074,3,659,337,280,65,1,1,1,1
2074,4,808,382,55,45,1,1,1,1
2075,0,-18,352,180,115,1,1,1,1
2075,1,265,345,90,60,1,1,1,1
2075,2,465,337,60,45,1,1,1,1
2075,3,659,337,280,65,1,1,1,1
2075,4,808,382,55,45,1,1,1,1
2076,0,-18,352,180,115,1,1,1,1
2076,1,265,345,90,60,1,1,1,1
2076,2,465,337,60,45,1,1,1,1
2076,3,659,337,280,65,1,1,1,1
2076,4,808,382,55,45,1,1,1,1
2077,0,-18,352,180,115,1,1,1,1
2077,1,265,345,90,60,1,1,1,1
2077,2,465,337,60,45,1,1,1,1
2077,3,659,337,280,65,1,1,1,1
2077,4,808,382,55,45,1,1,1,1
2078,0,-18,352,180,115,1,1,1,1
2078,1,265,345,90,60,1,1,1,1
2078,2,465,337,60,45,1,1,1,1
2078,3,659,337,280,65,1,1,1,1
2078,4,808,382,55,45,1,1,1,1
2079,0,-18,352,180,115,1,1,1,1
2079,1,265,345,90,60,1,1,1,1
2079,2,465,337,60,45,1,1,1,1
2079,3,659,337,280,65,1,1,1,1
2079,4,808,382,55,45,1,1,1,1
2080,0,-18,352,180,115,1,1,1,1
2080,1,265,345,90,60,1,1,1,1
2080,2,465,337,60,45,1,1,1,1
2080,3,659,337,280,65,1,1,1,1
2080,4,808,382,55,45,1,1,1,1
2081,0,-18,352,180,115,1,1,1,1
2081,1,265,345,90,60,1,1,1,1
2081,2,465,337,60,45,1,1,1,1
2081,3,659,337,280,65,1,1,1,1
2081,4,808,382,55,45,1,1,1,1
2082,0,-18,352,180,115,1,1,1,1
2082,1,265,345,90,60,1,1,1,1
2082,2,465,337,60,45,1,1,1,1
2082,3,659,337,280,65,1,1,1,1
2082,4,808,382,55,45,1,1,1,1
2083,0,-18,352,180,115,1,1,1,1
2083,1,265,345,90,60,1,1,1,1
2083,2,465,337,60,45,1,1,1,1
2083,3,659,337,280,65,1,1,1,1
2083,4,808,382,55,45,1,1,1,1
2084,0,-18,352,180,115,1,1,1,1
2084,1,265,345,90,60,1,1,1,1
2084,2,465,337,60,45,1,1,1,1
2084,3,659,337,280,65,1,1,1,1
2084,4,808,382,55,45,1,1,1,1
2085,0,-18,352,180,115,1,1,1,1
2085,1,265,345,90,60,1,1,1,1
2085,2,465,337,60,45,1,1,1,1
2085,3,659,337,280,65,1,1,1,1
2085,4,808,382,55,45,1,1,1,1
2086,0,-18,352,180,115,1,1,1,1
2086,1,265,345,90,60,1,1,1,1
2086,2,465,337,60,45,1,1,1,1
2086,3,659,337,280,65,1,1,1,1
2086,4,808,382,55,45,1,1,1,1
2087,0,-19,352,180,115,1,1,1,1
2087,1,265,345,90,60,1,1,1,1
2087,2,465,337,60,45,1,1,1,1
2087,3,659,337,280,65,1,1,1,1
2087,4,808,382,55,45,1,1,1,1
2088,0,-19,352,180,115,1,1,1,1
2088,1,265,345,90,60,1,1,1,1
2088,2,465,337,60,45,1,1,1,1
2088,3,659,337,280,65,1,1,1,1
2088,4,808,382,55,45,1,1,1,1
2089,0,-19,352,180,115,1,1,1,1
2089,1,265,345,90,60,1,1,1,1
2089,2,465,337,60,45,1,1,1,1
2089,3,659,337,280,65,1,1,1,1
2089,4,808,382,55,45,1,1,1,1
2090,0,-19,352,180,115,1,1,1,1
2090,1,265,345,90,60,1,1,1,1
2090,2,465,337,60,45,1,1,1,1
2090,3,659,337,280,65,1,1,1,1
2090,4,808,382,55,45,1,1,1,1
2091,0,-19,352,180,115,1,1,1,1
2091,1,265,345,90,60,1,1,1,1
2091,2,465,337,60,45,1,1,1,1
2091,3,659,337,280,65,1,1,1,1
2091,4,808,382,55,45,1,1,1,1
2092,0,-19,352,180,115,1,1,1,1
2092,1,265,345,90,60,1,1,1,1
2092,2,465,337,60,45,1,1,1,1
2092,3,659,337,280,65,1,1,1,1
2092,4,808,382,55,45,1,1,1,1
2093,0,-19,352,180,115,1,1,1,1
2093,1,265,345,90,60,1,1,1,1
2093,2,465,337,60,45,1,1,1,1
2093,3,659,337,280,65,1,1,1,1
2093,4,807,382,55,45,1,1,1,1
2094,0,-19,352,180,115,1,1,1,1
2094,1,265,345,90,60,1,1,1,1
2094,2,465,337,60,45,1,1,1,1
2094,3,659,337,280,65,1,1,1,1
2094,4,807,382,55,45,1,1,1,1
2095,0,-19,352,180,115,1,1,1,1
2095,1,265,345,90,60,1,1,1,1
2095,2,465,337,60,45,1,1,1,1
2095,3,659,337,280,65,1,1,1,1
2095,4,807,382,55,45,1,1,1,1
2096,0,-19,352,180,115,1,1,1,1
2096,1,265,345,90,60,1,1,1,1
2096,2,465,337,60,45,1,1,1,1
2096,3,659,337,280,65,1,1,1,1
2096,4,807,382,55,45,1,1,1,1
2097,0,-19,352,180,115,1,1,1,1
2097,1,265,345,90,60,1,1,1,1
2097,2,465,337,60,45,1,1,1,1
2097,3,659,337,280,65,1,1,1,1
2097,4,807,382,55,45,1,1,1,1
2098,0,-19,352,180,115,1,1,1,1
2098,1,265,345,90,60,1,1,1,1
2098,2,465,337,60,45,1,1,1,1
2098,3,659,337,280,65,1,1,1,1
2098,4,807,382,55,45,1,1,1,1
2099,0,-19,352,180,115,1,1,1,1
2099,1,265,345,90,60,1,1,1,1
2099,2,465,337,60,45,1,1,1,1
2099,3,659,337,280,65,1,1,1,1
2099,4,807,382,55,45,1,1,1,1
2100,0,-19,352,180,115,1,1,1,1
2100,1,265,345,90,60,1,1,1,1
2100,2,465,337,60,45,1,1,1,1
2100,3,659,337,280,65,1,1,1,1
2100,4,807,382,55,45,1,1,1,1
2101,0,-19,352,180,115,1,1,1,1
2101,1,265,345,90,60,1,1,1,1
2101,2,465,337,60,45,1,1,1,1
2101,3,659,337,280,65,1,1,1,1
2101,4,807,382,55,45,1,1,1,1
2102,0,-20,352,180,115,1,1,1,1
2102,1,265,345,90,60,1,1,1,1
2102,2,465,337,60,45,1,1,1,1
2102,3,659,337,280,65,1,1,1,1
2102,4,807,382,55,45,1,1,1,1
2103,0,-20,352,180,115,1,1,1,1
2103,1,264,345,90,60,1,1,1,1
2103,2,464,337,60,45,1,1,1,1
2103,3,658,337,280,65,1,1,1,1
2103,4,807,382,55,45,1,1,1,1
2104,0,-20,352,180,115,1,1,1,1
2104,1,264,345,90,60,1,1,1,1
2104,2,464,337,60,45,1,1,1,1
2104,3,658,337,280,65,1,1,1,1
2104,4,807,382,55,45,1,1,1,1
2105,0,-20,352,180,115,1,1,1,1
2105,1,264,345,90,60,1,1,1,1
2105,2,464,337,60,45,1,1,1,1
2105,3,658,337,280,65,1,1,1,1
2105,4,807,382,55,45,1,1,1,1
2106,0,-20,352,180,115,1,1,1,1
2106,1,264,345,90,60,1,1,1,1
2106,2,464,337,60,45,1,1,1,1
2106,3,658,337,280,65,1,1,1,1
2106,4,807,382,55,45,1,1,1,1
2107,0,-20,352,180,115,1,1,1,1
2107,1,264,345,90,60,1,1,1,1
2107,2,464,337,60,45,1,1,1,1
2107,3,658,337,280,65,1,1,1,1
2107,4,807,382,55,45,1,1,1,1
2108,0,-20,352,180,115,1,1,1,1
2108,1,264,345,90,60,1,1,1,1
2108,2,464,337,60,45,1,1,1,1
2108,3,658,337,280,65,1,1,1,1
2108,4,807,382,55,45,1,1,1,1
2109,0,-20,352,180,115,1,1,1,1
2109,1,264,345,90,60,1,1,1,1
2109,2,464,337,60,45,1,1,1,1
2109,3,658,337,280,65,1,1,1,1
2109,4,807,382,55,45,1,1,1,1
2110,0,-20,352,180,115,1,1,1,1
2110,1,264,345,90,60,1,1,1,1
2110,2,464,337,60,45,1,1,1,1
2110,3,658,337,280,65,1,1,1,1
2110,4,807,382,55,45,1,1,1,1
2111,0,-20,352,180,115,1,1,1,1
2111,1,264,345,90,60,1,1,1,1
2111,2,464,337,60,45,1,1,1,1
2111,3,658,337,280,65,1,1,1,1
2111,4,807,382,55,45,1,1,1,1
2112,0,-20,352,180,115,1,1,1,1
2112,1,264,345,90,60,1,1,1,1
2112,2,464,337,60,45,1,1,1,1
2112,3,658,337,280,65,1,1,1,1
2112,4,807,382,55,45,1,1,1,1
2113,0,-20,352,180,115,1,1,1,1
2113,1,264,345,90,60,1,1,1,1
2113,2,464,337,60,45,1,1,1,1
2113,3,658,337,280,65,1,1,1,1
2113,4,806,382,55,45,1,1,1,1
2114,0,-20,352,180,115,1,1,1,1
2114,1,264,345,90,60,1,1,1,1
2114,2,464,337,60,45,1,1,1,1
2114,3,658,337,280,65,1,1,1,1
2114,4,806,382,55,45,1,1,1,1
2115,0,-20,352,180,115,1,1,1,1
2115,1,264,345,90,60,1,1,1,1
2115,2,464,337,60,45,1,1,1,1
2115,3,658,337,280,65,1,1,1,1
2115,4,806,382,55,45,1,1,1,1
2116,0,-20,352,180,115,1,1,1,1
2116,1,264,345,90,60,1,1,1,1
2116,2,464,337,60,45,1,1,1,1
2116,3,658,337,280,65,1,1,1,1
2116,4,806,382,55,45,1,1,1,1
2117,0,-21,352,180,115,1,1,1,1
2117,1,264,345,90,60,1,1,1,1
2117,2,464,337,60,45,1,1,1,1
2117,3,658,337,280,65,1,1,1,1
2117,4,806,382,55,45,1,1,1,1
2118,0,-21,352,180,115,1,1,1,1
2118,1,264,345,90,60,1,1,1,1
2118,2,464,337,60,45,1,1,1,1
2118,3,658,337,280,65,1,1,1,1
2118,4,806,382,55,45,1,1,1,1
2119,0,-21,352,180,115,1,1,1,1
2119,1,264,345,90,60,1,1,1,1
2119,2,464,337,60,45,1,1,1,1
2119,3,658,337,280,65,1,1,1,1
2119,4,806,382,55,45,1,1,1,1
2120,0,-21,352,180,115,1,1,1,1
2120,1,264,345,90,60,1,1,1,1
2120,2,464,337,60,45,1,1,1,1
2120,3,658,337,280,65,1,1,1,1
2120,4,806,382,55,45,1,1,1,1
2121,0,-21,352,180,115,1,1,1,1
2121,1,264,345,90,60,1,1,1,1
2121,2,464,337,60,45,1,1,1,1
2121,3,658,337,280,65,1,1,1,1
2121,4,806,382,55,45,1,1,1,1
2122,0,-21,352,180,115,1,1,1,1
2122,1,264,345,90,60,1,1,1,1
2122,2,464,337,60,45,1,1,1,1
2122,3,658,337,280,65,1,1,1,1
2122,4,806,382,55,45,1,1,1,1
2123,0,-21,352,180,115,1,1,1,1
2123,1,264,345,90,60,1,1,1,1
2123,2,464,337,60,45,1,1,1,1
2123,3,658,337,280,65,1,1,1,1
2123,4,806,382,55,45,1,1,1,1
2124,0,-21,352,180,115,1,1,1,1
2124,1,264,345,90,60,1,1,1,1
2124,2,464,337,60,45,1,1,1,1
2124,3,658,337,280,65,1,1,1,1
2124,4,806,382,55,45,1,1,1,1
2125,0,-21,352,180,115,1,1,1,1
2125,1,264,345,90,60,1,1,1,1
2125,2,464,337,60,45,1,1,1,1
2125,3,658,337,280,65,1,1,1,1
2125,4,806,382,55,45,1,1,1,1
2126,0,-21,352,180,115,1,1,1,1
2126,1,264,345,90,60,1,1,1,1
2126,2,464,337,60,45,1,1,1,1
2126,3,658,337,280,65,1,1,1,1
2126,4,806,382,55,45,1,1,1,1
2127,0,-21,352,180,115,1,1,1,1
2127,1,264,345,90,60,1,1,1,1
2127,2,464,337,60,45,1,1,1,1
2127,3,658,337,280,65,1,1,1,1
2127,4,806,382,55,45,1,1,1,1
2128,0,-21,352,180,115,1,1,1,1
2128,1,264,345,90,60,1,1,1,1
2128,2,464,337,60,45,1,1,1,1
2128,3,658,337,280,65,1,1,1,1
2128,4,806,382,55,45,1,1,1,1
2129,0,-21,352,180,115,1,1,1,1
2129,1,264,345,90,60,1,1,1,1
2129,2,464,337,60,45,1,1,1,1
2129,3,658,337,280,65,1,1,1,1
2129,4,806,382,55,45,1,1,1,1
2130,0,-21,352,180,115,1,1,1,1
2130,1,264,345,90,60,1,1,1,1
2130,2,464,337,60,45,1,1,1,1
2130,3,658,337,280,65,1,1,1,1
2130,4,806,382,55,45,1,1,1,1
2131,0,-21,352,180,115,1,1,1,1
2131,1,264,345,90,60,1,1,1,1
2131,2,464,337,60,45,1,1,1,1
2131,3,658,337,280,65,1,1,1,1
2131,4,806,382,55,45,1,1,1,1
2132,0,-22,353,180,115,1,1,1,1
2132,1,264,345,90,60,1,1,1,1
2132,2,464,337,60,45,1,1,1,1
2132,3,658,337,280,65,1,1,1,1
2132,4,806,383,55,45,1,1,1,1
2133,0,-22,353,180,115,1,1,1,1
2133,1,263,345,90,60,1,1,1,1
2133,2,464,337,60,45,1,1,1,1
2133,3,658,337,280,65,1,1,1,1
2133,4,805,383,55,45,1,1,1,1
2134,0,-22,353,180,115,1,1,1,1
2134,1,263,345,90,60,1,1,1,1
2134,2,464,337,60,45,1,1,1,1
2134,3,658,337,280,65,1,1,1,1
2134,4,805,383,55,45,1,1,1,1
2135,0,-22,353,180,115,1,1,1,1
2135,1,263,345,90,60,1,1,1,1
2135,2,464,337,60,45,1,1,1,1
2135,3,658,337,280,65,1,1,1,1
2135,4,805,383,55,45,1,1,1,1
2136,0,-22,353,180,115,1,1,1,1
2136,1,263,345,90,60,1,1,1,1
2136,2,464,337,60,45,1,1,1,1
2136,3,658,337,280,65,1,1,1,1
2136,4,805,383,55,45,1,1,1,1
2137,0,-22,353,180,115,1,1,1,1
2137,1,263,345,90,60,1,1,1,1
2137,2,464,337,60,45,1,1,1,1
2137,3,658,337,280,65,1,1,1,1
2137,4,805,383,55,45,1,1,1,1
2138,0,-22,353,180,115,1,1,1,1
2138,1,263,345,90,60,1,1,1,1
2138,2,464,337,60,45,1,1,1,1
2138,3,658,337,280,65,1,1,1,1
2138,4,805,383,55,45,1,1,1,1
2139,0,-22,353,180,115,1,1,1,1
2139,1,263,345,90,60,1,1,1,1
2139,2,464,337,60,45,1,1,1,1
2139,3,658,337,280,65,1,1,1,1
2139,4,805,383,55,45,1,1,1,1
2140,0,-22,353,180,115,1,1,1,1
2140,1,263,345,90,60,1,1,1,1
2140,2,464,337,60,45,1,1,1,1
2140,3,658,337,280,65,1,1,1,1
2140,4,805,383,55,45,1,1,1,1
2141,0,-22,353,180,115,1,1,1,1
2141,1,263,345,90,60,1,1,1,1
2141,2,464,337,60,45,1,1,1,1
2141,3,658,337,280,65,1,1,1,1
2141,4,805,383,55,45,1,1,1,1
2142,0,-22,353,180,115,1,1,1,1
2142,1,263,345,90,60,1,1,1,1
2142,2,464,337,60,45,1,1,1,1
2142,3,658,337,280,65,1,1,1,1
2142,4,805,383,55,45,1,1,1,1
2143,0,-22,353,180,115,1,1,1,1
2143,1,263,345,90,60,1,1,1,1
2143,2,464,337,60,45,1,1,1,1
2143,3,658,337,280,65,1,1,1,1
2143,4,805,383,55,45,1,1,1,1
2144,0,-22,353,180,115,1,1,1,1
2144,1,263,345,90,60,1,1,1,1
2144,2,464,337,60,45,1,1,1,1
2144,3,658,337,280,65,1,1,1,1
2144,4,805,383,55,45,1,1,1,1
2145,0,-22,353,180,115,1,1,1,1
2145,1,263,345,90,60,1,1,1,1
2145,2,464,337,60,45,1,1,1,1
2145,3,658,337,280,65,1,1,1,1
2145,4,805,383,55,45,1,1,1,1
2146,0,-22,353,180,115,1,1,1,1
2146,1,263,345,90,60,1,1,1,1
2146,2,464,337,60,45,1,1,1,1
2146,3,658,337,280,65,1,1,1,1
2146,4,805,383,55,45,1,1,1,1
2147,0,-23,353,180,115,1,1,1,1
2147,1,263,345,90,60,1,1,1,1
2147,2,464,337,60,45,1,1,1,1
2147,3,658,337,280,65,1,1,1,1
2147,4,805,383,55,45,1,1,1,1
2148,0,-23,353,180,115,1,1,1,1
2148,1,263,345,90,60,1,1,1,1
2148,2,464,337,60,45,1,1,1,1
2148,3,658,337,280,65,1,1,1,1
2148,4,805,383,55,45,1,1,1,1
2149,0,-23,353,180,115,1,1,1,1
2149,1,263,345,90,60,1,1,1,1
2149,2,464,337,60,45,1,1,1,1
2149,3,658,337,280,65,1,1,1,1
2149,4,805,383,55,45,1,1,1,1
2150,0,-23,353,180,115,1,1,1,1
2150,1,263,345,90,60,1,1,1,1
2150,2,464,337,60,45,1,1,1,1
2150,3,658,337,280,65,1,1,1,1
2150,4,805,383,55,45,1,1,1,1
2151,0,-23,353,180,115,1,1,1,1
2151,1,263,345,90,60,1,1,1,1
2151,2,464,337,60,45,1,1,1,1
2151,3,658,337,280,65,1,1,1,1
2151,4,805,383,55,45,1,1,1,1
2152,0,-23,353,180,115,1,1,1,1
2152,1,263,345,90,60,1,1,1,1
2152,2,464,337,60,45,1,1,1,1
2152,3,658,337,280,65,1,1,1,1
2152,4,805,383,55,45,1,1,1,1
2153,0,-23,353,180,115,1,1,1,1
2153,1,263,345,90,60,1,1,1,1
2153,2,464,337,60,45,1,1,1,1
2153,3,658,337,280,65,1,1,1,1
2153,4,804,383,55,45,1,1,1,1
2154,0,-23,353,180,115,1,1,1,1
2154,1,263,345,90,60,1,1,1,1
2154,2,464,337,60,45,1,1,1,1
2154,3,658,337,280,65,1,1,1,1
2154,4,804,383,55,45,1,1,1,1
2155,0,-23,353,180,115,1,1,1,1
2155,1,263,345,90,60,1,1,1,1
2155,2,464,337,60,45,1,1,1,1
2155,3,658,337,280,65,1,1,1,1
2155,4,804,383,55,45,1,1,1,1
2156,0,-23,353,180,115,1,1,1,1
2156,1,263,345,90,60,1,1,1,1
2156,2,464,337,60,45,1,1,1,1
2156,3,658,337,280,65,1,1,1,1
2156,4,804,383,55,45,1,1,1,1
2157,0,-23,353,180,115,1,1,1,1
2157,1,263,345,90,60,1,1,1,1
2157,2,464,337,60,45,1,1,1,1
2157,3,658,337,280,65,1,1,1,1
2157,4,804,383,55,45,1,1,1,1
2158,0,-23,353,180,115,1,1,1,1
2158,1,263,345,90,60,1,1,1,1
2158,2,464,337,60,45,1,1,1,1
2158,3,658,337,280,65,1,1,1,1
2158,4,804,383,55,45,1,1,1,1
2159,0,-23,353,180,115,1,1,1,1
2159,1,263,345,90,60,1,1,1,1
2159,2,464,337,60,45,1,1,1,1
2159,3,658,337,280,65,1,1,1,1
2159,4,804,383,55,45,1,1,1,1
2160,0,-23,353,180,115,1,1,1,1
2160,1,263,345,90,60,1,1,1,1
2160,2,464,337,60,45,1,1,1,1
2160,3,658,337,280,65,1,1,1,1
2160,4,804,383,55,45,1,1,1,1
2161,0,-23,353,180,115,1,1,1,1
2161,1,263,345,90,60,1,1,1,1
2161,2,464,337,60,45,1,1,1,1
2161,3,658,337,280,65,1,1,1,1
2161,4,804,383,55,45,1,1,1,1
2162,0,-24,353,180,115,1,1,1,1
2162,1,263,345,90,60,1,1,1,1
2162,2,464,337,60,45,1,1,1,1
2162,3,658,337,280,65,1,1,1,1
2162,4,804,383,55,45,1,1,1,1
2163,0,-24,353,180,115,1,1,1,1
2163,1,262,345,90,60,1,1,1,1
2163,2,463,337,60,45,1,1,1,1
2163,3,658,337,280,65,1,1,1,1
2163,4,804,383,55,45,1,1,1,1
2164,0,-24,353,180,115,1,1,1,1
2164,1,262,345,90,60,1,1,1,1
2164,2,463,337,60,45,1,1,1,1
2164,3,658,337,280,65,1,1,1,1
2164,4,804,383,55,45,1,1,1,1
2165,0,-24,353,180,115,1,1,1,1
2165,1,262,345,90,60,1,1,1,1
2165,2,463,337,60,45,1,1,1,1
2165,3,658,337,280,65,1,1,1,1
2165,4,804,383,55,45,1,1,1,1
2166,0,-24,353,180,115,1,1,1,1
2166,1,262,345,90,60,1,1,1,1
2166,2,463,337,60,45,1,1,1,1
2166,3,658,337,280,65,1,1,1,1
2166,4,804,383,55,45,1,1,1,1
2167,0,-24,353,180,115,1,1,1,1
2167,1,262,345,90,60,1,1,1,1
2167,2,463,337,60,45,1,1,1,1
2167,3,658,337,280,65,1,1,1,1
2167,4,804,383,55,45,1,1,1,1
2168,0,-24,353,180,115,1,1,1,1
2168,1,262,345,90,60,1,1,1,1
2168,2,463,337,60,45,1,1,1,1
2168,3,658,337,280,65,1,1,1,1
2168,4,804,383,55,45,1,1,1,1
2169,0,-24,353,180,115,1,1,1,1
2169,1,262,345,90,60,1,1,1,1
2169,2,463,337,60,45,1,1,1,1
2169,3,658,337,280,65,1,1,1,1
2169,4,804,383,55,45,1,1,1,1
2170,0,-24,353,180,115,1,1,1,1
2170,1,262,345,90,60,1,1,1,1
2170,2,463,337,60,45,1,1,1,1
2170,3,658,337,280,65,1,1,1,1
2170,4,804,383,55,45,1,1,1,1
2171,0,-24,353,180,115,1,1,1,1
2171,1,262,345,90,60,1,1,1,1
2171,2,463,337,60,45,1,1,1,1
2171,3,658,337,280,65,1,1,1,1
2171,4,804,383,55,45,1,1,1,1
2172,0,-24,353,180,115,1,1,1,1
2172,1,262,345,90,60,1,1,1,1
2172,2,463,337,60,45,1,1,1,1
2172,3,658,337,280,65,1,1,1,1
2172,4,804,383,55,45,1,1,1,1
2173,0,-24,353,180,115,1,1,1,1
2173,1,262,345,90,60,1,1,1,1
2173,2,463,337,60,45,1,1,1,1
2173,3,658,337,280,65,1,1,1,1
2173,4,803,383,55,45,1,1,1,1
2174,0,-24,353,180,115,1,1,1,1
2174,1,262,345,90,60,1,1,1,1
2174,2,463,337,60,45,1,1,1,1
2174,3,658,337,280,65,1,1,1,1
2174,4,803,383,55,45,1,1,1,1
2175,0,-24,353,180,115,1,1,1,1
2175,1,262,345,90,60,1,1,1,1
2175,2,463,337,60,45,1,1,1,1
2175,3,658,337,280,65,1,1,1,1
2175,4,803,383,55,45,1,1,1,1
2176,0,-24,353,180,115,1,1,1,1
2176,1,262,345,90,60,1,1,1,1
2176,2,463,337,60,45,1,1,1,1
2176,3,658,337,280,65,1,1,1,1
2176,4,803,383,55,45,1,1,1,1
2177,0,-25,353,180,115,1,1,1,1
2177,1,262,345,90,60,1,1,1,1
2177,2,463,337,60,45,1,1,1,1
2177,3,658,337,280,65,1,1,1,1
2177,4,803,383,55,45,1,1,1,1
2178,0,-25,353,180,115,1,1,1,1
2178,1,262,345,90,60,1,1,1,1
2178,2,463,337,60,45,1,1,1,1
2178,3,658,337,280,65,1,1,1,1
2178,4,803,383,55,45,1,1,1,1
2179,0,-25,353,180,115,1,1,1,1
2179,1,262,345,90,60,1,1,1,1
2179,2,463,337,60,45,1,1,1,1
2179,3,658,337,280,65,1,1,1,1
2179,4,803,383,55,45,1,1,1,1
2180,0,-25,353,180,115,1,1,1,1
2180,1,262,345,90,60,1,1,1,1
2180,2,463,337,60,45,1,1,1,1
2180,3,658,337,280,65,1,1,1,1
2180,4,803,383,55,45,1,1,1,1
2181,0,-25,353,180,115,1,1,1,1
2181,1,262,345,90,60,1,1,1,1
2181,2,463,337,60,45,1,1,1,1
2181,3,658,337,280,65,1,1,1,1
2181,4,803,383,55,45,1,1,1,1
2182,0,-25,353,180,115,1,1,1,1
2182,1,262,345,90,60,1,1,1,1
2182,2,463,337,60,45,1,1,1,1
2182,3,658,337,280,65,1,1,1,1
2182,4,803,383,55,45,1,1,1,1
2183,0,-25,353,180,115,1,1,1,1
2183,1,262,345,90,60,1,1,1,1
2183,2,463,337,60,45,1,1,1,1
2183,3,658,337,280,65,1,1,1,1
2183,4,803,383,55,45,1,1,1,1
2184,0,-25,353,180,115,1,1,1,1
2184,1,262,345,90,60,1,1,1,1
2184,2,463,337,60,45,1,1,1,1
2184,3,658,337,280,65,1,1,1,1
2184,4,803,383,55,45,1,1,1,1
2185,0,-25,353,180,115,1,1,1,1
2185,1,262,345,90,60,1,1,1,1
2185,2,463,337,60,45,1,1,1,1
2185,3,658,337,280,65,1,1,1,1
2185,4,803,383,55,45,1,1,1,1
2186,0,-25,353,180,115,1,1,1,1
2186,1,262,345,90,60,1,1,1,1
2186,2,463,337,60,45,1,1,1,1
2186,3,658,337,280,65,1,1,1,1
2186,4,803,383,55,45,1,1,1,1
2187,0,-25,353,180,115,1,1,1,1
2187,1,262,345,90,60,1,1,1,1
2187,2,463,337,60,45,1,1,1,1
2187,3,658,337,280,65,1,1,1,1
2187,4,803,383,55,45,1,1,1,1
2188,0,-25,353,180,115,1,1,1,1
2188,1,262,345,90,60,1,1,1,1
2188,2,463,337,60,45,1,1,1,1
2188,3,658,337,280,65,1,1,1,1
2188,4,803,383,55,45,1,1,1,1
2189,0,-25,353,180,115,1,1,1,1
2189,1,262,345,90,60,1,1,1,1
2189,2,463,337,60,45,1,1,1,1
2189,3,658,337,280,65,1,1,1,1
2189,4,803,383,55,45,1,1,1,1
2190,0,-25,353,180,115,1,1,1,1
2190,1,262,345,90,60,1,1,1,1
2190,2,463,337,60,45,1,1,1,1
2190,3,658,337,280,65,1,1,1,1
2190,4,803,383,55,45,1,1,1,1
2191,0,-25,353,180,115,1,1,1,1
2191,1,262,345,90,60,1,1,1,1
2191,2,463,337,60,45,1,1,1,1
2191,3,658,337,280,65,1,1,1,1
2191,4,803,383,55,45,1,1,1,1
2192,0,-26,354,180,115,1,1,1,1
2192,1,262,345,90,60,1,1,1,1
2192,2,463,337,60,45,1,1,1,1
2192,3,658,337,280,65,1,1,1,1
2192,4,803,384,55,45,1,1,1,1
2193,0,-26,354,180,115,1,1,1,1
2193,1,261,345,90,60,1,1,1,1
2193,2,463,337,60,45,1,1,1,1
2193,3,658,337,280,65,1,1,1,1
2193,4,802,384,55,45,1,1,1,1
2194,0,-26,354,180,115,1,1,1,1
2194,1,261,345,90,60,1,1,1,1
2194,2,463,337,60,45,1,1,1,1
2194,3,658,337,280,65,1,1,1,1
2194,4,802,384,55,45,1,1,1,1
2195,0,-26,354,180,115,1,1,1,1
2195,1,261,345,90,60,1,1,1,1
2195,2,463,337,60,45,1,1,1,1
2195,3,658,337,280,65,1,1,1,1
2195,4,802,384,55,45,1,1,1,1
2196,0,-26,354,180,115,1,1,1,1
2196,1,261,345,90,60,1,1,1,1
2196,2,463,337,60,45,1,1,1,1
2196,3,658,337,280,65,1,1,1,1
2196,4,802,384,55,45,1,1,1,1
2197,0,-26,354,180,115,1,1,1,1
2197,1,261,345,90,60,1,1,1,1
2197,2,463,337,60,45,1,1,1,1
2197,3,658,337,280,65,1,1,1,1
2197,4,802,384,55,45,1,1,1,1
2198,0,-26,354,180,115,1,1,1,1
2198,1,261,345,90,60,1,1,1,1
2198,2,463,337,60,45,1,1,1,1
2198,3,658,337,280,65,1,1,1,1
2198,4,802,384,55,45,1,1,1,1
2199,0,-26,354,180,115,1,1,1,1
2199,1,261,345,90,60,1,1,1,1
2199,2,463,337,60,45,1,1,1,1
2199,3,658,337,280,65,1,1,1,1
2199,4,802,384,55,45,1,1,1,1
2200,0,-26,354,180,115,1,1,1,1
2200,1,261,345,90,60,1,1,1,1
2200,2,463,337,60,45,1,1,1,1
2200,3,658,337,280,65,1,1,1,1
2200,4,802,384,55,45,1,1,1,1
2201,0,-26,354,180,115,1,1,1,1
2201,1,261,345,90,60,1,1,1,1
2201,2,463,337,60,45,1,1,1,1
2201,3,658,337,280,65,1,1,1,1
2201,4,802,384,55,45,1,1,1,1
2202,0,-26,354,180,115,1,1,1,1
2202,1,261,345,90,60,1,1,1,1
2202,2,463,337,60,45,1,1,1,1
2202,3,658,337,280,65,1,1,1,1
2202,4,802,384,55,45,1,1,1,1
2203,0,-26,354,180,115,1,1,1,1
2203,1,261,345,90,60,1,1,1,1
2203,2,463,337,60,45,1,1,1,1
2203,3,657,337,280,65,1,1,1,1
2203,4,802,384,55,45,1,1,1,1
2204,0,-26,354,180,115,1,1,1,1
2204,1,261,345,90,60,1,1,1,1
2204,2,463,337,60,45,1,1,1,1
2204,3,657,337,280,65,1,1,1,1
2204,4,802,384,55,45,1,1,1,1
2205,0,-26,354,180,115,1,1,1,1
2205,1,261,345,90,60,1,1,1,1
2205,2,463,337,60,45,1,1,1,1
2205,3,657,337,280,65,1,1,1,1
2205,4,802,384,55,45,1,1,1,1
2206,0,-26,354,180,115,1,1,1,1
2206,1,261,345,90,60,1,1,1,1
2206,2,463,337,60,45,1,1,1,1
2206,3,657,337,280,65,1,1,1,1
2206,4,802,384,55,45,1,1,1,1
2207,0,-27,354,180,115,1,1,1,1
2207,1,261,345,90,60,1,1,1,1
2207,2,463,337,60,45,1,1,1,1
2207,3,657,337,280,65,1,1,1,1
2207,4,802,384,55,45,1,1,1,1
2208,0,-27,354,180,115,1,1,1,1
2208,1,261,345,90,60,1,1,1,1
2208,2,463,337,60,45,1,1,1,1
2208,3,657,337,280,65,1,1,1,1
2208,4,802,384,55,45,1,1,1,1
2209,0,-27,354,180,115,1,1,1,1
2209,1,261,345,90,60,1,1,1,1
2209,2,463,337,60,45,1,1,1,1
2209,3,657,337,280,65,1,1,1,1
2209,4,802,384,55,45,1,1,1,1
2210,0,-27,354,180,115,1,1,1,1
2210,1,261,345,90,60,1,1,1,1
2210,2,463,337,60,45,1,1,1,1
2210,3,657,337,280,65,1,1,1,1
2210,4,802,384,55,45,1,1,1,1
2211,0,-27,354,180,115,1,1,1,1
2211,1,261,345,90,60,1,1,1,1
2211,2,463,337,60,45,1,1,1,1
2211,3,657,337,280,65,1,1,1,1
2211,4,802,384,55,45,1,1,1,1
2212,0,-27,354,180,115,1,1,1,1
2212,1,261,345,90,60,1,1,1,1
2212,2,463,337,60,45,1,1,1,1
2212,3,657,337,280,65,1,1,1,1
2212,4,802,384,55,45,1,1,1,1
2213,0,-27,354,180,115,1,1,1,1
2213,1,261,345,90,60,1,1,1,1
2213,2,463,337,60,45,1,1,1,1
2213,3,657,337,280,65,1,1,1,1
2213,4,801,384,55,45,1,1,1,1
2214,0,-27,354,180,115,1,1,1,1
2214,1,261,345,90,60,1,1,1,1
2214,2,463,337,60,45,1,1,1,1
2214,3,657,337,280,65,1,1,1,1
2214,4,801,384,55,45,1,1,1,1
2215,0,-27,354,180,115,1,1,1,1
2215,1,261,345,90,60,1,1,1,1
2215,2,463,337,60,45,1,1,1,1
2215,3,657,337,280,65,1,1,1,1
2215,4,801,384,55,45,1,1,1,1
2216,0,-27,354,180,115,1,1,1,1
2216,1,261,345,90,60,1,1,1,1
2216,2,463,337,60,45,1,1,1,1
2216,3,657,337,280,65,1,1,1,1
2216,4,801,384,55,45,1,1,1,1
2217,0,-27,354,180,115,1,1,1,1
2217,1,261,345,90,60,1,1,1,1
2217,2,463,337,60,45,1,1,1,1
2217,3,657,337,280,65,1,1,1,1
2217,4,801,384,55,45,1,1,1,1
2218,0,-27,354,180,115,1,1,1,1
2218,1,261,345,90,60,1,1,1,1
2218,2,463,337,60,45,1,1,1,1
2218,3,657,337,280,65,1,1,1,1
2218,4,801,384,55,45,1,1,1,1
2219,0,-27,354,180,115,1,1,1,1
2219,1,261,345,90,60,1,1,1,1
2219,2,463,337,60,45,1,1,1,1
2219,3,657,337,280,65,1,1,1,1
2219,4,801,384,55,45,1,1,1,1
2220,0,-27,354,180,115,1,1,1,1
2220,1,261,345,90,60,1,1,1,1
2220,2,463,337,60,45,1,1,1,1
2220,3,657,337,280,65,1,1,1,1
2220,4,801,384,55,45,1,1,1,1
2221,0,-27,354,180,115,1,1,1,1
2221,1,261,345,90,60,1,1,1,1
2221,2,463,337,60,45,1,1,1,1
2221,3,657,337,280,65,1,1,1,1
2221,4,801,384,55,45,1,1,1,1
2222,0,-28,354,180,115,1,1,1,1
2222,1,261,345,90,60,1,1,1,1
2222,2,463,337,60,45,1,1,1,1
2222,3,657,337,280,65,1,1,1,1
2222,4,801,384,55,45,1,1,1,1
2223,0,-28,354,180,115,1,1,1,1
2223,1,260,345,90,60,1,1,1,1
2223,2,462,337,60,45,1,1,1,1
2223,3,657,337,280,65,1,1,1,1
2223,4,801,384,55,45,1,1,1,1
2224,0,-28,354,180,115,1,1,1,1
2224,1,260,345,90,60,1,1,1,1
2224,2,462,337,60,45,1,1,1,1
2224,3,657,337,280,65,1,1,1,1
2224,4,801,384,55,45,1,1,1,1
2225,0,-28,354,180,115,1,1,1,1
2225,1,260,345,90,60,1,1,1,1
2225,2,462,337,60,45,1,1,1,1
2225,3,657,337,280,65,1,1,1,1
2225,4,801,384,55,45,1,1,1,1
2226,0,-28,354,180,115,1,1,1,1
2226,1,260,345,90,60,1,1,1,1
2226,2,462,337,60,45,1,1,1,1
2226,3,657,337,280,65,1,1,1,1
2226,4,801,384,55,45,1,1,1,1
2227,0,-28,354,180,115,1,1,1,1
2227,1,260,345,90,60,1,1,1,1
2227,2,462,337,60,45,1,1,1,1
2227,3,657,337,280,65,1,1,1,1
2227,4,801,384,55,45,1,1,1,1
2228,0,-28,354,180,115,1,1,1,1
2228,1,260,345,90,60,1,1,1,1
2228,2,462,337,60,45,1,1,1,1
2228,3,657,337,280,65,1,1,1,1
2228,4,801,384,55,45,1,1,1,1
2229,0,-28,354,180,115,1,1,1,1
2229,1,260,345,90,60,1,1,1,1
2229,2,462,337,60,45,1,1,1,1
2229,3,657,337,280,65,1,1,1,1
2229,4,801,384,55,45,1,1,1,1
2230,0,-28,354,180,115,1,1,1,1
2230,1,260,345,90,60,1,1,1,1
2230,2,462,337,60,45,1,1,1,1
2230,3,657,337,280,65,1,1,1,1
2230,4,801,384,55,45,1,1,1,1
2231,0,-28,354,180,115,1,1,1,1
2231,1,260,345,90,60,1,1,1,1
2231,2,462,337,60,45,1,1,1,1
2231,3,657,337,280,65,1,1,1,1
2231,4,801,384,55,45,1,1,1,1
2232,0,-28,354,180,115,1,1,1,1
2232,1,260,345,90,60,1,1,1,1
2232,2,462,337,60,45,1,1,1,1
2232,3,657,337,280,65,1,1,1,1
2232,4,801,384,55,45,1,1,1,1
2233,0,-28,354,180,115,1,1,1,1
2233,1,260,345,90,60,1,1,1,1
2233,2,462,337,60,45,1,1,1,1
2233,3,657,337,280,65,1,1,1,1
2233,4,800,384,55,45,1,1,1,1
2234,0,-28,354,180,115,1,1,1,1
2234,1,260,345,90,60,1,1,1,1
2234,2,462,337,60,45,1,1,1,1
2234,3,657,337,280,65,1,1,1,1
2234,4,800,384,55,45,1,1,1,1
2235,0,-28,354,180,115,1,1,1,1
2235,1,260,345,90,60,1,1,1,1
2235,2,462,337,60,45,1,1,1,1
2235,3,657,337,280,65,1,1,1,1
2235,4,800,384,55,45,1,1,1,1
2236,0,-28,354,180,115,1,1,1,1
2236,1,260,345,90,60,1,1,1,1
2236,2,462,337,60,45,1,1,1,1
2236,3,657,337,280,65,1,1,1,1
2236,4,800,384,55,45,1,1,1,1
2237,0,-29,354,180,115,1,1,1,1
2237,1,260,345,90,60,1,1,1,1
2237,2,462,337,60,45,1,1,1,1
2237,3,657,337,280,65,1,1,1,1
2237,4,800,384,55,45,1,1,1,1
2238,0,-29,354,180,115,1,1,1,1
2238,1,260,345,90,60,1,1,1,1
2238,2,462,337,60,45,1,1,1,1
2238,3,657,337,280,65,1,1,1,1
2238,4,800,384,55,45,1,1,1,1
2239,0,-29,354,180,115,1,1,1,1
2239,1,260,345,90,60,1,1,1,1
2239,2,462,337,60,45,1,1,1,1
2239,3,657,337,280,65,1,1,1,1
2239,4,800,384,55,45,1,1,1,1
2240,0,-29,354,180,115,1,1,1,1
2240,1,260,345,90,60,1,1,1,1
2240,2,462,337,60,45,1,1,1,1
2240,3,657,337,280,65,1,1,1,1
2240,4,800,384,55,45,1,1,1,1
2241,0,-29,354,180,115,1,1,1,1
2241,1,260,345,90,60,1,1,1,1
2241,2,462,337,60,45,1,1,1,1
2241,3,657,337,280,65,1,1,1,1
2241,4,800,384,55,45,1,1,1,1
2242,0,-29,354,180,115,1,1,1,1
2242,1,260,345,90,60,1,1,1,1
2242,2,462,337,60,45,1,1,1,1
2242,3,657,337,280,65,1,1,1,1
2242,4,800,384,55,45,1,1,1,1
2243,0,-29,354,180,115,1,1,1,1
2243,1,260,345,90,60,1,1,1,1
2243,2,462,337,60,45,1,1,1,1
2243,3,657,337,280,65,1,1,1,1
2243,4,800,384,55,45,1,1,1,1
2244,0,-29,354,180,115,1,1,1,1
2244,1,260,345,90,60,1,1,1,1
2244,2,462,337,60,45,1,1,1,1
2244,3,657,337,280,65,1,1,1,1
2244,4,800,384,55,45,1,1,1,1
2245,0,-29,354,180,115,1,1,1,1
2245,1,260,345,90,60,1,1,1,1
2245,2,462,337,60,45,1,1,1,1
2245,3,657,337,280,65,1,1,1,1
2245,4,800,384,55,45,1,1,1,1
2246,0,-29,354,180,115,1,1,1,1
2246,1,260,345,90,60,1,1,1,1
2246,2,462,337,60,45,1,1,1,1
2246,3,657,337,280,65,1,1,1,1
2246,4,800,384,55,45,1,1,1,1
2247,0,-29,354,180,115,1,1,1,1
2247,1,260,345,90,60,1,1,1,1
2247,2,462,337,60,45,1,1,1,1
2247,3,657,337,280,65,1,1,1,1
2247,4,800,384,55,45,1,1,1,1
2248,0,-29,354,180,115,1,1,1,1
2248,1,260,345,90,60,1,1,1,1
2248,2,462,337,60,45,1,1,1,1
2248,3,657,337,280,65,1,1,1,1
2248,4,800,384,55,45,1,1,1,1
2249,0,-29,354,180,115,1,1,1,1
2249,1,260,345,90,60,1,1,1,1
2249,2,462,337,60,45,1,1,1,1
2249,3,657,337,280,65,1,1,1,1
2249,4,800,384,55,45,1,1,1,1
2250,0,-29,354,180,115,1,1,1,1
2250,1,260,345,90,60,1,1,1,1
2250,2,462,337,60,45,1,1,1,1
2250,3,657,337,280,65,1,1,1,1
2250,4,800,384,55,45,1,1,1,1
2251,0,-29,354,180,115,1,1,1,1
2251,1,260,345,90,60,1,1,1,1
2251,2,462,337,60,45,1,1,1,1
2251,3,657,337,280,65,1,1,1,1
2251,4,800,384,55,45,1,1,1,1
2252,0,-30,355,180,115,1,1,1,1
2252,1,260,345,90,60,1,1,1,1
2252,2,462,337,60,45,1,1,1,1
2252,3,657,337,280,65,1,1,1,1
2252,4,800,385,55,45,1,1,1,1
2253,0,-30,355,180,115,1,1,1,1
2253,1,259,345,90,60,1,1,1,1
2253,2,462,337,60,45,1,1,1,1
2253,3,657,337,280,65,1,1,1,1
2253,4,799,385,55,45,1,1,1,1
2254,0,-30,355,180,115,1,1,1,1
2254,1,259,345,90,60,1,1,1,1
2254,2,462,337,60,45,1,1,1,1
2254,3,657,337,280,65,1,1,1,1
2254,4,799,385,55,45,1,1,1,1
2255,0,-30,355,180,115,1,1,1,1
2255,1,259,345,90,60,1,1,1,1
2255,2,462,337,60,45,1,1,1,1
2255,3,657,337,280,65,1,1,1,1
2255,4,799,385,55,45,1,1,1,1
2256,0,-30,355,180,115,1,1,1,1
2256,1,259,345,90,60,1,1,1,1
2256,2,462,337,60,45,1,1,1,1
2256,3,657,337,280,65,1,1,1,1
2256,4,799,385,55,45,1,1,1,1
2257,0,-30,355,180,115,1,1,1,1
2257,1,259,345,90,60,1,1,1,1
2257,2,462,337,60,45,1,1,1,1
2257,3,657,337,280,65,1,1,1,1
2257,4,799,385,55,45,1,1,1,1
2258,0,-30,355,180,115,1,1,1,1
2258,1,259,345,90,60,1,1,1,1
2258,2,462,337,60,45,1,1,1,1
2258,3,657,337,280,65,1,1,1,1
2258,4,799,385,55,45,1,1,1,1
2259,0,-30,355,180,115,1,1,1,1
2259,1,259,345,90,60,1,1,1,1
2259,2,462,337,60,45,1,1,1,1
2259,3,657,337,280,65,1,1,1,1
2259,4,799,385,55,45,1,1,1,1
2260,0,-30,355,180,115,1,1,1,1
2260,1,259,345,90,60,1,1,1,1
2260,2,462,337,60,45,1,1,1,1
2260,3,657,337,280,65,1,1,1,1
2260,4,799,385,55,45,1,1,1,1
2261,0,-30,355,180,115,1,1,1,1
2261,1,259,345,90,60,1,1,1,1
2261,2,462,337,60,45,1,1,1,1
2261,3,657,337,280,65,1,1,1,1
2261,4,799,385,55,45,1,1,1,1
2262,0,-30,355,180,115,1,1,1,1
2262,1,259,345,90,60,1,1,1,1
2262,2,462,337,60,45,1,1,1,1
2262,3,657,337,280,65,1,1,1,1
2262,4,799,385,55,45,1,1,1,1
2263,0,-30,355,180,115,1,1,1,1
2263,1,259,345,90,60,1,1,1,1
2263,2,462,337,60,45,1,1,1,1
2263,3,657,337,280,65,1,1,1,1
2263,4,799,385,55,45,1,1,1,1
2264,0,-30,355,180,115,1,1,1,1
2264,1,259,345,90,60,1,1,1,1
2264,2,462,337,60,45,1,1,1,1
2264,3,657,337,280,65,1,1,1,1
2264,4,799,385,55,45,1,1,1,1
2265,0,-30,355,180,115,1,1,1,1
2265,1,259,345,90,60,1,1,1,1
2265,2,462,337,60,45,1,1,1,1
2265,3,657,337,280,65,1,1,1,1
2265,4,799,385,55,45,1,1,1,1
2266,0,-30,355,180,115,1,1,1,1
2266,1,259,345,90,60,1,1,1,1
2266,2,462,337,60,45,1,1,1,1
2266,3,657,337,280,65,1,1,1,1
2266,4,799,385,55,45,1,1,1,1
2267,0,-31,355,180,115,1,1,1,1
2267,1,259,345,90,60,1,1,1,1
2267,2,462,337,60,45,1,1,1,1
2267,3,657,337,280,65,1,1,1,1
2267,4,799,385,55,45,1,1,1,1
2268,0,-31,355,180,115,1,1,1,1
2268,1,259,345,90,60,1,1,1,1
2268,2,462,337,60,45,1,1,1,1
2268,3,657,337,280,65,1,1,1,1
2268,4,799,385,55,45,1,1,1,1
2269,0,-31,355,180,115,1,1,1,1
2269,1,259,345,90,60,1,1,1,1
2269,2,462,337,60,45,1,1,1,1
2269,3,657,337,280,65,1,1,1,1
2269,4,799,385,55,45,1,1,1,1
2270,0,-31,355,180,115,1,1,1,1
2270,1,259,345,90,60,1,1,1,1
2270,2,462,337,60,45,1,1,1,1
2270,3,657,337,280,65,1,1,1,1
2270,4,799,385,55,45,1,1,1,1
2271,0,-31,355,180,115,1,1,1,1
2271,1,259,345,90,60,1,1,1,1
2271,2,462,337,60,45,1,1,1,1
2271,3,657,337,280,65,1,1,1,1
2271,4,799,385,55,45,1,1,1,1
2272,0,-31,355,180,115,1,1,1,1
2272,1,259,345,90,60,1,1,1,1
2272,2,462,337,60,45,1,1,1,1
2272,3,657,337,280,65,1,1,1,1
2272,4,799,385,55,45,1,1,1,1
2273,0,-31,355,180,115,1,1,1,1
2273,1,259,345,90,60,1,1,1,1
2273,2,462,337,60,45,1,1,1,1
2273,3,657,337,280,65,1,1,1,1
2273,4,798,385,55,45,1,1,1,1
2274,0,-31,355,180,115,1,1,1,1
2274,1,259,345,90,60,1,1,1,1
2274,2,462,337,60,45,1,1,1,1
2274,3,657,337,280,65,1,1,1,1
2274,4,798,385,55,45,1,1,1,1
2275,0,-31,355,180,115,1,1,1,1
2275,1,259,345,90,60,1,1,1,1
2275,2,462,337,60,45,1,1,1,1
2275,3,657,337,280,65,1,1,1,1
2275,4,798,385,55,45,1,1,1,1
2276,0,-31,355,180,115,1,1,1,1
2276,1,259,345,90,60,1,1,1,1
2276,2,462,337,60,45,1,1,1,1
2276,3,657,337,280,65,1,1,1,1
2276,4,798,385,55,45,1,1,1,1
2277,0,-31,355,180,115,1,1,1,1
2277,1,259,345,90,60,1,1,1,1
2277,2,462,337,60,45,1,1,1,1
2277,3,657,337,280,65,1,1,1,1
2277,4,798,385,55,45,1,1,1,1
2278,0,-31,355,180,115,1,1,1,1
2278,1,259,345,90,60,1,1,1,1
2278,2,462,337,60,45,1,1,1,1
2278,3,657,337,280,65,1,1,1,1
2278,4,798,385,55,45,1,1,1,1
2279,0,-31,355,180,115,1,1,1,1
2279,1,259,345,90,60,1,1,1,1
2279,2,462,337,60,45,1,1,1,1
2279,3,657,337,280,65,1,1,1,1
2279,4,798,385,55,45,1,1,1,1
2280,0,-31,355,180,115,1,1,1,1
2280,1,259,345,90,60,1,1,1,1
2280,2,462,337,60,45,1,1,1,1
2280,3,657,337,280,65,1,1,1,1
2280,4,798,385,55,45,1,1,1,1
2281,0,-31,355,180,115,1,1,1,1
2281,1,259,345,90,60,1,1,1,1
2281,2,462,337,60,45,1,1,1,1
2281,3,657,337,280,65,1,1,1,1
2281,4,798,385,55,45,1,1,1,1
2282,0,-32,355,180,115,1,1,1,1
2282,1,259,345,90,60,1,1,1,1
2282,2,462,337,60,45,1,1,1,1
2282,3,657,337,280,65,1,1,1,1
2282,4,798,385,55,45,1,1,1,1
2283,0,-32,355,180,115,1,1,1,1
2283,1,258,345,90,60,1,1,1,1
2283,2,461,337,60,45,1,1,1,1
2283,3,657,337,280,65,1,1,1,1
2283,4,798,385,55,45,1,1,1,1
2284,0,-32,355,180,115,1,1,1,1
2284,1,258,345,90,60,1,1,1,1
2284,2,461,337,60,45,1,1,1,1
2284,3,657,337,280,65,1,1,1,1
2284,4,798,385,55,45,1,1,1,1
2285,0,-32,355,180,115,1,1,1,1
2285,1,258,345,90,60,1,1,1,1
2285,2,461,337,60,45,1,1,1,1
2285,3,657,337,280,65,1,1,1,1
2285,4,798,385,55,45,1,1,1,1
2286,0,-32,355,180,115,1,1,1,1
2286,1,258,345,90,60,1,1,1,1
2286,2,461,337,60,45,1,1,1,1
2286,3,657,337,280,65,1,1,1,1
2286,4,798,385,55,45,1,1,1,1
2287,0,-32,355,180,115,1,1,1,1
2287,1,258,345,90,60,1,1,1,1
2287,2,461,337,60,45,1,1,1,1
2287,3,657,337,280,65,1,1,1,1
2287,4,798,385,55,45,1,1,1,1
2288,0,-32,355,180,115,1,1,1,1
2288,1,258,345,90,60,1,1,1,1
2288,2,461,337,60,45,1,1,1,1
2288,3,657,337,280,65,1,1,1,1
2288,4,798,385,55,45,1,1,1,1
2289,0,-32,355,180,115,1,1,1,1
2289,1,258,345,90,60,1,1,1,1
2289,2,461,337,60,45,1,1,1,1
2289,3,657,337,280,65,1,1,1,1
2289,4,798,385,55,45,1,1,1,1
2290,0,-32,355,180,115,1,1,1,1
2290,1,258,345,90,60,1,1,1,1
2290,2,461,337,60,45,1,1,1,1
2290,3,657,337,280,65,1,1,1,1
2290,4,798,385,55,45,1,1,1,1
2291,0,-32,355,180,115,1,1,1,1
2291,1,258,345,90,60,1,1,1,1
2291,2,461,337,60,45,1,1,1,1
2291,3,657,337,280,65,1,1,1,1
2291,4,798,385,55,45,1,1,1,1
2292,0,-32,355,180,115,1,1,1,1
2292,1,258,345,90,60,1,1,1,1
2292,2,461,337,60,45,1,1,1,1
2292,3,657,337,280,65,1,1,1,1
2292,4,798,385,55,45,1,1,1,1
2293,0,-32,355,180,115,1,1,1,1
2293,1,258,345,90,60,1,1,1,1
2293,2,461,337,60,45,1,1,1,1
2293,3,657,337,280,65,1,1,1,1
2293,4,797,385,55,45,1,1,1,1
2294,0,-32,355,180,115,1,1,1,1
2294,1,258,345,90,60,1,1,1,1
2294,2,461,337,60,45,1,1,1,1
2294,3,657,337,280,65,1,1,1,1
2294,4,797,385,55,45,1,1,1,1
2295,0,-32,355,180,115,1,1,1,1
2295,1,258,345,90,60,1,1,1,1
2295,2,461,337,60,45,1,1,1,1
2295,3,657,337,280,65,1,1,1,1
2295,4,797,385,55,45,1,1,1,1
2296,0,-32,355,180,115,1,1,1,1
2296,1,258,345,90,60,1,1,1,1
2296,2,461,337,60,45,1,1,1,1
2296,3,657,337,280,65,1,1,1,1
2296,4,797,385,55,45,1,1,1,1
2297,0,-33,355,180,115,1,1,1,1
2297,1,258,345,90,60,1,1,1,1
2297,2,461,337,60,45,1,1,1,1
2297,3,657,337,280,65,1,1,1,1
2297,4,797,385,55,45,1,1,1,1
2298,0,-33,355,180,115,1,1,1,1
2298,1,258,345,90,60,1,1,1,1
2298,2,461,337,60,45,1,1,1,1
2298,3,657,337,280,65,1,1,1,1
2298,4,797,385,55,45,1,1,1,1
2299,0,-33,355,180,115,1,1,1,1
2299,1,258,345,90,60,1,1,1,1
2299,2,461,337,60,45,1,1,1,1
2299,3,657,337,280,65,1,1,1,1
2299,4,797,385,55,45,1,1,1,1
2300,0,-33,355,180,115,1,1,1,1
2300,1,258,345,90,60,1,1,1,1
2300,2,461,337,60,45,1,1,1,1
2300,3,657,337,280,65,1,1,1,1
2300,4,797,385,55,45,1,1,1,1
2301,0,-33,355,180,115,1,1,1,1
2301,1,258,345,90,60,1,1,1,1
2301,2,461,337,60,45,1,1,1,1
2301,3,657,337,280,65,1,1,1,1
2301,4,797,385,55,45,1,1,1,1
2302,0,-33,355,180,115,1,1,1,1
2302,1,258,345,90,60,1,1,1,1
2302,2,461,337,60,45,1,1,1,1
2302,3,657,337,280,65,1,1,1,1
2302,4,797,385,55,45,1,1,1,1
2303,0,-33,355,180,115,1,1,1,1
2303,1,258,345,90,60,1,1,1,1
2303,2,461,337,60,45,1,1,1,1
2303,3,656,337,280,65,1,1,1,1
2303,4,797,385,55,45,1,1,1,1
2304,0,-33,355,180,115,1,1,1,1
2304,1,258,345,90,60,1,1,1,1
2304,2,461,337,60,45,1,1,1,1
2304,3,656,337,280,65,1,1,1,1
2304,4,797,385,55,45,1,1,1,1
2305,0,-33,355,180,115,1,1,1,1
2305,1,258,345,90,60,1,1,1,1
2305,2,461,337,60,45,1,1,1,1
2305,3,656,337,280,65,1,1,1,1
2305,4,797,385,55,45,1,1,1,1
2306,0,-33,355,180,115,1,1,1,1
2306,1,258,345,90,60,1,1,1,1
2306,2,461,337,60,45,1,1,1,1
2306,3,656,337,280,65,1,1,1,1
2306,4,797,385,55,45,1,1,1,1
2307,0,-33,355,180,115,1,1,1,1
2307,1,258,345,90,60,1,1,1,1
2307,2,461,337,60,45,1,1,1,1
2307,3,656,337,280,65,1,1,1,1
2307,4,797,385,55,45,1,1,1,1
2308,0,-33,355,180,115,1,1,1,1
2308,1,258,345,90,60,1,1,1,1
2308,2,461,337,60,45,1,1,1,1
2308,3,656,337,280,65,1,1,1,1
2308,4,797,385,55,45,1,1,1,1
2309,0,-33,355,180,115,1,1,1,1
2309,1,258,345,90,60,1,1,1,1
2309,2,461,337,60,45,1,1,1,1
2309,3,656,337,280,65,1,1,1,1
2309,4,797,385,55,45,1,1,1,1
2310,0,-33,355,180,115,1,1,1,1
2310,1,258,345,90,60,1,1,1,1
2310,2,461,337,60,45,1,1,1,1
2310,3,656,337,280,65,1,1,1,1
2310,4,797,385,55,45,1,1,1,1
2311,0,-33,355,180,115,1,1,1,1
2311,1,258,345,90,60,1,1,1,1
2311,2,461,337,60,45,1,1,1,1
2311,3,656,337,280,65,1,1,1,1
2311,4,797,385,55,45,1,1,1,1
2312,0,-34,356,180,115,1,1,1,1
2312,1,258,345,90,60,1,1,1,1
2312,2,461,337,60,45,1,1,1,1
2312,3,656,337,280,65,1,1,1,1
2312,4,797,386,55,45,1,1,1,1
2313,0,-34,356,180,115,1,1,1,1
2313,1,257,345,90,60,1,1,1,1
2313,2,461,337,60,45,1,1,1,1
2313,3,656,337,280,65,1,1,1,1
2313,4,796,386,55,45,1,1,1,1
2314,0,-34,356,180,115,1,1,1,1
2314,1,257,345,90,60,1,1,1,1
2314,2,461,337,60,45,1,1,1,1
2314,3,656,337,280,65,1,1,1,1
2314,4,796,386,55,45,1,1,1,1
2315,0,-34,356,180,115,1,1,1,1
2315,1,257,345,90,60,1,1,1,1
2315,2,461,337,60,45,1,1,1,1
2315,3,656,337,280,65,1,1,1,1
2315,4,796,386,55,45,1,1,1,1
2316,0,-34,356,180,115,1,1,1,1
2316,1,257,345,90,60,1,1,1,1
2316,2,461,337,60,45,1,1,1,1
2316,3,656,337,280,65,1,1,1,1
2316,4,796,386,55,45,1,1,1,1
2317,0,-34,356,180,115,1,1,1,1
2317,1,257,345,90,60,1,1,1,1
2317,2,461,337,60,45,1,1,1,1
2317,3,656,337,280,65,1,1,1,1
2317,4,796,386,55,45,1,1,1,1
2318,0,-34,356,180,115,1,1,1,1
2318,1,257,345,90,60,1,1,1,1
2318,2,461,337,60,45,1,1,1,1
2318,3,656,337,280,65,1,1,1,1
2318,4,796,386,55,45,1,1,1,1
2319,0,-34,356,180,115,1,1,1,1
2319,1,257,345,90,60,1,1,1,1
2319,2,461,337,60,45,1,1,1,1
2319,3,656,337,280,65,1,1,1,1
2319,4,796,386,55,45,1,1,1,1
2320,0,-34,356,180,115,1,1,1,1
2320,1,257,345,90,60,1,1,1,1
2320,2,461,337,60,45,1,1,1,1
2320,3,656,337,280,65,1,1,1,1
2320,4,796,386,55,45,1,1,1,1
2321,0,-34,356,180,115,1,1,1,1
2321,1,257,345,90,60,1,1,1,1
2321,2,461,337,60,45,1,1,1,1
2321,3,656,337,280,65,1,1,1,1
2321,4,796,386,55,45,1,1,1,1
2322,0,-34,356,180,115,1,1,1,1
2322,1,257,345,90,60,1,1,1,1
2322,2,461,337,60,45,1,1,1,1
2322,3,656,337,280,65,1,1,1,1
2322,4,796,386,55,45,1,1,1,1
2323,0,-34,356,180,115,1,1,1,1
2323,1,257,345,90,60,1,1,1,1
2323,2,461,337,60,45,1,1,1,1
2323,3,656,337,280,65,1,1,1,1
2323,4,796,386,55,45,1,1,1,1
2324,0,-34,356,180,115,1,1,1,1
2324,1,257,345,90,60,1,1,1,1
2324,2,461,337,60,45,1,1,1,1
2324,3,656,337,280,65,1,1,1,1
2324,4,796,386,55,45,1,1,1,1
2325,0,-34,356,180,115,1,1,1,1
2325,1,257,345,90,60,1,1,1,1
2325,2,461,337,60,45,1,1,1,1
2325,3,656,337,280,65,1,1,1,1
2325,4,796,386,55,45,1,1,1,1
2326,0,-34,356,180,115,1,1,1,1
2326,1,257,345,90,60,1,1,1,1
2326,2,461,337,60,45,1,1,1,1
2326,3,656,337,280,65,1,1,1,1
2326,4,796,386,55,45,1,1,1,1
2327,0,-35,356,180,115,1,1,1,1
2327,1,257,345,90,60,1,1,1,1
2327,2,461,337,60,45,1,1,1,1
2327,3,656,337,280,65,1,1,1,1
2327,4,796,386,55,45,1,1,1,1
2328,0,-35,356,180,115,1,1,1,1
2328,1,257,345,90,60,1,1,1,1
2328,2,461,337,60,45,1,1,1,1
2328,3,656,337,280,65,1,1,1,1
2328,4,796,386,55,45,1,1,1,1
2329,0,-35,356,180,115,1,1,1,1
2329,1,257,345,90,60,1,1,1,1
2329,2,461,337,60,45,1,1,1,1
2329,3,656,337,280,65,1,1,1,1
2329,4,796,386,55,45,1,1,1,1
2330,0,-35,356,180,115,1,1,1,1
2330,1,257,345,90,60,1,1,1,1
2330,2,461,337,60,45,1,1,1,1
2330,3,656,337,280,65,1,1,1,1
2330,4,796,386,55,45,1,1,1,1
2331,0,-35,356,180,115,1,1,1,1
2331,1,257,345,90,60,1,1,1,1
2331,2,461,337,60,45,1,1,1,1
2331,3,656,337,280,65,1,1,1,1
2331,4,796,386,55,45,1,1,1,1
2332,0,-35,356,180,115,1,1,1,1
2332,1,257,345,90,60,1,1,1,1
2332,2,461,337,60,45,1,1,1,1
2332,3,656,337,280,65,1,1,1,1
2332,4,796,386,55,45,1,1,1,1
2333,0,-35,356,180,115,1,1,1,1
2333,1,257,345,90,60,1,1,1,1
2333,2,461,337,60,45,1,1,1,1
2333,3,656,337,280,65,1,1,1,1
2333,4,795,386,55,45,1,1,1,1
2334,0,-35,356,180,115,1,1,1,1
2334,1,257,345,90,60,1,1,1,1
2334,2,461,337,60,45,1,1,1,1
2334,3,656,337,280,65,1,1,1,1
2334,4,795,386,55,45,1,1,1,1
2335,0,-35,356,180,115,1,1,1,1
2335,1,257,345,90,60,1,1,1,1
2335,2,461,337,60,45,1,1,1,1
2335,3,656,337,280,65,1,1,1,1
2335,4,795,386,55,45,1,1,1,1
2336,0,-35,356,180,115,1,1,1,1
2336,1,257,345,90,60,1,1,1,1
2336,2,461,337,60,45,1,1,1,1
2336,3,656,337,280,65,1,1,1,1
2336,4,795,386,55,45,1,1,1,1
2337,0,-35,356,180,115,1,1,1,1
2337,1,257,345,90,60,1,1,1,1
2337,2,461,337,60,45,1,1,1,1
2337,3,656,337,280,65,1,1,1,1
2337,4,795,386,55,45,1,1,1,1
2338,0,-35,356,180,115,1,1,1,1
2338,1,257,345,90,60,1,1,1,1
2338,2,461,337,60,45,1,1,1,1
2338,3,656,337,280,65,1,1,1,1
2338,4,795,386,55,45,1,1,1,1
2339,0,-35,356,180,115,1,1,1,1
2339,1,257,345,90,60,1,1,1,1
2339,2,461,337,60,45,1,1,1,1
2339,3,656,337,280,65,1,1,1,1
2339,4,795,386,55,45,1,1,1,1
2340,0,-35,356,180,115,1,1,1,1
2340,1,257,345,90,60,1,1,1,1
2340,2,461,337,60,45,1,1,1,1
2340,3,656,337,280,65,1,1,1,1
2340,4,795,386,55,45,1,1,1,1
2341,0,-35,356,180,115,1,1,1,1
2341,1,257,345,90,60,1,1,1,1
2341,2,461,337,60,45,1,1,1,1
2341,3,656,337,280,65,1,1,1,1
2341,4,795,386,55,45,1,1,1,1
2342,0,-36,356,180,115,1,1,1,1
2342,1,257,345,90,60,1,1,1,1
2342,2,461,337,60,45,1,1,1,1
2342,3,656,337,280,65,1,1,1,1
2342,4,795,386,55,45,1,1,1,1
2343,0,-36,356,180,115,1,1,1,1
2343,1,256,345,90,60,1,1,1,1
2343,2,460,337,60,45,1,1,1,1
2343,3,656,337,280,65,1,1,1,1
2343,4,795,386,55,45,1,1,1,1
2344,0,-36,356,180,115,1,1,1,1
2344,1,256,345,90,60,1,1,1,1
2344,2,460,337,60,45,1,1,1,1
2344,3,656,337,280,65,1,1,1,1
2344,4,795,386,55,45,1,1,1,1
2345,0,-36,356,180,115,1,1,1,1
2345,1,256,345,90,60,1,1,1,1
2345,2,460,337,60,45,1,1,1,1
2345,3,656,337,280,65,1,1,1,1
2345,4,795,386,55,45,1,1,1,1
2346,0,-36,356,180,115,1,1,1,1
2346,1,256,345,90,60,1,1,1,1
2346,2,460,337,60,45,1,1,1,1
2346,3,656,337,280,65,1,1,1,1
2346,4,795,386,55,45,1,1,1,1
2347,0,-36,356,180,115,1,1,1,1
2347,1,256,345,90,60,1,1,1,1
2347,2,460,337,60,45,1,1,1,1
2347,3,656,337,280,65,1,1,1,1
2347,4,795,386,55,45,1,1,1,1
2348,0,-36,356,180,115,1,1,1,1
2348,1,256,345,90,60,1,1,1,1
2348,2,460,337,60,45,1,1,1,1
2348,3,656,337,280,65,1,1,1,1
2348,4,795,386,55,45,1,1,1,1
2349,0,-36,356,180,115,1,1,1,1
2349,1,256,345,90,60,1,1,1,1
2349,2,460,337,60,45,1,1,1,1
2349,3,656,337,280,65,1,1,1,1
2349,4,795,386,55,45,1,1,1,1
2350,0,-36,356,180,115,1,1,1,1
2350,1,256,345,90,60,1,1,1,1
2350,2,460,337,60,45,1,1,1,1
2350,3,656,337,280,65,1,1,1,1
2350,4,795,386,55,45,1,1,1,1
2351,0,-36,356,180,115,1,1,1,1
2351,1,256,345,90,60,1,1,1,1
2351,2,460,337,60,45,1,1,1,1
2351,3,656,337,280,65,1,1,1,1
2351,4,795,386,55,45,1,1,1,1
2352,0,-36,356,180,115,1,1,1,1
2352,1,256,345,90,60,1,1,1,1
2352,2,460,337,60,45,1,1,1,1
2352,3,656,337,280,65,1,1,1,1
2352,4,795,386,55,45,1,1,1,1
2353,0,-36,356,180,115,1,1,1,1
2353,1,256,345,90,60,1,1,1,1
2353,2,460,337,60,45,1,1,1,1
2353,3,656,337,280,65,1,1,1,1
2353,4,794,386,55,45,1,1,1,1
2354,0,-36,356,180,115,1,1,1,1
2354,1,256,345,90,60,1,1,1,1
2354,2,460,337,60,45,1,1,1,1
2354,3,656,337,280,65,1,1,1,1
2354,4,794,386,55,45,1,1,1,1
2355,0,-36,356,180,115,1,1,1,1
2355,1,256,345,90,60,1,1,1,1
2355,2,460,337,60,45,1,1,1,1
2355,3,656,337,280,65,1,1,1,1
2355,4,794,386,55,45,1,1,1,1
2356,0,-36,356,180,115,1,1,1,1
2356,1,256,345,90,60,1,1,1,1
2356,2,460,337,60,45,1,1,1,1
2356,3,656,337,280,65,1,1,1,1
2356,4,794,386,55,45,1,1,1,1
2357,0,-37,356,180,115,1,1,1,1
2357,1,256,345,90,60,1,1,1,1
2357,2,460,337,60,45,1,1,1,1
2357,3,656,337,280,65,1,1,1,1
2357,4,794,386,55,45,1,1,1,1
2358,0,-37,356,180,115,1,1,1,1
2358,1,256,345,90,60,1,1,1,1
2358,2,460,337,60,45,1,1,1,1
2358,3,656,337,280,65,1,1,1,1
2358,4,794,386,55,45,1,1,1,1
2359,0,-37,356,180,115,1,1,1,1
2359,1,256,345,90,60,1,1,1,1
2359,2,460,337,60,45,1,1,1,1
2359,3,656,337,280,65,1,1,1,1
2359,4,794,386,55,45,1,1,1,1
2360,0,-37,356,180,115,1,1,1,1
2360,1,256,345,90,60,1,1,1,1
2360,2,460,337,60,45,1,1,1,1
2360,3,656,337,280,65,1,1,1,1
2360,4,794,386,55,45,1,1,1,1
2361,0,-37,356,180,115,1,1,1,1
2361,1,256,345,90,60,1,1,1,1
2361,2,460,337,60,45,1,1,1,1
2361,3,656,337,280,65,1,1,1,1
2361,4,794,386,55,45,1,1,1,1
2362,0,-37,356,180,115,1,1,1,1
2362,1,256,345,90,60,1,1,1,1
2362,2,460,337,60,45,1,1,1,1
2362,3,656,337,280,65,1,1,1,1
2362,4,794,386,55,45,1,1,1,1
2363,0,-37,356,180,115,1,1,1,1
2363,1,256,345,90,60,1,1,1,1
2363,2,460,337,60,45,1,1,1,1
2363,3,656,337,280,65,1,1,1,1
2363,4,794,386,55,45,1,1,1,1
2364,0,-37,356,180,115,1,1,1,1
2364,1,256,345,90,60,1,1,1,1
2364,2,460,337,60,45,1,1,1,1
2364,3,656,337,280,65,1,1,1,1
2364,4,794,386,55,45,1,1,1,1
2365,0,-37,356,180,115,1,1,1,1
2365,1,256,345,90,60,1,1,1,1
2365,2,460,337,60,45,1,1,1,1
2365,3,656,337,280,65,1,1,1,1
2365,4,794,386,55,45,1,1,1,1
2366,0,-37,356,180,115,1,1,1,1
2366,1,256,345,90,60,1,1,1,1
2366,2,460,337,60,45,1,1,1,1
2366,3,656,337,280,65,1,1,1,1
2366,4,794,386,55,45,1,1,1,1
2367,0,-37,356,180,115,1,1,1,1
2367,1,256,345,90,60,1,1,1,1
2367,2,460,337,60,45,1,1,1,1
2367,3,656,337,280,65,1,1,1,1
2367,4,794,386,55,45,1,1,1,1
2368,0,-37,356,180,115,1,1,1,1
2368,1,256,345,90,60,1,1,1,1
2368,2,460,337,60,45,1,1,1,1
2368,3,656,337,280,65,1,1,1,1
2368,4,794,386,55,45,1,1,1,1
2369,0,-37,356,180,115,1,1,1,1
2369,1,256,345,90,60,1,1,1,1
2369,2,460,337,60,45,1,1,1,1
2369,3,656,337,280,65,1,1,1,1
2369,4,794,386,55,45,1,1,1,1
2370,0,-37,356,180,115,1,1,1,1
2370,1,256,345,90,60,1,1,1,1
2370,2,460,337,60,45,1,1,1,1
2370,3,656,337,280,65,1,1,1,1
2370,4,794,386,55,45,1,1,1,1
2371,0,-37,356,180,115,1,1,1,1
2371,1,256,345,90,60,1,1,1,1
2371,2,460,337,60,45,1,1,1,1
2371,3,656,337,280,65,1,1,1,1
2371,4,794,386,55,45,1,1,1,1
2372,0,-38,357,180,115,1,1,1,1
2372,1,256,345,90,60,1,1,1,1
2372,2,460,337,60,45,1,1,1,1
2372,3,656,337,280,65,1,1,1,1
2372,4,794,387,55,45,1,1,1,1
2373,0,-38,357,180,115,1,1,1,1
2373,1,255,345,90,60,1,1,1,1
2373,2,460,337,60,45,1,1,1,1
2373,3,656,337,280,65,1,1,1,1
2373,4,793,387,55,45,1,1,1,1
2374,0,-38,357,180,115,1,1,1,1
2374,1,255,345,90,60,1,1,1,1
2374,2,460,337,60,45,1,1,1,1
2374,3,656,337,280,65,1,1,1,1
2374,4,793,387,55,45,1,1,1,1
2375,0,-38,357,180,115,1,1,1,1
2375,1,255,345,90,60,1,1,1,1
2375,2,460,337,60,45,1,1,1,1
2375,3,656,337,280,65,1,1,1,1
2375,4,793,387,55,45,1,1,1,1
2376,0,-38,357,180,115,1,1,1,1
2376,1,255,345,90,60,1,1,1,1
2376,2,460,337,60,45,1,1,1,1
2376,3,656,337,280,65,1,1,1,1
2376,4,793,387,55,45,1,1,1,1
2377,0,-38,357,180,115,1,1,1,1
2377,1,255,345,90,60,1,1,1,1
2377,2,460,337,60,45,1,1,1,1
2377,3,656,337,280,65,1,1,1,1
2377,4,793,387,55,45,1,1,1,1
2378,0,-38,357,180,115,1,1,1,1
2378,1,255,345,90,60,1,1,1,1
2378,2,460,337,60,45,1,1,1,1
2378,3,656,337,280,65,1,1,1,1
2378,4,793,387,55,45,1,1,1,1
2379,0,-38,357,180,115,1,1,1,1
2379,1,255,345,90,60,1,1,1,1
2379,2,460,337,60,45,1,1,1,1
2379,3,656,337,280,65,1,1,1,1
2379,4,793,387,55,45,1,1,1,1
2380,0,-38,357,180,115,1,1,1,1
2380,1,255,345,90,60,1,1,1,1
2380,2,460,337,60,45,1,1,1,1
2380,3,656,337,280,65,1,1,1,1
2380,4,793,387,55,45,1,1,1,1
2381,0,-38,357,180,115,1,1,1,1
2381,1,255,345,90,60,1,1,1,1
2381,2,460,337,60,45,1,1,1,1
2381,3,656,337,280,65,1,1,1,1
2381,4,793,387,55,45,1,1,1,1
2382,0,-38,357,180,115,1,1,1,1
2382,1,255,345,90,60,1,1,1,1
2382,2,460,337,60,45,1,1,1,1
2382,3,656,337,280,65,1,1,1,1
2382,4,793,387,55,45,1,1,1,1
2383,0,-38,357,180,115,1,1,1,1
2383,1,255,345,90,60,1,1,1,1
2383,2,460,337,60,45,1,1,1,1
2383,3,656,337,280,65,1,1,1,1
2383,4,793,387,55,45,1,1,1,1
2384,0,-38,357,180,115,1,1,1,1
2384,1,255,345,90,60,1,1,1,1
2384,2,460,337,60,45,1,1,1,1
2384,3,656,337,280,65,1,1,1,1
2384,4,793,387,55,45,1,1,1,1
2385,0,-38,357,180,115,1,1,1,1
2385,1,255,345,90,60,1,1,1,1
2385,2,460,337,60,45,1,1,1,1
2385,3,656,337,280,65,1,1,1,1
2385,4,793,387,55,45,1,1,1,1
2386,0,-38,357,180,115,1,1,1,1
2386,1,255,345,90,60,1,1,1,1
2386,2,460,337,60,45,1,1,1,1
2386,3,656,337,280,65,1,1,1,1
2386,4,793,387,55,45,1,1,1,1
2387,0,-39,357,180,115,1,1,1,1
2387,1,255,345,90,60,1,1,1,1
2387,2,460,337,60,45,1,1,1,1
2387,3,656,337,280,65,1,1,1,1
2387,4,793,387,55,45,1,1,1,1
2388,0,-39,357,180,115,1,1,1,1
2388,1,255,345,90,60,1,1,1,1
2388,2,460,337,60,45,1,1,1,1
2388,3,656,337,280,65,1,1,1,1
2388,4,793,387,55,45,1,1,1,1
2389,0,-39,357,180,115,1,1,1,1
2389,1,255,345,90,60,1,1,1,1
2389,2,460,337,60,45,1,1,1,1
2389,3,656,337,280,65,1,1,1,1
2389,4,793,387,55,45,1,1,1,1
2390,0,-39,357,180,115,1,1,1,1
2390,1,255,345,90,60,1,1,1,1
2390,2,460,337,60,45,1,1,1,1
2390,3,656,337,280,65,1,1,1,1
2390,4,793,387,55,45,1,1,1,1
2391,0,-39,357,180,115,1,1,1,1
2391,1,255,345,90,60,1,1,1,1
2391,2,460,337,60,45,1,1,1,1
2391,3,656,337,280,65,1,1,1,1
2391,4,793,387,55,45,1,1,1,1
2392,0,-39,357,180,115,1,1,1,1
2392,1,255,345,90,60,1,1,1,1
2392,2,460,337,60,45,1,1,1,1
2392,3,656,337,280,65,1,1,1,1
2392,4,793,387,55,45,1,1,1,1
2393,0,-39,357,180,115,1,1,1,1
2393,1,255,345,90,60,1,1,1,1
2393,2,460,337,60,45,1,1,1,1
2393,3,656,337,280,65,1,1,1,1
2393,4,792,387,55,45,1,1,1,1
2394,0,-39,357,180,115,1,1,1,1
2394,1,255,345,90,60,1,1,1,1
2394,2,460,337,60,45,1,1,1,1
2394,3,656,337,280,65,1,1,1,1
2394,4,792,387,55,45,1,1,1,1
2395,0,-39,357,180,115,1,1,1,1
2395,1,255,345,90,60,1,1,1,1
2395,2,460,337,60,45,1,1,1,1
2395,3,656,337,280,65,1,1,1,1
2395,4,792,387,55,45,1,1,1,1
2396,0,-39,357,180,115,1,1,1,1
2396,1,255,345,90,60,1,1,1,1
2396,2,460,337,60,45,1,1,1,1
2396,3,656,337,280,65,1,1,1,1
2396,4,792,387,55,45,1,1,1,1
2397,0,-39,357,180,115,1,1,1,1
2397,1,255,345,90,60,1,1,1,1
2397,2,460,337,60,45,1,1,1,1
2397,3,656,337,280,65,1,1,1,1
2397,4,792,387,55,45,1,1,1,1
2398,0,-39,357,180,115,1,1,1,1
2398,1,255,345,90,60,1,1,1,1
2398,2,460,337,60,45,1,1,1,1
2398,3,656,337,280,65,1,1,1,1
2398,4,792,387,55,45,1,1,1,1
2399,0,-39,357,180,115,1,1,1,1
2399,1,255,345,90,60,1,1,1,1
2399,2,460,337,60,45,1,1,1,1
2399,3,656,337,280,65,1,1,1,1
2399,4,792,387,55,45,1,1,1,1
2400,0,-39,357,180,115,1,1,1,1
2400,1,255,345,90,60,1,1,1,1
2400,2,460,337,60,45,1,1,1,1
2400,3,656,337,280,65,1,1,1,1
2400,4,792,387,55,45,1,1,1,1
2401,0,-39,357,180,115,1,1,1,1
2401,1,255,345,90,60,1,1,1,1
2401,2,460,337,60,45,1,1,1,1
2401,3,656,337,280,65,1,1,1,1
2401,4,792,387,55,45,1,1,1,1
2402,0,-40,357,180,115,1,1,1,1
2402,1,255,345,90,60,1,1,1,1
2402,2,460,337,60,45,1,1,1,1
2402,3,656,337,280,65,1,1,1,1
2402,4,792,387,55,45,1,1,1,1
2403,0,-40,357,180,115,1,1,1,1
2403,1,254,345,90,60,1,1,1,1
2403,2,459,337,60,45,1,1,1,1
2403,3,655,337,280,65,1,1,1,1
2403,4,792,387,55,45,1,1,1,1
2404,0,-40,357,180,115,1,1,1,1
2404,1,254,345,90,60,1,1,1,1
2404,2,459,337,60,45,1,1,1,1
2404,3,655,337,280,65,1,1,1,1
2404,4,792,387,55,45,1,1,1,1
2405,0,-40,357,180,115,1,1,1,1
2405,1,254,345,90,60,1,1,1,1
2405,2,459,337,60,45,1,1,1,1
2405,3,655,337,280,65,1,1,1,1
2405,4,792,387,55,45,1,1,1,1
2406,0,-40,357,180,115,1,1,1,1
2406,1,254,345,90,60,1,1,1,1
2406,2,459,337,60,45,1,1,1,1
2406,3,655,337,280,65,1,1,1,1
2406,4,792,387,55,45,1,1,1,1
2407,0,-40,357,180,115,1,1,1,1
2407,1,254,345,90,60,1,1,1,1
2407,2,459,337,60,45,1,1,1,1
2407,3,655,337,280,65,1,1,1,1
2407,4,792,387,55,45,1,1,1,1
2408,0,-40,357,180,115,1,1,1,1
2408,1,254,345,90,60,1,1,1,1
2408,2,459,337,60,45,1,1,1,1
2408,3,655,337,280,65,1,1,1,1
2408,4,792,387,55,45,1,1,1,1
2409,0,-40,357,180,115,1,1,1,1
2409,1,254,345,90,60,1,1,1,1
2409,2,459,337,60,45,1,1,1,1
2409,3,655,337,280,65,1,1,1,1
2409,4,792,387,55,45,1,1,1,1
2410,0,-40,357,180,115,1,1,1,1
2410,1,254,345,90,60,1,1,1,1
2410,2,459,337,60,45,1,1,1,1
2410,3,655,337,280,65,1,1,1,1
2410,4,792,387,55,45,1,1,1,1
2411,0,-40,357,180,115,1,1,1,1
2411,1,254,345,90,60,1,1,1,1
2411,2,459,337,60,45,1,1,1,1
2411,3,655,337,280,65,1,1,1,1
2411,4,792,387,55,45,1,1,1,1
2412,0,-40,357,180,115,1,1,1,1
2412,1,254,345,90,60,1,1,1,1
2412,2,459,337,60,45,1,1,1,1
2412,3,655,337,280,65,1,1,1,1
2412,4,792,387,55,45,1,1,1,1
2413,0,-40,357,180,115,1,1,1,1
2413,1,254,345,90,60,1,1,1,1
2413,2,459,337,60,45,1,1,1,1
2413,3,655,337,280,65,1,1,1,1
2413,4,791,387,55,45,1,1,1,1
2414,0,-40,357,180,115,1,1,1,1
2414,1,254,345,90,60,1,1,1,1
2414,2,459,337,60,45,1,1,1,1
2414,3,655,337,280,65,1,1,1,1
2414,4,791,387,55,45,1,1,1,1
2415,0,-40,357,180,115,1,1,1,1
2415,1,254,345,90,60,1,1,1,1
2415,2,459,337,60,45,1,1,1,1
2415,3,655,337,280,65,1,1,1,1
2415,4,791,387,55,45,1,1,1,1
2416,0,-40,357,180,115,1,1,1,1
2416,1,254,345,90,60,1,1,1,1
2416,2,459,337,60,45,1,1,1,1
2416,3,655,337,280,65,1,1,1,1
2416,4,791,387,55,45,1,1,1,1
2417,0,-41,357,180,115,1,1,1,1
2417,1,254,345,90,60,1,1,1,1
2417,2,459,337,60,45,1,1,1,1
2417,3,655,337,280,65,1,1,1,1
2417,4,791,387,55,45,1,1,1,1
2418,0,-41,357,180,115,1,1,1,1
2418,1,254,345,90,60,1,1,1,1
2418,2,459,337,60,45,1,1,1,1
2418,3,655,337,280,65,1,1,1,1
2418,4,791,387,55,45,1,1,1,1
2419,0,-41,357,180,115,1,1,1,1
2419,1,254,345,90,60,1,1,1,1
2419,2,459,337,60,45,1,1,1,1
2419,3,655,337,280,65,1,1,1,1
2419,4,791,387,55,45,1,1,1,1
2420,0,-41,357,180,115,1,1,1,1
2420,1,254,345,90,60,1,1,1,1
2420,2,459,337,60,45,1,1,1,1
2420,3,655,337,280,65,1,1,1,1
2420,4,791,387,55,45,1,1,1,1
2421,0,-41,357,180,115,1,1,1,1
2421,1,254,345,90,60,1,1,1,1
2421,2,459,337,60,45,1,1,1,1
2421,3,655,337,280,65,1,1,1,1
2421,4,791,387,55,45,1,1,1,1
2422,0,-41,357,180,115,1,1,1,1
2422,1,254,345,90,60,1,1,1,1
2422,2,459,337,60,45,1,1,1,1
2422,3,655,337,280,65,1,1,1,1
2422,4,791,387,55,45,1,1,1,1
2423,0,-41,357,180,115,1,1,1,1
2423,1,254,345,90,60,1,1,1,1
2423,2,459,337,60,45,1,1,1,1
2423,3,655,337,280,65,1,1,1,1
2423,4,791,387,55,45,1,1,1,1
2424,0,-41,357,180,115,1,1,1,1
2424,1,254,345,90,60,1,1,1,1
2424,2,459,337,60,45,1,1,1,1
2424,3,655,337,280,65,1,1,1,1
2424,4,791,387,55,45,1,1,1,1
2425,0,-41,357,180,115,1,1,1,1
2425,1,254,345,90,60,1,1,1,1
2425,2,459,337,60,45,1,1,1,1
2425,3,655,337,280,65,1,1,1,1
2425,4,791,387,55,45,1,1,1,1
2426,0,-41,357,180,115,1,1,1,1
2426,1,254,345,90,60,1,1,1,1
2426,2,459,337,60,45,1,1,1,1
2426,3,655,337,280,65,1,1,1,1
2426,4,791,387,55,45,1,1,1,1
2427,0,-41,357,180,115,1,1,1,1
2427,1,254,345,90,60,1,1,1,1
2427,2,459,337,60,45,1,1,1,1
2427,3,655,337,280,65,1,1,1,1
2427,4,791,387,55,45,1,1,1,1
2428,0,-41,357,180,115,1,1,1,1
2428,1,254,345,90,60,1,1,1,1
2428,2,459,337,60,45,1,1,1,1
2428,3,655,337,280,65,1,1,1,1
2428,4,791,387,55,45,1,1,1,1
2429,0,-41,357,180,115,1,1,1,1
2429,1,254,345,90,60,1,1,1,1
2429,2,459,337,60,45,1,1,1,1
2429,3,655,337,280,65,1,1,1,1
2429,4,791,387,55,45,1,1,1,1
2430,0,-41,357,180,115,1,1,1,1
2430,1,254,345,90,60,1,1,1,1
2430,2,459,337,60,45,1,1,1,1
2430,3,655,337,280,65,1,1,1,1
2430,4,791,387,55,45,1,1,1,1
2431,0,-41,357,180,115,1,1,1,1
2431,1,254,345,90,60,1,1,1,1
2431,2,459,337,60,45,1,1,1,1
2431,3,655,337,280,65,1,1,1,1
2431,4,791,387,55,45,1,1,1,1
2432,0,-42,358,180,115,1,1,1,1
2432,1,254,345,90,60,1,1,1,1
2432,2,459,337,60,45,1,1,1,1
2432,3,655,337,280,65,1,1,1,1
2432,4,791,388,55,45,1,1,1,1
2433,0,-42,358,180,115,1,1,1,1
2433,1,253,345,90,60,1,1,1,1
2433,2,459,337,60,45,1,1,1,1
2433,3,655,337,280,65,1,1,1,1
2433,4,790,388,55,45,1,1,1,1
2434,0,-42,358,180,115,1,1,1,1
2434,1,253,345,90,60,1,1,1,1
2434,2,459,337,60,45,1,1,1,1
2434,3,655,337,280,65,1,1,1,1
2434,4,790,388,55,45,1,1,1,1
2435,0,-42,358,180,115,1,1,1,1
2435,1,253,345,90,60,1,1,1,1
2435,2,459,337,60,45,1,1,1,1
2435,3,655,337,280,65,1,1,1,1
2435,4,790,388,55,45,1,1,1,1
2436,0,-42,358,180,115,1,1,1,1
2436,1,253,345,90,60,1,1,1,1
2436,2,459,337,60,45,1,1,1,1
2436,3,655,337,280,65,1,1,1,1
2436,4,790,388,55,45,1,1,1,1
2437,0,-42,358,180,115,1,1,1,1
2437,1,253,345,90,60,1,1,1,1
2437,2,459,337,60,45,1,1,1,1
2437,3,655,337,280,65,1,1,1,1
2437,4,790,388,55,45,1,1,1,1
2438,0,-42,358,180,115,1,1,1,1
2438,1,253,345,90,60,1,1,1,1
2438,2,459,337,60,45,1,1,1,1
2438,3,655,337,280,65,1,1,1,1
2438,4,790,388,55,45,1,1,1,1
2439,0,-42,358,180,115,1,1,1,1
2439,1,253,345,90,60,1,1,1,1
2439,2,459,337,60,45,1,1,1,1
2439,3,655,337,280,65,1,1,1,1
2439,4,790,388,55,45,1,1,1,1
2440,0,-42,358,180,115,1,1,1,1
2440,1,253,345,90,60,1,1,1,1
2440,2,459,337,60,45,1,1,1,1
2440,3,655,337,280,65,1,1,1,1
2440,4,790,388,55,45,1,1,1,1
2441,0,-42,358,180,115,1,1,1,1
2441,1,253,345,90,60,1,1,1,1
2441,2,459,337,60,45,1,1,1,1
2441,3,655,337,280,65,1,1,1,1
2441,4,790,388,55,45,1,1,1,1
2442,0,-42,358,180,115,1,1,1,1
2442,1,253,345,90,60,1,1,1,1
2442,2,459,337,60,45,1,1,1,1
2442,3,655,337,280,65,1,1,1,1
2442,4,790,388,55,45,1,1,1,1
2443,0,-42,358,180,115,1,1,1,1
2443,1,253,345,90,60,1,1,1,1
2443,2,459,337,60,45,1,1,1,1
2443,3,655,337,280,65,1,1,1,1
2443,4,790,388,55,45,1,1,1,1
2444,0,-42,358,180,115,1,1,1,1
2444,1,253,345,90,60,1,1,1,1
2444,2,459,337,60,45,1,1,1,1
2444,3,655,337,280,65,1,1,1,1
2444,4,790,388,55,45,1,1,1,1
2445,0,-42,358,180,115,1,1,1,1
2445,1,253,345,90,60,1,1,1,1
2445,2,459,337,60,45,1,1,1,1
2445,3,655,337,280,65,1,1,1,1
2445,4,790,388,55,45,1,1,1,1
2446,0,-42,358,180,115,1,1,1,1
2446,1,253,345,90,60,1,1,1,1
2446,2,459,337,60,45,1,1,1,1
2446,3,655,337,280,65,1,1,1,1
2446,4,790,388,55,45,1,1,1,1
2447,0,-43,358,180,115,1,1,1,1
2447,1,253,345,90,60,1,1,1,1
2447,2,459,337,60,45,1,1,1,1
2447,3,655,337,280,65,1,1,1,1
2447,4,790,388,55,45,1,1,1,1
2448,0,-43,358,180,115,1,1,1,1
2448,1,253,345,90,60,1,1,1,1
2448,2,459,337,60,45,1,1,1,1
2448,3,655,337,280,65,1,1,1,1
2448,4,790,388,55,45,1,1,1,1
2449,0,-43,358,180,115,1,1,1,1
2449,1,253,345,90,60,1,1,1,1
2449,2,459,337,60,45,1,1,1,1
2449,3,655,337,280,65,1,1,1,1
2449,4,790,388,55,45,1,1,1,1
2450,0,-43,358,180,115,1,1,1,1
2450,1,253,345,90,60,1,1,1,1
2450,2,459,337,60,45,1,1,1,1
2450,3,655,337,280,65,1,1,1,1
2450,4,790,388,55,45,1,1,1,1
2451,0,-43,358,180,115,1,1,1,1
2451,1,253,345,90,60,1,1,1,1
2451,2,459,337,60,45,1,1,1,1
2451,3,655,337,280,65,1,1,1,1
2451,4,790,388,55,45,1,1,1,1
2452,0,-43,358,180,115,1,1,1,1
2452,1,253,345,90,60,1,1,1,1
2452,2,459,337,60,45,1,1,1,1
2452,3,655,337,280,65,1,1,1,1
2452,4,790,388,55,45,1,1,1,1
2453,0,-43,358,180,115,1,1,1,1
2453,1,253,345,90,60,1,1,1,1
2453,2,459,337,60,45,1,1,1,1
2453,3,655,337,280,65,1,1,1,1
2453,4,789,388,55,45,1,1,1,1
2454,0,-43,358,180,115,1,1,1,1
2454,1,253,345,90,60,1,1,1,1
2454,2,459,337,60,45,1,1,1,1
2454,3,655,337,280,65,1,1,1,1
2454,4,789,388,55,45,1,1,1,1
2455,0,-43,358,180,115,1,1,1,1
2455,1,253,345,90,60,1,1,1,1
2455,2,459,337,60,45,1,1,1,1
2455,3,655,337,280,65,1,1,1,1
2455,4,789,388,55,45,1,1,1,1
2456,0,-43,358,180,115,1,1,1,1
2456,1,253,345,90,60,1,1,1,1
2456,2,459,337,60,45,1,1,1,1
2456,3,655,337,280,65,1,1,1,1
2456,4,789,388,55,45,1,1,1,1
2457,0,-43,358,180,115,1,1,1,1
2457,1,253,345,90,60,1,1,1,1
2457,2,459,337,60,45,1,1,1,1
2457,3,655,337,280,65,1,1,1,1
2457,4,789,388,55,45,1,1,1,1
2458,0,-43,358,180,115,1,1,1,1
2458,1,253,345,90,60,1,1,1,1
2458,2,459,337,60,45,1,1,1,1
2458,3,655,337,280,65,1,1,1,1
2458,4,789,388,55,45,1,1,1,1
2459,0,-43,358,180,115,1,1,1,1
2459,1,253,345,90,60,1,1,1,1
2459,2,459,337,60,45,1,1,1,1
2459,3,655,337,280,65,1,1,1,1
2459,4,789,388,55,45,1,1,1,1
2460,0,-43,358,180,115,1,1,1,1
2460,1,253,345,90,60,1,1,1,1
2460,2,459,337,60,45,1,1,1,1
2460,3,655,337,280,65,1,1,1,1
2460,4,789,388,55,45,1,1,1,1
2461,0,-43,358,180,115,1,1,1,1
2461,1,253,345,90,60,1,1,1,1
2461,2,459,337,60,45,1,1,1,1
2461,3,655,337,280,65,1,1,1,1
2461,4,789,388,55,45,1,1,1,1
2462,0,-44,358,180,115,1,1,1,1
2462,1,253,345,90,60,1,1,1,1
2462,2,459,337,60,45,1,1,1,1
2462,3,655,337,280,65,1,1,1,1
2462,4,789,388,55,45,1,1,1,1
2463,0,-44,358,180,115,1,1,1,1
2463,1,252,345,90,60,1,1,1,1
2463,2,458,337,60,45,1,1,1,1
2463,3,655,337,280,65,1,1,1,1
2463,4,789,388,55,45,1,1,1,1
2464,0,-44,358,180,115,1,1,1,1
2464,1,252,345,90,60,1,1,1,1
2464,2,458,337,60,45,1,1,1,1
2464,3,655,337,280,65,1,1,1,1
2464,4,789,388,55,45,1,1,1,1
2465,0,-44,358,180,115,1,1,1,1
2465,1,252,345,90,60,1,1,1,1
2465,2,458,337,60,45,1,1,1,1
2465,3,655,337,280,65,1,1,1,1
2465,4,789,388,55,45,1,1,1,1
2466,0,-44,358,180,115,1,1,1,1
2466,1,252,345,90,60,1,1,1,1
2466,2,458,337,60,45,1,1,1,1
2466,3,655,337,280,65,1,1,1,1
2466,4,789,388,55,45,1,1,1,1
2467,0,-44,358,180,115,1,1,1,1
2467,1,252,345,90,60,1,1,1,1
2467,2,458,337,60,45,1,1,1,1
2467,3,655,337,280,65,1,1,1,1
2467,4,789,388,55,45,1,1,1,1
2468,0,-44,358,180,115,1,1,1,1
2468,1,252,345,90,60,1,1,1,1
2468,2,458,337,60,45,1,1,1,1
2468,3,655,337,280,65,1,1,1,1
2468,4,789,388,55,45,1,1,1,1
2469,0,-44,358,180,115,1,1,1,1
2469,1,252,345,90,60,1,1,1,1
2469,2,458,337,60,45,1,1,1,1
2469,3,655,337,280,65,1,1,1,1
2469,4,789,388,55,45,1,1,1,1
2470,0,-44,358,180,115,1,1,1,1
2470,1,252,345,90,60,1,1,1,1
2470,2,458,337,60,45,1,1,1,1
2470,3,655,337,280,65,1,1,1,1
2470,4,789,388,55,45,1,1,1,1
2471,0,-44,358,180,115,1,1,1,1
2471,1,252,345,90,60,1,1,1,1
2471,2,458,337,60,45,1,1,1,1
2471,3,655,337,280,65,1,1,1,1
2471,4,789,388,55,45,1,1,1,1
2472,0,-44,358,180,115,1,1,1,1
2472,1,252,345,90,60,1,1,1,1
2472,2,458,337,60,45,1,1,1,1
2472,3,655,337,280,65,1,1,1,1
2472,4,789,388,55,45,1,1,1,1
2473,0,-44,358,180,115,1,1,1,1
2473,1,252,345,90,60,1,1,1,1
2473,2,458,337,60,45,1,1,1,1
2473,3,655,337,280,65,1,1,1,1
2473,4,788,388,55,45,1,1,1,1
2474,0,-44,358,180,115,1,1,1,1
2474,1,252,345,90,60,1,1,1,1
2474,2,458,337,60,45,1,1,1,1
2474,3,655,337,280,65,1,1,1,1
2474,4,788,388,55,45,1,1,1,1
2475,0,-44,358,180,115,1,1,1,1
2475,1,252,345,90,60,1,1,1,1
2475,2,458,337,60,45,1,1,1,1
2475,3,655,337,280,65,1,1,1,1
2475,4,788,388,55,45,1,1,1,1
2476,0,-44,358,180,115,1,1,1,1
2476,1,252,345,90,60,1,1,1,1
2476,2,458,337,60,45,1,1,1,1
2476,3,655,337,280,65,1,1,1,1
2476,4,788,388,55,45,1,1,1,1
2477,0,-45,358,180,115,1,1,1,1
2477,1,252,345,90,60,1,1,1,1
2477,2,458,337,60,45,1,1,1,1
2477,3,655,337,280,65,1,1,1,1
2477,4,788,388,55,45,1,1,1,1
2478,0,-45,358,180,115,1,1,1,1
2478,1,252,345,90,60,1,1,1,1
2478,2,458,337,60,45,1,1,1,1
2478,3,655,337,280,65,1,1,1,1
2478,4,788,388,55,45,1,1,1,1
2479,0,-45,358,180,115,1,1,1,1
2479,1,252,345,90,60,1,1,1,1
2479,2,458,337,60,45,1,1,1,1
2479,3,655,337,280,65,1,1,1,1
2479,4,788,388,55,45,1,1,1,1
2480,0,-45,358,180,115,1,1,1,1
2480,1,252,345,90,60,1,1,1,1
2480,2,458,337,60,45,1,1,1,1
2480,3,655,337,280,65,1,1,1,1
2480,4,788,388,55,45,1,1,1,1
2481,0,-45,358,180,115,1,1,1,1
2481,1,252,345,90,60,1,1,1,1
2481,2,458,337,60,45,1,1,1,1
2481,3,655,337,280,65,1,1,1,1
2481,4,788,388,55,45,1,1,1,1
2482,0,-45,358,180,115,1,1,1,1
2482,1,252,345,90,60,1,1,1,1
2482,2,458,337,60,45,1,1,1,1
2482,3,655,337,280,65,1,1,1,1
2482,4,788,388,55,45,1,1,1,1
2483,0,-45,358,180,115,1,1,1,1
2483,1,252,345,90,60,1,1,1,1
2483,2,458,337,60,45,1,1,1,1
2483,3,655,337,280,65,1,1,1,1
2483,4,788,388,55,45,1,1,1,1
2484,0,-45,358,180,115,1,1,1,1
2484,1,252,345,90,60,1,1,1,1
2484,2,458,337,60,45,1,1,1,1
2484,3,655,337,280,65,1,1,1,1
2484,4,788,388,55,45,1,1,1,1
2485,0,-45,358,180,115,1,1,1,1
2485,1,252,345,90,60,1,1,1,1
2485,2,458,337,60,45,1,1,1,1
2485,3,655,337,280,65,1,1,1,1
2485,4,788,388,55,45,1,1,1,1
2486,0,-45,358,180,115,1,1,1,1
2486,1,252,345,90,60,1,1,1,1
2486,2,458,337,60,45,1,1,1,1
2486,3,655,337,280,65,1,1,1,1
2486,4,788,388,55,45,1,1,1,1
2487,0,-45,358,180,115,1,1,1,1
2487,1,252,345,90,60,1,1,1,1
2487,2,458,337,60,45,1,1,1,1
2487,3,655,337,280,65,1,1,1,1
2487,4,788,388,55,45,1,1,1,1
2488,0,-45,358,180,115,1,1,1,1
2488,1,252,345,90,60,1,1,1,1
2488,2,458,337,60,45,1,1,1,1
2488,3,655,337,280,65,1,1,1,1
2488,4,788,388,55,45,1,1,1,1
2489,0,-45,358,180,115,1,1,1,1
2489,1,252,345,90,60,1,1,1,1
2489,2,458,337,60,45,1,1,1,1
2489,3,655,337,280,65,1,1,1,1
2489,4,788,388,55,45,1,1,1,1
2490,0,-45,358,180,115,1,1,1,1
2490,1,252,345,90,60,1,1,1,1
2490,2,458,337,60,45,1,1,1,1
2490,3,655,337,280,65,1,1,1,1
2490,4,788,388,55,45,1,1,1,1
2491,0,-45,358,180,115,1,1,1,1
2491,1,252,345,90,60,1,1,1,1
2491,2,458,337,60,45,1,1,1,1
2491,3,655,337,280,65,1,1,1,1
2491,4,788,388,55,45,1,1,1,1
2492,0,-46,359,180,115,1,1,1,1
2492,1,252,345,90,60,1,1,1,1
2492,2,458,337,60,45,1,1,1,1
2492,3,655,337,280,65,1,1,1,1
2492,4,788,389,55,45,1,1,1,1
2493,0,-46,359,180,115,1,1,1,1
2493,1,251,345,90,60,1,1,1,1
2493,2,458,337,60,45,1,1,1,1
2493,3,655,337,280,65,1,1,1,1
2493,4,787,389,55,45,1,1,1,1
2494,0,-46,359,180,115,1,1,1,1
2494,1,251,345,90,60,1,1,1,1
2494,2,458,337,60,45,1,1,1,1
2494,3,655,337,280,65,1,1,1,1
2494,4,787,389,55,45,1,1,1,1
2495,0,-46,359,180,115,1,1,1,1
2495,1,251,345,90,60,1,1,1,1
2495,2,458,337,60,45,1,1,1,1
2495,3,655,337,280,65,1,1,1,1
2495,4,787,389,55,45,1,1,1,1
2496,0,-46,359,180,115,1,1,1,1
2496,1,251,345,90,60,1,1,1,1
2496,2,458,337,60,45,1,1,1,1
2496,3,655,337,280,65,1,1,1,1
2496,4,787,389,55,45,1,1,1,1
2497,0,-46,359,180,115,1,1,1,1
2497,1,251,345,90,60,1,1,1,1
2497,2,458,337,60,45,1,1,1,1
2497,3,655,337,280,65,1,1,1,1
2497,4,787,389,55,45,1,1,1,1
2498,0,-46,359,180,115,1,1,1,1
2498,1,251,345,90,60,1,1,1,1
2498,2,458,337,60,45,1,1,1,1
2498,3,655,337,280,65,1,1,1,1
2498,4,787,389,55,45,1,1,1,1
2499,0,-46,359,180,115,1,1,1,1
2499,1,251,345,90,60,1,1,1,1
2499,2,458,337,60,45,1,1,1,1
2499,3,655,337,280,65,1,1,1,1
2499,4,787,389,55,45,1,1,1,1
2500,0,-46,359,180,115,1,1,1,1
2500,1,251,345,90,60,1,1,1,1
2500,2,458,337,60,45,1,1,1,1
2500,3,655,337,280,65,1,1,1,1
2500,4,787,389,55,45,1,1,1,1
2501,0,-46,359,180,115,1,1,1,1
2501,1,251,345,90,60,1,1,1,1
2501,2,458,337,60,45,1,1,1,1
2501,3,655,337,280,65,1,1,1,1
2501,4,787,389,55,45,1,1,1,1
2502,0,-46,359,180,115,1,1,1,1
2502,1,251,345,90,60,1,1,1,1
2502,2,458,337,60,45,1,1,1,1
2502,3,655,337,280,65,1,1,1,1
2502,4,787,389,55,45,1,1,1,1
2503,0,-46,359,180,115,1,1,1,1
2503,1,251,345,90,60,1,1,1,1
2503,2,458,337,60,45,1,1,1,1
2503,3,654,337,280,65,1,1,1,1
2503,4,787,389,55,45,1,1,1,1
2504,0,-46,359,180,115,1,1,1,1
2504,1,251,345,90,60,1,1,1,1
2504,2,458,337,60,45,1,1,1,1
2504,3,654,337,280,65,1,1,1,1
2504,4,787,389,55,45,1,1,1,1
2505,0,-46,359,180,115,1,1,1,1
2505,1,251,345,90,60,1,1,1,1
2505,2,458,337,60,45,1,1,1,1
2505,3,654,337,280,65,1,1,1,1
2505,4,787,389,55,45,1,1,1,1
2506,0,-46,359,180,115,1,1,1,1
2506,1,251,345,90,60,1,1,1,1
2506,2,458,337,60,45,1,1,1,1
2506,3,654,337,280,65,1,1,1,1
2506,4,787,389,55,45,1,1,1,1
2507,0,-47,359,180,115,1,1,1,1
2507,1,251,345,90,60,1,1,1,1
2507,2,458,337,60,45,1,1,1,1
2507,3,654,337,280,65,1,1,1,1
2507,4,787,389,55,45,1,1,1,1
2508,0,-47,359,180,115,1,1,1,1
2508,1,251,345,90,60,1,1,1,1
2508,2,458,337,60,45,1,1,1,1
2508,3,654,337,280,65,1,1,1,1
2508,4,787,389,55,45,1,1,1,1
2509,0,-47,359,180,115,1,1,1,1
2509,1,251,345,90,60,1,1,1,1
2509,2,458,337,60,45,1,1,1,1
2509,3,654,337,280,65,1,1,1,1
2509,4,787,389,55,45,1,1,1,1
2510,0,-47,359,180,115,1,1,1,1
2510,1,251,345,90,60,1,1,1,1
2510,2,458,337,60,45,1,1,1,1
2510,3,654,337,280,65,1,1,1,1
2510,4,787,389,55,45,1,1,1,1
2511,0,-47,359,180,115,1,1,1,1
2511,1,251,345,90,60,1,1,1,1
2511,2,458,337,60,45,1,1,1,1
2511,3,654,337,280,65,1,1,1,1
2511,4,787,389,55,45,1,1,1,1
2512,0,-47,359,180,115,1,1,1,1
2512,1,251,345,90,60,1,1,1,1
2512,2,458,337,60,45,1,1,1,1
2512,3,654,337,280,65,1,1,1,1
2512,4,787,389,55,45,1,1,1,1
2513,0,-47,359,180,115,1,1,1,1
2513,1,251,345,90,60,1,1,1,1
2513,2,458,337,60,45,1,1,1,1
2513,3,654,337,280,65,1,1,1,1
2513,4,786,389,55,45,1,1,1,1
2514,0,-47,359,180,115,1,1,1,1
2514,1,251,345,90,60,1,1,1,1
2514,2,458,337,60,45,1,1,1,1
2514,3,654,337,280,65,1,1,1,1
2514,4,786,389,55,45,1,1,1,1
2515,0,-47,359,180,115,1,1,1,1
2515,1,251,345,90,60,1,1,1,1
2515,2,458,337,60,45,1,1,1,1
2515,3,654,337,280,65,1,1,1,1
2515,4,786,389,55,45,1,1,1,1
2516,0,-47,359,180,115,1,1,1,1
2516,1,251,345,90,60,1,1,1,1
2516,2,458,337,60,45,1,1,1,1
2516,3,654,337,280,65,1,1,1,1
2516,4,786,389,55,45,1,1,1,1
2517,0,-47,359,180,115,1,1,1,1
2517,1,251,345,90,60,1,1,1,1
2517,2,458,337,60,45,1,1,1,1
2517,3,654,337,280,65,1,1,1,1
2517,4,786,389,55,45,1,1,1,1
2518,0,-47,359,180,115,1,1,1,1
2518,1,251,345,90,60,1,1,1,1
2518,2,458,337,60,45,1,1,1,1
2518,3,654,337,280,65,1,1,1,1
2518,4,786,389,55,45,1,1,1,1
2519,0,-47,359,180,115,1,1,1,1
2519,1,251,345,90,60,1,1,1,1
2519,2,458,337,60,45,1,1,1,1
2519,3,654,337,280,65,1,1,1,1
2519,4,786,389,55,45,1,1,1,1
2520,0,-47,359,180,115,1,1,1,1
2520,1,251,345,90,60,1,1,1,1
2520,2,458,337,60,45,1,1,1,1
2520,3,654,337,280,65,1,1,1,1
2520,4,786,389,55,45,1,1,1,1
2521,0,-47,359,180,115,1,1,1,1
2521,1,251,345,90,60,1,1,1,1
2521,2,458,337,60,45,1,1,1,1
2521,3,654,337,280,65,1,1,1,1
2521,4,786,389,55,45,1,1,1,1
2522,0,-48,359,180,115,1,1,1,1
2522,1,251,345,90,60,1,1,1,1
2522,2,458,337,60,45,1,1,1,1
2522,3,654,337,280,65,1,1,1,1
2522,4,786,389,55,45,1,1,1,1
2523,0,-48,359,180,115,1,1,1,1
2523,1,250,345,90,60,1,1,1,1
2523,2,457,337,60,45,1,1,1,1
2523,3,654,337,280,65,1,1,1,1
2523,4,786,389,55,45,1,1,1,1
2524,0,-48,359,180,115,1,1,1,1
2524,1,250,345,90,60,1,1,1,1
2524,2,457,337,60,45,1,1,1,1
2524,3,654,337,280,65,1,1,1,1
2524,4,786,389,55,45,1,1,1,1
2525,0,-48,359,180,115,1,1,1,1
2525,1,250,345,90,60,1,1,1,1
2525,2,457,337,60,45,1,1,1,1
2525,3,654,337,280,65,1,1,1,1
2525,4,786,389,55,45,1,1,1,1
2526,0,-48,359,180,115,1,1,1,1
2526,1,250,345,90,60,1,1,1,1
2526,2,457,337,60,45,1,1,1,1
2526,3,654,337,280,65,1,1,1,1
2526,4,786,389,55,45,1,1,1,1
2527,0,-48,359,180,115,1,1,1,1
2527,1,250,345,90,60,1,1,1,1
2527,2,457,337,60,45,1,1,1,1
2527,3,654,337,280,65,1,1,1,1
2527,4,786,389,55,45,1,1,1,1
2528,0,-48,359,180,115,1,1,1,1
2528,1,250,345,90,60,1,1,1,1
2528,2,457,337,60,45,1,1,1,1
2528,3,654,337,280,65,1,1,1,1
2528,4,786,389,55,45,1,1,1,1
2529,0,-48,359,180,115,1,1,1,1
2529,1,250,345,90,60,1,1,1,1
2529,2,457,337,60,45,1,1,1,1
2529,3,654,337,280,65,1,1,1,1
2529,4,786,389,55,45,1,1,1,1
2530,0,-48,359,180,115,1,1,1,1
2530,1,250,345,90,60,1,1,1,1
2530,2,457,337,60,45,1,1,1,1
2530,3,654,337,280,65,1,1,1,1
2530,4,786,389,55,45,1,1,1,1
2531,0,-48,359,180,115,1,1,1,1
2531,1,250,345,90,60,1,1,1,1
2531,2,457,337,60,45,1,1,1,1
2531,3,654,337,280,65,1,1,1,1
2531,4,786,389,55,45,1,1,1,1
2532,0,-48,359,180,115,1,1,1,1
2532,1,250,345,90,60,1,1,1,1
2532,2,457,337,60,45,1,1,1,1
2532,3,654,337,280,65,1,1,1,1
2532,4,786,389,55,45,1,1,1,1
2533,0,-48,359,180,115,1,1,1,1
2533,1,250,345,90,60,1,1,1,1
2533,2,457,337,60,45,1,1,1,1
2533,3,654,337,280,65,1,1,1,1
2533,4,785,389,55,45,1,1,1,1
2534,0,-48,359,180,115,1,1,1,1
2534,1,250,345,90,60,1,1,1,1
2534,2,457,337,60,45,1,1,1,1
2534,3,654,337,280,65,1,1,1,1
2534,4,785,389,55,45,1,1,1,1
2535,0,-48,359,180,115,1,1,1,1
2535,1,250,345,90,60,1,1,1,1
2535,2,457,337,60,45,1,1,1,1
2535,3,654,337,280,65,1,1,1,1
2535,4,785,389,55,45,1,1,1,1
2536,0,-48,359,180,115,1,1,1,1
2536,1,250,345,90,60,1,1,1,1
2536,2,457,337,60,45,1,1,1,1
2536,3,654,337,280,65,1,1,1,1
2536,4,785,389,55,45,1,1,1,1
2537,0,-49,359,180,115,1,1,1,1
2537,1,250,345,90,60,1,1,1,1
2537,2,457,337,60,45,1,1,1,1
2537,3,654,337,280,65,1,1,1,1
2537,4,785,389,55,45,1,1,1,1
2538,0,-49,359,180,115,1,1,1,1
2538,1,250,345,90,60,1,1,1,1
2538,2,457,337,60,45,1,1,1,1
2538,3,654,337,280,65,1,1,1,1
2538,4,785,389,55,45,1,1,1,1
2539,0,-49,359,180,115,1,1,1,1
2539,1,250,345,90,60,1,1,1,1
2539,2,457,337,60,45,1,1,1,1
2539,3,654,337,280,65,1,1,1,1
2539,4,785,389,55,45,1,1,1,1
2540,0,-49,359,180,115,1,1,1,1
2540,1,250,345,90,60,1,1,1,1
2540,2,457,337,60,45,1,1,1,1
2540,3,654,337,280,65,1,1,1,1
2540,4,785,389,55,45,1,1,1,1
2541,0,-49,359,180,115,1,1,1,1
2541,1,250,345,90,60,1,1,1,1
2541,2,457,337,60,45,1,1,1,1
2541,3,654,337,280,65,1,1,1,1
2541,4,785,389,55,45,1,1,1,1
2542,0,-49,359,180,115,1,1,1,1
2542,1,250,345,90,60,1,1,1,1
2542,2,457,337,60,45,1,1,1,1
2542,3,654,337,280,65,1,1,1,1
2542,4,785,389,55,45,1,1,1,1
2543,0,-49,359,180,115,1,1,1,1
2543,1,250,345,90,60,1,1,1,1
2543,2,457,337,60,45,1,1,1,1
2543,3,654,337,280,65,1,1,1,1
2543,4,785,389,55,45,1,1,1,1
2544,0,-49,359,180,115,1,1,1,1
2544,1,250,345,90,60,1,1,1,1
2544,2,457,337,60,45,1,1,1,1
2544,3,654,337,280,65,1,1,1,1
2544,4,785,389,55,45,1,1,1,1
2545,0,-49,359,180,115,1,1,1,1
2545,1,250,345,90,60,1,1,1,1
2545,2,457,337,60,45,1,1,1,1
2545,3,654,337,280,65,1,1,1,1
2545,4,785,389,55,45,1,1,1,1
2546,0,-49,359,180,115,1,1,1,1
2546,1,250,345,90,60,1,1,1,1
2546,2,457,337,60,45,1,1,1,1
2546,3,654,337,280,65,1,1,1,1
2546,4,785,389,55,45,1,1,1,1
2547,0,-49,359,180,115,1,1,1,1
2547,1,250,345,90,60,1,1,1,1
2547,2,457,337,60,45,1,1,1,1
2547,3,654,337,280,65,1,1,1,1
2547,4,785,389,55,45,1,1,1,1
2548,0,-49,359,180,115,1,1,1,1
2548,1,250,345,90,60,1,1,1,1
2548,2,457,337,60,45,1,1,1,1
2548,3,654,337,280,65,1,1,1,1
2548,4,785,389,55,45,1,1,1,1
2549,0,-49,359,180,115,1,1,1,1
2549,1,250,345,90,60,1,1,1,1
2549,2,457,337,60,45,1,1,1,1
2549,3,654,337,280,65,1,1,1,1
2549,4,785,389,55,45,1,1,1,1
2550,0,-49,359,180,115,1,1,1,1
2550,1,250,345,90,60,1,1,1,1
2550,2,457,337,60,45,1,1,1,1
2550,3,654,337,280,65,1,1,1,1
2550,4,785,389,55,45,1,1,1,1
2551,0,-49,359,180,115,1,1,1,1
2551,1,250,345,90,60,1,1,1,1
2551,2,457,337,60,45,1,1,1,1
2551,3,654,337,280,65,1,1,1,1
2551,4,785,389,55,45,1,1,1,1
2552,0,-50,360,180,115,1,1,1,1
2552,1,250,345,90,60,1,1,1,1
2552,2,457,337,60,45,1,1,1,1
2552,3,654,337,280,65,1,1,1,1
2552,4,785,390,55,45,1,1,1,1
2553,0,-50,360,180,115,1,1,1,1
2553,1,249,345,90,60,1,1,1,1
2553,2,457,337,60,45,1,1,1,1
2553,3,654,337,280,65,1,1,1,1
2553,4,784,390,55,45,1,1,1,1
2554,0,-50,360,180,115,1,1,1,1
2554,1,249,345,90,60,1,1,1,1
2554,2,457,337,60,45,1,1,1,1
2554,3,654,337,280,65,1,1,1,1
2554,4,784,390,55,45,1,1,1,1
2555,0,-50,360,180,115,1,1,1,1
2555,1,249,345,90,60,1,1,1,1
2555,2,457,337,60,45,1,1,1,1
2555,3,654,337,280,65,1,1,1,1
2555,4,784,390,55,45,1,1,1,1
2556,0,-50,360,180,115,1,1,1,1
2556,1,249,345,90,60,1,1,1,1
2556,2,457,337,60,45,1,1,1,1
2556,3,654,337,280,65,1,1,1,1
2556,4,784,390,55,45,1,1,1,1
2557,0,-50,360,180,115,1,1,1,1
2557,1,249,345,90,60,1,1,1,1
2557,2,457,337,60,45,1,1,1,1
2557,3,654,337,280,65,1,1,1,1
2557,4,784,390,55,45,1,1,1,1
2558,0,-50,360,180,115,1,1,1,1
2558,1,249,345,90,60,1,1,1,1
2558,2,457,337,60,45,1,1,1,1
2558,3,654,337,280,65,1,1,1,1
2558,4,784,390,55,45,1,1,1,1
2559,0,-50,360,180,115,1,1,1,1
2559,1,249,345,90,60,1,1,1,1
2559,2,457,337,60,45,1,1,1,1
2559,3,654,337,280,65,1,1,1,1
2559,4,784,390,55,45,1,1,1,1
2560,0,-50,360,180,115,1,1,1,1
2560,1,249,345,90,60,1,1,1,1
2560,2,457,337,60,45,1,1,1,1
2560,3,654,337,280,65,1,1,1,1
2560,4,784,390,55,45,1,1,1,1
2561,0,-50,360,180,115,1,1,1,1
2561,1,249,345,90,60,1,1,1,1
2561,2,457,337,60,45,1,1,1,1
2561,3,654,337,280,65,1,1,1,1
2561,4,784,390,55,45,1,1,1,1
2562,0,-50,360,180,115,1,1,1,1
2562,1,249,345,90,60,1,1,1,1
2562,2,457,337,60,45,1,1,1,1
2562,3,654,337,280,65,1,1,1,1
2562,4,784,390,55,45,1,1,1,1
2563,0,-50,360,180,115,1,1,1,1
2563,1,249,345,90,60,1,1,1,1
2563,2,457,337,60,45,1,1,1,1
2563,3,654,337,280,65,1,1,1,1
2563,4,784,390,55,45,1,1,1,1
2564,0,-50,360,180,115,1,1,1,1
2564,1,249,345,90,60,1,1,1,1
2564,2,457,337,60,45,1,1,1,1
2564,3,654,337,280,65,1,1,1,1
2564,4,784,390,55,45,1,1,1,1
2565,0,-50,360,180,115,1,1,1,1
2565,1,249,345,90,60,1,1,1,1
2565,2,457,337,60,45,1,1,1,1
2565,3,654,337,280,65,1,1,1,1
2565,4,784,390,55,45,1,1,1,1
2566,0,-50,360,180,115,1,1,1,1
2566,1,249,345,90,60,1,1,1,1
2566,2,457,337,60,45,1,1,1,1
2566,3,654,337,280,65,1,1,1,1
2566,4,784,390,55,45,1,1,1,1
2567,0,-51,360,180,115,1,1,1,1
2567,1,249,345,90,60,1,1,1,1
2567,2,457,337,60,45,1,1,1,1
2567,3,654,337,280,65,1,1,1,1
2567,4,784,390,55,45,1,1,1,1
2568,0,-51,360,180,115,1,1,1,1
2568,1,249,345,90,60,1,1,1,1
2568,2,457,337,60,45,1,1,1,1
2568,3,654,337,280,65,1,1,1,1
2568,4,784,390,55,45,1,1,1,1
2569,0,-51,360,180,115,1,1,1,1
2569,1,249,345,90,60,1,1,1,1
2569,2,457,337,60,45,1,1,1,1
2569,3,654,337,280,65,1,1,1,1
2569,4,784,390,55,45,1,1,1,1
2570,0,-51,360,180,115,1,1,1,1
2570,1,249,345,90,60,1,1,1,1
2570,2,457,337,60,45,1,1,1,1
2570,3,654,337,280,65,1,1,1,1
2570,4,784,390,55,45,1,1,1,1
2571,0,-51,360,180,115,1,1,1,1
2571,1,249,345,90,60,1,1,1,1
2571,2,457,337,60,45,1,1,1,1
2571,3,654,337,280,65,1,1,1,1
2571,4,784,390,55,45,1,1,1,1
2572,0,-51,360,180,115,1,1,1,1
2572,1,249,345,90,60,1,1,1,1
2572,2,457,337,60,45,1,1,1,1
2572,3,654,337,280,65,1,1,1,1
2572,4,784,390,55,45,1,1,1,1
2573,0,-51,360,180,115,1,1,1,1
2573,1,249,345,90,60,1,1,1,1
2573,2,457,337,60,45,1,1,1,1
2573,3,654,337,280,65,1,1,1,1
2573,4,783,390,55,45,1,1,1,1
2574,0,-51,360,180,115,1,1,1,1
2574,1,249,345,90,60,1,1,1,1
2574,2,457,337,60,45,1,1,1,1
2574,3,654,337,280,65,1,1,1,1
2574,4,783,390,55,45,1,1,1,1
2575,0,-51,360,180,115,1,1,1,1
2575,1,249,345,90,60,1,1,1,1
2575,2,457,337,60,45,1,1,1,1
2575,3,654,337,280,65,1,1,1,1
2575,4,783,390,55,45,1,1,1,1
2576,0,-51,360,180,115,1,1,1,1
2576,1,249,345,90,60,1,1,1,1
2576,2,457,337,60,45,1,1,1,1
2576,3,654,337,280,65,1,1,1,1
2576,4,783,390,55,45,1,1,1,1
2577,0,-51,360,180,115,1,1,1,1
2577,1,249,345,90,60,1,1,1,1
2577,2,457,337,60,45,1,1,1,1
2577,3,654,337,280,65,1,1,1,1
2577,4,783,390,55,45,1,1,1,1
2578,0,-51,360,180,115,1,1,1,1
2578,1,249,345,90,60,1,1,1,1
2578,2,457,337,60,45,1,1,1,1
2578,3,654,337,280,65,1,1,1,1
2578,4,783,390,55,45,1,1,1,1
2579,0,-51,360,180,115,1,1,1,1
2579,1,249,345,90,60,1,1,1,1
2579,2,457,337,60,45,1,1,1,1
2579,3,654,337,280,65,1,1,1,1
2579,4,783,390,55,45,1,1,1,1
2580,0,-51,360,180,115,1,1,1,1
2580,1,249,345,90,60,1,1,1,1
2580,2,457,337,60,45,1,1,1,1
2580,3,654,337,280,65,1,1,1,1
2580,4,783,390,55,45,1,1,1,1
2581,0,-51,360,180,115,1,1,1,1
2581,1,249,345,90,60,1,1,1,1
2581,2,457,337,60,45,1,1,1,1
2581,3,654,337,280,65,1,1,1,1
2581,4,783,390,55,45,1,1,1,1
2582,0,-52,360,180,115,1,1,1,1
2582,1,249,345,90,60,1,1,1,1
2582,2,457,337,60,45,1,1,1,1
2582,3,654,337,280,65,1,1,1,1
2582,4,783,390,55,45,1,1,1,1
2583,0,-52,360,180,115,1,1,1,1
2583,1,248,345,90,60,1,1,1,1
2583,2,456,337,60,45,1,1,1,1
2583,3,654,337,280,65,1,1,1,1
2583,4,783,390,55,45,1,1,1,1
2584,0,-52,360,180,115,1,1,1,1
2584,1,248,345,90,60,1,1,1,1
2584,2,456,337,60,45,1,1,1,1
2584,3,654,337,280,65,1,1,1,1
2584,4,783,390,55,45,1,1,1,1
2585,0,-52,360,180,115,1,1,1,1
2585,1,248,345,90,60,1,1,1,1
2585,2,456,337,60,45,1,1,1,1
2585,3,654,337,280,65,1,1,1,1
2585,4,783,390,55,45,1,1,1,1
2586,0,-52,360,180,115,1,1,1,1
2586,1,248,345,90,60,1,1,1,1
2586,2,456,337,60,45,1,1,1,1
2586,3,654,337,280,65,1,1,1,1
2586,4,783,390,55,45,1,1,1,1
2587,0,-52,360,180,115,1,1,1,1
2587,1,248,345,90,60,1,1,1,1
2587,2,456,337,60,45,1,1,1,1
2587,3,654,337,280,65,1,1,1,1
2587,4,783,390,55,45,1,1,1,1
2588,0,-52,360,180,115,1,1,1,1
2588,1,248,345,90,60,1,1,1,1
2588,2,456,337,60,45,1,1,1,1
2588,3,654,337,280,65,1,1,1,1
2588,4,783,390,55,45,1,1,1,1
2589,0,-52,360,180,115,1,1,1,1
2589,1,248,345,90,60,1,1,1,1
2589,2,456,337,60,45,1,1,1,1
2589,3,654,337,280,65,1,1,1,1
2589,4,783,390,55,45,1,1,1,1
2590,0,-52,360,180,115,1,1,1,1
2590,1,248,345,90,60,1,1,1,1
2590,2,456,337,60,45,1,1,1,1
2590,3,654,337,280,65,1,1,1,1
2590,4,783,390,55,45,1,1,1,1
2591,0,-52,360,180,115,1,1,1,1
2591,1,248,345,90,60,1,1,1,1
2591,2,456,337,60,45,1,1,1,1
2591,3,654,337,280,65,1,1,1,1
2591,4,783,390,55,45,1,1,1,1
2592,0,-52,360,180,115,1,1,1,1
2592,1,248,345,90,60,1,1,1,1
2592,2,456,337,60,45,1,1,1,1
2592,3,654,337,280,65,1,1,1,1
2592,4,783,390,55,45,1,1,1,1
2593,0,-52,360,180,115,1,1,1,1
2593,1,248,345,90,60,1,1,1,1
2593,2,456,337,60,45,1,1,1,1
2593,3,654,337,280,65,1,1,1,1
2593,4,782,390,55,45,1,1,1,1
2594,0,-52,360,180,115,1,1,1,1
2594,1,248,345,90,60,1,1,1,1
2594,2,456,337,60,45,1,1,1,1
2594,3,654,337,280,65,1,1,1,1
2594,4,782,390,55,45,1,1,1,1
2595,0,-52,360,180,115,1,1,1,1
2595,1,248,345,90,60,1,1,1,1
2595,2,456,337,60,45,1,1,1,1
2595,3,654,337,280,65,1,1,1,1
2595,4,782,390,55,45,1,1,1,1
2596,0,-52,360,180,115,1,1,1,1
2596,1,248,345,90,60,1,1,1,1
2596,2,456,337,60,45,1,1,1,1
2596,3,654,337,280,65,1,1,1,1
2596,4,782,390,55,45,1,1,1,1
2597,0,-53,360,180,115,1,1,1,1
2597,1,248,345,90,60,1,1,1,1
2597,2,456,337,60,45,1,1,1,1
2597,3,654,337,280,65,1,1,1,1
2597,4,782,390,55,45,1,1,1,1
2598,0,-53,360,180,115,1,1,1,1
2598,1,248,345,90,60,1,1,1,1
2598,2,456,337,60,45,1,1,1,1
2598,3,654,337,280,65,1,1,1,1
2598,4,782,390,55,45,1,1,1,1
2599,0,-53,360,180,115,1,1,1,1
2599,1,248,345,90,60,1,1,1,1
2599,2,456,337,60,45,1,1,1,1
2599,3,654,337,280,65,1,1,1,1
2599,4,782,390,55,45,1,1,1,1
2600,0,-53,360,180,115,1,1,1,1
2600,1,248,345,90,60,1,1,1,1
2600,2,456,337,60,45,1,1,1,1
2600,3,654,337,280,65,1,1,1,1
2600,4,782,390,55,45,1,1,1,1
2601,0,-53,360,180,115,1,1,1,1
2601,1,248,345,90,60,1,1,1,1
2601,2,456,337,60,45,1,1,1,1
2601,3,654,337,280,65,1,1,1,1
2601,4,782,390,55,45,1,1,1,1
2602,0,-53,360,180,115,1,1,1,1
2602,1,248,345,90,60,1,1,1,1
2602,2,456,337,60,45,1,1,1,1
2602,3,654,337,280,65,1,1,1,1
2602,4,782,390,55,45,1,1,1,1
2603,0,-53,360,180,115,1,1,1,1
2603,1,248,345,90,60,1,1,1,1
2603,2,456,337,60,45,1,1,1,1
2603,3,653,337,280,65,1,1,1,1
2603,4,782,390,55,45,1,1,1,1
2604,0,-53,360,180,115,1,1,1,1
2604,1,248,345,90,60,1,1,1,1
2604,2,456,337,60,45,1,1,1,1
2604,3,653,337,280,65,1,1,1,1
2604,4,782,390,55,45,1,1,1,1
2605,0,-53,360,180,115,1,1,1,1
2605,1,248,345,90,60,1,1,1,1
2605,2,456,337,60,45,1,1,1,1
2605,3,653,337,280,65,1,1,1,1
2605,4,782,390,55,45,1,1,1,1
2606,0,-53,360,180,115,1,1,1,1
2606,1,248,345,90,60,1,1,1,1
2606,2,456,337,60,45,1,1,1,1
2606,3,653,337,280,65,1,1,1,1
2606,4,782,390,55,45,1,1,1,1
2607,0,-53,360,180,115,1,1,1,1
2607,1,248,345,90,60,1,1,1,1
2607,2,456,337,60,45,1,1,1,1
2607,3,653,337,280,65,1,1,1,1
2607,4,782,390,55,45,1,1,1,1
2608,0,-53,360,180,115,1,1,1,1
2608,1,248,345,90,60,1,1,1,1
2608,2,456,337,60,45,1,1,1,1
2608,3,653,337,280,65,1,1,1,1
2608,4,782,390,55,45,1,1,1,1
2609,0,-53,360,180,115,1,1,1,1
2609,1,248,345,90,60,1,1,1,1
2609,2,456,337,60,45,1,1,1,1
2609,3,653,337,280,65,1,1,1,1
2609,4,782,390,55,45,1,1,1,1
2610,0,-53,360,180,115,1,1,1,1
2610,1,248,345,90,60,1,1,1,1
2610,2,456,337,60,45,1,1,1,1
2610,3,653,337,280,65,1,1,1,1
2610,4,782,390,55,45,1,1,1,1
2611,0,-53,360,180,115,1,1,1,1
2611,1,248,345,90,60,1,1,1,1
2611,2,456,337,60,45,1,1,1,1
2611,3,653,337,280,65,1,1,1,1
2611,4,782,390,55,45,1,1,1,1
2612,0,-54,361,180,115,1,1,1,1
2612,1,248,345,90,60,1,1,1,1
2612,2,456,337,60,45,1,1,1,1
2612,3,653,337,280,65,1,1,1,1
2612,4,782,391,55,45,1,1,1,1
2613,0,-54,361,180,115,1,1,1,1
2613,1,247,345,90,60,1,1,1,1
2613,2,456,337,60,45,1,1,1,1
2613,3,653,337,280,65,1,1,1,1
2613,4,781,391,55,45,1,1,1,1
2614,0,-54,361,180,115,1,1,1,1
2614,1,247,345,90,60,1,1,1,1
2614,2,456,337,60,45,1,1,1,1
2614,3,653,337,280,65,1,1,1,1
2614,4,781,391,55,45,1,1,1,1
2615,0,-54,361,180,115,1,1,1,1
2615,1,247,345,90,60,1,1,1,1
2615,2,456,337,60,45,1,1,1,1
2615,3,653,337,280,65,1,1,1,1
2615,4,781,391,55,45,1,1,1,1
2616,0,-54,361,180,115,1,1,1,1
2616,1,247,345,90,60,1,1,1,1
2616,2,456,337,60,45,1,1,1,1
2616,3,653,337,280,65,1,1,1,1
2616,4,781,391,55,45,1,1,1,1
2617,0,-54,361,180,115,1,1,1,1
2617,1,247,345,90,60,1,1,1,1
2617,2,456,337,60,45,1,1,1,1
2617,3,653,337,280,65,1,1,1,1
2617,4,781,391,55,45,1,1,1,1
2618,0,-54,361,180,115,1,1,1,1
2618,1,247,345,90,60,1,1,1,1
2618,2,456,337,60,45,1,1,1,1
2618,3,653,337,280,65,1,1,1,1
2618,4,781,391,55,45,1,1,1,1
2619,0,-54,361,180,115,1,1,1,1
2619,1,247,345,90,60,1,1,1,1
2619,2,456,337,60,45,1,1,1,1
2619,3,653,337,280,65,1,1,1,1
2619,4,781,391,55,45,1,1,1,1
2620,0,-54,361,180,115,1,1,1,1
2620,1,247,345,90,60,1,1,1,1
2620,2,456,337,60,45,1,1,1,1
2620,3,653,337,280,65,1,1,1,1
2620,4,781,391,55,45,1,1,1,1
2621,0,-54,361,180,115,1,1,1,1
2621,1,247,345,90,60,1,1,1,1
2621,2,456,337,60,45,1,1,1,1
2621,3,653,337,280,65,1,1,1,1
2621,4,781,391,55,45,1,1,1,1
2622,0,-54,361,180,115,1,1,1,1
2622,1,247,345,90,60,1,1,1,1
2622,2,456,337,60,45,1,1,1,1
2622,3,653,337,280,65,1,1,1,1
2622,4,781,391,55,45,1,1,1,1
2623,0,-54,361,180,115,1,1,1,1
2623,1,247,345,90,60,1,1,1,1
2623,2,456,337,60,45,1,1,1,1
2623,3,653,337,280,65,1,1,1,1
2623,4,781,391,55,45,1,1,1,1
2624,0,-54,361,180,115,1,1,1,1
2624,1,247,345,90,60,1,1,1,1
2624,2,456,337,60,45,1,1,1,1
2624,3,653,337,280,65,1,1,1,1
2624,4,781,391,55,45,1,1,1,1
2625,0,-54,361,180,115,1,1,1,1
2625,1,247,345,90,60,1,1,1,1
2625,2,456,337,60,45,1,1,1,1
2625,3,653,337,280,65,1,1,1,1
2625,4,781,391,55,45,1,1,1,1
2626,0,-54,361,180,115,1,1,1,1
2626,1,247,345,90,60,1,1,1,1
2626,2,456,337,60,45,1,1,1,1
2626,3,653,337,280,65,1,1,1,1
2626,4,781,391,55,45,1,1,1,1
2627,0,-55,361,180,115,1,1,1,1
2627,1,247,345,90,60,1,1,1,1
2627,2,456,337,60,45,1,1,1,1
2627,3,653,337,280,65,1,1,1,1
2627,4,781,391,55,45,1,1,1,1
2628,0,-55,361,180,115,1,1,1,1
2628,1,247,345,90,60,1,1,1,1
2628,2,456,337,60,45,1,1,1,1
2628,3,653,337,280,65,1,1,1,1
2628,4,781,391,55,45,1,1,1,1
2629,0,-55,361,180,115,1,1,1,1
2629,1,247,345,90,60,1,1,1,1
2629,2,456,337,60,45,1,1,1,1
2629,3,653,337,280,65,1,1,1,1
2629,4,781,391,55,45,1,1,1,1
2630,0,-55,361,180,115,1,1,1,1
2630,1,247,345,90,60,1,1,1,1
2630,2,456,337,60,45,1,1,1,1
2630,3,653,337,280,65,1,1,1,1
2630,4,781,391,55,45,1,1,1,1
2631,0,-55,361,180,115,1,1,1,1
2631,1,247,345,90,60,1,1,1,1
2631,2,456,337,60,45,1,1,1,1
2631,3,653,337,280,65,1,1,1,1
2631,4,781,391,55,45,1,1,1,1
2632,0,-55,361,180,115,1,1,1,1
2632,1,247,345,90,60,1,1,1,1
2632,2,456,337,60,45,1,1,1,1
2632,3,653,337,280,65,1,1,1,1
2632,4,781,391,55,45,1,1,1,1
2633,0,-55,361,180,115,1,1,1,1
2633,1,247,345,90,60,1,1,1,1
2633,2,456,337,60,45,1,1,1,1
2633,3,653,337,280,65,1,1,1,1
2633,4,780,391,55,45,1,1,1,1
2634,0,-55,361,180,115,1,1,1,1
2634,1,247,345,90,60,1,1,1,1
2634,2,456,337,60,45,1,1,1,1
2634,3,653,337,280,65,1,1,1,1
2634,4,780,391,55,45,1,1,1,1
2635,0,-55,361,180,115,1,1,1,1
2635,1,247,345,90,60,1,1,1,1
2635,2,456,337,60,45,1,1,1,1
2635,3,653,337,280,65,1,1,1,1
2635,4,780,391,55,45,1,1,1,1
2636,0,-55,361,180,115,1,1,1,1
2636,1,247,345,90,60,1,1,1,1
2636,2,456,337,60,45,1,1,1,1
2636,3,653,337,280,65,1,1,1,1
2636,4,780,391,55,45,1,1,1,1
2637,0,-55,361,180,115,1,1,1,1
2637,1,247,345,90,60,1,1,1,1
2637,2,456,337,60,45,1,1,1,1
2637,3,653,337,280,65,1,1,1,1
2637,4,780,391,55,45,1,1,1,1
2638,0,-55,361,180,115,1,1,1,1
2638,1,247,345,90,60,1,1,1,1
2638,2,456,337,60,45,1,1,1,1
2638,3,653,337,280,65,1,1,1,1
2638,4,780,391,55,45,1,1,1,1
2639,0,-55,361,180,115,1,1,1,1
2639,1,247,345,90,60,1,1,1,1
2639,2,456,337,60,45,1,1,1,1
2639,3,653,337,280,65,1,1,1,1
2639,4,780,391,55,45,1,1,1,1
2640,0,-55,361,180,115,1,1,1,1
2640,1,247,345,90,60,1,1,1,1
2640,2,456,337,60,45,1,1,1,1
2640,3,653,337,280,65,1,1,1,1
2640,4,780,391,55,45,1,1,1,1
2641,0,-55,361,180,115,1,1,1,1
2641,1,247,345,90,60,1,1,1,1
2641,2,456,337,60,45,1,1,1,1
2641,3,653,337,280,65,1,1,1,1
2641,4,780,391,55,45,1,1,1,1
2642,0,-56,361,180,115,1,1,1,1
2642,1,247,345,90,60,1,1,1,1
2642,2,456,337,60,45,1,1,1,1
2642,3,653,337,280,65,1,1,1,1
2642,4,780,391,55,45,1,1,1,1
2643,0,-56,361,180,115,1,1,1,1
2643,1,246,345,90,60,1,1,1,1
2643,2,455,337,60,45,1,1,1,1
2643,3,653,337,280,65,1,1,1,1
2643,4,780,391,55,45,1,1,1,1
2644,0,-56,361,180,115,1,1,1,1
2644,1,246,345,90,60,1,1,1,1
2644,2,455,337,60,45,1,1,1,1
2644,3,653,337,280,65,1,1,1,1
2644,4,780,391,55,45,1,1,1,1
2645,0,-56,361,180,115,1,1,1,1
2645,1,246,345,90,60,1,1,1,1
2645,2,455,337,60,45,1,1,1,1
2645,3,653,337,280,65,1,1,1,1
2645,4,780,391,55,45,1,1,1,1
2646,0,-56,361,180,115,1,1,1,1
2646,1,246,345,90,60,1,1,1,1
2646,2,455,337,60,45,1,1,1,1
2646,3,653,337,280,65,1,1,1,1
2646,4,780,391,55,45,1,1,1,1
2647,0,-56,361,180,115,1,1,1,1
2647,1,246,345,90,60,1,1,1,1
2647,2,455,337,60,45,1,1,1,1
2647,3,653,337,280,65,1,1,1,1
2647,4,780,391,55,45,1,1,1,1
2648,0,-56,361,180,115,1,1,1,1
2648,1,246,345,90,60,1,1,1,1
2648,2,455,337,60,45,1,1,1,1
2648,3,653,337,280,65,1,1,1,1
2648,4,780,391,55,45,1,1,1,1
2649,0,-56,361,180,115,1,1,1,1
2649,1,246,345,90,60,1,1,1,1
2649,2,455,337,60,45,1,1,1,1
2649,3,653,337,280,65,1,1,1,1
2649,4,780,391,55,45,1,1,1,1
2650,0,-56,361,180,115,1,1,1,1
2650,1,246,345,90,60,1,1,1,1
2650,2,455,337,60,45,1,1,1,1
2650,3,653,337,280,65,1,1,1,1
2650,4,780,391,55,45,1,1,1,1
2651,0,-56,361,180,115,1,1,1,1
2651,1,246,345,90,60,1,1,1,1
2651,2,455,337,60,45,1,1,1,1
2651,3,653,337,280,65,1,1,1,1
2651,4,780,391,55,45,1,1,1,1
2652,0,-56,361,180,115,1,1,1,1
2652,1,246,345,90,60,1,1,1,1
2652,2,455,337,60,45,1,1,1,1
2652,3,653,337,280,65,1,1,1,1
2652,4,780,391,55,45,1,1,1,1
2653,0,-56,361,180,115,1,1,1,1
2653,1,246,345,90,60,1,1,1,1
2653,2,455,337,60,45,1,1,1,1
2653,3,653,337,280,65,1,1,1,1
2653,4,779,391,55,45,1,1,1,1
2654,0,-56,361,180,115,1,1,1,1
2654,1,246,345,90,60,1,1,1,1
2654,2,455,337,60,45,1,1,1,1
2654,3,653,337,280,65,1,1,1,1
2654,4,779,391,55,45,1,1,1,1
2655,0,-56,361,180,115,1,1,1,1
2655,1,246,345,90,60,1,1,1,1
2655,2,455,337,60,45,1,1,1,1
2655,3,653,337,280,65,1,1,1,1
2655,4,779,391,55,45,1,1,1,1
2656,0,-56,361,180,115,1,1,1,1
2656,1,246,345,90,60,1,1,1,1
2656,2,455,337,60,45,1,1,1,1
2656,3,653,337,280,65,1,1,1,1
2656,4,779,391,55,45,1,1,1,1
2657,0,-57,361,180,115,1,1,1,1
2657,1,246,345,90,60,1,1,1,1
2657,2,455,337,60,45,1,1,1,1
2657,3,653,337,280,65,1,1,1,1
2657,4,779,391,55,45,1,1,1,1
2658,0,-57,361,180,115,1,1,1,1
2658,1,246,345,90,60,1,1,1,1
2658,2,455,337,60,45,1,1,1,1
2658,3,653,337,280,65,1,1,1,1
2658,4,779,391,55,45,1,1,1,1
2659,0,-57,361,180,115,1,1,1,1
2659,1,246,345,90,60,1,1,1,1
2659,2,455,337,60,45,1,1,1,1
2659,3,653,337,280,65,1,1,1,1
2659,4,779,391,55,45,1,1,1,1
2660,0,-57,361,180,115,1,1,1,1
2660,1,246,345,90,60,1,1,1,1
2660,2,455,337,60,45,1,1,1,1
2660,3,653,337,280,65,1,1,1,1
2660,4,779,391,55,45,1,1,1,1
2661,0,-57,361,180,115,1,1,1,1
2661,1,246,345,90,60,1,1,1,1
2661,2,455,337,60,45,1,1,1,1
2661,3,653,337,280,65,1,1,1,1
2661,4,779,391,55,45,1,1,1,1
2662,0,-57,361,180,115,1,1,1,1
2662,1,246,345,90,60,1,1,1,1
2662,2,455,337,60,45,1,1,1,1
2662,3,653,337,280,65,1,1,1,1
2662,4,779,391,55,45,1,1,1,1
2663,0,-57,361,180,115,1,1,1,1
2663,1,246,345,90,60,1,1,1,1
2663,2,455,337,60,45,1,1,1,1
2663,3,653,337,280,65,1,1,1,1
2663,4,779,391,55,45,1,1,1,1
2664,0,-57,361,180,115,1,1,1,1
2664,1,246,345,90,60,1,1,1,1
2664,2,455,337,60,45,1,1,1,1
2664,3,653,337,280,65,1,1,1,1
2664,4,779,391,55,45,1,1,1,1
2665,0,-57,361,180,115,1,1,1,1
2665,1,246,345,90,60,1,1,1,1
2665,2,455,337,60,45,1,1,1,1
2665,3,653,337,280,65,1,1,1,1
2665,4,779,391,55,45,1,1,1,1
2666,0,-57,361,180,115,1,1,1,1
2666,1,246,345,90,60,1,1,1,1
2666,2,455,337,60,45,1,1,1,1
2666,3,653,337,280,65,1,1,1,1
2666,4,779,391,55,45,1,1,1,1
2667,0,-57,361,180,115,1,1,1,1
2667,1,246,345,90,60,1,1,1,1
2667,2,455,337,60,45,1,1,1,1
2667,3,653,337,280,65,1,1,1,1
2667,4,779,391,55,45,1,1,1,1
2668,0,-57,361,180,115,1,1,1,1
2668,1,246,345,90,60,1,1,1,1
2668,2,455,337,60,45,1,1,1,1
2668,3,653,337,280,65,1,1,1,1
2668,4,779,391,55,45,1,1,1,1
2669,0,-57,361,180,115,1,1,1,1
2669,1,246,345,90,60,1,1,1,1
2669,2,455,337,60,45,1,1,1,1
2669,3,653,337,280,65,1,1,1,1
2669,4,779,391,55,45,1,1,1,1
2670,0,-57,361,180,115,1,1,1,1
2670,1,246,345,90,60,1,1,1,1
2670,2,455,337,60,45,1,1,1,1
2670,3,653,337,280,65,1,1,1,1
2670,4,779,391,55,45,1,1,1,1
2671,0,-57,361,180,115,1,1,1,1
2671,1,246,345,90,60,1,1,1,1
2671,2,455,337,60,45,1,1,1,1
2671,3,653,337,280,65,1,1,1,1
2671,4,779,391,55,45,1,1,1,1
2672,0,-58,362,180,115,1,1,1,1
2672,1,246,345,90,60,1,1,1,1
2672,2,455,337,60,45,1,1,1,1
2672,3,653,337,280,65,1,1,1,1
2672,4,779,392,55,45,1,1,1,1
2673,0,-58,362,180,115,1,1,1,1
2673,1,245,345,90,60,1,1,1,1
2673,2,455,337,60,45,1,1,1,1
2673,3,653,337,280,65,1,1,1,1
2673,4,778,392,55,45,1,1,1,1
2674,0,-58,362,180,115,1,1,1,1
2674,1,245,345,90,60,1,1,1,1
2674,2,455,337,60,45,1,1,1,1
2674,3,653,337,280,65,1,1,1,1
2674,4,778,392,55,45,1,1,1,1
2675,0,-58,362,180,115,1,1,1,1
2675,1,245,345,90,60,1,1,1,1
2675,2,455,337,60,45,1,1,1,1
2675,3,653,337,280,65,1,1,1,1
2675,4,778,392,55,45,1,1,1,1
2676,0,-58,362,180,115,1,1,1,1
2676,1,245,345,90,60,1,1,1,1
2676,2,455,337,60,45,1,1,1,1
2676,3,653,337,280,65,1,1,1,1
2676,4,778,392,55,45,1,1,1,1
2677,0,-58,362,180,115,1,1,1,1
2677,1,245,345,90,60,1,1,1,1
2677,2,455,337,60,45,1,1,1,1
2677,3,653,337,280,65,1,1,1,1
2677,4,778,392,55,45,1,1,1,1
2678,0,-58,362,180,115,1,1,1,1
2678,1,245,345,90,60,1,1,1,1
2678,2,455,337,60,45,1,1,1,1
2678,3,653,337,280,65,1,1,1,1
2678,4,778,392,55,45,1,1,1,1
2679,0,-58,362,180,115,1,1,1,1
2679,1,245,345,90,60,1,1,1,1
2679,2,455,337,60,45,1,1,1,1
2679,3,653,337,280,65,1,1,1,1
2679,4,778,392,55,45,1,1,1,1
2680,0,-58,362,180,115,1,1,1,1
2680,1,245,345,90,60,1,1,1,1
2680,2,455,337,60,45,1,1,1,1
2680,3,653,337,280,65,1,1,1,1
2680,4,778,392,55,45,1,1,1,1
2681,0,-58,362,180,115,1,1,1,1
2681,1,245,345,90,60,1,1,1,1
2681,2,455,337,60,45,1,1,1,1
2681,3,653,337,280,65,1,1,1,1
2681,4,778,392,55,45,1,1,1,1
2682,0,-58,362,180,115,1,1,1,1
2682,1,245,345,90,60,1,1,1,1
2682,2,455,337,60,45,1,1,1,1
2682,3,653,337,280,65,1,1,1,1
2682,4,778,392,55,45,1,1,1,1
2683,0,-58,362,180,115,1,1,1,1
2683,1,245,345,90,60,1,1,1,1
2683,2,455,337,60,45,1,1,1,1
2683,3,653,337,280,65,1,1,1,1
2683,4,778,392,55,45,1,1,1,1
2684,0,-58,362,180,115,1,1,1,1
2684,1,245,345,90,60,1,1,1,1
2684,2,455,337,60,45,1,1,1,1
2684,3,653,337,280,65,1,1,1,1
2684,4,778,392,55,45,1,1,1,1
2685,0,-58,362,180,115,1,1,1,1
2685,1,245,345,90,60,1,1,1,1
2685,2,455,337,60,45,1,1,1,1
2685,3,653,337,280,65,1,1,1,1
2685,4,778,392,55,45,1,1,1,1
2686,0,-58,362,180,115,1,1,1,1
2686,1,245,345,90,60,1,1,1,1
2686,2,455,337,60,45,1,1,1,1
2686,3,653,337,280,65,1,1,1,1
2686,4,778,392,55,45,1,1,1,1
2687,0,-59,362,180,115,1,1,1,1
2687,1,245,345,90,60,1,1,1,1
2687,2,455,337,60,45,1,1,1,1
2687,3,653,337,280,65,1,1,1,1
2687,4,778,392,55,45,1,1,1,1
2688,0,-59,362,180,115,1,1,1,1
2688,1,245,345,90,60,1,1,1,1
2688,2,455,337,60,45,1,1,1,1
2688,3,653,337,280,65,1,1,1,1
2688,4,778,392,55,45,1,1,1,1
2689,0,-59,362,180,115,1,1,1,1
2689,1,245,345,90,60,1,1,1,1
2689,2,455,337,60,45,1,1,1,1
2689,3,653,337,280,65,1,1,1,1
2689,4,778,392,55,45,1,1,1,1
2690,0,-59,362,180,115,1,1,1,1
2690,1,245,345,90,60,1,1,1,1
2690,2,455,337,60,45,1,1,1,1
2690,3,653,337,280,65,1,1,1,1
2690,4,778,392,55,45,1,1,1,1
2691,0,-59,362,180,115,1,1,1,1
2691,1,245,345,90,60,1,1,1,1
2691,2,455,337,60,45,1,1,1,1
2691,3,653,337,280,65,1,1,1,1
2691,4,778,392,55,45,1,1,1,1
2692,0,-59,362,180,115,1,1,1,1
2692,1,245,345,90,60,1,1,1,1
2692,2,455,337,60,45,1,1,1,1
2692,3,653,337,280,65,1,1,1,1
2692,4,778,392,55,45,1,1,1,1
2693,0,-59,362,180,115,1,1,1,1
2693,1,245,345,90,60,1,1,1,1
2693,2,455,337,60,45,1,1,1,1
2693,3,653,337,280,65,1,1,1,1
2693,4,777,392,55,45,1,1,1,1
2694,0,-59,362,180,115,1,1,1,1
2694,1,245,345,90,60,1,1,1,1
2694,2,455,337,60,45,1,1,1,1
2694,3,653,337,280,65,1,1,1,1
2694,4,777,392,55,45,1,1,1,1
2695,0,-59,362,180,115,1,1,1,1
2695,1,245,345,90,60,1,1,1,1
2695,2,455,337,60,45,1,1,1,1
2695,3,653,337,280,65,1,1,1,1
2695,4,777,392,55,45,1,1,1,1
2696,0,-59,362,180,115,1,1,1,1
2696,1,245,345,90,60,1,1,1,1
2696,2,455,337,60,45,1,1,1,1
2696,3,653,337,280,65,1,1,1,1
2696,4,777,392,55,45,1,1,1,1
2697,0,-59,362,180,115,1,1,1,1
2697,1,245,345,90,60,1,1,1,1
2697,2,455,337,60,45,1,1,1,1
2697,3,653,337,280,65,1,1,1,1
2697,4,777,392,55,45,1,1,1,1
2698,0,-59,362,180,115,1,1,1,1
2698,1,245,345,90,60,1,1,1,1
2698,2,455,337,60,45,1,1,1,1
2698,3,653,337,280,65,1,1,1,1
2698,4,777,392,55,45,1,1,1,1
2699,0,-59,362,180,115,1,1,1,1
2699,1,245,345,90,60,1,1,1,1
2699,2,455,337,60,45,1,1,1,1
2699,3,653,337,280,65,1,1,1,1
2699,4,777,392,55,45,1,1,1,1
2700,0,-59,362,180,115,1,1,1,1
2700,1,245,345,90,60,1,1,1,1
2700,2,455,337,60,45,1,1,1,1
2700,3,653,337,280,65,1,1,1,1
2700,4,777,392,55,45,1,1,1,1
2701,0,-59,362,180,115,1,1,1,1
2701,1,245,345,90,60,1,1,1,1
2701,2,455,337,60,45,1,1,1,1
2701,3,653,337,280,65,1,1,1,1
2701,4,777,392,55,45,1,1,1,1
2702,0,-60,362,180,115,1,1,1,1
2702,1,245,345,90,60,1,1,1,1
2702,2,455,337,60,45,1,1,1,1
2702,3,653,337,280,65,1,1,1,1
2702,4,777,392,55,45,1,1,1,1
2703,0,-60,362,180,115,1,1,1,1
2703,1,244,345,90,60,1,1,1,1
2703,2,454,337,60,45,1,1,1,1
2703,3,652,337,280,65,1,1,1,1
2703,4,777,392,55,45,1,1,1,1
2704,0,-60,362,180,115,1,1,1,1
2704,1,244,345,90,60,1,1,1,1
2704,2,454,337,60,45,1,1,1,1
2704,3,652,337,280,65,1,1,1,1
2704,4,777,392,55,45,1,1,1,1
2705,0,-60,362,180,115,1,1,1,1
2705,1,244,345,90,60,1,1,1,1
2705,2,454,337,60,45,1,1,1,1
2705,3,652,337,280,65,1,1,1,1
2705,4,777,392,55,45,1,1,1,1
2706,0,-60,362,180,115,1,1,1,1
2706,1,244,345,90,60,1,1,1,1
2706,2,454,337,60,45,1,1,1,1
2706,3,652,337,280,65,1,1,1,1
2706,4,777,392,55,45,1,1,1,1
2707,0,-60,362,180,115,1,1,1,1
2707,1,244,345,90,60,1,1,1,1
2707,2,454,337,60,45,1,1,1,1
2707,3,652,337,280,65,1,1,1,1
2707,4,777,392,55,45,1,1,1,1
2708,0,-60,362,180,115,1,1,1,1
2708,1,244,345,90,60,1,1,1,1
2708,2,454,337,60,45,1,1,1,1
2708,3,652,337,280,65,1,1,1,1
2708,4,777,392,55,45,1,1,1,1
2709,0,-60,362,180,115,1,1,1,1
2709,1,244,345,90,60,1,1,1,1
2709,2,454,337,60,45,1,1,1,1
2709,3,652,337,280,65,1,1,1,1
2709,4,777,392,55,45,1,1,1,1
2710,0,-60,362,180,115,1,1,1,1
2710,1,244,345,90,60,1,1,1,1
2710,2,454,337,60,45,1,1,1,1
2710,3,652,337,280,65,1,1,1,1
2710,4,777,392,55,45,1,1,1,1
2711,0,-60,362,180,115,1,1,1,1
2711,1,244,345,90,60,1,1,1,1
2711,2,454,337,60,45,1,1,1,1
2711,3,652,337,280,65,1,1,1,1
2711,4,777,392,55,45,1,1,1,1
2712,0,-60,362,180,115,1,1,1,1
2712,1,244,345,90,60,1,1,1,1
2712,2,454,337,60,45,1,1,1,1
2712,3,652,337,280,65,1,1,1,1
2712,4,777,392,55,45,1,1,1,1
2713,0,-60,362,180,115,1,1,1,1
2713,1,244,345,90,60,1,1,1,1
2713,2,454,337,60,45,1,1,1,1
2713,3,652,337,280,65,1,1,1,1
2713,4,776,392,55,45,1,1,1,1
2714,0,-60,362,180,115,1,1,1,1
2714,1,244,345,90,60,1,1,1,1
2714,2,454,337,60,45,1,1,1,1
2714,3,652,337,280,65,1,1,1,1
2714,4,776,392,55,45,1,1,1,1
2715,0,-60,362,180,115,1,1,1,1
2715,1,244,345,90,60,1,1,1,1
2715,2,454,337,60,45,1,1,1,1
2715,3,652,337,280,65,1,1,1,1
2715,4,776,392,55,45,1,1,1,1
2716,0,-60,362,180,115,1,1,1,1
2716,1,244,345,90,60,1,1,1,1
2716,2,454,337,60,45,1,1,1,1
2716,3,652,337,280,65,1,1,1,1
2716,4,776,392,55,45,1,1,1,1
2717,0,-61,362,180,115,1,1,1,1
2717,1,244,345,90,60,1,1,1,1
2717,2,454,337,60,45,1,1,1,1
2717,3,652,337,280,65,1,1,1,1
2717,4,776,392,55,45,1,1,1,1
2718,0,-61,362,180,115,1,1,1,1
2718,1,244,345,90,60,1,1,1,1
2718,2,454,337,60,45,1,1,1,1
2718,3,652,337,280,65,1,1,1,1
2718,4,776,392,55,45,1,1,1,1
2719,0,-61,362,180,115,1,1,1,1
2719,1,244,345,90,60,1,1,1,1
2719,2,454,337,60,45,1,1,1,1
2719,3,652,337,280,65,1,1,1,1
2719,4,776,392,55,45,1,1,1,1
2720,0,-61,362,180,115,1,1,1,1
2720,1,244,345,90,60,1,1,1,1
2720,2,454,337,60,45,1,1,1,1
2720,3,652,337,280,65,1,1,1,1
2720,4,776,392,55,45,1,1,1,1
2721,0,-61,362,180,115,1,1,1,1
2721,1,244,345,90,60,1,1,1,1
2721,2,454,337,60,45,1,1,1,1
2721,3,652,337,280,65,1,1,1,1
2721,4,776,392,55,45,1,1,1,1
2722,0,-61,362,180,115,1,1,1,1
2722,1,244,345,90,60,1,1,1,1
2722,2,454,337,60,45,1,1,1,1
2722,3,652,337,280,65,1,1,1,1
2722,4,776,392,55,45,1,1,1,1
2723,0,-61,362,180,115,1,1,1,1
2723,1,244,345,90,60,1,1,1,1
2723,2,454,337,60,45,1,1,1,1
2723,3,652,337,280,65,1,1,1,1
2723,4,776,392,55,45,1,1,1,1
2724,0,-61,362,180,115,1,1,1,1
2724,1,244,345,90,60,1,1,1,1
2724,2,454,337,60,45,1,1,1,1
2724,3,652,337,280,65,1,1,1,1
2724,4,776,392,55,45,1,1,1,1
2725,0,-61,362,180,115,1,1,1,1
2725,1,244,345,90,60,1,1,1,1
2725,2,454,337,60,45,1,1,1,1
2725,3,652,337,280,65,1,1,1,1
2725,4,776,392,55,45,1,1,1,1
2726,0,-61,362,180,115,1,1,1,1
2726,1,244,345,90,60,1,1,1,1
2726,2,454,337,60,45,1,1,1,1
2726,3,652,337,280,65,1,1,1,1
2726,4,776,392,55,45,1,1,1,1
2727,0,-61,362,180,115,1,1,1,1
2727,1,244,345,90,60,1,1,1,1
2727,2,454,337,60,45,1,1,1,1
2727,3,652,337,280,65,1,1,1,1
2727,4,776,392,55,45,1,1,1,1
2728,0,-61,362,180,115,1,1,1,1
2728,1,244,345,90,60,1,1,1,1
2728,2,454,337,60,45,1,1,1,1
2728,3,652,337,280,65,1,1,1,1
2728,4,776,392,55,45,1,1,1,1
2729,0,-61,362,180,115,1,1,1,1
2729,1,244,345,90,60,1,1,1,1
2729,2,454,337,60,45,1,1,1,1
2729,3,652,337,280,65,1,1,1,1
2729,4,776,392,55,45,1,1,1,1
2730,0,-61,362,180,115,1,1,1,1
2730,1,244,345,90,60,1,1,1,1
2730,2,454,337,60,45,1,1,1,1
2730,3,652,337,280,65,1,1,1,1
2730,4,776,392,55,45,1,1,1,1
2731,0,-61,362,180,115,1,1,1,1
2731,1,244,345,90,60,1,1,1,1
2731,2,454,337,60,45,1,1,1,1
2731,3,652,337,280,65,1,1,1,1
2731,4,776,392,55,45,1,1,1,1
2732,0,-62,363,180,115,1,1,1,1
2732,1,244,345,90,60,1,1,1,1
2732,2,454,337,60,45,1,1,1,1
2732,3,652,337,280,65,1,1,1,1
2732,4,776,393,55,45,1,1,1,1
2733,0,-62,363,180,115,1,1,1,1
2733,1,243,345,90,60,1,1,1,1
2733,2,454,337,60,45,1,1,1,1
2733,3,652,337,280,65,1,1,1,1
2733,4,775,393,55,45,1,1,1,1
2734,0,-62,363,180,115,1,1,1,1
2734,1,243,345,90,60,1,1,1,1
2734,2,454,337,60,45,1,1,1,1
2734,3,652,337,280,65,1,1,1,1
2734,4,775,393,55,45,1,1,1,1
2735,0,-62,363,180,115,1,1,1,1
2735,1,243,345,90,60,1,1,1,1
2735,2,454,337,60,45,1,1,1,1
2735,3,652,337,280,65,1,1,1,1
2735,4,775,393,55,45,1,1,1,1
2736,0,-62,363,180,115,1,1,1,1
2736,1,243,345,90,60,1,1,1,1
2736,2,454,337,60,45,1,1,1,1
2736,3,652,337,280,65,1,1,1,1
2736,4,775,393,55,45,1,1,1,1
2737,0,-62,363,180,115,1,1,1,1
2737,1,243,345,90,60,1,1,1,1
2737,2,454,337,60,45,1,1,1,1
2737,3,652,337,280,65,1,1,1,1
2737,4,775,393,55,45,1,1,1,1
2738,0,-62,363,180,115,1,1,1,1
2738,1,243,345,90,60,1,1,1,1
2738,2,454,337,60,45,1,1,1,1
2738,3,652,337,280,65,1,1,1,1
2738,4,775,393,55,45,1,1,1,1
2739,0,-62,363,180,115,1,1,1,1
2739,1,243,345,90,60,1,1,1,1
2739,2,454,337,60,45,1,1,1,1
2739,3,652,337,280,65,1,1,1,1
2739,4,775,393,55,45,1,1,1,1
2740,0,-62,363,180,115,1,1,1,1
2740,1,243,345,90,60,1,1,1,1
2740,2,454,337,60,45,1,1,1,1
2740,3,652,337,280,65,1,1,1,1
2740,4,775,393,55,45,1,1,1,1
2741,0,-62,363,180,115,1,1,1,1
2741,1,243,345,90,60,1,1,1,1
2741,2,454,337,60,45,1,1,1,1
2741,3,652,337,280,65,1,1,1,1
2741,4,775,393,55,45,1,1,1,1
2742,0,-62,363,180,115,1,1,1,1
2742,1,243,345,90,60,1,1,1,1
2742,2,454,337,60,45,1,1,1,1
2742,3,652,337,280,65,1,1,1,1
2742,4,775,393,55,45,1,1,1,1
2743,0,-62,363,180,115,1,1,1,1
2743,1,243,345,90,60,1,1,1,1
2743,2,454,337,60,45,1,1,1,1
2743,3,652,337,280,65,1,1,1,1
2743,4,775,393,55,45,1,1,1,1
2744,0,-62,363,180,115,1,1,1,1
2744,1,243,345,90,60,1,1,1,1
2744,2,454,337,60,45,1,1,1,1
2744,3,652,337,280,65,1,1,1,1
2744,4,775,393,55,45,1,1,1,1
2745,0,-62,363,180,115,1,1,1,1
2745,1,243,345,90,60,1,1,1,1
2745,2,454,337,60,45,1,1,1,1
2745,3,652,337,280,65,1,1,1,1
2745,4,775,393,55,45,1,1,1,1
2746,0,-62,363,180,115,1,1,1,1
2746,1,243,345,90,60,1,1,1,1
2746,2,454,337,60,45,1,1,1,1
2746,3,652,337,280,65,1,1,1,1
2746,4,775,393,55,45,1,1,1,1
2747,0,-63,363,180,115,1,1,1,1
2747,1,243,345,90,60,1,1,1,1
2747,2,454,337,60,45,1,1,1,1
2747,3,652,337,280,65,1,1,1,1
2747,4,775,393,55,45,1,1,1,1
2748,0,-63,363,180,115,1,1,1,1
2748,1,243,345,90,60,1,1,1,1
2748,2,454,337,60,45,1,1,1,1
2748,3,652,337,280,65,1,1,1,1
2748,4,775,393,55,45,1,1,1,1
2749,0,-63,363,180,115,1,1,1,1
2749,1,243,345,90,60,1,1,1,1
2749,2,454,337,60,45,1,1,1,1
2749,3,652,337,280,65,1,1,1,1
2749,4,775,393,55,45,1,1,1,1
2750,0,-63,363,180,115,1,1,1,1
2750,1,243,345,90,60,1,1,1,1
2750,2,454,337,60,45,1,1,1,1
2750,3,652,337,280,65,1,1,1,1
2750,4,775,393,55,45,1,1,1,1
2751,0,-63,363,180,115,1,1,1,1
2751,1,243,345,90,60,1,1,1,1
2751,2,454,337,60,45,1,1,1,1
2751,3,652,337,280,65,1,1,1,1
2751,4,775,393,55,45,1,1,1,1
2752,0,-63,363,180,115,1,1,1,1
2752,1,243,345,90,60,1,1,1,1
2752,2,454,337,60,45,1,1,1,1
2752,3,652,337,280,65,1,1,1,1
2752,4,775,393,55,45,1,1,1,1
2753,0,-63,363,180,115,1,1,1,1
2753,1,243,345,90,60,1,1,1,1
2753,2,454,337,60,45,1,1,1,1
2753,3,652,337,280,65,1,1,1,1
2753,4,774,393,55,45,1,1,1,1
2754,0,-63,363,180,115,1,1,1,1
2754,1,243,345,90,60,1,1,1,1
2754,2,454,337,60,45,1,1,1,1
2754,3,652,337,280,65,1,1,1,1
2754,4,774,393,55,45,1,1,1,1
2755,0,-63,363,180,115,1,1,1,1
2755,1,243,345,90,60,1,1,1,1
2755,2,454,337,60,45,1,1,1,1
2755,3,652,337,280,65,1,1,1,1
2755,4,774,393,55,45,1,1,1,1
2756,0,-63,363,180,115,1,1,1,1
2756,1,243,345,90,60,1,1,1,1
2756,2,454,337,60,45,1,1,1,1
2756,3,652,337,280,65,1,1,1,1
2756,4,774,393,55,45,1,1,1,1
2757,0,-63,363,180,115,1,1,1,1
2757,1,243,345,90,60,1,1,1,1
2757,2,454,337,60,45,1,1,1,1
2757,3,652,337,280,65,1,1,1,1
2757,4,774,393,55,45,1,1,1,1
2758,0,-63,363,180,115,1,1,1,1
2758,1,243,345,90,60,1,1,1,1
2758,2,454,337,60,45,1,1,1,1
2758,3,652,337,280,65,1,1,1,1
2758,4,774,393,55,45,1,1,1,1
2759,0,-63,363,180,115,1,1,1,1
2759,1,243,345,90,60,1,1,1,1
2759,2,454,337,60,45,1,1,1,1
2759,3,652,337,280,65,1,1,1,1
2759,4,774,393,55,45,1,1,1,1
2760,0,-63,363,180,115,1,1,1,1
2760,1,243,345,90,60,1,1,1,1
2760,2,454,337,60,45,1,1,1,1
2760,3,652,337,280,65,1,1,1,1
2760,4,774,393,55,45,1,1,1,1
2761,0,-63,363,180,115,1,1,1,1
2761,1,243,345,90,60,1,1,1,1
2761,2,454,337,60,45,1,1,1,1
2761,3,652,337,280,65,1,1,1,1
2761,4,774,393,55,45,1,1,1,1
2762,0,-64,363,180,115,1,1,1,1
2762,1,243,345,90,60,1,1,1,1
2762,2,454,337,60,45,1,1,1,1
2762,3,652,337,280,65,1,1,1,1
2762,4,774,393,55,45,1,1,1,1
2763,0,-64,363,180,115,1,1,1,1
2763,1,242,345,90,60,1,1,1,1
2763,2,453,337,60,45,1,1,1,1
2763,3,652,337,280,65,1,1,1,1
2763,4,774,393,55,45,1,1,1,1
2764,0,-64,363,180,115,1,1,1,1
2764,1,242,345,90,60,1,1,1,1
2764,2,453,337,60,45,1,1,1,1
2764,3,652,337,280,65,1,1,1,1
2764,4,774,393,55,45,1,1,1,1
2765,0,-64,363,180,115,1,1,1,1
2765,1,242,345,90,60,1,1,1,1
2765,2,453,337,60,45,1,1,1,1
2765,3,652,337,280,65,1,1,1,1
2765,4,774,393,55,45,1,1,1,1
2766,0,-64,363,180,115,1,1,1,1
2766,1,242,345,90,60,1,1,1,1
2766,2,453,337,60,45,1,1,1,1
2766,3,652,337,280,65,1,1,1,1
2766,4,774,393,55,45,1,1,1,1
2767,0,-64,363,180,115,1,1,1,1
2767,1,242,345,90,60,1,1,1,1
2767,2,453,337,60,45,1,1,1,1
2767,3,652,337,280,65,1,1,1,1
2767,4,774,393,55,45,1,1,1,1
2768,0,-64,363,180,115,1,1,1,1
2768,1,242,345,90,60,1,1,1,1
2768,2,453,337,60,45,1,1,1,1
2768,3,652,337,280,65,1,1,1,1
2768,4,774,393,55,45,1,1,1,1
2769,0,-64,363,180,115,1,1,1,1
2769,1,242,345,90,60,1,1,1,1
2769,2,453,337,60,45,1,1,1,1
2769,3,652,337,280,65,1,1,1,1
2769,4,774,393,55,45,1,1,1,1
2770,0,-64,363,180,115,1,1,1,1
2770,1,242,345,90,60,1,1,1,1
2770,2,453,337,60,45,1,1,1,1
2770,3,652,337,280,65,1,1,1,1
2770,4,774,393,55,45,1,1,1,1
2771,0,-64,363,180,115,1,1,1,1
2771,1,242,345,90,60,1,1,1,1
2771,2,453,337,60,45,1,1,1,1
2771,3,652,337,280,65,1,1,1,1
2771,4,774,393,55,45,1,1,1,1
2772,0,-64,363,180,115,1,1,1,1
2772,1,242,345,90,60,1,1,1,1
2772,2,453,337,60,45,1,1,1,1
2772,3,652,337,280,65,1,1,1,1
2772,4,774,393,55,45,1,1,1,1
2773,0,-64,363,180,115,1,1,1,1
2773,1,242,345,90,60,1,1,1,1
2773,2,453,337,60,45,1,1,1,1
2773,3,652,337,280,65,1,1,1,1
2773,4,773,393,55,45,1,1,1,1
2774,0,-64,363,180,115,1,1,1,1
2774,1,242,345,90,60,1,1,1,1
2774,2,453,337,60,45,1,1,1,1
2774,3,652,337,280,65,1,1,1,1
2774,4,773,393,55,45,1,1,1,1
2775,0,-64,363,180,115,1,1,1,1
2775,1,242,345,90,60,1,1,1,1
2775,2,453,337,60,45,1,1,1,1
2775,3,652,337,280,65,1,1,1,1
2775,4,773,393,55,45,1,1,1,1
2776,0,-64,363,180,115,1,1,1,1
2776,1,242,345,90,60,1,1,1,1
2776,2,453,337,60,45,1,1,1,1
2776,3,652,337,280,65,1,1,1,1
2776,4,773,393,55,45,1,1,1,1
2777,0,-65,363,180,115,1,1,1,1
2777,1,242,345,90,60,1,1,1,1
2777,2,453,337,60,45,1,1,1,1
2777,3,652,337,280,65,1,1,1,1
2777,4,773,393,55,45,1,1,1,1
2778,0,-65,363,180,115,1,1,1,1
2778,1,242,345,90,60,1,1,1,1
2778,2,453,337,60,45,1,1,1,1
2778,3,652,337,280,65,1,1,1,1
2778,4,773,393,55,45,1,1,1,1
2779,0,-65,363,180,115,1,1,1,1
2779,1,242,345,90,60,1,1,1,1
2779,2,453,337,60,45,1,1,1,1
2779,3,652,337,280,65,1,1,1,1
2779,4,773,393,55,45,1,1,1,1
2780,0,-65,363,180,115,1,1,1,1
2780,1,242,345,90,60,1,1,1,1
2780,2,453,337,60,45,1,1,1,1
2780,3,652,337,280,65,1,1,1,1
2780,4,773,393,55,45,1,1,1,1
2781,0,-65,363,180,115,1,1,1,1
2781,1,242,345,90,60,1,1,1,1
2781,2,453,337,60,45,1,1,1,1
2781,3,652,337,280,65,1,1,1,1
2781,4,773,393,55,45,1,1,1,1
2782,0,-65,363,180,115,1,1,1,1
2782,1,242,345,90,60,1,1,1,1
2782,2,453,337,60,45,1,1,1,1
2782,3,652,337,280,65,1,1,1,1
2782,4,773,393,55,45,1,1,1,1
2783,0,-65,363,180,115,1,1,1,1
2783,1,242,345,90,60,1,1,1,1
2783,2,453,337,60,45,1,1,1,1
2783,3,652,337,280,65,1,1,1,1
2783,4,773,393,55,45,1,1,1,1
2784,0,-65,363,180,115,1,1,1,1
2784,1,242,345,90,60,1,1,1,1
2784,2,453,337,60,45,1,1,1,1
2784,3,652,337,280,65,1,1,1,1
2784,4,773,393,55,45,1,1,1,1
2785,0,-65,363,180,115,1,1,1,1
2785,1,242,345,90,60,1,1,1,1
2785,2,453,337,60,45,1,1,1,1
2785,3,652,337,280,65,1,1,1,1
2785,4,773,393,55,45,1,1,1,1
2786,0,-65,363,180,115,1,1,1,1
2786,1,242,345,90,60,1,1,1,1
2786,2,453,337,60,45,1,1,1,1
2786,3,652,337,280,65,1,1,1,1
2786,4,773,393,55,45,1,1,1,1
2787,0,-65,363,180,115,1,1,1,1
2787,1,242,345,90,60,1,1,1,1
2787,2,453,337,60,45,1,1,1,1
2787,3,652,337,280,65,1,1,1,1
2787,4,773,393,55,45,1,1,1,1
2788,0,-65,363,180,115,1,1,1,1
2788,1,242,345,90,60,1,1,1,1
2788,2,453,337,60,45,1,1,1,1
2788,3,652,337,280,65,1,1,1,1
2788,4,773,393,55,45,1,1,1,1
2789,0,-65,363,180,115,1,1,1,1
2789,1,242,345,90,60,1,1,1,1
2789,2,453,337,60,45,1,1,1,1
2789,3,652,337,280,65,1,1,1,1
2789,4,773,393,55,45,1,1,1,1
2790,0,-65,363,180,115,1,1,1,1
2790,1,242,345,90,60,1,1,1,1
2790,2,453,337,60,45,1,1,1,1
2790,3,652,337,280,65,1,1,1,1
2790,4,773,393,55,45,1,1,1,1
2791,0,-65,363,180,115,1,1,1,1
2791,1,242,345,90,60,1,1,1,1
2791,2,453,337,60,45,1,1,1,1
2791,3,652,337,280,65,1,1,1,1
2791,4,773,393,55,45,1,1,1,1
2792,0,-66,364,180,115,1,1,1,1
2792,1,242,345,90,60,1,1,1,1
2792,2,453,337,60,45,1,1,1,1
2792,3,652,337,280,65,1,1,1,1
2792,4,773,394,55,45,1,1,1,1
2793,0,-66,364,180,115,1,1,1,1
2793,1,241,345,90,60,1,1,1,1
2793,2,453,337,60,45,1,1,1,1
2793,3,652,337,280,65,1,1,1,1
2793,4,772,394,55,45,1,1,1,1
2794,0,-66,364,180,115,1,1,1,1
2794,1,241,345,90,60,1,1,1,1
2794,2,453,337,60,45,1,1,1,1
2794,3,652,337,280,65,1,1,1,1
2794,4,772,394,55,45,1,1,1,1
2795,0,-66,364,180,115,1,1,1,1
2795,1,241,345,90,60,1,1,1,1
2795,2,453,337,60,45,1,1,1,1
2795,3,652,337,280,65,1,1,1,1
2795,4,772,394,55,45,1,1,1,1
2796,0,-66,364,180,115,1,1,1,1
2796,1,241,345,90,60,1,1,1,1
2796,2,453,337,60,45,1,1,1,1
2796,3,652,337,280,65,1,1,1,1
2796,4,772,394,55,45,1,1,1,1
2797,0,-66,364,180,115,1,1,1,1
2797,1,241,345,90,60,1,1,1,1
2797,2,453,337,60,45,1,1,1,1
2797,3,652,337,280,65,1,1,1,1
2797,4,772,394,55,45,1,1,1,1
2798,0,-66,364,180,115,1,1,1,1
2798,1,241,345,90,60,1,1,1,1
2798,2,453,337,60,45,1,1,1,1
2798,3,652,337,280,65,1,1,1,1
2798,4,772,394,55,45,1,1,1,1
2799,0,-66,364,180,115,1,1,1,1
2799,1,241,345,90,60,1,1,1,1
2799,2,453,337,60,45,1,1,1,1
2799,3,652,337,280,65,1,1,1,1
2799,4,772,394,55,45,1,1,1,1
2800,0,-66,364,180,115,1,1,1,1
2800,1,241,345,90,60,1,1,1,1
2800,2,453,337,60,45,1,1,1,1
2800,3,652,337,280,65,1,1,1,1
2800,4,772,394,55,45,1,1,1,1
2801,0,-66,364,180,115,1,1,1,1
2801,1,241,345,90,60,1,1,1,1
2801,2,453,337,60,45,1,1,1,1
2801,3,652,337,280,65,1,1,1,1
2801,4,772,394,55,45,1,1,1,1
2802,0,-66,364,180,115,1,1,1,1
2802,1,241,345,90,60,1,1,1,1
2802,2,453,337,60,45,1,1,1,1
2802,3,652,337,280,65,1,1,1,1
2802,4,772,394,55,45,1,1,1,1
2803,0,-66,364,180,115,1,1,1,1
2803,1,241,345,90,60,1,1,1,1
2803,2,453,337,60,45,1,1,1,1
2803,3,651,337,280,65,1,1,1,1
2803,4,772,394,55,45,1,1,1,1
2804,0,-66,364,180,115,1,1,1,1
2804,1,241,345,90,60,1,1,1,1
2804,2,453,337,60,45,1,1,1,1
2804,3,651,337,280,65,1,1,1,1
2804,4,772,394,55,45,1,1,1,1
2805,0,-66,364,180,115,1,1,1,1
2805,1,241,345,90,60,1,1,1,1
2805,2,453,337,60,45,1,1,1,1
2805,3,651,337,280,65,1,1,1,1
2805,4,772,394,55,45,1,1,1,1
2806,0,-66,364,180,115,1,1,1,1
2806,1,241,345,90,60,1,1,1,1
2806,2,453,337,60,45,1,1,1,1
2806,3,651,337,280,65,1,1,1,1
2806,4,772,394,55,45,1,1,1,1
2807,0,-67,364,180,115,1,1,1,1
2807,1,241,345,90,60,1,1,1,1
2807,2,453,337,60,45,1,1,1,1
2807,3,651,337,280,65,1,1,1,1
2807,4,772,394,55,45,1,1,1,1
2808,0,-67,364,180,115,1,1,1,1
2808,1,241,345,90,60,1,1,1,1
2808,2,453,337,60,45,1,1,1,1
2808,3,651,337,280,65,1,1,1,1
2808,4,772,394,55,45,1,1,1,1
2809,0,-67,364,180,115,1,1,1,1
2809,1,241,345,90,60,1,1,1,1
2809,2,453,337,60,45,1,1,1,1
2809,3,651,337,280,65,1,1,1,1
2809,4,772,394,55,45,1,1,1,1
2810,0,-67,364,180,115,1,1,1,1
2810,1,241,345,90,60,1,1,1,1
2810,2,453,337,60,45,1,1,1,1
2810,3,651,337,280,65,1,1,1,1
2810,4,772,394,55,45,1,1,1,1
2811,0,-67,364,180,115,1,1,1,1
2811,1,241,345,90,60,1,1,1,1
2811,2,453,337,60,45,1,1,1,1
2811,3,651,337,280,65,1,1,1,1
2811,4,772,394,55,45,1,1,1,1
2812,0,-67,364,180,115,1,1,1,1
2812,1,241,345,90,60,1,1,1,1
2812,2,453,337,60,45,1,1,1,1
2812,3,651,337,280,65,1,1,1,1
2812,4,772,394,55,45,1,1,1,1
2813,0,-67,364,180,115,1,1,1,1
2813,1,241,345,90,60,1,1,1,1
2813,2,453,337,60,45,1,1,1,1
2813,3,651,337,280,65,1,1,1,1
2813,4,771,394,55,45,1,1,1,1
2814,0,-67,364,180,115,1,1,1,1
2814,1,241,345,90,60,1,1,1,1
2814,2,453,337,60,45,1,1,1,1
2814,3,651,337,280,65,1,1,1,1
2814,4,771,394,55,45,1,1,1,1
2815,0,-67,364,180,115,1,1,1,1
2815,1,241,345,90,60,1,1,1,1
2815,2,453,337,60,45,1,1,1,1
2815,3,651,337,280,65,1,1,1,1
2815,4,771,394,55,45,1,1,1,1
2816,0,-67,364,180,115,1,1,1,1
2816,1,241,345,90,60,1,1,1,1
2816,2,453,337,60,45,1,1,1,1
2816,3,651,337,280,65,1,1,1,1
2816,4,771,394,55,45,1,1,1,1
2817,0,-67,364,180,115,1,1,1,1
2817,1,241,345,90,60,1,1,1,1
2817,2,453,337,60,45,1,1,1,1
2817,3,651,337,280,65,1,1,1,1
2817,4,771,394,55,45,1,1,1,1
2818,0,-67,364,180,115,1,1,1,1
2818,1,241,345,90,60,1,1,1,1
2818,2,453,337,60,45,1,1,1,1
2818,3,651,337,280,65,1,1,1,1
2818,4,771,394,55,45,1,1,1,1
2819,0,-67,364,180,115,1,1,1,1
2819,1,241,345,90,60,1,1,1,1
2819,2,453,337,60,45,1,1,1,1
2819,3,651,337,280,65,1,1,1,1
2819,4,771,394,55,45,1,1,1,1
2820,0,-67,364,180,115,1,1,1,1
2820,1,241,345,90,60,1,1,1,1
2820,2,453,337,60,45,1,1,1,1
2820,3,651,337,280,65,1,1,1,1
2820,4,771,394,55,45,1,1,1,1
2821,0,-67,364,180,115,1,1,1,1
2821,1,241,345,90,60,1,1,1,1
2821,2,453,337,60,45,1,1,1,1
2821,3,651,337,280,65,1,1,1,1
2821,4,771,394,55,45,1,1,1,1
2822,0,-68,364,180,115,1,1,1,1
2822,1,241,345,90,60,1,1,1,1
2822,2,453,337,60,45,1,1,1,1
2822,3,651,337,280,65,1,1,1,1
2822,4,771,394,55,45,1,1,1,1
2823,0,-68,364,180,115,1,1,1,1
2823,1,240,345,90,60,1,1,1,1
2823,2,452,337,60,45,1,1,1,1
2823,3,651,337,280,65,1,1,1,1
2823,4,771,394,55,45,1,1,1,1
2824,0,-68,364,180,115,1,1,1,1
2824,1,240,345,90,60,1,1,1,1
2824,2,452,337,60,45,1,1,1,1
2824,3,651,337,280,65,1,1,1,1
2824,4,771,394,55,45,1,1,1,1
2825,0,-68,364,180,115,1,1,1,1
2825,1,240,345,90,60,1,1,1,1
2825,2,452,337,60,45,1,1,1,1
2825,3,651,337,280,65,1,1,1,1
2825,4,771,394,55,45,1,1,1,1
2826,0,-68,364,180,115,1,1,1,1
2826,1,240,345,90,60,1,1,1,1
2826,2,452,337,60,45,1,1,1,1
2826,3,651,337,280,65,1,1,1,1
2826,4,771,394,55,45,1,1,1,1
2827,0,-68,364,180,115,1,1,1,1
2827,1,240,345,90,60,1,1,1,1
2827,2,452,337,60,45,1,1,1,1
2827,3,651,337,280,65,1,1,1,1
2827,4,771,394,55,45,1,1,1,1
2828,0,-68,364,180,115,1,1,1,1
2828,1,240,345,90,60,1,1,1,1
2828,2,452,337,60,45,1,1,1,1
2828,3,651,337,280,65,1,1,1,1
2828,4,771,394,55,45,1,1,1,1
2829,0,-68,364,180,115,1,1,1,1
2829,1,240,345,90,60,1,1,1,1
2829,2,452,337,60,45,1,1,1,1
2829,3,651,337,280,65,1,1,1,1
2829,4,771,394,55,45,1,1,1,1
2830,0,-68,364,180,115,1,1,1,1
2830,1,240,345,90,60,1,1,1,1
2830,2,452,337,60,45,1,1,1,1
2830,3,651,337,280,65,1,1,1,1
2830,4,771,394,55,45,1,1,1,1
2831,0,-68,364,180,115,1,1,1,1
2831,1,240,345,90,60,1,1,1,1
2831,2,452,337,60,45,1,1,1,1
2831,3,651,337,280,65,1,1,1,1
2831,4,771,394,55,45,1,1,1,1
2832,0,-68,364,180,115,1,1,1,1
2832,1,240,345,90,60,1,1,1,1
2832,2,452,337,60,45,1,1,1,1
2832,3,651,337,280,65,1,1,1,1
2832,4,771,394,55,45,1,1,1,1
2833,0,-68,364,180,115,1,1,1,1
2833,1,240,345,90,60,1,1,1,1
2833,2,452,337,60,45,1,1,1,1
2833,3,651,337,280,65,1,1,1,1
2833,4,770,394,55,45,1,1,1,1
2834,0,-68,364,180,115,1,1,1,1
2834,1,240,345,90,60,1,1,1,1
2834,2,452,337,60,45,1,1,1,1
2834,3,651,337,280,65,1,1,1,1
2834,4,770,394,55,45,1,1,1,1
2835,0,-68,364,180,115,1,1,1,1
2835,1,240,345,90,60,1,1,1,1
2835,2,452,337,60,45,1,1,1,1
2835,3,651,337,280,65,1,1,1,1
2835,4,770,394,55,45,1,1,1,1
2836,0,-68,364,180,115,1,1,1,1
2836,1,240,345,90,60,1,1,1,1
2836,2,452,337,60,45,1,1,1,1
2836,3,651,337,280,65,1,1,1,1
2836,4,770,394,55,45,1,1,1,1
2837,0,-69,364,180,115,1,1,1,1
2837,1,240,345,90,60,1,1,1,1
2837,2,452,337,60,45,1,1,1,1
2837,3,651,337,280,65,1,1,1,1
2837,4,770,394,55,45,1,1,1,1
2838,0,-69,364,180,115,1,1,1,1
2838,1,240,345,90,60,1,1,1,1
2838,2,452,337,60,45,1,1,1,1
2838,3,651,337,280,65,1,1,1,1
2838,4,770,394,55,45,1,1,1,1
2839,0,-69,364,180,115,1,1,1,1
2839,1,240,345,90,60,1,1,1,1
2839,2,452,337,60,45,1,1,1,1
2839,3,651,337,280,65,1,1,1,1
2839,4,770,394,55,45,1,1,1,1
2840,0,-69,364,180,115,1,1,1,1
2840,1,240,345,90,60,1,1,1,1
2840,2,452,337,60,45,1,1,1,1
2840,3,651,337,280,65,1,1,1,1
2840,4,770,394,55,45,1,1,1,1
2841,0,-69,364,180,115,1,1,1,1
2841,1,240,345,90,60,1,1,1,1
2841,2,452,337,60,45,1,1,1,1
2841,3,651,337,280,65,1,1,1,1
2841,4,770,394,55,45,1,1,1,1
2842,0,-69,364,180,115,1,1,1,1
2842,1,240,345,90,60,1,1,1,1
2842,2,452,337,60,45,1,1,1,1
2842,3,651,337,280,65,1,1,1,1
2842,4,770,394,55,45,1,1,1,1
2843,0,-69,364,180,115,1,1,1,1
2843,1,240,345,90,60,1,1,1,1
2843,2,452,337,60,45,1,1,1,1
2843,3,651,337,280,65,1,1,1,1
2843,4,770,394,55,45,1,1,1,1
2844,0,-69,364,180,115,1,1,1,1
2844,1,240,345,90,60,1,1,1,1
2844,2,452,337,60,45,1,1,1,1
2844,3,651,337,280,65,1,1,1,1
2844,4,770,394,55,45,1,1,1,1
2845,0,-69,364,180,115,1,1,1,1
2845,1,240,345,90,60,1,1,1,1
2845,2,452,337,60,45,1,1,1,1
2845,3,651,337,280,65,1,1,1,1
2845,4,770,394,55,45,1,1,1,1
2846,0,-69,364,180,115,1,1,1,1
2846,1,240,345,90,60,1,1,1,1
2846,2,452,337,60,45,1,1,1,1
2846,3,651,337,280,65,1,1,1,1
2846,4,770,394,55,45,1,1,1,1
2847,0,-69,364,180,115,1,1,1,1
2847,1,240,345,90,60,1,1,1,1
2847,2,452,337,60,45,1,1,1,1
2847,3,651,337,280,65,1,1,1,1
2847,4,770,394,55,45,1,1,1,1
2848,0,-69,364,180,115,1,1,1,1
2848,1,240,345,90,60,1,1,1,1
2848,2,452,337,60,45,1,1,1,1
2848,3,651,337,280,65,1,1,1,1
2848,4,770,394,55,45,1,1,1,1
2849,0,-69,364,180,115,1,1,1,1
2849,1,240,345,90,60,1,1,1,1
2849,2,452,337,60,45,1,1,1,1
2849,3,651,337,280,65,1,1,1,1
2849,4,770,394,55,45,1,1,1,1
2850,0,-69,364,180,115,1,1,1,1
2850,1,240,345,90,60,1,1,1,1
2850,2,452,337,60,45,1,1,1,1
2850,3,651,337,280,65,1,1,1,1
2850,4,770,394,55,45,1,1,1,1
2851,0,-69,364,180,115,1,1,1,1
2851,1,240,345,90,60,1,1,1,1
2851,2,452,337,60,45,1,1,1,1
2851,3,651,337,280,65,1,1,1,1
2851,4,770,394,55,45,1,1,1,1
2852,0,-70,365,180,115,1,1,1,1
2852,1,240,345,90,60,1,1,1,1
2852,2,452,337,60,45,1,1,1,1
2852,3,651,337,280,65,1,1,1,1
2852,4,770,395,55,45,1,1,1,1
2853,0,-70,365,180,115,1,1,1,1
2853,1,239,345,90,60,1,1,1,1
2853,2,452,337,60,45,1,1,1,1
2853,3,651,337,280,65,1,1,1,1
2853,4,769,395,55,45,1,1,1,1
2854,0,-70,365,180,115,1,1,1,1
2854,1,239,345,90,60,1,1,1,1
2854,2,452,337,60,45,1,1,1,1
2854,3,651,337,280,65,1,1,1,1
2854,4,769,395,55,45,1,1,1,1
2855,0,-70,365,180,115,1,1,1,1
2855,1,239,345,90,60,1,1,1,1
2855,2,452,337,60,45,1,1,1,1
2855,3,651,337,280,65,1,1,1,1
2855,4,769,395,55,45,1,1,1,1
2856,0,-70,365,180,115,1,1,1,1
2856,1,239,345,90,60,1,1,1,1
2856,2,452,337,60,45,1,1,1,1
2856,3,651,337,280,65,1,1,1,1
2856,4,769,395,55,45,1,1,1,1
2857,0,-70,365,180,115,1,1,1,1
2857,1,239,345,90,60,1,1,1,1
2857,2,452,337,60,45,1,1,1,1
2857,3,651,337,280,65,1,1,1,1
2857,4,769,395,55,45,1,1,1,1
2858,0,-70,365,180,115,1,1,1,1
2858,1,239,345,90,60,1,1,1,1
2858,2,452,337,60,45,1,1,1,1
2858,3,651,337,280,65,1,1,1,1
2858,4,769,395,55,45,1,1,1,1
2859,0,-70,365,180,115,1,1,1,1
2859,1,239,345,90,60,1,1,1,1
2859,2,452,337,60,45,1,1,1,1
2859,3,651,337,280,65,1,1,1,1
2859,4,769,395,55,45,1,1,1,1
2860,0,-70,365,180,115,1,1,1,1
2860,1,239,345,90,60,1,1,1,1
2860,2,452,337,60,45,1,1,1,1
2860,3,651,337,280,65,1,1,1,1
2860,4,769,395,55,45,1,1,1,1
2861,0,-70,365,180,115,1,1,1,1
2861,1,239,345,90,60,1,1,1,1
2861,2,452,337,60,45,1,1,1,1
2861,3,651,337,280,65,1,1,1,1
2861,4,769,395,55,45,1,1,1,1
2862,0,-70,365,180,115,1,1,1,1
2862,1,239,345,90,60,1,1,1,1
2862,2,452,337,60,45,1,1,1,1
2862,3,651,337,280,65,1,1,1,1
2862,4,769,395,55,45,1,1,1,1
2863,0,-70,365,180,115,1,1,1,1
2863,1,239,345,90,60,1,1,1,1
2863,2,452,337,60,45,1,1,1,1
2863,3,651,337,280,65,1,1,1,1
2863,4,769,395,55,45,1,1,1,1
2864,0,-70,365,180,115,1,1,1,1
2864,1,239,345,90,60,1,1,1,1
2864,2,452,337,60,45,1,1,1,1
2864,3,651,337,280,65,1,1,1,1
2864,4,769,395,55,45,1,1,1,1
2865,0,-70,365,180,115,1,1,1,1
2865,1,239,345,90,60,1,1,1,1
2865,2,452,337,60,45,1,1,1,1
2865,3,651,337,280,65,1,1,1,1
2865,4,769,395,55,45,1,1,1,1
2866,0,-70,365,180,115,1,1,1,1
2866,1,239,345,90,60,1,1,1,1
2866,2,452,337,60,45,1,1,1,1
2866,3,651,337,280,65,1,1,1,1
2866,4,769,395,55,45,1,1,1,1
2867,0,-71,365,180,115,1,1,1,1
2867,1,239,345,90,60,1,1,1,1
2867,2,452,337,60,45,1,1,1,1
2867,3,651,337,280,65,1,1,1,1
2867,4,769,395,55,45,1,1,1,1
2868,0,-71,365,180,115,1,1,1,1
2868,1,239,345,90,60,1,1,1,1
2868,2,452,337,60,45,1,1,1,1
2868,3,651,337,280,65,1,1,1,1
2868,4,769,395,55,45,1,1,1,1
2869,0,-71,365,180,115,1,1,1,1
2869,1,239,345,90,60,1,1,1,1
2869,2,452,337,60,45,1,1,1,1
2869,3,651,337,280,65,1,1,1,1
2869,4,769,395,55,45,1,1,1,1
2870,0,-71,365,180,115,1,1,1,1
2870,1,239,345,90,60,1,1,1,1
2870,2,452,337,60,45,1,1,1,1
2870,3,651,337,280,65,1,1,1,1
2870,4,769,395,55,45,1,1,1,1
2871,0,-71,365,180,115,1,1,1,1
2871,1,239,345,90,60,1,1,1,1
2871,2,452,337,60,45,1,1,1,1
2871,3,651,337,280,65,1,1,1,1
2871,4,769,395,55,45,1,1,1,1
2872,0,-71,365,180,115,1,1,1,1
2872,1,239,345,90,60,1,1,1,1
2872,2,452,337,60,45,1,1,1,1
2872,3,651,337,280,65,1,1,1,1
2872,4,769,395,55,45,1,1,1,1
2873,0,-71,365,180,115,1,1,1,1
2873,1,239,345,90,60,1,1,1,1
2873,2,452,337,60,45,1,1,1,1
2873,3,651,337,280,65,1,1,1,1
2873,4,768,395,55,45,1,1,1,1
2874,0,-71,365,180,115,1,1,1,1
2874,1,239,345,90,60,1,1,1,1
2874,2,452,337,60,45,1,1,1,1
2874,3,651,337,280,65,1,1,1,1
2874,4,768,395,55,45,1,1,1,1
2875,0,-71,365,180,115,1,1,1,1
2875,1,239,345,90,60,1,1,1,1
2875,2,452,337,60,45,1,1,1,1
2875,3,651,337,280,65,1,1,1,1
2875,4,768,395,55,45,1,1,1,1
2876,0,-71,365,180,115,1,1,1,1
2876,1,239,345,90,60,1,1,1,1
2876,2,452,337,60,45,1,1,1,1
2876,3,651,337,280,65,1,1,1,1
2876,4,768,395,55,45,1,1,1,1
2877,0,-71,365,180,115,1,1,1,1
2877,1,239,345,90,60,1,1,1,1
2877,2,452,337,60,45,1,1,1,1
2877,3,651,337,280,65,1,1,1,1
2877,4,768,395,55,45,1,1,1,1
2878,0,-71,365,180,115,1,1,1,1
2878,1,239,345,90,60,1,1,1,1
2878,2,452,337,60,45,1,1,1,1
2878,3,651,337,280,65,1,1,1,1
2878,4,768,395,55,45,1,1,1,1
2879,0,-71,365,180,115,1,1,1,1
2879,1,239,345,90,60,1,1,1,1
2879,2,452,337,60,45,1,1,1,1
2879,3,651,337,280,65,1,1,1,1
2879,4,768,395,55,45,1,1,1,1
2880,0,-71,365,180,115,1,1,1,1
2880,1,239,345,90,60,1,1,1,1
2880,2,452,337,60,45,1,1,1,1
2880,3,651,337,280,65,1,1,1,1
2880,4,768,395,55,45,1,1,1,1
2881,0,-71,365,180,115,1,1,1,1
2881,1,239,345,90,60,1,1,1,1
2881,2,452,337,60,45,1,1,1,1
2881,3,651,337,280,65,1,1,1,1
2881,4,768,395,55,45,1,1,1,1
2882,0,-72,365,180,115,1,1,1,1
2882,1,239,345,90,60,1,1,1,1
2882,2,452,337,60,45,1,1,1,1
2882,3,651,337,280,65,1,1,1,1
2882,4,768,395,55,45,1,1,1,1
2883,0,-72,365,180,115,1,1,1,1
2883,1,238,345,90,60,1,1,1,1
2883,2,451,337,60,45,1,1,1,1
2883,3,651,337,280,65,1,1,1,1
2883,4,768,395,55,45,1,1,1,1
2884,0,-72,365,180,115,1,1,1,1
2884,1,238,345,90,60,1,1,1,1
2884,2,451,337,60,45,1,1,1,1
2884,3,651,337,280,65,1,1,1,1
2884,4,768,395,55,45,1,1,1,1
2885,0,-72,365,180,115,1,1,1,1
2885,1,238,345,90,60,1,1,1,1
2885,2,451,337,60,45,1,1,1,1
2885,3,651,337,280,65,1,1,1,1
2885,4,768,395,55,45,1,1,1,1
2886,0,-72,365,180,115,1,1,1,1
2886,1,238,345,90,60,1,1,1,1
2886,2,451,337,60,45,1,1,1,1
2886,3,651,337,280,65,1,1,1,1
2886,4,768,395,55,45,1,1,1,1
2887,0,-72,365,180,115,1,1,1,1
2887,1,238,345,90,60,1,1,1,1
2887,2,451,337,60,45,1,1,1,1
2887,3,651,337,280,65,1,1,1,1
2887,4,768,395,55,45,1,1,1,1
2888,0,-72,365,180,115,1,1,1,1
2888,1,238,345,90,60,1,1,1,1
2888,2,451,337,60,45,1,1,1,1
2888,3,651,337,280,65,1,1,1,1
2888,4,768,395,55,45,1,1,1,1
2889,0,-72,365,180,115,1,1,1,1
2889,1,238,345,90,60,1,1,1,1
2889,2,451,337,60,45,1,1,1,1
2889,3,651,337,280,65,1,1,1,1
2889,4,768,395,55,45,1,1,1,1
2890,0,-72,365,180,115,1,1,1,1
2890,1,238,345,90,60,1,1,1,1
2890,2,451,337,60,45,1,1,1,1
2890,3,651,337,280,65,1,1,1,1
2890,4,768,395,55,45,1,1,1,1
2891,0,-72,365,180,115,1,1,1,1
2891,1,238,345,90,60,1,1,1,1
2891,2,451,337,60,45,1,1,1,1
2891,3,651,337,280,65,1,1,1,1
2891,4,768,395,55,45,1,1,1,1
2892,0,-72,365,180,115,1,1,1,1
2892,1,238,345,90,60,1,1,1,1
2892,2,451,337,60,45,1,1,1,1
2892,3,651,337,280,65,1,1,1,1
2892,4,768,395,55,45,1,1,1,1
2893,0,-72,365,180,115,1,1,1,1
2893,1,238,345,90,60,1,1,1,1
2893,2,451,337,60,45,1,1,1,1
2893,3,651,337,280,65,1,1,1,1
2893,4,767,395,55,45,1,1,1,1
2894,0,-72,365,180,115,1,1,1,1
2894,1,238,345,90,60,1,1,1,1
2894,2,451,337,60,45,1,1,1,1
2894,3,651,337,280,65,1,1,1,1
2894,4,767,395,55,45,1,1,1,1
2895,0,-72,365,180,115,1,1,1,1
2895,1,238,345,90,60,1,1,1,1
2895,2,451,337,60,45,1,1,1,1
2895,3,651,337,280,65,1,1,1,1
2895,4,767,395,55,45,1,1,1,1
2896,0,-72,365,180,115,1,1,1,1
2896,1,238,345,90,60,1,1,1,1
2896,2,451,337,60,45,1,1,1,1
2896,3,651,337,280,65,1,1,1,1
2896,4,767,395,55,45,1,1,1,1
2897,0,-73,365,180,115,1,1,1,1
2897,1,238,345,90,60,1,1,1,1
2897,2,451,337,60,45,1,1,1,1
2897,3,651,337,280,65,1,1,1,1
2897,4,767,395,55,45,1,1,1,1
2898,0,-73,365,180,115,1,1,1,1
2898,1,238,345,90,60,1,1,1,1
2898,2,451,337,60,45,1,1,1,1
2898,3,651,337,280,65,1,1,1,1
2898,4,767,395,55,45,1,1,1,1
2899,0,-73,365,180,115,1,1,1,1
2899,1,238,345,90,60,1,1,1,1
2899,2,451,337,60,45,1,1,1,1
2899,3,651,337,280,65,1,1,1,1
2899,4,767,395,55,45,1,1,1,1
2900,0,-73,365,180,115,1,1,1,1
2900,1,238,345,90,60,1,1,1,1
2900,2,451,337,60,45,1,1,1,1
2900,3,651,337,280,65,1,1,1,1
2900,4,767,395,55,45,1,1,1,1
2901,0,-73,365,180,115,1,1,1,1
2901,1,238,345,90,60,1,1,1,1
2901,2,451,337,60,45,1,1,1,1
2901,3,651,337,280,65,1,1,1,1
2901,4,767,395,55,45,1,1,1,1
2902,0,-73,365,180,115,1,1,1,1
2902,1,238,345,90,60,1,1,1,1
2902,2,451,337,60,45,1,1,1,1
2902,3,651,337,280,65,1,1,1,1
2902,4,767,395,55,45,1,1,1,1
2903,0,-73,365,180,115,1,1,1,1
2903,1,238,345,90,60,1,1,1,1
2903,2,451,337,60,45,1,1,1,1
2903,3,650,337,280,65,1,1,1,1
2903,4,767,395,55,45,1,1,1,1
2904,0,-73,365,180,115,1,1,1,1
2904,1,238,345,90,60,1,1,1,1
2904,2,451,337,60,45,1,1,1,1
2904,3,650,337,280,65,1,1,1,1
2904,4,767,395,55,45,1,1,1,1
2905,0,-73,365,180,115,1,1,1,1
2905,1,238,345,90,60,1,1,1,1
2905,2,451,337,60,45,1,1,1,1
2905,3,650,337,280,65,1,1,1,1
2905,4,767,395,55,45,1,1,1,1
2906,0,-73,365,180,115,1,1,1,1
2906,1,238,345,90,60,1,1,1,1
2906,2,451,337,60,45,1,1,1,1
2906,3,650,337,280,65,1,1,1,1
2906,4,767,395,55,45,1,1,1,1
2907,0,-73,365,180,115,1,1,1,1
2907,1,238,345,90,60,1,1,1,1
2907,2,451,337,60,45,1,1,1,1
2907,3,650,337,280,65,1,1,1,1
2907,4,767,395,55,45,1,1,1,1
2908,0,-73,365,180,115,1,1,1,1
2908,1,238,345,90,60,1,1,1,1
2908,2,451,337,60,45,1,1,1,1
2908,3,650,337,280,65,1,1,1,1
2908,4,767,395,55,45,1,1,1,1
2909,0,-73,365,180,115,1,1,1,1
2909,1,238,345,90,60,1,1,1,1
2909,2,451,337,60,45,1,1,1,1
2909,3,650,337,280,65,1,1,1,1
2909,4,767,395,55,45,1,1,1,1
2910,0,-73,365,180,115,1,1,1,1
2910,1,238,345,90,60,1,1,1,1
2910,2,451,337,60,45,1,1,1,1
2910,3,650,337,280,65,1,1,1,1
2910,4,767,395,55,45,1,1,1,1
2911,0,-73,365,180,115,1,1,1,1
2911,1,238,345,90,60,1,1,1,1
2911,2,451,337,60,45,1,1,1,1
2911,3,650,337,280,65,1,1,1,1
2911,4,767,395,55,45,1,1,1,1
2912,0,-74,366,180,115,1,1,1,1
2912,1,238,345,90,60,1,1,1,1
2912,2,451,337,60,45,1,1,1,1
2912,3,650,337,280,65,1,1,1,1
2912,4,767,396,55,45,1,1,1,1
2913,0,-74,366,180,115,1,1,1,1
2913,1,237,345,90,60,1,1,1,1
2913,2,451,337,60,45,1,1,1,1
2913,3,650,337,280,65,1,1,1,1
2913,4,766,396,55,45,1,1,1,1
2914,0,-74,366,180,115,1,1,1,1
2914,1,237,345,90,60,1,1,1,1
2914,2,451,337,60,45,1,1,1,1
2914,3,650,337,280,65,1,1,1,1
2914,4,766,396,55,45,1,1,1,1
2915,0,-74,366,180,115,1,1,1,1
2915,1,237,345,90,60,1,1,1,1
2915,2,451,337,60,45,1,1,1,1
2915,3,650,337,280,65,1,1,1,1
2915,4,766,396,55,45,1,1,1,1
2916,0,-74,366,180,115,1,1,1,1
2916,1,237,345,90,60,1,1,1,1
2916,2,451,337,60,45,1,1,1,1
2916,3,650,337,280,65,1,1,1,1
2916,4,766,396,55,45,1,1,1,1
2917,0,-74,366,180,115,1,1,1,1
2917,1,237,345,90,60,1,1,1,1
2917,2,451,337,60,45,1,1,1,1
2917,3,650,337,280,65,1,1,1,1
2917,4,766,396,55,45,1,1,1,1
2918,0,-74,366,180,115,1,1,1,1
2918,1,237,345,90,60,1,1,1,1
2918,2,451,337,60,45,1,1,1,1
2918,3,650,337,280,65,1,1,1,1
2918,4,766,396,55,45,1,1,1,1
2919,0,-74,366,180,115,1,1,1,1
2919,1,237,345,90,60,1,1,1,1
2919,2,451,337,60,45,1,1,1,1
2919,3,650,337,280,65,1,1,1,1
2919,4,766,396,55,45,1,1,1,1
2920,0,-74,366,180,115,1,1,1,1
2920,1,237,345,90,60,1,1,1,1
2920,2,451,337,60,45,1,1,1,1
2920,3,650,337,280,65,1,1,1,1
2920,4,766,396,55,45,1,1,1,1
2921,0,-74,366,180,115,1,1,1,1
2921,1,237,345,90,60,1,1,1,1
2921,2,451,337,60,45,1,1,1,1
2921,3,650,337,280,65,1,1,1,1
2921,4,766,396,55,45,1,1,1,1
2922,0,-74,366,180,115,1,1,1,1
2922,1,237,345,90,60,1,1,1,1
2922,2,451,337,60,45,1,1,1,1
2922,3,650,337,280,65,1,1,1,1
2922,4,766,396,55,45,1,1,1,1
2923,0,-74,366,180,115,1,1,1,1
2923,1,237,345,90,60,1,1,1,1
2923,2,451,337,60,45,1,1,1,1
2923,3,650,337,280,65,1,1,1,1
2923,4,766,396,55,45,1,1,1,1
2924,0,-74,366,180,115,1,1,1,1
2924,1,237,345,90,60,1,1,1,1
2924,2,451,337,60,45,1,1,1,1
2924,3,650,337,280,65,1,1,1,1
2924,4,766,396,55,45,1,1,1,1
2925,0,-74,366,180,115,1,1,1,1
2925,1,237,345,90,60,1,1,1,1
2925,2,451,337,60,45,1,1,1,1
2925,3,650,337,280,65,1,1,1,1
2925,4,766,396,55,45,1,1,1,1
2926,0,-74,366,180,115,1,1,1,1
2926,1,237,345,90,60,1,1,1,1
2926,2,451,337,60,45,1,1,1,1
2926,3,650,337,280,65,1,1,1,1
2926,4,766,396,55,45,1,1,1,1
2927,0,-75,366,180,115,1,1,1,1
2927,1,237,345,90,60,1,1,1,1
2927,2,451,337,60,45,1,1,1,1
2927,3,650,337,280,65,1,1,1,1
2927,4,766,396,55,45,1,1,1,1
2928,0,-75,366,180,115,1,1,1,1
2928,1,237,345,90,60,1,1,1,1
2928,2,451,337,60,45,1,1,1,1
2928,3,650,337,280,65,1,1,1,1
2928,4,766,396,55,45,1,1,1,1
2929,0,-75,366,180,115,1,1,1,1
2929,1,237,345,90,60,1,1,1,1
2929,2,451,337,60,45,1,1,1,1
2929,3,650,337,280,65,1,1,1,1
2929,4,766,396,55,45,1,1,1,1
2930,0,-75,366,180,115,1,1,1,1
2930,1,237,345,90,60,1,1,1,1
2930,2,451,337,60,45,1,1,1,1
2930,3,650,337,280,65,1,1,1,1
2930,4,766,396,55,45,1,1,1,1
2931,0,-75,366,180,115,1,1,1,1
2931,1,237,345,90,60,1,1,1,1
2931,2,451,337,60,45,1,1,1,1
2931,3,650,337,280,65,1,1,1,1
2931,4,766,396,55,45,1,1,1,1
2932,0,-75,366,180,115,1,1,1,1
2932,1,237,345,90,60,1,1,1,1
2932,2,451,337,60,45,1,1,1,1
2932,3,650,337,280,65,1,1,1,1
2932,4,766,396,55,45,1,1,1,1
2933,0,-75,366,180,115,1,1,1,1
2933,1,237,345,90,60,1,1,1,1
2933,2,451,337,60,45,1,1,1,1
2933,3,650,337,280,65,1,1,1,1
2933,4,765,396,55,45,1,1,1,1
2934,0,-75,366,180,115,1,1,1,1
2934,1,237,345,90,60,1,1,1,1
2934,2,451,337,60,45,1,1,1,1
2934,3,650,337,280,65,1,1,1,1
2934,4,765,396,55,45,1,1,1,1
2935,0,-75,366,180,115,1,1,1,1
2935,1,237,345,90,60,1,1,1,1
2935,2,451,337,60,45,1,1,1,1
2935,3,650,337,280,65,1,1,1,1
2935,4,765,396,55,45,1,1,1,1
2936,0,-75,366,180,115,1,1,1,1
2936,1,237,345,90,60,1,1,1,1
2936,2,451,337,60,45,1,1,1,1
2936,3,650,337,280,65,1,1,1,1
2936,4,765,396,55,45,1,1,1,1
2937,0,-75,366,180,115,1,1,1,1
2937,1,237,345,90,60,1,1,1,1
2937,2,451,337,60,45,1,1,1,1
2937,3,650,337,280,65,1,1,1,1
2937,4,765,396,55,45,1,1,1,1
2938,0,-75,366,180,115,1,1,1,1
2938,1,237,345,90,60,1,1,1,1
2938,2,451,337,60,45,1,1,1,1
2938,3,650,337,280,65,1,1,1,1
2938,4,765,396,55,45,1,1,1,1
2939,0,-75,366,180,115,1,1,1,1
2939,1,237,345,90,60,1,1,1,1
2939,2,451,337,60,45,1,1,1,1
2939,3,650,337,280,65,1,1,1,1
2939,4,765,396,55,45,1,1,1,1
2940,0,-75,366,180,115,1,1,1,1
2940,1,237,345,90,60,1,1,1,1
2940,2,451,337,60,45,1,1,1,1
2940,3,650,337,280,65,1,1,1,1
2940,4,765,396,55,45,1,1,1,1
2941,0,-75,366,180,115,1,1,1,1
2941,1,237,345,90,60,1,1,1,1
2941,2,451,337,60,45,1,1,1,1
2941,3,650,337,280,65,1,1,1,1
2941,4,765,396,55,45,1,1,1,1
2942,0,-76,366,180,115,1,1,1,1
2942,1,237,345,90,60,1,1,1,1
2942,2,451,337,60,45,1,1,1,1
2942,3,650,337,280,65,1,1,1,1
2942,4,765,396,55,45,1,1,1,1
2943,0,-76,366,180,115,1,1,1,1
2943,1,236,345,90,60,1,1,1,1
2943,2,450,337,60,45,1,1,1,1
2943,3,650,337,280,65,1,1,1,1
2943,4,765,396,55,45,1,1,1,1
2944,0,-76,366,180,115,1,1,1,1
2944,1,236,345,90,60,1,1,1,1
2944,2,450,337,60,45,1,1,1,1
2944,3,650,337,280,65,1,1,1,1
2944,4,765,396,55,45,1,1,1,1
2945,0,-76,366,180,115,1,1,1,1
2945,1,236,345,90,60,1,1,1,1
2945,2,450,337,60,45,1,1,1,1
2945,3,650,337,280,65,1,1,1,1
2945,4,765,396,55,45,1,1,1,1
2946,0,-76,366,180,115,1,1,1,1
2946,1,236,345,90,60,1,1,1,1
2946,2,450,337,60,45,1,1,1,1
2946,3,650,337,280,65,1,1,1,1
2946,4,765,396,55,45,1,1,1,1
2947,0,-76,366,180,115,1,1,1,1
2947,1,236,345,90,60,1,1,1,1
2947,2,450,337,60,45,1,1,1,1
2947,3,650,337,280,65,1,1,1,1
2947,4,765,396,55,45,1,1,1,1
2948,0,-76,366,180,115,1,1,1,1
2948,1,236,345,90,60,1,1,1,1
2948,2,450,337,60,45,1,1,1,1
2948,3,650,337,280,65,1,1,1,1
2948,4,765,396,55,45,1,1,1,1
2949,0,-76,366,180,115,1,1,1,1
2949,1,236,345,90,60,1,1,1,1
2949,2,450,337,60,45,1,1,1,1
2949,3,650,337,280,65,1,1,1,1
2949,4,765,396,55,45,1,1,1,1
2950,0,-76,366,180,115,1,1,1,1
2950,1,236,345,90,60,1,1,1,1
2950,2,450,337,60,45,1,1,1,1
2950,3,650,337,280,65,1,1,1,1
2950,4,765,396,55,45,1,1,1,1
2951,0,-76,366,180,115,1,1,1,1
2951,1,236,345,90,60,1,1,1,1
2951,2,450,337,60,45,1,1,1,1
2951,3,650,337,280,65,1,1,1,1
2951,4,765,396,55,45,1,1,1,1
2952,0,-76,366,180,115,1,1,1,1
2952,1,236,345,90,60,1,1,1,1
2952,2,450,337,60,45,1,1,1,1
2952,3,650,337,280,65,1,1,1,1
2952,4,765,396,55,45,1,1,1,1
2953,0,-76,366,180,115,1,1,1,1
2953,1,236,345,90,60,1,1,1,1
2953,2,450,337,60,45,1,1,1,1
2953,3,650,337,280,65,1,1,1,1
2953,4,764,396,55,45,1,1,1,1
2954,0,-76,366,180,115,1,1,1,1
2954,1,236,345,90,60,1,1,1,1
2954,2,450,337,60,45,1,1,1,1
2954,3,650,337,280,65,1,1,1,1
2954,4,764,396,55,45,1,1,1,1
2955,0,-76,366,180,115,1,1,1,1
2955,1,236,345,90,60,1,1,1,1
2955,2,450,337,60,45,1,1,1,1
2955,3,650,337,280,65,1,1,1,1
2955,4,764,396,55,45,1,1,1,1
2956,0,-76,366,180,115,1,1,1,1
2956,1,236,345,90,60,1,1,1,1
2956,2,450,337,60,45,1,1,1,1
2956,3,650,337,280,65,1,1,1,1
2956,4,764,396,55,45,1,1,1,1
2957,0,-77,366,180,115,1,1,1,1
2957,1,236,345,90,60,1,1,1,1
2957,2,450,337,60,45,1,1,1,1
2957,3,650,337,280,65,1,1,1,1
2957,4,764,396,55,45,1,1,1,1
2958,0,-77,366,180,115,1,1,1,1
2958,1,236,345,90,60,1,1,1,1
2958,2,450,337,60,45,1,1,1,1
2958,3,650,337,280,65,1,1,1,1
2958,4,764,396,55,45,1,1,1,1
2959,0,-77,366,180,115,1,1,1,1
2959,1,236,345,90,60,1,1,1,1
2959,2,450,337,60,45,1,1,1,1
2959,3,650,337,280,65,1,1,1,1
2959,4,764,396,55,45,1,1,1,1
2960,0,-77,366,180,115,1,1,1,1
2960,1,236,345,90,60,1,1,1,1
2960,2,450,337,60,45,1,1,1,1
2960,3,650,337,280,65,1,1,1,1
2960,4,764,396,55,45,1,1,1,1
2961,0,-77,366,180,115,1,1,1,1
2961,1,236,345,90,60,1,1,1,1
2961,2,450,337,60,45,1,1,1,1
2961,3,650,337,280,65,1,1,1,1
2961,4,764,396,55,45,1,1,1,1
2962,0,-77,366,180,115,1,1,1,1
2962,1,236,345,90,60,1,1,1,1
2962,2,450,337,60,45,1,1,1,1
2962,3,650,337,280,65,1,1,1,1
2962,4,764,396,55,45,1,1,1,1
2963,0,-77,366,180,115,1,1,1,1
2963,1,236,345,90,60,1,1,1,1
2963,2,450,337,60,45,1,1,1,1
2963,3,650,337,280,65,1,1,1,1
2963,4,764,396,55,45,1,1,1,1
2964,0,-77,366,180,115,1,1,1,1
2964,1,236,345,90,60,1,1,1,1
2964,2,450,337,60,45,1,1,1,1
2964,3,650,337,280,65,1,1,1,1
2964,4,764,396,55,45,1,1,1,1
2965,0,-77,366,180,115,1,1,1,1
2965,1,236,345,90,60,1,1,1,1
2965,2,450,337,60,45,1,1,1,1
2965,3,650,337,280,65,1,1,1,1
2965,4,764,396,55,45,1,1,1,1
2966,0,-77,366,180,115,1,1,1,1
2966,1,236,345,90,60,1,1,1,1
2966,2,450,337,60,45,1,1,1,1
2966,3,650,337,280,65,1,1,1,1
2966,4,764,396,55,45,1,1,1,1
2967,0,-77,366,180,115,1,1,1,1
2967,1,236,345,90,60,1,1,1,1
2967,2,450,337,60,45,1,1,1,1
2967,3,650,337,280,65,1,1,1,1
2967,4,764,396,55,45,1,1,1,1
2968,0,-77,366,180,115,1,1,1,1
2968,1,236,345,90,60,1,1,1,1
2968,2,450,337,60,45,1,1,1,1
2968,3,650,337,280,65,1,1,1,1
2968,4,764,396,55,45,1,1,1,1
2969,0,-77,366,180,115,1,1,1,1
2969,1,236,345,90,60,1,1,1,1
2969,2,450,337,60,45,1,1,1,1
2969,3,650,337,280,65,1,1,1,1
2969,4,764,396,55,45,1,1,1,1
2970,0,-77,366,180,115,1,1,1,1
2970,1,236,345,90,60,1,1,1,1
2970,2,450,337,60,45,1,1,1,1
2970,3,650,337,280,65,1,1,1,1
2970,4,764,396,55,45,1,1,1,1
2971,0,-77,366,180,115,1,1,1,1
2971,1,236,345,90,60,1,1,1,1
2971,2,450,337,60,45,1,1,1,1
2971,3,650,337,280,65,1,1,1,1
2971,4,764,396,55,45,1,1,1,1
2972,0,-78,367,180,115,1,1,1,1
2972,1,236,345,90,60,1,1,1,1
2972,2,450,337,60,45,1,1,1,1
2972,3,650,337,280,65,1,1,1,1
2972,4,764,397,55,45,1,1,1,1
2973,0,-78,367,180,115,1,1,1,1
2973,1,235,345,90,60,1,1,1,1
2973,2,450,337,60,45,1,1,1,1
2973,3,650,337,280,65,1,1,1,1
2973,4,763,397,55,45,1,1,1,1
2974,0,-78,367,180,115,1,1,1,1
2974,1,235,345,90,60,1,1,1,1
2974,2,450,337,60,45,1,1,1,1
2974,3,650,337,280,65,1,1,1,1
2974,4,763,397,55,45,1,1,1,1
2975,0,-78,367,180,115,1,1,1,1
2975,1,235,345,90,60,1,1,1,1
2975,2,450,337,60,45,1,1,1,1
2975,3,650,337,280,65,1,1,1,1
2975,4,763,397,55,45,1,1,1,1
2976,0,-78,367,180,115,1,1,1,1
2976,1,235,345,90,60,1,1,1,1
2976,2,450,337,60,45,1,1,1,1
2976,3,650,337,280,65,1,1,1,1
2976,4,763,397,55,45,1,1,1,1
2977,0,-78,367,180,115,1,1,1,1
2977,1,235,345,90,60,1,1,1,1
2977,2,450,337,60,45,1,1,1,1
2977,3,650,337,280,65,1,1,1,1
2977,4,763,397,55,45,1,1,1,1
2978,0,-78,367,180,115,1,1,1,1
2978,1,235,345,90,60,1,1,1,1
2978,2,450,337,60,45,1,1,1,1
2978,3,650,337,280,65,1,1,1,1
2978,4,763,397,55,45,1,1,1,1
2979,0,-78,367,180,115,1,1,1,1
2979,1,235,345,90,60,1,1,1,1
2979,2,450,337,60,45,1,1,1,1
2979,3,650,337,280,65,1,1,1,1
2979,4,763,397,55,45,1,1,1,1
2980,0,-78,367,180,115,1,1,1,1
2980,1,235,345,90,60,1,1,1,1
2980,2,450,337,60,45,1,1,1,1
2980,3,650,337,280,65,1,1,1,1
2980,4,763,397,55,45,1,1,1,1
2981,0,-78,367,180,115,1,1,1,1
2981,1,235,345,90,60,1,1,1,1
2981,2,450,337,60,45,1,1,1,1
2981,3,650,337,280,65,1,1,1,1
2981,4,763,397,55,45,1,1,1,1
2982,0,-78,367,180,115,1,1,1,1
2982,1,235,345,90,60,1,1,1,1
2982,2,450,337,60,45,1,1,1,1
2982,3,650,337,280,65,1,1,1,1
2982,4,763,397,55,45,1,1,1,1
2983,0,-78,367,180,115,1,1,1,1
2983,1,235,345,90,60,1,1,1,1
2983,2,450,337,60,45,1,1,1,1
2983,3,650,337,280,65,1,1,1,1
2983,4,763,397,55,45,1,1,1,1
2984,0,-78,367,180,115,1,1,1,1
2984,1,235,345,90,60,1,1,1,1
2984,2,450,337,60,45,1,1,1,1
2984,3,650,337,280,65,1,1,1,1
2984,4,763,397,55,45,1,1,1,1
2985,0,-78,367,180,115,1,1,1,1
2985,1,235,345,90,60,1,1,1,1
2985,2,450,337,60,45,1,1,1,1
2985,3,650,337,280,65,1,1,1,1
2985,4,763,397,55,45,1,1,1,1
2986,0,-78,367,180,115,1,1,1,1
2986,1,235,345,90,60,1,1,1,1
2986,2,450,337,60,45,1,1,1,1
2986,3,650,337,280,65,1,1,1,1
2986,4,763,397,55,45,1,1,1,1
2987,0,-79,367,180,115,1,1,1,1
2987,1,235,345,90,60,1,1,1,1
2987,2,450,337,60,45,1,1,1,1
2987,3,650,337,280,65,1,1,1,1
2987,4,763,397,55,45,1,1,1,1
2988,0,-79,367,180,115,1,1,1,1
2988,1,235,345,90,60,1,1,1,1
2988,2,450,337,60,45,1,1,1,1
2988,3,650,337,280,65,1,1,1,1
2988,4,763,397,55,45,1,1,1,1
2989,0,-79,367,180,115,1,1,1,1
2989,1,235,345,90,60,1,1,1,1
2989,2,450,337,60,45,1,1,1,1
2989,3,650,337,280,65,1,1,1,1
2989,4,763,397,55,45,1,1,1,1
2990,0,-79,367,180,115,1,1,1,1
2990,1,235,345,90,60,1,1,1,1
2990,2,450,337,60,45,1,1,1,1
2990,3,650,337,280,65,1,1,1,1
2990,4,763,397,55,45,1,1,1,1
2991,0,-79,367,180,115,1,1,1,1
2991,1,235,345,90,60,1,1,1,1
2991,2,450,337,60,45,1,1,1,1
2991,3,650,337,280,65,1,1,1,1
2991,4,763,397,55,45,1,1,1,1
2992,0,-79,367,180,115,1,1,1,1
2992,1,235,345,90,60,1,1,1,1
2992,2,450,337,60,45,1,1,1,1
2992,3,650,337,280,65,1,1,1,1
2992,4,763,397,55,45,1,1,1,1
2993,0,-79,367,180,115,1,1,1,1
2993,1,235,345,90,60,1,1,1,1
2993,2,450,337,60,45,1,1,1,1
2993,3,650,337,280,65,1,1,1,1
2993,4,762,397,55,45,1,1,1,1
2994,0,-79,367,180,115,1,1,1,1
2994,1,235,345,90,60,1,1,1,1
2994,2,450,337,60,45,1,1,1,1
2994,3,650,337,280,65,1,1,1,1
2994,4,762,397,55,45,1,1,1,1
2995,0,-79,367,180,115,1,1,1,1
2995,1,235,345,90,60,1,1,1,1
2995,2,450,337,60,45,1,1,1,1
2995,3,650,337,280,65,1,1,1,1
2995,4,762,397,55,45,1,1,1,1
2996,0,-79,367,180,115,1,1,1,1
2996,1,235,345,90,60,1,1,1,1
2996,2,450,337,60,45,1,1,1,1
2996,3,650,337,280,65,1,1,1,1
2996,4,762,397,55,45,1,1,1,1
2997,0,-79,367,180,115,1,1,1,1
2997,1,235,345,90,60,1,1,1,1
2997,2,450,337,60,45,1,1,1,1
2997,3,650,337,280,65,1,1,1,1
2997,4,762,397,55,45,1,1,1,1
2998,0,-79,367,180,115,1,1,1,1
2998,1,235,345,90,60,1,1,1,1
2998,2,450,337,60,45,1,1,1,1
2998,3,650,337,280,65,1,1,1,1
2998,4,762,397,55,45,1,1,1,1
2999,0,-79,367,180,115,1,1,1,1
2999,1,235,345,90,60,1,1,1,1
2999,2,450,337,60,45,1,1,1,1
2999,3,650,337,280,65,1,1,1,1
2999,4,762,397,55,45,1,1,1,1
3000,0,-79,367,180,115,1,1,1,1
3000,1,235,345,90,60,1,1,1,1
3000,2,450,337,60,45,1,1,1,1
3000,3,650,337,280,65,1,1,1,1
3000,4,762,397,55,45,1,1,1,1
3001,0,-79,367,180,115,1,1,1,1
3001,1,235,345,90,60,1,1,1,1
3001,2,450,337,60,45,1,1,1,1
3001,3,650,337,280,65,1,1,1,1
3001,4,762,397,55,45,1,1,1,1
3002,0,-80,367,180,115,1,1,1,1
3002,1,235,345,90,60,1,1,1,1
3002,2,450,337,60,45,1,1,1,1
3002,3,650,337,280,65,1,1,1,1
3002,4,762,397,55,45,1,1,1,1
3003,0,-80,367,180,115,1,1,1,1
3003,1,234,345,90,60,1,1,1,1
3003,2,449,337,60,45,1,1,1,1
3003,3,649,337,280,65,1,1,1,1
3003,4,762,397,55,45,1,1,1,1
3004,0,-80,367,180,115,1,1,1,1
3004,1,234,345,90,60,1,1,1,1
3004,2,449,337,60,45,1,1,1,1
3004,3,649,337,280,65,1,1,1,1
3004,4,762,397,55,45,1,1,1,1
3005,0,-80,367,180,115,1,1,1,1
3005,1,234,345,90,60,1,1,1,1
3005,2,449,337,60,45,1,1,1,1
3005,3,649,337,280,65,1,1,1,1
3005,4,762,397,55,45,1,1,1,1
3006,0,-80,367,180,115,1,1,1,1
3006,1,234,345,90,60,1,1,1,1
3006,2,449,337,60,45,1,1,1,1
3006,3,649,337,280,65,1,1,1,1
3006,4,762,397,55,45,1,1,1,1
3007,0,-80,367,180,115,1,1,1,1
3007,1,234,345,90,60,1,1,1,1
3007,2,449,337,60,45,1,1,1,1
3007,3,649,337,280,65,1,1,1,1
3007,4,762,397,55,45,1,1,1,1
3008,0,-80,367,180,115,1,1,1,1
3008,1,234,345,90,60,1,1,1,1
3008,2,449,337,60,45,1,1,1,1
3008,3,649,337,280,65,1,1,1,1
3008,4,762,397,55,45,1,1,1,1
3009,0,-80,367,180,115,1,1,1,1
3009,1,234,345,90,60,1,1,1,1
3009,2,449,337,60,45,1,1,1,1
3009,3,649,337,280,65,1,1,1,1
3009,4,762,397,55,45,1,1,1,1
3010,0,-80,367,180,115,1,1,1,1
3010,1,234,345,90,60,1,1,1,1
3010,2,449,337,60,45,1,1,1,1
3010,3,649,337,280,65,1,1,1,1
3010,4,762,397,55,45,1,1,1,1
3011,0,-80,367,180,115,1,1,1,1
3011,1,234,345,90,60,1,1,1,1
3011,2,449,337,60,45,1,1,1,1
3011,3,649,337,280,65,1,1,1,1
3011,4,762,397,55,45,1,1,1,1
3012,0,-80,367,180,115,1,1,1,1
3012,1,234,345,90,60,1,1,1,1
3012,2,449,337,60,45,1,1,1,1
3012,3,649,337,280,65,1,1,1,1
3012,4,762,397,55,45,1,1,1,1
3013,0,-80,367,180,115,1,1,1,1
3013,1,234,345,90,60,1,1,1,1
3013,2,449,337,60,45,1,1,1,1
3013,3,649,337,280,65,1,1,1,1
3013,4,761,397,55,45,1,1,1,1
3014,0,-80,367,180,115,1,1,1,1
3014,1,234,345,90,60,1,1,1,1
3014,2,449,337,60,45,1,1,1,1
3014,3,649,337,280,65,1,1,1,1
3014,4,761,397,55,45,1,1,1,1
3015,0,-80,367,180,115,1,1,1,1
3015,1,234,345,90,60,1,1,1,1
3015,2,449,337,60,45,1,1,1,1
3015,3,649,337,280,65,1,1,1,1
3015,4,761,397,55,45,1,1,1,1
3016,0,-80,367,180,115,1,1,1,1
3016,1,234,345,90,60,1,1,1,1
3016,2,449,337,60,45,1,1,1,1
3016,3,649,337,280,65,1,1,1,1
3016,4,761,397,55,45,1,1,1,1
3017,0,-81,367,180,115,1,1,1,1
3017,1,234,345,90,60,1,1,1,1
3017,2,449,337,60,45,1,1,1,1
3017,3,649,337,280,65,1,1,1,1
3017,4,761,397,55,45,1,1,1,1
3018,0,-81,367,180,115,1,1,1,1
3018,1,234,345,90,60,1,1,1,1
3018,2,449,337,60,45,1,1,1,1
3018,3,649,337,280,65,1,1,1,1
3018,4,761,397,55,45,1,1,1,1
3019,0,-81,367,180,115,1,1,1,1
3019,1,234,345,90,60,1,1,1,1
3019,2,449,337,60,45,1,1,1,1
3019,3,649,337,280,65,1,1,1,1
3019,4,761,397,55,45,1,1,1,1
3020,0,-81,367,180,115,1,1,1,1
3020,1,234,345,90,60,1,1,1,1
3020,2,449,337,60,45,1,1,1,1
3020,3,649,337,280,65,1,1,1,1
3020,4,761,397,55,45,1,1,1,1
3021,0,-81,367,180,115,1,1,1,1
3021,1,234,345,90,60,1,1,1,1
3021,2,449,337,60,45,1,1,1,1
3021,3,649,337,280,65,1,1,1,1
3021,4,761,397,55,45,1,1,1,1
3022,0,-81,367,180,115,1,1,1,1
3022,1,234,345,90,60,1,1,1,1
3022,2,449,337,60,45,1,1,1,1
3022,3,649,337,280,65,1,1,1,1
3022,4,761,397,55,45,1,1,1,1
3023,0,-81,367,180,115,1,1,1,1
3023,1,234,345,90,60,1,1,1,1
3023,2,449,337,60,45,1,1,1,1
3023,3,649,337,280,65,1,1,1,1
3023,4,761,397,55,45,1,1,1,1
3024,0,-81,367,180,115,1,1,1,1
3024,1,234,345,90,60,1,1,1,1
3024,2,449,337,60,45,1,1,1,1
3024,3,649,337,280,65,1,1,1,1
3024,4,761,397,55,45,1,1,1,1
3025,0,-81,367,180,115,1,1,1,1
3025,1,234,345,90,60,1,1,1,1
3025,2,449,337,60,45,1,1,1,1
3025,3,649,337,280,65,1,1,1,1
3025,4,761,397,55,45,1,1,1,1
3026,0,-81,367,180,115,1,1,1,1
3026,1,234,345,90,60,1,1,1,1
3026,2,449,337,60,45,1,1,1,1
3026,3,649,337,280,65,1,1,1,1
3026,4,761,397,55,45,1,1,1,1
3027,0,-81,367,180,115,1,1,1,1
3027,1,234,345,90,60,1,1,1,1
3027,2,449,337,60,45,1,1,1,1
3027,3,649,337,280,65,1,1,1,1
3027,4,761,397,55,45,1,1,1,1
3028,0,-81,367,180,115,1,1,1,1
3028,1,234,345,90,60,1,1,1,1
3028,2,449,337,60,45,1,1,1,1
3028,3,649,337,280,65,1,1,1,1
3028,4,761,397,55,45,1,1,1,1
3029,0,-81,367,180,115,1,1,1,1
3029,1,234,345,90,60,1,1,1,1
3029,2,449,337,60,45,1,1,1,1
3029,3,649,337,280,65,1,1,1,1
3029,4,761,397,55,45,1,1,1,1
3030,0,-81,367,180,115,1,1,1,1
3030,1,234,345,90,60,1,1,1,1
3030,2,449,337,60,45,1,1,1,1
3030,3,649,337,280,65,1,1,1,1
3030,4,761,397,55,45,1,1,1,1
3031,0,-81,367,180,115,1,1,1,1
3031,1,234,345,90,60,1,1,1,1
3031,2,449,337,60,45,1,1,1,1
3031,3,649,337,280,65,1,1,1,1
3031,4,761,397,55,45,1,1,1,1
3032,0,-82,368,180,115,1,1,1,1
3032,1,234,345,90,60,1,1,1,1
3032,2,449,337,60,45,1,1,1,1
3032,3,649,337,280,65,1,1,1,1
3032,4,761,398,55,45,1,1,1,1
3033,0,-82,368,180,115,1,1,1,1
3033,1,233,345,90,60,1,1,1,1
3033,2,449,337,60,45,1,1,1,1
3033,3,649,337,280,65,1,1,1,1
3033,4,760,398,55,45,1,1,1,1
3034,0,-82,368,180,115,1,1,1,1
3034,1,233,345,90,60,1,1,1,1
3034,2,449,337,60,45,1,1,1,1
3034,3,649,337,280,65,1,1,1,1
3034,4,760,398,55,45,1,1,1,1
3035,0,-82,368,180,115,1,1,1,1
3035,1,233,345,90,60,1,1,1,1
3035,2,449,337,60,45,1,1,1,1
3035,3,649,337,280,65,1,1,1,1
3035,4,760,398,55,45,1,1,1,1
3036,0,-82,368,180,115,1,1,1,1
3036,1,233,345,90,60,1,1,1,1
3036,2,449,337,60,45,1,1,1,1
3036,3,649,337,280,65,1,1,1,1
3036,4,760,398,55,45,1,1,1,1
3037,0,-82,368,180,115,1,1,1,1
3037,1,233,345,90,60,1,1,1,1
3037,2,449,337,60,45,1,1,1,1
3037,3,649,337,280,65,1,1,1,1
3037,4,760,398,55,45,1,1,1,1
3038,0,-82,368,180,115,1,1,1,1
3038,1,233,345,90,60,1,1,1,1
3038,2,449,337,60,45,1,1,1,1
3038,3,649,337,280,65,1,1,1,1
3038,4,760,398,55,45,1,1,1,1
3039,0,-82,368,180,115,1,1,1,1
3039,1,233,345,90,60,1,1,1,1
3039,2,449,337,60,45,1,1,1,1
3039,3,649,337,280,65,1,1,1,1
3039,4,760,398,55,45,1,1,1,1
3040,0,-82,368,180,115,1,1,1,1
3040,1,233,345,90,60,1,1,1,1
3040,2,449,337,60,45,1,1,1,1
3040,3,649,337,280,65,1,1,1,1
3040,4,760,398,55,45,1,1,1,1
3041,0,-82,368,180,115,1,1,1,1
3041,1,233,345,90,60,1,1,1,1
3041,2,449,337,60,45,1,1,1,1
3041,3,649,337,280,65,1,1,1,1
3041,4,760,398,55,45,1,1,1,1
3042,0,-82,368,180,115,1,1,1,1
3042,1,233,345,90,60,1,1,1,1
3042,2,449,337,60,45,1,1,1,1
3042,3,649,337,280,65,1,1,1,1
3042,4,760,398,55,45,1,1,1,1
3043,0,-82,368,180,115,1,1,1,1
3043,1,233,345,90,60,1,1,1,1
3043,2,449,337,60,45,1,1,1,1
3043,3,649,337,280,65,1,1,1,1
3043,4,760,398,55,45,1,1,1,1
3044,0,-82,368,180,115,1,1,1,1
3044,1,233,345,90,60,1,1,1,1
3044,2,449,337,60,45,1,1,1,1
3044,3,649,337,280,65,1,1,1,1
3044,4,760,398,55,45,1,1,1,1
3045,0,-82,368,180,115,1,1,1,1
3045,1,233,345,90,60,1,1,1,1
3045,2,449,337,60,45,1,1,1,1
3045,3,649,337,280,65,1,1,1,1
3045,4,760,398,55,45,1,1,1,1
3046,0,-82,368,180,115,1,1,1,1
3046,1,233,345,90,60,1,1,1,1
3046,2,449,337,60,45,1,1,1,1
3046,3,649,337,280,65,1,1,1,1
3046,4,760,398,55,45,1,1,1,1
3047,0,-83,368,180,115,1,1,1,1
3047,1,233,345,90,60,1,1,1,1
3047,2,449,337,60,45,1,1,1,1
3047,3,649,337,280,65,1,1,1,1
3047,4,760,398,55,45,1,1,1,1
3048,0,-83,368,180,115,1,1,1,1
3048,1,233,345,90,60,1,1,1,1
3048,2,449,337,60,45,1,1,1,1
3048,3,649,337,280,65,1,1,1,1
3048,4,760,398,55,45,1,1,1,1
3049,0,-83,368,180,115,1,1,1,1
3049,1,233,345,90,60,1,1,1,1
3049,2,449,337,60,45,1,1,1,1
3049,3,649,337,280,65,1,1,1,1
3049,4,760,398,55,45,1,1,1,1
3050,0,-83,368,180,115,1,1,1,1
3050,1,233,345,90,60,1,1,1,1
3050,2,449,337,60,45,1,1,1,1
3050,3,649,337,280,65,1,1,1,1
3050,4,760,398,55,45,1,1,1,1
3051,0,-83,368,180,115,1,1,1,1
3051,1,233,345,90,60,1,1,1,1
3051,2,449,337,60,45,1,1,1,1
3051,3,649,337,280,65,1,1,1,1
3051,4,760,398,55,45,1,1,1,1
3052,0,-83,368,180,115,1,1,1,1
3052,1,233,345,90,60,1,1,1,1
3052,2,449,337,60,45,1,1,1,1
3052,3,649,337,280,65,1,1,1,1
3052,4,760,398,55,45,1,1,1,1
3053,0,-83,368,180,115,1,1,1,1
3053,1,233,345,90,60,1,1,1,1
3053,2,449,337,60,45,1,1,1,1
3053,3,649,337,280,65,1,1,1,1
3053,4,759,398,55,45,1,1,1,1
3054,0,-83,368,180,115,1,1,1,1
3054,1,233,345,90,60,1,1,1,1
3054,2,449,337,60,45,1,1,1,1
3054,3,649,337,280,65,1,1,1,1
3054,4,759,398,55,45,1,1,1,1
3055,0,-83,368,180,115,1,1,1,1
3055,1,233,345,90,60,1,1,1,1
3055,2,449,337,60,45,1,1,1,1
3055,3,649,337,280,65,1,1,1,1
3055,4,759,398,55,45,1,1,1,1
3056,0,-83,368,180,115,1,1,1,1
3056,1,233,345,90,60,1,1,1,1
3056,2,449,337,60,45,1,1,1,1
3056,3,649,337,280,65,1,1,1,1
3056,4,759,398,55,45,1,1,1,1
3057,0,-83,368,180,115,1,1,1,1
3057,1,233,345,90,60,1,1,1,1
3057,2,449,337,60,45,1,1,1,1
3057,3,649,337,280,65,1,1,1,1
3057,4,759,398,55,45,1,1,1,1
3058,0,-83,368,180,115,1,1,1,1
3058,1,233,345,90,60,1,1,1,1
3058,2,449,337,60,45,1,1,1,1
3058,3,649,337,280,65,1,1,1,1
3058,4,759,398,55,45,1,1,1,1
3059,0,-83,368,180,115,1,1,1,1
3059,1,233,345,90,60,1,1,1,1
3059,2,449,337,60,45,1,1,1,1
3059,3,649,337,280,65,1,1,1,1
3059,4,759,398,55,45,1,1,1,1
3060,0,-83,368,180,115,1,1,1,1
3060,1,233,345,90,60,1,1,1,1
3060,2,449,337,60,45,1,1,1,1
3060,3,649,337,280,65,1,1,1,1
3060,4,759,398,55,45,1,1,1,1
3061,0,-83,368,180,115,1,1,1,1
3061,1,233,345,90,60,1,1,1,1
3061,2,449,337,60,45,1,1,1,1
3061,3,649,337,280,65,1,1,1,1
3061,4,759,398,55,45,1,1,1,1
3062,0,-84,368,180,115,1,1,1,1
3062,1,233,345,90,60,1,1,1,1
3062,2,449,337,60,45,1,1,1,1
3062,3,649,337,280,65,1,1,1,1
3062,4,759,398,55,45,1,1,1,1
3063,0,-84,368,180,115,1,1,1,1
3063,1,232,345,90,60,1,1,1,1
3063,2,448,337,60,45,1,1,1,1
3063,3,649,337,280,65,1,1,1,1
3063,4,759,398,55,45,1,1,1,1
3064,0,-84,368,180,115,1,1,1,1
3064,1,232,345,90,60,1,1,1,1
3064,2,448,337,60,45,1,1,1,1
3064,3,649,337,280,65,1,1,1,1
3064,4,759,398,55,45,1,1,1,1
3065,0,-84,368,180,115,1,1,1,1
3065,1,232,345,90,60,1,1,1,1
3065,2,448,337,60,45,1,1,1,1
3065,3,649,337,280,65,1,1,1,1
3065,4,759,398,55,45,1,1,1,1
3066,0,-84,368,180,115,1,1,1,1
3066,1,232,345,90,60,1,1,1,1
3066,2,448,337,60,45,1,1,1,1
3066,3,649,337,280,65,1,1,1,1
3066,4,759,398,55,45,1,1,1,1
3067,0,-84,368,180,115,1,1,1,1
3067,1,232,345,90,60,1,1,1,1
3067,2,448,337,60,45,1,1,1,1
3067,3,649,337,280,65,1,1,1,1
3067,4,759,398,55,45,1,1,1,1
3068,0,-84,368,180,115,1,1,1,1
3068,1,232,345,90,60,1,1,1,1
3068,2,448,337,60,45,1,1,1,1
3068,3,649,337,280,65,1,1,1,1
3068,4,759,398,55,45,1,1,1,1
3069,0,-84,368,180,115,1,1,1,1
3069,1,232,345,90,60,1,1,1,1
3069,2,448,337,60,45,1,1,1,1
3069,3,649,337,280,65,1,1,1,1
3069,4,759,398,55,45,1,1,1,1
3070,0,-84,368,180,115,1,1,1,1
3070,1,232,345,90,60,1,1,1,1
3070,2,448,337,60,45,1,1,1,1
3070,3,649,337,280,65,1,1,1,1
3070,4,759,398,55,45,1,1,1,1
3071,0,-84,368,180,115,1,1,1,1
3071,1,232,345,90,60,1,1,1,1
3071,2,448,337,60,45,1,1,1,1
3071,3,649,337,280,65,1,1,1,1
3071,4,759,398,55,45,1,1,1,1
3072,0,-84,368,180,115,1,1,1,1
3072,1,232,345,90,60,1,1,1,1
3072,2,448,337,60,45,1,1,1,1
3072,3,649,337,280,65,1,1,1,1
3072,4,759,398,55,45,1,1,1,1
3073,0,-84,368,180,115,1,1,1,1
3073,1,232,345,90,60,1,1,1,1
3073,2,448,337,60,45,1,1,1,1
3073,3,649,337,280,65,1,1,1,1
3073,4,758,398,55,45,1,1,1,1
3074,0,-84,368,180,115,1,1,1,1
3074,1,232,345,90,60,1,1,1,1
3074,2,448,337,60,45,1,1,1,1
3074,3,649,337,280,65,1,1,1,1
3074,4,758,398,55,45,1,1,1,1
3075,0,-84,368,180,115,1,1,1,1
3075,1,232,345,90,60,1,1,1,1
3075,2,448,337,60,45,1,1,1,1
3075,3,649,337,280,65,1,1,1,1
3075,4,758,398,55,45,1,1,1,1
3076,0,-84,368,180,115,1,1,1,1
3076,1,232,345,90,60,1,1,1,1
3076,2,448,337,60,45,1,1,1,1
3076,3,649,337,280,65,1,1,1,1
3076,4,758,398,55,45,1,1,1,1
3077,0,-85,368,180,115,1,1,1,1
3077,1,232,345,90,60,1,1,1,1
3077,2,448,337,60,45,1,1,1,1
3077,3,649,337,280,65,1,1,1,1
3077,4,758,398,55,45,1,1,1,1
3078,0,-85,368,180,115,1,1,1,1
3078,1,232,345,90,60,1,1,1,1
3078,2,448,337,60,45,1,1,1,1
3078,3,649,337,280,65,1,1,1,1
3078,4,758,398,55,45,1,1,1,1
3079,0,-85,368,180,115,1,1,1,1
3079,1,232,345,90,60,1,1,1,1
3079,2,448,337,60,45,1,1,1,1
3079,3,649,337,280,65,1,1,1,1
3079,4,758,398,55,45,1,1,1,1
3080,0,-85,368,180,115,1,1,1,1
3080,1,232,345,90,60,1,1,1,1
3080,2,448,337,60,45,1,1,1,1
3080,3,649,337,280,65,1,1,1,1
3080,4,758,398,55,45,1,1,1,1
3081,0,-85,368,180,115,1,1,1,1
3081,1,232,345,90,60,1,1,1,1
3081,2,448,337,60,45,1,1,1,1
3081,3,649,337,280,65,1,1,1,1
3081,4,758,398,55,45,1,1,1,1
3082,0,-85,368,180,115,1,1,1,1
3082,1,232,345,90,60,1,1,1,1
3082,2,448,337,60,45,1,1,1,1
3082,3,649,337,280,65,1,1,1,1
3082,4,758,398,55,45,1,1,1,1
3083,0,-85,368,180,115,1,1,1,1
3083,1,232,345,90,60,1,1,1,1
3083,2,448,337,60,45,1,1,1,1
3083,3,649,337,280,65,1,1,1,1
3083,4,758,398,55,45,1,1,1,1
3084,0,-85,368,180,115,1,1,1,1
3084,1,232,345,90,60,1,1,1,1
3084,2,448,337,60,45,1,1,1,1
3084,3,649,337,280,65,1,1,1,1
3084,4,758,398,55,45,1,1,1,1
3085,0,-85,368,180,115,1,1,1,1
3085,1,232,345,90,60,1,1,1,1
3085,2,448,337,60,45,1,1,1,1
3085,3,649,337,280,65,1,1,1,1
3085,4,758,398,55,45,1,1,1,1
3086,0,-85,368,180,115,1,1,1,1
3086,1,232,345,90,60,1,1,1,1
3086,2,448,337,60,45,1,1,1,1
3086,3,649,337,280,65,1,1,1,1
3086,4,758,398,55,45,1,1,1,1
3087,0,-85,368,180,115,1,1,1,1
3087,1,232,345,90,60,1,1,1,1
3087,2,448,337,60,45,1,1,1,1
3087,3,649,337,280,65,1,1,1,1
3087,4,758,398,55,45,1,1,1,1
3088,0,-85,368,180,115,1,1,1,1
3088,1,232,345,90,60,1,1,1,1
3088,2,448,337,60,45,1,1,1,1
3088,3,649,337,280,65,1,1,1,1
3088,4,758,398,55,45,1,1,1,1
3089,0,-85,368,180,115,1,1,1,1
3089,1,232,345,90,60,1,1,1,1
3089,2,448,337,60,45,1,1,1,1
3089,3,649,337,280,65,1,1,1,1
3089,4,758,398,55,45,1,1,1,1
3090,0,-85,368,180,115,1,1,1,1
3090,1,232,345,90,60,1,1,1,1
3090,2,448,337,60,45,1,1,1,1
3090,3,649,337,280,65,1,1,1,1
3090,4,758,398,55,45,1,1,1,1
3091,0,-85,368,180,115,1,1,1,1
3091,1,232,345,90,60,1,1,1,1
3091,2,448,337,60,45,1,1,1,1
3091,3,649,337,280,65,1,1,1,1
3091,4,758,398,55,45,1,1,1,1
3092,0,-86,369,180,115,1,1,1,1
3092,1,232,345,90,60,1,1,1,1
3092,2,448,337,60,45,1,1,1,1
3092,3,649,337,280,65,1,1,1,1
3092,4,758,399,55,45,1,1,1,1
3093,0,-86,369,180,115,1,1,1,1
3093,1,231,345,90,60,1,1,1,1
3093,2,448,337,60,45,1,1,1,1
3093,3,649,337,280,65,1,1,1,1
3093,4,757,399,55,45,1,1,1,1
3094,0,-86,369,180,115,1,1,1,1
3094,1,231,345,90,60,1,1,1,1
3094,2,448,337,60,45,1,1,1,1
3094,3,649,337,280,65,1,1,1,1
3094,4,757,399,55,45,1,1,1,1
3095,0,-86,369,180,115,1,1,1,1
3095,1,231,345,90,60,1,1,1,1
3095,2,448,337,60,45,1,1,1,1
3095,3,649,337,280,65,1,1,1,1
3095,4,757,399,55,45,1,1,1,1
3096,0,-86,369,180,115,1,1,1,1
3096,1,231,345,90,60,1,1,1,1
3096,2,448,337,60,45,1,1,1,1
3096,3,649,337,280,65,1,1,1,1
3096,4,757,399,55,45,1,1,1,1
3097,0,-86,369,180,115,1,1,1,1
3097,1,231,345,90,60,1,1,1,1
3097,2,448,337,60,45,1,1,1,1
3097,3,649,337,280,65,1,1,1,1
3097,4,757,399,55,45,1,1,1,1
3098,0,-86,369,180,115,1,1,1,1
3098,1,231,345,90,60,1,1,1,1
3098,2,448,337,60,45,1,1,1,1
3098,3,649,337,280,65,1,1,1,1
3098,4,757,399,55,45,1,1,1,1
3099,0,-86,369,180,115,1,1,1,1
3099,1,231,345,90,60,1,1,1,1
3099,2,448,337,60,45,1,1,1,1
3099,3,649,337,280,65,1,1,1,1
3099,4,757,399,55,45,1,1,1,1
3100,0,-86,369,180,115,1,1,1,1
3100,1,231,345,90,60,1,1,1,1
3100,2,448,337,60,45,1,1,1,1
3100,3,649,337,280,65,1,1,1,1
3100,4,757,399,55,45,1,1,1,1
3101,0,-86,369,180,115,1,1,1,1
3101,1,231,345,90,60,1,1,1,1
3101,2,448,337,60,45,1,1,1,1
3101,3,649,337,280,65,1,1,1,1
3101,4,757,399,55,45,1,1,1,1
3102,0,-86,369,180,115,1,1,1,1
3102,1,231,345,90,60,1,1,1,1
3102,2,448,337,60,45,1,1,1,1
3102,3,649,337,280,65,1,1,1,1
3102,4,757,399,55,45,1,1,1,1
3103,0,-86,369,180,115,1,1,1,1
3103,1,231,345,90,60,1,1,1,1
3103,2,448,337,60,45,1,1,1,1
3103,3,648,337,280,65,1,1,1,1
3103,4,757,399,55,45,1,1,1,1
3104,0,-86,369,180,115,1,1,1,1
3104,1,231,345,90,60,1,1,1,1
3104,2,448,337,60,45,1,1,1,1
3104,3,648,337,280,65,1,1,1,1
3104,4,757,399,55,45,1,1,1,1
3105,0,-86,369,180,115,1,1,1,1
3105,1,231,345,90,60,1,1,1,1
3105,2,448,337,60,45,1,1,1,1
3105,3,648,337,280,65,1,1,1,1
3105,4,757,399,55,45,1,1,1,1
3106,0,-86,369,180,115,1,1,1,1
3106,1,231,345,90,60,1,1,1,1
3106,2,448,337,60,45,1,1,1,1
3106,3,648,337,280,65,1,1,1,1
3106,4,757,399,55,45,1,1,1,1
3107,0,-87,369,180,115,1,1,1,1
3107,1,231,345,90,60,1,1,1,1
3107,2,448,337,60,45,1,1,1,1
3107,3,648,337,280,65,1,1,1,1
3107,4,757,399,55,45,1,1,1,1
3108,0,-87,369,180,115,1,1,1,1
3108,1,231,345,90,60,1,1,1,1
3108,2,448,337,60,45,1,1,1,1
3108,3,648,337,280,65,1,1,1,1
3108,4,757,399,55,45,1,1,1,1
3109,0,-87,369,180,115,1,1,1,1
3109,1,231,345,90,60,1,1,1,1
3109,2,448,337,60,45,1,1,1,1
3109,3,648,337,280,65,1,1,1,1
3109,4,757,399,55,45,1,1,1,1
3110,0,-87,369,180,115,1,1,1,1
3110,1,231,345,90,60,1,1,1,1
3110,2,448,337,60,45,1,1,1,1
3110,3,648,337,280,65,1,1,1,1
3110,4,757,399,55,45,1,1,1,1
3111,0,-87,369,180,115,1,1,1,1
3111,1,231,345,90,60,1,1,1,1
3111,2,448,337,60,45,1,1,1,1
3111,3,648,337,280,65,1,1,1,1
3111,4,757,399,55,45,1,1,1,1
3112,0,-87,369,180,115,1,1,1,1
3112,1,231,345,90,60,1,1,1,1
3112,2,448,337,60,45,1,1,1,1
3112,3,648,337,280,65,1,1,1,1
3112,4,757,399,55,45,1,1,1,1
3113,0,-87,369,180,115,1,1,1,1
3113,1,231,345,90,60,1,1,1,1
3113,2,448,337,60,45,1,1,1,1
3113,3,648,337,280,65,1,1,1,1
3113,4,756,399,55,45,1,1,1,1
3114,0,-87,369,180,115,1,1,1,1
3114,1,231,345,90,60,1,1,1,1
3114,2,448,337,60,45,1,1,1,1
3114,3,648,337,280,65,1,1,1,1
3114,4,756,399,55,45,1,1,1,1
3115,0,-87,369,180,115,1,1,1,1
3115,1,231,345,90,60,1,1,1,1
3115,2,448,337,60,45,1,1,1,1
3115,3,648,337,280,65,1,1,1,1
3115,4,756,399,55,45,1,1,1,1
3116,0,-87,369,180,115,1,1,1,1
3116,1,231,345,90,60,1,1,1,1
3116,2,448,337,60,45,1,1,1,1
3116,3,648,337,280,65,1,1,1,1
3116,4,756,399,55,45,1,1,1,1
3117,0,-87,369,180,115,1,1,1,1
3117,1,231,345,90,60,1,1,1,1
3117,2,448,337,60,45,1,1,1,1
3117,3,648,337,280,65,1,1,1,1
3117,4,756,399,55,45,1,1,1,1
3118,0,-87,369,180,115,1,1,1,1
3118,1,231,345,90,60,1,1,1,1
3118,2,448,337,60,45,1,1,1,1
3118,3,648,337,280,65,1,1,1,1
3118,4,756,399,55,45,1,1,1,1
3119,0,-87,369,180,115,1,1,1,1
3119,1,231,345,90,60,1,1,1,1
3119,2,448,337,60,45,1,1,1,1
3119,3,648,337,280,65,1,1,1,1
3119,4,756,399,55,45,1,1,1,1
3120,0,-87,369,180,115,1,1,1,1
3120,1,231,345,90,60,1,1,1,1
3120,2,448,337,60,45,1,1,1,1
3120,3,648,337,280,65,1,1,1,1
3120,4,756,399,55,45,1,1,1,1
3121,0,-87,369,180,115,1,1,1,1
3121,1,231,345,90,60,1,1,1,1
3121,2,448,337,60,45,1,1,1,1
3121,3,648,337,280,65,1,1,1,1
3121,4,756,399,55,45,1,1,1,1
3122,0,-88,369,180,115,1,1,1,1
3122,1,231,345,90,60,1,1,1,1
3122,2,448,337,60,45,1,1,1,1
3122,3,648,337,280,65,1,1,1,1
3122,4,756,399,55,45,1,1,1,1
3123,0,-88,369,180,115,1,1,1,1
3123,1,230,345,90,60,1,1,1,1
3123,2,447,337,60,45,1,1,1,1
3123,3,648,337,280,65,1,1,1,1
3123,4,756,399,55,45,1,1,1,1
3124,0,-88,369,180,115,1,1,1,1
3124,1,230,345,90,60,1,1,1,1
3124,2,447,337,60,45,1,1,1,1
3124,3,648,337,280,65,1,1,1,1
3124,4,756,399,55,45,1,1,1,1
3125,0,-88,369,180,115,1,1,1,1
3125,1,230,345,90,60,1,1,1,1
3125,2,447,337,60,45,1,1,1,1
3125,3,648,337,280,65,1,1,1,1
3125,4,756,399,55,45,1,1,1,1
3126,0,-88,369,180,115,1,1,1,1
3126,1,230,345,90,60,1,1,1,1
3126,2,447,337,60,45,1,1,1,1
3126,3,648,337,280,65,1,1,1,1
3126,4,756,399,55,45,1,1,1,1
3127,0,-88,369,180,115,1,1,1,1
3127,1,230,345,90,60,1,1,1,1
3127,2,447,337,60,45,1,1,1,1
3127,3,648,337,280,65,1,1,1,1
3127,4,756,399,55,45,1,1,1,1
3128,0,-88,369,180,115,1,1,1,1
3128,1,230,345,90,60,1,1,1,1
3128,2,447,337,60,45,1,1,1,1
3128,3,648,337,280,65,1,1,1,1
3128,4,756,399,55,45,1,1,1,1
3129,0,-88,369,180,115,1,1,1,1
3129,1,230,345,90,60,1,1,1,1
3129,2,447,337,60,45,1,1,1,1
3129,3,648,337,280,65,1,1,1,1
3129,4,756,399,55,45,1,1,1,1
3130,0,-88,369,180,115,1,1,1,1
3130,1,230,345,90,60,1,1,1,1
3130,2,447,337,60,45,1,1,1,1
3130,3,648,337,280,65,1,1,1,1
3130,4,756,399,55,45,1,1,1,1
3131,0,-88,369,180,115,1,1,1,1
3131,1,230,345,90,60,1,1,1,1
3131,2,447,337,60,45,1,1,1,1
3131,3,648,337,280,65,1,1,1,1
3131,4,756,399,55,45,1,1,1,1
3132,0,-88,369,180,115,1,1,1,1
3132,1,230,345,90,60,1,1,1,1
3132,2,447,337,60,45,1,1,1,1
3132,3,648,337,280,65,1,1,1,1
3132,4,756,399,55,45,1,1,1,1
3133,0,-88,369,180,115,1,1,1,1
3133,1,230,345,90,60,1,1,1,1
3133,2,447,337,60,45,1,1,1,1
3133,3,648,337,280,65,1,1,1,1
3133,4,755,399,55,45,1,1,1,1
3134,0,-88,369,180,115,1,1,1,1
3134,1,230,345,90,60,1,1,1,1
3134,2,447,337,60,45,1,1,1,1
3134,3,648,337,280,65,1,1,1,1
3134,4,755,399,55,45,1,1,1,1
3135,0,-88,369,180,115,1,1,1,1
3135,1,230,345,90,60,1,1,1,1
3135,2,447,337,60,45,1,1,1,1
3135,3,648,337,280,65,1,1,1,1
3135,4,755,399,55,45,1,1,1,1
3136,0,-88,369,180,115,1,1,1,1
3136,1,230,345,90,60,1,1,1,1
3136,2,447,337,60,45,1,1,1,1
3136,3,648,337,280,65,1,1,1,1
3136,4,755,399,55,45,1,1,1,1
3137,0,-89,369,180,115,1,1,1,1
3137,1,230,345,90,60,1,1,1,1
3137,2,447,337,60,45,1,1,1,1
3137,3,648,337,280,65,1,1,1,1
3137,4,755,399,55,45,1,1,1,1
3138,0,-89,369,180,115,1,1,1,1
3138,1,230,345,90,60,1,1,1,1
3138,2,447,337,60,45,1,1,1,1
3138,3,648,337,280,65,1,1,1,1
3138,4,755,399,55,45,1,1,1,1
3139,0,-89,369,180,115,1,1,1,1
3139,1,230,345,90,60,1,1,1,1
3139,2,447,337,60,45,1,1,1,1
3139,3,648,337,280,65,1,1,1,1
3139,4,755,399,55,45,1,1,1,1
3140,0,-89,369,180,115,1,1,1,1
3140,1,230,345,90,60,1,1,1,1
3140,2,447,337,60,45,1,1,1,1
3140,3,648,337,280,65,1,1,1,1
3140,4,755,399,55,45,1,1,1,1
3141,0,-89,369,180,115,1,1,1,1
3141,1,230,345,90,60,1,1,1,1
3141,2,447,337,60,45,1,1,1,1
3141,3,648,337,280,65,1,1,1,1
3141,4,755,399,55,45,1,1,1,1
3142,0,-89,369,180,115,1,1,1,1
3142,1,230,345,90,60,1,1,1,1
3142,2,447,337,60,45,1,1,1,1
3142,3,648,337,280,65,1,1,1,1
3142,4,755,399,55,45,1,1,1,1
3143,0,-89,369,180,115,1,1,1,1
3143,1,230,345,90,60,1,1,1,1
3143,2,447,337,60,45,1,1,1,1
3143,3,648,337,280,65,1,1,1,1
3143,4,755,399,55,45,1,1,1,1
3144,0,-89,369,180,115,1,1,1,1
3144,1,230,345,90,60,1,1,1,1
3144,2,447,337,60,45,1,1,1,1
3144,3,648,337,280,65,1,1,1,1
3144,4,755,399,55,45,1,1,1,1
3145,0,-89,369,180,115,1,1,1,1
3145,1,230,345,90,60,1,1,1,1
3145,2,447,337,60,45,1,1,1,1
3145,3,648,337,280,65,1,1,1,1
3145,4,755,399,55,45,1,1,1,1
3146,0,-89,369,180,115,1,1,1,1
3146,1,230,345,90,60,1,1,1,1
3146,2,447,337,60,45,1,1,1,1
3146,3,648,337,280,65,1,1,1,1
3146,4,755,399,55,45,1,1,1,1
3147,0,-89,369,180,115,1,1,1,1
3147,1,230,345,90,60,1,1,1,1
3147,2,447,337,60,45,1,1,1,1
3147,3,648,337,280,65,1,1,1,1
3147,4,755,399,55,45,1,1,1,1
3148,0,-89,369,180,115,1,1,1,1
3148,1,230,345,90,60,1,1,1,1
3148,2,447,337,60,45,1,1,1,1
3148,3,648,337,280,65,1,1,1,1
3148,4,755,399,55,45,1,1,1,1
3149,0,-89,369,180,115,1,1,1,1
3149,1,230,345,90,60,1,1,1,1
3149,2,447,337,60,45,1,1,1,1
3149,3,648,337,280,65,1,1,1,1
3149,4,755,399,55,45,1,1,1,1
3150,0,-89,369,180,115,1,1,1,1
3150,1,230,345,90,60,1,1,1,1
3150,2,447,337,60,45,1,1,1,1
3150,3,648,337,280,65,1,1,1,1
3150,4,755,399,55,45,1,1,1,1
3151,0,-89,369,180,115,1,1,1,1
3151,1,230,345,90,60,1,1,1,1
3151,2,447,337,60,45,1,1,1,1
3151,3,648,337,280,65,1,1,1,1
3151,4,755,399,55,45,1,1,1,1
3152,0,-90,370,180,115,1,1,1,1
3152,1,230,345,90,60,1,1,1,1
3152,2,447,337,60,45,1,1,1,1
3152,3,648,337,280,65,1,1,1,1
3152,4,755,400,55,45,1,1,1,1
3153,0,-90,370,180,115,1,1,1,1
3153,1,229,345,90,60,1,1,1,1
3153,2,447,337,60,45,1,1,1,1
3153,3,648,337,280,65,1,1,1,1
3153,4,754,400,55,45,1,1,1,1
3154,0,-90,370,180,115,1,1,1,1
3154,1,229,345,90,60,1,1,1,1
3154,2,447,337,60,45,1,1,1,1
3154,3,648,337,280,65,1,1,1,1
3154,4,754,400,55,45,1,1,1,1
3155,0,-90,370,180,115,1,1,1,1
3155,1,229,345,90,60,1,1,1,1
3155,2,447,337,60,45,1,1,1,1
3155,3,648,337,280,65,1,1,1,1
3155,4,754,400,55,45,1,1,1,1
3156,0,-90,370,180,115,1,1,1,1
3156,1,229,345,90,60,1,1,1,1
3156,2,447,337,60,45,1,1,1,1
3156,3,648,337,280,65,1,1,1,1
3156,4,754,400,55,45,1,1,1,1
3157,0,-90,370,180,115,1,1,1,1
3157,1,229,345,90,60,1,1,1,1
3157,2,447,337,60,45,1,1,1,1
3157,3,648,337,280,65,1,1,1,1
3157,4,754,400,55,45,1,1,1,1
3158,0,-90,370,180,115,1,1,1,1
3158,1,229,345,90,60,1,1,1,1
3158,2,447,337,60,45,1,1,1,1
3158,3,648,337,280,65,1,1,1,1
3158,4,754,400,55,45,1,1,1,1
3159,0,-90,370,180,115,1,1,1,1
3159,1,229,345,90,60,1,1,1,1
3159,2,447,337,60,45,1,1,1,1
3159,3,648,337,280,65,1,1,1,1
3159,4,754,400,55,45,1,1,1,1
3160,0,-90,370,180,115,1,1,1,1
3160,1,229,345,90,60,1,1,1,1
3160,2,447,337,60,45,1,1,1,1
3160,3,648,337,280,65,1,1,1,1
3160,4,754,400,55,45,1,1,1,1
3161,0,-90,370,180,115,1,1,1,1
3161,1,229,345,90,60,1,1,1,1
3161,2,447,337,60,45,1,1,1,1
3161,3,648,337,280,65,1,1,1,1
3161,4,754,400,55,45,1,1,1,1
3162,0,-90,370,180,115,1,1,1,1
3162,1,229,345,90,60,1,1,1,1
3162,2,447,337,60,45,1,1,1,1
3162,3,648,337,280,65,1,1,1,1
3162,4,754,400,55,45,1,1,1,1
3163,0,-90,370,180,115,1,1,1,1
3163,1,229,345,90,60,1,1,1,1
3163,2,447,337,60,45,1,1,1,1
3163,3,648,337,280,65,1,1,1,1
3163,4,754,400,55,45,1,1,1,1
3164,0,-90,370,180,115,1,1,1,1
3164,1,229,345,90,60,1,1,1,1
3164,2,447,337,60,45,1,1,1,1
3164,3,648,337,280,65,1,1,1,1
3164,4,754,400,55,45,1,1,1,1
3165,0,-90,370,180,115,1,1,1,1
3165,1,229,345,90,60,1,1,1,1
3165,2,447,337,60,45,1,1,1,1
3165,3,648,337,280,65,1,1,1,1
3165,4,754,400,55,45,1,1,1,1
3166,0,-90,370,180,115,1,1,1,1
3166,1,229,345,90,60,1,1,1,1
3166,2,447,337,60,45,1,1,1,1
3166,3,648,337,280,65,1,1,1,1
3166,4,754,400,55,45,1,1,1,1
3167,0,-91,370,180,115,1,1,1,1
3167,1,229,345,90,60,1,1,1,1
3167,2,447,337,60,45,1,1,1,1
3167,3,648,337,280,65,1,1,1,1
3167,4,754,400,55,45,1,1,1,1
3168,0,-91,370,180,115,1,1,1,1
3168,1,229,345,90,60,1,1,1,1
3168,2,447,337,60,45,1,1,1,1
3168,3,648,337,280,65,1,1,1,1
3168,4,754,400,55,45,1,1,1,1
3169,0,-91,370,180,115,1,1,1,1
3169,1,229,345,90,60,1,1,1,1
3169,2,447,337,60,45,1,1,1,1
3169,3,648,337,280,65,1,1,1,1
3169,4,754,400,55,45,1,1,1,1
3170,0,-91,370,180,115,1,1,1,1
3170,1,229,345,90,60,1,1,1,1
3170,2,447,337,60,45,1,1,1,1
3170,3,648,337,280,65,1,1,1,1
3170,4,754,400,55,45,1,1,1,1
3171,0,-91,370,180,115,1,1,1,1
3171,1,229,345,90,60,1,1,1,1
3171,2,447,337,60,45,1,1,1,1
3171,3,648,337,280,65,1,1,1,1
3171,4,754,400,55,45,1,1,1,1
3172,0,-91,370,180,115,1,1,1,1
3172,1,229,345,90,60,1,1,1,1
3172,2,447,337,60,45,1,1,1,1
3172,3,648,337,280,65,1,1,1,1
3172,4,754,400,55,45,1,1,1,1
3173,0,-91,370,180,115,1,1,1,1
3173,1,229,345,90,60,1,1,1,1
3173,2,447,337,60,45,1,1,1,1
3173,3,648,337,280,65,1,1,1,1
3173,4,753,400,55,45,1,1,1,1
3174,0,-91,370,180,115,1,1,1,1
3174,1,229,345,90,60,1,1,1,1
3174,2,447,337,60,45,1,1,1,1
3174,3,648,337,280,65,1,1,1,1
3174,4,753,400,55,45,1,1,1,1
3175,0,-91,370,180,115,1,1,1,1
3175,1,229,345,90,60,1,1,1,1
3175,2,447,337,60,45,1,1,1,1
3175,3,648,337,280,65,1,1,1,1
3175,4,753,400,55,45,1,1,1,1
3176,0,-91,370,180,115,1,1,1,1
3176,1,229,345,90,60,1,1,1,1
3176,2,447,337,60,45,1,1,1,1
3176,3,648,337,280,65,1,1,1,1
3176,4,753,400,55,45,1,1,1,1
3177,0,-91,370,180,115,1,1,1,1
3177,1,229,345,90,60,1,1,1,1
3177,2,447,337,60,45,1,1,1,1
3177,3,648,337,280,65,1,1,1,1
3177,4,753,400,55,45,1,1,1,1
3178,0,-91,370,180,115,1,1,1,1
3178,1,229,345,90,60,1,1,1,1
3178,2,447,337,60,45,1,1,1,1
3178,3,648,337,280,65,1,1,1,1
3178,4,753,400,55,45,1,1,1,1
3179,0,-91,370,180,115,1,1,1,1
3179,1,229,345,90,60,1,1,1,1
3179,2,447,337,60,45,1,1,1,1
3179,3,648,337,280,65,1,1,1,1
3179,4,753,400,55,45,1,1,1,1
3180,0,-91,370,180,115,1,1,1,1
3180,1,229,345,90,60,1,1,1,1
3180,2,447,337,60,45,1,1,1,1
3180,3,648,337,280,65,1,1,1,1
3180,4,753,400,55,45,1,1,1,1
3181,0,-91,370,180,115,1,1,1,1
3181,1,229,345,90,60,1,1,1,1
3181,2,447,337,60,45,1,1,1,1
3181,3,648,337,280,65,1,1,1,1
3181,4,753,400,55,45,1,1,1,1
3182,0,-92,370,180,115,1,1,1,1
3182,1,229,345,90,60,1,1,1,1
3182,2,447,337,60,45,1,1,1,1
3182,3,648,337,280,65,1,1,1,1
3182,4,753,400,55,45,1,1,1,1
3183,0,-92,370,180,115,1,1,1,1
3183,1,228,345,90,60,1,1,1,1
3183,2,446,337,60,45,1,1,1,1
3183,3,648,337,280,65,1,1,1,1
3183,4,753,400,55,45,1,1,1,1
3184,0,-92,370,180,115,1,1,1,1
3184,1,228,345,90,60,1,1,1,1
3184,2,446,337,60,45,1,1,1,1
3184,3,648,337,280,65,1,1,1,1
3184,4,753,400,55,45,1,1,1,1
3185,0,-92,370,180,115,1,1,1,1
3185,1,228,345,90,60,1,1,1,1
3185,2,446,337,60,45,1,1,1,1
3185,3,648,337,280,65,1,1,1,1
3185,4,753,400,55,45,1,1,1,1
3186,0,-92,370,180,115,1,1,1,1
3186,1,228,345,90,60,1,1,1,1
3186,2,446,337,60,45,1,1,1,1
3186,3,648,337,280,65,1,1,1,1
3186,4,753,400,55,45,1,1,1,1
3187,0,-92,370,180,115,1,1,1,1
3187,1,228,345,90,60,1,1,1,1
3187,2,446,337,60,45,1,1,1,1
3187,3,648,337,280,65,1,1,1,1
3187,4,753,400,55,45,1,1,1,1
3188,0,-92,370,180,115,1,1,1,1
3188,1,228,345,90,60,1,1,1,1
3188,2,446,337,60,45,1,1,1,1
3188,3,648,337,280,65,1,1,1,1
3188,4,753,400,55,45,1,1,1,1
3189,0,-92,370,180,115,1,1,1,1
3189,1,228,345,90,60,1,1,1,1
3189,2,446,337,60,45,1,1,1,1
3189,3,648,337,280,65,1,1,1,1
3189,4,753,400,55,45,1,1,1,1
3190,0,-92,370,180,115,1,1,1,1
3190,1,228,345,90,60,1,1,1,1
3190,2,446,337,60,45,1,1,1,1
3190,3,648,337,280,65,1,1,1,1
3190,4,753,400,55,45,1,1,1,1
3191,0,-92,370,180,115,1,1,1,1
3191,1,228,345,90,60,1,1,1,1
3191,2,446,337,60,45,1,1,1,1
3191,3,648,337,280,65,1,1,1,1
3191,4,753,400,55,45,1,1,1,1
3192,0,-92,370,180,115,1,1,1,1
3192,1,228,345,90,60,1,1,1,1
3192,2,446,337,60,45,1,1,1,1
3192,3,648,337,280,65,1,1,1,1
3192,4,753,400,55,45,1,1,1,1
3193,0,-92,370,180,115,1,1,1,1
3193,1,228,345,90,60,1,1,1,1
3193,2,446,337,60,45,1,1,1,1
3193,3,648,337,280,65,1,1,1,1
3193,4,752,400,55,45,1,1,1,1
3194,0,-92,370,180,115,1,1,1,1
3194,1,228,345,90,60,1,1,1,1
3194,2,446,337,60,45,1,1,1,1
3194,3,648,337,280,65,1,1,1,1
3194,4,752,400,55,45,1,1,1,1
3195,0,-92,370,180,115,1,1,1,1
3195,1,228,345,90,60,1,1,1,1
3195,2,446,337,60,45,1,1,1,1
3195,3,648,337,280,65,1,1,1,1
3195,4,752,400,55,45,1,1,1,1
3196,0,-92,370,180,115,1,1,1,1
3196,1,228,345,90,60,1,1,1,1
3196,2,446,337,60,45,1,1,1,1
3196,3,648,337,280,65,1,1,1,1
3196,4,752,400,55,45,1,1,1,1
3197,0,-93,370,180,115,1,1,1,1
3197,1,228,345,90,60,1,1,1,1
3197,2,446,337,60,45,1,1,1,1
3197,3,648,337,280,65,1,1,1,1
3197,4,752,400,55,45,1,1,1,1
3198,0,-93,370,180,115,1,1,1,1
3198,1,228,345,90,60,1,1,1,1
3198,2,446,337,60,45,1,1,1,1
3198,3,648,337,280,65,1,1,1,1
3198,4,752,400,55,45,1,1,1,1
3199,0,-93,370,180,115,1,1,1,1
3199,1,228,345,90,60,1,1,1,1
3199,2,446,337,60,45,1,1,1,1
3199,3,648,337,280,65,1,1,1,1
3199,4,752,400,55,45,1,1,1,1
3200,0,-93,370,180,115,1,1,1,1
3200,1,228,345,90,60,1,1,1,1
3200,2,446,337,60,45,1,1,1,1
3200,3,648,337,280,65,1,1,1,1
3200,4,752,400,55,45,1,1,1,1
3201,0,-93,370,180,115,1,1,1,1
3201,1,228,345,90,60,1,1,1,1
3201,2,446,337,60,45,1,1,1,1
3201,3,648,337,280,65,1,1,1,1
3201,4,752,400,55,45,1,1,1,1
3202,0,-93,370,180,115,1,1,1,1
3202,1,228,345,90,60,1,1,1,1
3202,2,446,337,60,45,1,1,1,1
3202,3,648,337,280,65,1,1,1,1
3202,4,752,400,55,45,1,1,1,1
3203,0,-93,370,180,115,1,1,1,1
3203,1,228,345,90,60,1,1,1,1
3203,2,446,337,60,45,1,1,1,1
3203,3,647,337,280,65,1,1,1,1
3203,4,752,400,55,45,1,1,1,1
3204,0,-93,370,180,115,1,1,1,1
3204,1,228,345,90,60,1,1,1,1
3204,2,446,337,60,45,1,1,1,1
3204,3,647,337,280,65,1,1,1,1
3204,4,752,400,55,45,1,1,1,1
3205,0,-93,370,180,115,1,1,1,1
3205,1,228,345,90,60,1,1,1,1
3205,2,446,337,60,45,1,1,1,1
3205,3,647,337,280,65,1,1,1,1
3205,4,752,400,55,45,1,1,1,1
3206,0,-93,370,180,115,1,1,1,1
3206,1,228,345,90,60,1,1,1,1
3206,2,446,337,60,45,1,1,1,1
3206,3,647,337,280,65,1,1,1,1
3206,4,752,400,55,45,1,1,1,1
3207,0,-93,370,180,115,1,1,1,1
3207,1,228,345,90,60,1,1,1,1
3207,2,446,337,60,45,1,1,1,1
3207,3,647,337,280,65,1,1,1,1
3207,4,752,400,55,45,1,1,1,1
3208,0,-93,370,180,115,1,1,1,1
3208,1,228,345,90,60,1,1,1,1
3208,2,446,337,60,45,1,1,1,1
3208,3,647,337,280,65,1,1,1,1
3208,4,752,400,55,45,1,1,1,1
3209,0,-93,370,180,115,1,1,1,1
3209,1,228,345,90,60,1,1,1,1
3209,2,446,337,60,45,1,1,1,1
3209,3,647,337,280,65,1,1,1,1
3209,4,752,400,55,45,1,1,1,1
3210,0,-93,370,180,115,1,1,1,1
3210,1,228,345,90,60,1,1,1,1
3210,2,446,337,60,45,1,1,1,1
3210,3,647,337,280,65,1,1,1,1
3210,4,752,400,55,45,1,1,1,1
3211,0,-93,370,180,115,1,1,1,1
3211,1,228,345,90,60,1,1,1,1
3211,2,446,337,60,45,1,1,1,1
3211,3,647,337,280,65,1,1,1,1
3211,4,752,400,55,45,1,1,1,1
3212,0,-94,371,180,115,1,1,1,1
3212,1,228,345,90,60,1,1,1,1
3212,2,446,337,60,45,1,1,1,1
3212,3,647,337,280,65,1,1,1,1
3212,4,752,401,55,45,1,1,1,1
3213,0,-94,371,180,115,1,1,1,1
3213,1,227,345,90,60,1,1,1,1
3213,2,446,337,60,45,1,1,1,1
3213,3,647,337,280,65,1,1,1,1
3213,4,751,401,55,45,1,1,1,1
3214,0,-94,371,180,115,1,1,1,1
3214,1,227,345,90,60,1,1,1,1
3214,2,446,337,60,45,1,1,1,1
3214,3,647,337,280,65,1,1,1,1
3214,4,751,401,55,45,1,1,1,1
3215,0,-94,371,180,115,1,1,1,1
3215,1,227,345,90,60,1,1,1,1
3215,2,446,337,60,45,1,1,1,1
3215,3,647,337,280,65,1,1,1,1
3215,4,751,401,55,45,1,1,1,1
3216,0,-94,371,180,115,1,1,1,1
3216,1,227,345,90,60,1,1,1,1
3216,2,446,337,60,45,1,1,1,1
3216,3,647,337,280,65,1,1,1,1
3216,4,751,401,55,45,1,1,1,1
3217,0,-94,371,180,115,1,1,1,1
3217,1,227,345,90,60,1,1,1,1
3217,2,446,337,60,45,1,1,1,1
3217,3,647,337,280,65,1,1,1,1
3217,4,751,401,55,45,1,1,1,1
3218,0,-94,371,180,115,1,1,1,1
3218,1,227,345,90,60,1,1,1,1
3218,2,446,337,60,45,1,1,1,1
3218,3,647,337,280,65,1,1,1,1
3218,4,751,401,55,45,1,1,1,1
3219,0,-94,371,180,115,1,1,1,1
3219,1,227,345,90,60,1,1,1,1
3219,2,446,337,60,45,1,1,1,1
3219,3,647,337,280,65,1,1,1,1
3219,4,751,401,55,45,1,1,1,1
3220,0,-94,371,180,115,1,1,1,1
3220,1,227,345,90,60,1,1,1,1
3220,2,446,337,60,45,1,1,1,1
3220,3,647,337,280,65,1,1,1,1
3220,4,751,401,55,45,1,1,1,1
3221,0,-94,371,180,115,1,1,1,1
3221,1,227,345,90,60,1,1,1,1
3221,2,446,337,60,45,1,1,1,1
3221,3,647,337,280,65,1,1,1,1
3221,4,751,401,55,45,1,1,1,1
3222,0,-94,371,180,115,1,1,1,1
3222,1,227,345,90,60,1,1,1,1
3222,2,446,337,60,45,1,1,1,1
3222,3,647,337,280,65,1,1,1,1
3222,4,751,401,55,45,1,1,1,1
3223,0,-94,371,180,115,1,1,1,1
3223,1,227,345,90,60,1,1,1,1
3223,2,446,337,60,45,1,1,1,1
3223,3,647,337,280,65,1,1,1,1
3223,4,751,401,55,45,1,1,1,1
3224,0,-94,371,180,115,1,1,1,1
3224,1,227,345,90,60,1,1,1,1
3224,2,446,337,60,45,1,1,1,1
3224,3,647,337,280,65,1,1,1,1
3224,4,751,401,55,45,1,1,1,1
3225,0,-94,371,180,115,1,1,1,1
3225,1,227,345,90,60,1,1,1,1
3225,2,446,337,60,45,1,1,1,1
3225,3,647,337,280,65,1,1,1,1
3225,4,751,401,55,45,1,1,1,1
3226,0,-94,371,180,115,1,1,1,1
3226,1,227,345,90,60,1,1,1,1
3226,2,446,337,60,45,1,1,1,1
3226,3,647,337,280,65,1,1,1,1
3226,4,751,401,55,45,1,1,1,1
3227,0,-95,371,180,115,1,1,1,1
3227,1,227,345,90,60,1,1,1,1
3227,2,446,337,60,45,1,1,1,1
3227,3,647,337,280,65,1,1,1,1
3227,4,751,401,55,45,1,1,1,1
3228,0,-95,371,180,115,1,1,1,1
3228,1,227,345,90,60,1,1,1,1
3228,2,446,337,60,45,1,1,1,1
3228,3,647,337,280,65,1,1,1,1
3228,4,751,401,55,45,1,1,1,1
3229,0,-95,371,180,115,1,1,1,1
3229,1,227,345,90,60,1,1,1,1
3229,2,446,337,60,45,1,1,1,1
3229,3,647,337,280,65,1,1,1,1
3229,4,751,401,55,45,1,1,1,1
3230,0,-95,371,180,115,1,1,1,1
3230,1,227,345,90,60,1,1,1,1
3230,2,446,337,60,45,1,1,1,1
3230,3,647,337,280,65,1,1,1,1
3230,4,751,401,55,45,1,1,1,1
3231,0,-95,371,180,115,1,1,1,1
3231,1,227,345,90,60,1,1,1,1
3231,2,446,337,60,45,1,1,1,1
3231,3,647,337,280,65,1,1,1,1
3231,4,751,401,55,45,1,1,1,1
3232,0,-95,371,180,115,1,1,1,1
3232,1,227,345,90,60,1,1,1,1
3232,2,446,337,60,45,1,1,1,1
3232,3,647,337,280,65,1,1,1,1
3232,4,751,401,55,45,1,1,1,1
3233,0,-95,371,180,115,1,1,1,1
3233,1,227,345,90,60,1,1,1,1
3233,2,446,337,60,45,1,1,1,1
3233,3,647,337,280,65,1,1,1,1
3233,4,750,401,55,45,1,1,1,1
3234,0,-95,371,180,115,1,1,1,1
3234,1,227,345,90,60,1,1,1,1
3234,2,446,337,60,45,1,1,1,1
3234,3,647,337,280,65,1,1,1,1
3234,4,750,401,55,45,1,1,1,1
3235,0,-95,371,180,115,1,1,1,1
3235,1,227,345,90,60,1,1,1,1
3235,2,446,337,60,45,1,1,1,1
3235,3,647,337,280,65,1,1,1,1
3235,4,750,401,55,45,1,1,1,1
3236,0,-95,371,180,115,1,1,1,1
3236,1,227,345,90,60,1,1,1,1
3236,2,446,337,60,45,1,1,1,1
3236,3,647,337,280,65,1,1,1,1
3236,4,750,401,55,45,1,1,1,1
3237,0,-95,371,180,115,1,1,1,1
3237,1,227,345,90,60,1,1,1,1
3237,2,446,337,60,45,1,1,1,1
3237,3,647,337,280,65,1,1,1,1
3237,4,750,401,55,45,1,1,1,1
3238,0,-95,371,180,115,1,1,1,1
3238,1,227,345,90,60,1,1,1,1
3238,2,446,337,60,45,1,1,1,1
3238,3,647,337,280,65,1,1,1,1
3238,4,750,401,55,45,1,1,1,1
3239,0,-95,371,180,115,1,1,1,1
3239,1,227,345,90,60,1,1,1,1
3239,2,446,337,60,45,1,1,1,1
3239,3,647,337,280,65,1,1,1,1
3239,4,750,401,55,45,1,1,1,1
3240,0,-95,371,180,115,1,1,1,1
3240,1,227,345,90,60,1,1,1,1
3240,2,446,337,60,45,1,1,1,1
3240,3,647,337,280,65,1,1,1,1
3240,4,750,401,55,45,1,1,1,1
3241,0,-95,371,180,115,1,1,1,1
3241,1,227,345,90,60,1,1,1,1
3241,2,446,337,60,45,1,1,1,1
3241,3,647,337,280,65,1,1,1,1
3241,4,750,401,55,45,1,1,1,1
3242,0,-96,371,180,115,1,1,1,1
3242,1,227,345,90,60,1,1,1,1
3242,2,446,337,60,45,1,1,1,1
3242,3,647,337,280,65,1,1,1,1
3242,4,750,401,55,45,1,1,1,1
3243,0,-96,371,180,115,1,1,1,1
3243,1,226,345,90,60,1,1,1,1
3243,2,445,337,60,45,1,1,1,1
3243,3,647,337,280,65,1,1,1,1
3243,4,750,401,55,45,1,1,1,1
3244,0,-96,371,180,115,1,1,1,1
3244,1,226,345,90,60,1,1,1,1
3244,2,445,337,60,45,1,1,1,1
3244,3,647,337,280,65,1,1,1,1
3244,4,750,401,55,45,1,1,1,1
3245,0,-96,371,180,115,1,1,1,1
3245,1,226,345,90,60,1,1,1,1
3245,2,445,337,60,45,1,1,1,1
3245,3,647,337,280,65,1,1,1,1
3245,4,750,401,55,45,1,1,1,1
3246,0,-96,371,180,115,1,1,1,1
3246,1,226,345,90,60,1,1,1,1
3246,2,445,337,60,45,1,1,1,1
3246,3,647,337,280,65,1,1,1,1
3246,4,750,401,55,45,1,1,1,1
3247,0,-96,371,180,115,1,1,1,1
3247,1,226,345,90,60,1,1,1,1
3247,2,445,337,60,45,1,1,1,1
3247,3,647,337,280,65,1,1,1,1
3247,4,750,401,55,45,1,1,1,1
3248,0,-96,371,180,115,1,1,1,1
3248,1,226,345,90,60,1,1,1,1
3248,2,445,337,60,45,1,1,1,1
3248,3,647,337,280,65,1,1,1,1
3248,4,750,401,55,45,1,1,1,1
3249,0,-96,371,180,115,1,1,1,1
3249,1,226,345,90,60,1,1,1,1
3249,2,445,337,60,45,1,1,1,1
3249,3,647,337,280,65,1,1,1,1
3249,4,750,401,55,45,1,1,1,1
3250,0,-96,371,180,115,1,1,1,1
3250,1,226,345,90,60,1,1,1,1
3250,2,445,337,60,45,1,1,1,1
3250,3,647,337,280,65,1,1,1,1
3250,4,750,401,55,45,1,1,1,1
3251,0,-96,371,180,115,1,1,1,1
3251,1,226,345,90,60,1,1,1,1
3251,2,445,337,60,45,1,1,1,1
3251,3,647,337,280,65,1,1,1,1
3251,4,750,401,55,45,1,1,1,1
3252,0,-96,371,180,115,1,1,1,1
3252,1,226,345,90,60,1,1,1,1
3252,2,445,337,60,45,1,1,1,1
3252,3,647,337,280,65,1,1,1,1
3252,4,750,401,55,45,1,1,1,1
3253,0,-96,371,180,115,1,1,1,1
3253,1,226,345,90,60,1,1,1,1
3253,2,445,337,60,45,1,1,1,1
3253,3,647,337,280,65,1,1,1,1
3253,4,749,401,55,45,1,1,1,1
3254,0,-96,371,180,115,1,1,1,1
3254,1,226,345,90,60,1,1,1,1
3254,2,445,337,60,45,1,1,1,1
3254,3,647,337,280,65,1,1,1,1
3254,4,749,401,55,45,1,1,1,1
3255,0,-96,371,180,115,1,1,1,1
3255,1,226,345,90,60,1,1,1,1
3255,2,445,337,60,45,1,1,1,1
3255,3,647,337,280,65,1,1,1,1
3255,4,749,401,55,45,1,1,1,1
3256,0,-96,371,180,115,1,1,1,1
3256,1,226,345,90,60,1,1,1,1
3256,2,445,337,60,45,1,1,1,1
3256,3,647,337,280,65,1,1,1,1
3256,4,749,401,55,45,1,1,1,1
3257,0,-97,371,180,115,1,1,1,1
3257,1,226,345,90,60,1,1,1,1
3257,2,445,337,60,45,1,1,1,1
3257,3,647,337,280,65,1,1,1,1
3257,4,749,401,55,45,1,1,1,1
3258,0,-97,371,180,115,1,1,1,1
3258,1,226,345,90,60,1,1,1,1
3258,2,445,337,60,45,1,1,1,1
3258,3,647,337,280,65,1,1,1,1
3258,4,749,401,55,45,1,1,1,1
3259,0,-97,371,180,115,1,1,1,1
3259,1,226,345,90,60,1,1,1,1
3259,2,445,337,60,45,1,1,1,1
3259,3,647,337,280,65,1,1,1,1
3259,4,749,401,55,45,1,1,1,1
3260,0,-97,371,180,115,1,1,1,1
3260,1,226,345,90,60,1,1,1,1
3260,2,445,337,60,45,1,1,1,1
3260,3,647,337,280,65,1,1,1,1
3260,4,749,401,55,45,1,1,1,1
3261,0,-97,371,180,115,1,1,1,1
3261,1,226,345,90,60,1,1,1,1
3261,2,445,337,60,45,1,1,1,1
3261,3,647,337,280,65,1,1,1,1
3261,4,749,401,55,45,1,1,1,1
3262,0,-97,371,180,115,1,1,1,1
3262,1,226,345,90,60,1,1,1,1
3262,2,445,337,60,45,1,1,1,1
3262,3,647,337,280,65,1,1,1,1
3262,4,749,401,55,45,1,1,1,1
3263,0,-97,371,180,115,1,1,1,1
3263,1,226,345,90,60,1,1,1,1
3263,2,445,337,60,45,1,1,1,1
3263,3,647,337,280,65,1,1,1,1
3263,4,749,401,55,45,1,1,1,1
3264,0,-97,371,180,115,1,1,1,1
3264,1,226,345,90,60,1,1,1,1
3264,2,445,337,60,45,1,1,1,1
3264,3,647,337,280,65,1,1,1,1
3264,4,749,401,55,45,1,1,1,1
3265,0,-97,371,180,115,1,1,1,1
3265,1,226,345,90,60,1,1,1,1
3265,2,445,337,60,45,1,1,1,1
3265,3,647,337,280,65,1,1,1,1
3265,4,749,401,55,45,1,1,1,1
3266,0,-97,371,180,115,1,1,1,1
3266,1,226,345,90,60,1,1,1,1
3266,2,445,337,60,45,1,1,1,1
3266,3,647,337,280,65,1,1,1,1
3266,4,749,401,55,45,1,1,1,1
3267,0,-97,371,180,115,1,1,1,1
3267,1,226,345,90,60,1,1,1,1
3267,2,445,337,60,45,1,1,1,1
3267,3,647,337,280,65,1,1,1,1
3267,4,749,401,55,45,1,1,1,1
3268,0,-97,371,180,115,1,1,1,1
3268,1,226,345,90,60,1,1,1,1
3268,2,445,337,60,45,1,1,1,1
3268,3,647,337,280,65,1,1,1,1
3268,4,749,401,55,45,1,1,1,1
3269,0,-97,371,180,115,1,1,1,1
3269,1,226,345,90,60,1,1,1,1
3269,2,445,337,60,45,1,1,1,1
3269,3,647,337,280,65,1,1,1,1
3269,4,749,401,55,45,1,1,1,1
3270,0,-97,371,180,115,1,1,1,1
3270,1,226,345,90,60,1,1,1,1
3270,2,445,337,60,45,1,1,1,1
3270,3,647,337,280,65,1,1,1,1
3270,4,749,401,55,45,1,1,1,1
3271,0,-97,371,180,115,1,1,1,1
3271,1,226,345,90,60,1,1,1,1
3271,2,445,337,60,45,1,1,1,1
3271,3,647,337,280,65,1,1,1,1
3271,4,749,401,55,45,1,1,1,1
3272,0,-98,372,180,115,1,1,1,1
3272,1,226,345,90,60,1,1,1,1
3272,2,445,337,60,45,1,1,1,1
3272,3,647,337,280,65,1,1,1,1
3272,4,749,402,55,45,1,1,1,1
3273,0,-98,372,180,115,1,1,1,1
3273,1,225,345,90,60,1,1,1,1
3273,2,445,337,60,45,1,1,1,1
3273,3,647,337,280,65,1,1,1,1
3273,4,748,402,55,45,1,1,1,1
3274,0,-98,372,180,115,1,1,1,1
3274,1,225,345,90,60,1,1,1,1
3274,2,445,337,60,45,1,1,1,1
3274,3,647,337,280,65,1,1,1,1
3274,4,748,402,55,45,1,1,1,1
3275,0,-98,372,180,115,1,1,1,1
3275,1,225,345,90,60,1,1,1,1
3275,2,445,337,60,45,1,1,1,1
3275,3,647,337,280,65,1,1,1,1
3275,4,748,402,55,45,1,1,1,1
3276,0,-98,372,180,115,1,1,1,1
3276,1,225,345,90,60,1,1,1,1
3276,2,445,337,60,45,1,1,1,1
3276,3,647,337,280,65,1,1,1,1
3276,4,748,402,55,45,1,1,1,1
3277,0,-98,372,180,115,1,1,1,1
3277,1,225,345,90,60,1,1,1,1
3277,2,445,337,60,45,1,1,1,1
3277,3,647,337,280,65,1,1,1,1
3277,4,748,402,55,45,1,1,1,1
3278,0,-98,372,180,115,1,1,1,1
3278,1,225,345,90,60,1,1,1,1
3278,2,445,337,60,45,1,1,1,1
3278,3,647,337,280,65,1,1,1,1
3278,4,748,402,55,45,1,1,1,1
3279,0,-98,372,180,115,1,1,1,1
3279,1,225,345,90,60,1,1,1,1
3279,2,445,337,60,45,1,1,1,1
3279,3,647,337,280,65,1,1,1,1
3279,4,748,402,55,45,1,1,1,1
3280,0,-98,372,180,115,1,1,1,1
3280,1,225,345,90,60,1,1,1,1
3280,2,445,337,60,45,1,1,1,1
3280,3,647,337,280,65,1,1,1,1
3280,4,748,402,55,45,1,1,1,1
3281,0,-98,372,180,115,1,1,1,1
3281,1,225,345,90,60,1,1,1,1
3281,2,445,337,60,45,1,1,1,1
3281,3,647,337,280,65,1,1,1,1
3281,4,748,402,55,45,1,1,1,1
3282,0,-98,372,180,115,1,1,1,1
3282,1,225,345,90,60,1,1,1,1
3282,2,445,337,60,45,1,1,1,1
3282,3,647,337,280,65,1,1,1,1
3282,4,748,402,55,45,1,1,1,1
3283,0,-98,372,180,115,1,1,1,1
3283,1,225,345,90,60,1,1,1,1
3283,2,445,337,60,45,1,1,1,1
3283,3,647,337,280,65,1,1,1,1
3283,4,748,402,55,45,1,1,1,1
3284,0,-98,372,180,115,1,1,1,1
3284,1,225,345,90,60,1,1,1,1
3284,2,445,337,60,45,1,1,1,1
3284,3,647,337,280,65,1,1,1,1
3284,4,748,402,55,45,1,1,1,1
3285,0,-98,372,180,115,1,1,1,1
3285,1,225,345,90,60,1,1,1,1
3285,2,445,337,60,45,1,1,1,1
3285,3,647,337,280,65,1,1,1,1
3285,4,748,402,55,45,1,1,1,1
3286,0,-98,372,180,115,1,1,1,1
3286,1,225,345,90,60,1,1,1,1
3286,2,445,337,60,45,1,1,1,1
3286,3,647,337,280,65,1,1,1,1
3286,4,748,402,55,45,1,1,1,1
3287,0,-99,372,180,115,1,1,1,1
3287,1,225,345,90,60,1,1,1,1
3287,2,445,337,60,45,1,1,1,1
3287,3,647,337,280,65,1,1,1,1
3287,4,748,402,55,45,1,1,1,1
3288,0,-99,372,180,115,1,1,1,1
3288,1,225,345,90,60,1,1,1,1
3288,2,445,337,60,45,1,1,1,1
3288,3,647,337,280,65,1,1,1,1
3288,4,748,402,55,45,1,1,1,1
3289,0,-99,372,180,115,1,1,1,1
3289,1,225,345,90,60,1,1,1,1
3289,2,445,337,60,45,1,1,1,1
3289,3,647,337,280,65,1,1,1,1
3289,4,748,402,55,45,1,1,1,1
3290,0,-99,372,180,115,1,1,1,1
3290,1,225,345,90,60,1,1,1,1
3290,2,445,337,60,45,1,1,1,1
3290,3,647,337,280,65,1,1,1,1
3290,4,748,402,55,45,1,1,1,1
3291,0,-99,372,180,115,1,1,1,1
3291,1,225,345,90,60,1,1,1,1
3291,2,445,337,60,45,1,1,1,1
3291,3,647,337,280,65,1,1,1,1
3291,4,748,402,55,45,1,1,1,1
3292,0,-99,372,180,115,1,1,1,1
3292,1,225,345,90,60,1,1,1,1
3292,2,445,337,60,45,1,1,1,1
3292,3,647,337,280,65,1,1,1,1
3292,4,748,402,55,45,1,1,1,1
3293,0,-99,372,180,115,1,1,1,1
3293,1,225,345,90,60,1,1,1,1
3293,2,445,337,60,45,1,1,1,1
3293,3,647,337,280,65,1,1,1,1
3293,4,747,402,55,45,1,1,1,1
3294,0,-99,372,180,115,1,1,1,1
3294,1,225,345,90,60,1,1,1,1
3294,2,445,337,60,45,1,1,1,1
3294,3,647,337,280,65,1,1,1,1
3294,4,747,402,55,45,1,1,1,1
3295,0,-99,372,180,115,1,1,1,1
3295,1,225,345,90,60,1,1,1,1
3295,2,445,337,60,45,1,1,1,1
3295,3,647,337,280,65,1,1,1,1
3295,4,747,402,55,45,1,1,1,1
3296,0,-99,372,180,115,1,1,1,1
3296,1,225,345,90,60,1,1,1,1
3296,2,445,337,60,45,1,1,1,1
3296,3,647,337,280,65,1,1,1,1
3296,4,747,402,55,45,1,1,1,1
3297,0,-99,372,180,115,1,1,1,1
3297,1,225,345,90,60,1,1,1,1
3297,2,445,337,60,45,1,1,1,1
3297,3,647,337,280,65,1,1,1,1
3297,4,747,402,55,45,1,1,1,1
3298,0,-99,372,180,115,1,1,1,1
3298,1,225,345,90,60,1,1,1,1
3298,2,445,337,60,45,1,1,1,1
3298,3,647,337,280,65,1,1,1,1
3298,4,747,402,55,45,1,1,1,1
3299,0,-99,372,180,115,1,1,1,1
3299,1,225,345,90,60,1,1,1,1
3299,2,445,337,60,45,1,1,1,1
3299,3,647,337,280,65,1,1,1,1
3299,4,747,402,55,45,1,1,1,1
3300,0,-99,372,180,115,1,1,1,1
3300,1,225,345,90,60,1,1,1,1
3300,2,445,337,60,45,1,1,1,1
3300,3,647,337,280,65,1,1,1,1
3300,4,747,402,55,45,1,1,1,1
3301,0,-99,372,180,115,1,1,1,1
3301,1,225,345,90,60,1,1,1,1
3301,2,445,337,60,45,1,1,1,1
3301,3,647,337,280,65,1,1,1,1
3301,4,747,402,55,45,1,1,1,1
3302,0,-100,372,180,115,1,1,1,1
3302,1,225,345,90,60,1,1,1,1
3302,2,445,337,60,45,1,1,1,1
3302,3,647,337,280,65,1,1,1,1
3302,4,747,402,55,45,1,1,1,1
3303,0,-100,372,180,115,1,1,1,1
3303,1,224,345,90,60,1,1,1,1
3303,2,444,337,60,45,1,1,1,1
3303,3,646,337,280,65,1,1,1,1
3303,4,747,402,55,45,1,1,1,1
3304,0,-100,372,180,115,1,1,1,1
3304,1,224,345,90,60,1,1,1,1
3304,2,444,337,60,45,1,1,1,1
3304,3,646,337,280,65,1,1,1,1
3304,4,747,402,55,45,1,1,1,1
3305,0,-100,372,180,115,1,1,1,1
3305,1,224,345,90,60,1,1,1,1
3305,2,444,337,60,45,1,1,1,1
3305,3,646,337,280,65,1,1,1,1
3305,4,747,402,55,45,1,1,1,1
3306,0,-100,372,180,115,1,1,1,1
3306,1,224,345,90,60,1,1,1,1
3306,2,444,337,60,45,1,1,1,1
3306,3,646,337,280,65,1,1,1,1
3306,4,747,402,55,45,1,1,1,1
3307,0,-100,372,180,115,1,1,1,1
3307,1,224,345,90,60,1,1,1,1
3307,2,444,337,60,45,1,1,1,1
3307,3,646,337,280,65,1,1,1,1
3307,4,747,402,55,45,1,1,1,1
3308,0,-100,372,180,115,1,1,1,1
3308,1,224,345,90,60,1,1,1,1
3308,2,444,337,60,45,1,1,1,1
3308,3,646,337,280,65,1,1,1,1
3308,4,747,402,55,45,1,1,1,1
3309,0,-100,372,180,115,1,1,1,1
3309,1,224,345,90,60,1,1,1,1
3309,2,444,337,60,45,1,1,1,1
3309,3,646,337,280,65,1,1,1,1
3309,4,747,402,55,45,1,1,1,1
3310,0,-100,372,180,115,1,1,1,1
3310,1,224,345,90,60,1,1,1,1
3310,2,444,337,60,45,1,1,1,1
3310,3,646,337,280,65,1,1,1,1
3310,4,747,402,55,45,1,1,1,1
3311,0,-100,372,180,115,1,1,1,1
3311,1,224,345,90,60,1,1,1,1
3311,2,444,337,60,45,1,1,1,1
3311,3,646,337,280,65,1,1,1,1
3311,4,747,402,55,45,1,1,1,1
3312,0,-100,372,180,115,1,1,1,1
3312,1,224,345,90,60,1,1,1,1
3312,2,444,337,60,45,1,1,1,1
3312,3,646,337,280,65,1,1,1,1
3312,4,747,402,55,45,1,1,1,1
3313,0,-100,372,180,115,1,1,1,1
3313,1,224,345,90,60,1,1,1,1
3313,2,444,337,60,45,1,1,1,1
3313,3,646,337,280,65,1,1,1,1
3313,4,746,402,55,45,1,1,1,1
3314,0,-100,372,180,115,1,1,1,1
3314,1,224,345,90,60,1,1,1,1
3314,2,444,337,60,45,1,1,1,1
3314,3,646,337,280,65,1,1,1,1
3314,4,746,402,55,45,1,1,1,1
3315,0,-100,372,180,115,1,1,1,1
3315,1,224,345,90,60,1,1,1,1
3315,2,444,337,60,45,1,1,1,1
3315,3,646,337,280,65,1,1,1,1
3315,4,746,402,55,45,1,1,1,1
3316,0,-100,372,180,115,1,1,1,1
3316,1,224,345,90,60,1,1,1,1
3316,2,444,337,60,45,1,1,1,1
3316,3,646,337,280,65,1,1,1,1
3316,4,746,402,55,45,1,1,1,1
3317,0,-101,372,180,115,1,1,1,1
3317,1,224,345,90,60,1,1,1,1
3317,2,444,337,60,45,1,1,1,1
3317,3,646,337,280,65,1,1,1,1
3317,4,746,402,55,45,1,1,1,1
3318,0,-101,372,180,115,1,1,1,1
3318,1,224,345,90,60,1,1,1,1
3318,2,444,337,60,45,1,1,1,1
3318,3,646,337,280,65,1,1,1,1
3318,4,746,402,55,45,1,1,1,1
3319,0,-101,372,180,115,1,1,1,1
3319,1,224,345,90,60,1,1,1,1
3319,2,444,337,60,45,1,1,1,1
3319,3,646,337,280,65,1,1,1,1
3319,4,746,402,55,45,1,1,1,1
3320,0,-101,372,180,115,1,1,1,1
3320,1,224,345,90,60,1,1,1,1
3320,2,444,337,60,45,1,1,1,1
3320,3,646,337,280,65,1,1,1,1
3320,4,746,402,55,45,1,1,1,1
3321,0,-101,372,180,115,1,1,1,1
3321,1,224,345,90,60,1,1,1,1
3321,2,444,337,60,45,1,1,1,1
3321,3,646,337,280,65,1,1,1,1
3321,4,746,402,55,45,1,1,1,1
3322,0,-101,372,180,115,1,1,1,1
3322,1,224,345,90,60,1,1,1,1
3322,2,444,337,60,45,1,1,1,1
3322,3,646,337,280,65,1,1,1,1
3322,4,746,402,55,45,1,1,1,1
3323,0,-101,372,180,115,1,1,1,1
3323,1,224,345,90,60,1,1,1,1
3323,2,444,337,60,45,1,1,1,1
3323,3,646,337,280,65,1,1,1,1
3323,4,746,402,55,45,1,1,1,1
3324,0,-101,372,180,115,1,1,1,1
3324,1,224,345,90,60,1,1,1,1
3324,2,444,337,60,45,1,1,1,1
3324,3,646,337,280,65,1,1,1,1
3324,4,746,402,55,45,1,1,1,1
3325,0,-101,372,180,115,1,1,1,1
3325,1,224,345,90,60,1,1,1,1
3325,2,444,337,60,45,1,1,1,1
3325,3,646,337,280,65,1,1,1,1
3325,4,746,402,55,45,1,1,1,1
3326,0,-101,372,180,115,1,1,1,1
3326,1,224,345,90,60,1,1,1,1
3326,2,444,337,60,45,1,1,1,1
3326,3,646,337,280,65,1,1,1,1
3326,4,746,402,55,45,1,1,1,1
3327,0,-101,372,180,115,1,1,1,1
3327,1,224,345,90,60,1,1,1,1
3327,2,444,337,60,45,1,1,1,1
3327,3,646,337,280,65,1,1,1,1
3327,4,746,402,55,45,1,1,1,1
3328,0,-101,372,180,115,1,1,1,1
3328,1,224,345,90,60,1,1,1,1
3328,2,444,337,60,45,1,1,1,1
3328,3,646,337,280,65,1,1,1,1
3328,4,746,402,55,45,1,1,1,1
3329,0,-101,372,180,115,1,1,1,1
3329,1,224,345,90,60,1,1,1,1
3329,2,444,337,60,45,1,1,1,1
3329,3,646,337,280,65,1,1,1,1
3329,4,746,402,55,45,1,1,1,1
3330,0,-101,372,180,115,1,1,1,1
3330,1,224,345,90,60,1,1,1,1
3330,2,444,337,60,45,1,1,1,1
3330,3,646,337,280,65,1,1,1,1
3330,4,746,402,55,45,1,1,1,1
3331,0,-101,372,180,115,1,1,1,1
3331,1,224,345,90,60,1,1,1,1
3331,2,444,337,60,45,1,1,1,1
3331,3,646,337,280,65,1,1,1,1
3331,4,746,402,55,45,1,1,1,1
3332,0,-102,373,180,115,1,1,1,1
3332,1,224,345,90,60,1,1,1,1
3332,2,444,337,60,45,1,1,1,1
3332,3,646,337,280,65,1,1,1,1
3332,4,746,403,55,45,1,1,1,1
3333,0,-102,373,180,115,1,1,1,1
3333,1,223,345,90,60,1,1,1,1
3333,2,444,337,60,45,1,1,1,1
3333,3,646,337,280,65,1,1,1,1
3333,4,745,403,55,45,1,1,1,1
3334,0,-102,373,180,115,1,1,1,1
3334,1,223,345,90,60,1,1,1,1
3334,2,444,337,60,45,1,1,1,1
3334,3,646,337,280,65,1,1,1,1
3334,4,745,403,55,45,1,1,1,1
3335,0,-102,373,180,115,1,1,1,1
3335,1,223,345,90,60,1,1,1,1
3335,2,444,337,60,45,1,1,1,1
3335,3,646,337,280,65,1,1,1,1
3335,4,745,403,55,45,1,1,1,1
3336,0,-102,373,180,115,1,1,1,1
3336,1,223,345,90,60,1,1,1,1
3336,2,444,337,60,45,1,1,1,1
3336,3,646,337,280,65,1,1,1,1
3336,4,745,403,55,45,1,1,1,1
3337,0,-102,373,180,115,1,1,1,1
3337,1,223,345,90,60,1,1,1,1
3337,2,444,337,60,45,1,1,1,1
3337,3,646,337,280,65,1,1,1,1
3337,4,745,403,55,45,1,1,1,1
3338,0,-102,373,180,115,1,1,1,1
3338,1,223,345,90,60,1,1,1,1
3338,2,444,337,60,45,1,1,1,1
3338,3,646,337,280,65,1,1,1,1
3338,4,745,403,55,45,1,1,1,1
3339,0,-102,373,180,115,1,1,1,1
3339,1,223,345,90,60,1,1,1,1
3339,2,444,337,60,45,1,1,1,1
3339,3,646,337,280,65,1,1,1,1
3339,4,745,403,55,45,1,1,1,1
3340,0,-102,373,180,115,1,1,1,1
3340,1,223,345,90,60,1,1,1,1
3340,2,444,337,60,45,1,1,1,1
3340,3,646,337,280,65,1,1,1,1
3340,4,745,403,55,45,1,1,1,1
3341,0,-102,373,180,115,1,1,1,1
3341,1,223,345,90,60,1,1,1,1
3341,2,444,337,60,45,1,1,1,1
3341,3,646,337,280,65,1,1,1,1
3341,4,745,403,55,45,1,1,1,1
3342,0,-102,373,180,115,1,1,1,1
3342,1,223,345,90,60,1,1,1,1
3342,2,444,337,60,45,1,1,1,1
3342,3,646,337,280,65,1,1,1,1
3342,4,745,403,55,45,1,1,1,1
3343,0,-102,373,180,115,1,1,1,1
3343,1,223,345,90,60,1,1,1,1
3343,2,444,337,60,45,1,1,1,1
3343,3,646,337,280,65,1,1,1,1
3343,4,745,403,55,45,1,1,1,1
3344,0,-102,373,180,115,1,1,1,1
3344,1,223,345,90,60,1,1,1,1
3344,2,444,337,60,45,1,1,1,1
3344,3,646,337,280,65,1,1,1,1
3344,4,745,403,55,45,1,1,1,1
3345,0,-102,373,180,115,1,1,1,1
3345,1,223,345,90,60,1,1,1,1
3345,2,444,337,60,45,1,1,1,1
3345,3,646,337,280,65,1,1,1,1
3345,4,745,403,55,45,1,1,1,1
3346,0,-102,373,180,115,1,1,1,1
3346,1,223,345,90,60,1,1,1,1
3346,2,444,337,60,45,1,1,1,1
3346,3,646,337,280,65,1,1,1,1
3346,4,745,403,55,45,1,1,1,1
3347,0,-103,373,180,115,1,1,1,1
3347,1,223,345,90,60,1,1,1,1
3347,2,444,337,60,45,1,1,1,1
3347,3,646,337,280,65,1,1,1,1
3347,4,745,403,55,45,1,1,1,1
3348,0,-103,373,180,115,1,1,1,1
3348,1,223,345,90,60,1,1,1,1
3348,2,444,337,60,45,1,1,1,1
3348,3,646,337,280,65,1,1,1,1
3348,4,745,403,55,45,1,1,1,1
3349,0,-103,373,180,115,1,1,1,1
3349,1,223,345,90,60,1,1,1,1
3349,2,444,337,60,45,1,1,1,1
3349,3,646,337,280,65,1,1,1,1
3349,4,745,403,55,45,1,1,1,1
3350,0,-103,373,180,115,1,1,1,1
3350,1,223,345,90,60,1,1,1,1
3350,2,444,337,60,45,1,1,1,1
3350,3,646,337,280,65,1,1,1,1
3350,4,745,403,55,45,1,1,1,1
3351,0,-103,373,180,115,1,1,1,1
3351,1,223,345,90,60,1,1,1,1
3351,2,444,337,60,45,1,1,1,1
3351,3,646,337,280,65,1,1,1,1
3351,4,745,403,55,45,1,1,1,1
3352,0,-103,373,180,115,1,1,1,1
3352,1,223,345,90,60,1,1,1,1
3352,2,444,337,60,45,1,1,1,1
3352,3,646,337,280,65,1,1,1,1
3352,4,745,403,55,45,1,1,1,1
3353,0,-103,373,180,115,1,1,1,1
3353,1,223,345,90,60,1,1,1,1
3353,2,444,337,60,45,1,1,1,1
3353,3,646,337,280,65,1,1,1,1
3353,4,744,403,55,45,1,1,1,1
3354,0,-103,373,180,115,1,1,1,1
3354,1,223,345,90,60,1,1,1,1
3354,2,444,337,60,45,1,1,1,1
3354,3,646,337,280,65,1,1,1,1
3354,4,744,403,55,45,1,1,1,1
3355,0,-103,373,180,115,1,1,1,1
3355,1,223,345,90,60,1,1,1,1
3355,2,444,337,60,45,1,1,1,1
3355,3,646,337,280,65,1,1,1,1
3355,4,744,403,55,45,1,1,1,1
3356,0,-103,373,180,115,1,1,1,1
3356,1,223,345,90,60,1,1,1,1
3356,2,444,337,60,45,1,1,1,1
3356,3,646,337,280,65,1,1,1,1
3356,4,744,403,55,45,1,1,1,1
3357,0,-103,373,180,115,1,1,1,1
3357,1,223,345,90,60,1,1,1,1
3357,2,444,337,60,45,1,1,1,1
3357,3,646,337,280,65,1,1,1,1
3357,4,744,403,55,45,1,1,1,1
3358,0,-103,373,180,115,1,1,1,1
3358,1,223,345,90,60,1,1,1,1
3358,2,444,337,60,45,1,1,1,1
3358,3,646,337,280,65,1,1,1,1
3358,4,744,403,55,45,1,1,1,1
3359,0,-103,373,180,115,1,1,1,1
3359,1,223,345,90,60,1,1,1,1
3359,2,444,337,60,45,1,1,1,1
3359,3,646,337,280,65,1,1,1,1
3359,4,744,403,55,45,1,1,1,1
3360,0,-103,373,180,115,1,1,1,1
3360,1,223,345,90,60,1,1,1,1
3360,2,444,337,60,45,1,1,1,1
3360,3,646,337,280,65,1,1,1,1
3360,4,744,403,55,45,1,1,1,1
3361,0,-103,373,180,115,1,1,1,1
3361,1,223,345,90,60,1,1,1,1
3361,2,444,337,60,45,1,1,1,1
3361,3,646,337,280,65,1,1,1,1
3361,4,744,403,55,45,1,1,1,1
3362,0,-104,373,180,115,1,1,1,1
3362,1,223,345,90,60,1,1,1,1
3362,2,444,337,60,45,1,1,1,1
3362,3,646,337,280,65,1,1,1,1
3362,4,744,403,55,45,1,1,1,1
3363,0,-104,373,180,115,1,1,1,1
3363,1,222,345,90,60,1,1,1,1
3363,2,443,337,60,45,1,1,1,1
3363,3,646,337,280,65,1,1,1,1
3363,4,744,403,55,45,1,1,1,1
3364,0,-104,373,180,115,1,1,1,1
3364,1,222,345,90,60,1,1,1,1
3364,2,443,337,60,45,1,1,1,1
3364,3,646,337,280,65,1,1,1,1
3364,4,744,403,55,45,1,1,1,1
3365,0,-104,373,180,115,1,1,1,1
3365,1,222,345,90,60,1,1,1,1
3365,2,443,337,60,45,1,1,1,1
3365,3,646,337,280,65,1,1,1,1
3365,4,744,403,55,45,1,1,1,1
3366,0,-104,373,180,115,1,1,1,1
3366,1,222,345,90,60,1,1,1,1
3366,2,443,337,60,45,1,1,1,1
3366,3,646,337,280,65,1,1,1,1
3366,4,744,403,55,45,1,1,1,1
3367,0,-104,373,180,115,1,1,1,1
3367,1,222,345,90,60,1,1,1,1
3367,2,443,337,60,45,1,1,1,1
3367,3,646,337,280,65,1,1,1,1
3367,4,744,403,55,45,1,1,1,1
3368,0,-104,373,180,115,1,1,1,1
3368,1,222,345,90,60,1,1,1,1
3368,2,443,337,60,45,1,1,1,1
3368,3,646,337,280,65,1,1,1,1
3368,4,744,403,55,45,1,1,1,1
3369,0,-104,373,180,115,1,1,1,1
3369,1,222,345,90,60,1,1,1,1
3369,2,443,337,60,45,1,1,1,1
3369,3,646,337,280,65,1,1,1,1
3369,4,744,403,55,45,1,1,1,1
3370,0,-104,373,180,115,1,1,1,1
3370,1,222,345,90,60,1,1,1,1
3370,2,443,337,60,45,1,1,1,1
3370,3,646,337,280,65,1,1,1,1
3370,4,744,403,55,45,1,1,1,1
3371,0,-104,373,180,115,1,1,1,1
3371,1,222,345,90,60,1,1,1,1
3371,2,443,337,60,45,1,1,1,1
3371,3,646,337,280,65,1,1,1,1
3371,4,744,403,55,45,1,1,1,1
3372,0,-104,373,180,115,1,1,1,1
3372,1,222,345,90,60,1,1,1,1
3372,2,443,337,60,45,1,1,1,1
3372,3,646,337,280,65,1,1,1,1
3372,4,744,403,55,45,1,1,1,1
3373,0,-104,373,180,115,1,1,1,1
3373,1,222,345,90,60,1,1,1,1
3373,2,443,337,60,45,1,1,1,1
3373,3,646,337,280,65,1,1,1,1
3373,4,743,403,55,45,1,1,1,1
3374,0,-104,373,180,115,1,1,1,1
3374,1,222,345,90,60,1,1,1,1
3374,2,443,337,60,45,1,1,1,1
3374,3,646,337,280,65,1,1,1,1
3374,4,743,403,55,45,1,1,1,1
3375,0,-104,373,180,115,1,1,1,1
3375,1,222,345,90,60,1,1,1,1
3375,2,443,337,60,45,1,1,1,1
3375,3,646,337,280,65,1,1,1,1
3375,4,743,403,55,45,1,1,1,1
3376,0,-104,373,180,115,1,1,1,1
3376,1,222,345,90,60,1,1,1,1
3376,2,443,337,60,45,1,1,1,1
3376,3,646,337,280,65,1,1,1,1
3376,4,743,403,55,45,1,1,1,1
3377,0,-105,373,180,115,1,1,1,1
3377,1,222,345,90,60,1,1,1,1
3377,2,443,337,60,45,1,1,1,1
3377,3,646,337,280,65,1,1,1,1
3377,4,743,403,55,45,1,1,1,1
3378,0,-105,373,180,115,1,1,1,1
3378,1,222,345,90,60,1,1,1,1
3378,2,443,337,60,45,1,1,1,1
3378,3,646,337,280,65,1,1,1,1
3378,4,743,403,55,45,1,1,1,1
3379,0,-105,373,180,115,1,1,1,1
3379,1,222,345,90,60,1,1,1,1
3379,2,443,337,60,45,1,1,1,1
3379,3,646,337,280,65,1,1,1,1
3379,4,743,403,55,45,1,1,1,1
3380,0,-105,373,180,115,1,1,1,1
3380,1,222,345,90,60,1,1,1,1
3380,2,443,337,60,45,1,1,1,1
3380,3,646,337,280,65,1,1,1,1
3380,4,743,403,55,45,1,1,1,1
3381,0,-105,373,180,115,1,1,1,1
3381,1,222,345,90,60,1,1,1,1
3381,2,443,337,60,45,1,1,1,1
3381,3,646,337,280,65,1,1,1,1
3381,4,743,403,55,45,1,1,1,1
3382,0,-105,373,180,115,1,1,1,1
3382,1,222,345,90,60,1,1,1,1
3382,2,443,337,60,45,1,1,1,1
3382,3,646,337,280,65,1,1,1,1
3382,4,743,403,55,45,1,1,1,1
3383,0,-105,373,180,115,1,1,1,1
3383,1,222,345,90,60,1,1,1,1
3383,2,443,337,60,45,1,1,1,1
3383,3,646,337,280,65,1,1,1,1
3383,4,743,403,55,45,1,1,1,1
3384,0,-105,373,180,115,1,1,1,1
3384,1,222,345,90,60,1,1,1,1
3384,2,443,337,60,45,1,1,1,1
3384,3,646,337,280,65,1,1,1,1
3384,4,743,403,55,45,1,1,1,1
3385,0,-105,373,180,115,1,1,1,1
3385,1,222,345,90,60,1,1,1,1
3385,2,443,337,60,45,1,1,1,1
3385,3,646,337,280,65,1,1,1,1
3385,4,743,403,55,45,1,1,1,1
3386,0,-105,373,180,115,1,1,1,1
3386,1,222,345,90,60,1,1,1,1
3386,2,443,337,60,45,1,1,1,1
3386,3,646,337,280,65,1,1,1,1
3386,4,743,403,55,45,1,1,1,1
3387,0,-105,373,180,115,1,1,1,1
3387,1,222,345,90,60,1,1,1,1
3387,2,443,337,60,45,1,1,1,1
3387,3,646,337,280,65,1,1,1,1
3387,4,743,403,55,45,1,1,1,1
3388,0,-105,373,180,115,1,1,1,1
3388,1,222,345,90,60,1,1,1,1
3388,2,443,337,60,45,1,1,1,1
3388,3,646,337,280,65,1,1,1,1
3388,4,743,403,55,45,1,1,1,1
3389,0,-105,373,180,115,1,1,1,1
3389,1,222,345,90,60,1,1,1,1
3389,2,443,337,60,45,1,1,1,1
3389,3,646,337,280,65,1,1,1,1
3389,4,743,403,55,45,1,1,1,1
3390,0,-105,373,180,115,1,1,1,1
3390,1,222,345,90,60,1,1,1,1
3390,2,443,337,60,45,1,1,1,1
3390,3,646,337,280,65,1,1,1,1
3390,4,743,403,55,45,1,1,1,1
3391,0,-105,373,180,115,1,1,1,1
3391,1,222,345,90,60,1,1,1,1
3391,2,443,337,60,45,1,1,1,1
3391,3,646,337,280,65,1,1,1,1
3391,4,743,403,55,45,1,1,1,1
3392,0,-106,374,180,115,1,1,1,1
3392,1,222,345,90,60,1,1,1,1
3392,2,443,337,60,45,1,1,1,1
3392,3,646,337,280,65,1,1,1,1
3392,4,743,404,55,45,1,1,1,1
3393,0,-106,374,180,115,1,1,1,1
3393,1,221,345,90,60,1,1,1,1
3393,2,443,337,60,45,1,1,1,1
3393,3,646,337,280,65,1,1,1,1
3393,4,742,404,55,45,1,1,1,1
3394,0,-106,374,180,115,1,1,1,1
3394,1,221,345,90,60,1,1,1,1
3394,2,443,337,60,45,1,1,1,1
3394,3,646,337,280,65,1,1,1,1
3394,4,742,404,55,45,1,1,1,1
3395,0,-106,374,180,115,1,1,1,1
3395,1,221,345,90,60,1,1,1,1
3395,2,443,337,60,45,1,1,1,1
3395,3,646,337,280,65,1,1,1,1
3395,4,742,404,55,45,1,1,1,1
3396,0,-106,374,180,115,1,1,1,1
3396,1,221,345,90,60,1,1,1,1
3396,2,443,337,60,45,1,1,1,1
3396,3,646,337,280,65,1,1,1,1
3396,4,742,404,55,45,1,1,1,1
3397,0,-106,374,180,115,1,1,1,1
3397,1,221,345,90,60,1,1,1,1
3397,2,443,337,60,45,1,1,1,1
3397,3,646,337,280,65,1,1,1,1
3397,4,742,404,55,45,1,1,1,1
3398,0,-106,374,180,115,1,1,1,1
3398,1,221,345,90,60,1,1,1,1
3398,2,443,337,60,45,1,1,1,1
3398,3,646,337,280,65,1,1,1,1
3398,4,742,404,55,45,1,1,1,1
3399,0,-106,374,180,115,1,1,1,1
3399,1,221,345,90,60,1,1,1,1
3399,2,443,337,60,45,1,1,1,1
3399,3,646,337,280,65,1,1,1,1
3399,4,742,404,55,45,1,1,1,1
3400,0,-106,374,180,115,1,1,1,1
3400,1,221,345,90,60,1,1,1,1
3400,2,443,337,60,45,1,1,1,1
3400,3,646,337,280,65,1,1,1,1
3400,4,742,404,55,45,1,1,1,1
3401,0,-106,374,180,115,1,1,1,1
3401,1,221,345,90,60,1,1,1,1
3401,2,443,337,60,45,1,1,1,1
3401,3,646,337,280,65,1,1,1,1
3401,4,742,404,55,45,1,1,1,1
3402,0,-106,374,180,115,1,1,1,1
3402,1,221,345,90,60,1,1,1,1
3402,2,443,337,60,45,1,1,1,1
3402,3,646,337,280,65,1,1,1,1
3402,4,742,404,55,45,1,1,1,1
3403,0,-106,374,180,115,1,1,1,1
3403,1,221,345,90,60,1,1,1,1
3403,2,443,337,60,45,1,1,1,1
3403,3,645,337,280,65,1,1,1,1
3403,4,742,404,55,45,1,1,1,1
3404,0,-106,374,180,115,1,1,1,1
3404,1,221,345,90,60,1,1,1,1
3404,2,443,337,60,45,1,1,1,1
3404,3,645,337,280,65,1,1,1,1
3404,4,742,404,55,45,1,1,1,1
3405,0,-106,374,180,115,1,1,1,1
3405,1,221,345,90,60,1,1,1,1
3405,2,443,337,60,45,1,1,1,1
3405,3,645,337,280,65,1,1,1,1
3405,4,742,404,55,45,1,1,1,1
3406,0,-106,374,180,115,1,1,1,1
3406,1,221,345,90,60,1,1,1,1
3406,2,443,337,60,45,1,1,1,1
3406,3,645,337,280,65,1,1,1,1
3406,4,742,404,55,45,1,1,1,1
3407,0,-107,374,180,115,1,1,1,1
3407,1,221,345,90,60,1,1,1,1
3407,2,443,337,60,45,1,1,1,1
3407,3,645,337,280,65,1,1,1,1
3407,4,742,404,55,45,1,1,1,1
3408,0,-107,374,180,115,1,1,1,1
3408,1,221,345,90,60,1,1,1,1
3408,2,443,337,60,45,1,1,1,1
3408,3,645,337,280,65,1,1,1,1
3408,4,742,404,55,45,1,1,1,1
3409,0,-107,374,180,115,1,1,1,1
3409,1,221,345,90,60,1,1,1,1
3409,2,443,337,60,45,1,1,1,1
3409,3,645,337,280,65,1,1,1,1
3409,4,742,404,55,45,1,1,1,1
3410,0,-107,374,180,115,1,1,1,1
3410,1,221,345,90,60,1,1,1,1
3410,2,443,337,60,45,1,1,1,1
3410,3,645,337,280,65,1,1,1,1
3410,4,742,404,55,45,1,1,1,1
3411,0,-107,374,180,115,1,1,1,1
3411,1,221,345,90,60,1,1,1,1
3411,2,443,337,60,45,1,1,1,1
3411,3,645,337,280,65,1,1,1,1
3411,4,742,404,55,45,1,1,1,1
3412,0,-107,374,180,115,1,1,1,1
3412,1,221,345,90,60,1,1,1,1
3412,2,443,337,60,45,1,1,1,1
3412,3,645,337,280,65,1,1,1,1
3412,4,742,404,55,45,1,1,1,1
3413,0,-107,374,180,115,1,1,1,1
3413,1,221,345,90,60,1,1,1,1
3413,2,443,337,60,45,1,1,1,1
3413,3,645,337,280,65,1,1,1,1
3413,4,741,404,55,45,1,1,1,1
3414,0,-107,374,180,115,1,1,1,1
3414,1,221,345,90,60,1,1,1,1
3414,2,443,337,60,45,1,1,1,1
3414,3,645,337,280,65,1,1,1,1
3414,4,741,404,55,45,1,1,1,1
3415,0,-107,374,180,115,1,1,1,1
3415,1,221,345,90,60,1,1,1,1
3415,2,443,337,60,45,1,1,1,1
3415,3,645,337,280,65,1,1,1,1
3415,4,741,404,55,45,1,1,1,1
3416,0,-107,374,180,115,1,1,1,1
3416,1,221,345,90,60,1,1,1,1
3416,2,443,337,60,45,1,1,1,1
3416,3,645,337,280,65,1,1,1,1
3416,4,741,404,55,45,1,1,1,1
3417,0,-107,374,180,115,1,1,1,1
3417,1,221,345,90,60,1,1,1,1
3417,2,443,337,60,45,1,1,1,1
3417,3,645,337,280,65,1,1,1,1
3417,4,741,404,55,45,1,1,1,1
3418,0,-107,374,180,115,1,1,1,1
3418,1,221,345,90,60,1,1,1,1
3418,2,443,337,60,45,1,1,1,1
3418,3,645,337,280,65,1,1,1,1
3418,4,741,404,55,45,1,1,1,1
3419,0,-107,374,180,115,1,1,1,1
3419,1,221,345,90,60,1,1,1,1
3419,2,443,337,60,45,1,1,1,1
3419,3,645,337,280,65,1,1,1,1
3419,4,741,404,55,45,1,1,1,1
3420,0,-107,374,180,115,1,1,1,1
3420,1,221,345,90,60,1,1,1,1
3420,2,443,337,60,45,1,1,1,1
3420,3,645,337,280,65,1,1,1,1
3420,4,741,404,55,45,1,1,1,1
3421,0,-107,374,180,115,1,1,1,1
3421,1,221,345,90,60,1,1,1,1
3421,2,443,337,60,45,1,1,1,1
3421,3,645,337,280,65,1,1,1,1
3421,4,741,404,55,45,1,1,1,1
3422,0,-108,374,180,115,1,1,1,1
3422,1,221,345,90,60,1,1,1,1
3422,2,443,337,60,45,1,1,1,1
3422,3,645,337,280,65,1,1,1,1
3422,4,741,404,55,45,1,1,1,1
3423,0,-108,374,180,115,1,1,1,1
3423,1,220,345,90,60,1,1,1,1
3423,2,442,337,60,45,1,1,1,1
3423,3,645,337,280,65,1,1,1,1
3423,4,741,404,55,45,1,1,1,1
3424,0,-108,374,180,115,1,1,1,1
3424,1,220,345,90,60,1,1,1,1
3424,2,442,337,60,45,1,1,1,1
3424,3,645,337,280,65,1,1,1,1
3424,4,741,404,55,45,1,1,1,1
3425,0,-108,374,180,115,1,1,1,1
3425,1,220,345,90,60,1,1,1,1
3425,2,442,337,60,45,1,1,1,1
3425,3,645,337,280,65,1,1,1,1
3425,4,741,404,55,45,1,1,1,1
3426,0,-108,374,180,115,1,1,1,1
3426,1,220,345,90,60,1,1,1,1
3426,2,442,337,60,45,1,1,1,1
3426,3,645,337,280,65,1,1,1,1
3426,4,741,404,55,45,1,1,1,1
3427,0,-108,374,180,115,1,1,1,1
3427,1,220,345,90,60,1,1,1,1
3427,2,442,337,60,45,1,1,1,1
3427,3,645,337,280,65,1,1,1,1
3427,4,741,404,55,45,1,1,1,1
3428,0,-108,374,180,115,1,1,1,1
3428,1,220,345,90,60,1,1,1,1
3428,2,442,337,60,45,1,1,1,1
3428,3,645,337,280,65,1,1,1,1
3428,4,741,404,55,45,1,1,1,1
3429,0,-108,374,180,115,1,1,1,1
3429,1,220,345,90,60,1,1,1,1
3429,2,442,337,60,45,1,1,1,1
3429,3,645,337,280,65,1,1,1,1
3429,4,741,404,55,45,1,1,1,1
3430,0,-108,374,180,115,1,1,1,1
3430,1,220,345,90,60,1,1,1,1
3430,2,442,337,60,45,1,1,1,1
3430,3,645,337,280,65,1,1,1,1
3430,4,741,404,55,45,1,1,1,1
3431,0,-108,374,180,115,1,1,1,1
3431,1,220,345,90,60,1,1,1,1
3431,2,442,337,60,45,1,1,1,1
3431,3,645,337,280,65,1,1,1,1
3431,4,741,404,55,45,1,1,1,1
3432,0,-108,374,180,115,1,1,1,1
3432,1,220,345,90,60,1,1,1,1
3432,2,442,337,60,45,1,1,1,1
3432,3,645,337,280,65,1,1,1,1
3432,4,741,404,55,45,1,1,1,1
3433,0,-108,374,180,115,1,1,1,1
3433,1,220,345,90,60,1,1,1,1
3433,2,442,337,60,45,1,1,1,1
3433,3,645,337,280,65,1,1,1,1
3433,4,740,404,55,45,1,1,1,1
3434,0,-108,374,180,115,1,1,1,1
3434,1,220,345,90,60,1,1,1,1
3434,2,442,337,60,45,1,1,1,1
3434,3,645,337,280,65,1,1,1,1
3434,4,740,404,55,45,1,1,1,1
3435,0,-108,374,180,115,1,1,1,1
3435,1,220,345,90,60,1,1,1,1
3435,2,442,337,60,45,1,1,1,1
3435,3,645,337,280,65,1,1,1,1
3435,4,740,404,55,45,1,1,1,1
3436,0,-108,374,180,115,1,1,1,1
3436,1,220,345,90,60,1,1,1,1
3436,2,442,337,60,45,1,1,1,1
3436,3,645,337,280,65,1,1,1,1
3436,4,740,404,55,45,1,1,1,1
3437,0,-109,374,180,115,1,1,1,1
3437,1,220,345,90,60,1,1,1,1
3437,2,442,337,60,45,1,1,1,1
3437,3,645,337,280,65,1,1,1,1
3437,4,740,404,55,45,1,1,1,1
3438,0,-109,374,180,115,1,1,1,1
3438,1,220,345,90,60,1,1,1,1
3438,2,442,337,60,45,1,1,1,1
3438,3,645,337,280,65,1,1,1,1
3438,4,740,404,55,45,1,1,1,1
3439,0,-109,374,180,115,1,1,1,1
3439,1,220,345,90,60,1,1,1,1
3439,2,442,337,60,45,1,1,1,1
3439,3,645,337,280,65,1,1,1,1
3439,4,740,404,55,45,1,1,1,1
3440,0,-109,374,180,115,1,1,1,1
3440,1,220,345,90,60,1,1,1,1
3440,2,442,337,60,45,1,1,1,1
3440,3,645,337,280,65,1,1,1,1
3440,4,740,404,55,45,1,1,1,1
3441,0,-109,374,180,115,1,1,1,1
3441,1,220,345,90,60,1,1,1,1
3441,2,442,337,60,45,1,1,1,1
3441,3,645,337,280,65,1,1,1,1
3441,4,740,404,55,45,1,1,1,1
3442,0,-109,374,180,115,1,1,1,1
3442,1,220,345,90,60,1,1,1,1
3442,2,442,337,60,45,1,1,1,1
3442,3,645,337,280,65,1,1,1,1
3442,4,740,404,55,45,1,1,1,1
3443,0,-109,374,180,115,1,1,1,1
3443,1,220,345,90,60,1,1,1,1
3443,2,442,337,60,45,1,1,1,1
3443,3,645,337,280,65,1,1,1,1
3443,4,740,404,55,45,1,1,1,1
3444,0,-109,374,180,115,1,1,1,1
3444,1,220,345,90,60,1,1,1,1
3444,2,442,337,60,45,1,1,1,1
3444,3,645,337,280,65,1,1,1,1
3444,4,740,404,55,45,1,1,1,1
3445,0,-109,374,180,115,1,1,1,1
3445,1,220,345,90,60,1,1,1,1
3445,2,442,337,60,45,1,1,1,1
3445,3,645,337,280,65,1,1,1,1
3445,4,740,404,55,45,1,1,1,1
3446,0,-109,374,180,115,1,1,1,1
3446,1,220,345,90,60,1,1,1,1
3446,2,442,337,60,45,1,1,1,1
3446,3,645,337,280,65,1,1,1,1
3446,4,740,404,55,45,1,1,1,1
3447,0,-109,374,180,115,1,1,1,1
3447,1,220,345,90,60,1,1,1,1
3447,2,442,337,60,45,1,1,1,1
3447,3,645,337,280,65,1,1,1,1
3447,4,740,404,55,45,1,1,1,1
3448,0,-109,374,180,115,1,1,1,1
3448,1,220,345,90,60,1,1,1,1
3448,2,442,337,60,45,1,1,1,1
3448,3,645,337,280,65,1,1,1,1
3448,4,740,404,55,45,1,1,1,1
3449,0,-109,374,180,115,1,1,1,1
3449,1,220,345,90,60,1,1,1,1
3449,2,442,337,60,45,1,1,1,1
3449,3,645,337,280,65,1,1,1,1
3449,4,740,404,55,45,1,1,1,1
3450,0,-109,374,180,115,1,1,1,1
3450,1,220,345,90,60,1,1,1,1
3450,2,442,337,60,45,1,1,1,1
3450,3,645,337,280,65,1,1,1,1
3450,4,740,404,55,45,1,1,1,1
3451,0,-109,374,180,115,1,1,1,1
3451,1,220,345,90,60,1,1,1,1
3451,2,442,337,60,45,1,1,1,1
3451,3,645,337,280,65,1,1,1,1
3451,4,740,404,55,45,1,1,1,1
3452,0,-110,375,180,115,1,1,1,1
3452,1,220,345,90,60,1,1,1,1
3452,2,442,337,60,45,1,1,1,1
3452,3,645,337,280,65,1,1,1,1
3452,4,740,405,55,45,1,1,1,1
3453,0,-110,375,180,115,1,1,1,1
3453,1,219,345,90,60,1,1,1,1
3453,2,442,337,60,45,1,1,1,1
3453,3,645,337,280,65,1,1,1,1
3453,4,739,405,55,45,1,1,1,1
3454,0,-110,375,180,115,1,1,1,1
3454,1,219,345,90,60,1,1,1,1
3454,2,442,337,60,45,1,1,1,1
3454,3,645,337,280,65,1,1,1,1
3454,4,739,405,55,45,1,1,1,1
3455,0,-110,375,180,115,1,1,1,1
3455,1,219,345,90,60,1,1,1,1
3455,2,442,337,60,45,1,1,1,1
3455,3,645,337,280,65,1,1,1,1
3455,4,739,405,55,45,1,1,1,1
3456,0,-110,375,180,115,1,1,1,1
3456,1,219,345,90,60,1,1,1,1
3456,2,442,337,60,45,1,1,1,1
3456,3,645,337,280,65,1,1,1,1
3456,4,739,405,55,45,1,1,1,1
3457,0,-110,375,180,115,1,1,1,1
3457,1,219,345,90,60,1,1,1,1
3457,2,442,337,60,45,1,1,1,1
3457,3,645,337,280,65,1,1,1,1
3457,4,739,405,55,45,1,1,1,1
3458,0,-110,375,180,115,1,1,1,1
3458,1,219,345,90,60,1,1,1,1
3458,2,442,337,60,45,1,1,1,1
3458,3,645,337,280,65,1,1,1,1
3458,4,739,405,55,45,1,1,1,1
3459,0,-110,375,180,115,1,1,1,1
3459,1,219,345,90,60,1,1,1,1
3459,2,442,337,60,45,1,1,1,1
3459,3,645,337,280,65,1,1,1,1
3459,4,739,405,55,45,1,1,1,1
3460,0,-110,375,180,115,1,1,1,1
3460,1,219,345,90,60,1,1,1,1
3460,2,442,337,60,45,1,1,1,1
3460,3,645,337,280,65,1,1,1,1
3460,4,739,405,55,45,1,1,1,1
3461,0,-110,375,180,115,1,1,1,1
3461,1,219,345,90,60,1,1,1,1
3461,2,442,337,60,45,1,1,1,1
3461,3,645,337,280,65,1,1,1,1
3461,4,739,405,55,45,1,1,1,1
3462,0,-110,375,180,115,1,1,1,1
3462,1,219,345,90,60,1,1,1,1
3462,2,442,337,60,45,1,1,1,1
3462,3,645,337,280,65,1,1,1,1
3462,4,739,405,55,45,1,1,1,1
3463,0,-110,375,180,115,1,1,1,1
3463,1,219,345,90,60,1,1,1,1
3463,2,442,337,60,45,1,1,1,1
3463,3,645,337,280,65,1,1,1,1
3463,4,739,405,55,45,1,1,1,1
3464,0,-110,375,180,115,1,1,1,1
3464,1,219,345,90,60,1,1,1,1
3464,2,442,337,60,45,1,1,1,1
3464,3,645,337,280,65,1,1,1,1
3464,4,739,405,55,45,1,1,1,1
3465,0,-110,375,180,115,1,1,1,1
3465,1,219,345,90,60,1,1,1,1
3465,2,442,337,60,45,1,1,1,1
3465,3,645,337,280,65,1,1,1,1
3465,4,739,405,55,45,1,1,1,1
3466,0,-110,375,180,115,1,1,1,1
3466,1,219,345,90,60,1,1,1,1
3466,2,442,337,60,45,1,1,1,1
3466,3,645,337,280,65,1,1,1,1
3466,4,739,405,55,45,1,1,1,1
3467,0,-111,375,180,115,1,1,1,1
3467,1,219,345,90,60,1,1,1,1
3467,2,442,337,60,45,1,1,1,1
3467,3,645,337,280,65,1,1,1,1
3467,4,739,405,55,45,1,1,1,1
3468,0,-111,375,180,115,1,1,1,1
3468,1,219,345,90,60,1,1,1,1
3468,2,442,337,60,45,1,1,1,1
3468,3,645,337,280,65,1,1,1,1
3468,4,739,405,55,45,1,1,1,1
3469,0,-111,375,180,115,1,1,1,1
3469,1,219,345,90,60,1,1,1,1
3469,2,442,337,60,45,1,1,1,1
3469,3,645,337,280,65,1,1,1,1
3469,4,739,405,55,45,1,1,1,1
3470,0,-111,375,180,115,1,1,1,1
3470,1,219,345,90,60,1,1,1,1
3470,2,442,337,60,45,1,1,1,1
3470,3,645,337,280,65,1,1,1,1
3470,4,739,405,55,45,1,1,1,1
3471,0,-111,375,180,115,1,1,1,1
3471,1,219,345,90,60,1,1,1,1
3471,2,442,337,60,45,1,1,1,1
3471,3,645,337,280,65,1,1,1,1
3471,4,739,405,55,45,1,1,1,1
3472,0,-111,375,180,115,1,1,1,1
3472,1,219,345,90,60,1,1,1,1
3472,2,442,337,60,45,1,1,1,1
3472,3,645,337,280,65,1,1,1,1
3472,4,739,405,55,45,1,1,1,1
3473,0,-111,375,180,115,1,1,1,1
3473,1,219,345,90,60,1,1,1,1
3473,2,442,337,60,45,1,1,1,1
3473,3,645,337,280,65,1,1,1,1
3473,4,738,405,55,45,1,1,1,1
3474,0,-111,375,180,115,1,1,1,1
3474,1,219,345,90,60,1,1,1,1
3474,2,442,337,60,45,1,1,1,1
3474,3,645,337,280,65,1,1,1,1
3474,4,738,405,55,45,1,1,1,1
3475,0,-111,375,180,115,1,1,1,1
3475,1,219,345,90,60,1,1,1,1
3475,2,442,337,60,45,1,1,1,1
3475,3,645,337,280,65,1,1,1,1
3475,4,738,405,55,45,1,1,1,1
3476,0,-111,375,180,115,1,1,1,1
3476,1,219,345,90,60,1,1,1,1
3476,2,442,337,60,45,1,1,1,1
3476,3,645,337,280,65,1,1,1,1
3476,4,738,405,55,45,1,1,1,1
3477,0,-111,375,180,115,1,1,1,1
3477,1,219,345,90,60,1,1,1,1
3477,2,442,337,60,45,1,1,1,1
3477,3,645,337,280,65,1,1,1,1
3477,4,738,405,55,45,1,1,1,1
3478,0,-111,375,180,115,1,1,1,1
3478,1,219,345,90,60,1,1,1,1
3478,2,442,337,60,45,1,1,1,1
3478,3,645,337,280,65,1,1,1,1
3478,4,738,405,55,45,1,1,1,1
3479,0,-111,375,180,115,1,1,1,1
3479,1,219,345,90,60,1,1,1,1
3479,2,442,337,60,45,1,1,1,1
3479,3,645,337,280,65,1,1,1,1
3479,4,738,405,55,45,1,1,1,1
3480,0,-111,375,180,115,1,1,1,1
3480,1,219,345,90,60,1,1,1,1
3480,2,442,337,60,45,1,1,1,1
3480,3,645,337,280,65,1,1,1,1
3480,4,738,405,55,45,1,1,1,1
3481,0,-111,375,180,115,1,1,1,1
3481,1,219,345,90,60,1,1,1,1
3481,2,442,337,60,45,1,1,1,1
3481,3,645,337,280,65,1,1,1,1
3481,4,738,405,55,45,1,1,1,1
3482,0,-112,375,180,115,1,1,1,1
3482,1,219,345,90,60,1,1,1,1
3482,2,442,337,60,45,1,1,1,1
3482,3,645,337,280,65,1,1,1,1
3482,4,738,405,55,45,1,1,1,1
3483,0,-112,375,180,115,1,1,1,1
3483,1,218,345,90,60,1,1,1,1
3483,2,441,337,60,45,1,1,1,1
3483,3,645,337,280,65,1,1,1,1
3483,4,738,405,55,45,1,1,1,1
3484,0,-112,375,180,115,1,1,1,1
3484,1,218,345,90,60,1,1,1,1
3484,2,441,337,60,45,1,1,1,1
3484,3,645,337,280,65,1,1,1,1
3484,4,738,405,55,45,1,1,1,1
3485,0,-112,375,180,115,1,1,1,1
3485,1,218,345,90,60,1,1,1,1
3485,2,441,337,60,45,1,1,1,1
3485,3,645,337,280,65,1,1,1,1
3485,4,738,405,55,45,1,1,1,1
3486,0,-112,375,180,115,1,1,1,1
3486,1,218,345,90,60,1,1,1,1
3486,2,441,337,60,45,1,1,1,1
3486,3,645,337,280,65,1,1,1,1
3486,4,738,405,55,45,1,1,1,1
3487,0,-112,375,180,115,1,1,1,1
3487,1,218,345,90,60,1,1,1,1
3487,2,441,337,60,45,1,1,1,1
3487,3,645,337,280,65,1,1,1,1
3487,4,738,405,55,45,1,1,1,1
3488,0,-112,375,180,115,1,1,1,1
3488,1,218,345,90,60,1,1,1,1
3488,2,441,337,60,45,1,1,1,1
3488,3,645,337,280,65,1,1,1,1
3488,4,738,405,55,45,1,1,1,1
3489,0,-112,375,180,115,1,1,1,1
3489,1,218,345,90,60,1,1,1,1
3489,2,441,337,60,45,1,1,1,1
3489,3,645,337,280,65,1,1,1,1
3489,4,738,405,55,45,1,1,1,1
3490,0,-112,375,180,115,1,1,1,1
3490,1,218,345,90,60,1,1,1,1
3490,2,441,337,60,45,1,1,1,1
3490,3,645,337,280,65,1,1,1,1
3490,4,738,405,55,45,1,1,1,1
3491,0,-112,375,180,115,1,1,1,1
3491,1,218,345,90,60,1,1,1,1
3491,2,441,337,60,45,1,1,1,1
3491,3,645,337,280,65,1,1,1,1
3491,4,738,405,55,45,1,1,1,1
3492,0,-112,375,180,115,1,1,1,1
3492,1,218,345,90,60,1,1,1,1
3492,2,441,337,60,45,1,1,1,1
3492,3,645,337,280,65,1,1,1,1
3492,4,738,405,55,45,1,1,1,1
3493,0,-112,375,180,115,1,1,1,1
3493,1,218,345,90,60,1,1,1,1
3493,2,441,337,60,45,1,1,1,1
3493,3,645,337,280,65,1,1,1,1
3493,4,737,405,55,45,1,1,1,1
3494,0,-112,375,180,115,1,1,1,1
3494,1,218,345,90,60,1,1,1,1
3494,2,441,337,60,45,1,1,1,1
3494,3,645,337,280,65,1,1,1,1
3494,4,737,405,55,45,1,1,1,1
3495,0,-112,375,180,115,1,1,1,1
3495,1,218,345,90,60,1,1,1,1
3495,2,441,337,60,45,1,1,1,1
3495,3,645,337,280,65,1,1,1,1
3495,4,737,405,55,45,1,1,1,1
3496,0,-112,375,180,115,1,1,1,1
3496,1,218,345,90,60,1,1,1,1
3496,2,441,337,60,45,1,1,1,1
3496,3,645,337,280,65,1,1,1,1
3496,4,737,405,55,45,1,1,1,1
3497,0,-113,375,180,115,1,1,1,1
3497,1,218,345,90,60,1,1,1,1
3497,2,441,337,60,45,1,1,1,1
3497,3,645,337,280,65,1,1,1,1
3497,4,737,405,55,45,1,1,1,1
3498,0,-113,375,180,115,1,1,1,1
3498,1,218,345,90,60,1,1,1,1
3498,2,441,337,60,45,1,1,1,1
3498,3,645,337,280,65,1,1,1,1
3498,4,737,405,55,45,1,1,1,1
3499,0,-113,375,180,115,1,1,1,1
3499,1,218,345,90,60,1,1,1,1
3499,2,441,337,60,45,1,1,1,1
3499,3,645,337,280,65,1,1,1,1
3499,4,737,405,55,45,1,1,1,1
3500,0,-113,375,180,115,1,1,1,1
3500,1,218,345,90,60,1,1,1,1
3500,2,441,337,60,45,1,1,1,1
3500,3,645,337,280,65,1,1,1,1
3500,4,737,405,55,45,1,1,1,1
3501,0,-113,375,180,115,1,1,1,1
3501,1,218,345,90,60,1,1,1,1
3501,2,441,337,60,45,1,1,1,1
3501,3,645,337,280,65,1,1,1,1
3501,4,737,405,55,45,1,1,1,1
3502,0,-113,375,180,115,1,1,1,1
3502,1,218,345,90,60,1,1,1,1
3502,2,441,337,60,45,1,1,1,1
3502,3,645,337,280,65,1,1,1,1
3502,4,737,405,55,45,1,1,1,1
3503,0,-113,375,180,115,1,1,1,1
3503,1,218,345,90,60,1,1,1,1
3503,2,441,337,60,45,1,1,1,1
3503,3,644,337,280,65,1,1,1,1
3503,4,737,405,55,45,1,1,1,1
3504,0,-113,375,180,115,1,1,1,1
3504,1,218,345,90,60,1,1,1,1
3504,2,441,337,60,45,1,1,1,1
3504,3,644,337,280,65,1,1,1,1
3504,4,737,405,55,45,1,1,1,1
3505,0,-113,375,180,115,1,1,1,1
3505,1,218,345,90,60,1,1,1,1
3505,2,441,337,60,45,1,1,1,1
3505,3,644,337,280,65,1,1,1,1
3505,4,737,405,55,45,1,1,1,1
3506,0,-113,375,180,115,1,1,1,1
3506,1,218,345,90,60,1,1,1,1
3506,2,441,337,60,45,1,1,1,1
3506,3,644,337,280,65,1,1,1,1
3506,4,737,405,55,45,1,1,1,1
3507,0,-113,375,180,115,1,1,1,1
3507,1,218,345,90,60,1,1,1,1
3507,2,441,337,60,45,1,1,1,1
3507,3,644,337,280,65,1,1,1,1
3507,4,737,405,55,45,1,1,1,1
3508,0,-113,375,180,115,1,1,1,1
3508,1,218,345,90,60,1,1,1,1
3508,2,441,337,60,45,1,1,1,1
3508,3,644,337,280,65,1,1,1,1
3508,4,737,405,55,45,1,1,1,1
3509,0,-113,375,180,115,1,1,1,1
3509,1,218,345,90,60,1,1,1,1
3509,2,441,337,60,45,1,1,1,1
3509,3,644,337,280,65,1,1,1,1
3509,4,737,405,55,45,1,1,1,1
3510,0,-113,375,180,115,1,1,1,1
3510,1,218,345,90,60,1,1,1,1
3510,2,441,337,60,45,1,1,1,1
3510,3,644,337,280,65,1,1,1,1
3510,4,737,405,55,45,1,1,1,1
3511,0,-113,375,180,115,1,1,1,1
3511,1,218,345,90,60,1,1,1,1
3511,2,441,337,60,45,1,1,1,1
3511,3,644,337,280,65,1,1,1,1
3511,4,737,405,55,45,1,1,1,1
3512,0,-114,376,180,115,1,1,1,1
3512,1,218,345,90,60,1,1,1,1
3512,2,441,337,60,45,1,1,1,1
3512,3,644,337,280,65,1,1,1,1
3512,4,737,406,55,45,1,1,1,1
3513,0,-114,376,180,115,1,1,1,1
3513,1,217,345,90,60,1,1,1,1
3513,2,441,337,60,45,1,1,1,1
3513,3,644,337,280,65,1,1,1,1
3513,4,736,406,55,45,1,1,1,1
3514,0,-114,376,180,115,1,1,1,1
3514,1,217,345,90,60,1,1,1,1
3514,2,441,337,60,45,1,1,1,1
3514,3,644,337,280,65,1,1,1,1
3514,4,736,406,55,45,1,1,1,1
3515,0,-114,376,180,115,1,1,1,1
3515,1,217,345,90,60,1,1,1,1
3515,2,441,337,60,45,1,1,1,1
3515,3,644,337,280,65,1,1,1,1
3515,4,736,406,55,45,1,1,1,1
3516,0,-114,376,180,115,1,1,1,1
3516,1,217,345,90,60,1,1,1,1
3516,2,441,337,60,45,1,1,1,1
3516,3,644,337,280,65,1,1,1,1
3516,4,736,406,55,45,1,1,1,1
3517,0,-114,376,180,115,1,1,1,1
3517,1,217,345,90,60,1,1,1,1
3517,2,441,337,60,45,1,1,1,1
3517,3,644,337,280,65,1,1,1,1
3517,4,736,406,55,45,1,1,1,1
3518,0,-114,376,180,115,1,1,1,1
3518,1,217,345,90,60,1,1,1,1
3518,2,441,337,60,45,1,1,1,1
3518,3,644,337,280,65,1,1,1,1
3518,4,736,406,55,45,1,1,1,1
3519,0,-114,376,180,115,1,1,1,1
3519,1,217,345,90,60,1,1,1,1
3519,2,441,337,60,45,1,1,1,1
3519,3,644,337,280,65,1,1,1,1
3519,4,736,406,55,45,1,1,1,1
3520,0,-114,376,180,115,1,1,1,1
3520,1,217,345,90,60,1,1,1,1
3520,2,441,337,60,45,1,1,1,1
3520,3,644,337,280,65,1,1,1,1
3520,4,736,406,55,45,1,1,1,1
3521,0,-114,376,180,115,1,1,1,1
3521,1,217,345,90,60,1,1,1,1
3521,2,441,337,60,45,1,1,1,1
3521,3,644,337,280,65,1,1,1,1
3521,4,736,406,55,45,1,1,1,1
3522,0,-114,376,180,115,1,1,1,1
3522,1,217,345,90,60,1,1,1,1
3522,2,441,337,60,45,1,1,1,1
3522,3,644,337,280,65,1,1,1,1
3522,4,736,406,55,45,1,1,1,1
3523,0,-114,376,180,115,1,1,1,1
3523,1,217,345,90,60,1,1,1,1
3523,2,441,337,60,45,1,1,1,1
3523,3,644,337,280,65,1,1,1,1
3523,4,736,406,55,45,1,1,1,1
3524,0,-114,376,180,115,1,1,1,1
3524,1,217,345,90,60,1,1,1,1
3524,2,441,337,60,45,1,1,1,1
3524,3,644,337,280,65,1,1,1,1
3524,4,736,406,55,45,1,1,1,1
3525,0,-114,376,180,115,1,1,1,1
3525,1,217,345,90,60,1,1,1,1
3525,2,441,337,60,45,1,1,1,1
3525,3,644,337,280,65,1,1,1,1
3525,4,736,406,55,45,1,1,1,1
3526,0,-114,376,180,115,1,1,1,1
3526,1,217,345,90,60,1,1,1,1
3526,2,441,337,60,45,1,1,1,1
3526,3,644,337,280,65,1,1,1,1
3526,4,736,406,55,45,1,1,1,1
3527,0,-115,376,180,115,1,1,1,1
3527,1,217,345,90,60,1,1,1,1
3527,2,441,337,60,45,1,1,1,1
3527,3,644,337,280,65,1,1,1,1
3527,4,736,406,55,45,1,1,1,1
3528,0,-115,376,180,115,1,1,1,1
3528,1,217,345,90,60,1,1,1,1
3528,2,441,337,60,45,1,1,1,1
3528,3,644,337,280,65,1,1,1,1
3528,4,736,406,55,45,1,1,1,1
3529,0,-115,376,180,115,1,1,1,1
3529,1,217,345,90,60,1,1,1,1
3529,2,441,337,60,45,1,1,1,1
3529,3,644,337,280,65,1,1,1,1
3529,4,736,406,55,45,1,1,1,1
3530,0,-115,376,180,115,1,1,1,1
3530,1,217,345,90,60,1,1,1,1
3530,2,441,337,60,45,1,1,1,1
3530,3,644,337,280,65,1,1,1,1
3530,4,736,406,55,45,1,1,1,1
3531,0,-115,376,180,115,1,1,1,1
3531,1,217,345,90,60,1,1,1,1
3531,2,441,337,60,45,1,1,1,1
3531,3,644,337,280,65,1,1,1,1
3531,4,736,406,55,45,1,1,1,1
3532,0,-115,376,180,115,1,1,1,1
3532,1,217,345,90,60,1,1,1,1
3532,2,441,337,60,45,1,1,1,1
3532,3,644,337,280,65,1,1,1,1
3532,4,736,406,55,45,1,1,1,1
3533,0,-115,376,180,115,1,1,1,1
3533,1,217,345,90,60,1,1,1,1
3533,2,441,337,60,45,1,1,1,1
3533,3,644,337,280,65,1,1,1,1
3533,4,735,406,55,45,1,1,1,1
3534,0,-115,376,180,115,1,1,1,1
3534,1,217,345,90,60,1,1,1,1
3534,2,441,337,60,45,1,1,1,1
3534,3,644,337,280,65,1,1,1,1
3534,4,735,406,55,45,1,1,1,1
3535,0,-115,376,180,115,1,1,1,1
3535,1,217,345,90,60,1,1,1,1
3535,2,441,337,60,45,1,1,1,1
3535,3,644,337,280,65,1,1,1,1
3535,4,735,406,55,45,1,1,1,1
3536,0,-115,376,180,115,1,1,1,1
3536,1,217,345,90,60,1,1,1,1
3536,2,441,337,60,45,1,1,1,1
3536,3,644,337,280,65,1,1,1,1
3536,4,735,406,55,45,1,1,1,1
3537,0,-115,376,180,115,1,1,1,1
3537,1,217,345,90,60,1,1,1,1
3537,2,441,337,60,45,1,1,1,1
3537,3,644,337,280,65,1,1,1,1
3537,4,735,406,55,45,1,1,1,1
3538,0,-115,376,180,115,1,1,1,1
3538,1,217,345,90,60,1,1,1,1
3538,2,441,337,60,45,1,1,1,1
3538,3,644,337,280,65,1,1,1,1
3538,4,735,406,55,45,1,1,1,1
3539,0,-115,376,180,115,1,1,1,1
3539,1,217,345,90,60,1,1,1,1
3539,2,441,337,60,45,1,1,1,1
3539,3,644,337,280,65,1,1,1,1
3539,4,735,406,55,45,1,1,1,1
3540,0,-115,376,180,115,1,1,1,1
3540,1,217,345,90,60,1,1,1,1
3540,2,441,337,60,45,1,1,1,1
3540,3,644,337,280,65,1,1,1,1
3540,4,735,406,55,45,1,1,1,1
3541,0,-115,376,180,115,1,1,1,1
3541,1,217,345,90,60,1,1,1,1
3541,2,441,337,60,45,1,1,1,1
3541,3,644,337,280,65,1,1,1,1
3541,4,735,406,55,45,1,1,1,1
3542,0,-116,376,180,115,1,1,1,1
3542,1,217,345,90,60,1,1,1,1
3542,2,441,337,60,45,1,1,1,1
3542,3,644,337,280,65,1,1,1,1
3542,4,735,406,55,45,1,1,1,1
3543,0,-116,376,180,115,1,1,1,1
3543,1,216,345,90,60,1,1,1,1
3543,2,440,337,60,45,1,1,1,1
3543,3,644,337,280,65,1,1,1,1
3543,4,735,406,55,45,1,1,1,1
3544,0,-116,376,180,115,1,1,1,1
3544,1,216,345,90,60,1,1,1,1
3544,2,440,337,60,45,1,1,1,1
3544,3,644,337,280,65,1,1,1,1
3544,4,735,406,55,45,1,1,1,1
3545,0,-116,376,180,115,1,1,1,1
3545,1,216,345,90,60,1,1,1,1
3545,2,440,337,60,45,1,1,1,1
3545,3,644,337,280,65,1,1,1,1
3545,4,735,406,55,45,1,1,1,1
3546,0,-116,376,180,115,1,1,1,1
3546,1,216,345,90,60,1,1,1,1
3546,2,440,337,60,45,1,1,1,1
3546,3,644,337,280,65,1,1,1,1
3546,4,735,406,55,45,1,1,1,1
3547,0,-116,376,180,115,1,1,1,1
3547,1,216,345,90,60,1,1,1,1
3547,2,440,337,60,45,1,1,1,1
3547,3,644,337,280,65,1,1,1,1
3547,4,735,406,55,45,1,1,1,1
3548,0,-116,376,180,115,1,1,1,1
3548,1,216,345,90,60,1,1,1,1
3548,2,440,337,60,45,1,1,1,1
3548,3,644,337,280,65,1,1,1,1
3548,4,735,406,55,45,1,1,1,1
3549,0,-116,376,180,115,1,1,1,1
3549,1,216,345,90,60,1,1,1,1
3549,2,440,337,60,45,1,1,1,1
3549,3,644,337,280,65,1,1,1,1
3549,4,735,406,55,45,1,1,1,1
3550,0,-116,376,180,115,1,1,1,1
3550,1,216,345,90,60,1,1,1,1
3550,2,440,337,60,45,1,1,1,1
3550,3,644,337,280,65,1,1,1,1
3550,4,735,406,55,45,1,1,1,1
3551,0,-116,376,180,115,1,1,1,1
3551,1,216,345,90,60,1,1,1,1
3551,2,440,337,60,45,1,1,1,1
3551,3,644,337,280,65,1,1,1,1
3551,4,735,406,55,45,1,1,1,1
3552,0,-116,376,180,115,1,1,1,1
3552,1,216,345,90,60,1,1,1,1
3552,2,440,337,60,45,1,1,1,1
3552,3,644,337,280,65,1,1,1,1
3552,4,735,406,55,45,1,1,1,1
3553,0,-116,376,180,115,1,1,1,1
3553,1,216,345,90,60,1,1,1,1
3553,2,440,337,60,45,1,1,1,1
3553,3,644,337,280,65,1,1,1,1
3553,4,734,406,55,45,1,1,1,1
3554,0,-116,376,180,115,1,1,1,1
3554,1,216,345,90,60,1,1,1,1
3554,2,440,337,60,45,1,1,1,1
3554,3,644,337,280,65,1,1,1,1
3554,4,734,406,55,45,1,1,1,1
3555,0,-116,376,180,115,1,1,1,1
3555,1,216,345,90,60,1,1,1,1
3555,2,440,337,60,45,1,1,1,1
3555,3,644,337,280,65,1,1,1,1
3555,4,734,406,55,45,1,1,1,1
3556,0,-116,376,180,115,1,1,1,1
3556,1,216,345,90,60,1,1,1,1
3556,2,440,337,60,45,1,1,1,1
3556,3,644,337,280,65,1,1,1,1
3556,4,734,406,55,45,1,1,1,1
3557,0,-117,376,180,115,1,1,1,1
3557,1,216,345,90,60,1,1,1,1
3557,2,440,337,60,45,1,1,1,1
3557,3,644,337,280,65,1,1,1,1
3557,4,734,406,55,45,1,1,1,1
3558,0,-117,376,180,115,1,1,1,1
3558,1,216,345,90,60,1,1,1,1
3558,2,440,337,60,45,1,1,1,1
3558,3,644,337,280,65,1,1,1,1
3558,4,734,406,55,45,1,1,1,1
3559,0,-117,376,180,115,1,1,1,1
3559,1,216,345,90,60,1,1,1,1
3559,2,440,337,60,45,1,1,1,1
3559,3,644,337,280,65,1,1,1,1
3559,4,734,406,55,45,1,1,1,1
3560,0,-117,376,180,115,1,1,1,1
3560,1,216,345,90,60,1,1,1,1
3560,2,440,337,60,45,1,1,1,1
3560,3,644,337,280,65,1,1,1,1
3560,4,734,406,55,45,1,1,1,1
3561,0,-117,376,180,115,1,1,1,1
3561,1,216,345,90,60,1,1,1,1
3561,2,440,337,60,45,1,1,1,1
3561,3,644,337,280,65,1,1,1,1
3561,4,734,406,55,45,1,1,1,1
3562,0,-117,376,180,115,1,1,1,1
3562,1,216,345,90,60,1,1,1,1
3562,2,440,337,60,45,1,1,1,1
3562,3,644,337,280,65,1,1,1,1
3562,4,734,406,55,45,1,1,1,1
3563,0,-117,376,180,115,1,1,1,1
3563,1,216,345,90,60,1,1,1,1
3563,2,440,337,60,45,1,1,1,1
3563,3,644,337,280,65,1,1,1,1
3563,4,734,406,55,45,1,1,1,1
3564,0,-117,376,180,115,1,1,1,1
3564,1,216,345,90,60,1,1,1,1
3564,2,440,337,60,45,1,1,1,1
3564,3,644,337,280,65,1,1,1,1
3564,4,734,406,55,45,1,1,1,1
3565,0,-117,376,180,115,1,1,1,1
3565,1,216,345,90,60,1,1,1,1
3565,2,440,337,60,45,1,1,1,1
3565,3,644,337,280,65,1,1,1,1
3565,4,734,406,55,45,1,1,1,1
3566,0,-117,376,180,115,1,1,1,1
3566,1,216,345,90,60,1,1,1,1
3566,2,440,337,60,45,1,1,1,1
3566,3,644,337,280,65,1,1,1,1
3566,4,734,406,55,45,1,1,1,1
3567,0,-117,376,180,115,1,1,1,1
3567,1,216,345,90,60,1,1,1,1
3567,2,440,337,60,45,1,1,1,1
3567,3,644,337,280,65,1,1,1,1
3567,4,734,406,55,45,1,1,1,1
3568,0,-117,376,180,115,1,1,1,1
3568,1,216,345,90,60,1,1,1,1
3568,2,440,337,60,45,1,1,1,1
3568,3,644,337,280,65,1,1,1,1
3568,4,734,406,55,45,1,1,1,1
3569,0,-117,376,180,115,1,1,1,1
3569,1,216,345,90,60,1,1,1,1
3569,2,440,337,60,45,1,1,1,1
3569,3,644,337,280,65,1,1,1,1
3569,4,734,406,55,45,1,1,1,1
3570,0,-117,376,180,115,1,1,1,1
3570,1,216,345,90,60,1,1,1,1
3570,2,440,337,60,45,1,1,1,1
3570,3,644,337,280,65,1,1,1,1
3570,4,734,406,55,45,1,1,1,1
3571,0,-117,376,180,115,1,1,1,1
3571,1,216,345,90,60,1,1,1,1
3571,2,440,337,60,45,1,1,1,1
3571,3,644,337,280,65,1,1,1,1
3571,4,734,406,55,45,1,1,1,1
3572,0,-118,377,180,115,1,1,1,1
3572,1,216,345,90,60,1,1,1,1
3572,2,440,337,60,45,1,1,1,1
3572,3,644,337,280,65,1,1,1,1
3572,4,734,407,55,45,1,1,1,1
3573,0,-118,377,180,115,1,1,1,1
3573,1,215,345,90,60,1,1,1,1
3573,2,440,337,60,45,1,1,1,1
3573,3,644,337,280,65,1,1,1,1
3573,4,733,407,55,45,1,1,1,1
3574,0,-118,377,180,115,1,1,1,1
3574,1,215,345,90,60,1,1,1,1
3574,2,440,337,60,45,1,1,1,1
3574,3,644,337,280,65,1,1,1,1
3574,4,733,407,55,45,1,1,1,1
3575,0,-118,377,180,115,1,1,1,1
3575,1,215,345,90,60,1,1,1,1
3575,2,440,337,60,45,1,1,1,1
3575,3,644,337,280,65,1,1,1,1
3575,4,733,407,55,45,1,1,1,1
3576,0,-118,377,180,115,1,1,1,1
3576,1,215,345,90,60,1,1,1,1
3576,2,440,337,60,45,1,1,1,1
3576,3,644,337,280,65,1,1,1,1
3576,4,733,407,55,45,1,1,1,1
3577,0,-118,377,180,115,1,1,1,1
3577,1,215,345,90,60,1,1,1,1
3577,2,440,337,60,45,1,1,1,1
3577,3,644,337,280,65,1,1,1,1
3577,4,733,407,55,45,1,1,1,1
3578,0,-118,377,180,115,1,1,1,1
3578,1,215,345,90,60,1,1,1,1
3578,2,440,337,60,45,1,1,1,1
3578,3,644,337,280,65,1,1,1,1
3578,4,733,407,55,45,1,1,1,1
3579,0,-118,377,180,115,1,1,1,1
3579,1,215,345,90,60,1,1,1,1
3579,2,440,337,60,45,1,1,1,1
3579,3,644,337,280,65,1,1,1,1
3579,4,733,407,55,45,1,1,1,1
3580,0,-118,377,180,115,1,1,1,1
3580,1,215,345,90,60,1,1,1,1
3580,2,440,337,60,45,1,1,1,1
3580,3,644,337,280,65,1,1,1,1
3580,4,733,407,55,45,1,1,1,1
3581,0,-118,377,180,115,1,1,1,1
3581,1,215,345,90,60,1,1,1,1
3581,2,440,337,60,45,1,1,1,1
3581,3,644,337,280,65,1,1,1,1
3581,4,733,407,55,45,1,1,1,1
3582,0,-118,377,180,115,1,1,1,1
3582,1,215,345,90,60,1,1,1,1
3582,2,440,337,60,45,1,1,1,1
3582,3,644,337,280,65,1,1,1,1
3582,4,733,407,55,45,1,1,1,1
3583,0,-118,377,180,115,1,1,1,1
3583,1,215,345,90,60,1,1,1,1
3583,2,440,337,60,45,1,1,1,1
3583,3,644,337,280,65,1,1,1,1
3583,4,733,407,55,45,1,1,1,1
3584,0,-118,377,180,115,1,1,1,1
3584,1,215,345,90,60,1,1,1,1
3584,2,440,337,60,45,1,1,1,1
3584,3,644,337,280,65,1,1,1,1
3584,4,733,407,55,45,1,1,1,1
3585,0,-118,377,180,115,1,1,1,1
3585,1,215,345,90,60,1,1,1,1
3585,2,440,337,60,45,1,1,1,1
3585,3,644,337,280,65,1,1,1,1
3585,4,733,407,55,45,1,1,1,1
3586,0,-118,377,180,115,1,1,1,1
3586,1,215,345,90,60,1,1,1,1
3586,2,440,337,60,45,1,1,1,1
3586,3,644,337,280,65,1,1,1,1
3586,4,733,407,55,45,1,1,1,1
3587,0,-119,377,180,115,1,1,1,1
3587,1,215,345,90,60,1,1,1,1
3587,2,440,337,60,45,1,1,1,1
3587,3,644,337,280,65,1,1,1,1
3587,4,733,407,55,45,1,1,1,1
3588,0,-119,377,180,115,1,1,1,1
3588,1,215,345,90,60,1,1,1,1
3588,2,440,337,60,45,1,1,1,1
3588,3,644,337,280,65,1,1,1,1
3588,4,733,407,55,45,1,1,1,1
3589,0,-119,377,180,115,1,1,1,1
3589,1,215,345,90,60,1,1,1,1
3589,2,440,337,60,45,1,1,1,1
3589,3,644,337,280,65,1,1,1,1
3589,4,733,407,55,45,1,1,1,1
3590,0,-119,377,180,115,1,1,1,1
3590,1,215,345,90,60,1,1,1,1
3590,2,440,337,60,45,1,1,1,1
3590,3,644,337,280,65,1,1,1,1
3590,4,733,407,55,45,1,1,1,1
3591,0,-119,377,180,115,1,1,1,1
3591,1,215,345,90,60,1,1,1,1
3591,2,440,337,60,45,1,1,1,1
3591,3,644,337,280,65,1,1,1,1
3591,4,733,407,55,45,1,1,1,1
3592,0,-119,377,180,115,1,1,1,1
3592,1,215,345,90,60,1,1,1,1
3592,2,440,337,60,45,1,1,1,1
3592,3,644,337,280,65,1,1,1,1
3592,4,733,407,55,45,1,1,1,1
3593,0,-119,377,180,115,1,1,1,1
3593,1,215,345,90,60,1,1,1,1
3593,2,440,337,60,45,1,1,1,1
3593,3,644,337,280,65,1,1,1,1
3593,4,732,407,55,45,1,1,1,1
3594,0,-119,377,180,115,1,1,1,1
3594,1,215,345,90,60,1,1,1,1
3594,2,440,337,60,45,1,1,1,1
3594,3,644,337,280,65,1,1,1,1
3594,4,732,407,55,45,1,1,1,1
3595,0,-119,377,180,115,1,1,1,1
3595,1,215,345,90,60,1,1,1,1
3595,2,440,337,60,45,1,1,1,1
3595,3,644,337,280,65,1,1,1,1
3595,4,732,407,55,45,1,1,1,1
3596,0,-119,377,180,115,1,1,1,1
3596,1,215,345,90,60,1,1,1,1
3596,2,440,337,60,45,1,1,1,1
3596,3,644,337,280,65,1,1,1,1
3596,4,732,407,55,45,1,1,1,1
3597,0,-119,377,180,115,1,1,1,1
3597,1,215,345,90,60,1,1,1,1
3597,2,440,337,60,45,1,1,1,1
3597,3,644,337,280,65,1,1,1,1
3597,4,732,407,55,45,1,1,1,1
3598,0,-119,377,180,115,1,1,1,1
3598,1,215,345,90,60,1,1,1,1
3598,2,440,337,60,45,1,1,1,1
3598,3,644,337,280,65,1,1,1,1
3598,4,732,407,55,45,1,1,1,1
3599,0,-119,377,180,115,1,1,1,1
3599,1,215,345,90,60,1,1,1,1
3599,2,440,337,60,45,1,1,1,1
3599,3,644,337,280,65,1,1,1,1
3599,4,732,407,55,45,1,1,1,1
3600,0,-119,377,180,115,1,1,1,1
3600,1,215,345,90,60,1,1,1,1
3600,2,440,337,60,45,1,1,1,1
3600,3,644,337,280,65,1,1,1,1
3600,4,732,407,55,45,1,1,1,1
3601,0,-119,377,180,115,1,1,1,1
3601,1,215,345,90,60,1,1,1,1
3601,2,440,337,60,45,1,1,1,1
3601,3,644,337,280,65,1,1,1,1
3601,4,732,407,55,45,1,1,1,1