0,0,1943,1089,72,20,1,1,1,1
1,0,1939,1087,73,22,1,1,1,1
2,0,1936,1089,73,21,1,1,1,1
3,0,1932,1089,74,21,1,1,1,1
4,0,1929,1089,71,21,1,1,1,1
5,0,1925,1088,72,22,1,1,1,1
6,0,1921,1088,72,22,1,1,1,1
7,0,1917,1088,73,22,1,1,1,1
8,0,1914,1088,73,22,1,1,1,1
9,0,1910,1088,73,22,1,1,1,1
10,0,1906,1089,73,22,1,1,1,1
11,0,1902,1089,74,22,1,1,1,1
12,0,1898,1089,74,22,1,1,1,1
13,0,1894,1089,74,22,1,1,1,1
14,0,1891,1089,75,23,1,1,1,1
15,0,1887,1089,75,23,1,1,1,1
16,0,1883,1089,75,23,1,1,1,1
17,0,1879,1089,75,23,1,1,1,1
18,0,1875,1089,76,23,1,1,1,1
19,0,1871,1090,76,23,1,1,1,1
20,0,1868,1090,76,23,1,1,1,1
21,0,1864,1090,76,23,1,1,1,1
22,0,1860,1090,77,23,1,1,1,1
23,0,1856,1090,77,23,1,1,1,1
24,0,1852,1090,77,23,1,1,1,1
25,0,1848,1090,78,23,1,1,1,1
26,0,1844,1090,78,23,1,1,1,1
27,0,1840,1090,78,24,1,1,1,1
28,0,1836,1090,79,24,1,1,1,1
29,0,1832,1090,79,24,1,1,1,1
30,0,1828,1090,79,24,1,1,1,1
31,0,1824,1090,79,24,1,1,1,1
32,0,1820,1090,80,24,1,1,1,1
33,0,1816,1090,80,25,1,1,1,1
34,0,1812,1090,80,25,1,1,1,1
35,0,1808,1090,81,25,1,1,1,1
36,0,1804,1090,81,25,1,1,1,1
37,0,1800,1090,81,25,1,1,1,1
38,0,1795,1090,81,25,1,1,1,1
39,0,1791,1090,81,25,1,1,1,1
40,0,1787,1090,81,25,1,1,1,1
41,0,1783,1090,81,25,1,1,1,1
42,0,1778,1090,81,25,1,1,1,1
43,0,1774,1090,81,25,1,1,1,1
44,0,1770,1090,81,25,1,1,1,1
45,0,1766,1091,82,25,1,1,1,1
46,0,1761,1091,82,25,1,1,1,1
47,0,1757,1091,82,25,1,1,1,1
48,0,1753,1091,82,25,1,1,1,1
49,0,1748,1091,82,25,1,1,1,1
50,0,1744,1091,82,25,1,1,1,1
51,0,1740,1091,82,25,1,1,1,1
52,0,1736,1091,82,25,1,1,1,1
53,0,1731,1091,82,25,1,1,1,1
54,0,1727,1091,82,25,1,1,1,1
55,0,1723,1093,84,23,1,1,1,1
56,0,1718,1092,83,23,1,1,1,1
57,0,1715,1092,83,23,1,1,1,1
58,0,1708,1092,86,24,1,1,1,1
59,0,1704,1093,85,23,1,1,1,1
60,0,1699,1093,85,23,1,1,1,1
61,0,1695,1093,86,23,1,1,1,1
62,0,1690,1093,86,23,1,1,1,1
63,0,1685,1093,86,23,1,1,1,1
64,0,1680,1093,86,23,1,1,1,1
65,0,1676,1093,87,23,1,1,1,1
66,0,1671,1093,87,23,1,1,1,1
67,0,1666,1093,87,23,1,1,1,1
68,0,1661,1094,87,23,1,1,1,1
69,0,1657,1094,88,23,1,1,1,1
70,0,1652,1094,88,23,1,1,1,1
71,0,1647,1094,88,23,1,1,1,1
72,0,1642,1094,88,23,1,1,1,1
73,0,1638,1094,89,23,1,1,1,1
74,0,1633,1094,89,23,1,1,1,1
75,0,1628,1094,89,23,1,1,1,1
76,0,1624,1094,90,24,1,1,1,1
77,0,1619,1094,90,24,1,1,1,1
78,0,1614,1094,90,24,1,1,1,1
79,0,1609,1094,90,24,1,1,1,1
80,0,1605,1094,91,24,1,1,1,1
81,0,1600,1094,91,24,1,1,1,1
82,0,1595,1094,91,24,1,1,1,1
83,0,1590,1094,91,24,1,1,1,1
84,0,1586,1094,92,24,1,1,1,1
85,0,1581,1095,92,24,1,1,1,1
86,0,1576,1095,92,24,1,1,1,1
87,0,1571,1095,92,24,1,1,1,1
88,0,1567,1095,93,24,1,1,1,1
89,0,1562,1095,93,24,1,1,1,1
90,0,1557,1095,93,24,1,1,1,1
91,0,1552,1095,93,24,1,1,1,1
92,0,1548,1095,94,24,1,1,1,1
93,0,1543,1095,94,24,1,1,1,1
94,0,1537,1095,94,24,1,1,1,1
95,0,1532,1095,95,24,1,1,1,1
96,0,1526,1095,95,24,1,1,1,1
97,0,1520,1095,95,24,1,1,1,1
98,0,1514,1095,96,24,1,1,1,1
99,0,1509,1095,96,24,1,1,1,1
100,0,1503,1096,96,24,1,1,1,1
101,0,1497,1096,96,24,1,1,1,1
102,0,1492,1096,97,24,1,1,1,1
103,0,1486,1096,97,24,1,1,1,1
104,0,1480,1096,97,24,1,1,1,1
105,0,1474,1096,98,24,1,1,1,1
106,0,1469,1096,98,25,1,1,1,1
107,0,1463,1096,98,25,1,1,1,1
108,0,1457,1096,99,25,1,1,1,1
109,0,1451,1096,99,25,1,1,1,1
110,0,1446,1096,99,25,1,1,1,1
111,0,1440,1096,99,25,1,1,1,1
112,0,1434,1097,100,25,1,1,1,1
113,0,1429,1097,100,25,1,1,1,1
114,0,1423,1097,100,25,1,1,1,1
115,0,1417,1097,101,25,1,1,1,1
116,0,1411,1097,101,25,1,1,1,1
117,0,1406,1097,101,25,1,1,1,1
118,0,1400,1097,102,25,1,1,1,1
119,0,1394,1097,102,25,1,1,1,1
120,0,1389,1097,102,25,1,1,1,1
121,0,1383,1097,102,25,1,1,1,1
122,0,1377,1097,103,25,1,1,1,1
123,0,1371,1097,103,25,1,1,1,1
124,0,1366,1097,103,25,1,1,1,1
125,0,1360,1098,104,25,1,1,1,1
126,0,1354,1098,104,25,1,1,1,1
126,1,0,1115,22,25,1,1,1,1
127,0,1349,1098,104,25,1,1,1,1
127,1,0,1114,34,26,1,1,1,1
128,0,1343,1098,105,25,1,1,1,1
128,1,0,1113,46,28,1,1,1,1
129,0,1337,1098,105,25,1,1,1,1
129,1,0,1111,57,29,1,1,1,1
130,0,1331,1098,105,25,1,1,1,1
130,1,0,1110,69,31,1,1,1,1
131,0,1326,1098,105,26,1,1,1,1
131,1,0,1109,81,32,1,1,1,1
132,0,1320,1098,106,26,1,1,1,1
132,1,0,1108,93,34,1,1,1,1
133,0,1314,1098,106,26,1,1,1,1
133,1,0,1107,105,35,1,1,1,1
134,0,1308,1098,106,26,1,1,1,1
134,1,0,1105,116,37,1,1,1,1
135,0,1303,1098,107,26,1,1,1,1
135,1,0,1104,128,38,1,1,1,1
136,0,1297,1098,107,26,1,1,1,1
136,1,0,1103,140,40,1,1,1,1
137,0,1291,1099,107,26,1,1,1,1
137,1,0,1102,152,41,1,1,1,1
138,0,1286,1099,108,26,1,1,1,1
138,1,0,1101,164,43,1,1,1,1
139,0,1280,1099,108,26,1,1,1,1
139,1,0,1099,175,44,1,1,1,1
140,0,1274,1099,108,26,1,1,1,1
140,1,0,1098,187,46,1,1,1,1
141,0,1268,1099,108,26,1,1,1,1
141,1,0,1097,199,47,1,1,1,1
142,0,1263,1099,109,26,1,1,1,1
142,1,1,1097,209,48,1,1,1,1
143,0,1257,1099,109,26,1,1,1,1
143,1,2,1096,220,48,1,1,1,1
144,0,1250,1099,109,26,1,1,1,1
144,1,3,1096,230,49,1,1,1,1
145,0,1243,1099,110,26,1,1,1,1
145,1,3,1095,241,49,1,1,1,1
146,0,1237,1099,110,26,1,1,1,1
146,1,4,1095,251,50,1,1,1,1
147,0,1230,1099,111,27,1,1,1,1
147,1,5,1094,261,51,1,1,1,1
148,0,1223,1099,111,27,1,1,1,1
148,1,6,1094,272,51,1,1,1,1
149,0,1216,1099,112,27,1,1,1,1
149,1,7,1093,282,52,1,1,1,1
150,0,1210,1099,112,27,1,1,1,1
150,1,8,1093,293,52,1,1,1,1
151,0,1203,1099,113,27,1,1,1,1
151,1,9,1093,303,53,1,1,1,1
152,0,1196,1099,113,27,1,1,1,1
152,1,9,1092,313,54,1,1,1,1
153,0,1189,1099,114,27,1,1,1,1
153,1,10,1092,324,54,1,1,1,1
154,0,1182,1099,114,28,1,1,1,1
154,1,11,1091,334,55,1,1,1,1
155,0,1176,1099,115,28,1,1,1,1
155,1,12,1091,345,55,1,1,1,1
156,0,1169,1099,115,28,1,1,1,1
156,1,13,1090,355,56,1,1,1,1
157,0,1162,1098,116,28,1,1,1,1
157,1,14,1090,365,57,1,1,1,1
158,0,1155,1098,116,28,1,1,1,1
158,1,14,1089,376,57,1,1,1,1
159,0,1149,1098,117,28,1,1,1,1
159,1,15,1089,386,58,1,1,1,1
160,0,1142,1098,117,29,1,1,1,1
160,1,16,1088,397,58,1,1,1,1
161,0,1135,1098,118,29,1,1,1,1
161,1,17,1088,407,59,1,1,1,1
162,0,1128,1098,118,29,1,1,1,1
162,1,28,1088,406,59,1,1,1,1
163,0,1121,1098,119,29,1,1,1,1
163,1,39,1088,405,59,1,1,1,1
164,0,1115,1098,119,29,1,1,1,1
164,1,51,1088,404,59,1,1,1,1
165,0,1108,1098,120,29,1,1,1,1
165,1,62,1088,403,59,1,1,1,1
166,0,1101,1098,120,29,1,1,1,1
166,1,73,1088,402,58,1,1,1,1
167,0,1094,1098,121,30,1,1,1,1
167,1,84,1089,400,58,1,1,1,1
168,0,1088,1098,121,30,1,1,1,1
168,1,95,1089,399,58,1,1,1,1
169,0,1081,1098,122,30,1,1,1,1
169,1,106,1089,398,58,1,1,1,1
170,0,1074,1098,122,30,1,1,1,1
170,1,118,1089,397,58,1,1,1,1
171,0,1066,1098,123,30,1,1,1,1
171,1,129,1089,396,58,1,1,1,1
172,0,1059,1098,123,30,1,1,1,1
172,1,140,1089,395,58,1,1,1,1
173,0,1051,1098,124,30,1,1,1,1
173,1,151,1089,394,58,1,1,1,1
174,0,1043,1098,124,30,1,1,1,1
174,1,162,1089,393,58,1,1,1,1
175,0,1035,1098,125,30,1,1,1,1
175,1,173,1089,392,58,1,1,1,1
176,0,1028,1098,125,30,1,1,1,1
176,1,185,1089,391,57,1,1,1,1
177,0,1020,1098,126,30,1,1,1,1
177,1,196,1089,390,57,1,1,1,1
178,0,1012,1098,127,30,1,1,1,1
178,1,207,1089,389,57,1,1,1,1
179,0,1004,1098,127,30,1,1,1,1
179,1,218,1090,387,57,1,1,1,1
180,0,997,1098,128,30,1,1,1,1
180,1,229,1090,386,57,1,1,1,1
181,0,989,1098,128,30,1,1,1,1
181,1,240,1090,385,57,1,1,1,1
182,0,981,1098,129,30,1,1,1,1
182,1,252,1090,384,57,1,1,1,1
183,0,973,1098,129,30,1,1,1,1
183,1,263,1090,383,57,1,1,1,1
184,0,966,1098,130,30,1,1,1,1
184,1,274,1090,382,57,1,1,1,1
185,0,958,1099,131,30,1,1,1,1
185,1,285,1090,381,56,1,1,1,1
186,0,950,1099,131,30,1,1,1,1
186,1,296,1090,380,56,1,1,1,1
187,0,943,1099,132,30,1,1,1,1
187,1,307,1090,379,56,1,1,1,1
188,0,935,1099,132,30,1,1,1,1
188,1,319,1090,378,56,1,1,1,1
189,0,927,1099,133,30,1,1,1,1
189,1,330,1090,377,56,1,1,1,1
190,0,919,1099,133,30,1,1,1,1
190,1,341,1090,376,56,1,1,1,1
191,0,912,1099,134,30,1,1,1,1
191,1,352,1091,374,56,1,1,1,1
192,0,904,1099,134,30,1,1,1,1
192,1,363,1091,373,56,1,1,1,1
193,0,896,1099,135,30,1,1,1,1
193,1,374,1091,372,56,1,1,1,1
194,0,888,1099,136,30,1,1,1,1
194,1,386,1091,371,55,1,1,1,1
195,0,881,1099,136,30,1,1,1,1
195,1,397,1091,370,55,1,1,1,1
196,0,873,1099,137,30,1,1,1,1
196,1,408,1091,369,55,1,1,1,1
197,0,865,1099,137,30,1,1,1,1
197,1,419,1091,368,55,1,1,1,1
198,0,857,1099,138,30,1,1,1,1
198,1,430,1091,367,55,1,1,1,1
199,0,850,1099,138,30,1,1,1,1
199,1,441,1091,366,55,1,1,1,1
200,0,842,1099,139,30,1,1,1,1
200,1,453,1091,365,55,1,1,1,1
201,0,834,1099,140,30,1,1,1,1
201,1,464,1091,364,55,1,1,1,1
202,0,826,1099,141,31,1,1,1,1
202,1,475,1091,363,55,1,1,1,1
203,0,817,1098,142,31,1,1,1,1
203,1,486,1092,361,55,1,1,1,1
204,0,809,1098,143,31,1,1,1,1
204,1,497,1092,360,54,1,1,1,1
205,0,806,1099,136,30,1,1,1,1
205,1,508,1092,359,54,1,1,1,1
206,0,803,1099,128,29,1,1,1,1
206,1,520,1092,358,54,1,1,1,1
207,0,794,1099,129,29,1,1,1,1
207,1,531,1092,357,54,1,1,1,1
208,0,784,1099,131,29,1,1,1,1
208,1,542,1092,356,54,1,1,1,1
209,0,775,1099,132,29,1,1,1,1
209,1,552,1092,355,54,1,1,1,1
210,0,766,1099,134,29,1,1,1,1
210,1,562,1092,353,54,1,1,1,1
211,0,756,1099,135,29,1,1,1,1
211,1,572,1092,352,54,1,1,1,1
212,0,747,1098,136,30,1,1,1,1
212,1,582,1092,350,54,1,1,1,1
213,0,738,1098,138,30,1,1,1,1
213,1,592,1092,349,54,1,1,1,1
214,0,728,1098,139,30,1,1,1,1
214,1,602,1092,347,54,1,1,1,1
215,0,719,1098,140,30,1,1,1,1
215,1,612,1092,346,54,1,1,1,1
216,0,710,1098,142,30,1,1,1,1
216,1,622,1092,344,54,1,1,1,1
217,0,700,1098,143,30,1,1,1,1
217,1,632,1092,343,54,1,1,1,1
218,0,691,1098,145,30,1,1,1,1
218,1,642,1092,341,54,1,1,1,1
219,0,682,1098,146,30,1,1,1,1
219,1,653,1093,340,54,1,1,1,1
220,0,672,1098,147,30,1,1,1,1
220,1,663,1093,339,53,1,1,1,1
221,0,663,1098,149,30,1,1,1,1
221,1,673,1093,337,53,1,1,1,1
222,0,654,1097,150,31,1,1,1,1
222,1,683,1093,336,53,1,1,1,1
223,0,644,1097,151,31,1,1,1,1
223,1,693,1093,334,53,1,1,1,1
224,0,635,1097,153,31,1,1,1,1
224,1,703,1093,333,53,1,1,1,1
225,0,626,1097,154,31,1,1,1,1
225,1,713,1093,331,53,1,1,1,1
226,0,616,1097,156,31,1,1,1,1
226,1,723,1093,330,53,1,1,1,1
227,0,607,1097,157,31,1,1,1,1
227,1,733,1093,328,53,1,1,1,1
228,0,598,1097,157,31,1,1,1,1
228,1,743,1093,327,53,1,1,1,1
229,0,588,1097,157,31,1,1,1,1
229,1,753,1093,325,53,1,1,1,1
230,0,579,1098,157,30,1,1,1,1
230,1,763,1093,324,53,1,1,1,1
231,0,569,1098,157,30,1,1,1,1
231,1,772,1093,323,53,1,1,1,1
232,0,560,1098,157,30,1,1,1,1
232,1,781,1093,323,53,1,1,1,1
233,0,551,1098,157,30,1,1,1,1
233,1,791,1093,322,53,1,1,1,1
234,0,541,1098,157,30,1,1,1,1
234,1,800,1093,322,53,1,1,1,1
235,0,532,1098,157,30,1,1,1,1
235,1,809,1094,321,53,1,1,1,1
235,2,2547,1070,13,22,1,1,1,1
236,0,522,1099,158,29,1,1,1,1
236,1,818,1094,320,52,1,1,1,1
236,2,2545,1070,15,22,1,1,1,1
237,0,513,1099,158,29,1,1,1,1
237,1,827,1094,320,52,1,1,1,1
237,2,2543,1070,17,22,1,1,1,1
238,0,503,1099,158,29,1,1,1,1
238,1,837,1094,319,52,1,1,1,1
238,2,2541,1070,19,22,1,1,1,1
239,0,494,1099,158,29,1,1,1,1
239,1,846,1094,319,52,1,1,1,1
239,2,2539,1070,21,22,1,1,1,1
240,0,485,1099,158,29,1,1,1,1
240,1,855,1094,318,52,1,1,1,1
240,2,2537,1070,23,22,1,1,1,1
241,0,475,1099,158,29,1,1,1,1
241,1,864,1094,317,52,1,1,1,1
241,2,2535,1070,25,22,1,1,1,1
242,0,466,1100,158,28,1,1,1,1
242,1,873,1094,316,52,1,1,1,1
242,2,2533,1070,27,22,1,1,1,1
243,0,456,1100,158,28,1,1,1,1
243,1,882,1094,314,52,1,1,1,1
243,2,2531,1070,29,22,1,1,1,1
244,0,447,1100,158,28,1,1,1,1
244,1,891,1094,313,52,1,1,1,1
244,2,2529,1070,31,22,1,1,1,1
245,0,437,1100,159,28,1,1,1,1
245,1,900,1094,311,52,1,1,1,1
245,2,2527,1070,33,22,1,1,1,1
246,0,427,1099,159,28,1,1,1,1
246,1,909,1094,310,52,1,1,1,1
246,2,2525,1070,35,22,1,1,1,1
247,0,417,1099,160,29,1,1,1,1
247,1,918,1094,309,52,1,1,1,1
247,2,2523,1070,37,22,1,1,1,1
248,0,407,1099,160,29,1,1,1,1
248,1,927,1094,308,52,1,1,1,1
248,2,2522,1070,39,23,1,1,1,1
249,0,397,1099,161,29,1,1,1,1
249,1,935,1094,306,52,1,1,1,1
249,2,2520,1069,40,23,1,1,1,1
250,0,387,1098,162,29,1,1,1,1
250,1,944,1094,305,52,1,1,1,1
250,2,2518,1069,42,23,1,1,1,1
251,0,377,1098,162,29,1,1,1,1
251,1,953,1094,304,52,1,1,1,1
251,2,2516,1069,44,23,1,1,1,1
252,0,366,1098,163,30,1,1,1,1
252,1,962,1094,302,52,1,1,1,1
252,2,2514,1069,46,23,1,1,1,1
253,0,356,1098,163,30,1,1,1,1
253,1,971,1094,301,52,1,1,1,1
253,2,2512,1069,48,23,1,1,1,1
254,0,346,1097,164,30,1,1,1,1
254,1,979,1094,301,52,1,1,1,1
254,2,2510,1069,50,23,1,1,1,1
255,0,336,1097,165,30,1,1,1,1
255,1,988,1094,300,52,1,1,1,1
255,2,2508,1069,52,23,1,1,1,1
256,0,326,1097,165,30,1,1,1,1
256,1,997,1093,299,52,1,1,1,1
256,2,2506,1069,54,23,1,1,1,1
257,0,316,1097,166,31,1,1,1,1
257,1,1005,1093,299,52,1,1,1,1
257,2,2504,1069,56,23,1,1,1,1
258,0,306,1096,166,31,1,1,1,1
258,1,1014,1093,298,52,1,1,1,1
258,2,2502,1069,58,23,1,1,1,1
259,0,296,1096,167,31,1,1,1,1
259,1,1022,1093,297,52,1,1,1,1
259,2,2500,1069,60,23,1,1,1,1
260,0,285,1096,168,31,1,1,1,1
260,1,1030,1093,297,52,1,1,1,1
260,2,2498,1069,62,23,1,1,1,1
261,0,275,1096,169,31,1,1,1,1
261,1,1039,1093,296,52,1,1,1,1
261,2,2496,1069,64,23,1,1,1,1
262,0,264,1096,169,31,1,1,1,1
262,1,1047,1092,295,52,1,1,1,1
262,2,2494,1068,66,24,1,1,1,1
263,0,254,1096,170,31,1,1,1,1
263,1,1055,1092,295,52,1,1,1,1
263,2,2492,1067,68,25,1,1,1,1
264,0,243,1096,171,31,1,1,1,1
264,1,1063,1092,294,52,1,1,1,1
264,2,2490,1067,70,26,1,1,1,1
265,0,233,1097,172,31,1,1,1,1
265,1,1071,1092,294,52,1,1,1,1
265,2,2488,1066,72,27,1,1,1,1
266,0,222,1097,172,30,1,1,1,1
266,1,1078,1092,294,52,1,1,1,1
266,2,2486,1065,74,28,1,1,1,1
267,0,211,1097,173,30,1,1,1,1
267,1,1086,1092,294,52,1,1,1,1
267,2,2484,1064,76,28,1,1,1,1
268,0,201,1097,174,30,1,1,1,1
268,1,1093,1092,294,52,1,1,1,1
268,2,2482,1063,78,29,1,1,1,1
269,0,190,1097,175,30,1,1,1,1
269,1,1101,1092,294,52,1,1,1,1
269,2,2480,1062,80,30,1,1,1,1
270,0,180,1097,175,30,1,1,1,1
270,1,1110,1092,291,52,1,1,1,1
270,2,2478,1062,82,31,1,1,1,1
271,0,169,1097,176,30,1,1,1,1
271,1,1119,1092,289,52,1,1,1,1
271,2,2476,1061,84,32,1,1,1,1
272,0,158,1097,177,30,1,1,1,1
272,1,1128,1092,286,52,1,1,1,1
272,2,2474,1060,86,33,1,1,1,1
273,0,147,1097,177,30,1,1,1,1
273,1,1136,1092,285,52,1,1,1,1
273,2,2472,1060,86,33,1,1,1,1
274,0,136,1096,178,30,1,1,1,1
274,1,1144,1092,284,52,1,1,1,1
274,2,2470,1061,86,33,1,1,1,1
275,0,125,1096,178,31,1,1,1,1
275,1,1151,1092,283,52,1,1,1,1
275,2,2468,1061,86,32,1,1,1,1
276,0,114,1096,179,31,1,1,1,1
276,1,1159,1092,282,52,1,1,1,1
276,2,2466,1061,87,32,1,1,1,1
277,0,103,1096,179,31,1,1,1,1
277,1,1167,1092,281,52,1,1,1,1
277,2,2464,1061,87,32,1,1,1,1
278,0,92,1096,180,31,1,1,1,1
278,1,1175,1091,280,52,1,1,1,1
278,2,2462,1062,87,32,1,1,1,1
279,0,81,1095,181,31,1,1,1,1
279,1,1183,1091,279,52,1,1,1,1
279,2,2460,1062,87,32,1,1,1,1
280,0,70,1095,181,31,1,1,1,1
280,1,1190,1091,278,52,1,1,1,1
280,2,2458,1062,87,32,1,1,1,1
281,0,59,1095,182,31,1,1,1,1
281,1,1198,1091,277,52,1,1,1,1
281,2,2456,1062,87,31,1,1,1,1
282,0,48,1095,182,32,1,1,1,1
282,1,1206,1091,276,52,1,1,1,1
282,2,2454,1063,87,31,1,1,1,1
283,0,37,1094,183,32,1,1,1,1
283,1,1213,1091,275,52,1,1,1,1
283,2,2452,1063,87,31,1,1,1,1
284,0,26,1094,183,32,1,1,1,1
284,1,1221,1091,275,52,1,1,1,1
284,2,2450,1063,88,31,1,1,1,1
284,3,2547,1072,13,21,1,1,1,1
285,0,15,1094,184,32,1,1,1,1
285,1,1228,1091,274,52,1,1,1,1
285,2,2448,1063,88,31,1,1,1,1
285,3,2544,1072,16,21,1,1,1,1
286,0,8,1095,180,31,1,1,1,1
286,1,1236,1091,274,52,1,1,1,1
286,2,2446,1064,88,30,1,1,1,1
286,3,2541,1071,19,22,1,1,1,1
287,0,0,1095,175,30,1,1,1,1
287,1,1243,1091,273,52,1,1,1,1
287,2,2444,1064,88,30,1,1,1,1
287,3,2538,1071,22,22,1,1,1,1
288,0,0,1095,164,30,1,1,1,1
288,1,1251,1091,273,52,1,1,1,1
288,2,2442,1064,88,30,1,1,1,1
288,3,2535,1071,25,22,1,1,1,1
289,0,0,1094,153,30,1,1,1,1
289,1,1258,1090,272,52,1,1,1,1
289,2,2439,1064,89,30,1,1,1,1
289,3,2532,1070,27,22,1,1,1,1
290,0,0,1094,142,31,1,1,1,1
290,1,1265,1090,271,52,1,1,1,1
290,2,2437,1065,89,29,1,1,1,1
290,3,2529,1070,30,23,1,1,1,1
291,0,0,1093,131,31,1,1,1,1
291,1,1273,1090,271,52,1,1,1,1
291,2,2434,1065,90,29,1,1,1,1
291,3,2526,1070,33,23,1,1,1,1
292,0,0,1093,121,31,1,1,1,1
292,1,1280,1090,270,52,1,1,1,1
292,2,2432,1065,90,29,1,1,1,1
292,3,2523,1069,36,23,1,1,1,1
293,0,0,1093,110,31,1,1,1,1
293,1,1288,1090,270,52,1,1,1,1
293,2,2429,1065,91,29,1,1,1,1
293,3,2520,1069,39,24,1,1,1,1
294,0,0,1092,99,31,1,1,1,1
294,1,1295,1090,269,52,1,1,1,1
294,2,2427,1066,91,28,1,1,1,1
294,3,2517,1068,42,24,1,1,1,1
295,0,0,1092,88,32,1,1,1,1
295,1,1302,1090,268,52,1,1,1,1
295,2,2424,1066,92,28,1,1,1,1
295,3,2514,1068,45,24,1,1,1,1
296,0,0,1091,77,32,1,1,1,1
296,1,1310,1090,266,52,1,1,1,1
296,2,2422,1066,92,28,1,1,1,1
296,3,2511,1068,48,25,1,1,1,1
297,0,0,1091,66,32,1,1,1,1
297,1,1317,1090,265,51,1,1,1,1
297,2,2420,1066,92,28,1,1,1,1
297,3,2508,1067,50,25,1,1,1,1
298,0,0,1091,55,33,1,1,1,1
298,1,1324,1090,263,51,1,1,1,1
298,2,2418,1066,91,28,1,1,1,1
298,3,2505,1067,53,25,1,1,1,1
299,0,0,1091,43,32,1,1,1,1
299,1,1332,1090,262,51,1,1,1,1
299,2,2416,1066,91,28,1,1,1,1
299,3,2502,1067,56,25,1,1,1,1
300,0,0,1096,31,26,1,1,1,1
300,1,1339,1090,260,51,1,1,1,1
300,2,2414,1066,91,28,1,1,1,1
300,3,2499,1066,59,26,1,1,1,1
301,0,0,1099,20,23,1,1,1,1
301,1,1346,1090,259,51,1,1,1,1
301,2,2412,1066,91,28,1,1,1,1
301,3,2496,1066,62,26,1,1,1,1
302,1,1354,1091,257,51,1,1,1,1
302,2,2410,1066,91,28,1,1,1,1
302,3,2493,1066,62,26,1,1,1,1
303,1,1361,1091,256,50,1,1,1,1
303,2,2408,1066,90,28,1,1,1,1
303,3,2489,1066,63,26,1,1,1,1
304,1,1368,1091,254,50,1,1,1,1
304,2,2406,1066,90,28,1,1,1,1
304,3,2486,1066,63,27,1,1,1,1
305,1,1375,1091,253,50,1,1,1,1
305,2,2404,1066,90,28,1,1,1,1
305,3,2482,1066,64,27,1,1,1,1
306,1,1383,1091,251,50,1,1,1,1
306,2,2402,1066,90,28,1,1,1,1
306,3,2479,1066,64,27,1,1,1,1
307,1,1390,1091,250,50,1,1,1,1
307,2,2400,1066,89,28,1,1,1,1
307,3,2475,1066,65,27,1,1,1,1
308,1,1397,1091,248,49,1,1,1,1
308,2,2398,1066,89,28,1,1,1,1
308,3,2472,1066,65,28,1,1,1,1
309,1,1405,1091,247,49,1,1,1,1
309,2,2396,1067,89,29,1,1,1,1
309,3,2468,1066,66,28,1,1,1,1
310,1,1412,1091,245,49,1,1,1,1
310,2,2393,1067,89,29,1,1,1,1
310,3,2465,1067,66,28,1,1,1,1
311,1,1418,1091,244,49,1,1,1,1
311,2,2391,1067,89,29,1,1,1,1
311,3,2461,1067,66,28,1,1,1,1
312,1,1425,1091,244,49,1,1,1,1
312,2,2389,1067,88,29,1,1,1,1
312,3,2458,1067,67,28,1,1,1,1
313,1,1431,1091,243,48,1,1,1,1
313,2,2387,1067,88,29,1,1,1,1
313,3,2454,1067,67,29,1,1,1,1
314,1,1438,1091,243,48,1,1,1,1
314,2,2385,1067,88,29,1,1,1,1
314,3,2451,1067,68,29,1,1,1,1
315,1,1444,1091,242,48,1,1,1,1
315,2,2383,1067,88,29,1,1,1,1
315,3,2447,1067,68,29,1,1,1,1
316,1,1451,1091,242,48,1,1,1,1
316,2,2381,1067,88,29,1,1,1,1
316,3,2444,1067,69,29,1,1,1,1
317,1,1457,1091,241,48,1,1,1,1
317,2,2379,1067,87,29,1,1,1,1
317,3,2440,1067,69,30,1,1,1,1
318,1,1464,1091,241,47,1,1,1,1
318,2,2377,1067,87,29,1,1,1,1
318,3,2437,1067,70,30,1,1,1,1
319,1,1470,1091,240,47,1,1,1,1
319,2,2375,1067,87,29,1,1,1,1
319,3,2433,1067,70,30,1,1,1,1
320,1,1477,1092,240,47,1,1,1,1
320,2,2373,1067,87,29,1,1,1,1
320,3,2430,1067,70,30,1,1,1,1
321,1,1483,1092,239,47,1,1,1,1
321,2,2371,1067,86,29,1,1,1,1
321,3,2426,1067,70,30,1,1,1,1
322,1,1489,1092,238,47,1,1,1,1
322,2,2369,1067,86,29,1,1,1,1
322,3,2423,1067,70,30,1,1,1,1
323,1,1496,1092,238,46,1,1,1,1
323,2,2367,1067,86,29,1,1,1,1
323,3,2419,1067,70,30,1,1,1,1
324,1,1502,1092,237,46,1,1,1,1
324,2,2356,1067,95,29,1,1,1,1
324,3,2416,1067,71,30,1,1,1,1
325,1,1509,1092,237,46,1,1,1,1
325,2,2354,1067,95,29,1,1,1,1
325,3,2412,1067,71,30,1,1,1,1
326,1,1515,1092,236,46,1,1,1,1
326,2,2351,1067,95,29,1,1,1,1
326,3,2409,1068,71,30,1,1,1,1
327,1,1522,1092,236,46,1,1,1,1
327,2,2349,1067,95,29,1,1,1,1
327,3,2406,1068,71,29,1,1,1,1
328,1,1528,1092,235,45,1,1,1,1
328,2,2347,1067,95,29,1,1,1,1
328,3,2402,1068,71,29,1,1,1,1
329,1,1535,1092,235,45,1,1,1,1
329,2,2345,1067,95,29,1,1,1,1
329,3,2399,1068,71,29,1,1,1,1
330,1,1541,1092,234,45,1,1,1,1
330,2,2342,1068,95,29,1,1,1,1
330,3,2395,1068,71,29,1,1,1,1
331,1,1547,1092,233,45,1,1,1,1
331,2,2340,1068,95,29,1,1,1,1
331,3,2392,1068,71,29,1,1,1,1
332,1,1552,1092,233,45,1,1,1,1
332,2,2338,1068,95,29,1,1,1,1
332,3,2388,1068,71,29,1,1,1,1
333,1,1558,1092,232,45,1,1,1,1
333,2,2336,1068,95,29,1,1,1,1
333,3,2385,1068,72,29,1,1,1,1
334,1,1564,1092,232,45,1,1,1,1
334,2,2333,1068,95,29,1,1,1,1
334,3,2382,1068,72,29,1,1,1,1
335,1,1569,1092,231,45,1,1,1,1
335,2,2331,1068,95,29,1,1,1,1
335,3,2378,1068,72,29,1,1,1,1
336,1,1575,1091,230,45,1,1,1,1
336,2,2329,1068,95,29,1,1,1,1
336,3,2375,1068,72,29,1,1,1,1
337,1,1581,1091,230,45,1,1,1,1
337,2,2326,1068,95,29,1,1,1,1
337,3,2371,1068,72,29,1,1,1,1
338,1,1586,1091,229,45,1,1,1,1
338,2,2324,1068,95,29,1,1,1,1
338,3,2368,1068,72,29,1,1,1,1
339,1,1592,1091,229,45,1,1,1,1
339,2,2321,1068,96,29,1,1,1,1
339,3,2364,1068,72,29,1,1,1,1
340,1,1598,1091,228,45,1,1,1,1
340,2,2319,1068,96,29,1,1,1,1
340,3,2361,1069,72,29,1,1,1,1
341,1,1604,1091,228,45,1,1,1,1
341,2,2316,1068,96,29,1,1,1,1
341,3,2358,1069,72,28,1,1,1,1
342,1,1609,1091,227,45,1,1,1,1
342,2,2314,1068,96,29,1,1,1,1
342,3,2354,1069,72,28,1,1,1,1
343,1,1615,1091,226,44,1,1,1,1
343,2,2312,1068,96,29,1,1,1,1
343,3,2351,1069,73,28,1,1,1,1
344,1,1621,1091,226,44,1,1,1,1
344,2,2309,1068,96,29,1,1,1,1
344,3,2347,1069,73,28,1,1,1,1
345,1,1626,1091,225,44,1,1,1,1
345,2,2307,1068,97,29,1,1,1,1
345,3,2344,1069,73,28,1,1,1,1
346,1,1632,1090,225,44,1,1,1,1
346,2,2304,1068,97,29,1,1,1,1
346,3,2340,1069,73,28,1,1,1,1
347,1,1638,1090,224,44,1,1,1,1
347,2,2302,1068,97,30,1,1,1,1
347,3,2337,1069,73,28,1,1,1,1
348,1,1643,1090,223,44,1,1,1,1
348,2,2299,1068,97,30,1,1,1,1
348,3,2332,1069,74,28,1,1,1,1
349,1,1649,1090,223,44,1,1,1,1
349,2,2297,1068,97,30,1,1,1,1
349,3,2328,1069,74,28,1,1,1,1
350,1,1655,1090,222,44,1,1,1,1
350,2,2294,1068,97,30,1,1,1,1
350,3,2323,1069,75,28,1,1,1,1
351,1,1660,1090,222,44,1,1,1,1
351,2,2292,1068,98,30,1,1,1,1
351,3,2318,1069,75,29,1,1,1,1
352,1,1666,1090,221,44,1,1,1,1
352,2,2289,1068,98,30,1,1,1,1
352,3,2314,1069,76,29,1,1,1,1
353,1,1672,1090,220,44,1,1,1,1
353,2,2287,1068,98,30,1,1,1,1
353,3,2309,1069,76,29,1,1,1,1
354,1,1677,1090,220,44,1,1,1,1
354,2,2284,1068,98,30,1,1,1,1
354,3,2304,1069,77,29,1,1,1,1
355,1,1683,1090,219,44,1,1,1,1
355,2,2282,1068,98,30,1,1,1,1
355,3,2300,1069,77,29,1,1,1,1
356,1,1689,1089,219,44,1,1,1,1
356,2,2280,1068,99,31,1,1,1,1
356,3,2295,1069,78,29,1,1,1,1
357,1,1695,1089,218,44,1,1,1,1
357,2,2277,1068,99,31,1,1,1,1
357,3,2290,1070,78,29,1,1,1,1
358,1,1700,1089,218,44,1,1,1,1
358,2,2275,1068,99,31,1,1,1,1
358,3,2286,1070,79,29,1,1,1,1
359,1,1706,1089,217,44,1,1,1,1
359,2,2272,1068,99,31,1,1,1,1
359,3,2281,1070,79,30,1,1,1,1
360,1,1712,1089,216,44,1,1,1,1
360,2,2270,1068,99,31,1,1,1,1
360,3,2276,1070,80,30,1,1,1,1
361,1,1717,1089,216,44,1,1,1,1
361,2,2267,1068,99,31,1,1,1,1
361,3,2272,1070,80,30,1,1,1,1
362,1,1723,1089,215,44,1,1,1,1
362,2,2265,1068,100,31,1,1,1,1
362,3,2267,1070,81,30,1,1,1,1
363,1,1729,1089,215,44,1,1,1,1
363,2,2262,1068,100,31,1,1,1,1
363,3,2262,1070,81,30,1,1,1,1
364,1,1734,1089,214,44,1,1,1,1
364,2,2260,1068,100,31,1,1,1,1
364,3,2258,1070,82,30,1,1,1,1
365,1,1740,1089,213,44,1,1,1,1
365,2,2257,1068,100,31,1,1,1,1
365,3,2253,1070,82,30,1,1,1,1
366,1,1746,1088,213,44,1,1,1,1
366,2,2255,1068,100,32,1,1,1,1
366,3,2248,1070,83,30,1,1,1,1
367,1,1751,1088,212,44,1,1,1,1
367,2,2252,1068,100,32,1,1,1,1
367,3,2244,1070,84,31,1,1,1,1
368,1,1757,1088,212,44,1,1,1,1
368,2,2250,1068,101,32,1,1,1,1
368,3,2239,1070,84,31,1,1,1,1
369,1,1763,1088,211,43,1,1,1,1
369,2,2247,1068,101,32,1,1,1,1
369,3,2234,1070,85,31,1,1,1,1
370,1,1768,1088,210,43,1,1,1,1
370,2,2245,1068,101,32,1,1,1,1
370,3,2229,1070,85,31,1,1,1,1
371,1,1774,1088,210,43,1,1,1,1
371,2,2241,1068,103,32,1,1,1,1
371,3,2225,1070,86,31,1,1,1,1
372,1,1780,1088,209,43,1,1,1,1
372,2,2236,1068,105,32,1,1,1,1
372,3,2220,1070,86,31,1,1,1,1
373,1,1786,1088,209,43,1,1,1,1
373,2,2232,1069,107,31,1,1,1,1
373,3,2215,1070,87,31,1,1,1,1
374,1,1791,1088,208,43,1,1,1,1
374,2,2228,1069,109,31,1,1,1,1
374,3,2211,1070,87,31,1,1,1,1
375,1,1797,1088,208,43,1,1,1,1
375,2,2223,1069,112,31,1,1,1,1
375,3,2206,1070,88,32,1,1,1,1
376,1,1803,1087,207,43,1,1,1,1
376,2,2219,1069,114,31,1,1,1,1
376,3,2201,1070,88,32,1,1,1,1
377,1,1808,1087,206,43,1,1,1,1
377,2,2215,1070,116,30,1,1,1,1
377,3,2197,1071,89,32,1,1,1,1
378,1,1814,1087,206,43,1,1,1,1
378,2,2210,1070,118,30,1,1,1,1
378,3,2192,1071,89,32,1,1,1,1
379,1,1820,1087,205,43,1,1,1,1
379,2,2206,1070,120,30,1,1,1,1
379,3,2187,1071,90,32,1,1,1,1
380,1,1825,1087,205,43,1,1,1,1
380,2,2204,1070,119,30,1,1,1,1
380,3,2183,1071,90,32,1,1,1,1
381,1,1831,1087,204,43,1,1,1,1
381,2,2203,1070,118,30,1,1,1,1
381,3,2178,1071,91,32,1,1,1,1
382,1,1836,1087,203,43,1,1,1,1
382,2,2201,1070,117,30,1,1,1,1
382,3,2173,1071,91,32,1,1,1,1
383,1,1841,1087,202,43,1,1,1,1
383,2,2200,1070,116,30,1,1,1,1
383,3,2169,1071,92,33,1,1,1,1
384,1,1847,1087,202,43,1,1,1,1
384,2,2198,1070,115,30,1,1,1,1
384,3,2164,1071,92,33,1,1,1,1
385,1,1852,1087,201,43,1,1,1,1
385,2,2195,1070,115,30,1,1,1,1
385,3,2159,1071,93,33,1,1,1,1
386,1,1857,1087,200,43,1,1,1,1
386,2,2192,1070,115,30,1,1,1,1
386,3,2155,1071,93,33,1,1,1,1
387,1,1862,1087,199,42,1,1,1,1
387,2,2190,1070,115,30,1,1,1,1
387,3,2150,1071,94,33,1,1,1,1
388,1,1867,1087,199,42,1,1,1,1
388,2,2187,1070,115,30,1,1,1,1
388,3,2145,1071,94,33,1,1,1,1
389,1,1872,1087,198,42,1,1,1,1
389,2,2184,1070,116,30,1,1,1,1
389,3,2140,1071,94,33,1,1,1,1
390,1,1878,1087,197,42,1,1,1,1
390,2,2181,1070,116,30,1,1,1,1
390,3,2135,1071,94,34,1,1,1,1
391,1,1883,1087,196,42,1,1,1,1
391,2,2179,1071,116,30,1,1,1,1
391,3,2130,1071,94,34,1,1,1,1
392,1,1888,1087,196,42,1,1,1,1
392,2,2176,1071,116,30,1,1,1,1
392,3,2125,1071,94,34,1,1,1,1
393,1,1893,1086,195,42,1,1,1,1
393,2,2173,1071,116,30,1,1,1,1
393,3,2120,1071,93,34,1,1,1,1
394,1,1898,1086,194,42,1,1,1,1
394,2,2170,1071,116,30,1,1,1,1
394,3,2115,1071,93,34,1,1,1,1
395,1,1904,1086,193,42,1,1,1,1
395,2,2167,1071,116,30,1,1,1,1
395,3,2110,1071,93,35,1,1,1,1
396,1,1909,1086,192,42,1,1,1,1
396,2,2165,1071,116,30,1,1,1,1
396,3,2105,1071,93,35,1,1,1,1
397,1,1914,1086,192,42,1,1,1,1
397,2,2162,1071,116,30,1,1,1,1
397,3,2100,1071,93,35,1,1,1,1
398,1,1919,1086,191,41,1,1,1,1
398,2,2159,1071,117,31,1,1,1,1
398,3,2094,1071,94,35,1,1,1,1
399,1,1924,1086,190,41,1,1,1,1
399,2,2156,1071,117,31,1,1,1,1
399,3,2088,1071,95,35,1,1,1,1
400,1,1929,1086,189,41,1,1,1,1
400,2,2153,1071,117,31,1,1,1,1
400,3,2082,1071,96,35,1,1,1,1
401,1,1935,1086,189,41,1,1,1,1
401,2,2151,1071,117,31,1,1,1,1
401,3,2076,1072,96,35,1,1,1,1
402,1,1940,1086,188,41,1,1,1,1
402,2,2148,1071,117,31,1,1,1,1
402,3,2071,1072,97,35,1,1,1,1
403,1,1945,1086,187,41,1,1,1,1
403,2,2145,1071,117,31,1,1,1,1
403,3,2065,1072,98,35,1,1,1,1
404,1,1950,1086,186,41,1,1,1,1
404,2,2142,1071,117,31,1,1,1,1
404,3,2059,1072,99,36,1,1,1,1
405,1,1955,1086,185,41,1,1,1,1
405,2,2140,1072,117,31,1,1,1,1
405,3,2053,1072,100,36,1,1,1,1
406,1,1960,1086,185,41,1,1,1,1
406,2,2137,1072,117,31,1,1,1,1
406,3,2047,1072,101,36,1,1,1,1
407,1,1964,1086,184,41,1,1,1,1
407,2,2134,1072,117,31,1,1,1,1
407,3,2041,1072,102,36,1,1,1,1
408,1,1969,1086,183,41,1,1,1,1
408,2,2131,1072,118,31,1,1,1,1
408,3,2035,1073,102,36,1,1,1,1
409,1,1974,1086,182,41,1,1,1,1
409,2,2128,1072,118,31,1,1,1,1
409,3,2029,1073,103,36,1,1,1,1
410,1,1979,1085,181,40,1,1,1,1
410,2,2126,1072,118,31,1,1,1,1
410,3,2023,1073,104,36,1,1,1,1
411,1,1984,1085,180,40,1,1,1,1
411,2,2123,1072,118,31,1,1,1,1
411,3,2018,1073,105,36,1,1,1,1
412,1,1989,1085,180,40,1,1,1,1
412,2,2120,1072,118,31,1,1,1,1
412,3,2012,1073,106,36,1,1,1,1
413,1,1993,1085,179,40,1,1,1,1
413,2,2117,1072,119,31,1,1,1,1
413,3,2006,1073,107,36,1,1,1,1
414,1,1998,1085,178,40,1,1,1,1
414,2,2113,1072,119,31,1,1,1,1
414,3,2000,1073,108,36,1,1,1,1
415,1,2003,1085,177,40,1,1,1,1
415,2,2110,1072,120,32,1,1,1,1
415,3,1994,1074,108,36,1,1,1,1
416,1,2008,1085,177,40,1,1,1,1
416,2,2106,1072,120,32,1,1,1,1
416,3,1988,1074,109,36,1,1,1,1
417,1,2012,1085,177,40,1,1,1,1
417,2,2103,1072,121,32,1,1,1,1
417,3,1982,1074,110,36,1,1,1,1
418,1,2017,1085,177,40,1,1,1,1
418,2,2099,1072,122,32,1,1,1,1
418,3,1976,1074,111,37,1,1,1,1
419,1,2021,1085,177,40,1,1,1,1
419,2,2096,1072,122,32,1,1,1,1
419,3,1970,1074,112,37,1,1,1,1
420,1,2026,1084,176,39,1,1,1,1
420,2,2092,1072,123,32,1,1,1,1
420,3,1964,1074,113,37,1,1,1,1
421,1,2030,1084,176,39,1,1,1,1
421,2,2089,1072,123,33,1,1,1,1
421,3,1959,1074,114,37,1,1,1,1
422,1,2035,1084,176,39,1,1,1,1
422,2,2085,1072,124,33,1,1,1,1
422,3,1953,1075,114,37,1,1,1,1
423,1,2039,1084,176,39,1,1,1,1
423,2,2082,1072,125,33,1,1,1,1
423,3,1947,1075,115,37,1,1,1,1
424,1,2043,1084,176,39,1,1,1,1
424,2,2078,1072,125,33,1,1,1,1
424,3,1941,1075,116,37,1,1,1,1
425,1,2048,1084,175,39,1,1,1,1
425,2,2075,1072,126,33,1,1,1,1
425,3,1935,1075,117,37,1,1,1,1
426,1,2052,1084,175,39,1,1,1,1
426,2,2071,1072,126,34,1,1,1,1
426,3,1929,1075,118,37,1,1,1,1
427,1,2057,1084,175,39,1,1,1,1
427,2,2068,1072,127,34,1,1,1,1
427,3,1922,1075,119,37,1,1,1,1
428,1,2061,1083,174,38,1,1,1,1
428,2,2064,1072,128,34,1,1,1,1
428,3,1916,1076,121,38,1,1,1,1
429,1,2065,1083,174,38,1,1,1,1
429,2,2061,1072,128,34,1,1,1,1
429,3,1909,1076,122,38,1,1,1,1
430,1,2070,1083,173,38,1,1,1,1
430,2,2057,1072,129,34,1,1,1,1
430,3,1903,1076,123,38,1,1,1,1
431,1,2074,1083,173,38,1,1,1,1
431,2,2054,1072,130,35,1,1,1,1
431,3,1896,1076,123,38,1,1,1,1
432,1,2078,1083,173,38,1,1,1,1
432,2,2051,1071,130,35,1,1,1,1
432,3,1889,1076,124,38,1,1,1,1
433,1,2082,1083,173,38,1,1,1,1
433,2,2047,1071,131,35,1,1,1,1
433,3,1883,1076,124,38,1,1,1,1
434,1,2087,1083,172,37,1,1,1,1
434,2,2044,1071,131,35,1,1,1,1
434,3,1876,1077,125,38,1,1,1,1
435,1,2091,1083,172,37,1,1,1,1
435,2,2040,1071,132,35,1,1,1,1
435,3,1869,1077,125,38,1,1,1,1
436,1,2095,1083,172,37,1,1,1,1
436,2,2037,1071,133,35,1,1,1,1
436,3,1862,1077,126,38,1,1,1,1
437,1,2099,1083,172,37,1,1,1,1
437,2,2033,1071,133,36,1,1,1,1
437,3,1856,1077,126,39,1,1,1,1
438,1,2104,1083,171,37,1,1,1,1
438,2,2030,1071,134,36,1,1,1,1
438,3,1849,1077,127,39,1,1,1,1
439,1,2108,1083,171,37,1,1,1,1
439,2,2026,1071,134,36,1,1,1,1
439,3,1842,1077,127,39,1,1,1,1
440,1,2112,1083,170,36,1,1,1,1
440,2,2023,1071,135,36,1,1,1,1
440,3,1835,1078,128,39,1,1,1,1
441,1,2116,1083,170,36,1,1,1,1
441,2,2019,1071,136,36,1,1,1,1
441,3,1829,1078,128,39,1,1,1,1
442,1,2121,1083,169,36,1,1,1,1
442,2,2016,1071,136,37,1,1,1,1
442,3,1822,1078,129,39,1,1,1,1
443,1,2125,1083,169,36,1,1,1,1
443,2,2012,1071,137,37,1,1,1,1
443,3,1815,1078,129,39,1,1,1,1
444,1,2129,1083,169,36,1,1,1,1
444,2,2009,1071,137,37,1,1,1,1
444,3,1808,1078,130,39,1,1,1,1
445,1,2134,1083,168,36,1,1,1,1
445,2,2005,1071,138,37,1,1,1,1
445,3,1800,1078,130,39,1,1,1,1
446,1,2138,1083,168,36,1,1,1,1
446,2,2002,1071,139,37,1,1,1,1
446,3,1793,1078,131,39,1,1,1,1
447,1,2142,1083,167,36,1,1,1,1
447,2,1998,1071,139,37,1,1,1,1
447,3,1785,1078,132,39,1,1,1,1
448,1,2146,1082,167,35,1,1,1,1
448,2,1995,1071,140,38,1,1,1,1
448,3,1778,1079,132,39,1,1,1,1
449,1,2151,1082,166,35,1,1,1,1
449,2,1991,1071,140,38,1,1,1,1
449,3,1770,1079,133,39,1,1,1,1
450,1,2155,1082,166,35,1,1,1,1
450,2,1988,1071,141,38,1,1,1,1
450,3,1763,1079,134,39,1,1,1,1
451,1,2159,1082,165,35,1,1,1,1
451,2,1984,1071,142,38,1,1,1,1
451,3,1755,1079,134,39,1,1,1,1
452,1,2163,1082,164,35,1,1,1,1
452,2,1980,1071,143,38,1,1,1,1
452,3,1748,1079,135,40,1,1,1,1
453,1,2167,1082,164,35,1,1,1,1
453,2,1976,1071,143,38,1,1,1,1
453,3,1740,1079,135,40,1,1,1,1
454,1,2171,1082,163,35,1,1,1,1
454,2,1972,1072,144,38,1,1,1,1
454,3,1733,1079,136,40,1,1,1,1
455,1,2175,1082,162,35,1,1,1,1
455,2,1968,1072,145,38,1,1,1,1
455,3,1725,1079,137,40,1,1,1,1
456,1,2179,1082,162,35,1,1,1,1
456,2,1964,1072,146,38,1,1,1,1
456,3,1718,1080,137,40,1,1,1,1
457,1,2183,1081,161,35,1,1,1,1
457,2,1960,1072,147,38,1,1,1,1
457,3,1710,1080,138,40,1,1,1,1
458,1,2187,1081,160,35,1,1,1,1
458,2,1956,1072,147,38,1,1,1,1
458,3,1703,1080,139,40,1,1,1,1
459,1,2192,1081,160,34,1,1,1,1
459,2,1952,1072,148,38,1,1,1,1
459,3,1695,1080,139,40,1,1,1,1
460,1,2196,1081,159,34,1,1,1,1
460,2,1948,1072,149,38,1,1,1,1
460,3,1688,1080,140,40,1,1,1,1
461,1,2200,1081,158,34,1,1,1,1
461,2,1944,1073,150,38,1,1,1,1
461,3,1680,1080,141,40,1,1,1,1
462,1,2204,1081,158,34,1,1,1,1
462,2,1940,1073,150,38,1,1,1,1
462,3,1672,1080,141,40,1,1,1,1
463,1,2208,1081,157,34,1,1,1,1
463,2,1936,1073,151,38,1,1,1,1
463,3,1664,1080,142,40,1,1,1,1
464,1,2212,1081,156,34,1,1,1,1
464,2,1932,1073,152,38,1,1,1,1
464,3,1656,1080,142,41,1,1,1,1
465,1,2216,1081,156,34,1,1,1,1
465,2,1928,1073,152,38,1,1,1,1
465,3,1647,1080,143,41,1,1,1,1
466,1,2220,1081,155,34,1,1,1,1
466,2,1924,1073,153,38,1,1,1,1
466,3,1639,1080,143,41,1,1,1,1
467,1,2224,1080,154,34,1,1,1,1
467,2,1919,1073,153,38,1,1,1,1
467,3,1631,1080,144,41,1,1,1,1
468,1,2228,1080,154,34,1,1,1,1
468,2,1915,1073,154,38,1,1,1,1
468,3,1623,1080,144,41,1,1,1,1
469,1,2232,1080,153,34,1,1,1,1
469,2,1911,1073,154,38,1,1,1,1
469,3,1614,1080,145,41,1,1,1,1
470,1,2236,1080,152,34,1,1,1,1
470,2,1907,1073,155,38,1,1,1,1
470,3,1606,1080,146,41,1,1,1,1
471,1,2240,1080,152,34,1,1,1,1
471,2,1903,1073,155,38,1,1,1,1
471,3,1597,1080,147,41,1,1,1,1
472,1,2244,1080,151,34,1,1,1,1
472,2,1898,1074,156,39,1,1,1,1
472,3,1588,1080,148,41,1,1,1,1
473,1,2248,1080,150,34,1,1,1,1
473,2,1894,1074,156,39,1,1,1,1
473,3,1579,1080,149,41,1,1,1,1
474,1,2253,1080,150,33,1,1,1,1
474,2,1890,1074,157,39,1,1,1,1
474,3,1571,1080,150,41,1,1,1,1
475,1,2257,1080,149,33,1,1,1,1
475,2,1886,1074,157,39,1,1,1,1
475,3,1562,1080,151,41,1,1,1,1
476,1,2261,1080,148,33,1,1,1,1
476,2,1882,1074,158,39,1,1,1,1
476,3,1553,1080,152,41,1,1,1,1
477,1,2265,1079,148,33,1,1,1,1
477,2,1877,1074,158,39,1,1,1,1
477,3,1545,1081,154,42,1,1,1,1
478,1,2269,1079,147,33,1,1,1,1
478,2,1873,1074,159,39,1,1,1,1
478,3,1536,1081,155,42,1,1,1,1
479,1,2273,1079,146,33,1,1,1,1
479,2,1869,1074,159,39,1,1,1,1
479,3,1527,1081,156,42,1,1,1,1
480,1,2277,1079,146,33,1,1,1,1
480,2,1865,1074,160,39,1,1,1,1
480,3,1518,1081,157,42,1,1,1,1
481,1,2281,1079,145,33,1,1,1,1
481,2,1860,1074,160,39,1,1,1,1
481,3,1510,1081,158,42,1,1,1,1
482,1,2285,1079,142,33,1,1,1,1
482,2,1856,1074,161,39,1,1,1,1
482,3,1501,1081,159,42,1,1,1,1
483,1,2289,1079,142,33,1,1,1,1
483,2,1852,1074,161,39,1,1,1,1
483,3,1492,1081,160,42,1,1,1,1
484,1,2292,1079,141,33,1,1,1,1
484,2,1848,1074,162,39,1,1,1,1
484,3,1483,1081,161,42,1,1,1,1
485,1,2296,1079,141,33,1,1,1,1
485,2,1844,1074,162,39,1,1,1,1
485,3,1475,1081,162,42,1,1,1,1
486,1,2299,1079,140,33,1,1,1,1
486,2,1839,1075,163,40,1,1,1,1
486,3,1466,1081,163,42,1,1,1,1
487,1,2303,1079,140,33,1,1,1,1
487,2,1835,1075,163,40,1,1,1,1
487,3,1456,1081,164,42,1,1,1,1
488,1,2307,1079,140,33,1,1,1,1
488,2,1831,1075,164,40,1,1,1,1
488,3,1446,1081,165,42,1,1,1,1
489,1,2310,1079,140,33,1,1,1,1
489,2,1827,1075,164,40,1,1,1,1
489,3,1436,1081,166,42,1,1,1,1
490,1,2314,1079,140,33,1,1,1,1
490,2,1823,1075,165,40,1,1,1,1
490,3,1426,1081,167,42,1,1,1,1
491,1,2317,1078,139,33,1,1,1,1
491,2,1818,1075,165,40,1,1,1,1
491,3,1417,1081,168,43,1,1,1,1
492,1,2321,1078,139,33,1,1,1,1
492,2,1814,1075,166,40,1,1,1,1
492,3,1407,1081,169,43,1,1,1,1
493,1,2324,1078,139,33,1,1,1,1
493,2,1810,1075,166,40,1,1,1,1
493,3,1397,1081,170,43,1,1,1,1
494,1,2327,1078,139,33,1,1,1,1
494,2,1805,1075,166,40,1,1,1,1
494,3,1387,1081,171,43,1,1,1,1
495,1,2330,1078,139,33,1,1,1,1
495,2,1801,1075,167,40,1,1,1,1
495,3,1377,1082,172,43,1,1,1,1
496,1,2334,1077,138,34,1,1,1,1
496,2,1796,1075,167,40,1,1,1,1
496,3,1367,1082,173,43,1,1,1,1
497,1,2337,1077,138,34,1,1,1,1
497,2,1792,1075,168,40,1,1,1,1
497,3,1357,1082,174,43,1,1,1,1
498,1,2340,1077,138,34,1,1,1,1
498,2,1787,1075,168,40,1,1,1,1
498,3,1347,1082,175,43,1,1,1,1
499,1,2343,1077,138,34,1,1,1,1
499,2,1782,1076,169,40,1,1,1,1
499,3,1338,1082,176,44,1,1,1,1
500,1,2346,1077,138,34,1,1,1,1
500,2,1778,1076,169,40,1,1,1,1
500,3,1328,1082,177,44,1,1,1,1
501,1,2349,1077,137,34,1,1,1,1
501,2,1773,1076,170,40,1,1,1,1
501,3,1318,1082,178,44,1,1,1,1
502,1,2353,1077,137,34,1,1,1,1
502,2,1768,1076,170,40,1,1,1,1
502,3,1308,1082,179,44,1,1,1,1
503,1,2356,1076,137,34,1,1,1,1
503,2,1764,1076,171,40,1,1,1,1
503,3,1298,1082,180,44,1,1,1,1
504,1,2359,1076,137,34,1,1,1,1
504,2,1759,1076,171,41,1,1,1,1
504,3,1287,1082,181,44,1,1,1,1
505,1,2362,1076,137,34,1,1,1,1
505,2,1755,1076,172,41,1,1,1,1
505,3,1277,1082,182,44,1,1,1,1
506,1,2365,1076,136,34,1,1,1,1
506,2,1750,1076,172,41,1,1,1,1
506,3,1266,1082,183,45,1,1,1,1
507,1,2368,1076,136,34,1,1,1,1
507,2,1745,1076,173,41,1,1,1,1
507,3,1256,1082,184,45,1,1,1,1
508,1,2372,1076,136,34,1,1,1,1
508,2,1741,1076,173,41,1,1,1,1
508,3,1245,1082,185,45,1,1,1,1
509,1,2375,1076,136,34,1,1,1,1
509,2,1736,1077,174,41,1,1,1,1
509,3,1234,1082,186,45,1,1,1,1
510,1,2378,1076,136,34,1,1,1,1
510,2,1731,1077,174,41,1,1,1,1
510,3,1223,1082,186,45,1,1,1,1
511,1,2381,1076,136,34,1,1,1,1
511,2,1727,1077,175,41,1,1,1,1
511,3,1212,1082,187,45,1,1,1,1
512,1,2384,1075,135,33,1,1,1,1
512,2,1722,1077,175,41,1,1,1,1
512,3,1202,1082,187,46,1,1,1,1
513,1,2387,1075,135,33,1,1,1,1
513,2,1718,1077,176,41,1,1,1,1
513,3,1191,1082,188,46,1,1,1,1
514,1,2390,1075,135,33,1,1,1,1
514,2,1713,1077,176,41,1,1,1,1
514,3,1180,1082,188,46,1,1,1,1
515,1,2394,1075,135,33,1,1,1,1
515,2,1708,1077,177,41,1,1,1,1
515,3,1169,1083,189,46,1,1,1,1
516,1,2397,1075,135,33,1,1,1,1
516,2,1703,1077,177,41,1,1,1,1
516,3,1158,1083,190,46,1,1,1,1
517,1,2400,1075,134,33,1,1,1,1
517,2,1697,1077,178,41,1,1,1,1
517,3,1147,1083,190,46,1,1,1,1
518,1,2403,1075,134,33,1,1,1,1
518,2,1692,1077,179,41,1,1,1,1
518,3,1136,1083,191,46,1,1,1,1
519,1,2406,1075,134,33,1,1,1,1
519,2,1687,1077,180,41,1,1,1,1
519,3,1126,1083,191,47,1,1,1,1
520,1,2409,1074,134,33,1,1,1,1
520,2,1682,1077,180,41,1,1,1,1
520,3,1115,1083,192,47,1,1,1,1
521,1,2413,1074,134,33,1,1,1,1
521,2,1677,1077,181,41,1,1,1,1
521,3,1104,1083,192,47,1,1,1,1
522,1,2416,1074,133,33,1,1,1,1
522,2,1672,1077,182,41,1,1,1,1
522,3,1093,1083,193,47,1,1,1,1
523,1,2419,1074,133,33,1,1,1,1
523,2,1666,1078,182,41,1,1,1,1
523,3,1081,1083,195,47,1,1,1,1
524,1,2422,1074,133,33,1,1,1,1
524,2,1661,1078,183,41,1,1,1,1
524,3,1069,1083,197,47,1,1,1,1
525,1,2425,1074,131,33,1,1,1,1
525,2,1656,1078,184,41,1,1,1,1
525,3,1057,1083,199,47,1,1,1,1
526,1,2428,1074,129,34,1,1,1,1
526,2,1651,1078,184,41,1,1,1,1
526,3,1045,1083,201,47,1,1,1,1
527,1,2431,1074,127,34,1,1,1,1
527,2,1646,1078,185,41,1,1,1,1
527,3,1033,1083,202,47,1,1,1,1
528,1,2434,1074,125,34,1,1,1,1
528,2,1641,1078,186,41,1,1,1,1
528,3,1020,1083,204,47,1,1,1,1
529,1,2437,1074,122,34,1,1,1,1
529,2,1635,1078,187,41,1,1,1,1
529,3,1008,1083,205,47,1,1,1,1
530,1,2440,1074,119,34,1,1,1,1
530,2,1630,1078,187,41,1,1,1,1
530,3,995,1083,207,47,1,1,1,1
531,1,2443,1074,116,34,1,1,1,1
531,2,1625,1078,188,41,1,1,1,1
531,3,983,1083,208,48,1,1,1,1
532,1,2446,1074,113,34,1,1,1,1
532,2,1619,1078,189,41,1,1,1,1
532,3,970,1083,209,48,1,1,1,1
533,1,2449,1074,110,34,1,1,1,1
533,2,1614,1078,190,41,1,1,1,1
533,3,958,1083,211,48,1,1,1,1
534,1,2452,1073,107,34,1,1,1,1
534,2,1608,1078,191,41,1,1,1,1
534,3,945,1083,212,48,1,1,1,1
535,1,2455,1073,104,34,1,1,1,1
535,2,1602,1078,192,41,1,1,1,1
535,3,933,1083,214,48,1,1,1,1
536,1,2458,1073,101,34,1,1,1,1
536,2,1597,1078,193,41,1,1,1,1
536,3,920,1083,215,48,1,1,1,1
537,1,2461,1073,98,34,1,1,1,1
537,2,1591,1078,194,41,1,1,1,1
537,3,908,1083,216,48,1,1,1,1
538,1,2464,1073,95,34,1,1,1,1
538,2,1585,1079,194,41,1,1,1,1
538,3,895,1083,218,48,1,1,1,1
539,1,2468,1073,92,33,1,1,1,1
539,2,1580,1079,195,41,1,1,1,1
539,3,883,1083,219,48,1,1,1,1
540,1,2471,1073,89,33,1,1,1,1
540,2,1574,1079,196,41,1,1,1,1
540,3,870,1083,220,49,1,1,1,1
541,1,2474,1073,86,33,1,1,1,1
541,2,1568,1079,197,41,1,1,1,1
541,3,858,1083,222,49,1,1,1,1
542,1,2477,1073,83,33,1,1,1,1
542,2,1563,1079,198,41,1,1,1,1
542,3,845,1083,223,49,1,1,1,1
543,1,2480,1073,80,33,1,1,1,1
543,2,1557,1079,199,41,1,1,1,1
543,3,833,1083,225,49,1,1,1,1
544,1,2483,1072,77,33,1,1,1,1
544,2,1552,1079,200,41,1,1,1,1
544,3,820,1083,226,49,1,1,1,1
545,1,2486,1072,74,33,1,1,1,1
545,2,1546,1079,201,41,1,1,1,1
545,3,807,1083,226,49,1,1,1,1
546,1,2489,1072,71,33,1,1,1,1
546,2,1540,1079,202,41,1,1,1,1
546,3,795,1082,225,50,1,1,1,1
547,1,2492,1072,68,33,1,1,1,1
547,2,1535,1079,203,41,1,1,1,1
547,3,782,1082,225,50,1,1,1,1
548,1,2495,1072,65,33,1,1,1,1
548,2,1529,1079,204,41,1,1,1,1
548,3,768,1082,226,50,1,1,1,1
549,1,2498,1072,62,33,1,1,1,1
549,2,1523,1079,205,41,1,1,1,1
549,3,754,1082,227,50,1,1,1,1
550,1,2501,1072,59,33,1,1,1,1
550,2,1518,1079,206,41,1,1,1,1
550,3,741,1082,228,50,1,1,1,1
551,1,2504,1072,56,33,1,1,1,1
551,2,1512,1080,206,41,1,1,1,1
551,3,727,1081,229,51,1,1,1,1
552,1,2507,1071,53,34,1,1,1,1
552,2,1506,1080,207,41,1,1,1,1
552,3,713,1081,230,51,1,1,1,1
553,1,2510,1071,50,34,1,1,1,1
553,2,1501,1080,208,41,1,1,1,1
553,3,699,1081,231,51,1,1,1,1
554,1,2513,1071,47,34,1,1,1,1
554,2,1495,1080,209,41,1,1,1,1
554,3,686,1081,232,51,1,1,1,1
555,1,2515,1071,45,34,1,1,1,1
555,2,1489,1080,210,41,1,1,1,1
555,3,672,1081,232,51,1,1,1,1
556,1,2518,1071,42,34,1,1,1,1
556,2,1484,1080,211,41,1,1,1,1
556,3,658,1081,233,51,1,1,1,1
557,1,2521,1071,39,34,1,1,1,1
557,2,1478,1080,212,41,1,1,1,1
557,3,644,1081,234,51,1,1,1,1
558,1,2524,1070,36,35,1,1,1,1
558,2,1472,1080,213,41,1,1,1,1
558,3,630,1080,235,52,1,1,1,1
559,1,2527,1070,33,35,1,1,1,1
559,2,1466,1080,213,41,1,1,1,1
559,3,617,1080,236,52,1,1,1,1
560,1,2530,1070,30,35,1,1,1,1
560,2,1460,1080,214,41,1,1,1,1
560,3,603,1080,237,52,1,1,1,1
561,1,2532,1071,28,34,1,1,1,1
561,2,1454,1080,214,42,1,1,1,1
561,3,589,1080,238,52,1,1,1,1
561,4,2517,1073,43,20,1,1,1,1
562,1,2535,1072,25,32,1,1,1,1
562,2,1448,1080,215,42,1,1,1,1
562,3,575,1080,239,52,1,1,1,1
562,4,2515,1073,45,20,1,1,1,1
563,1,2537,1074,23,31,1,1,1,1
563,2,1441,1080,215,42,1,1,1,1
563,3,560,1080,241,52,1,1,1,1
563,4,2512,1073,48,20,1,1,1,1
564,1,2539,1075,21,29,1,1,1,1
564,2,1435,1080,216,42,1,1,1,1
564,3,546,1080,242,52,1,1,1,1
564,4,2510,1073,50,20,1,1,1,1
565,1,2542,1076,18,28,1,1,1,1
565,2,1429,1080,216,42,1,1,1,1
565,3,532,1079,243,53,1,1,1,1
565,4,2508,1073,52,20,1,1,1,1
566,1,2544,1077,16,26,1,1,1,1
566,2,1423,1080,217,42,1,1,1,1
566,3,518,1079,244,53,1,1,1,1
566,4,2505,1073,55,20,1,1,1,1
567,2,1417,1080,217,43,1,1,1,1
567,3,503,1079,246,53,1,1,1,1
567,4,2503,1073,57,20,1,1,1,1
568,2,1411,1079,218,43,1,1,1,1
568,3,489,1079,247,53,1,1,1,1
568,4,2501,1074,60,21,1,1,1,1
569,2,1405,1079,218,43,1,1,1,1
569,3,473,1079,248,53,1,1,1,1
569,4,2498,1074,62,21,1,1,1,1
570,2,1399,1079,219,43,1,1,1,1
570,3,458,1079,249,53,1,1,1,1
570,4,2496,1074,64,21,1,1,1,1
571,2,1393,1079,219,43,1,1,1,1
571,3,442,1078,250,54,1,1,1,1
571,4,2493,1074,67,21,1,1,1,1
572,2,1387,1079,220,43,1,1,1,1
572,3,427,1078,251,54,1,1,1,1
572,4,2491,1074,69,21,1,1,1,1
573,2,1380,1079,220,43,1,1,1,1
573,3,411,1078,252,54,1,1,1,1
573,4,2489,1074,71,21,1,1,1,1
574,2,1374,1079,221,44,1,1,1,1
574,3,395,1078,253,54,1,1,1,1
574,4,2486,1074,74,21,1,1,1,1
575,2,1368,1079,221,44,1,1,1,1
575,3,380,1078,254,54,1,1,1,1
575,4,2484,1074,76,21,1,1,1,1
576,2,1362,1079,222,44,1,1,1,1
576,3,364,1077,255,55,1,1,1,1
576,4,2482,1068,80,28,1,1,1,1
577,2,1356,1079,222,44,1,1,1,1
577,3,349,1077,256,55,1,1,1,1
577,4,2479,1061,83,34,1,1,1,1
578,2,1349,1079,224,44,1,1,1,1
578,3,333,1077,257,55,1,1,1,1
578,4,2477,1061,85,34,1,1,1,1
579,2,1342,1079,225,44,1,1,1,1
579,3,317,1077,258,55,1,1,1,1
579,4,2474,1061,88,34,1,1,1,1
580,2,1335,1079,226,44,1,1,1,1
580,3,302,1077,259,55,1,1,1,1
580,4,2472,1061,90,34,1,1,1,1
581,2,1329,1079,227,44,1,1,1,1
581,3,286,1076,260,56,1,1,1,1
581,4,2469,1061,93,34,1,1,1,1
582,2,1322,1079,228,44,1,1,1,1
582,3,271,1076,261,56,1,1,1,1
582,4,2467,1061,95,34,1,1,1,1
583,2,1315,1079,229,44,1,1,1,1
583,3,255,1076,262,56,1,1,1,1
583,4,2464,1061,98,34,1,1,1,1
584,2,1309,1079,230,45,1,1,1,1
584,3,239,1076,263,56,1,1,1,1
584,4,2462,1061,100,34,1,1,1,1
585,2,1302,1079,231,45,1,1,1,1
585,3,224,1076,264,56,1,1,1,1
585,4,2460,1061,102,34,1,1,1,1
586,2,1295,1079,232,45,1,1,1,1
586,3,208,1075,265,57,1,1,1,1
586,4,2457,1061,103,34,1,1,1,1
587,2,1289,1079,233,45,1,1,1,1
587,3,193,1075,266,57,1,1,1,1
587,4,2455,1061,105,34,1,1,1,1
588,2,1282,1079,235,45,1,1,1,1
588,3,177,1075,267,57,1,1,1,1
588,4,2453,1061,107,35,1,1,1,1
589,2,1276,1079,236,45,1,1,1,1
589,3,160,1075,271,57,1,1,1,1
589,4,2450,1060,108,35,1,1,1,1
590,2,1269,1079,237,45,1,1,1,1
590,3,142,1074,274,58,1,1,1,1
590,4,2448,1060,110,35,1,1,1,1
591,2,1262,1079,238,45,1,1,1,1
591,3,125,1074,278,58,1,1,1,1
591,4,2445,1060,111,35,1,1,1,1
592,2,1256,1079,239,46,1,1,1,1
592,3,108,1074,279,58,1,1,1,1
592,4,2443,1060,113,35,1,1,1,1
593,2,1249,1079,240,46,1,1,1,1
593,3,92,1074,279,58,1,1,1,1
593,4,2440,1060,113,35,1,1,1,1
594,2,1242,1079,241,46,1,1,1,1
594,3,75,1074,280,58,1,1,1,1
594,4,2438,1060,114,35,1,1,1,1
595,2,1236,1079,242,46,1,1,1,1
595,3,58,1073,280,57,1,1,1,1
595,4,2435,1060,114,35,1,1,1,1
596,2,1229,1079,243,46,1,1,1,1
596,3,41,1073,281,57,1,1,1,1
596,4,2433,1060,114,35,1,1,1,1
597,2,1222,1079,244,46,1,1,1,1
597,3,25,1073,281,57,1,1,1,1
597,4,2430,1060,114,35,1,1,1,1
598,2,1215,1079,245,46,1,1,1,1
598,3,8,1073,282,57,1,1,1,1
598,4,2428,1060,115,35,1,1,1,1
599,2,1208,1079,245,46,1,1,1,1
599,3,0,1073,274,57,1,1,1,1
599,4,2425,1061,115,35,1,1,1,1
600,2,1201,1079,246,46,1,1,1,1
600,3,0,1073,258,57,1,1,1,1
600,4,2422,1061,115,35,1,1,1,1
601,2,1193,1079,247,47,1,1,1,1
601,3,0,1073,242,57,1,1,1,1
601,4,2420,1061,115,35,1,1,1,1
602,2,1186,1079,248,47,1,1,1,1
602,3,0,1072,225,57,1,1,1,1
602,4,2417,1061,116,35,1,1,1,1
603,2,1179,1079,248,47,1,1,1,1
603,3,0,1072,209,57,1,1,1,1
603,4,2415,1061,116,35,1,1,1,1
604,2,1172,1079,249,47,1,1,1,1
604,3,0,1072,192,57,1,1,1,1
604,4,2412,1061,116,35,1,1,1,1
605,2,1165,1079,250,47,1,1,1,1
605,3,0,1072,176,57,1,1,1,1
605,4,2410,1061,116,35,1,1,1,1
606,2,1158,1079,251,47,1,1,1,1
606,3,0,1071,159,56,1,1,1,1
606,4,2407,1061,117,35,1,1,1,1
607,2,1150,1079,251,47,1,1,1,1
607,3,0,1071,142,56,1,1,1,1
607,4,2405,1061,117,35,1,1,1,1
608,2,1143,1079,252,47,1,1,1,1
608,3,0,1071,125,56,1,1,1,1
608,4,2402,1061,117,35,1,1,1,1
609,2,1136,1080,253,47,1,1,1,1
609,3,0,1071,109,56,1,1,1,1
609,4,2399,1061,117,35,1,1,1,1
610,2,1128,1080,254,47,1,1,1,1
610,3,0,1070,92,55,1,1,1,1
610,4,2397,1061,118,35,1,1,1,1
611,2,1121,1080,254,47,1,1,1,1
611,3,0,1070,75,55,1,1,1,1
611,4,2394,1061,118,35,1,1,1,1
612,2,1114,1080,255,47,1,1,1,1
612,3,0,1071,58,55,1,1,1,1
612,4,2392,1062,118,35,1,1,1,1
613,2,1106,1080,256,46,1,1,1,1
613,3,0,1073,40,54,1,1,1,1
613,4,2389,1062,119,35,1,1,1,1
614,2,1099,1080,256,46,1,1,1,1
614,3,0,1074,23,54,1,1,1,1
614,4,2387,1062,119,35,1,1,1,1
615,2,1091,1080,257,46,1,1,1,1
615,4,2384,1062,119,35,1,1,1,1
616,2,1084,1081,258,46,1,1,1,1
616,4,2381,1062,119,35,1,1,1,1
617,2,1077,1081,259,46,1,1,1,1
617,4,2379,1062,120,35,1,1,1,1
618,2,1069,1081,259,46,1,1,1,1
618,4,2376,1062,120,35,1,1,1,1
619,2,1062,1081,260,46,1,1,1,1
619,4,2374,1062,120,35,1,1,1,1
620,2,1054,1081,261,46,1,1,1,1
620,4,2371,1062,120,35,1,1,1,1
621,2,1046,1081,263,46,1,1,1,1
621,4,2369,1062,121,35,1,1,1,1
622,2,1038,1082,264,46,1,1,1,1
622,4,2366,1062,121,35,1,1,1,1
623,2,1030,1082,266,46,1,1,1,1
623,4,2363,1062,121,35,1,1,1,1
624,2,1022,1082,267,46,1,1,1,1
624,4,2361,1062,121,35,1,1,1,1
625,2,1014,1082,269,46,1,1,1,1
625,4,2358,1062,122,35,1,1,1,1
626,2,1006,1083,270,46,1,1,1,1
626,4,2356,1063,122,35,1,1,1,1
627,2,998,1083,272,46,1,1,1,1
627,4,2353,1063,122,35,1,1,1,1
628,2,990,1083,273,46,1,1,1,1
628,4,2351,1063,123,35,1,1,1,1
629,2,982,1083,274,46,1,1,1,1
629,4,2348,1063,123,35,1,1,1,1
630,2,975,1083,274,46,1,1,1,1
630,4,2345,1063,123,35,1,1,1,1
631,2,967,1083,275,46,1,1,1,1
631,4,2343,1063,123,35,1,1,1,1
632,2,959,1083,275,46,1,1,1,1
632,4,2340,1063,124,35,1,1,1,1
633,2,951,1083,276,46,1,1,1,1
633,4,2338,1063,124,35,1,1,1,1
634,2,942,1083,277,46,1,1,1,1
634,4,2335,1063,124,35,1,1,1,1
635,2,934,1083,278,46,1,1,1,1
635,4,2333,1063,124,35,1,1,1,1
636,2,926,1083,280,47,1,1,1,1
636,4,2330,1063,125,35,1,1,1,1
637,2,917,1083,281,47,1,1,1,1
637,4,2328,1063,125,35,1,1,1,1
638,2,909,1083,282,47,1,1,1,1
638,4,2325,1063,125,35,1,1,1,1
639,2,900,1083,283,47,1,1,1,1
639,4,2322,1064,125,35,1,1,1,1
640,2,892,1083,284,47,1,1,1,1
640,4,2320,1064,126,35,1,1,1,1
641,2,884,1082,285,47,1,1,1,1
641,4,2317,1064,126,35,1,1,1,1
642,2,875,1082,286,47,1,1,1,1
642,4,2315,1064,126,35,1,1,1,1
643,2,867,1082,287,47,1,1,1,1
643,4,2312,1064,126,35,1,1,1,1
644,2,859,1082,289,48,1,1,1,1
644,4,2310,1064,127,35,1,1,1,1
645,2,850,1082,290,48,1,1,1,1
645,4,2307,1064,127,35,1,1,1,1
646,2,842,1082,291,48,1,1,1,1
646,4,2304,1064,127,35,1,1,1,1
647,2,833,1082,292,48,1,1,1,1
647,4,2301,1064,128,35,1,1,1,1
648,2,825,1082,293,48,1,1,1,1
648,4,2298,1064,128,35,1,1,1,1
649,2,818,1082,292,48,1,1,1,1
649,4,2295,1064,128,35,1,1,1,1
650,2,809,1082,293,48,1,1,1,1
650,4,2291,1064,129,35,1,1,1,1
651,2,800,1082,294,48,1,1,1,1
651,4,2288,1064,129,35,1,1,1,1
652,2,792,1082,295,48,1,1,1,1
652,4,2285,1064,129,35,1,1,1,1
653,2,783,1082,296,48,1,1,1,1
653,4,2282,1065,129,35,1,1,1,1
654,2,774,1082,297,49,1,1,1,1
654,4,2279,1065,130,35,1,1,1,1
655,2,765,1082,298,49,1,1,1,1
655,4,2276,1065,130,35,1,1,1,1
656,2,756,1082,299,49,1,1,1,1
656,4,2273,1065,130,35,1,1,1,1
657,2,748,1082,300,49,1,1,1,1
657,4,2270,1065,131,36,1,1,1,1
658,2,739,1082,301,49,1,1,1,1
658,4,2267,1065,131,36,1,1,1,1
659,2,730,1082,302,49,1,1,1,1
659,4,2263,1065,131,36,1,1,1,1
660,2,721,1082,304,49,1,1,1,1
660,4,2260,1065,132,36,1,1,1,1
661,2,712,1082,305,49,1,1,1,1
661,4,2257,1065,132,36,1,1,1,1
662,2,703,1082,307,49,1,1,1,1
662,4,2254,1065,132,36,1,1,1,1
663,2,694,1082,308,49,1,1,1,1
663,4,2251,1065,132,36,1,1,1,1
664,2,685,1082,310,49,1,1,1,1
664,4,2248,1065,133,36,1,1,1,1
665,2,675,1082,311,49,1,1,1,1
665,4,2245,1065,133,36,1,1,1,1
666,2,666,1082,312,49,1,1,1,1
666,4,2242,1065,133,36,1,1,1,1
667,2,656,1082,314,49,1,1,1,1
667,4,2239,1065,134,36,1,1,1,1
668,2,647,1082,315,49,1,1,1,1
668,4,2236,1066,134,36,1,1,1,1
669,2,637,1081,316,49,1,1,1,1
669,4,2232,1066,134,36,1,1,1,1
670,2,628,1081,317,49,1,1,1,1
670,4,2229,1066,135,36,1,1,1,1
671,2,618,1081,318,49,1,1,1,1
671,4,2226,1066,135,36,1,1,1,1
672,2,609,1081,319,49,1,1,1,1
672,4,2223,1066,135,36,1,1,1,1
673,2,599,1081,321,50,1,1,1,1
673,4,2220,1066,136,36,1,1,1,1
674,2,589,1081,322,50,1,1,1,1
674,4,2217,1066,136,36,1,1,1,1
675,2,580,1081,323,50,1,1,1,1
675,4,2214,1066,136,36,1,1,1,1
676,2,570,1081,324,50,1,1,1,1
676,4,2211,1066,136,36,1,1,1,1
677,2,561,1081,325,50,1,1,1,1
677,4,2208,1066,137,36,1,1,1,1
678,2,551,1080,326,50,1,1,1,1
678,4,2204,1066,137,36,1,1,1,1
679,2,542,1080,328,50,1,1,1,1
679,4,2201,1066,137,36,1,1,1,1
680,2,532,1080,329,50,1,1,1,1
680,4,2198,1066,138,37,1,1,1,1
681,2,523,1080,330,50,1,1,1,1
681,4,2195,1066,138,37,1,1,1,1
682,2,513,1080,331,50,1,1,1,1
682,4,2192,1066,138,37,1,1,1,1
683,2,503,1080,332,50,1,1,1,1
683,4,2189,1066,139,37,1,1,1,1
684,2,493,1080,333,50,1,1,1,1
684,4,2186,1067,139,37,1,1,1,1
685,2,483,1080,333,50,1,1,1,1
685,4,2183,1067,139,37,1,1,1,1
686,2,473,1080,334,50,1,1,1,1
686,4,2180,1067,139,37,1,1,1,1
687,2,463,1080,335,50,1,1,1,1
687,4,2176,1067,140,37,1,1,1,1
688,2,453,1080,335,50,1,1,1,1
688,4,2173,1067,140,37,1,1,1,1
689,2,443,1080,334,50,1,1,1,1
689,4,2170,1067,140,37,1,1,1,1
690,2,433,1079,334,50,1,1,1,1
690,4,2167,1067,141,37,1,1,1,1
691,2,423,1079,333,50,1,1,1,1
691,4,2164,1067,141,37,1,1,1,1
692,2,413,1079,333,50,1,1,1,1
692,4,2161,1067,141,37,1,1,1,1
693,2,403,1079,334,50,1,1,1,1
693,4,2157,1067,141,37,1,1,1,1
694,2,393,1079,336,50,1,1,1,1
694,4,2154,1067,142,37,1,1,1,1
695,2,382,1079,337,50,1,1,1,1
695,4,2151,1067,142,37,1,1,1,1
696,2,372,1079,338,50,1,1,1,1
696,4,2147,1067,142,37,1,1,1,1
697,2,362,1079,339,50,1,1,1,1
697,4,2144,1068,142,37,1,1,1,1
698,2,352,1078,341,51,1,1,1,1
698,4,2141,1068,143,37,1,1,1,1
699,2,342,1078,342,51,1,1,1,1
699,4,2137,1068,143,37,1,1,1,1
700,2,332,1078,343,51,1,1,1,1
700,4,2134,1068,143,37,1,1,1,1
701,2,321,1078,344,51,1,1,1,1
701,4,2131,1068,143,37,1,1,1,1
702,2,311,1078,346,51,1,1,1,1
702,4,2127,1068,144,37,1,1,1,1
703,2,301,1078,347,51,1,1,1,1
703,4,2124,1068,144,37,1,1,1,1
704,2,290,1078,349,51,1,1,1,1
704,4,2121,1068,144,37,1,1,1,1
705,2,280,1078,350,51,1,1,1,1
705,4,2117,1068,144,37,1,1,1,1
706,2,269,1078,352,51,1,1,1,1
706,4,2114,1068,144,37,1,1,1,1
707,2,258,1077,354,51,1,1,1,1
707,4,2111,1068,145,37,1,1,1,1
708,2,247,1077,356,51,1,1,1,1
708,4,2107,1068,145,37,1,1,1,1
709,2,237,1077,357,51,1,1,1,1
709,4,2104,1069,145,38,1,1,1,1
710,2,226,1077,359,51,1,1,1,1
710,4,2100,1069,145,38,1,1,1,1
711,2,215,1077,360,51,1,1,1,1
711,4,2097,1069,146,38,1,1,1,1
712,2,204,1076,360,52,1,1,1,1
712,4,2094,1069,146,38,1,1,1,1
713,2,194,1076,361,52,1,1,1,1
713,4,2090,1069,146,38,1,1,1,1
714,2,183,1076,362,52,1,1,1,1
714,4,2087,1069,146,38,1,1,1,1
715,2,172,1076,363,53,1,1,1,1
715,4,2084,1069,146,38,1,1,1,1
716,2,161,1075,363,53,1,1,1,1
716,4,2080,1069,147,38,1,1,1,1
717,2,151,1075,364,53,1,1,1,1
717,4,2077,1069,147,38,1,1,1,1
718,2,140,1075,365,54,1,1,1,1
718,4,2074,1069,147,38,1,1,1,1
719,2,129,1074,365,54,1,1,1,1
719,4,2070,1069,147,38,1,1,1,1
720,2,118,1074,366,54,1,1,1,1
720,4,2067,1069,148,38,1,1,1,1
721,2,108,1074,367,55,1,1,1,1
721,4,2064,1070,148,38,1,1,1,1
722,2,97,1074,368,55,1,1,1,1
722,4,2060,1070,148,38,1,1,1,1
723,2,86,1073,368,55,1,1,1,1
723,4,2057,1070,148,38,1,1,1,1
724,2,75,1073,369,56,1,1,1,1
724,4,2054,1070,149,38,1,1,1,1
725,2,65,1073,370,56,1,1,1,1
725,4,2050,1070,149,38,1,1,1,1
726,2,54,1072,370,56,1,1,1,1
726,4,2047,1070,149,38,1,1,1,1
727,2,43,1072,371,57,1,1,1,1
727,4,2043,1070,150,38,1,1,1,1
728,2,32,1072,372,57,1,1,1,1
728,4,2039,1070,151,39,1,1,1,1
729,2,22,1072,373,57,1,1,1,1
729,4,2035,1070,152,39,1,1,1,1
730,2,11,1071,373,58,1,1,1,1
730,4,2031,1070,152,39,1,1,1,1
731,2,0,1071,374,58,1,1,1,1
731,4,2027,1069,153,39,1,1,1,1
732,2,0,1071,363,58,1,1,1,1
732,4,2023,1069,154,40,1,1,1,1
733,2,0,1070,352,58,1,1,1,1
733,4,2019,1069,155,40,1,1,1,1
734,2,0,1070,341,58,1,1,1,1
734,4,2015,1069,156,40,1,1,1,1
735,2,0,1070,331,59,1,1,1,1
735,4,2011,1069,157,41,1,1,1,1
736,2,0,1070,320,59,1,1,1,1
736,4,2007,1069,157,41,1,1,1,1
737,2,0,1069,309,59,1,1,1,1
737,4,2003,1069,158,41,1,1,1,1
738,2,0,1069,298,59,1,1,1,1
738,4,1999,1069,159,41,1,1,1,1
739,2,0,1069,287,59,1,1,1,1
739,4,1995,1069,160,42,1,1,1,1
740,2,0,1069,276,59,1,1,1,1
740,4,1991,1068,161,42,1,1,1,1
741,2,0,1068,266,60,1,1,1,1
741,4,1987,1068,162,42,1,1,1,1
742,2,0,1068,255,60,1,1,1,1
742,4,1983,1068,162,42,1,1,1,1
743,2,0,1068,244,60,1,1,1,1
743,4,1979,1068,163,43,1,1,1,1
744,2,0,1068,233,60,1,1,1,1
744,4,1975,1068,164,43,1,1,1,1
745,2,0,1067,222,60,1,1,1,1
745,4,1971,1068,165,43,1,1,1,1
746,2,0,1067,211,60,1,1,1,1
746,4,1966,1068,166,43,1,1,1,1
747,2,0,1067,201,61,1,1,1,1
747,4,1962,1069,166,43,1,1,1,1
748,2,0,1067,190,61,1,1,1,1
748,4,1957,1069,167,43,1,1,1,1
749,2,0,1066,179,61,1,1,1,1
749,4,1953,1069,168,43,1,1,1,1
750,2,0,1066,168,61,1,1,1,1
750,4,1948,1069,169,43,1,1,1,1
751,2,0,1066,157,61,1,1,1,1
751,4,1944,1069,170,43,1,1,1,1
752,2,0,1066,146,60,1,1,1,1
752,4,1939,1069,170,42,1,1,1,1
753,2,0,1067,135,60,1,1,1,1
753,4,1935,1070,171,42,1,1,1,1
754,2,0,1067,124,59,1,1,1,1
754,4,1931,1070,172,42,1,1,1,1
755,2,0,1067,114,59,1,1,1,1
755,4,1926,1070,173,42,1,1,1,1
756,2,0,1067,103,58,1,1,1,1
756,4,1922,1070,173,42,1,1,1,1
757,2,0,1067,92,58,1,1,1,1
757,4,1917,1070,174,42,1,1,1,1
758,2,0,1068,81,57,1,1,1,1
758,4,1913,1071,175,42,1,1,1,1
759,2,0,1068,70,57,1,1,1,1
759,4,1908,1071,176,42,1,1,1,1
760,2,0,1068,59,56,1,1,1,1
760,4,1904,1071,177,42,1,1,1,1
761,2,0,1072,47,51,1,1,1,1
761,4,1899,1071,177,42,1,1,1,1
762,2,0,1075,35,47,1,1,1,1
762,4,1895,1071,178,42,1,1,1,1
763,2,0,1079,23,42,1,1,1,1
763,4,1891,1072,179,42,1,1,1,1
764,4,1886,1072,180,42,1,1,1,1
765,4,1882,1072,181,42,1,1,1,1
766,4,1877,1072,181,41,1,1,1,1
767,4,1873,1072,182,41,1,1,1,1
768,4,1868,1072,183,41,1,1,1,1
769,4,1864,1073,184,41,1,1,1,1
770,4,1860,1073,185,41,1,1,1,1
771,4,1855,1073,185,41,1,1,1,1
772,4,1851,1073,186,41,1,1,1,1
773,4,1846,1073,187,41,1,1,1,1
774,4,1842,1074,188,41,1,1,1,1
775,4,1837,1074,189,41,1,1,1,1
776,4,1833,1074,189,41,1,1,1,1
777,4,1828,1074,190,41,1,1,1,1
778,4,1824,1074,191,41,1,1,1,1
779,4,1820,1075,192,41,1,1,1,1
780,4,1815,1075,192,40,1,1,1,1
781,4,1811,1075,193,40,1,1,1,1
782,4,1806,1075,194,40,1,1,1,1
783,4,1802,1075,195,40,1,1,1,1
784,4,1797,1075,196,40,1,1,1,1
785,4,1793,1076,196,40,1,1,1,1
786,4,1788,1076,197,40,1,1,1,1
787,4,1784,1076,198,40,1,1,1,1
788,4,1779,1076,199,40,1,1,1,1
789,4,1774,1076,199,40,1,1,1,1
790,4,1770,1076,200,40,1,1,1,1
791,4,1765,1076,201,41,1,1,1,1
792,4,1760,1076,202,41,1,1,1,1
793,4,1755,1076,202,41,1,1,1,1
794,4,1750,1076,203,41,1,1,1,1
795,4,1746,1077,204,41,1,1,1,1
796,4,1741,1077,205,41,1,1,1,1
797,4,1736,1077,205,41,1,1,1,1
798,4,1731,1077,206,41,1,1,1,1
799,4,1726,1077,207,42,1,1,1,1
800,4,1722,1077,208,42,1,1,1,1
801,4,1717,1077,208,42,1,1,1,1
802,4,1712,1077,209,42,1,1,1,1
803,4,1706,1077,210,42,1,1,1,1
804,4,1701,1077,211,42,1,1,1,1
805,4,1695,1077,212,42,1,1,1,1
806,4,1690,1077,213,43,1,1,1,1
807,4,1684,1077,214,43,1,1,1,1
808,4,1678,1077,215,43,1,1,1,1
809,4,1673,1077,216,43,1,1,1,1
810,4,1667,1077,217,43,1,1,1,1
811,4,1662,1077,218,43,1,1,1,1
812,4,1656,1077,219,43,1,1,1,1
812,5,0,1124,21,23,1,1,1,1
813,4,1650,1077,220,43,1,1,1,1
813,5,0,1124,31,24,1,1,1,1
814,4,1645,1077,221,44,1,1,1,1
814,5,0,1123,41,24,1,1,1,1
815,4,1639,1077,222,44,1,1,1,1
815,5,0,1123,51,25,1,1,1,1
816,4,1634,1077,223,44,1,1,1,1
816,5,0,1122,60,25,1,1,1,1
817,4,1628,1077,224,44,1,1,1,1
817,5,0,1122,70,26,1,1,1,1
818,4,1623,1078,226,44,1,1,1,1
818,5,0,1122,80,26,1,1,1,1
819,4,1617,1078,227,44,1,1,1,1
819,5,0,1121,90,27,1,1,1,1
820,4,1611,1078,228,44,1,1,1,1
820,5,0,1121,100,28,1,1,1,1
821,4,1606,1078,229,44,1,1,1,1
821,5,0,1120,110,28,1,1,1,1
822,4,1600,1078,230,45,1,1,1,1
822,5,0,1120,120,29,1,1,1,1
823,4,1595,1078,231,45,1,1,1,1
823,5,0,1120,130,29,1,1,1,1
824,4,1589,1078,232,45,1,1,1,1
824,5,0,1119,139,30,1,1,1,1
825,4,1583,1078,233,45,1,1,1,1
825,5,0,1119,149,30,1,1,1,1
826,4,1578,1078,234,45,1,1,1,1
826,5,0,1119,159,31,1,1,1,1
827,4,1572,1078,235,45,1,1,1,1
827,5,0,1118,169,31,1,1,1,1
828,4,1567,1078,236,45,1,1,1,1
828,5,0,1118,179,32,1,1,1,1
829,4,1561,1078,237,45,1,1,1,1
829,5,0,1117,189,33,1,1,1,1
830,4,1555,1078,238,46,1,1,1,1
830,5,0,1117,199,33,1,1,1,1
831,4,1550,1078,239,46,1,1,1,1
831,5,0,1117,209,34,1,1,1,1
832,4,1544,1078,240,46,1,1,1,1
832,5,0,1116,218,34,1,1,1,1
833,4,1539,1078,241,46,1,1,1,1
833,5,0,1116,228,35,1,1,1,1
834,4,1533,1078,242,46,1,1,1,1
834,5,0,1115,238,35,1,1,1,1
835,4,1527,1078,243,46,1,1,1,1
835,5,0,1115,248,36,1,1,1,1
836,4,1521,1078,244,46,1,1,1,1
836,5,0,1115,257,36,1,1,1,1
837,4,1515,1078,245,46,1,1,1,1
837,5,1,1115,266,36,1,1,1,1
838,4,1509,1078,246,46,1,1,1,1
838,5,2,1115,275,36,1,1,1,1
839,4,1503,1078,247,46,1,1,1,1
839,5,12,1115,274,36,1,1,1,1
840,4,1497,1079,248,47,1,1,1,1
840,5,22,1115,273,36,1,1,1,1
841,4,1490,1079,249,47,1,1,1,1
841,5,32,1115,273,37,1,1,1,1
842,4,1484,1079,250,47,1,1,1,1
842,5,42,1115,272,37,1,1,1,1
843,4,1478,1079,251,47,1,1,1,1
843,5,52,1115,271,37,1,1,1,1
844,4,1472,1079,252,47,1,1,1,1
844,5,62,1115,270,37,1,1,1,1
845,4,1466,1079,253,47,1,1,1,1
845,5,72,1115,269,37,1,1,1,1
846,4,1460,1079,254,47,1,1,1,1
846,5,82,1115,269,37,1,1,1,1
847,4,1453,1079,255,47,1,1,1,1
847,5,92,1115,268,37,1,1,1,1
848,4,1446,1079,256,47,1,1,1,1
848,5,102,1115,267,37,1,1,1,1
849,4,1440,1079,257,47,1,1,1,1
849,5,111,1115,267,37,1,1,1,1
850,4,1433,1079,258,48,1,1,1,1
850,5,121,1115,266,37,1,1,1,1
851,4,1426,1079,260,48,1,1,1,1
851,5,131,1115,265,37,1,1,1,1
852,4,1419,1079,261,48,1,1,1,1
852,5,141,1115,265,37,1,1,1,1
853,4,1412,1079,262,48,1,1,1,1
853,5,151,1115,264,37,1,1,1,1
854,4,1405,1079,263,48,1,1,1,1
854,5,161,1115,263,37,1,1,1,1
855,4,1399,1078,264,48,1,1,1,1
855,5,170,1115,263,37,1,1,1,1
856,4,1392,1078,265,48,1,1,1,1
856,5,180,1115,262,37,1,1,1,1
857,4,1385,1078,266,49,1,1,1,1
857,5,189,1115,262,37,1,1,1,1
858,4,1378,1078,267,49,1,1,1,1
858,5,199,1115,261,37,1,1,1,1
859,4,1371,1078,269,49,1,1,1,1
859,5,208,1115,261,37,1,1,1,1
860,4,1364,1078,270,49,1,1,1,1
860,5,218,1116,260,37,1,1,1,1
861,4,1358,1078,271,49,1,1,1,1
861,5,227,1116,260,37,1,1,1,1
862,4,1351,1078,272,49,1,1,1,1
862,5,237,1116,259,37,1,1,1,1
863,4,1344,1078,273,50,1,1,1,1
863,5,246,1116,259,37,1,1,1,1
864,4,1337,1078,274,50,1,1,1,1
864,5,256,1116,258,37,1,1,1,1
865,4,1330,1078,275,50,1,1,1,1
865,5,265,1116,258,37,1,1,1,1
866,4,1324,1078,276,50,1,1,1,1
866,5,275,1116,257,37,1,1,1,1
867,4,1317,1078,277,50,1,1,1,1
867,5,285,1116,256,37,1,1,1,1
868,4,1310,1078,279,50,1,1,1,1
868,5,294,1116,256,37,1,1,1,1
869,4,1303,1078,280,50,1,1,1,1
869,5,304,1116,255,37,1,1,1,1
870,4,1296,1078,281,51,1,1,1,1
870,5,313,1116,255,37,1,1,1,1
871,4,1289,1078,282,51,1,1,1,1
871,5,323,1116,254,37,1,1,1,1
872,4,1283,1077,283,51,1,1,1,1
872,5,332,1117,254,36,1,1,1,1
873,4,1276,1077,284,51,1,1,1,1
873,5,342,1117,253,36,1,1,1,1
874,4,1269,1077,285,51,1,1,1,1
874,5,351,1117,253,36,1,1,1,1
874,6,2549,1059,11,33,1,1,1,1
875,4,1262,1077,286,51,1,1,1,1
875,5,361,1117,252,36,1,1,1,1
875,6,2547,1059,13,33,1,1,1,1
876,4,1255,1077,288,51,1,1,1,1
876,5,370,1117,252,36,1,1,1,1
876,6,2544,1059,16,33,1,1,1,1
877,4,1248,1077,289,52,1,1,1,1
877,5,380,1117,251,36,1,1,1,1
877,6,2542,1059,18,33,1,1,1,1
878,4,1242,1077,290,52,1,1,1,1
878,5,390,1117,250,36,1,1,1,1
878,6,2540,1060,20,33,1,1,1,1
879,4,1235,1077,291,52,1,1,1,1
879,5,399,1117,250,36,1,1,1,1
879,6,2537,1060,23,33,1,1,1,1
880,4,1228,1077,292,52,1,1,1,1
880,5,409,1117,249,36,1,1,1,1
880,6,2535,1060,25,33,1,1,1,1
881,4,1220,1077,293,52,1,1,1,1
881,5,418,1117,249,36,1,1,1,1
881,6,2533,1060,27,33,1,1,1,1
882,4,1212,1077,295,52,1,1,1,1
882,5,428,1117,248,36,1,1,1,1
882,6,2531,1060,29,33,1,1,1,1
883,4,1205,1077,296,52,1,1,1,1
883,5,437,1117,248,36,1,1,1,1
883,6,2528,1060,32,33,1,1,1,1
884,4,1197,1077,297,53,1,1,1,1
884,5,447,1118,247,36,1,1,1,1
884,6,2526,1060,34,33,1,1,1,1
885,4,1189,1077,299,53,1,1,1,1
885,5,456,1118,247,36,1,1,1,1
885,6,2524,1060,36,33,1,1,1,1
886,4,1181,1077,300,53,1,1,1,1
886,5,466,1118,246,36,1,1,1,1
886,6,2521,1061,39,32,1,1,1,1
887,4,1174,1077,302,53,1,1,1,1
887,5,475,1118,246,36,1,1,1,1
887,6,2519,1061,41,32,1,1,1,1
888,4,1166,1076,303,53,1,1,1,1
888,5,485,1118,245,36,1,1,1,1
888,6,2517,1061,43,32,1,1,1,1
889,4,1158,1076,304,53,1,1,1,1
889,5,494,1118,245,36,1,1,1,1
889,6,2514,1061,46,32,1,1,1,1
890,4,1150,1076,306,53,1,1,1,1
890,5,504,1118,244,36,1,1,1,1
890,6,2512,1061,48,32,1,1,1,1
891,4,1142,1076,307,54,1,1,1,1
891,5,513,1118,243,36,1,1,1,1
891,6,2510,1061,50,32,1,1,1,1
892,4,1135,1076,308,54,1,1,1,1
892,5,522,1118,242,36,1,1,1,1
892,6,2508,1061,52,32,1,1,1,1
893,4,1127,1076,310,54,1,1,1,1
893,5,530,1118,241,35,1,1,1,1
893,6,2505,1061,55,32,1,1,1,1
894,4,1119,1076,311,54,1,1,1,1
894,5,539,1118,240,35,1,1,1,1
894,6,2503,1062,57,32,1,1,1,1
895,4,1111,1076,312,54,1,1,1,1
895,5,548,1118,239,35,1,1,1,1
895,6,2501,1062,59,32,1,1,1,1
896,4,1103,1076,313,54,1,1,1,1
896,5,557,1119,238,35,1,1,1,1
896,6,2498,1062,62,32,1,1,1,1
897,4,1095,1076,314,54,1,1,1,1
897,5,566,1119,237,34,1,1,1,1
897,6,2496,1062,64,32,1,1,1,1
898,4,1087,1077,316,54,1,1,1,1
898,5,575,1119,236,34,1,1,1,1
898,6,2493,1062,66,32,1,1,1,1
899,4,1079,1077,317,54,1,1,1,1
899,5,583,1119,235,34,1,1,1,1
899,6,2491,1062,68,32,1,1,1,1
900,4,1071,1077,318,54,1,1,1,1
900,5,592,1119,234,34,1,1,1,1
900,6,2488,1062,70,32,1,1,1,1
901,4,1063,1077,319,54,1,1,1,1
901,5,601,1119,233,34,1,1,1,1
901,6,2486,1062,72,32,1,1,1,1
902,4,1055,1077,320,53,1,1,1,1
902,5,610,1119,232,33,1,1,1,1
902,6,2483,1062,73,32,1,1,1,1
903,4,1047,1077,321,53,1,1,1,1
903,5,619,1119,231,33,1,1,1,1
903,6,2480,1062,75,32,1,1,1,1
904,4,1039,1077,322,53,1,1,1,1
904,5,628,1119,230,33,1,1,1,1
904,6,2478,1062,77,32,1,1,1,1
905,4,1031,1077,323,53,1,1,1,1
905,5,636,1119,229,33,1,1,1,1
905,6,2475,1063,79,32,1,1,1,1
906,4,1023,1078,325,53,1,1,1,1
906,5,645,1119,228,33,1,1,1,1
906,6,2472,1063,81,31,1,1,1,1
907,4,1015,1078,326,53,1,1,1,1
907,5,654,1119,227,32,1,1,1,1
907,6,2470,1063,83,31,1,1,1,1
908,4,1007,1078,327,53,1,1,1,1
908,5,663,1120,226,32,1,1,1,1
908,6,2467,1063,85,31,1,1,1,1
909,4,999,1078,328,53,1,1,1,1
909,5,672,1120,225,32,1,1,1,1
909,6,2465,1063,87,31,1,1,1,1
910,4,990,1078,329,53,1,1,1,1
910,5,681,1120,224,32,1,1,1,1
910,6,2462,1063,88,31,1,1,1,1
911,4,982,1078,331,53,1,1,1,1
911,5,689,1120,223,31,1,1,1,1
911,6,2459,1063,90,31,1,1,1,1
912,4,973,1078,332,53,1,1,1,1
912,5,698,1120,222,31,1,1,1,1
912,6,2457,1063,92,31,1,1,1,1
913,4,965,1078,333,53,1,1,1,1
913,5,707,1120,221,31,1,1,1,1
913,6,2454,1063,94,31,1,1,1,1
914,4,956,1078,334,53,1,1,1,1
914,5,715,1120,220,31,1,1,1,1
914,6,2451,1063,95,31,1,1,1,1
915,4,947,1078,336,53,1,1,1,1
915,5,722,1120,220,31,1,1,1,1
915,6,2449,1063,95,31,1,1,1,1
916,4,939,1078,337,53,1,1,1,1
916,5,730,1120,219,30,1,1,1,1
916,6,2446,1063,96,31,1,1,1,1
917,4,930,1079,338,52,1,1,1,1
917,5,738,1120,219,30,1,1,1,1
917,6,2443,1063,96,31,1,1,1,1
918,4,922,1079,339,52,1,1,1,1
918,5,745,1120,218,30,1,1,1,1
918,6,2441,1064,97,31,1,1,1,1
919,4,913,1079,341,52,1,1,1,1
919,5,753,1121,217,30,1,1,1,1
919,6,2438,1064,97,31,1,1,1,1
920,4,904,1079,342,52,1,1,1,1
920,5,761,1121,217,30,1,1,1,1
920,6,2435,1064,98,31,1,1,1,1
921,4,896,1079,343,52,1,1,1,1
921,5,768,1121,216,29,1,1,1,1
921,6,2433,1064,98,31,1,1,1,1
922,4,887,1079,344,52,1,1,1,1
922,5,776,1121,215,29,1,1,1,1
922,6,2430,1064,99,31,1,1,1,1
923,4,879,1079,346,52,1,1,1,1
923,5,783,1121,215,29,1,1,1,1
923,6,2427,1064,99,31,1,1,1,1
924,4,870,1079,347,52,1,1,1,1
924,5,791,1121,214,29,1,1,1,1
924,6,2425,1064,99,31,1,1,1,1
925,4,861,1079,348,52,1,1,1,1
925,5,799,1121,214,29,1,1,1,1
925,6,2422,1064,99,31,1,1,1,1
926,4,851,1079,350,52,1,1,1,1
926,5,806,1121,213,28,1,1,1,1
926,6,2419,1064,99,31,1,1,1,1
927,4,842,1079,351,52,1,1,1,1
927,5,814,1121,212,28,1,1,1,1
927,6,2417,1064,100,31,1,1,1,1
928,4,833,1079,352,52,1,1,1,1
928,5,822,1121,212,28,1,1,1,1
928,6,2414,1065,100,31,1,1,1,1
929,4,823,1079,353,52,1,1,1,1
929,5,829,1122,211,28,1,1,1,1
929,6,2411,1065,100,31,1,1,1,1
930,4,814,1079,355,52,1,1,1,1
930,5,837,1122,211,28,1,1,1,1
930,6,2409,1065,100,31,1,1,1,1
931,4,805,1079,356,52,1,1,1,1
931,5,845,1122,210,28,1,1,1,1
931,6,2406,1065,100,31,1,1,1,1
932,4,795,1079,357,52,1,1,1,1
932,5,852,1122,209,27,1,1,1,1
932,6,2403,1065,100,31,1,1,1,1
933,4,786,1079,359,52,1,1,1,1
933,5,860,1122,209,27,1,1,1,1
933,6,2401,1065,100,31,1,1,1,1
934,4,777,1079,360,52,1,1,1,1
934,5,868,1122,208,27,1,1,1,1
934,6,2398,1065,100,31,1,1,1,1
935,4,767,1079,361,52,1,1,1,1
935,5,875,1122,208,27,1,1,1,1
935,6,2395,1065,100,31,1,1,1,1
936,4,758,1079,363,52,1,1,1,1
936,5,883,1122,207,27,1,1,1,1
936,6,2392,1065,100,31,1,1,1,1
937,4,749,1078,364,52,1,1,1,1
937,5,890,1122,206,26,1,1,1,1
937,6,2390,1065,101,31,1,1,1,1
938,4,739,1078,365,52,1,1,1,1
938,5,898,1122,206,26,1,1,1,1
938,6,2387,1065,101,31,1,1,1,1
939,4,730,1078,366,52,1,1,1,1
939,5,906,1123,205,26,1,1,1,1
939,6,2384,1065,101,31,1,1,1,1
940,4,721,1078,368,52,1,1,1,1
940,5,913,1123,204,26,1,1,1,1
940,6,2382,1066,101,31,1,1,1,1
941,4,711,1078,369,52,1,1,1,1
941,5,921,1123,204,26,1,1,1,1
941,6,2379,1066,101,31,1,1,1,1
942,4,702,1078,370,52,1,1,1,1
942,5,929,1123,203,25,1,1,1,1
942,6,2376,1066,101,31,1,1,1,1
943,4,693,1078,372,52,1,1,1,1
943,5,936,1123,203,25,1,1,1,1
943,6,2374,1066,101,31,1,1,1,1
944,4,683,1078,373,52,1,1,1,1
944,5,944,1123,202,25,1,1,1,1
944,6,2371,1066,101,31,1,1,1,1
945,4,674,1078,374,52,1,1,1,1
945,5,951,1123,201,25,1,1,1,1
945,6,2368,1066,101,31,1,1,1,1
946,4,665,1078,375,52,1,1,1,1
946,5,958,1123,201,25,1,1,1,1
946,6,2366,1066,102,32,1,1,1,1
947,4,655,1078,377,52,1,1,1,1
947,5,965,1123,200,25,1,1,1,1
947,6,2363,1066,102,32,1,1,1,1
948,4,646,1078,378,52,1,1,1,1
948,5,972,1122,199,26,1,1,1,1
948,6,2360,1066,102,32,1,1,1,1
949,4,636,1078,379,52,1,1,1,1
949,5,979,1122,199,26,1,1,1,1
949,6,2358,1066,102,32,1,1,1,1
950,4,626,1078,381,52,1,1,1,1
950,5,986,1122,198,26,1,1,1,1
950,6,2355,1066,102,32,1,1,1,1
951,4,616,1078,382,53,1,1,1,1
951,5,993,1122,197,26,1,1,1,1
951,6,2352,1066,102,32,1,1,1,1
952,4,606,1078,384,53,1,1,1,1
952,5,999,1122,197,26,1,1,1,1
952,6,2350,1067,102,32,1,1,1,1
953,4,597,1077,385,53,1,1,1,1
953,5,1006,1122,196,26,1,1,1,1
953,6,2347,1067,102,32,1,1,1,1
954,4,587,1077,387,53,1,1,1,1
954,5,1013,1121,195,26,1,1,1,1
954,6,2344,1067,102,32,1,1,1,1
955,4,577,1077,388,54,1,1,1,1
955,5,1020,1121,195,26,1,1,1,1
955,6,2342,1067,103,32,1,1,1,1
956,4,567,1077,390,54,1,1,1,1
956,5,1027,1121,194,27,1,1,1,1
956,6,2339,1067,103,32,1,1,1,1
957,4,557,1077,391,54,1,1,1,1
957,5,1034,1121,193,27,1,1,1,1
957,6,2336,1067,103,32,1,1,1,1
958,4,546,1077,393,54,1,1,1,1
958,5,1041,1121,193,27,1,1,1,1
958,6,2333,1067,103,32,1,1,1,1
959,4,536,1077,394,54,1,1,1,1
959,5,1048,1121,192,27,1,1,1,1
959,6,2331,1067,103,32,1,1,1,1
960,4,525,1077,396,55,1,1,1,1
960,5,1055,1120,191,27,1,1,1,1
960,6,2328,1067,103,32,1,1,1,1
961,4,515,1077,397,55,1,1,1,1
961,5,1062,1120,191,27,1,1,1,1
961,6,2325,1067,103,32,1,1,1,1
962,4,504,1077,399,55,1,1,1,1
962,5,1069,1120,190,27,1,1,1,1
962,6,2323,1067,103,32,1,1,1,1
963,4,494,1077,400,55,1,1,1,1
963,5,1076,1120,189,28,1,1,1,1
963,6,2320,1067,103,32,1,1,1,1
964,4,483,1076,402,55,1,1,1,1
964,5,1083,1120,189,28,1,1,1,1
964,6,2317,1068,103,32,1,1,1,1
965,4,472,1076,403,55,1,1,1,1
965,5,1090,1120,188,28,1,1,1,1
965,6,2315,1068,104,32,1,1,1,1
966,4,462,1076,405,56,1,1,1,1
966,5,1097,1119,187,28,1,1,1,1
966,6,2312,1068,104,32,1,1,1,1
967,4,451,1076,406,56,1,1,1,1
967,5,1103,1119,187,28,1,1,1,1
967,6,2309,1068,104,32,1,1,1,1
968,4,441,1076,408,56,1,1,1,1
968,5,1110,1119,186,28,1,1,1,1
968,6,2307,1068,104,32,1,1,1,1
969,4,430,1076,409,56,1,1,1,1
969,5,1117,1119,185,28,1,1,1,1
969,6,2304,1068,104,32,1,1,1,1
970,4,419,1076,410,56,1,1,1,1
970,5,1124,1119,185,28,1,1,1,1
970,6,2301,1068,104,32,1,1,1,1
971,4,408,1076,412,56,1,1,1,1
971,5,1131,1119,184,29,1,1,1,1
971,6,2298,1068,105,32,1,1,1,1
972,4,397,1076,413,56,1,1,1,1
972,5,1138,1118,183,29,1,1,1,1
972,6,2295,1068,105,32,1,1,1,1
973,4,386,1075,414,57,1,1,1,1
973,5,1145,1118,183,29,1,1,1,1
973,6,2292,1068,106,32,1,1,1,1
974,4,375,1075,415,57,1,1,1,1
974,5,1152,1118,182,29,1,1,1,1
974,6,2289,1068,106,32,1,1,1,1
975,4,365,1075,417,57,1,1,1,1
975,5,1158,1118,182,29,1,1,1,1
975,6,2286,1068,107,32,1,1,1,1
976,4,354,1075,418,57,1,1,1,1
976,5,1164,1118,181,29,1,1,1,1
976,6,2282,1069,107,32,1,1,1,1
977,4,343,1075,419,57,1,1,1,1
977,5,1170,1118,181,29,1,1,1,1
977,6,2279,1069,108,32,1,1,1,1
978,4,332,1075,421,57,1,1,1,1
978,5,1176,1118,180,29,1,1,1,1
978,6,2276,1069,108,32,1,1,1,1
979,4,321,1075,422,57,1,1,1,1
979,5,1182,1118,180,29,1,1,1,1
979,6,2273,1069,109,32,1,1,1,1
980,4,310,1074,423,58,1,1,1,1
980,5,1188,1118,180,29,1,1,1,1
980,6,2270,1069,109,32,1,1,1,1
981,4,299,1074,424,58,1,1,1,1
981,5,1194,1118,179,29,1,1,1,1
981,6,2267,1069,110,32,1,1,1,1
982,4,288,1074,426,58,1,1,1,1
982,5,1200,1117,179,29,1,1,1,1
982,6,2264,1069,110,32,1,1,1,1
983,4,277,1074,427,58,1,1,1,1
983,5,1206,1117,178,29,1,1,1,1
983,6,2260,1069,110,32,1,1,1,1
984,4,266,1074,428,58,1,1,1,1
984,5,1212,1117,178,29,1,1,1,1
984,6,2257,1069,111,32,1,1,1,1
985,4,256,1074,430,58,1,1,1,1
985,5,1218,1117,177,29,1,1,1,1
985,6,2253,1069,111,32,1,1,1,1
986,4,245,1074,431,58,1,1,1,1
986,5,1224,1117,177,29,1,1,1,1
986,6,2250,1069,112,32,1,1,1,1
987,4,234,1073,432,59,1,1,1,1
987,5,1230,1117,177,29,1,1,1,1
987,6,2246,1069,112,32,1,1,1,1
988,4,223,1073,433,59,1,1,1,1
988,5,1236,1117,176,29,1,1,1,1
988,6,2243,1069,113,32,1,1,1,1
989,4,212,1073,435,59,1,1,1,1
989,5,1241,1117,176,28,1,1,1,1
989,6,2239,1069,113,32,1,1,1,1
990,4,201,1073,436,59,1,1,1,1
990,5,1247,1117,175,28,1,1,1,1
990,6,2236,1070,113,33,1,1,1,1
991,4,189,1073,437,59,1,1,1,1
991,5,1253,1117,175,28,1,1,1,1
991,6,2232,1070,114,33,1,1,1,1
992,4,178,1073,439,59,1,1,1,1
992,5,1259,1117,175,28,1,1,1,1
992,6,2229,1070,114,33,1,1,1,1
993,4,166,1073,440,59,1,1,1,1
993,5,1265,1117,174,28,1,1,1,1
993,6,2225,1070,115,33,1,1,1,1
994,4,154,1073,441,59,1,1,1,1
994,5,1271,1117,174,28,1,1,1,1
994,6,2222,1070,115,33,1,1,1,1
995,4,143,1072,443,59,1,1,1,1
995,5,1277,1117,173,28,1,1,1,1
995,6,2218,1070,115,33,1,1,1,1
996,4,131,1072,444,59,1,1,1,1
996,5,1283,1116,173,28,1,1,1,1
996,6,2214,1070,116,33,1,1,1,1
997,4,119,1072,445,59,1,1,1,1
997,5,1289,1116,172,28,1,1,1,1
997,6,2211,1070,116,33,1,1,1,1
998,4,108,1072,447,59,1,1,1,1
998,5,1295,1116,172,28,1,1,1,1
998,6,2207,1070,117,33,1,1,1,1
999,4,96,1072,448,59,1,1,1,1
999,5,1301,1116,172,28,1,1,1,1
999,6,2204,1070,117,33,1,1,1,1
1000,4,85,1072,450,59,1,1,1,1
1000,5,1307,1116,171,28,1,1,1,1
1000,6,2200,1070,118,33,1,1,1,1
1001,4,73,1072,451,59,1,1,1,1
1001,5,1313,1116,171,28,1,1,1,1
1001,6,2197,1070,118,33,1,1,1,1
1002,4,61,1072,452,59,1,1,1,1
1002,5,1319,1116,170,28,1,1,1,1
1002,6,2193,1070,118,33,1,1,1,1
1003,4,50,1071,454,59,1,1,1,1
1003,5,1325,1116,170,28,1,1,1,1
1003,6,2190,1070,119,33,1,1,1,1
1004,4,38,1071,455,59,1,1,1,1
1004,5,1331,1116,170,28,1,1,1,1
1004,6,2186,1070,119,33,1,1,1,1
1005,4,26,1071,456,59,1,1,1,1
1005,5,1336,1116,169,28,1,1,1,1
1005,6,2183,1070,120,33,1,1,1,1
1006,4,15,1071,458,59,1,1,1,1
1006,5,1342,1116,169,28,1,1,1,1
1006,6,2179,1071,120,34,1,1,1,1
1007,4,3,1071,459,59,1,1,1,1
1007,5,1347,1116,168,28,1,1,1,1
1007,6,2175,1071,120,34,1,1,1,1
1008,4,3,1070,449,60,1,1,1,1
1008,5,1353,1116,168,28,1,1,1,1
1008,6,2172,1071,121,34,1,1,1,1
1009,4,2,1069,438,61,1,1,1,1
1009,5,1359,1116,167,28,1,1,1,1
1009,6,2168,1071,121,34,1,1,1,1
1010,4,2,1068,428,62,1,1,1,1
1010,5,1364,1115,167,28,1,1,1,1
1010,6,2165,1071,122,34,1,1,1,1
1011,4,2,1067,417,63,1,1,1,1
1011,5,1370,1115,166,28,1,1,1,1
1011,6,2161,1071,122,34,1,1,1,1
1012,4,2,1066,407,64,1,1,1,1
1012,5,1375,1115,166,28,1,1,1,1
1012,6,2158,1071,123,34,1,1,1,1
1013,4,1,1065,396,64,1,1,1,1
1013,5,1381,1115,165,28,1,1,1,1
1013,6,2154,1071,123,34,1,1,1,1
1014,4,1,1064,386,65,1,1,1,1
1014,5,1387,1115,165,28,1,1,1,1
1014,6,2151,1071,123,34,1,1,1,1
1015,4,1,1063,375,66,1,1,1,1
1015,5,1392,1115,164,28,1,1,1,1
1015,6,2147,1071,124,34,1,1,1,1
1016,4,1,1062,365,67,1,1,1,1
1016,5,1398,1115,164,27,1,1,1,1
1016,6,2144,1071,124,34,1,1,1,1
1017,4,0,1061,354,68,1,1,1,1
1017,5,1403,1115,163,27,1,1,1,1
1017,6,2140,1071,125,34,1,1,1,1
1018,4,0,1060,344,69,1,1,1,1
1018,5,1409,1115,163,27,1,1,1,1
1018,6,2137,1071,125,34,1,1,1,1
1019,4,0,1060,333,69,1,1,1,1
1019,5,1415,1115,162,27,1,1,1,1
1019,6,2133,1071,125,34,1,1,1,1
1020,4,0,1060,321,68,1,1,1,1
1020,5,1420,1115,162,27,1,1,1,1
1020,6,2129,1071,126,34,1,1,1,1
1021,4,0,1060,310,68,1,1,1,1
1021,5,1426,1115,161,27,1,1,1,1
1021,6,2126,1071,126,34,1,1,1,1
1022,4,0,1061,298,68,1,1,1,1
1022,5,1431,1114,161,27,1,1,1,1
1022,6,2122,1072,127,35,1,1,1,1
1023,4,0,1061,287,67,1,1,1,1
1023,5,1437,1114,160,27,1,1,1,1
1023,6,2119,1072,127,35,1,1,1,1
1024,4,0,1061,276,67,1,1,1,1
1024,5,1443,1114,160,27,1,1,1,1
1024,6,2115,1072,128,35,1,1,1,1
1025,4,0,1061,264,67,1,1,1,1
1025,5,1448,1114,159,27,1,1,1,1
1025,6,2112,1072,128,35,1,1,1,1
1026,4,0,1061,253,66,1,1,1,1
1026,5,1454,1114,159,27,1,1,1,1
1026,6,2108,1072,128,35,1,1,1,1
1027,4,0,1061,241,66,1,1,1,1
1027,5,1459,1114,158,27,1,1,1,1
1027,6,2105,1072,129,35,1,1,1,1
1028,4,0,1061,230,66,1,1,1,1
1028,5,1465,1114,158,27,1,1,1,1
1028,6,2101,1072,129,35,1,1,1,1
1029,4,0,1061,219,65,1,1,1,1
1029,5,1470,1114,157,27,1,1,1,1
1029,6,2098,1072,130,35,1,1,1,1
1030,4,0,1062,207,65,1,1,1,1
1030,5,1476,1114,157,27,1,1,1,1
1030,6,2094,1072,130,35,1,1,1,1
1031,4,0,1062,196,65,1,1,1,1
1031,5,1481,1114,156,27,1,1,1,1
1031,6,2090,1072,130,35,1,1,1,1
1032,4,0,1062,184,64,1,1,1,1
1032,5,1486,1114,156,27,1,1,1,1
1032,6,2086,1072,131,35,1,1,1,1
1033,4,0,1062,173,64,1,1,1,1
1033,5,1491,1114,155,27,1,1,1,1
1033,6,2082,1072,131,35,1,1,1,1
1034,4,0,1062,161,65,1,1,1,1
1034,5,1497,1113,155,26,1,1,1,1
1034,6,2078,1072,132,35,1,1,1,1
1035,4,0,1061,149,65,1,1,1,1
1035,5,1502,1113,154,26,1,1,1,1
1035,6,2074,1072,132,35,1,1,1,1
1036,4,0,1061,137,66,1,1,1,1
1036,5,1507,1113,153,26,1,1,1,1
1036,6,2070,1072,133,35,1,1,1,1
1037,4,0,1060,125,66,1,1,1,1
1037,5,1512,1113,153,26,1,1,1,1
1037,6,2066,1072,133,35,1,1,1,1
1038,4,0,1060,113,67,1,1,1,1
1038,5,1518,1113,152,26,1,1,1,1
1038,6,2062,1072,133,35,1,1,1,1
1039,4,0,1060,100,67,1,1,1,1
1039,5,1523,1113,152,26,1,1,1,1
1039,6,2058,1072,134,35,1,1,1,1
1040,4,0,1059,88,68,1,1,1,1
1040,5,1528,1113,151,26,1,1,1,1
1040,6,2054,1072,134,35,1,1,1,1
1041,4,0,1059,76,68,1,1,1,1
1041,5,1533,1113,151,26,1,1,1,1
1041,6,2050,1072,135,35,1,1,1,1
1042,4,0,1058,64,69,1,1,1,1
1042,5,1539,1113,150,26,1,1,1,1
1042,6,2046,1072,135,35,1,1,1,1
1043,4,0,1058,52,69,1,1,1,1
1043,5,1544,1113,150,26,1,1,1,1
1043,6,2042,1073,136,36,1,1,1,1
1044,4,0,1069,39,58,1,1,1,1
1044,5,1549,1112,149,25,1,1,1,1
1044,6,2038,1073,136,36,1,1,1,1
1045,4,0,1079,25,46,1,1,1,1
1045,5,1555,1112,148,25,1,1,1,1
1045,6,2034,1073,136,36,1,1,1,1
1046,4,0,1093,13,31,1,1,1,1
1046,5,1560,1112,148,25,1,1,1,1
1046,6,2030,1073,137,36,1,1,1,1
1047,5,1565,1112,147,25,1,1,1,1
1047,6,2026,1073,137,36,1,1,1,1
1048,5,1570,1112,147,25,1,1,1,1
1048,6,2022,1073,138,36,1,1,1,1
1049,5,1576,1112,146,25,1,1,1,1
1049,6,2018,1073,138,36,1,1,1,1
1050,5,1581,1112,146,25,1,1,1,1
1050,6,2014,1073,138,36,1,1,1,1
1051,5,1586,1112,145,25,1,1,1,1
1051,6,2010,1073,139,36,1,1,1,1
1052,5,1591,1112,144,25,1,1,1,1
1052,6,2006,1073,139,36,1,1,1,1
1053,5,1597,1112,144,25,1,1,1,1
1053,6,2002,1073,140,36,1,1,1,1
1054,5,1602,1111,143,24,1,1,1,1
1054,6,1998,1073,140,36,1,1,1,1
1055,5,1607,1111,143,24,1,1,1,1
1055,6,1994,1073,141,36,1,1,1,1
1056,5,1612,1111,142,24,1,1,1,1
1056,6,1990,1073,141,36,1,1,1,1
1057,5,1618,1111,142,24,1,1,1,1
1057,6,1985,1073,141,36,1,1,1,1
1058,5,1623,1111,141,24,1,1,1,1
1058,6,1980,1073,142,36,1,1,1,1
1059,5,1628,1111,141,24,1,1,1,1
1059,6,1976,1073,142,36,1,1,1,1
1060,5,1632,1111,140,24,1,1,1,1
1060,6,1971,1073,143,36,1,1,1,1
1061,5,1637,1111,140,24,1,1,1,1
1061,6,1966,1073,143,36,1,1,1,1
1062,5,1641,1111,139,24,1,1,1,1
1062,6,1961,1073,143,37,1,1,1,1
1063,5,1646,1111,139,24,1,1,1,1
1063,6,1956,1073,144,37,1,1,1,1
1064,5,1651,1111,138,24,1,1,1,1
1064,6,1952,1073,144,37,1,1,1,1
1065,5,1655,1111,138,24,1,1,1,1
1065,6,1947,1073,145,37,1,1,1,1
1066,5,1660,1111,137,24,1,1,1,1
1066,6,1942,1073,145,37,1,1,1,1
1067,5,1664,1110,137,23,1,1,1,1
1067,6,1937,1073,145,37,1,1,1,1
1068,5,1669,1110,136,23,1,1,1,1
1068,6,1932,1074,146,37,1,1,1,1
1069,5,1673,1110,136,23,1,1,1,1
1069,6,1928,1074,146,37,1,1,1,1
1070,5,1678,1110,135,23,1,1,1,1
1070,6,1923,1074,146,37,1,1,1,1
1071,5,1683,1110,135,23,1,1,1,1
1071,6,1918,1074,147,37,1,1,1,1
1072,5,1687,1110,134,23,1,1,1,1
1072,6,1913,1074,147,37,1,1,1,1
1073,5,1692,1110,134,23,1,1,1,1
1073,6,1908,1074,148,37,1,1,1,1
1074,5,1696,1110,133,23,1,1,1,1
1074,6,1904,1074,148,38,1,1,1,1
1075,5,1701,1110,133,23,1,1,1,1
1075,6,1899,1074,148,38,1,1,1,1
1076,5,1705,1110,133,23,1,1,1,1
1076,6,1894,1074,149,38,1,1,1,1
1077,5,1709,1110,133,23,1,1,1,1
1077,6,1889,1074,149,38,1,1,1,1
1078,5,1713,1110,133,23,1,1,1,1
1078,6,1884,1074,150,38,1,1,1,1
1079,5,1717,1110,133,23,1,1,1,1
1079,6,1880,1074,150,38,1,1,1,1
1080,5,1722,1109,133,23,1,1,1,1
1080,6,1875,1074,150,38,1,1,1,1
1081,5,1726,1109,133,23,1,1,1,1
1081,6,1870,1074,151,38,1,1,1,1
1082,5,1730,1109,133,23,1,1,1,1
1082,6,1865,1074,151,38,1,1,1,1
1083,5,1734,1109,133,23,1,1,1,1
1083,6,1860,1074,152,38,1,1,1,1
1084,5,1738,1109,133,23,1,1,1,1
1084,6,1855,1074,152,38,1,1,1,1
1085,5,1742,1109,133,23,1,1,1,1
1085,6,1851,1074,152,39,1,1,1,1
1086,5,1746,1109,133,23,1,1,1,1
1086,6,1846,1074,153,39,1,1,1,1
1087,5,1750,1109,133,23,1,1,1,1
1087,6,1841,1074,153,39,1,1,1,1
1088,5,1755,1108,133,23,1,1,1,1
1088,6,1836,1074,154,39,1,1,1,1
1089,5,1759,1108,133,23,1,1,1,1
1089,6,1831,1074,154,39,1,1,1,1
1090,5,1763,1108,133,23,1,1,1,1
1090,6,1827,1074,154,39,1,1,1,1
1091,5,1767,1108,133,23,1,1,1,1
1091,6,1822,1075,155,39,1,1,1,1
1092,5,1771,1108,133,23,1,1,1,1
1092,6,1817,1075,155,39,1,1,1,1
1093,5,1775,1108,133,23,1,1,1,1
1093,6,1812,1075,155,39,1,1,1,1
1094,5,1779,1108,133,23,1,1,1,1
1094,6,1807,1075,156,39,1,1,1,1
1095,5,1783,1108,133,23,1,1,1,1
1095,6,1803,1075,156,39,1,1,1,1
1096,5,1788,1107,133,23,1,1,1,1
1096,6,1798,1075,157,39,1,1,1,1
1097,5,1792,1107,133,23,1,1,1,1
1097,6,1793,1075,157,40,1,1,1,1
1098,5,1796,1107,133,23,1,1,1,1
1098,6,1788,1075,157,40,1,1,1,1
1099,5,1800,1107,133,23,1,1,1,1
1099,6,1783,1075,158,40,1,1,1,1
1100,5,1804,1107,133,23,1,1,1,1
1100,6,1779,1075,158,40,1,1,1,1
1100,7,0,1117,17,27,1,1,1,1
1101,5,1808,1107,133,23,1,1,1,1
1101,6,1774,1075,159,40,1,1,1,1
1101,7,0,1115,26,29,1,1,1,1
1102,5,1812,1107,133,23,1,1,1,1
1102,6,1769,1075,159,40,1,1,1,1
1102,7,0,1113,35,31,1,1,1,1
1103,5,1816,1107,133,23,1,1,1,1
1103,6,1764,1075,160,40,1,1,1,1
1103,7,0,1110,45,34,1,1,1,1
1104,5,1821,1106,133,23,1,1,1,1
1104,6,1758,1075,161,40,1,1,1,1
1104,7,0,1108,54,36,1,1,1,1
1105,5,1825,1106,133,23,1,1,1,1
1105,6,1753,1075,162,40,1,1,1,1
1105,7,0,1106,63,38,1,1,1,1
1106,5,1829,1106,133,23,1,1,1,1
1106,6,1747,1075,163,41,1,1,1,1
1106,7,0,1106,72,38,1,1,1,1
1107,5,1833,1106,133,23,1,1,1,1
1107,6,1742,1075,164,41,1,1,1,1
1107,7,0,1106,80,38,1,1,1,1
1108,5,1837,1106,133,23,1,1,1,1
1108,6,1736,1075,165,41,1,1,1,1
1108,7,0,1106,89,38,1,1,1,1
1109,5,1841,1106,133,23,1,1,1,1
1109,6,1731,1075,166,41,1,1,1,1
1109,7,0,1106,97,38,1,1,1,1
1110,5,1845,1106,133,23,1,1,1,1
1110,6,1726,1075,167,41,1,1,1,1
1110,7,0,1106,106,38,1,1,1,1
1111,5,1849,1106,133,23,1,1,1,1
1111,6,1720,1075,167,41,1,1,1,1
1111,7,0,1106,114,38,1,1,1,1
1112,5,1854,1105,133,23,1,1,1,1
1112,6,1715,1075,168,41,1,1,1,1
1112,7,0,1106,123,39,1,1,1,1
1113,5,1858,1105,133,23,1,1,1,1
1113,6,1709,1075,168,42,1,1,1,1
1113,7,0,1106,131,39,1,1,1,1
1114,5,1862,1105,133,23,1,1,1,1
1114,6,1704,1075,169,42,1,1,1,1
1114,7,0,1106,140,39,1,1,1,1
1115,5,1866,1105,133,23,1,1,1,1
1115,6,1698,1075,169,42,1,1,1,1
1115,7,0,1106,149,39,1,1,1,1
1116,5,1870,1105,133,23,1,1,1,1
1116,6,1693,1075,170,42,1,1,1,1
1116,7,0,1106,157,39,1,1,1,1
1117,5,1874,1105,133,23,1,1,1,1
1117,6,1687,1075,170,42,1,1,1,1
1117,7,0,1106,166,39,1,1,1,1
1118,5,1879,1105,132,23,1,1,1,1
1118,6,1682,1075,171,42,1,1,1,1
1118,7,0,1107,174,39,1,1,1,1
1119,5,1883,1105,132,23,1,1,1,1
1119,6,1676,1075,171,42,1,1,1,1
1119,7,0,1107,183,39,1,1,1,1
1120,5,1888,1104,131,23,1,1,1,1
1120,6,1671,1075,172,42,1,1,1,1
1120,7,0,1107,191,39,1,1,1,1
1121,5,1892,1104,131,23,1,1,1,1
1121,6,1665,1075,172,43,1,1,1,1
1121,7,0,1107,200,39,1,1,1,1
1122,5,1897,1104,130,23,1,1,1,1
1122,6,1660,1075,173,43,1,1,1,1
1122,7,0,1107,209,39,1,1,1,1
1123,5,1901,1104,130,23,1,1,1,1
1123,6,1654,1075,173,43,1,1,1,1
1123,7,0,1107,217,39,1,1,1,1
1124,5,1906,1104,130,23,1,1,1,1
1124,6,1649,1075,174,43,1,1,1,1
1124,7,0,1107,226,40,1,1,1,1
1125,5,1910,1104,129,23,1,1,1,1
1125,6,1643,1075,174,43,1,1,1,1
1125,7,0,1107,234,40,1,1,1,1
1126,5,1915,1104,129,23,1,1,1,1
1126,6,1637,1075,175,43,1,1,1,1
1126,7,0,1107,243,40,1,1,1,1
1127,5,1919,1104,128,23,1,1,1,1
1127,6,1631,1075,175,43,1,1,1,1
1127,7,0,1107,251,40,1,1,1,1
1128,5,1924,1103,128,23,1,1,1,1
1128,6,1624,1075,176,43,1,1,1,1
1128,7,0,1107,260,40,1,1,1,1
1129,5,1928,1103,127,23,1,1,1,1
1129,6,1618,1075,176,43,1,1,1,1
1129,7,0,1107,268,40,1,1,1,1
1130,5,1933,1103,127,23,1,1,1,1
1130,6,1612,1075,177,44,1,1,1,1
1130,7,0,1107,277,40,1,1,1,1
1131,5,1937,1103,127,23,1,1,1,1
1131,6,1606,1075,177,44,1,1,1,1
1131,7,0,1106,285,41,1,1,1,1
1132,5,1942,1103,126,23,1,1,1,1
1132,6,1600,1075,178,44,1,1,1,1
1132,7,0,1106,293,41,1,1,1,1
1133,5,1946,1103,126,23,1,1,1,1
1133,6,1593,1075,178,44,1,1,1,1
1133,7,0,1105,301,42,1,1,1,1
1134,5,1951,1103,125,23,1,1,1,1
1134,6,1587,1075,179,44,1,1,1,1
1134,7,0,1105,309,43,1,1,1,1
1135,5,1955,1102,125,23,1,1,1,1
1135,6,1581,1076,180,44,1,1,1,1
1135,7,0,1104,317,43,1,1,1,1
1136,5,1960,1102,124,23,1,1,1,1
1136,6,1575,1076,180,44,1,1,1,1
1136,7,0,1104,325,44,1,1,1,1
1137,5,1964,1102,124,23,1,1,1,1
1137,6,1569,1076,181,44,1,1,1,1
1137,7,0,1103,333,45,1,1,1,1
1138,5,1969,1102,123,23,1,1,1,1
1138,6,1562,1076,181,44,1,1,1,1
1138,7,1,1103,342,46,1,1,1,1
1139,5,1973,1102,123,23,1,1,1,1
1139,6,1556,1076,182,44,1,1,1,1
1139,7,1,1102,350,46,1,1,1,1
1140,5,1978,1102,123,23,1,1,1,1
1140,6,1550,1076,182,45,1,1,1,1
1140,7,1,1101,358,47,1,1,1,1
1141,5,1982,1102,122,23,1,1,1,1
1141,6,1544,1076,183,45,1,1,1,1
1141,7,1,1101,366,48,1,1,1,1
1142,5,1987,1101,122,23,1,1,1,1
1142,6,1538,1076,183,45,1,1,1,1
1142,7,1,1100,374,48,1,1,1,1
1143,5,1991,1101,121,23,1,1,1,1
1143,6,1531,1076,184,45,1,1,1,1
1143,7,1,1100,382,49,1,1,1,1
1144,5,1996,1101,121,23,1,1,1,1
1144,6,1525,1076,184,45,1,1,1,1
1144,7,1,1099,390,50,1,1,1,1
1145,5,2000,1101,120,23,1,1,1,1
1145,6,1519,1076,185,45,1,1,1,1
1145,7,1,1099,398,50,1,1,1,1
1146,5,2005,1101,120,23,1,1,1,1
1146,6,1513,1076,186,45,1,1,1,1
1146,7,1,1098,406,51,1,1,1,1
1147,5,2009,1101,120,23,1,1,1,1
1147,6,1506,1076,187,45,1,1,1,1
1147,7,7,1097,408,52,1,1,1,1
1148,5,2014,1101,119,23,1,1,1,1
1148,6,1500,1076,188,45,1,1,1,1
1148,7,14,1097,409,52,1,1,1,1
1149,5,2018,1101,119,23,1,1,1,1
1149,6,1493,1076,189,46,1,1,1,1
1149,7,20,1096,411,53,1,1,1,1
1150,5,2023,1100,118,23,1,1,1,1
1150,6,1487,1076,190,46,1,1,1,1
1150,7,29,1095,410,54,1,1,1,1
1151,5,2027,1100,118,23,1,1,1,1
1151,6,1480,1076,191,46,1,1,1,1
1151,7,38,1095,409,54,1,1,1,1
1152,5,2032,1100,117,23,1,1,1,1
1152,6,1474,1076,192,46,1,1,1,1
1152,7,47,1094,409,55,1,1,1,1
1153,5,2036,1100,117,23,1,1,1,1
1153,6,1468,1076,193,46,1,1,1,1
1153,7,56,1094,408,55,1,1,1,1
1154,5,2040,1100,117,23,1,1,1,1
1154,6,1461,1076,194,46,1,1,1,1
1154,7,65,1093,407,56,1,1,1,1
1155,5,2044,1100,116,23,1,1,1,1
1155,6,1455,1076,195,46,1,1,1,1
1155,7,73,1093,406,56,1,1,1,1
1156,5,2048,1100,116,23,1,1,1,1
1156,6,1448,1076,196,47,1,1,1,1
1156,7,82,1093,405,56,1,1,1,1
1157,5,2052,1100,115,23,1,1,1,1
1157,6,1442,1076,197,47,1,1,1,1
1157,7,90,1093,404,56,1,1,1,1
1158,5,2056,1100,115,23,1,1,1,1
1158,6,1435,1076,198,47,1,1,1,1
1158,7,98,1094,403,55,1,1,1,1
1159,5,2060,1100,115,23,1,1,1,1
1159,6,1429,1076,199,47,1,1,1,1
1159,7,107,1094,402,55,1,1,1,1
1160,5,2064,1099,114,22,1,1,1,1
1160,6,1422,1076,200,47,1,1,1,1
1160,7,115,1094,401,55,1,1,1,1
1161,5,2068,1099,114,22,1,1,1,1
1161,6,1414,1076,201,47,1,1,1,1
1161,7,123,1094,400,55,1,1,1,1
1162,5,2072,1099,113,22,1,1,1,1
1162,6,1407,1076,202,47,1,1,1,1
1162,7,131,1094,400,55,1,1,1,1
1163,5,2076,1099,113,22,1,1,1,1
1163,6,1400,1076,203,47,1,1,1,1
1163,7,140,1094,399,55,1,1,1,1
1164,5,2080,1099,112,22,1,1,1,1
1164,6,1392,1076,204,47,1,1,1,1
1164,7,148,1095,398,55,1,1,1,1
1165,5,2084,1099,112,22,1,1,1,1
1165,6,1385,1076,205,47,1,1,1,1
1165,7,156,1095,397,55,1,1,1,1
1166,5,2088,1099,112,22,1,1,1,1
1166,6,1377,1076,206,47,1,1,1,1
1166,7,165,1095,396,54,1,1,1,1
1167,5,2091,1099,112,22,1,1,1,1
1167,6,1370,1077,207,47,1,1,1,1
1167,7,173,1095,395,54,1,1,1,1
1168,5,2095,1099,112,22,1,1,1,1
1168,6,1363,1077,208,47,1,1,1,1
1168,7,181,1095,394,54,1,1,1,1
1169,5,2099,1099,111,22,1,1,1,1
1169,6,1355,1077,209,47,1,1,1,1
1169,7,190,1095,393,54,1,1,1,1
1170,5,2102,1098,111,22,1,1,1,1
1170,6,1348,1077,210,47,1,1,1,1
1170,7,198,1095,392,54,1,1,1,1
1171,5,2106,1098,111,22,1,1,1,1
1171,6,1341,1077,211,47,1,1,1,1
1171,7,206,1096,391,54,1,1,1,1
1172,5,2109,1098,111,22,1,1,1,1
1172,6,1333,1077,212,47,1,1,1,1
1172,7,215,1096,390,54,1,1,1,1
1173,5,2113,1098,111,22,1,1,1,1
1173,6,1326,1077,213,47,1,1,1,1
1173,7,223,1096,389,53,1,1,1,1
1174,5,2117,1098,111,22,1,1,1,1
1174,6,1319,1077,215,48,1,1,1,1
1174,7,231,1096,388,53,1,1,1,1
1175,5,2120,1098,111,22,1,1,1,1
1175,6,1311,1077,216,48,1,1,1,1
1175,7,240,1096,387,53,1,1,1,1
1176,5,2124,1098,110,22,1,1,1,1
1176,6,1304,1077,217,48,1,1,1,1
1176,7,248,1096,386,53,1,1,1,1
1177,5,2128,1098,110,22,1,1,1,1
1177,6,1296,1077,218,48,1,1,1,1
1177,7,256,1097,386,53,1,1,1,1
1178,5,2131,1098,110,22,1,1,1,1
1178,6,1289,1077,219,48,1,1,1,1
1178,7,264,1097,385,53,1,1,1,1
1179,5,2135,1097,110,22,1,1,1,1
1179,6,1282,1077,220,48,1,1,1,1
1179,7,273,1097,384,53,1,1,1,1
1179,8,0,1198,33,57,1,1,1,1
1180,5,2138,1097,110,22,1,1,1,1
1180,6,1274,1077,221,48,1,1,1,1
1180,7,281,1097,383,53,1,1,1,1
1180,8,0,1194,79,62,1,1,1,1
1181,5,2142,1097,110,22,1,1,1,1
1181,6,1267,1077,222,48,1,1,1,1
1181,7,289,1097,382,52,1,1,1,1
1181,8,0,1190,124,67,1,1,1,1
1182,5,2146,1097,109,22,1,1,1,1
1182,6,1260,1078,223,48,1,1,1,1
1182,7,298,1097,381,52,1,1,1,1
1182,8,0,1185,170,71,1,1,1,1
1183,5,2149,1097,109,22,1,1,1,1
1183,6,1252,1078,224,48,1,1,1,1
1183,7,306,1098,380,52,1,1,1,1
1183,8,0,1181,215,76,1,1,1,1
1184,5,2153,1097,109,22,1,1,1,1
1184,6,1245,1078,225,48,1,1,1,1
1184,7,314,1098,379,52,1,1,1,1
1184,8,0,1177,261,81,1,1,1,1
1185,5,2157,1097,109,22,1,1,1,1
1185,6,1237,1078,226,48,1,1,1,1
1185,7,323,1098,378,52,1,1,1,1
1185,8,17,1173,288,86,1,1,1,1
1186,5,2160,1097,109,22,1,1,1,1
1186,6,1230,1078,227,48,1,1,1,1
1186,7,331,1098,377,52,1,1,1,1
1186,8,32,1169,319,91,1,1,1,1
1187,5,2164,1097,109,22,1,1,1,1
1187,6,1223,1078,228,48,1,1,1,1
1187,7,339,1098,376,52,1,1,1,1
1187,8,80,1164,315,96,1,1,1,1
1188,5,2167,1096,109,22,1,1,1,1
1188,6,1215,1078,229,48,1,1,1,1
1188,7,348,1098,375,51,1,1,1,1
1188,8,125,1164,313,96,1,1,1,1
1189,5,2171,1096,108,22,1,1,1,1
1189,6,1208,1078,230,48,1,1,1,1
1189,7,356,1098,374,51,1,1,1,1
1189,8,169,1164,312,95,1,1,1,1
1190,5,2175,1096,108,22,1,1,1,1
1190,6,1200,1078,231,48,1,1,1,1
1190,7,364,1099,373,51,1,1,1,1
1190,8,214,1164,310,95,1,1,1,1
1191,5,2178,1096,108,22,1,1,1,1
1191,6,1191,1078,232,48,1,1,1,1
1191,7,373,1099,372,51,1,1,1,1
1191,8,259,1164,309,95,1,1,1,1
1192,5,2182,1096,108,22,1,1,1,1
1192,6,1183,1078,234,48,1,1,1,1
1192,7,381,1099,372,51,1,1,1,1
1192,8,303,1164,307,94,1,1,1,1
1193,5,2185,1096,108,22,1,1,1,1
1193,6,1174,1078,235,48,1,1,1,1
1193,7,389,1099,371,51,1,1,1,1
1193,8,348,1163,306,94,1,1,1,1
1194,5,2189,1096,108,22,1,1,1,1
1194,6,1166,1078,236,48,1,1,1,1
1194,7,397,1099,370,51,1,1,1,1
1194,8,392,1163,304,93,1,1,1,1
1195,5,2192,1096,107,22,1,1,1,1
1195,6,1158,1078,237,48,1,1,1,1
1195,7,406,1099,369,51,1,1,1,1
1195,8,437,1163,303,93,1,1,1,1
1196,5,2196,1096,107,22,1,1,1,1
1196,6,1149,1078,238,48,1,1,1,1
1196,7,414,1100,368,50,1,1,1,1
1196,8,482,1163,301,93,1,1,1,1
1197,5,2199,1096,107,22,1,1,1,1
1197,6,1141,1078,240,48,1,1,1,1
1197,7,422,1100,367,50,1,1,1,1
1197,8,526,1163,300,92,1,1,1,1
1198,5,2203,1095,107,22,1,1,1,1
1198,6,1132,1078,241,48,1,1,1,1
1198,7,431,1100,366,50,1,1,1,1
1198,8,571,1163,298,92,1,1,1,1
1199,5,2206,1095,106,22,1,1,1,1
1199,6,1124,1078,242,48,1,1,1,1
1199,7,439,1100,365,50,1,1,1,1
1199,8,615,1163,295,92,1,1,1,1
1200,5,2209,1095,106,22,1,1,1,1
1200,6,1115,1078,243,48,1,1,1,1
1200,7,446,1100,364,50,1,1,1,1
1200,8,658,1163,292,91,1,1,1,1
1201,5,2213,1095,106,22,1,1,1,1
1201,6,1107,1079,245,49,1,1,1,1
1201,7,454,1100,363,50,1,1,1,1
1201,8,702,1163,290,91,1,1,1,1
1202,5,2216,1095,106,22,1,1,1,1
1202,6,1099,1079,246,49,1,1,1,1
1202,7,461,1100,362,50,1,1,1,1
1202,8,745,1163,287,91,1,1,1,1
1203,5,2220,1095,105,22,1,1,1,1
1203,6,1090,1079,247,49,1,1,1,1
1203,7,469,1100,361,50,1,1,1,1
1203,8,789,1163,284,90,1,1,1,1
1204,5,2223,1095,105,22,1,1,1,1
1204,6,1082,1079,248,49,1,1,1,1
1204,7,476,1100,361,50,1,1,1,1
1204,8,832,1163,281,90,1,1,1,1
1205,5,2227,1095,105,22,1,1,1,1
1205,6,1073,1079,249,49,1,1,1,1
1205,7,484,1100,360,50,1,1,1,1
1205,8,873,1163,278,90,1,1,1,1
1206,5,2230,1095,105,22,1,1,1,1
1206,6,1065,1079,251,49,1,1,1,1
1206,7,491,1100,359,50,1,1,1,1
1206,8,914,1163,276,89,1,1,1,1
1207,5,2234,1095,105,22,1,1,1,1
1207,6,1057,1079,252,49,1,1,1,1
1207,7,499,1100,358,50,1,1,1,1
1207,8,955,1163,273,89,1,1,1,1
1208,5,2237,1094,104,21,1,1,1,1
1208,6,1048,1079,253,49,1,1,1,1
1208,7,506,1100,357,50,1,1,1,1
1208,8,995,1163,270,89,1,1,1,1
1209,5,2240,1094,104,21,1,1,1,1
1209,6,1040,1079,254,49,1,1,1,1
1209,7,514,1100,356,49,1,1,1,1
1209,8,1036,1163,268,88,1,1,1,1
1210,5,2244,1094,104,21,1,1,1,1
1210,6,1031,1079,255,49,1,1,1,1
1210,7,521,1100,355,49,1,1,1,1
1210,8,1077,1163,265,88,1,1,1,1
1211,5,2247,1094,104,21,1,1,1,1
1211,6,1023,1079,257,49,1,1,1,1
1211,7,529,1100,354,49,1,1,1,1
1211,8,1114,1162,263,87,1,1,1,1
1212,5,2251,1094,103,21,1,1,1,1
1212,6,1014,1079,258,49,1,1,1,1
1212,7,536,1100,353,49,1,1,1,1
1212,8,1151,1162,261,87,1,1,1,1
1213,5,2254,1094,103,21,1,1,1,1
1213,6,1006,1079,259,49,1,1,1,1
1213,7,544,1100,352,49,1,1,1,1
1213,8,1188,1161,259,86,1,1,1,1
1214,5,2258,1094,103,21,1,1,1,1
1214,6,997,1079,260,49,1,1,1,1
1214,7,551,1100,352,49,1,1,1,1
1214,8,1225,1161,258,86,1,1,1,1
1215,5,2261,1094,103,21,1,1,1,1
1215,6,988,1080,261,48,1,1,1,1
1215,7,559,1100,351,49,1,1,1,1
1215,8,1262,1160,256,85,1,1,1,1
1216,5,2264,1094,102,21,1,1,1,1
1216,6,979,1080,262,48,1,1,1,1
1216,7,566,1100,350,49,1,1,1,1
1216,8,1299,1159,254,84,1,1,1,1
1217,5,2268,1094,102,21,1,1,1,1
1217,6,970,1080,263,48,1,1,1,1
1217,7,574,1100,349,49,1,1,1,1
1217,8,1336,1159,252,84,1,1,1,1
1218,5,2271,1093,102,21,1,1,1,1
1218,6,961,1080,264,48,1,1,1,1
1218,7,581,1100,348,49,1,1,1,1
1218,8,1373,1158,250,83,1,1,1,1
1219,5,2275,1093,102,21,1,1,1,1
1219,6,952,1081,265,47,1,1,1,1
1219,7,588,1100,347,49,1,1,1,1
1219,8,1408,1157,246,82,1,1,1,1
1220,5,2278,1093,101,21,1,1,1,1
1220,6,943,1081,266,47,1,1,1,1
1220,7,595,1100,346,49,1,1,1,1
1220,8,1444,1157,243,82,1,1,1,1
1221,5,2282,1093,101,21,1,1,1,1
1221,6,933,1081,267,47,1,1,1,1
1221,7,602,1100,346,49,1,1,1,1
1221,8,1479,1156,239,81,1,1,1,1
1222,5,2285,1093,101,21,1,1,1,1
1222,6,923,1081,268,47,1,1,1,1
1222,7,609,1100,345,49,1,1,1,1
1222,8,1515,1156,236,81,1,1,1,1
1223,5,2288,1093,101,21,1,1,1,1
1223,6,913,1081,270,47,1,1,1,1
1223,7,616,1100,344,49,1,1,1,1
1223,8,1550,1155,232,80,1,1,1,1
1224,5,2291,1093,101,21,1,1,1,1
1224,6,904,1080,271,48,1,1,1,1
1224,7,623,1100,343,49,1,1,1,1
1224,8,1586,1155,229,80,1,1,1,1
1225,5,2294,1093,100,21,1,1,1,1
1225,6,894,1080,272,48,1,1,1,1
1225,7,630,1100,342,49,1,1,1,1
1225,8,1621,1154,225,79,1,1,1,1
1226,5,2298,1093,100,21,1,1,1,1
1226,6,884,1080,273,48,1,1,1,1
1226,7,637,1100,342,49,1,1,1,1
1226,8,1654,1154,222,78,1,1,1,1
1227,5,2301,1093,100,21,1,1,1,1
1227,6,874,1080,275,48,1,1,1,1
1227,7,644,1100,341,49,1,1,1,1
1227,8,1687,1153,219,78,1,1,1,1
1228,5,2304,1092,100,21,1,1,1,1
1228,6,864,1080,276,48,1,1,1,1
1228,7,651,1100,340,49,1,1,1,1
1228,8,1720,1153,216,77,1,1,1,1
1229,5,2307,1092,99,21,1,1,1,1
1229,6,854,1080,277,48,1,1,1,1
1229,7,658,1100,339,49,1,1,1,1
1229,8,1753,1152,213,76,1,1,1,1
1230,5,2310,1092,99,21,1,1,1,1
1230,6,844,1080,278,48,1,1,1,1
1230,7,665,1100,338,49,1,1,1,1
1230,8,1783,1151,210,76,1,1,1,1
1231,5,2313,1092,99,21,1,1,1,1
1231,6,834,1080,279,48,1,1,1,1
1231,7,672,1100,338,49,1,1,1,1
1231,8,1813,1150,207,75,1,1,1,1
1232,5,2316,1092,99,21,1,1,1,1
1232,6,825,1079,281,49,1,1,1,1
1232,7,679,1100,337,49,1,1,1,1
1232,8,1843,1150,204,75,1,1,1,1
1233,5,2320,1092,98,21,1,1,1,1
1233,6,815,1079,282,49,1,1,1,1
1233,7,686,1100,336,49,1,1,1,1
1233,8,1873,1149,200,74,1,1,1,1
1234,5,2323,1092,98,20,1,1,1,1
1234,6,805,1079,283,49,1,1,1,1
1234,7,693,1100,335,49,1,1,1,1
1234,8,1903,1148,197,74,1,1,1,1
1235,5,2326,1092,98,20,1,1,1,1
1235,6,795,1079,284,49,1,1,1,1
1235,7,700,1100,334,49,1,1,1,1
1235,8,1933,1147,194,73,1,1,1,1
1236,5,2329,1092,98,20,1,1,1,1
1236,6,785,1079,285,49,1,1,1,1
1236,7,707,1101,334,49,1,1,1,1
1236,8,1960,1146,194,73,1,1,1,1
1237,5,2332,1092,97,20,1,1,1,1
1237,6,775,1079,287,49,1,1,1,1
1237,7,714,1101,333,48,1,1,1,1
1237,8,1987,1145,193,72,1,1,1,1
1238,5,2335,1092,97,20,1,1,1,1
1238,6,765,1079,288,49,1,1,1,1
1238,7,721,1101,332,48,1,1,1,1
1238,8,2014,1145,193,72,1,1,1,1
1239,5,2339,1092,97,20,1,1,1,1
1239,6,755,1079,289,49,1,1,1,1
1239,7,728,1101,331,48,1,1,1,1
1239,8,2041,1144,192,71,1,1,1,1
1240,5,2342,1091,97,20,1,1,1,1
1240,6,746,1078,290,50,1,1,1,1
1240,7,735,1101,330,48,1,1,1,1
1240,8,2068,1143,192,71,1,1,1,1
1241,5,2345,1091,97,20,1,1,1,1
1241,6,736,1078,292,50,1,1,1,1
1241,7,742,1101,329,48,1,1,1,1
1241,8,2094,1142,189,71,1,1,1,1
1242,5,2348,1091,96,20,1,1,1,1
1242,6,726,1078,293,50,1,1,1,1
1242,7,749,1101,329,48,1,1,1,1
1242,8,2120,1141,186,71,1,1,1,1
1243,5,2351,1091,96,20,1,1,1,1
1243,6,716,1078,294,50,1,1,1,1
1243,7,756,1101,328,48,1,1,1,1
1243,8,2147,1140,183,71,1,1,1,1
1244,5,2354,1091,96,20,1,1,1,1
1244,6,705,1078,295,50,1,1,1,1
1244,7,763,1101,327,48,1,1,1,1
1244,8,2173,1139,180,71,1,1,1,1
1245,5,2357,1091,96,20,1,1,1,1
1245,6,695,1078,296,50,1,1,1,1
1245,7,770,1101,326,48,1,1,1,1
1245,8,2199,1138,177,71,1,1,1,1
1246,5,2361,1091,95,20,1,1,1,1
1246,6,684,1078,297,50,1,1,1,1
1246,7,777,1101,325,48,1,1,1,1
1246,8,2225,1136,173,70,1,1,1,1
1247,5,2364,1091,95,20,1,1,1,1
1247,6,674,1078,298,51,1,1,1,1
1247,7,784,1101,325,48,1,1,1,1
1247,8,2251,1135,170,70,1,1,1,1
1248,5,2367,1091,95,20,1,1,1,1
1248,6,663,1078,299,51,1,1,1,1
1248,7,791,1101,324,48,1,1,1,1
1248,8,2278,1134,167,70,1,1,1,1
1249,5,2370,1091,95,20,1,1,1,1
1249,6,652,1077,300,51,1,1,1,1
1249,7,798,1101,323,48,1,1,1,1
1249,8,2304,1133,164,70,1,1,1,1
1250,5,2373,1091,94,20,1,1,1,1
1250,6,642,1077,301,51,1,1,1,1
1250,7,805,1101,322,48,1,1,1,1
1250,8,2330,1132,161,70,1,1,1,1
1251,5,2376,1091,94,20,1,1,1,1
1251,6,631,1077,302,51,1,1,1,1
1251,7,812,1101,321,48,1,1,1,1
1251,8,2351,1132,161,70,1,1,1,1
1252,5,2379,1090,94,20,1,1,1,1
1252,6,621,1077,303,51,1,1,1,1
1252,7,819,1101,321,48,1,1,1,1
1252,8,2371,1132,162,69,1,1,1,1
1253,5,2383,1090,94,20,1,1,1,1
1253,6,610,1077,305,52,1,1,1,1
1253,7,826,1101,320,48,1,1,1,1
1253,8,2392,1132,162,69,1,1,1,1
1254,5,2386,1090,94,20,1,1,1,1
1254,6,599,1077,306,52,1,1,1,1
1254,7,833,1101,319,48,1,1,1,1
1254,8,2411,1131,150,69,1,1,1,1
1255,5,2389,1090,93,20,1,1,1,1
1255,6,589,1077,307,52,1,1,1,1
1255,7,839,1101,318,48,1,1,1,1
1255,8,2431,1130,130,69,1,1,1,1
1256,5,2392,1090,93,20,1,1,1,1
1256,6,578,1077,308,52,1,1,1,1
1256,7,846,1101,317,48,1,1,1,1
1256,8,2450,1128,110,68,1,1,1,1
1257,5,2395,1090,93,20,1,1,1,1
1257,6,568,1077,309,52,1,1,1,1
1257,7,852,1101,317,48,1,1,1,1
1257,8,2470,1130,91,65,1,1,1,1
1258,5,2398,1090,93,19,1,1,1,1
1258,6,557,1077,310,52,1,1,1,1
1258,7,859,1101,316,48,1,1,1,1
1258,8,2489,1131,71,61,1,1,1,1
1259,5,2402,1090,92,19,1,1,1,1
1259,6,546,1076,311,52,1,1,1,1
1259,7,865,1101,315,48,1,1,1,1
1259,8,2507,1151,53,39,1,1,1,1
1260,5,2405,1090,92,19,1,1,1,1
1260,6,536,1076,312,53,1,1,1,1
1260,7,871,1101,314,47,1,1,1,1
1260,8,2525,1152,35,39,1,1,1,1
1261,5,2408,1090,92,19,1,1,1,1
1261,6,525,1076,313,53,1,1,1,1
1261,7,878,1101,314,47,1,1,1,1
1262,5,2411,1090,92,19,1,1,1,1
1262,6,515,1076,314,53,1,1,1,1
1262,7,884,1101,313,47,1,1,1,1
1263,5,2414,1090,91,19,1,1,1,1
1263,6,504,1076,315,53,1,1,1,1
1263,7,891,1101,312,47,1,1,1,1
1264,5,2417,1089,91,19,1,1,1,1
1264,6,492,1076,316,53,1,1,1,1
1264,7,897,1101,311,47,1,1,1,1
1265,5,2420,1089,91,19,1,1,1,1
1265,6,481,1076,317,53,1,1,1,1
1265,7,904,1101,311,47,1,1,1,1
1266,5,2424,1089,91,19,1,1,1,1
1266,6,469,1075,319,54,1,1,1,1
1266,7,910,1101,310,47,1,1,1,1
1267,5,2427,1089,90,19,1,1,1,1
1267,6,458,1075,320,54,1,1,1,1
1267,7,916,1101,309,47,1,1,1,1
1268,5,2430,1089,90,19,1,1,1,1
1268,6,446,1075,321,54,1,1,1,1
1268,7,923,1101,308,47,1,1,1,1
1269,5,2433,1089,90,19,1,1,1,1
1269,6,434,1075,322,54,1,1,1,1
1269,7,929,1101,307,47,1,1,1,1
1270,5,2436,1089,90,19,1,1,1,1
1270,6,423,1074,324,55,1,1,1,1
1270,7,936,1101,307,47,1,1,1,1
1271,5,2439,1089,90,19,1,1,1,1
1271,6,411,1074,325,55,1,1,1,1
1271,7,942,1101,306,46,1,1,1,1
1272,5,2442,1089,89,19,1,1,1,1
1272,6,400,1074,326,55,1,1,1,1
1272,7,948,1101,305,46,1,1,1,1
1273,5,2444,1089,89,19,1,1,1,1
1273,6,388,1074,327,55,1,1,1,1
1273,7,955,1101,304,46,1,1,1,1
1274,5,2447,1089,89,19,1,1,1,1
1274,6,377,1073,329,56,1,1,1,1
1274,7,961,1101,304,46,1,1,1,1
1275,5,2450,1089,89,19,1,1,1,1
1275,6,365,1073,330,56,1,1,1,1
1275,7,968,1101,303,46,1,1,1,1
1276,5,2453,1089,89,20,1,1,1,1
1276,6,353,1073,331,56,1,1,1,1
1276,7,974,1101,302,46,1,1,1,1
1277,5,2456,1088,88,20,1,1,1,1
1277,6,342,1073,332,56,1,1,1,1
1277,7,980,1101,301,46,1,1,1,1
1278,5,2459,1088,88,20,1,1,1,1
1278,6,330,1072,334,57,1,1,1,1
1278,7,986,1101,300,46,1,1,1,1
1279,5,2462,1088,88,20,1,1,1,1
1279,6,319,1072,335,57,1,1,1,1
1279,7,992,1101,300,46,1,1,1,1
1280,5,2464,1088,88,20,1,1,1,1
1280,6,307,1072,336,57,1,1,1,1
1280,7,997,1101,299,46,1,1,1,1
1281,5,2467,1088,87,20,1,1,1,1
1281,6,295,1072,337,57,1,1,1,1
1281,7,1003,1101,298,45,1,1,1,1
1282,5,2470,1088,87,20,1,1,1,1
1282,6,282,1072,339,58,1,1,1,1
1282,7,1009,1101,297,45,1,1,1,1
1283,5,2473,1088,87,20,1,1,1,1
1283,6,270,1071,340,58,1,1,1,1
1283,7,1015,1101,297,45,1,1,1,1
1284,5,2476,1088,84,20,1,1,1,1
1284,6,257,1071,341,58,1,1,1,1
1284,7,1021,1101,296,45,1,1,1,1
1285,5,2478,1088,82,20,1,1,1,1
1285,6,245,1071,343,58,1,1,1,1
1285,7,1027,1101,295,45,1,1,1,1
1286,5,2481,1088,79,20,1,1,1,1
1286,6,232,1071,344,59,1,1,1,1
1286,7,1032,1101,294,45,1,1,1,1
1287,5,2483,1088,77,20,1,1,1,1
1287,6,220,1071,346,59,1,1,1,1
1287,7,1038,1101,294,45,1,1,1,1
1288,5,2486,1088,74,20,1,1,1,1
1288,6,208,1070,347,59,1,1,1,1
1288,7,1044,1101,293,45,1,1,1,1
1289,5,2489,1088,71,20,1,1,1,1
1289,6,195,1070,348,60,1,1,1,1
1289,7,1050,1101,292,45,1,1,1,1
1290,5,2491,1087,69,20,1,1,1,1
1290,6,183,1070,350,60,1,1,1,1
1290,7,1056,1101,291,44,1,1,1,1
1291,5,2494,1087,66,20,1,1,1,1
1291,6,170,1070,351,60,1,1,1,1
1291,7,1062,1101,290,44,1,1,1,1
1292,5,2496,1087,64,20,1,1,1,1
1292,6,158,1069,352,60,1,1,1,1
1292,7,1067,1101,290,44,1,1,1,1
1293,5,2499,1087,61,20,1,1,1,1
1293,6,145,1069,354,61,1,1,1,1
1293,7,1073,1101,289,44,1,1,1,1
1294,5,2502,1087,58,20,1,1,1,1
1294,6,133,1069,355,61,1,1,1,1
1294,7,1079,1101,288,44,1,1,1,1
1295,5,2504,1087,56,20,1,1,1,1
1295,6,120,1069,356,61,1,1,1,1
1295,7,1085,1101,287,44,1,1,1,1
1296,5,2507,1087,53,19,1,1,1,1
1296,6,108,1069,357,61,1,1,1,1
1296,7,1091,1101,287,44,1,1,1,1
1297,5,2509,1087,51,19,1,1,1,1
1297,6,95,1068,358,62,1,1,1,1
1297,7,1097,1101,286,44,1,1,1,1
1298,5,2512,1087,48,19,1,1,1,1
1298,6,82,1068,359,62,1,1,1,1
1298,7,1103,1101,285,44,1,1,1,1
1299,5,2515,1087,45,19,1,1,1,1
1299,6,70,1068,360,62,1,1,1,1
1299,7,1108,1101,284,43,1,1,1,1
1300,5,2517,1087,43,19,1,1,1,1
1300,6,57,1068,361,62,1,1,1,1
1300,7,1114,1101,283,43,1,1,1,1
1301,5,2520,1087,40,19,1,1,1,1
1301,6,44,1067,362,63,1,1,1,1
1301,7,1120,1101,283,43,1,1,1,1
1302,5,2522,1086,38,19,1,1,1,1
1302,6,32,1067,363,63,1,1,1,1
1302,7,1126,1101,282,43,1,1,1,1
1303,5,2525,1086,35,19,1,1,1,1
1303,6,19,1067,364,63,1,1,1,1
1303,7,1132,1101,281,43,1,1,1,1
1304,5,2528,1086,32,19,1,1,1,1
1304,6,7,1067,364,63,1,1,1,1
1304,7,1138,1101,280,43,1,1,1,1
1305,5,2530,1086,30,19,1,1,1,1
1305,6,2,1067,357,63,1,1,1,1
1305,7,1143,1101,280,43,1,1,1,1
1306,5,2533,1086,27,19,1,1,1,1
1306,6,0,1067,347,63,1,1,1,1
1306,7,1149,1101,279,43,1,1,1,1
1307,5,2535,1086,25,19,1,1,1,1
1307,6,-1,1066,337,63,1,1,1,1
1307,7,1155,1101,278,42,1,1,1,1
1308,5,2538,1086,22,19,1,1,1,1
1308,6,-1,1066,325,63,1,1,1,1
1308,7,1161,1101,277,42,1,1,1,1
1309,5,2542,1085,18,21,1,1,1,1
1309,6,-1,1066,312,63,1,1,1,1
1309,7,1167,1101,277,42,1,1,1,1
1310,5,2545,1088,15,17,1,1,1,1
1310,6,-1,1066,300,63,1,1,1,1
1310,7,1173,1101,276,42,1,1,1,1
1311,5,2547,1088,13,17,1,1,1,1
1311,6,0,1065,288,62,1,1,1,1
1311,7,1178,1101,275,42,1,1,1,1
1312,5,2550,1088,10,17,1,1,1,1
1312,6,0,1065,275,62,1,1,1,1
1312,7,1184,1101,274,42,1,1,1,1
1313,5,2552,1088,10,17,1,1,1,1
1313,6,0,1065,263,62,1,1,1,1
1313,7,1190,1101,273,42,1,1,1,1
1314,6,1,1065,250,62,1,1,1,1
1314,7,1196,1101,273,42,1,1,1,1
1315,6,2,1065,236,62,1,1,1,1
1315,7,1202,1101,272,42,1,1,1,1
1316,6,1,1065,225,62,1,1,1,1
1316,7,1208,1101,271,41,1,1,1,1
1317,6,0,1065,213,62,1,1,1,1
1317,7,1213,1101,270,41,1,1,1,1
1318,6,0,1066,200,61,1,1,1,1
1318,7,1219,1101,270,41,1,1,1,1
1319,6,0,1066,187,60,1,1,1,1
1319,7,1225,1101,269,41,1,1,1,1
1320,6,0,1067,174,59,1,1,1,1
1320,7,1231,1101,268,41,1,1,1,1
1321,6,0,1068,161,58,1,1,1,1
1321,7,1236,1101,267,41,1,1,1,1
1322,6,0,1068,148,57,1,1,1,1
1322,7,1241,1101,267,41,1,1,1,1
1323,6,0,1069,135,56,1,1,1,1
1323,7,1246,1101,266,41,1,1,1,1
1324,6,0,1070,122,55,1,1,1,1
1324,7,1251,1101,266,41,1,1,1,1
1324,9,2549,1067,11,24,1,1,1,1
1325,6,0,1070,109,54,1,1,1,1
1325,7,1256,1101,265,41,1,1,1,1
1325,9,2546,1066,14,27,1,1,1,1
1326,6,0,1071,96,53,1,1,1,1
1326,7,1262,1101,264,41,1,1,1,1
1326,9,2546,1066,14,24,1,1,1,1
1327,6,0,1072,83,52,1,1,1,1
1327,7,1267,1101,264,41,1,1,1,1
1327,9,2541,1067,19,25,1,1,1,1
1328,6,0,1072,70,51,1,1,1,1
1328,7,1272,1101,263,41,1,1,1,1
1328,9,2540,1066,20,27,1,1,1,1
1329,6,0,1073,57,50,1,1,1,1
1329,7,1277,1101,263,41,1,1,1,1
1329,9,2536,1067,24,24,1,1,1,1
1330,6,0,1072,44,50,1,1,1,1
1330,7,1282,1101,262,41,1,1,1,1
1330,9,2534,1067,26,24,1,1,1,1
1331,6,0,1073,33,49,1,1,1,1
1331,7,1287,1101,262,41,1,1,1,1
1331,9,2532,1067,28,25,1,1,1,1
1332,6,0,1075,18,45,1,1,1,1
1332,7,1292,1100,261,41,1,1,1,1
1332,9,2530,1067,30,25,1,1,1,1
1333,7,1297,1100,260,41,1,1,1,1
1333,9,2527,1067,33,25,1,1,1,1
1334,7,1302,1100,260,41,1,1,1,1
1334,9,2525,1067,35,25,1,1,1,1
1335,7,1307,1100,259,41,1,1,1,1
1335,9,2523,1067,37,26,1,1,1,1
1336,7,1312,1100,259,41,1,1,1,1
1336,9,2521,1067,39,26,1,1,1,1
1337,7,1318,1100,258,41,1,1,1,1
1337,9,2519,1066,41,26,1,1,1,1
1338,7,1323,1100,257,41,1,1,1,1
1338,9,2517,1066,43,26,1,1,1,1
1339,7,1328,1100,257,41,1,1,1,1
1339,9,2515,1066,45,27,1,1,1,1
1340,7,1333,1100,256,41,1,1,1,1
1340,9,2513,1066,47,27,1,1,1,1
1341,7,1338,1100,256,41,1,1,1,1
1341,9,2510,1066,50,27,1,1,1,1
1342,7,1343,1100,255,41,1,1,1,1
1342,9,2508,1066,52,27,1,1,1,1
1343,7,1348,1100,254,40,1,1,1,1
1343,9,2506,1066,54,28,1,1,1,1
1344,7,1353,1100,254,40,1,1,1,1
1344,9,2504,1066,56,28,1,1,1,1
1345,7,1358,1100,253,40,1,1,1,1
1345,9,2502,1066,58,28,1,1,1,1
1346,7,1363,1100,253,40,1,1,1,1
1346,9,2500,1066,61,28,1,1,1,1
1347,7,1368,1100,252,40,1,1,1,1
1347,9,2497,1066,63,28,1,1,1,1
1348,7,1374,1100,251,40,1,1,1,1
1348,9,2495,1066,65,28,1,1,1,1
1349,7,1379,1100,251,40,1,1,1,1
1349,9,2493,1066,68,28,1,1,1,1
1350,7,1384,1100,250,40,1,1,1,1
1350,9,2491,1066,70,28,1,1,1,1
1351,7,1389,1100,250,40,1,1,1,1
1351,9,2488,1065,72,29,1,1,1,1
1352,7,1394,1100,249,40,1,1,1,1
1352,9,2486,1065,74,29,1,1,1,1
1353,7,1399,1100,249,40,1,1,1,1
1353,9,2484,1065,77,29,1,1,1,1
1354,7,1404,1099,248,40,1,1,1,1
1354,9,2482,1065,79,29,1,1,1,1
1355,7,1409,1099,247,40,1,1,1,1
1355,9,2479,1065,81,29,1,1,1,1
1356,7,1414,1099,247,40,1,1,1,1
1356,9,2477,1065,84,29,1,1,1,1
1357,7,1419,1099,246,40,1,1,1,1
1357,9,2475,1065,86,29,1,1,1,1
1358,7,1424,1099,246,40,1,1,1,1
1358,9,2473,1065,86,29,1,1,1,1
1359,7,1430,1099,245,40,1,1,1,1
1359,9,2471,1065,87,29,1,1,1,1
1360,7,1435,1099,244,40,1,1,1,1
1360,9,2468,1064,87,30,1,1,1,1
1361,7,1440,1099,244,40,1,1,1,1
1361,9,2466,1064,88,30,1,1,1,1
1362,7,1445,1099,243,40,1,1,1,1
1362,9,2464,1064,88,30,1,1,1,1
1363,7,1450,1099,243,40,1,1,1,1
1363,9,2462,1064,88,30,1,1,1,1
1364,7,1455,1099,242,40,1,1,1,1
1364,9,2460,1064,88,30,1,1,1,1
1365,7,1459,1099,241,40,1,1,1,1
1365,9,2458,1064,89,30,1,1,1,1
1366,7,1464,1099,241,40,1,1,1,1
1366,9,2455,1063,89,30,1,1,1,1
1367,7,1468,1099,240,40,1,1,1,1
1367,9,2453,1063,89,30,1,1,1,1
1368,7,1473,1099,240,40,1,1,1,1
1368,9,2451,1063,89,30,1,1,1,1
1369,7,1477,1099,239,40,1,1,1,1
1369,9,2448,1063,89,30,1,1,1,1
1370,7,1482,1099,239,40,1,1,1,1
1370,9,2446,1063,89,30,1,1,1,1
1371,7,1486,1099,238,40,1,1,1,1
1371,9,2443,1063,89,30,1,1,1,1
1372,7,1491,1098,238,40,1,1,1,1
1372,9,2441,1063,89,30,1,1,1,1
1373,7,1495,1098,237,40,1,1,1,1
1373,9,2438,1063,89,30,1,1,1,1
1374,7,1500,1098,236,40,1,1,1,1
1374,9,2436,1063,90,30,1,1,1,1
1375,7,1504,1098,236,40,1,1,1,1
1375,9,2433,1063,90,30,1,1,1,1
1376,7,1509,1098,235,39,1,1,1,1
1376,9,2430,1063,90,30,1,1,1,1
1377,7,1513,1098,235,39,1,1,1,1
1377,9,2428,1064,90,31,1,1,1,1
1378,7,1518,1098,234,39,1,1,1,1
1378,9,2425,1064,90,31,1,1,1,1
1379,7,1522,1098,234,39,1,1,1,1
1379,9,2423,1064,90,31,1,1,1,1
1380,7,1527,1098,233,39,1,1,1,1
1380,9,2420,1064,90,31,1,1,1,1
1381,7,1531,1098,233,39,1,1,1,1
1381,9,2418,1064,90,31,1,1,1,1
1382,7,1536,1098,232,39,1,1,1,1
1382,9,2415,1064,90,31,1,1,1,1
1383,7,1540,1098,231,39,1,1,1,1
1383,9,2413,1064,90,31,1,1,1,1
1384,7,1545,1098,231,39,1,1,1,1
1384,9,2410,1064,91,31,1,1,1,1
1385,7,1549,1098,230,39,1,1,1,1
1385,9,2407,1064,91,31,1,1,1,1
1386,7,1554,1098,230,39,1,1,1,1
1386,9,2405,1064,91,31,1,1,1,1
1387,7,1558,1097,229,39,1,1,1,1
1387,9,2402,1064,91,31,1,1,1,1
1388,7,1563,1097,229,39,1,1,1,1
1388,9,2400,1064,91,31,1,1,1,1
1389,7,1567,1097,228,39,1,1,1,1
1389,9,2397,1064,91,31,1,1,1,1
1390,7,1572,1097,228,39,1,1,1,1
1390,9,2395,1064,91,31,1,1,1,1
1391,7,1576,1097,227,39,1,1,1,1
1391,9,2392,1064,91,31,1,1,1,1
1392,7,1581,1097,226,39,1,1,1,1
1392,9,2389,1064,91,31,1,1,1,1
1393,7,1585,1097,226,39,1,1,1,1
1393,9,2387,1064,91,31,1,1,1,1
1394,7,1590,1097,225,39,1,1,1,1
1394,9,2384,1064,91,31,1,1,1,1
1395,7,1594,1097,225,39,1,1,1,1
1395,9,2382,1065,92,32,1,1,1,1
1396,7,1599,1097,224,39,1,1,1,1
1396,9,2379,1065,92,32,1,1,1,1
1397,7,1603,1097,224,39,1,1,1,1
1397,9,2377,1065,92,32,1,1,1,1
1398,7,1608,1097,223,38,1,1,1,1
1398,9,2374,1065,92,32,1,1,1,1
1399,7,1612,1097,223,38,1,1,1,1
1399,9,2371,1065,92,32,1,1,1,1
1400,7,1617,1097,222,38,1,1,1,1
1400,9,2369,1065,92,32,1,1,1,1
1401,7,1621,1097,221,38,1,1,1,1
1401,9,2366,1065,92,32,1,1,1,1
1402,7,1626,1096,221,38,1,1,1,1
1402,9,2364,1065,92,32,1,1,1,1
1403,7,1630,1096,220,38,1,1,1,1
1403,9,2361,1065,92,32,1,1,1,1
1404,7,1635,1096,220,38,1,1,1,1
1404,9,2359,1065,92,32,1,1,1,1
1405,7,1639,1096,219,38,1,1,1,1
1405,9,2356,1065,92,32,1,1,1,1
1406,7,1644,1096,219,38,1,1,1,1
1406,9,2353,1065,93,32,1,1,1,1
1407,7,1648,1096,218,38,1,1,1,1
1407,9,2351,1065,93,32,1,1,1,1
1408,7,1653,1096,218,38,1,1,1,1
1408,9,2348,1065,93,32,1,1,1,1
1409,7,1657,1096,217,38,1,1,1,1
1409,9,2346,1065,93,32,1,1,1,1
1410,7,1661,1096,217,38,1,1,1,1
1410,9,2343,1065,93,32,1,1,1,1
1411,7,1665,1096,216,38,1,1,1,1
1411,9,2341,1065,93,32,1,1,1,1
1412,7,1669,1096,216,38,1,1,1,1
1412,9,2338,1065,93,32,1,1,1,1
1413,7,1673,1096,215,38,1,1,1,1
1413,9,2336,1066,93,33,1,1,1,1
1414,7,1677,1096,215,38,1,1,1,1
1414,9,2333,1066,93,33,1,1,1,1
1415,7,1681,1096,214,38,1,1,1,1
1415,9,2330,1066,93,33,1,1,1,1
1416,7,1686,1096,214,38,1,1,1,1
1416,9,2328,1066,94,33,1,1,1,1
1417,7,1690,1095,213,37,1,1,1,1
1417,9,2325,1066,94,33,1,1,1,1
1418,7,1694,1095,213,37,1,1,1,1
1418,9,2323,1066,94,33,1,1,1,1
1419,7,1698,1095,212,37,1,1,1,1
1419,9,2320,1066,94,33,1,1,1,1
1420,7,1702,1095,212,37,1,1,1,1
1420,9,2318,1066,94,33,1,1,1,1
1421,7,1706,1095,211,37,1,1,1,1
1421,9,2315,1066,94,33,1,1,1,1
1422,7,1710,1095,211,37,1,1,1,1
1422,9,2312,1066,95,33,1,1,1,1
1423,7,1714,1095,211,37,1,1,1,1
1423,9,2309,1066,95,33,1,1,1,1
1424,7,1718,1095,210,37,1,1,1,1
1424,9,2306,1066,96,33,1,1,1,1
1425,7,1722,1095,210,37,1,1,1,1
1425,9,2303,1066,96,33,1,1,1,1
1426,7,1726,1095,209,37,1,1,1,1
1426,9,2300,1066,97,33,1,1,1,1
1427,7,1730,1095,209,37,1,1,1,1
1427,9,2297,1066,97,33,1,1,1,1
1428,7,1734,1095,208,37,1,1,1,1
1428,9,2294,1066,98,33,1,1,1,1
1429,7,1738,1095,208,37,1,1,1,1
1429,9,2291,1067,99,34,1,1,1,1
1430,7,1743,1095,207,37,1,1,1,1
1430,9,2287,1067,99,34,1,1,1,1
1431,7,1747,1094,207,36,1,1,1,1
1431,9,2284,1067,100,34,1,1,1,1
1432,7,1751,1094,206,36,1,1,1,1
1432,9,2281,1067,100,34,1,1,1,1
1433,7,1755,1094,206,36,1,1,1,1
1433,9,2278,1067,101,34,1,1,1,1
1434,7,1759,1094,205,36,1,1,1,1
1434,9,2275,1067,101,34,1,1,1,1
1435,7,1763,1094,205,36,1,1,1,1
1435,9,2272,1067,102,34,1,1,1,1
1436,7,1767,1094,204,36,1,1,1,1
1436,9,2269,1067,102,34,1,1,1,1
1437,7,1771,1094,204,36,1,1,1,1
1437,9,2266,1067,103,34,1,1,1,1
