0,0,1772,1094,209,40,1,1,1,1
0,0,2260,1067,110,35,1,1,1,1
1,0,1776,1094,209,40,1,1,1,1
1,0,2257,1067,110,35,1,1,1,1
2,0,1780,1094,208,40,1,1,1,1
2,0,2254,1067,110,35,1,1,1,1
3,0,1783,1094,208,40,1,1,1,1
3,0,2251,1067,111,35,1,1,1,1
4,0,1787,1094,207,40,1,1,1,1
4,0,2248,1067,111,36,1,1,1,1
5,0,1791,1093,207,39,1,1,1,1
5,0,2245,1068,111,36,1,1,1,1
6,0,1795,1093,207,39,1,1,1,1
6,0,2242,1068,111,36,1,1,1,1
7,0,1799,1093,206,39,1,1,1,1
7,0,2239,1068,112,36,1,1,1,1
8,0,1803,1093,206,39,1,1,1,1
8,0,2235,1068,112,36,1,1,1,1
9,0,1806,1093,205,39,1,1,1,1
9,0,2232,1068,112,36,1,1,1,1
10,0,1810,1093,205,39,1,1,1,1
10,0,2229,1068,112,36,1,1,1,1
11,0,1814,1093,204,39,1,1,1,1
11,0,2226,1068,113,37,1,1,1,1
12,0,1818,1093,204,39,1,1,1,1
12,0,2223,1068,113,37,1,1,1,1
13,0,1822,1093,204,39,1,1,1,1
13,0,2220,1068,113,37,1,1,1,1
14,0,1826,1093,203,39,1,1,1,1
14,0,2217,1068,113,37,1,1,1,1
15,0,1829,1092,203,38,1,1,1,1
15,0,2214,1069,114,37,1,1,1,1
16,0,1833,1092,202,38,1,1,1,1
16,0,2211,1069,114,37,1,1,1,1
17,0,1837,1092,202,38,1,1,1,1
17,0,2208,1069,114,37,1,1,1,1
17,0,0,1108,15,29,1,1,1,1
18,0,1841,1092,202,38,1,1,1,1
18,0,2205,1069,114,37,1,1,1,1
18,0,0,1105,36,33,1,1,1,1
19,0,1845,1092,201,38,1,1,1,1
19,0,2202,1069,115,38,1,1,1,1
19,0,0,1101,57,36,1,1,1,1
20,0,1849,1092,201,38,1,1,1,1
20,0,2199,1069,115,38,1,1,1,1
20,0,0,1098,78,40,1,1,1,1
21,0,1852,1092,200,38,1,1,1,1
21,0,2196,1069,115,38,1,1,1,1
21,0,13,1098,87,40,1,1,1,1
22,0,1856,1092,200,38,1,1,1,1
22,0,2192,1069,115,38,1,1,1,1
22,0,33,1098,87,40,1,1,1,1
23,0,1860,1092,199,38,1,1,1,1
23,0,2189,1069,116,38,1,1,1,1
23,0,54,1098,86,40,1,1,1,1
24,0,1864,1092,199,38,1,1,1,1
24,0,2186,1069,116,38,1,1,1,1
24,0,74,1099,86,40,1,1,1,1
25,0,1868,1091,199,37,1,1,1,1
25,0,2183,1070,116,38,1,1,1,1
25,0,94,1099,86,40,1,1,1,1
26,0,1872,1091,198,37,1,1,1,1
26,0,2180,1070,116,39,1,1,1,1
26,0,114,1099,85,40,1,1,1,1
27,0,1875,1091,198,37,1,1,1,1
27,0,2177,1070,117,39,1,1,1,1
27,0,135,1099,85,40,1,1,1,1
28,0,1879,1091,197,37,1,1,1,1
28,0,2174,1070,117,39,1,1,1,1
28,0,155,1099,85,40,1,1,1,1
29,0,1883,1091,197,37,1,1,1,1
29,0,2171,1070,117,39,1,1,1,1
29,0,175,1100,85,40,1,1,1,1
30,0,1887,1091,197,37,1,1,1,1
30,0,2168,1070,117,39,1,1,1,1
30,0,195,1100,84,40,1,1,1,1
31,0,1890,1091,196,37,1,1,1,1
31,0,2164,1070,118,39,1,1,1,1
31,0,216,1100,84,40,1,1,1,1
32,0,1894,1091,196,37,1,1,1,1
32,0,2161,1070,118,39,1,1,1,1
32,0,236,1100,84,40,1,1,1,1
33,0,1897,1091,195,37,1,1,1,1
33,0,2157,1070,118,39,1,1,1,1
33,0,256,1100,83,40,1,1,1,1
34,0,1901,1091,195,37,1,1,1,1
34,0,2154,1070,119,39,1,1,1,1
34,0,276,1100,83,40,1,1,1,1
35,0,1905,1091,195,37,1,1,1,1
35,0,2151,1070,119,38,1,1,1,1
35,0,297,1101,83,40,1,1,1,1
36,0,1908,1091,194,37,1,1,1,1
36,0,2147,1070,119,38,1,1,1,1
36,0,317,1101,82,40,1,1,1,1
37,0,1912,1091,194,37,1,1,1,1
37,0,2144,1070,119,38,1,1,1,1
37,0,337,1101,82,40,1,1,1,1
38,0,1915,1090,193,36,1,1,1,1
38,0,2140,1070,120,38,1,1,1,1
38,0,356,1101,82,40,1,1,1,1
39,0,1919,1090,193,36,1,1,1,1
39,0,2137,1070,120,38,1,1,1,1
39,0,374,1101,81,40,1,1,1,1
40,0,1923,1090,193,36,1,1,1,1
40,0,2134,1070,120,38,1,1,1,1
40,0,393,1102,81,39,1,1,1,1
41,0,1926,1090,192,36,1,1,1,1
41,0,2130,1070,121,38,1,1,1,1
41,0,411,1102,80,39,1,1,1,1
42,0,1930,1090,192,36,1,1,1,1
42,0,2127,1070,121,38,1,1,1,1
42,0,430,1102,80,39,1,1,1,1
43,0,1933,1090,191,36,1,1,1,1
43,0,2123,1070,121,38,1,1,1,1
43,0,448,1102,79,39,1,1,1,1
44,0,1937,1090,191,36,1,1,1,1
44,0,2120,1070,122,38,1,1,1,1
44,0,467,1102,79,38,1,1,1,1
45,0,1941,1090,191,36,1,1,1,1
45,0,2117,1070,122,37,1,1,1,1
45,0,485,1103,78,38,1,1,1,1
46,0,1944,1090,190,36,1,1,1,1
46,0,2113,1070,122,37,1,1,1,1
46,0,504,1103,78,38,1,1,1,1
47,0,1948,1090,190,36,1,1,1,1
47,0,2110,1070,122,37,1,1,1,1
47,0,523,1103,78,38,1,1,1,1
48,0,1952,1090,190,36,1,1,1,1
48,0,2106,1070,123,37,1,1,1,1
48,0,541,1103,77,37,1,1,1,1
49,0,1955,1090,189,36,1,1,1,1
49,0,2103,1070,123,37,1,1,1,1
49,0,560,1103,77,37,1,1,1,1
50,0,1959,1090,189,36,1,1,1,1
50,0,2099,1070,123,37,1,1,1,1
50,0,578,1104,76,37,1,1,1,1
51,0,1962,1090,188,36,1,1,1,1
51,0,2095,1070,124,37,1,1,1,1
51,0,597,1104,76,37,1,1,1,1
52,0,1966,1090,188,36,1,1,1,1
52,0,2091,1070,124,37,1,1,1,1
52,0,615,1104,75,36,1,1,1,1
53,0,1970,1090,188,36,1,1,1,1
53,0,2087,1070,125,37,1,1,1,1
53,0,634,1104,75,36,1,1,1,1
54,0,1973,1089,187,35,1,1,1,1
54,0,2083,1070,125,37,1,1,1,1
54,0,652,1104,74,36,1,1,1,1
55,0,1977,1089,187,35,1,1,1,1
55,0,2079,1070,126,37,1,1,1,1
55,0,671,1105,74,36,1,1,1,1
56,0,1980,1089,186,35,1,1,1,1
56,0,2076,1071,126,38,1,1,1,1
56,0,689,1105,73,35,1,1,1,1
57,0,1984,1089,186,35,1,1,1,1
57,0,2072,1071,127,38,1,1,1,1
57,0,708,1105,73,35,1,1,1,1
58,0,1988,1089,186,35,1,1,1,1
58,0,2068,1071,127,38,1,1,1,1
58,0,726,1105,73,35,1,1,1,1
59,0,1991,1089,185,35,1,1,1,1
59,0,2064,1071,128,38,1,1,1,1
59,0,743,1105,73,35,1,1,1,1
60,0,1995,1089,185,35,1,1,1,1
60,0,2060,1071,128,38,1,1,1,1
60,0,761,1105,73,35,1,1,1,1
61,0,1998,1089,184,35,1,1,1,1
61,0,2056,1071,129,38,1,1,1,1
61,0,779,1105,73,35,1,1,1,1
62,0,2002,1089,184,35,1,1,1,1
62,0,2052,1071,129,38,1,1,1,1
62,0,796,1105,73,35,1,1,1,1
63,0,2005,1089,184,35,1,1,1,1
63,0,2048,1071,130,38,1,1,1,1
63,0,814,1105,73,35,1,1,1,1
64,0,2009,1089,183,35,1,1,1,1
64,0,2044,1071,130,38,1,1,1,1
64,0,832,1105,73,35,1,1,1,1
65,0,2012,1089,183,35,1,1,1,1
65,0,2040,1071,131,38,1,1,1,1
65,0,850,1106,73,35,1,1,1,1
66,0,2016,1089,183,35,1,1,1,1
66,0,2036,1071,131,38,1,1,1,1
66,0,867,1106,73,35,1,1,1,1
67,0,2019,1089,182,35,1,1,1,1
67,0,2032,1071,132,38,1,1,1,1
67,0,885,1106,73,35,1,1,1,1
68,0,2023,1088,182,35,1,1,1,1
68,0,2028,1071,132,38,1,1,1,1
68,0,903,1106,73,35,1,1,1,1
69,0,2026,1088,182,35,1,1,1,1
69,0,2025,1072,133,39,1,1,1,1
69,0,920,1106,73,35,1,1,1,1
70,0,2030,1088,181,35,1,1,1,1
70,0,2021,1072,133,39,1,1,1,1
70,0,938,1106,73,35,1,1,1,1
71,0,2033,1088,181,35,1,1,1,1
71,0,2017,1072,134,39,1,1,1,1
71,0,956,1106,73,35,1,1,1,1
72,0,2037,1088,181,35,1,1,1,1
72,0,2013,1072,134,39,1,1,1,1
72,0,973,1106,73,35,1,1,1,1
73,0,2040,1088,181,35,1,1,1,1
73,0,2009,1072,135,39,1,1,1,1
73,0,991,1106,73,35,1,1,1,1
74,0,2043,1088,180,35,1,1,1,1
74,0,2005,1072,135,39,1,1,1,1
74,0,1007,1106,73,35,1,1,1,1
75,0,2047,1088,180,35,1,1,1,1
75,0,2001,1072,136,39,1,1,1,1
75,0,1023,1106,73,35,1,1,1,1
76,0,2050,1088,180,35,1,1,1,1
76,0,1997,1072,136,39,1,1,1,1
76,0,1040,1106,72,36,1,1,1,1
77,0,2054,1088,179,35,1,1,1,1
77,0,1993,1072,137,39,1,1,1,1
77,0,1056,1106,72,36,1,1,1,1
78,0,2057,1088,179,35,1,1,1,1
78,0,1989,1072,137,39,1,1,1,1
78,0,1072,1106,72,36,1,1,1,1
79,0,2061,1087,179,35,1,1,1,1
79,0,1985,1072,138,39,1,1,1,1
79,0,1087,1106,72,36,1,1,1,1
80,0,2064,1087,178,35,1,1,1,1
80,0,1981,1072,138,39,1,1,1,1
80,0,1103,1106,71,36,1,1,1,1
81,0,2068,1087,178,35,1,1,1,1
81,0,1977,1072,139,39,1,1,1,1
81,0,1118,1106,71,36,1,1,1,1
82,0,2071,1087,178,35,1,1,1,1
82,0,1974,1073,139,40,1,1,1,1
82,0,1134,1105,70,35,1,1,1,1
83,0,2075,1087,177,35,1,1,1,1
83,0,1970,1073,140,40,1,1,1,1
83,0,1149,1105,70,35,1,1,1,1
84,0,2078,1087,177,35,1,1,1,1
84,0,1966,1073,140,40,1,1,1,1
84,0,1165,1105,69,35,1,1,1,1
85,0,2081,1087,177,35,1,1,1,1
85,0,1962,1073,141,40,1,1,1,1
85,0,1180,1105,69,35,1,1,1,1
86,0,2084,1087,176,35,1,1,1,1
86,0,1958,1073,141,40,1,1,1,1
86,0,1194,1105,70,35,1,1,1,1
87,0,2088,1087,176,35,1,1,1,1
87,0,1954,1073,142,40,1,1,1,1
87,0,1208,1105,71,35,1,1,1,1
88,0,2091,1087,176,35,1,1,1,1
88,0,1950,1073,142,40,1,1,1,1
88,0,1223,1105,70,35,1,1,1,1
89,0,2094,1087,175,35,1,1,1,1
89,0,1946,1073,142,40,1,1,1,1
89,0,1238,1105,69,35,1,1,1,1
90,0,2097,1087,175,35,1,1,1,1
90,0,1941,1073,143,40,1,1,1,1
90,0,1252,1104,69,35,1,1,1,1
91,0,2101,1087,175,35,1,1,1,1
91,0,1937,1073,143,41,1,1,1,1
91,0,1267,1104,68,35,1,1,1,1
92,0,2104,1086,175,35,1,1,1,1
92,0,1932,1073,144,41,1,1,1,1
92,0,1282,1104,67,35,1,1,1,1
93,0,2107,1086,174,35,1,1,1,1
93,0,1928,1073,144,41,1,1,1,1
93,0,1296,1104,66,35,1,1,1,1
94,0,2110,1086,174,35,1,1,1,1
94,0,1923,1073,145,41,1,1,1,1
94,0,1309,1103,64,35,1,1,1,1
95,0,2114,1086,174,35,1,1,1,1
95,0,1919,1073,145,41,1,1,1,1
95,0,1323,1103,63,35,1,1,1,1
96,0,2117,1086,173,35,1,1,1,1
96,0,1914,1073,146,41,1,1,1,1
96,0,1336,1103,64,35,1,1,1,1
97,0,2120,1086,173,35,1,1,1,1
97,0,1910,1073,146,42,1,1,1,1
97,0,1349,1103,65,35,1,1,1,1
98,0,2123,1086,173,35,1,1,1,1
98,0,1905,1073,147,42,1,1,1,1
98,0,1362,1103,66,35,1,1,1,1
99,0,2127,1086,172,34,1,1,1,1
99,0,1901,1073,147,42,1,1,1,1
99,0,1375,1103,65,35,1,1,1,1
100,0,2130,1086,172,34,1,1,1,1
100,0,1896,1073,148,42,1,1,1,1
100,0,1387,1103,64,35,1,1,1,1
101,0,2133,1086,172,34,1,1,1,1
101,0,1891,1073,149,42,1,1,1,1
101,0,1400,1102,63,34,1,1,1,1
102,0,2136,1086,171,34,1,1,1,1
102,0,1887,1073,149,42,1,1,1,1
102,0,1412,1102,62,34,1,1,1,1
103,0,2140,1086,171,34,1,1,1,1
103,0,1882,1073,150,43,1,1,1,1
103,0,1425,1102,63,34,1,1,1,1
104,0,2143,1086,171,34,1,1,1,1
104,0,1877,1073,151,43,1,1,1,1
104,0,1438,1102,63,34,1,1,1,1
105,0,2146,1086,170,34,1,1,1,1
105,0,1872,1073,152,43,1,1,1,1
105,0,1450,1102,62,34,1,1,1,1
106,0,2149,1085,170,34,1,1,1,1
106,0,1867,1073,153,43,1,1,1,1
106,0,1463,1102,61,34,1,1,1,1
107,0,2153,1085,170,34,1,1,1,1
107,0,1863,1073,153,43,1,1,1,1
107,0,1475,1101,60,34,1,1,1,1
108,0,2156,1085,170,34,1,1,1,1
108,0,1858,1073,154,43,1,1,1,1
108,0,1487,1101,59,34,1,1,1,1
109,0,2159,1085,169,34,1,1,1,1
109,0,1853,1073,155,43,1,1,1,1
109,0,1499,1101,60,34,1,1,1,1
110,0,2162,1085,169,34,1,1,1,1
110,0,1848,1072,156,44,1,1,1,1
110,0,1511,1101,60,34,1,1,1,1
111,0,2166,1085,169,34,1,1,1,1
111,0,1843,1072,157,44,1,1,1,1
111,0,1523,1101,61,34,1,1,1,1
112,0,2169,1085,168,34,1,1,1,1
112,0,1838,1072,158,44,1,1,1,1
112,0,1535,1101,60,33,1,1,1,1
113,0,2172,1085,168,34,1,1,1,1
113,0,1834,1072,158,44,1,1,1,1
113,0,1546,1101,59,32,1,1,1,1
114,0,2175,1085,168,34,1,1,1,1
114,0,1829,1072,159,44,1,1,1,1
114,0,1558,1101,59,32,1,1,1,1
115,0,2178,1085,167,34,1,1,1,1
115,0,1824,1072,160,44,1,1,1,1
115,0,1569,1101,59,32,1,1,1,1
116,0,2181,1085,167,34,1,1,1,1
116,0,1819,1072,161,44,1,1,1,1
116,0,1581,1101,59,32,1,1,1,1
117,0,2185,1085,166,34,1,1,1,1
117,0,1814,1072,162,45,1,1,1,1
117,0,1592,1101,56,31,1,1,1,1
118,0,2188,1085,166,34,1,1,1,1
118,0,1810,1072,162,45,1,1,1,1
118,0,1603,1101,58,31,1,1,1,1
119,0,2191,1085,165,34,1,1,1,1
119,0,1805,1072,163,45,1,1,1,1
119,0,1614,1101,59,31,1,1,1,1
120,0,2194,1084,165,34,1,1,1,1
120,0,1800,1072,164,45,1,1,1,1
120,0,1624,1101,58,31,1,1,1,1
121,0,2197,1084,164,34,1,1,1,1
121,0,1795,1072,165,45,1,1,1,1
121,0,1635,1101,58,31,1,1,1,1
122,0,2200,1084,164,34,1,1,1,1
122,0,1790,1072,165,45,1,1,1,1
122,0,1645,1100,57,31,1,1,1,1
123,0,2203,1084,164,34,1,1,1,1
123,0,1785,1072,166,45,1,1,1,1
123,0,1655,1100,57,31,1,1,1,1
124,0,2207,1084,163,34,1,1,1,1
124,0,1780,1073,166,46,1,1,1,1
124,0,1665,1100,56,31,1,1,1,1
125,0,2210,1084,163,34,1,1,1,1
125,0,1775,1073,167,46,1,1,1,1
125,0,1676,1100,55,31,1,1,1,1
126,0,2213,1084,162,34,1,1,1,1
126,0,1770,1073,167,46,1,1,1,1
126,0,1686,1099,55,31,1,1,1,1
127,0,2216,1084,162,33,1,1,1,1
127,0,1765,1073,168,46,1,1,1,1
127,0,1696,1099,54,31,1,1,1,1
128,0,2219,1084,161,33,1,1,1,1
128,0,1760,1073,169,46,1,1,1,1
128,0,1706,1099,53,30,1,1,1,1
129,0,2222,1084,161,33,1,1,1,1
129,0,1755,1073,169,46,1,1,1,1
129,0,1717,1099,53,30,1,1,1,1
130,0,2226,1084,160,33,1,1,1,1
130,0,1750,1073,170,46,1,1,1,1
130,0,1727,1098,52,30,1,1,1,1
131,0,2229,1084,160,33,1,1,1,1
131,0,1745,1073,170,46,1,1,1,1
131,0,1737,1098,52,30,1,1,1,1
132,0,2232,1084,160,33,1,1,1,1
132,0,1740,1074,171,47,1,1,1,1
132,0,1747,1098,51,30,1,1,1,1
133,0,2235,1084,159,33,1,1,1,1
133,0,1735,1074,171,47,1,1,1,1
133,0,1758,1098,50,30,1,1,1,1
134,0,2238,1083,159,33,1,1,1,1
134,0,1730,1074,172,47,1,1,1,1
134,0,1768,1097,50,30,1,1,1,1
135,0,2241,1083,158,33,1,1,1,1
135,0,1725,1074,172,47,1,1,1,1
135,0,1778,1097,49,30,1,1,1,1
136,0,2244,1083,158,33,1,1,1,1
136,0,1720,1074,173,47,1,1,1,1
136,0,1787,1097,48,30,1,1,1,1
137,0,2248,1083,157,33,1,1,1,1
137,0,1714,1074,174,47,1,1,1,1
137,0,1797,1097,48,30,1,1,1,1
138,0,2251,1083,157,33,1,1,1,1
138,0,1708,1074,175,47,1,1,1,1
138,0,1806,1096,47,30,1,1,1,1
139,0,2254,1083,156,33,1,1,1,1
139,0,1703,1074,176,47,1,1,1,1
139,0,1816,1096,47,30,1,1,1,1
140,0,2257,1083,156,33,1,1,1,1
140,0,1697,1074,177,47,1,1,1,1
140,0,1825,1096,46,31,1,1,1,1
141,0,2260,1083,156,33,1,1,1,1
141,0,1691,1074,178,47,1,1,1,1
141,0,1835,1096,46,31,1,1,1,1
142,0,2263,1083,156,33,1,1,1,1
142,0,1685,1075,179,48,1,1,1,1
142,0,1844,1095,45,31,1,1,1,1
143,0,2266,1083,156,33,1,1,1,1
143,0,1679,1075,180,48,1,1,1,1
143,0,1854,1095,45,31,1,1,1,1
144,0,2268,1083,155,33,1,1,1,1
144,0,1673,1075,181,48,1,1,1,1
144,0,1863,1095,44,31,1,1,1,1
145,0,2271,1083,155,33,1,1,1,1
145,0,1668,1075,182,48,1,1,1,1
145,0,1871,1095,45,31,1,1,1,1
146,0,2274,1083,155,33,1,1,1,1
146,0,1662,1075,183,48,1,1,1,1
146,0,1879,1095,45,31,1,1,1,1
147,0,2277,1082,155,33,1,1,1,1
147,0,1656,1075,184,48,1,1,1,1
147,0,1888,1094,46,31,1,1,1,1
148,0,2280,1082,155,33,1,1,1,1
148,0,1650,1075,184,48,1,1,1,1
148,0,1896,1094,46,31,1,1,1,1
149,0,2283,1082,155,33,1,1,1,1
149,0,1644,1075,185,48,1,1,1,1
149,0,1904,1094,47,31,1,1,1,1
150,0,2286,1082,155,33,1,1,1,1
150,0,1638,1075,186,48,1,1,1,1
150,0,1913,1094,48,31,1,1,1,1
151,0,2289,1082,154,33,1,1,1,1
151,0,1633,1075,187,48,1,1,1,1
151,0,1922,1094,49,31,1,1,1,1
152,0,2291,1082,154,33,1,1,1,1
152,0,1627,1075,188,48,1,1,1,1
152,0,1930,1094,48,31,1,1,1,1
153,0,2294,1082,154,33,1,1,1,1
153,0,1621,1075,189,48,1,1,1,1
153,0,1938,1094,47,31,1,1,1,1
154,0,2297,1082,154,32,1,1,1,1
154,0,1615,1076,190,49,1,1,1,1
154,0,1946,1094,47,30,1,1,1,1
155,0,2300,1082,154,32,1,1,1,1
155,0,1609,1076,191,49,1,1,1,1
155,0,1954,1094,46,30,1,1,1,1
156,0,2303,1082,154,32,1,1,1,1
156,0,1603,1076,192,49,1,1,1,1
156,0,1963,1093,45,30,1,1,1,1
157,0,2306,1082,153,32,1,1,1,1
157,0,1598,1076,193,49,1,1,1,1
157,0,1971,1093,44,30,1,1,1,1
158,0,2309,1082,153,32,1,1,1,1
158,0,1592,1076,194,49,1,1,1,1
158,0,1979,1093,44,29,1,1,1,1
159,0,2312,1082,153,32,1,1,1,1
159,0,1586,1076,195,49,1,1,1,1
159,0,1987,1093,43,29,1,1,1,1
160,0,2314,1082,153,32,1,1,1,1
160,0,1580,1076,196,49,1,1,1,1
160,0,1995,1093,42,29,1,1,1,1
161,0,2317,1081,153,32,1,1,1,1
161,0,1574,1076,196,49,1,1,1,1
161,0,2003,1093,42,29,1,1,1,1
162,0,2320,1081,153,32,1,1,1,1
162,0,1568,1076,197,49,1,1,1,1
162,0,2010,1093,41,29,1,1,1,1
163,0,2323,1081,153,32,1,1,1,1
163,0,1562,1076,197,49,1,1,1,1
163,0,2018,1093,41,29,1,1,1,1
164,0,2326,1081,152,32,1,1,1,1
164,0,1556,1076,198,49,1,1,1,1
164,0,2025,1093,41,28,1,1,1,1
165,0,2329,1081,152,32,1,1,1,1
165,0,1549,1076,200,49,1,1,1,1
165,0,2033,1093,40,28,1,1,1,1
166,0,2332,1081,152,32,1,1,1,1
166,0,1543,1076,201,49,1,1,1,1
166,0,2040,1093,40,28,1,1,1,1
167,0,2335,1081,152,32,1,1,1,1
167,0,1536,1076,203,49,1,1,1,1
167,0,2047,1093,40,28,1,1,1,1
168,0,2337,1081,152,32,1,1,1,1
168,0,1530,1076,204,49,1,1,1,1
168,0,2054,1093,40,28,1,1,1,1
169,0,2340,1081,152,32,1,1,1,1
169,0,1523,1076,206,49,1,1,1,1
169,0,2062,1093,40,28,1,1,1,1
170,0,2343,1081,152,32,1,1,1,1
170,0,1517,1077,207,50,1,1,1,1
170,0,2069,1092,40,27,1,1,1,1
171,0,2346,1081,151,32,1,1,1,1
171,0,1510,1077,209,50,1,1,1,1
171,0,2076,1092,40,27,1,1,1,1
172,0,2349,1081,151,32,1,1,1,1
172,0,1504,1077,210,50,1,1,1,1
172,0,2083,1092,40,27,1,1,1,1
173,0,2352,1081,151,32,1,1,1,1
173,0,1497,1077,212,50,1,1,1,1
173,0,2090,1092,40,27,1,1,1,1
174,0,2355,1080,151,32,1,1,1,1
174,0,1491,1077,213,50,1,1,1,1
174,0,2097,1092,40,26,1,1,1,1
175,0,2357,1080,151,32,1,1,1,1
175,0,1484,1077,215,50,1,1,1,1
175,0,2104,1092,40,26,1,1,1,1
176,0,2360,1080,151,32,1,1,1,1
176,0,1478,1077,216,50,1,1,1,1
176,0,2112,1091,41,26,1,1,1,1
177,0,2363,1080,151,32,1,1,1,1
177,0,1471,1077,217,50,1,1,1,1
177,0,2119,1091,41,26,1,1,1,1
178,0,2366,1080,150,32,1,1,1,1
178,0,1464,1077,217,50,1,1,1,1
178,0,2126,1091,41,25,1,1,1,1
179,0,2369,1080,150,32,1,1,1,1
179,0,1457,1077,218,50,1,1,1,1
179,0,2133,1091,41,25,1,1,1,1
180,0,2372,1080,150,32,1,1,1,1
180,0,1450,1077,219,50,1,1,1,1
180,0,2139,1091,41,25,1,1,1,1
181,0,2375,1080,150,31,1,1,1,1
181,0,1443,1077,220,50,1,1,1,1
181,0,2145,1091,41,25,1,1,1,1
182,0,2378,1080,150,31,1,1,1,1
182,0,1436,1077,220,50,1,1,1,1
182,0,2151,1090,40,25,1,1,1,1
183,0,2380,1080,150,31,1,1,1,1
183,0,1429,1078,221,51,1,1,1,1
183,0,2157,1090,40,25,1,1,1,1
184,0,2383,1080,149,31,1,1,1,1
184,0,1422,1078,222,51,1,1,1,1
184,0,2163,1090,40,25,1,1,1,1
185,0,2386,1080,149,31,1,1,1,1
185,0,1415,1078,223,51,1,1,1,1
185,0,2169,1090,40,25,1,1,1,1
186,0,2389,1080,149,31,1,1,1,1
186,0,1408,1078,223,51,1,1,1,1
186,0,2175,1090,40,25,1,1,1,1
187,0,2392,1080,149,31,1,1,1,1
187,0,1401,1078,224,51,1,1,1,1
187,0,2182,1089,39,25,1,1,1,1
188,0,2395,1079,149,31,1,1,1,1
188,0,1394,1078,225,51,1,1,1,1
188,0,2188,1089,39,25,1,1,1,1
189,0,2398,1079,149,31,1,1,1,1
189,0,1387,1078,226,51,1,1,1,1
189,0,2194,1089,39,25,1,1,1,1
190,0,2401,1079,149,31,1,1,1,1
190,0,1379,1078,226,51,1,1,1,1
190,0,2200,1089,39,25,1,1,1,1
191,0,2403,1079,148,31,1,1,1,1
191,0,1372,1078,227,51,1,1,1,1
191,0,2206,1089,39,25,1,1,1,1
192,0,2406,1079,148,31,1,1,1,1
192,0,1365,1078,228,51,1,1,1,1
192,0,2212,1088,38,25,1,1,1,1
193,0,2409,1079,148,31,1,1,1,1
193,0,1358,1078,229,51,1,1,1,1
193,0,2218,1088,38,25,1,1,1,1
194,0,2412,1079,148,31,1,1,1,1
194,0,1351,1078,229,51,1,1,1,1
194,0,2224,1088,38,25,1,1,1,1
195,0,2415,1079,145,31,1,1,1,1
195,0,1344,1078,230,51,1,1,1,1
195,0,2230,1088,38,24,1,1,1,1
196,0,2418,1079,143,31,1,1,1,1
196,0,1337,1078,231,51,1,1,1,1
196,0,2236,1088,38,24,1,1,1,1
197,0,2420,1079,140,31,1,1,1,1
197,0,1330,1079,232,52,1,1,1,1
197,0,2242,1087,37,24,1,1,1,1
198,0,2423,1078,137,31,1,1,1,1
198,0,1323,1079,232,52,1,1,1,1
198,0,2248,1087,37,24,1,1,1,1
199,0,2426,1078,134,31,1,1,1,1
199,0,1316,1079,233,52,1,1,1,1
199,0,2254,1087,37,24,1,1,1,1
200,0,2429,1078,132,31,1,1,1,1
200,0,1309,1079,234,52,1,1,1,1
200,0,2260,1087,37,24,1,1,1,1
201,0,2431,1078,129,31,1,1,1,1
201,0,1302,1079,235,52,1,1,1,1
201,0,2266,1087,37,24,1,1,1,1
202,0,2434,1078,126,31,1,1,1,1
202,0,1295,1079,235,52,1,1,1,1
202,0,2273,1086,36,24,1,1,1,1
203,0,2437,1078,123,31,1,1,1,1
203,0,1288,1079,236,52,1,1,1,1
203,0,2279,1086,36,24,1,1,1,1
204,0,2440,1078,121,31,1,1,1,1
204,0,1280,1079,237,52,1,1,1,1
204,0,2285,1086,36,24,1,1,1,1
205,0,2442,1077,118,31,1,1,1,1
205,0,1273,1079,237,52,1,1,1,1
205,0,2291,1086,36,24,1,1,1,1
206,0,2445,1077,115,31,1,1,1,1
206,0,1265,1079,238,52,1,1,1,1
206,0,2297,1086,36,24,1,1,1,1
206,0,2548,1061,12,32,1,1,1,1
207,0,2448,1077,112,31,1,1,1,1
207,0,1257,1079,239,52,1,1,1,1
207,0,2303,1085,35,24,1,1,1,1
207,0,2546,1061,14,32,1,1,1,1
208,0,2451,1077,110,31,1,1,1,1
208,0,1249,1079,240,52,1,1,1,1
208,0,2309,1085,35,24,1,1,1,1
208,0,2544,1061,16,32,1,1,1,1
209,0,2453,1077,107,31,1,1,1,1
209,0,1242,1079,240,52,1,1,1,1
209,0,2315,1085,35,24,1,1,1,1
209,0,2542,1061,18,32,1,1,1,1
209,0,0,1105,10,37,1,1,1,1
210,0,2456,1077,104,31,1,1,1,1
210,0,1234,1079,241,52,1,1,1,1
210,0,2320,1085,35,24,1,1,1,1
210,0,2539,1061,21,31,1,1,1,1
210,0,0,1102,22,41,1,1,1,1
211,0,2459,1076,101,31,1,1,1,1
211,0,1226,1079,242,52,1,1,1,1
211,0,2325,1085,35,24,1,1,1,1
211,0,2537,1061,23,31,1,1,1,1
211,0,0,1098,33,44,1,1,1,1
212,0,2462,1076,99,31,1,1,1,1
212,0,1219,1079,244,52,1,1,1,1
212,0,2330,1085,35,24,1,1,1,1
212,0,2535,1061,25,31,1,1,1,1
212,0,0,1095,45,48,1,1,1,1
213,0,2464,1076,96,31,1,1,1,1
213,0,1211,1079,245,52,1,1,1,1
213,0,2335,1085,35,24,1,1,1,1
213,0,2533,1062,27,31,1,1,1,1
213,0,0,1092,57,51,1,1,1,1
214,0,2467,1076,93,31,1,1,1,1
214,0,1203,1079,247,52,1,1,1,1
214,0,2340,1084,34,23,1,1,1,1
214,0,2531,1062,29,31,1,1,1,1
214,0,0,1088,68,55,1,1,1,1
215,0,2470,1076,90,31,1,1,1,1
215,0,1195,1079,248,52,1,1,1,1
215,0,2345,1084,34,23,1,1,1,1
215,0,2529,1062,31,31,1,1,1,1
215,0,0,1085,80,58,1,1,1,1
216,0,2473,1076,88,31,1,1,1,1
216,0,1188,1079,249,52,1,1,1,1
216,0,2349,1084,34,23,1,1,1,1
216,0,2527,1062,33,31,1,1,1,1
216,0,0,1081,91,62,1,1,1,1
217,0,2475,1076,85,31,1,1,1,1
217,0,1180,1079,251,52,1,1,1,1
217,0,2354,1084,34,23,1,1,1,1
217,0,2524,1062,36,30,1,1,1,1
217,0,0,1078,103,65,1,1,1,1
218,0,2478,1076,83,31,1,1,1,1
218,0,1172,1079,252,52,1,1,1,1
218,0,2359,1084,34,23,1,1,1,1
218,0,2522,1062,38,30,1,1,1,1
218,0,0,1078,114,65,1,1,1,1
219,0,2481,1076,80,31,1,1,1,1
219,0,1162,1079,256,52,1,1,1,1
219,0,2364,1084,34,23,1,1,1,1
219,0,2520,1062,40,30,1,1,1,1
219,0,0,1078,126,66,1,1,1,1
220,0,2484,1076,78,31,1,1,1,1
220,0,1151,1079,260,52,1,1,1,1
220,0,2369,1084,34,23,1,1,1,1
220,0,2518,1062,42,30,1,1,1,1
220,0,0,1078,137,66,1,1,1,1
221,0,2487,1076,75,31,1,1,1,1
221,0,1143,1079,261,52,1,1,1,1
221,0,2374,1084,34,23,1,1,1,1
221,0,2516,1062,44,30,1,1,1,1
221,0,0,1078,149,66,1,1,1,1
222,0,2489,1077,73,30,1,1,1,1
222,0,1134,1079,262,52,1,1,1,1
222,0,2379,1083,33,22,1,1,1,1
222,0,2514,1063,46,30,1,1,1,1
222,0,0,1078,160,66,1,1,1,1
223,0,2492,1077,70,30,1,1,1,1
223,0,1126,1079,263,52,1,1,1,1
223,0,2384,1083,33,22,1,1,1,1
223,0,2511,1063,49,30,1,1,1,1
223,0,0,1078,172,67,1,1,1,1
224,0,2495,1077,68,30,1,1,1,1
224,0,1117,1079,263,53,1,1,1,1
224,0,2389,1083,33,22,1,1,1,1
224,0,2509,1063,51,30,1,1,1,1
224,0,0,1079,183,67,1,1,1,1
225,0,2498,1077,65,30,1,1,1,1
225,0,1109,1079,264,53,1,1,1,1
225,0,2394,1083,33,22,1,1,1,1
225,0,2507,1063,53,30,1,1,1,1
225,0,0,1079,194,67,1,1,1,1
226,0,2501,1077,63,30,1,1,1,1
226,0,1100,1079,265,53,1,1,1,1
226,0,2399,1083,33,22,1,1,1,1
226,0,2505,1064,55,30,1,1,1,1
226,0,0,1079,206,68,1,1,1,1
227,0,2503,1077,60,30,1,1,1,1
227,0,1092,1079,266,53,1,1,1,1
227,0,2404,1083,33,22,1,1,1,1
227,0,2503,1064,58,30,1,1,1,1
227,0,0,1079,217,68,1,1,1,1
228,0,2506,1077,58,30,1,1,1,1
228,0,1083,1079,267,53,1,1,1,1
228,0,2408,1083,33,22,1,1,1,1
228,0,2500,1064,60,29,1,1,1,1
228,0,0,1079,229,68,1,1,1,1
229,0,2509,1077,55,30,1,1,1,1
229,0,1075,1079,268,53,1,1,1,1
229,0,2413,1083,33,22,1,1,1,1
229,0,2498,1065,62,29,1,1,1,1
229,0,0,1079,240,68,1,1,1,1
230,0,2512,1077,51,30,1,1,1,1
230,0,1066,1079,269,53,1,1,1,1
230,0,2418,1082,32,21,1,1,1,1
230,0,2496,1065,64,29,1,1,1,1
230,0,0,1079,252,69,1,1,1,1
231,0,2515,1077,48,30,1,1,1,1
231,0,1058,1079,270,53,1,1,1,1
231,0,2423,1082,32,21,1,1,1,1
231,0,2494,1065,66,29,1,1,1,1
231,0,0,1079,263,69,1,1,1,1
232,0,2517,1077,44,30,1,1,1,1
232,0,1049,1079,270,54,1,1,1,1
232,0,2428,1082,32,21,1,1,1,1
232,0,2491,1065,69,29,1,1,1,1
232,0,0,1079,274,69,1,1,1,1
233,0,2520,1077,41,30,1,1,1,1
233,0,1041,1079,271,54,1,1,1,1
233,0,2433,1082,32,21,1,1,1,1
233,0,2489,1066,71,29,1,1,1,1
233,0,0,1080,285,68,1,1,1,1
234,0,2523,1077,37,30,1,1,1,1
234,0,1032,1079,272,54,1,1,1,1
234,0,2438,1082,32,21,1,1,1,1
234,0,2487,1066,73,29,1,1,1,1
234,0,0,1080,296,68,1,1,1,1
235,0,2526,1077,34,30,1,1,1,1
235,0,1024,1079,273,54,1,1,1,1
235,0,2442,1081,32,22,1,1,1,1
235,0,2484,1065,76,30,1,1,1,1
235,0,0,1080,307,67,1,1,1,1
236,0,2529,1077,31,29,1,1,1,1
236,0,1015,1079,274,54,1,1,1,1
236,0,2447,1081,32,22,1,1,1,1
236,0,2481,1065,79,30,1,1,1,1
236,0,0,1081,319,67,1,1,1,1
237,0,2532,1077,28,29,1,1,1,1
237,0,1007,1079,275,54,1,1,1,1
237,0,2452,1081,32,22,1,1,1,1
237,0,2479,1064,81,31,1,1,1,1
237,0,0,1081,330,66,1,1,1,1
238,0,2535,1078,25,28,1,1,1,1
238,0,998,1079,276,54,1,1,1,1
238,0,2456,1080,31,22,1,1,1,1
238,0,2476,1064,84,32,1,1,1,1
238,0,0,1081,341,66,1,1,1,1
239,0,2538,1078,22,28,1,1,1,1
239,0,990,1079,277,54,1,1,1,1
239,0,2461,1080,31,23,1,1,1,1
239,0,2473,1063,87,32,1,1,1,1
239,0,0,1082,352,65,1,1,1,1
240,0,2541,1078,19,27,1,1,1,1
240,0,981,1079,277,55,1,1,1,1
240,0,2465,1079,31,23,1,1,1,1
240,0,2470,1063,90,33,1,1,1,1
240,0,0,1082,363,65,1,1,1,1
241,0,2544,1078,16,27,1,1,1,1
241,0,973,1079,278,55,1,1,1,1
241,0,2470,1079,31,23,1,1,1,1
241,0,2468,1062,92,34,1,1,1,1
241,0,8,1082,365,64,1,1,1,1
242,0,2547,1076,13,29,1,1,1,1
242,0,964,1079,279,55,1,1,1,1
242,0,2474,1079,31,23,1,1,1,1
242,0,2465,1062,95,34,1,1,1,1
242,0,18,1082,366,64,1,1,1,1
243,0,956,1079,280,55,1,1,1,1
243,0,2478,1079,31,23,1,1,1,1
243,0,2462,1061,98,35,1,1,1,1
243,0,30,1082,365,64,1,1,1,1
244,0,947,1079,281,55,1,1,1,1
244,0,2482,1079,32,22,1,1,1,1
244,0,2461,1061,99,34,1,1,1,1
244,0,42,1083,365,63,1,1,1,1
245,0,938,1079,281,55,1,1,1,1
245,0,2486,1079,32,22,1,1,1,1
245,0,2458,1061,100,34,1,1,1,1
245,0,53,1083,364,63,1,1,1,1
246,0,929,1079,282,56,1,1,1,1
246,0,2490,1079,32,22,1,1,1,1
246,0,2456,1061,101,34,1,1,1,1
246,0,65,1083,363,62,1,1,1,1
247,0,919,1079,283,56,1,1,1,1
247,0,2494,1079,32,22,1,1,1,1
247,0,2453,1061,102,34,1,1,1,1
247,0,77,1084,363,62,1,1,1,1
248,0,910,1079,283,56,1,1,1,1
248,0,2499,1079,31,22,1,1,1,1
248,0,2450,1061,102,34,1,1,1,1
248,0,88,1084,362,61,1,1,1,1
249,0,901,1079,284,56,1,1,1,1
249,0,2503,1079,31,22,1,1,1,1
249,0,2447,1061,103,34,1,1,1,1
249,0,99,1084,361,61,1,1,1,1
250,0,892,1079,285,56,1,1,1,1
250,0,2507,1079,30,21,1,1,1,1
250,0,2445,1061,104,34,1,1,1,1
250,0,111,1084,360,61,1,1,1,1
251,0,883,1079,285,56,1,1,1,1
251,0,2512,1079,30,21,1,1,1,1
251,0,2442,1062,105,35,1,1,1,1
251,0,122,1085,358,61,1,1,1,1
252,0,874,1079,286,57,1,1,1,1
252,0,2516,1079,29,21,1,1,1,1
252,0,2439,1062,106,35,1,1,1,1
252,0,133,1085,357,62,1,1,1,1
253,0,864,1079,287,57,1,1,1,1
253,0,2520,1079,29,21,1,1,1,1
253,0,2437,1062,107,35,1,1,1,1
253,0,145,1085,356,62,1,1,1,1
254,0,855,1079,287,57,1,1,1,1
254,0,2524,1079,29,21,1,1,1,1
254,0,2434,1062,108,35,1,1,1,1
254,0,156,1085,355,62,1,1,1,1
255,0,846,1079,288,57,1,1,1,1
255,0,2528,1079,28,21,1,1,1,1
255,0,2431,1062,108,35,1,1,1,1
255,0,167,1085,354,62,1,1,1,1
256,0,836,1079,289,57,1,1,1,1
256,0,2532,1079,28,21,1,1,1,1
256,0,2428,1062,109,35,1,1,1,1
256,0,179,1086,353,62,1,1,1,1
257,0,826,1079,291,57,1,1,1,1
257,0,2536,1078,24,21,1,1,1,1
257,0,2426,1062,110,35,1,1,1,1
257,0,190,1086,351,62,1,1,1,1
258,0,816,1079,292,57,1,1,1,1
258,0,2540,1077,20,20,1,1,1,1
258,0,2423,1062,111,35,1,1,1,1
258,0,201,1086,350,62,1,1,1,1
259,0,807,1079,294,58,1,1,1,1
259,0,2544,1077,16,21,1,1,1,1
259,0,2420,1062,111,35,1,1,1,1
259,0,212,1086,349,62,1,1,1,1
260,0,797,1079,295,58,1,1,1,1
260,0,2548,1078,12,20,1,1,1,1
260,0,2418,1062,111,35,1,1,1,1
260,0,224,1086,348,63,1,1,1,1
261,0,787,1079,297,58,1,1,1,1
261,0,2415,1062,112,35,1,1,1,1
261,0,235,1086,347,63,1,1,1,1
262,0,777,1079,298,58,1,1,1,1
262,0,2412,1062,112,35,1,1,1,1
262,0,246,1087,345,63,1,1,1,1
263,0,767,1078,299,58,1,1,1,1
263,0,2410,1062,112,35,1,1,1,1
263,0,258,1087,344,63,1,1,1,1
264,0,757,1078,301,58,1,1,1,1
264,0,2407,1062,112,36,1,1,1,1
264,0,269,1087,343,63,1,1,1,1
265,0,747,1078,302,58,1,1,1,1
265,0,2404,1062,112,36,1,1,1,1
265,0,279,1087,342,63,1,1,1,1
266,0,738,1078,304,59,1,1,1,1
266,0,2402,1062,112,36,1,1,1,1
266,0,290,1087,341,63,1,1,1,1
267,0,728,1078,305,59,1,1,1,1
267,0,2399,1062,113,36,1,1,1,1
267,0,300,1086,340,64,1,1,1,1
268,0,718,1078,307,59,1,1,1,1
268,0,2396,1062,113,36,1,1,1,1
268,0,311,1086,338,64,1,1,1,1
269,0,708,1078,308,59,1,1,1,1
269,0,2393,1062,113,36,1,1,1,1
269,0,321,1086,337,64,1,1,1,1
270,0,697,1078,309,59,1,1,1,1
270,0,2391,1062,113,36,1,1,1,1
270,0,331,1086,336,64,1,1,1,1
271,0,687,1078,310,59,1,1,1,1
271,0,2388,1062,113,36,1,1,1,1
271,0,342,1085,335,64,1,1,1,1
272,0,676,1078,311,59,1,1,1,1
272,0,2385,1062,113,36,1,1,1,1
272,0,352,1085,334,65,1,1,1,1
273,0,665,1078,312,59,1,1,1,1
273,0,2383,1062,114,36,1,1,1,1
273,0,363,1085,333,65,1,1,1,1
274,0,655,1077,313,59,1,1,1,1
274,0,2380,1062,114,37,1,1,1,1
274,0,373,1085,331,65,1,1,1,1
275,0,644,1077,314,60,1,1,1,1
275,0,2377,1062,114,37,1,1,1,1
275,0,383,1084,330,65,1,1,1,1
276,0,633,1077,315,60,1,1,1,1
276,0,2375,1062,114,37,1,1,1,1
276,0,394,1084,329,65,1,1,1,1
277,0,623,1077,316,60,1,1,1,1
277,0,2372,1062,114,37,1,1,1,1
277,0,404,1084,328,65,1,1,1,1
278,0,612,1077,317,60,1,1,1,1
278,0,2369,1062,114,37,1,1,1,1
278,0,415,1084,327,66,1,1,1,1
279,0,601,1077,318,60,1,1,1,1
279,0,2367,1063,115,37,1,1,1,1
279,0,425,1083,326,66,1,1,1,1
280,0,591,1077,319,60,1,1,1,1
280,0,2364,1063,115,37,1,1,1,1
280,0,436,1083,325,66,1,1,1,1
281,0,580,1077,320,60,1,1,1,1
281,0,2361,1063,115,37,1,1,1,1
281,0,446,1083,323,66,1,1,1,1
282,0,569,1076,321,60,1,1,1,1
282,0,2359,1063,115,37,1,1,1,1
282,0,456,1083,322,66,1,1,1,1
283,0,559,1076,322,60,1,1,1,1
283,0,2356,1063,115,37,1,1,1,1
283,0,467,1082,321,67,1,1,1,1
284,0,548,1076,323,60,1,1,1,1
284,0,2353,1063,115,38,1,1,1,1
284,0,477,1082,320,67,1,1,1,1
285,0,537,1076,324,60,1,1,1,1
285,0,2351,1063,116,38,1,1,1,1
285,0,488,1082,319,67,1,1,1,1
286,0,527,1076,325,61,1,1,1,1
286,0,2348,1063,116,38,1,1,1,1
286,0,498,1082,318,67,1,1,1,1
287,0,516,1076,326,61,1,1,1,1
287,0,2345,1063,116,38,1,1,1,1
287,0,508,1081,316,67,1,1,1,1
288,0,505,1076,327,61,1,1,1,1
288,0,2343,1063,116,38,1,1,1,1
288,0,519,1081,315,68,1,1,1,1
289,0,494,1076,328,61,1,1,1,1
289,0,2340,1063,116,38,1,1,1,1
289,0,529,1081,314,68,1,1,1,1
290,0,484,1076,329,61,1,1,1,1
290,0,2337,1063,116,38,1,1,1,1
290,0,540,1081,313,68,1,1,1,1
291,0,473,1075,330,61,1,1,1,1
291,0,2334,1063,117,38,1,1,1,1
291,0,550,1080,312,68,1,1,1,1
292,0,462,1075,331,61,1,1,1,1
292,0,2332,1063,117,38,1,1,1,1
292,0,560,1080,311,68,1,1,1,1
293,0,452,1075,332,61,1,1,1,1
293,0,2329,1063,117,38,1,1,1,1
293,0,571,1080,309,68,1,1,1,1
294,0,441,1075,333,61,1,1,1,1
294,0,2326,1063,117,39,1,1,1,1
294,0,581,1080,308,69,1,1,1,1
295,0,430,1075,334,61,1,1,1,1
295,0,2324,1063,117,39,1,1,1,1
295,0,592,1079,307,69,1,1,1,1
296,0,420,1075,335,61,1,1,1,1
296,0,2321,1063,117,39,1,1,1,1
296,0,602,1079,306,69,1,1,1,1
297,0,409,1075,336,61,1,1,1,1
297,0,2318,1063,118,39,1,1,1,1
297,0,611,1080,305,68,1,1,1,1
298,0,398,1075,337,62,1,1,1,1
298,0,2316,1063,118,39,1,1,1,1
298,0,621,1081,305,68,1,1,1,1
299,0,388,1074,338,62,1,1,1,1
299,0,2313,1063,118,39,1,1,1,1
299,0,630,1082,304,67,1,1,1,1
300,0,377,1074,339,62,1,1,1,1
300,0,2310,1063,119,39,1,1,1,1
300,0,639,1082,303,67,1,1,1,1
301,0,366,1074,340,62,1,1,1,1
301,0,2307,1063,119,39,1,1,1,1
301,0,649,1083,303,66,1,1,1,1
302,0,356,1074,341,62,1,1,1,1
302,0,2304,1063,120,39,1,1,1,1
302,0,658,1084,302,66,1,1,1,1
303,0,345,1074,342,62,1,1,1,1
303,0,2301,1063,120,39,1,1,1,1
303,0,667,1085,301,65,1,1,1,1
304,0,333,1074,343,62,1,1,1,1
304,0,2297,1063,121,39,1,1,1,1
304,0,677,1086,301,64,1,1,1,1
305,0,322,1074,343,62,1,1,1,1
305,0,2294,1063,121,40,1,1,1,1
305,0,686,1087,300,64,1,1,1,1
306,0,310,1074,344,62,1,1,1,1
306,0,2291,1063,122,40,1,1,1,1
306,0,695,1087,299,63,1,1,1,1
307,0,298,1073,345,62,1,1,1,1
307,0,2288,1063,122,40,1,1,1,1
307,0,705,1088,299,63,1,1,1,1
308,0,287,1073,345,62,1,1,1,1
308,0,2285,1063,123,40,1,1,1,1
308,0,714,1089,298,62,1,1,1,1
309,0,275,1073,346,62,1,1,1,1
309,0,2282,1063,123,40,1,1,1,1
309,0,723,1089,297,61,1,1,1,1
310,0,263,1073,347,62,1,1,1,1
310,0,2279,1063,124,40,1,1,1,1
310,0,733,1089,296,60,1,1,1,1
311,0,251,1073,347,62,1,1,1,1
311,0,2276,1064,124,40,1,1,1,1
311,0,742,1089,295,59,1,1,1,1
312,0,240,1073,348,62,1,1,1,1
312,0,2272,1064,125,40,1,1,1,1
312,0,752,1089,294,58,1,1,1,1
313,0,228,1073,349,62,1,1,1,1
313,0,2269,1064,125,40,1,1,1,1
313,0,761,1089,293,57,1,1,1,1
314,0,216,1072,349,62,1,1,1,1
314,0,2266,1064,126,40,1,1,1,1
314,0,770,1089,292,57,1,1,1,1
315,0,205,1072,350,62,1,1,1,1
315,0,2263,1064,126,40,1,1,1,1
315,0,778,1089,291,57,1,1,1,1
316,0,193,1072,350,62,1,1,1,1
316,0,2260,1064,127,40,1,1,1,1
316,0,787,1089,290,57,1,1,1,1
317,0,181,1072,351,62,1,1,1,1
317,0,2257,1064,127,41,1,1,1,1
317,0,796,1089,289,56,1,1,1,1
318,0,170,1072,352,62,1,1,1,1
318,0,2254,1064,128,41,1,1,1,1
318,0,804,1090,288,56,1,1,1,1
319,0,158,1072,352,62,1,1,1,1
319,0,2251,1064,128,41,1,1,1,1
319,0,813,1090,287,56,1,1,1,1
320,0,146,1071,353,62,1,1,1,1
320,0,2247,1064,129,41,1,1,1,1
320,0,822,1090,286,56,1,1,1,1
321,0,134,1071,354,62,1,1,1,1
321,0,2244,1064,129,41,1,1,1,1
321,0,830,1090,285,56,1,1,1,1
322,0,123,1071,354,62,1,1,1,1
322,0,2241,1064,130,41,1,1,1,1
322,0,839,1090,284,56,1,1,1,1
323,0,111,1071,355,62,1,1,1,1
323,0,2238,1064,130,41,1,1,1,1
323,0,848,1090,283,56,1,1,1,1
324,0,99,1071,356,62,1,1,1,1
324,0,2235,1064,131,41,1,1,1,1
324,0,856,1090,282,55,1,1,1,1
325,0,86,1071,357,62,1,1,1,1
325,0,2231,1064,131,41,1,1,1,1
325,0,865,1090,281,55,1,1,1,1
326,0,74,1071,359,62,1,1,1,1
326,0,2228,1064,132,41,1,1,1,1
326,0,874,1090,280,55,1,1,1,1
327,0,62,1071,360,62,1,1,1,1
327,0,2224,1064,132,41,1,1,1,1
327,0,882,1091,278,55,1,1,1,1
328,0,49,1070,361,62,1,1,1,1
328,0,2221,1064,133,42,1,1,1,1
328,0,891,1091,277,55,1,1,1,1
329,0,37,1070,362,62,1,1,1,1
329,0,2217,1064,133,42,1,1,1,1
329,0,900,1091,276,55,1,1,1,1
330,0,25,1070,364,62,1,1,1,1
330,0,2214,1064,134,42,1,1,1,1
330,0,908,1091,275,54,1,1,1,1
331,0,12,1070,365,62,1,1,1,1
331,0,2210,1064,134,42,1,1,1,1
331,0,917,1091,274,54,1,1,1,1
332,0,0,1070,366,62,1,1,1,1
332,0,2207,1064,135,42,1,1,1,1
332,0,926,1091,273,54,1,1,1,1
333,0,0,1070,354,62,1,1,1,1
333,0,2204,1064,136,42,1,1,1,1
333,0,934,1091,272,54,1,1,1,1
334,0,0,1069,342,62,1,1,1,1
334,0,2200,1064,136,42,1,1,1,1
334,0,943,1091,271,54,1,1,1,1
335,0,0,1069,331,63,1,1,1,1
335,0,2197,1064,137,42,1,1,1,1
335,0,952,1091,270,54,1,1,1,1
336,0,0,1068,319,63,1,1,1,1
336,0,2193,1064,137,42,1,1,1,1
336,0,960,1092,269,54,1,1,1,1
337,0,0,1068,307,63,1,1,1,1
337,0,2190,1064,138,43,1,1,1,1
337,0,969,1092,268,53,1,1,1,1
338,0,0,1067,295,63,1,1,1,1
338,0,2186,1064,138,43,1,1,1,1
338,0,978,1092,267,53,1,1,1,1
339,0,0,1067,283,63,1,1,1,1
339,0,2183,1064,139,43,1,1,1,1
339,0,986,1092,266,53,1,1,1,1
340,0,0,1067,271,63,1,1,1,1
340,0,2179,1064,139,43,1,1,1,1
340,0,995,1092,265,53,1,1,1,1
341,0,0,1067,259,63,1,1,1,1
341,0,2176,1064,140,43,1,1,1,1
341,0,1003,1092,264,53,1,1,1,1
342,0,0,1067,248,63,1,1,1,1
342,0,2172,1064,140,43,1,1,1,1
342,0,1011,1092,263,53,1,1,1,1
343,0,0,1067,236,62,1,1,1,1
343,0,2169,1064,141,43,1,1,1,1
343,0,1019,1092,262,53,1,1,1,1
344,0,0,1067,224,62,1,1,1,1
344,0,2165,1064,141,43,1,1,1,1
344,0,1027,1092,261,54,1,1,1,1
345,0,0,1067,212,62,1,1,1,1
345,0,2161,1064,142,43,1,1,1,1
345,0,1035,1092,260,54,1,1,1,1
345,0,2548,1072,12,20,1,1,1,1
346,0,0,1067,200,62,1,1,1,1
346,0,2158,1065,142,43,1,1,1,1
346,0,1043,1092,259,54,1,1,1,1
346,0,2547,1071,13,23,1,1,1,1
347,0,0,1067,188,62,1,1,1,1
347,0,2154,1065,143,43,1,1,1,1
347,0,1051,1092,258,54,1,1,1,1
347,0,2545,1071,15,23,1,1,1,1
348,0,0,1067,176,62,1,1,1,1
348,0,2150,1065,143,43,1,1,1,1
348,0,1059,1091,257,54,1,1,1,1
348,0,2542,1071,18,23,1,1,1,1
349,0,0,1067,164,62,1,1,1,1
349,0,2147,1065,144,43,1,1,1,1
349,0,1067,1091,256,54,1,1,1,1
349,0,2540,1071,20,23,1,1,1,1
350,0,0,1067,153,62,1,1,1,1
350,0,2143,1065,144,43,1,1,1,1
350,0,1075,1091,255,54,1,1,1,1
350,0,2538,1071,23,23,1,1,1,1
351,0,0,1067,141,61,1,1,1,1
351,0,2139,1065,145,43,1,1,1,1
351,0,1083,1091,254,54,1,1,1,1
351,0,2535,1071,25,23,1,1,1,1
352,0,0,1067,129,61,1,1,1,1
352,0,2136,1065,145,43,1,1,1,1
352,0,1091,1091,253,55,1,1,1,1
352,0,2533,1071,27,23,1,1,1,1
353,0,0,1067,117,61,1,1,1,1
353,0,2132,1065,146,43,1,1,1,1
353,0,1099,1091,252,55,1,1,1,1
353,0,2530,1071,30,23,1,1,1,1
354,0,0,1067,105,61,1,1,1,1
354,0,2128,1065,146,43,1,1,1,1
354,0,1107,1091,251,55,1,1,1,1
354,0,2528,1071,32,23,1,1,1,1
355,0,0,1068,92,60,1,1,1,1
355,0,2125,1065,147,43,1,1,1,1
355,0,1115,1091,250,55,1,1,1,1
355,0,2526,1071,34,23,1,1,1,1
356,0,0,1068,78,59,1,1,1,1
356,0,2121,1066,147,44,1,1,1,1
356,0,1122,1091,249,55,1,1,1,1
356,0,2523,1071,37,23,1,1,1,1
357,0,0,1069,65,59,1,1,1,1
357,0,2117,1066,147,44,1,1,1,1
357,0,1129,1091,249,55,1,1,1,1
357,0,2521,1071,39,23,1,1,1,1
358,0,0,1069,51,58,1,1,1,1
358,0,2114,1066,148,44,1,1,1,1
358,0,1136,1091,248,55,1,1,1,1
358,0,2519,1071,42,23,1,1,1,1
359,0,0,1070,38,57,1,1,1,1
359,0,2110,1066,148,44,1,1,1,1
359,0,1143,1091,247,55,1,1,1,1
359,0,2516,1071,44,23,1,1,1,1
360,0,0,1073,24,53,1,1,1,1
360,0,2106,1066,149,44,1,1,1,1
360,0,1151,1091,247,54,1,1,1,1
360,0,2514,1071,46,23,1,1,1,1
361,0,2103,1066,149,44,1,1,1,1
361,0,1158,1091,246,54,1,1,1,1
361,0,2511,1071,49,23,1,1,1,1
362,0,2099,1066,150,44,1,1,1,1
362,0,1165,1091,245,54,1,1,1,1
362,0,2509,1071,51,23,1,1,1,1
363,0,2095,1066,150,44,1,1,1,1
363,0,1172,1091,245,54,1,1,1,1
363,0,2507,1071,52,23,1,1,1,1
364,0,2092,1066,151,44,1,1,1,1
364,0,1179,1091,244,54,1,1,1,1
364,0,2504,1071,54,23,1,1,1,1
365,0,2088,1066,151,44,1,1,1,1
365,0,1186,1090,243,54,1,1,1,1
365,0,2502,1071,55,22,1,1,1,1
366,0,2084,1067,152,44,1,1,1,1
366,0,1193,1090,242,54,1,1,1,1
366,0,2499,1072,56,22,1,1,1,1
367,0,2081,1067,152,44,1,1,1,1
367,0,1200,1090,242,54,1,1,1,1
367,0,2497,1072,57,22,1,1,1,1
368,0,2077,1067,153,44,1,1,1,1
368,0,1207,1090,241,54,1,1,1,1
368,0,2494,1072,59,22,1,1,1,1
369,0,2073,1067,153,44,1,1,1,1
369,0,1214,1090,240,54,1,1,1,1
369,0,2492,1072,60,21,1,1,1,1
370,0,2070,1067,154,44,1,1,1,1
370,0,1222,1090,240,53,1,1,1,1
370,0,2489,1072,61,21,1,1,1,1
371,0,2066,1067,154,44,1,1,1,1
371,0,1229,1090,239,53,1,1,1,1
371,0,2487,1072,61,21,1,1,1,1
372,0,2062,1067,155,44,1,1,1,1
372,0,1236,1090,238,53,1,1,1,1
372,0,2484,1072,61,21,1,1,1,1
373,0,2057,1067,155,44,1,1,1,1
373,0,1243,1090,238,53,1,1,1,1
373,0,2482,1073,62,21,1,1,1,1
374,0,2053,1067,156,44,1,1,1,1
374,0,1250,1090,237,53,1,1,1,1
374,0,2479,1073,62,20,1,1,1,1
375,0,2049,1067,157,44,1,1,1,1
375,0,1258,1090,236,53,1,1,1,1
375,0,2477,1073,62,20,1,1,1,1
376,0,2045,1067,158,44,1,1,1,1
376,0,1265,1090,234,53,1,1,1,1
376,0,2474,1073,62,20,1,1,1,1
377,0,2040,1067,158,44,1,1,1,1
377,0,1273,1090,233,52,1,1,1,1
377,0,2471,1073,62,20,1,1,1,1
378,0,2036,1067,159,44,1,1,1,1
378,0,1280,1090,231,52,1,1,1,1
378,0,2469,1073,62,20,1,1,1,1
378,0,0,1115,26,26,1,1,1,1
379,0,2032,1068,160,44,1,1,1,1
379,0,1288,1090,230,52,1,1,1,1
379,0,2466,1073,63,20,1,1,1,1
379,0,0,1116,37,25,1,1,1,1
380,0,2027,1068,160,44,1,1,1,1
380,0,1295,1090,229,52,1,1,1,1
380,0,2463,1073,63,20,1,1,1,1
380,0,0,1114,49,29,1,1,1,1
381,0,2023,1068,161,44,1,1,1,1
381,0,1303,1090,227,52,1,1,1,1
381,0,2461,1073,63,20,1,1,1,1
381,0,0,1095,60,48,1,1,1,1
382,0,2019,1068,162,44,1,1,1,1
382,0,1310,1090,226,51,1,1,1,1
382,0,2458,1073,63,20,1,1,1,1
382,0,0,1092,71,51,1,1,1,1
383,0,2014,1068,162,44,1,1,1,1
383,0,1318,1090,224,51,1,1,1,1
383,0,2455,1074,63,20,1,1,1,1
383,0,0,1092,83,51,1,1,1,1
384,0,2010,1068,163,44,1,1,1,1
384,0,1325,1090,223,51,1,1,1,1
384,0,2453,1074,64,20,1,1,1,1
384,0,0,1092,94,51,1,1,1,1
385,0,2006,1068,164,44,1,1,1,1
385,0,1331,1090,223,51,1,1,1,1
385,0,2450,1074,64,20,1,1,1,1
385,0,0,1090,105,54,1,1,1,1
386,0,2002,1068,165,45,1,1,1,1
386,0,1338,1089,222,51,1,1,1,1
386,0,2447,1074,64,21,1,1,1,1
386,0,0,1087,116,56,1,1,1,1
387,0,1997,1068,165,45,1,1,1,1
387,0,1344,1089,222,51,1,1,1,1
387,0,2445,1074,64,21,1,1,1,1
387,0,0,1085,128,59,1,1,1,1
388,0,1993,1068,166,45,1,1,1,1
388,0,1351,1089,221,51,1,1,1,1
388,0,2442,1074,65,21,1,1,1,1
388,0,0,1083,139,61,1,1,1,1
389,0,1989,1068,167,45,1,1,1,1
389,0,1357,1089,221,52,1,1,1,1
389,0,2439,1074,65,21,1,1,1,1
389,0,0,1080,150,64,1,1,1,1
390,0,1984,1068,167,45,1,1,1,1
390,0,1364,1088,220,52,1,1,1,1
390,0,2437,1074,65,21,1,1,1,1
390,0,0,1078,161,66,1,1,1,1
391,0,1980,1068,168,45,1,1,1,1
391,0,1370,1088,220,52,1,1,1,1
391,0,2434,1074,65,21,1,1,1,1
391,0,0,1078,172,66,1,1,1,1
392,0,1976,1068,169,45,1,1,1,1
392,0,1377,1088,219,52,1,1,1,1
392,0,2431,1074,65,21,1,1,1,1
392,0,0,1078,183,66,1,1,1,1
393,0,1971,1068,169,45,1,1,1,1
393,0,1383,1088,219,52,1,1,1,1
393,0,2429,1074,66,21,1,1,1,1
393,0,0,1079,194,66,1,1,1,1
394,0,1967,1069,170,45,1,1,1,1
394,0,1389,1087,219,52,1,1,1,1
394,0,2426,1074,66,21,1,1,1,1
394,0,0,1079,205,66,1,1,1,1
395,0,1963,1069,171,45,1,1,1,1
395,0,1396,1087,218,52,1,1,1,1
395,0,2424,1075,66,21,1,1,1,1
395,0,0,1079,216,66,1,1,1,1
396,0,1959,1069,172,45,1,1,1,1
396,0,1402,1087,218,52,1,1,1,1
396,0,2421,1075,66,21,1,1,1,1
396,0,0,1079,227,66,1,1,1,1
397,0,1954,1069,172,45,1,1,1,1
397,0,1409,1086,217,52,1,1,1,1
397,0,2418,1075,66,21,1,1,1,1
397,0,0,1079,238,66,1,1,1,1
398,0,1950,1069,173,45,1,1,1,1
398,0,1415,1086,217,53,1,1,1,1
398,0,2416,1075,67,21,1,1,1,1
398,0,0,1079,249,66,1,1,1,1
399,0,1946,1069,174,45,1,1,1,1
399,0,1422,1086,216,53,1,1,1,1
399,0,2413,1075,67,21,1,1,1,1
399,0,0,1080,260,66,1,1,1,1
400,0,1941,1069,174,45,1,1,1,1
400,0,1428,1086,216,53,1,1,1,1
400,0,2410,1075,67,21,1,1,1,1
400,0,0,1080,271,66,1,1,1,1
401,0,1937,1069,175,45,1,1,1,1
401,0,1435,1085,215,53,1,1,1,1
401,0,2408,1075,67,21,1,1,1,1
401,0,0,1080,282,66,1,1,1,1
402,0,1932,1069,176,45,1,1,1,1
402,0,1441,1085,215,53,1,1,1,1
402,0,2405,1075,67,21,1,1,1,1
402,0,0,1080,293,66,1,1,1,1
403,0,1927,1069,176,45,1,1,1,1
403,0,1447,1085,215,53,1,1,1,1
403,0,2402,1075,68,21,1,1,1,1
403,0,0,1080,304,66,1,1,1,1
404,0,1922,1069,177,45,1,1,1,1
404,0,1453,1085,214,53,1,1,1,1
404,0,2400,1075,68,21,1,1,1,1
404,0,1,1081,314,66,1,1,1,1
405,0,1917,1069,178,45,1,1,1,1
405,0,1459,1085,214,53,1,1,1,1
405,0,2397,1075,68,22,1,1,1,1
405,0,1,1081,325,65,1,1,1,1
406,0,1912,1069,178,45,1,1,1,1
406,0,1465,1085,213,53,1,1,1,1
406,0,2394,1075,68,22,1,1,1,1
406,0,1,1081,335,65,1,1,1,1
407,0,1907,1069,179,45,1,1,1,1
407,0,1471,1085,213,52,1,1,1,1
407,0,2392,1075,69,22,1,1,1,1
407,0,2,1081,344,65,1,1,1,1
408,0,1903,1070,180,45,1,1,1,1
408,0,1477,1085,212,52,1,1,1,1
408,0,2389,1076,69,22,1,1,1,1
408,0,10,1081,347,65,1,1,1,1
409,0,1898,1070,181,45,1,1,1,1
409,0,1483,1085,212,52,1,1,1,1
409,0,2386,1076,69,22,1,1,1,1
409,0,18,1081,349,65,1,1,1,1
410,0,1893,1070,181,45,1,1,1,1
410,0,1489,1085,211,52,1,1,1,1
410,0,2384,1076,69,22,1,1,1,1
410,0,30,1081,348,65,1,1,1,1
411,0,1888,1070,182,45,1,1,1,1
411,0,1495,1085,211,52,1,1,1,1
411,0,2381,1076,69,22,1,1,1,1
411,0,42,1082,346,65,1,1,1,1
412,0,1883,1070,183,45,1,1,1,1
412,0,1501,1085,210,52,1,1,1,1
412,0,2378,1076,70,22,1,1,1,1
412,0,54,1082,345,65,1,1,1,1
413,0,1878,1070,183,45,1,1,1,1
413,0,1507,1085,210,52,1,1,1,1
413,0,2376,1076,70,22,1,1,1,1
413,0,65,1082,344,65,1,1,1,1
414,0,1873,1070,184,46,1,1,1,1
414,0,1513,1085,209,52,1,1,1,1
414,0,2373,1076,70,22,1,1,1,1
414,0,76,1082,344,65,1,1,1,1
415,0,1868,1070,185,46,1,1,1,1
415,0,1519,1085,209,51,1,1,1,1
415,0,2370,1076,70,22,1,1,1,1
415,0,87,1082,343,65,1,1,1,1
416,0,1863,1070,185,46,1,1,1,1
416,0,1525,1085,208,51,1,1,1,1
416,0,2367,1076,70,22,1,1,1,1
416,0,99,1083,342,64,1,1,1,1
417,0,1858,1070,186,46,1,1,1,1
417,0,1531,1085,208,51,1,1,1,1
417,0,2364,1076,71,22,1,1,1,1
417,0,110,1083,341,64,1,1,1,1
418,0,1853,1070,187,46,1,1,1,1
418,0,1537,1085,208,51,1,1,1,1
418,0,2361,1076,71,22,1,1,1,1
418,0,121,1083,341,64,1,1,1,1
419,0,1848,1070,187,46,1,1,1,1
419,0,1542,1085,207,51,1,1,1,1
419,0,2358,1076,71,22,1,1,1,1
419,0,132,1083,340,64,1,1,1,1
420,0,1843,1070,188,46,1,1,1,1
420,0,1548,1085,207,51,1,1,1,1
420,0,2355,1077,71,22,1,1,1,1
420,0,143,1083,339,64,1,1,1,1
421,0,1839,1071,189,46,1,1,1,1
421,0,1554,1085,206,51,1,1,1,1
421,0,2352,1077,71,22,1,1,1,1
421,0,153,1083,338,64,1,1,1,1
422,0,1834,1071,190,46,1,1,1,1
422,0,1560,1085,206,51,1,1,1,1
422,0,2349,1077,71,22,1,1,1,1
422,0,164,1084,337,64,1,1,1,1
423,0,1829,1071,190,46,1,1,1,1
423,0,1566,1085,205,50,1,1,1,1
423,0,2346,1077,72,22,1,1,1,1
423,0,174,1084,336,64,1,1,1,1
424,0,1824,1071,191,46,1,1,1,1
424,0,1572,1085,205,50,1,1,1,1
424,0,2343,1077,72,22,1,1,1,1
424,0,185,1084,335,64,1,1,1,1
425,0,1819,1071,192,46,1,1,1,1
425,0,1578,1085,204,50,1,1,1,1
425,0,2340,1077,72,22,1,1,1,1
425,0,196,1084,334,64,1,1,1,1
426,0,1814,1071,192,46,1,1,1,1
426,0,1584,1085,204,50,1,1,1,1
426,0,2337,1077,72,22,1,1,1,1
426,0,206,1084,332,64,1,1,1,1
427,0,1809,1071,193,46,1,1,1,1
427,0,1590,1085,203,50,1,1,1,1
427,0,2334,1077,72,22,1,1,1,1
427,0,217,1084,331,64,1,1,1,1
428,0,1803,1071,194,46,1,1,1,1
428,0,1596,1085,203,50,1,1,1,1
428,0,2331,1077,72,22,1,1,1,1
428,0,227,1085,330,64,1,1,1,1
429,0,1797,1071,195,46,1,1,1,1
429,0,1602,1085,202,50,1,1,1,1
429,0,2328,1077,73,22,1,1,1,1
429,0,238,1085,329,63,1,1,1,1
430,0,1791,1071,196,46,1,1,1,1
430,0,1608,1085,202,50,1,1,1,1
430,0,2325,1078,73,22,1,1,1,1
430,0,248,1085,328,63,1,1,1,1
431,0,1786,1071,197,46,1,1,1,1
431,0,1614,1085,201,49,1,1,1,1
431,0,2322,1078,73,22,1,1,1,1
431,0,259,1085,327,63,1,1,1,1
432,0,1780,1071,198,46,1,1,1,1
432,0,1620,1085,201,49,1,1,1,1
432,0,2319,1078,73,22,1,1,1,1
432,0,270,1085,326,63,1,1,1,1
433,0,1774,1072,199,46,1,1,1,1
433,0,1626,1085,200,49,1,1,1,1
433,0,2316,1078,73,22,1,1,1,1
433,0,280,1085,325,63,1,1,1,1
434,0,1768,1072,200,46,1,1,1,1
434,0,1632,1085,200,49,1,1,1,1
434,0,2313,1078,73,22,1,1,1,1
434,0,291,1086,324,63,1,1,1,1
435,0,1762,1072,201,46,1,1,1,1
435,0,1638,1085,200,49,1,1,1,1
435,0,2309,1078,74,22,1,1,1,1
435,0,301,1086,323,63,1,1,1,1
436,0,1756,1072,202,46,1,1,1,1
436,0,1643,1085,199,49,1,1,1,1
436,0,2306,1078,74,22,1,1,1,1
436,0,312,1086,322,63,1,1,1,1
437,0,1751,1072,203,46,1,1,1,1
437,0,1649,1085,199,49,1,1,1,1
437,0,2303,1078,74,22,1,1,1,1
437,0,323,1086,321,63,1,1,1,1
438,0,1745,1072,203,47,1,1,1,1
438,0,1654,1085,199,48,1,1,1,1
438,0,2300,1078,74,22,1,1,1,1
438,0,333,1086,319,63,1,1,1,1
439,0,1739,1072,204,47,1,1,1,1
439,0,1660,1085,198,48,1,1,1,1
439,0,2297,1078,74,22,1,1,1,1
439,0,344,1086,318,63,1,1,1,1
440,0,1733,1072,205,47,1,1,1,1
440,0,1665,1085,198,48,1,1,1,1
440,0,2294,1079,74,22,1,1,1,1
440,0,354,1087,317,63,1,1,1,1
441,0,1727,1072,206,47,1,1,1,1
441,0,1671,1085,198,48,1,1,1,1
441,0,2291,1079,75,22,1,1,1,1
441,0,365,1087,316,63,1,1,1,1
442,0,1721,1072,207,47,1,1,1,1
442,0,1676,1084,197,48,1,1,1,1
442,0,2288,1079,75,22,1,1,1,1
442,0,375,1087,315,63,1,1,1,1
443,0,1716,1072,208,47,1,1,1,1
443,0,1682,1084,197,48,1,1,1,1
443,0,2285,1079,75,22,1,1,1,1
443,0,386,1087,314,63,1,1,1,1
444,0,1710,1073,209,47,1,1,1,1
444,0,1687,1084,197,48,1,1,1,1
444,0,2282,1079,75,22,1,1,1,1
444,0,397,1087,313,63,1,1,1,1
445,0,1704,1073,210,47,1,1,1,1
445,0,1693,1084,196,47,1,1,1,1
445,0,2279,1079,75,22,1,1,1,1
445,0,407,1087,312,63,1,1,1,1
446,0,1698,1073,211,47,1,1,1,1
446,0,1698,1084,196,47,1,1,1,1
446,0,2276,1079,75,22,1,1,1,1
446,0,418,1088,311,63,1,1,1,1
447,0,1692,1073,212,47,1,1,1,1
447,0,1704,1084,196,47,1,1,1,1
447,0,2273,1079,76,22,1,1,1,1
447,0,428,1088,310,62,1,1,1,1
448,0,1686,1073,213,47,1,1,1,1
448,0,1709,1084,195,47,1,1,1,1
448,0,2270,1079,76,22,1,1,1,1
448,0,439,1088,309,62,1,1,1,1
449,0,1681,1073,214,47,1,1,1,1
449,0,1715,1084,195,47,1,1,1,1
449,0,2267,1079,76,22,1,1,1,1
449,0,450,1088,308,62,1,1,1,1
450,0,1675,1073,215,47,1,1,1,1
450,0,1720,1084,194,47,1,1,1,1
450,0,2264,1080,76,22,1,1,1,1
450,0,460,1088,306,62,1,1,1,1
451,0,1669,1073,216,47,1,1,1,1
451,0,1726,1084,194,47,1,1,1,1
451,0,2261,1080,76,22,1,1,1,1
451,0,471,1088,305,62,1,1,1,1
452,0,1663,1073,217,47,1,1,1,1
452,0,1731,1084,194,47,1,1,1,1
452,0,2258,1080,76,22,1,1,1,1
452,0,481,1089,304,62,1,1,1,1
453,0,1657,1073,218,47,1,1,1,1
453,0,1737,1084,193,46,1,1,1,1
453,0,2255,1080,77,22,1,1,1,1
453,0,492,1089,303,62,1,1,1,1
454,0,1651,1074,219,47,1,1,1,1
454,0,1742,1084,193,46,1,1,1,1
454,0,2252,1080,77,22,1,1,1,1
454,0,502,1089,302,62,1,1,1,1
455,0,1646,1074,220,47,1,1,1,1
455,0,1748,1084,193,46,1,1,1,1
455,0,2249,1080,77,22,1,1,1,1
455,0,513,1089,301,62,1,1,1,1
456,0,1640,1074,221,47,1,1,1,1
456,0,1753,1083,192,46,1,1,1,1
456,0,2246,1080,77,22,1,1,1,1
456,0,522,1089,300,62,1,1,1,1
457,0,1634,1074,222,47,1,1,1,1
457,0,1759,1083,192,46,1,1,1,1
457,0,2242,1080,78,22,1,1,1,1
457,0,532,1089,299,62,1,1,1,1
458,0,1628,1074,223,47,1,1,1,1
458,0,1764,1083,192,46,1,1,1,1
458,0,2239,1080,78,22,1,1,1,1
458,0,541,1089,298,62,1,1,1,1
459,0,1622,1074,224,47,1,1,1,1
459,0,1770,1083,191,46,1,1,1,1
459,0,2235,1080,78,22,1,1,1,1
459,0,550,1089,297,61,1,1,1,1
460,0,1616,1074,224,48,1,1,1,1
460,0,1775,1083,191,45,1,1,1,1
460,0,2232,1080,79,23,1,1,1,1
460,0,560,1089,296,61,1,1,1,1
461,0,1611,1074,225,48,1,1,1,1
461,0,1781,1083,191,45,1,1,1,1
461,0,2228,1080,79,23,1,1,1,1
461,0,569,1089,295,61,1,1,1,1
462,0,1605,1074,226,48,1,1,1,1
462,0,1786,1083,190,45,1,1,1,1
462,0,2225,1080,79,23,1,1,1,1
462,0,579,1089,295,61,1,1,1,1
463,0,1599,1074,227,48,1,1,1,1
463,0,1792,1083,190,45,1,1,1,1
463,0,2221,1080,79,23,1,1,1,1
463,0,588,1089,294,61,1,1,1,1
464,0,1593,1074,228,48,1,1,1,1
464,0,1797,1083,190,45,1,1,1,1
464,0,2218,1080,80,23,1,1,1,1
464,0,597,1089,293,61,1,1,1,1
465,0,1587,1075,229,48,1,1,1,1
465,0,1803,1083,189,45,1,1,1,1
465,0,2214,1080,80,23,1,1,1,1
465,0,607,1089,292,61,1,1,1,1
466,0,1581,1075,230,48,1,1,1,1
466,0,1808,1083,189,45,1,1,1,1
466,0,2211,1080,80,23,1,1,1,1
466,0,616,1089,291,61,1,1,1,1
467,0,1576,1075,231,48,1,1,1,1
467,0,1813,1083,189,45,1,1,1,1
467,0,2207,1080,81,23,1,1,1,1
467,0,625,1089,290,60,1,1,1,1
468,0,1570,1075,232,48,1,1,1,1
468,0,1818,1083,188,45,1,1,1,1
468,0,2204,1081,81,24,1,1,1,1
468,0,635,1089,289,60,1,1,1,1
469,0,1564,1075,233,48,1,1,1,1
469,0,1824,1083,188,45,1,1,1,1
469,0,2200,1081,81,24,1,1,1,1
469,0,644,1089,288,60,1,1,1,1
470,0,1558,1075,234,48,1,1,1,1
470,0,1829,1082,188,45,1,1,1,1
470,0,2197,1081,82,24,1,1,1,1
470,0,653,1089,287,60,1,1,1,1
471,0,1551,1075,235,48,1,1,1,1
471,0,1834,1082,187,45,1,1,1,1
471,0,2193,1081,82,24,1,1,1,1
471,0,663,1089,286,60,1,1,1,1
472,0,1545,1075,235,49,1,1,1,1
472,0,1840,1082,187,45,1,1,1,1
472,0,2190,1081,82,24,1,1,1,1
472,0,672,1089,285,60,1,1,1,1
473,0,1538,1075,236,49,1,1,1,1
473,0,1845,1082,187,45,1,1,1,1
473,0,2186,1081,83,24,1,1,1,1
473,0,681,1089,284,60,1,1,1,1
474,0,1531,1075,236,49,1,1,1,1
474,0,1850,1082,186,45,1,1,1,1
474,0,2183,1081,83,24,1,1,1,1
474,0,691,1089,283,60,1,1,1,1
475,0,1525,1075,237,49,1,1,1,1
475,0,1855,1082,186,45,1,1,1,1
475,0,2179,1081,83,24,1,1,1,1
475,0,700,1090,283,59,1,1,1,1
476,0,1518,1075,238,50,1,1,1,1
476,0,1861,1082,186,45,1,1,1,1
476,0,2176,1081,83,24,1,1,1,1
476,0,710,1090,282,59,1,1,1,1
477,0,1511,1075,238,50,1,1,1,1
477,0,1866,1082,185,45,1,1,1,1
477,0,2172,1081,84,25,1,1,1,1
477,0,719,1090,281,59,1,1,1,1
478,0,1505,1075,239,50,1,1,1,1
478,0,1871,1082,185,45,1,1,1,1
478,0,2169,1081,84,25,1,1,1,1
478,0,728,1090,280,59,1,1,1,1
479,0,1498,1075,240,50,1,1,1,1
479,0,1877,1082,185,45,1,1,1,1
479,0,2165,1081,84,25,1,1,1,1
479,0,738,1090,279,59,1,1,1,1
480,0,1491,1075,240,51,1,1,1,1
480,0,1882,1082,184,44,1,1,1,1
480,0,2162,1081,85,25,1,1,1,1
480,0,747,1090,278,59,1,1,1,1
481,0,1485,1075,241,51,1,1,1,1
481,0,1887,1082,184,44,1,1,1,1
481,0,2158,1081,85,25,1,1,1,1
481,0,756,1090,277,59,1,1,1,1
482,0,1478,1075,241,51,1,1,1,1
482,0,1892,1082,184,44,1,1,1,1
482,0,2155,1081,85,25,1,1,1,1
482,0,766,1090,276,59,1,1,1,1
483,0,1471,1075,242,52,1,1,1,1
483,0,1898,1081,183,44,1,1,1,1
483,0,2151,1081,86,25,1,1,1,1
483,0,775,1090,275,58,1,1,1,1
484,0,1465,1075,243,52,1,1,1,1
484,0,1903,1081,183,44,1,1,1,1
484,0,2148,1081,86,25,1,1,1,1
484,0,784,1090,274,58,1,1,1,1
485,0,1458,1074,243,52,1,1,1,1
485,0,1908,1081,183,44,1,1,1,1
485,0,2144,1081,86,25,1,1,1,1
485,0,794,1090,273,58,1,1,1,1
486,0,1452,1074,244,52,1,1,1,1
486,0,1914,1081,182,44,1,1,1,1
486,0,2141,1082,87,25,1,1,1,1
486,0,803,1090,272,58,1,1,1,1
487,0,1445,1074,245,53,1,1,1,1
487,0,1919,1081,182,44,1,1,1,1
487,0,2137,1082,87,24,1,1,1,1
487,0,812,1090,271,58,1,1,1,1
488,0,1438,1074,245,53,1,1,1,1
488,0,1924,1081,182,44,1,1,1,1
488,0,2134,1082,87,24,1,1,1,1
488,0,822,1090,271,58,1,1,1,1
489,0,1432,1074,246,53,1,1,1,1
489,0,1929,1081,181,44,1,1,1,1
489,0,2130,1082,87,24,1,1,1,1
489,0,831,1090,270,58,1,1,1,1
490,0,1425,1074,246,54,1,1,1,1
490,0,1935,1081,181,44,1,1,1,1
490,0,2127,1082,88,24,1,1,1,1
490,0,841,1090,269,58,1,1,1,1
491,0,1418,1074,247,54,1,1,1,1
491,0,1940,1081,181,44,1,1,1,1
491,0,2123,1082,88,24,1,1,1,1
491,0,850,1090,268,57,1,1,1,1
492,0,1412,1074,248,54,1,1,1,1
492,0,1945,1081,180,44,1,1,1,1
492,0,2119,1082,88,24,1,1,1,1
492,0,859,1090,267,57,1,1,1,1
493,0,1405,1074,248,54,1,1,1,1
493,0,1951,1081,180,44,1,1,1,1
493,0,2115,1082,89,24,1,1,1,1
493,0,869,1090,266,57,1,1,1,1
494,0,1398,1074,249,55,1,1,1,1
494,0,1956,1081,180,44,1,1,1,1
494,0,2111,1082,89,24,1,1,1,1
494,0,878,1090,265,57,1,1,1,1
495,0,1392,1074,250,55,1,1,1,1
495,0,1961,1081,179,44,1,1,1,1
495,0,2107,1082,89,24,1,1,1,1
495,0,886,1090,264,57,1,1,1,1
496,0,1385,1074,250,55,1,1,1,1
496,0,1967,1081,179,44,1,1,1,1
496,0,2103,1082,90,25,1,1,1,1
496,0,894,1090,264,57,1,1,1,1
497,0,1378,1074,251,55,1,1,1,1
497,0,1972,1080,179,44,1,1,1,1
497,0,2099,1082,90,25,1,1,1,1
497,0,902,1090,263,57,1,1,1,1
498,0,1372,1074,251,56,1,1,1,1
498,0,1977,1080,178,44,1,1,1,1
498,0,2095,1082,90,25,1,1,1,1
498,0,910,1090,262,57,1,1,1,1
499,0,1365,1074,252,56,1,1,1,1
499,0,1982,1080,178,44,1,1,1,1
499,0,2090,1083,90,25,1,1,1,1
499,0,919,1090,261,57,1,1,1,1
500,0,1357,1074,254,56,1,1,1,1
500,0,1988,1080,178,44,1,1,1,1
500,0,2086,1083,91,25,1,1,1,1
500,0,927,1090,261,57,1,1,1,1
501,0,1350,1074,255,57,1,1,1,1
501,0,1993,1080,177,44,1,1,1,1
501,0,2082,1083,91,25,1,1,1,1
501,0,935,1090,260,56,1,1,1,1
502,0,1342,1074,257,57,1,1,1,1
502,0,1998,1080,177,44,1,1,1,1
502,0,2078,1083,91,25,1,1,1,1
502,0,943,1090,259,56,1,1,1,1
503,0,1334,1074,259,57,1,1,1,1
503,0,2004,1080,177,44,1,1,1,1
503,0,2074,1083,92,25,1,1,1,1
503,0,951,1090,258,56,1,1,1,1
504,0,1327,1074,260,58,1,1,1,1
504,0,2009,1080,176,44,1,1,1,1
504,0,2070,1083,92,25,1,1,1,1
504,0,959,1090,258,56,1,1,1,1
505,0,1319,1074,262,58,1,1,1,1
505,0,2014,1080,176,44,1,1,1,1
505,0,2066,1083,92,25,1,1,1,1
505,0,967,1090,257,56,1,1,1,1
506,0,1311,1073,264,58,1,1,1,1
506,0,2019,1080,176,44,1,1,1,1
506,0,2062,1083,93,26,1,1,1,1
506,0,975,1090,256,56,1,1,1,1
507,0,1304,1073,265,59,1,1,1,1
507,0,2025,1080,175,44,1,1,1,1
507,0,2058,1083,93,26,1,1,1,1
507,0,983,1090,255,56,1,1,1,1
508,0,1296,1073,267,59,1,1,1,1
508,0,2030,1080,175,44,1,1,1,1
508,0,2054,1083,93,26,1,1,1,1
508,0,992,1089,255,56,1,1,1,1
509,0,1288,1073,269,59,1,1,1,1
509,0,2035,1080,175,44,1,1,1,1
509,0,2050,1083,94,26,1,1,1,1
509,0,1000,1089,254,56,1,1,1,1
510,0,1281,1073,270,60,1,1,1,1
510,0,2041,1079,174,44,1,1,1,1
510,0,2046,1083,94,26,1,1,1,1
510,0,1008,1089,253,56,1,1,1,1
511,0,1273,1073,272,60,1,1,1,1
511,0,2046,1079,174,44,1,1,1,1
511,0,2042,1083,94,26,1,1,1,1
511,0,1016,1089,252,56,1,1,1,1
512,0,1265,1073,273,60,1,1,1,1
512,0,2051,1079,174,44,1,1,1,1
512,0,2038,1083,95,26,1,1,1,1
512,0,1024,1089,252,56,1,1,1,1
513,0,1256,1073,274,60,1,1,1,1
513,0,2056,1079,173,43,1,1,1,1
513,0,2033,1084,95,26,1,1,1,1
513,0,1032,1089,251,56,1,1,1,1
514,0,1248,1073,275,60,1,1,1,1
514,0,2062,1079,173,43,1,1,1,1
514,0,2029,1084,95,26,1,1,1,1
514,0,1040,1089,250,56,1,1,1,1
515,0,1240,1073,276,60,1,1,1,1
515,0,2067,1079,173,43,1,1,1,1
515,0,2025,1084,95,26,1,1,1,1
515,0,1048,1089,249,55,1,1,1,1
516,0,1231,1073,278,60,1,1,1,1
516,0,2072,1079,172,43,1,1,1,1
516,0,2021,1084,96,27,1,1,1,1
516,0,1056,1089,249,55,1,1,1,1
517,0,1223,1073,279,60,1,1,1,1
517,0,2078,1079,172,43,1,1,1,1
517,0,2017,1084,96,27,1,1,1,1
517,0,1065,1089,248,55,1,1,1,1
518,0,1215,1073,280,60,1,1,1,1
518,0,2083,1079,172,43,1,1,1,1
518,0,2013,1084,96,27,1,1,1,1
518,0,1073,1089,247,55,1,1,1,1
519,0,1206,1073,281,60,1,1,1,1
519,0,2088,1079,171,43,1,1,1,1
519,0,2009,1084,97,27,1,1,1,1
519,0,1081,1089,246,55,1,1,1,1
520,0,1198,1073,282,60,1,1,1,1
520,0,2093,1079,171,43,1,1,1,1
520,0,2005,1084,97,27,1,1,1,1
520,0,1089,1089,246,55,1,1,1,1
521,0,1190,1073,283,60,1,1,1,1
521,0,2099,1079,171,43,1,1,1,1
521,0,2000,1084,97,27,1,1,1,1
521,0,1097,1089,245,55,1,1,1,1
522,0,1181,1073,284,60,1,1,1,1
522,0,2104,1079,170,43,1,1,1,1
522,0,1996,1084,98,27,1,1,1,1
522,0,1105,1089,245,55,1,1,1,1
523,0,1173,1073,285,60,1,1,1,1
523,0,2109,1078,170,43,1,1,1,1
523,0,1991,1084,98,27,1,1,1,1
523,0,1112,1089,244,55,1,1,1,1
524,0,1165,1073,287,60,1,1,1,1
524,0,2115,1078,170,43,1,1,1,1
524,0,1987,1084,99,27,1,1,1,1
524,0,1120,1089,244,55,1,1,1,1
525,0,1156,1073,288,60,1,1,1,1
525,0,2120,1078,169,43,1,1,1,1
525,0,1982,1084,99,27,1,1,1,1
525,0,1127,1089,243,55,1,1,1,1
526,0,1148,1073,289,60,1,1,1,1
526,0,2125,1078,169,43,1,1,1,1
526,0,1978,1084,99,27,1,1,1,1
526,0,1135,1089,243,55,1,1,1,1
527,0,1140,1073,290,60,1,1,1,1
527,0,2130,1078,169,43,1,1,1,1
527,0,1973,1085,100,28,1,1,1,1
527,0,1142,1089,242,55,1,1,1,1
528,0,1132,1074,291,60,1,1,1,1
528,0,2136,1078,168,43,1,1,1,1
528,0,1969,1085,100,28,1,1,1,1
528,0,1150,1089,242,54,1,1,1,1
529,0,1123,1074,292,59,1,1,1,1
529,0,2141,1078,168,43,1,1,1,1
529,0,1964,1085,101,28,1,1,1,1
529,0,1157,1089,241,54,1,1,1,1
530,0,1115,1074,293,59,1,1,1,1
530,0,2146,1078,167,43,1,1,1,1
530,0,1960,1085,101,28,1,1,1,1
530,0,1165,1089,241,54,1,1,1,1
531,0,1107,1074,294,59,1,1,1,1
531,0,2151,1078,167,43,1,1,1,1
531,0,1955,1085,101,28,1,1,1,1
531,0,1172,1089,240,54,1,1,1,1
532,0,1098,1074,295,59,1,1,1,1
532,0,2156,1077,166,43,1,1,1,1
532,0,1951,1085,102,28,1,1,1,1
532,0,1180,1089,240,54,1,1,1,1
533,0,1090,1074,297,59,1,1,1,1
533,0,2161,1077,166,43,1,1,1,1
533,0,1946,1085,102,28,1,1,1,1
533,0,1187,1089,239,54,1,1,1,1
534,0,1082,1074,298,59,1,1,1,1
534,0,2166,1077,165,43,1,1,1,1
534,0,1942,1085,103,28,1,1,1,1
534,0,1195,1089,239,54,1,1,1,1
535,0,1073,1074,299,59,1,1,1,1
535,0,2170,1077,164,43,1,1,1,1
535,0,1937,1085,103,28,1,1,1,1
535,0,1202,1089,238,54,1,1,1,1
536,0,1065,1074,300,59,1,1,1,1
536,0,2175,1077,164,43,1,1,1,1
536,0,1932,1085,103,28,1,1,1,1
536,0,1210,1089,238,54,1,1,1,1
537,0,1057,1074,301,59,1,1,1,1
537,0,2180,1076,163,43,1,1,1,1
537,0,1928,1085,104,28,1,1,1,1
537,0,1217,1089,237,54,1,1,1,1
538,0,1048,1074,302,59,1,1,1,1
538,0,2185,1076,162,43,1,1,1,1
538,0,1923,1085,104,28,1,1,1,1
538,0,1225,1089,237,54,1,1,1,1
539,0,1040,1074,303,59,1,1,1,1
539,0,2190,1076,162,43,1,1,1,1
539,0,1919,1085,104,28,1,1,1,1
539,0,1232,1089,236,54,1,1,1,1
540,0,1032,1074,304,59,1,1,1,1
540,0,2195,1076,161,43,1,1,1,1
540,0,1914,1085,105,28,1,1,1,1
540,0,1240,1089,236,54,1,1,1,1
541,0,1023,1074,306,59,1,1,1,1
541,0,2200,1076,161,43,1,1,1,1
541,0,1910,1086,105,29,1,1,1,1
541,0,1247,1089,235,53,1,1,1,1
542,0,1015,1074,307,59,1,1,1,1
542,0,2205,1076,160,43,1,1,1,1
542,0,1905,1086,106,29,1,1,1,1
542,0,1255,1089,235,53,1,1,1,1
543,0,1007,1074,308,59,1,1,1,1
543,0,2210,1075,159,43,1,1,1,1
543,0,1901,1086,106,29,1,1,1,1
543,0,1262,1089,234,53,1,1,1,1
544,0,998,1074,309,59,1,1,1,1
544,0,2215,1075,159,43,1,1,1,1
544,0,1896,1086,106,29,1,1,1,1
544,0,1270,1089,234,53,1,1,1,1
545,0,990,1074,310,59,1,1,1,1
545,0,2219,1075,158,43,1,1,1,1
545,0,1892,1086,107,29,1,1,1,1
545,0,1277,1089,233,53,1,1,1,1
546,0,981,1074,311,59,1,1,1,1
546,0,2224,1075,157,43,1,1,1,1
546,0,1887,1086,107,29,1,1,1,1
546,0,1285,1089,233,53,1,1,1,1
547,0,972,1074,312,59,1,1,1,1
547,0,2229,1075,157,43,1,1,1,1
547,0,1883,1086,108,29,1,1,1,1
547,0,1292,1089,232,53,1,1,1,1
548,0,962,1074,314,59,1,1,1,1
548,0,2234,1074,156,43,1,1,1,1
548,0,1878,1086,108,29,1,1,1,1
548,0,1299,1089,231,53,1,1,1,1
549,0,953,1074,315,59,1,1,1,1
549,0,2239,1074,156,43,1,1,1,1
549,0,1873,1086,108,29,1,1,1,1
549,0,1306,1089,231,53,1,1,1,1
550,0,944,1073,316,60,1,1,1,1
550,0,2244,1074,155,43,1,1,1,1
550,0,1868,1086,109,29,1,1,1,1
550,0,1313,1089,230,53,1,1,1,1
551,0,935,1073,317,60,1,1,1,1
551,0,2248,1074,154,43,1,1,1,1
551,0,1862,1086,109,29,1,1,1,1
551,0,1320,1089,229,53,1,1,1,1
552,0,925,1073,318,60,1,1,1,1
552,0,2253,1074,154,43,1,1,1,1
552,0,1857,1086,110,29,1,1,1,1
552,0,1327,1089,228,53,1,1,1,1
553,0,916,1073,319,60,1,1,1,1
553,0,2257,1074,153,43,1,1,1,1
553,0,1852,1086,110,29,1,1,1,1
553,0,1333,1089,228,52,1,1,1,1
554,0,907,1073,321,60,1,1,1,1
554,0,2262,1074,152,43,1,1,1,1
554,0,1847,1086,111,29,1,1,1,1
554,0,1340,1089,227,52,1,1,1,1
555,0,898,1073,322,60,1,1,1,1
555,0,2266,1074,152,43,1,1,1,1
555,0,1841,1086,111,29,1,1,1,1
555,0,1347,1089,226,52,1,1,1,1
556,0,888,1073,323,60,1,1,1,1
556,0,2271,1074,151,43,1,1,1,1
556,0,1836,1087,112,30,1,1,1,1
556,0,1354,1088,226,52,1,1,1,1
557,0,879,1073,324,60,1,1,1,1
557,0,2275,1073,151,42,1,1,1,1
557,0,1831,1087,112,30,1,1,1,1
557,0,1361,1088,225,52,1,1,1,1
558,0,870,1072,325,61,1,1,1,1
558,0,2280,1073,150,42,1,1,1,1
558,0,1826,1087,113,30,1,1,1,1
558,0,1368,1088,224,52,1,1,1,1
559,0,861,1072,326,61,1,1,1,1
559,0,2284,1073,149,42,1,1,1,1
559,0,1820,1087,113,30,1,1,1,1
559,0,1375,1088,223,52,1,1,1,1
560,0,851,1072,328,61,1,1,1,1
560,0,2289,1073,149,42,1,1,1,1
560,0,1815,1087,114,30,1,1,1,1
560,0,1382,1088,223,52,1,1,1,1
561,0,842,1072,329,61,1,1,1,1
561,0,2293,1073,148,42,1,1,1,1
561,0,1810,1087,114,30,1,1,1,1
561,0,1389,1088,222,52,1,1,1,1
562,0,833,1072,330,61,1,1,1,1
562,0,2298,1073,147,42,1,1,1,1
562,0,1805,1087,115,30,1,1,1,1
562,0,1396,1088,221,52,1,1,1,1
563,0,823,1072,331,61,1,1,1,1
563,0,2302,1073,147,42,1,1,1,1
563,0,1800,1087,115,30,1,1,1,1
563,0,1403,1088,221,52,1,1,1,1
564,0,814,1072,331,61,1,1,1,1
564,0,2306,1073,146,42,1,1,1,1
564,0,1794,1087,115,30,1,1,1,1
564,0,1409,1088,220,51,1,1,1,1
565,0,804,1072,332,61,1,1,1,1
565,0,2311,1073,145,42,1,1,1,1
565,0,1789,1087,116,30,1,1,1,1
565,0,1416,1088,219,51,1,1,1,1
566,0,794,1072,333,61,1,1,1,1
566,0,2315,1073,145,42,1,1,1,1
566,0,1784,1087,116,30,1,1,1,1
566,0,1423,1088,218,51,1,1,1,1
567,0,785,1072,333,61,1,1,1,1
567,0,2320,1073,144,42,1,1,1,1
567,0,1779,1087,117,30,1,1,1,1
567,0,1430,1088,218,51,1,1,1,1
568,0,775,1071,334,62,1,1,1,1
568,0,2324,1073,144,42,1,1,1,1
568,0,1773,1087,117,30,1,1,1,1
568,0,1437,1088,217,51,1,1,1,1
569,0,766,1071,334,62,1,1,1,1
569,0,2329,1073,143,42,1,1,1,1
569,0,1768,1087,118,30,1,1,1,1
569,0,1444,1088,216,51,1,1,1,1
570,0,756,1071,335,62,1,1,1,1
570,0,2333,1073,142,42,1,1,1,1
570,0,1763,1087,118,30,1,1,1,1
570,0,1451,1088,215,51,1,1,1,1
571,0,746,1071,336,62,1,1,1,1
571,0,2338,1072,142,41,1,1,1,1
571,0,1758,1088,119,31,1,1,1,1
571,0,1458,1088,215,51,1,1,1,1
572,0,737,1071,336,62,1,1,1,1
572,0,2342,1072,141,41,1,1,1,1
572,0,1752,1088,119,31,1,1,1,1
572,0,1465,1087,214,51,1,1,1,1
573,0,727,1071,337,62,1,1,1,1
573,0,2347,1072,140,41,1,1,1,1
573,0,1747,1088,120,31,1,1,1,1
573,0,1472,1087,213,51,1,1,1,1
574,0,717,1071,340,62,1,1,1,1
574,0,2351,1072,140,41,1,1,1,1
574,0,1742,1088,120,31,1,1,1,1
574,0,1478,1087,213,50,1,1,1,1
575,0,707,1071,342,63,1,1,1,1
575,0,2356,1072,139,41,1,1,1,1
575,0,1737,1088,121,31,1,1,1,1
575,0,1485,1087,212,50,1,1,1,1
576,0,696,1071,345,63,1,1,1,1
576,0,2360,1072,139,41,1,1,1,1
576,0,1731,1088,121,31,1,1,1,1
576,0,1492,1087,211,50,1,1,1,1
577,0,686,1071,347,63,1,1,1,1
577,0,2365,1072,138,41,1,1,1,1
577,0,1726,1088,122,31,1,1,1,1
577,0,1499,1087,210,50,1,1,1,1
578,0,676,1071,349,63,1,1,1,1
578,0,2369,1072,137,41,1,1,1,1
578,0,1721,1088,122,31,1,1,1,1
578,0,1506,1087,210,50,1,1,1,1
579,0,665,1071,351,63,1,1,1,1
579,0,2373,1072,137,41,1,1,1,1
579,0,1715,1088,123,31,1,1,1,1
579,0,1513,1087,209,50,1,1,1,1
580,0,655,1071,352,63,1,1,1,1
580,0,2378,1072,136,41,1,1,1,1
580,0,1709,1088,123,31,1,1,1,1
580,0,1520,1087,208,50,1,1,1,1
581,0,644,1071,354,63,1,1,1,1
581,0,2382,1072,135,41,1,1,1,1
581,0,1703,1088,124,31,1,1,1,1
581,0,1526,1087,208,50,1,1,1,1
582,0,634,1071,356,64,1,1,1,1
582,0,2387,1072,135,41,1,1,1,1
582,0,1697,1088,124,31,1,1,1,1
582,0,1533,1087,207,50,1,1,1,1
583,0,623,1070,358,64,1,1,1,1
583,0,2391,1072,134,41,1,1,1,1
583,0,1691,1089,125,31,1,1,1,1
583,0,1539,1087,206,50,1,1,1,1
584,0,613,1070,360,64,1,1,1,1
584,0,2396,1072,133,41,1,1,1,1
584,0,1685,1089,125,31,1,1,1,1
584,0,1546,1087,205,50,1,1,1,1
585,0,602,1070,361,64,1,1,1,1
585,0,2400,1071,133,40,1,1,1,1
585,0,1679,1089,126,31,1,1,1,1
585,0,1552,1087,205,50,1,1,1,1
586,0,592,1070,363,64,1,1,1,1
586,0,2405,1071,132,40,1,1,1,1
586,0,1673,1089,127,31,1,1,1,1
586,0,1559,1087,204,50,1,1,1,1
587,0,581,1070,365,64,1,1,1,1
587,0,2409,1071,132,40,1,1,1,1
587,0,1667,1089,127,31,1,1,1,1
587,0,1565,1087,203,49,1,1,1,1
588,0,570,1070,366,64,1,1,1,1
588,0,2414,1071,131,40,1,1,1,1
588,0,1661,1089,128,31,1,1,1,1
588,0,1572,1087,202,49,1,1,1,1
589,0,559,1070,367,64,1,1,1,1
589,0,2418,1071,130,40,1,1,1,1
589,0,1655,1089,128,31,1,1,1,1
589,0,1578,1087,202,49,1,1,1,1
590,0,549,1070,368,64,1,1,1,1
590,0,2423,1071,130,40,1,1,1,1
590,0,1649,1089,129,31,1,1,1,1
590,0,1585,1087,201,49,1,1,1,1
591,0,538,1069,369,65,1,1,1,1
591,0,2427,1071,129,40,1,1,1,1
591,0,1643,1090,130,31,1,1,1,1
591,0,1591,1087,200,49,1,1,1,1
592,0,527,1069,370,65,1,1,1,1
592,0,2431,1071,126,40,1,1,1,1
592,0,1636,1090,130,31,1,1,1,1
592,0,1598,1087,199,49,1,1,1,1
593,0,516,1069,371,65,1,1,1,1
593,0,2435,1071,123,40,1,1,1,1
593,0,1630,1090,131,31,1,1,1,1
593,0,1605,1087,199,49,1,1,1,1
594,0,506,1069,372,65,1,1,1,1
594,0,2438,1071,120,39,1,1,1,1
594,0,1624,1090,131,31,1,1,1,1
594,0,1611,1086,198,49,1,1,1,1
595,0,495,1069,372,65,1,1,1,1
595,0,2442,1071,117,39,1,1,1,1
595,0,1618,1090,132,31,1,1,1,1
595,0,1618,1086,197,49,1,1,1,1
596,0,484,1069,373,65,1,1,1,1
596,0,2446,1071,114,39,1,1,1,1
596,0,1612,1090,132,31,1,1,1,1
596,0,1624,1086,196,49,1,1,1,1
597,0,473,1069,374,65,1,1,1,1
597,0,2450,1071,110,39,1,1,1,1
597,0,1606,1090,133,31,1,1,1,1
597,0,1631,1086,196,49,1,1,1,1
598,0,462,1068,375,66,1,1,1,1
598,0,2454,1071,107,39,1,1,1,1
598,0,1600,1090,134,31,1,1,1,1
598,0,1637,1086,195,49,1,1,1,1
599,0,452,1068,376,66,1,1,1,1
599,0,2457,1071,103,39,1,1,1,1
599,0,1594,1090,134,31,1,1,1,1
599,0,1644,1086,194,49,1,1,1,1
600,0,441,1068,377,66,1,1,1,1
600,0,2461,1071,99,39,1,1,1,1
600,0,1588,1091,135,31,1,1,1,1
600,0,1650,1086,193,49,1,1,1,1
601,0,430,1068,378,66,1,1,1,1
601,0,2465,1071,95,39,1,1,1,1
601,0,1582,1091,135,31,1,1,1,1
601,0,1657,1086,193,48,1,1,1,1
602,0,418,1068,379,66,1,1,1,1
602,0,2469,1071,92,39,1,1,1,1
602,0,1576,1091,136,31,1,1,1,1
602,0,1663,1086,192,48,1,1,1,1
603,0,407,1068,381,66,1,1,1,1
603,0,2472,1071,88,39,1,1,1,1
603,0,1570,1091,136,31,1,1,1,1
603,0,1670,1086,191,48,1,1,1,1
604,0,395,1068,382,66,1,1,1,1
604,0,2476,1071,84,39,1,1,1,1
604,0,1564,1091,137,31,1,1,1,1
604,0,1676,1086,190,48,1,1,1,1
605,0,384,1067,384,67,1,1,1,1
605,0,2480,1071,80,39,1,1,1,1
605,0,1557,1091,137,31,1,1,1,1
605,0,1683,1086,190,48,1,1,1,1
606,0,372,1067,385,67,1,1,1,1
606,0,2483,1071,77,38,1,1,1,1
606,0,1551,1091,138,31,1,1,1,1
606,0,1689,1086,189,48,1,1,1,1
607,0,360,1067,386,67,1,1,1,1
607,0,2487,1072,73,38,1,1,1,1
607,0,1544,1092,138,31,1,1,1,1
607,0,1696,1086,188,48,1,1,1,1
608,0,349,1067,388,67,1,1,1,1
608,0,2491,1072,69,38,1,1,1,1
608,0,1537,1092,139,31,1,1,1,1
608,0,1702,1086,188,48,1,1,1,1
609,0,337,1067,389,67,1,1,1,1
609,0,2495,1072,66,38,1,1,1,1
609,0,1531,1092,139,31,1,1,1,1
609,0,1707,1086,187,48,1,1,1,1
610,0,326,1067,391,67,1,1,1,1
610,0,2498,1072,62,37,1,1,1,1
610,0,1524,1092,140,31,1,1,1,1
610,0,1713,1086,187,48,1,1,1,1
611,0,314,1067,392,67,1,1,1,1
611,0,2502,1072,58,37,1,1,1,1
611,0,1517,1092,140,31,1,1,1,1
611,0,1719,1086,187,48,1,1,1,1
612,0,302,1067,393,67,1,1,1,1
612,0,2506,1073,54,37,1,1,1,1
612,0,1511,1092,140,31,1,1,1,1
612,0,1724,1085,187,48,1,1,1,1
613,0,291,1066,395,68,1,1,1,1
613,0,2509,1073,51,36,1,1,1,1
613,0,1504,1093,141,31,1,1,1,1
613,0,1730,1085,186,48,1,1,1,1
614,0,279,1066,396,68,1,1,1,1
614,0,2513,1073,47,36,1,1,1,1
614,0,1497,1093,141,31,1,1,1,1
614,0,1736,1085,186,48,1,1,1,1
615,0,267,1066,397,68,1,1,1,1
615,0,2517,1073,43,36,1,1,1,1
615,0,1491,1093,142,31,1,1,1,1
615,0,1741,1085,186,48,1,1,1,1
616,0,256,1066,399,68,1,1,1,1
616,0,2520,1073,40,35,1,1,1,1
616,0,1484,1093,142,31,1,1,1,1
616,0,1747,1085,185,48,1,1,1,1
617,0,244,1066,400,68,1,1,1,1
617,0,2524,1073,36,35,1,1,1,1
617,0,1477,1093,142,31,1,1,1,1
617,0,1753,1085,185,48,1,1,1,1
618,0,233,1066,402,68,1,1,1,1
618,0,2528,1074,33,34,1,1,1,1
618,0,1471,1093,143,31,1,1,1,1
618,0,1758,1085,185,48,1,1,1,1
619,0,221,1066,403,68,1,1,1,1
619,0,2531,1074,29,34,1,1,1,1
619,0,1464,1094,143,31,1,1,1,1
619,0,1764,1085,184,48,1,1,1,1
620,0,209,1066,404,68,1,1,1,1
620,0,2535,1074,25,33,1,1,1,1
620,0,1457,1094,144,31,1,1,1,1
620,0,1770,1085,184,48,1,1,1,1
621,0,198,1065,406,69,1,1,1,1
621,0,2538,1074,22,33,1,1,1,1
621,0,1451,1094,144,31,1,1,1,1
621,0,1775,1084,184,47,1,1,1,1
622,0,186,1065,407,69,1,1,1,1
622,0,2542,1074,18,32,1,1,1,1
622,0,1444,1094,145,31,1,1,1,1
622,0,1781,1084,184,47,1,1,1,1
623,0,175,1065,409,69,1,1,1,1
623,0,2546,1076,14,31,1,1,1,1
623,0,1437,1094,145,31,1,1,1,1
623,0,1787,1084,183,47,1,1,1,1
624,0,163,1065,410,69,1,1,1,1
624,0,2550,1077,10,30,1,1,1,1
624,0,1431,1094,145,31,1,1,1,1
624,0,1792,1084,183,47,1,1,1,1
625,0,151,1065,411,69,1,1,1,1
625,0,1424,1095,146,31,1,1,1,1
625,0,1798,1084,183,47,1,1,1,1
626,0,138,1065,412,69,1,1,1,1
626,0,1417,1095,146,31,1,1,1,1
626,0,1804,1084,182,47,1,1,1,1
627,0,126,1065,413,69,1,1,1,1
627,0,1411,1095,147,31,1,1,1,1
627,0,1809,1084,182,47,1,1,1,1
628,0,114,1066,415,68,1,1,1,1
628,0,1404,1095,147,31,1,1,1,1
628,0,1815,1084,182,47,1,1,1,1
629,0,101,1066,416,68,1,1,1,1
629,0,1396,1095,148,31,1,1,1,1
629,0,1821,1084,181,47,1,1,1,1
630,0,89,1066,417,68,1,1,1,1
630,0,1389,1095,149,31,1,1,1,1
630,0,1826,1083,181,47,1,1,1,1
631,0,77,1066,418,68,1,1,1,1
631,0,1381,1095,150,31,1,1,1,1
631,0,1832,1083,181,47,1,1,1,1
632,0,65,1066,419,68,1,1,1,1
632,0,1374,1095,151,32,1,1,1,1
632,0,1838,1083,181,47,1,1,1,1
633,0,52,1066,420,68,1,1,1,1
633,0,1366,1095,152,32,1,1,1,1
633,0,1843,1083,180,47,1,1,1,1
634,0,40,1067,422,67,1,1,1,1
634,0,1359,1095,153,32,1,1,1,1
634,0,1849,1083,180,47,1,1,1,1
635,0,28,1067,423,67,1,1,1,1
635,0,1351,1095,153,32,1,1,1,1
635,0,1854,1083,180,47,1,1,1,1
636,0,15,1067,424,67,1,1,1,1
636,0,1344,1095,154,32,1,1,1,1
636,0,1860,1083,179,47,1,1,1,1
637,0,3,1067,425,67,1,1,1,1
637,0,1336,1095,155,32,1,1,1,1
637,0,1865,1083,179,47,1,1,1,1
638,0,0,1058,417,74,1,1,1,1
638,0,1329,1095,156,33,1,1,1,1
638,0,1870,1083,178,47,1,1,1,1
639,0,0,1058,405,74,1,1,1,1
639,0,1321,1095,157,33,1,1,1,1
639,0,1876,1083,178,47,1,1,1,1
640,0,0,1058,393,73,1,1,1,1
640,0,1314,1095,158,33,1,1,1,1
640,0,1881,1082,177,47,1,1,1,1
641,0,0,1058,381,73,1,1,1,1
641,0,1306,1095,159,33,1,1,1,1
641,0,1886,1082,177,47,1,1,1,1
642,0,0,1058,369,73,1,1,1,1
642,0,1298,1095,160,33,1,1,1,1
642,0,1891,1082,177,46,1,1,1,1
643,0,0,1059,356,73,1,1,1,1
643,0,1290,1095,160,33,1,1,1,1
643,0,1897,1082,176,46,1,1,1,1
644,0,0,1059,344,72,1,1,1,1
644,0,1282,1095,161,34,1,1,1,1
644,0,1902,1082,176,46,1,1,1,1
645,0,0,1059,332,72,1,1,1,1
645,0,1274,1095,161,34,1,1,1,1
645,0,1907,1082,175,46,1,1,1,1
646,0,0,1059,320,72,1,1,1,1
646,0,1265,1095,162,34,1,1,1,1
646,0,1913,1082,175,46,1,1,1,1
647,0,0,1059,308,72,1,1,1,1
647,0,1257,1095,162,34,1,1,1,1
647,0,1918,1082,174,46,1,1,1,1
648,0,0,1059,296,71,1,1,1,1
648,0,1249,1095,163,34,1,1,1,1
648,0,1923,1082,174,46,1,1,1,1
649,0,0,1059,284,71,1,1,1,1
649,0,1241,1095,163,34,1,1,1,1
649,0,1929,1082,174,46,1,1,1,1
650,0,0,1059,272,71,1,1,1,1
650,0,1233,1095,164,35,1,1,1,1
650,0,1934,1081,173,46,1,1,1,1
651,0,0,1059,260,70,1,1,1,1
651,0,1225,1095,164,35,1,1,1,1
651,0,1939,1081,173,46,1,1,1,1
652,0,0,1060,247,70,1,1,1,1
652,0,1217,1095,165,35,1,1,1,1
652,0,1945,1081,172,46,1,1,1,1
653,0,0,1060,235,70,1,1,1,1
653,0,1209,1095,165,35,1,1,1,1
653,0,1950,1081,172,46,1,1,1,1
654,0,0,1060,223,70,1,1,1,1
654,0,1200,1094,166,35,1,1,1,1
654,0,1955,1081,171,46,1,1,1,1
655,0,0,1060,211,69,1,1,1,1
655,0,1192,1094,166,35,1,1,1,1
655,0,1961,1081,171,46,1,1,1,1
656,0,0,1060,199,69,1,1,1,1
656,0,1184,1094,167,36,1,1,1,1
656,0,1966,1081,171,45,1,1,1,1
657,0,0,1060,187,69,1,1,1,1
657,0,1176,1094,167,36,1,1,1,1
657,0,1971,1081,170,45,1,1,1,1
658,0,0,1059,174,69,1,1,1,1
658,0,1168,1094,168,36,1,1,1,1
658,0,1976,1081,170,45,1,1,1,1
659,0,0,1059,162,69,1,1,1,1
659,0,1160,1094,168,36,1,1,1,1
659,0,1982,1081,169,45,1,1,1,1
660,0,0,1059,150,68,1,1,1,1
660,0,1152,1094,169,36,1,1,1,1
660,0,1987,1081,169,45,1,1,1,1
661,0,0,1059,138,68,1,1,1,1
661,0,1144,1094,169,36,1,1,1,1
661,0,1992,1080,168,45,1,1,1,1
662,0,0,1058,125,68,1,1,1,1
662,0,1135,1094,170,37,1,1,1,1
662,0,1998,1080,168,45,1,1,1,1
663,0,0,1058,113,68,1,1,1,1
663,0,1127,1094,170,37,1,1,1,1
663,0,2003,1080,168,45,1,1,1,1
664,0,0,1057,100,69,1,1,1,1
664,0,1119,1094,171,37,1,1,1,1
664,0,2008,1080,167,45,1,1,1,1
665,0,0,1057,86,70,1,1,1,1
665,0,1111,1094,171,37,1,1,1,1
665,0,2014,1080,167,45,1,1,1,1
666,0,0,1056,73,70,1,1,1,1
666,0,1101,1095,173,36,1,1,1,1
666,0,2019,1080,166,45,1,1,1,1
666,0,0,1109,35,38,1,1,1,1
667,0,0,1055,59,71,1,1,1,1
667,0,1092,1097,176,34,1,1,1,1
667,0,2024,1080,166,45,1,1,1,1
667,0,0,1109,47,38,1,1,1,1
668,0,0,1057,50,68,1,1,1,1
668,0,1082,1098,178,33,1,1,1,1
668,0,2030,1080,165,45,1,1,1,1
668,0,0,1109,58,39,1,1,1,1
669,0,0,1065,35,56,1,1,1,1
669,0,1073,1098,179,33,1,1,1,1
669,0,2035,1080,165,45,1,1,1,1
669,0,0,1108,70,39,1,1,1,1
670,0,0,1072,20,51,1,1,1,1
670,0,1064,1097,179,34,1,1,1,1
670,0,2040,1080,165,44,1,1,1,1
670,0,0,1108,82,39,1,1,1,1
671,0,1055,1097,180,34,1,1,1,1
671,0,2045,1079,164,44,1,1,1,1
671,0,0,1108,93,40,1,1,1,1
672,0,1046,1097,181,35,1,1,1,1
672,0,2051,1079,164,44,1,1,1,1
672,0,0,1108,105,40,1,1,1,1
673,0,1037,1096,181,35,1,1,1,1
673,0,2056,1079,163,44,1,1,1,1
673,0,0,1108,116,41,1,1,1,1
674,0,1028,1096,182,36,1,1,1,1
674,0,2061,1079,163,44,1,1,1,1
674,0,0,1108,128,41,1,1,1,1
675,0,1019,1096,183,36,1,1,1,1
675,0,2067,1079,162,44,1,1,1,1
675,0,0,1107,140,41,1,1,1,1
676,0,1009,1095,183,37,1,1,1,1
676,0,2072,1079,162,44,1,1,1,1
676,0,0,1107,151,42,1,1,1,1
677,0,1000,1095,184,37,1,1,1,1
677,0,2077,1079,161,44,1,1,1,1
677,0,0,1107,163,42,1,1,1,1
678,0,991,1095,185,38,1,1,1,1
678,0,2082,1079,161,44,1,1,1,1
678,0,0,1107,174,42,1,1,1,1
679,0,982,1094,185,38,1,1,1,1
679,0,2087,1079,160,44,1,1,1,1
679,0,0,1107,186,42,1,1,1,1
680,0,973,1094,186,39,1,1,1,1
680,0,2092,1079,159,44,1,1,1,1
680,0,0,1107,197,42,1,1,1,1
681,0,964,1094,187,39,1,1,1,1
681,0,2097,1079,159,44,1,1,1,1
681,0,0,1107,209,42,1,1,1,1
682,0,955,1093,187,40,1,1,1,1
682,0,2102,1078,158,43,1,1,1,1
682,0,0,1108,220,41,1,1,1,1
683,0,946,1093,188,40,1,1,1,1
683,0,2107,1078,158,43,1,1,1,1
683,0,0,1108,232,41,1,1,1,1
684,0,936,1093,189,40,1,1,1,1
684,0,2112,1078,157,43,1,1,1,1
684,0,0,1108,243,41,1,1,1,1
685,0,926,1093,190,40,1,1,1,1
685,0,2117,1078,156,43,1,1,1,1
685,0,0,1108,255,41,1,1,1,1
686,0,916,1094,191,40,1,1,1,1
686,0,2122,1078,156,43,1,1,1,1
686,0,0,1108,266,41,1,1,1,1
687,0,906,1094,192,39,1,1,1,1
687,0,2127,1078,155,43,1,1,1,1
687,0,0,1107,278,43,1,1,1,1
688,0,896,1094,193,39,1,1,1,1
688,0,2132,1078,154,43,1,1,1,1
688,0,0,1106,290,44,1,1,1,1
688,0,2546,1065,14,27,1,1,1,1
689,0,886,1094,194,39,1,1,1,1
689,0,2137,1078,154,43,1,1,1,1
689,0,0,1105,301,46,1,1,1,1
689,0,2544,1065,16,27,1,1,1,1
690,0,876,1095,196,39,1,1,1,1
690,0,2142,1078,153,43,1,1,1,1
690,0,0,1104,313,47,1,1,1,1
690,0,2542,1065,18,27,1,1,1,1
691,0,866,1095,197,39,1,1,1,1
691,0,2147,1078,153,43,1,1,1,1
691,0,0,1102,325,49,1,1,1,1
691,0,2540,1066,20,27,1,1,1,1
692,0,856,1095,198,39,1,1,1,1
692,0,2152,1077,152,42,1,1,1,1
692,0,0,1104,337,48,1,1,1,1
692,0,2538,1066,22,26,1,1,1,1
693,0,846,1095,199,39,1,1,1,1
693,0,2157,1077,151,42,1,1,1,1
693,0,0,1079,349,74,1,1,1,1
693,0,2536,1066,24,26,1,1,1,1
694,0,836,1095,200,38,1,1,1,1
694,0,2162,1077,151,42,1,1,1,1
694,0,0,1078,361,76,1,1,1,1
694,0,2534,1066,26,26,1,1,1,1
695,0,826,1096,201,38,1,1,1,1
695,0,2167,1077,150,42,1,1,1,1
695,0,0,1076,372,77,1,1,1,1
695,0,2532,1066,28,26,1,1,1,1
696,0,816,1096,202,38,1,1,1,1
696,0,2172,1077,149,42,1,1,1,1
696,0,0,1077,384,76,1,1,1,1
696,0,2530,1066,30,26,1,1,1,1
697,0,806,1096,203,38,1,1,1,1
697,0,2177,1077,149,42,1,1,1,1
697,0,-1,1077,395,75,1,1,1,1
697,0,2528,1067,32,26,1,1,1,1
698,0,795,1096,204,38,1,1,1,1
698,0,2182,1077,148,42,1,1,1,1
698,0,-2,1078,407,74,1,1,1,1
698,0,2526,1067,34,25,1,1,1,1
699,0,785,1096,205,38,1,1,1,1
699,0,2187,1077,147,42,1,1,1,1
699,0,2,1079,412,73,1,1,1,1
699,0,2524,1067,36,25,1,1,1,1
700,0,774,1096,206,38,1,1,1,1
700,0,2192,1077,147,42,1,1,1,1
700,0,13,1080,412,72,1,1,1,1
700,0,2522,1067,38,25,1,1,1,1
701,0,763,1096,207,38,1,1,1,1
701,0,2197,1077,146,42,1,1,1,1
701,0,23,1081,412,71,1,1,1,1
701,0,2520,1067,40,25,1,1,1,1
702,0,752,1096,208,39,1,1,1,1
702,0,2202,1076,146,41,1,1,1,1
702,0,35,1081,411,71,1,1,1,1
702,0,2518,1067,43,25,1,1,1,1
703,0,742,1096,209,39,1,1,1,1
703,0,2207,1076,145,41,1,1,1,1
703,0,47,1081,410,71,1,1,1,1
703,0,2516,1067,45,25,1,1,1,1
704,0,731,1096,210,39,1,1,1,1
704,0,2212,1076,144,41,1,1,1,1
704,0,59,1081,409,72,1,1,1,1
704,0,2514,1067,47,24,1,1,1,1
705,0,720,1096,211,39,1,1,1,1
705,0,2217,1076,144,41,1,1,1,1
705,0,71,1081,408,72,1,1,1,1
705,0,2512,1067,50,24,1,1,1,1
706,0,710,1095,211,39,1,1,1,1
706,0,2222,1076,143,41,1,1,1,1
706,0,83,1081,407,72,1,1,1,1
706,0,2510,1067,52,24,1,1,1,1
707,0,699,1095,212,39,1,1,1,1
707,0,2227,1076,143,41,1,1,1,1
707,0,95,1081,406,72,1,1,1,1
707,0,2508,1067,53,24,1,1,1,1
708,0,688,1095,213,39,1,1,1,1
708,0,2231,1076,142,41,1,1,1,1
708,0,107,1080,405,72,1,1,1,1
708,0,2506,1067,54,24,1,1,1,1
709,0,678,1095,214,39,1,1,1,1
709,0,2236,1076,142,41,1,1,1,1
709,0,119,1080,404,72,1,1,1,1
709,0,2504,1067,55,24,1,1,1,1
710,0,667,1095,215,40,1,1,1,1
710,0,2240,1076,142,41,1,1,1,1
710,0,131,1080,403,73,1,1,1,1
710,0,2502,1067,56,24,1,1,1,1
711,0,656,1095,216,40,1,1,1,1
711,0,2245,1075,141,41,1,1,1,1
711,0,143,1080,402,73,1,1,1,1
711,0,2500,1068,57,23,1,1,1,1
712,0,645,1095,217,40,1,1,1,1
712,0,2249,1075,141,41,1,1,1,1
712,0,155,1080,401,73,1,1,1,1
712,0,2498,1068,58,23,1,1,1,1
713,0,635,1095,218,40,1,1,1,1
713,0,2254,1075,141,41,1,1,1,1
713,0,167,1080,400,73,1,1,1,1
713,0,2496,1068,59,23,1,1,1,1
714,0,624,1095,219,40,1,1,1,1
714,0,2258,1075,140,40,1,1,1,1
714,0,178,1080,399,73,1,1,1,1
714,0,2494,1068,60,23,1,1,1,1
715,0,614,1095,219,40,1,1,1,1
715,0,2263,1075,140,40,1,1,1,1
715,0,189,1080,397,72,1,1,1,1
715,0,2492,1068,61,23,1,1,1,1
716,0,603,1095,219,40,1,1,1,1
716,0,2267,1075,140,40,1,1,1,1
716,0,201,1081,396,72,1,1,1,1
716,0,2490,1068,61,23,1,1,1,1
717,0,593,1094,218,40,1,1,1,1
717,0,2272,1075,139,40,1,1,1,1
717,0,212,1081,395,72,1,1,1,1
717,0,2488,1068,61,23,1,1,1,1
718,0,582,1094,218,40,1,1,1,1
718,0,2276,1075,139,40,1,1,1,1
718,0,223,1081,394,72,1,1,1,1
718,0,2486,1068,61,23,1,1,1,1
719,0,570,1094,219,40,1,1,1,1
719,0,2281,1075,139,40,1,1,1,1
719,0,234,1081,392,71,1,1,1,1
719,0,2484,1068,60,24,1,1,1,1
720,0,558,1094,220,40,1,1,1,1
720,0,2286,1075,139,40,1,1,1,1
720,0,246,1082,391,71,1,1,1,1
720,0,2482,1068,60,24,1,1,1,1
721,0,546,1093,220,40,1,1,1,1
721,0,2290,1074,138,40,1,1,1,1
721,0,257,1082,390,71,1,1,1,1
721,0,2480,1068,60,24,1,1,1,1
722,0,534,1093,221,40,1,1,1,1
722,0,2295,1074,138,40,1,1,1,1
722,0,268,1082,388,70,1,1,1,1
722,0,2478,1068,60,24,1,1,1,1
723,0,522,1093,222,41,1,1,1,1
723,0,2299,1074,138,40,1,1,1,1
723,0,279,1082,387,70,1,1,1,1
723,0,2476,1068,60,24,1,1,1,1
724,0,510,1093,223,41,1,1,1,1
724,0,2304,1074,137,40,1,1,1,1
724,0,291,1083,386,70,1,1,1,1
724,0,2474,1068,60,24,1,1,1,1
725,0,498,1093,224,41,1,1,1,1
725,0,2308,1074,137,40,1,1,1,1
725,0,302,1083,384,69,1,1,1,1
725,0,2472,1068,60,24,1,1,1,1
726,0,486,1092,224,41,1,1,1,1
726,0,2313,1074,137,40,1,1,1,1
726,0,313,1083,383,69,1,1,1,1
726,0,2470,1068,60,24,1,1,1,1
727,0,474,1092,225,41,1,1,1,1
727,0,2317,1074,136,40,1,1,1,1
727,0,324,1083,382,69,1,1,1,1
727,0,2468,1068,59,25,1,1,1,1
728,0,462,1092,226,41,1,1,1,1
728,0,2322,1074,136,39,1,1,1,1
728,0,336,1084,381,69,1,1,1,1
728,0,2466,1068,59,25,1,1,1,1
729,0,450,1092,227,41,1,1,1,1
729,0,2326,1074,136,39,1,1,1,1
729,0,347,1084,379,68,1,1,1,1
729,0,2464,1068,59,25,1,1,1,1
730,0,438,1092,228,41,1,1,1,1
730,0,2331,1073,135,39,1,1,1,1
730,0,358,1084,378,68,1,1,1,1
730,0,2462,1068,59,25,1,1,1,1
731,0,427,1092,229,42,1,1,1,1
731,0,2335,1073,135,39,1,1,1,1
731,0,369,1084,377,68,1,1,1,1
731,0,2460,1068,59,25,1,1,1,1
732,0,415,1091,229,42,1,1,1,1
732,0,2340,1073,135,39,1,1,1,1
732,0,380,1084,376,68,1,1,1,1
732,0,2457,1068,59,25,1,1,1,1
733,0,403,1091,230,42,1,1,1,1
733,0,2344,1073,134,39,1,1,1,1
733,0,391,1084,375,68,1,1,1,1
733,0,2455,1068,60,25,1,1,1,1
734,0,391,1091,231,42,1,1,1,1
734,0,2349,1073,134,39,1,1,1,1
734,0,401,1084,374,68,1,1,1,1
734,0,2453,1068,60,25,1,1,1,1
735,0,379,1091,232,42,1,1,1,1
735,0,2353,1073,134,39,1,1,1,1
735,0,412,1084,373,68,1,1,1,1
735,0,2451,1069,60,25,1,1,1,1
735,0,0,1108,21,34,1,1,1,1
736,0,367,1091,233,42,1,1,1,1
736,0,2357,1073,134,39,1,1,1,1
736,0,423,1084,372,68,1,1,1,1
736,0,2448,1069,60,25,1,1,1,1
736,0,0,1104,41,40,1,1,1,1
737,0,355,1090,233,42,1,1,1,1
737,0,2361,1073,134,39,1,1,1,1
737,0,434,1084,371,68,1,1,1,1
737,0,2446,1069,60,25,1,1,1,1
737,0,0,1104,59,40,1,1,1,1
738,0,343,1090,234,42,1,1,1,1
738,0,2365,1073,133,38,1,1,1,1
738,0,445,1084,370,68,1,1,1,1
738,0,2444,1069,60,24,1,1,1,1
738,0,0,1104,77,41,1,1,1,1
739,0,331,1090,235,42,1,1,1,1
739,0,2369,1074,133,38,1,1,1,1
739,0,456,1084,369,68,1,1,1,1
739,0,2441,1069,61,24,1,1,1,1
739,0,0,1104,95,41,1,1,1,1
740,0,319,1090,236,43,1,1,1,1
740,0,2373,1074,133,38,1,1,1,1
740,0,467,1084,368,68,1,1,1,1
740,0,2439,1069,61,24,1,1,1,1
740,0,0,1104,114,41,1,1,1,1
741,0,307,1090,237,43,1,1,1,1
741,0,2377,1074,133,38,1,1,1,1
741,0,477,1084,367,68,1,1,1,1
741,0,2437,1069,61,24,1,1,1,1
741,0,0,1103,132,41,1,1,1,1
742,0,295,1089,237,43,1,1,1,1
742,0,2381,1074,133,38,1,1,1,1
742,0,488,1084,366,68,1,1,1,1
742,0,2434,1069,61,24,1,1,1,1
742,0,0,1103,150,42,1,1,1,1
743,0,283,1089,238,43,1,1,1,1
743,0,2385,1074,133,38,1,1,1,1
743,0,499,1084,365,68,1,1,1,1
743,0,2432,1069,61,24,1,1,1,1
743,0,0,1103,168,42,1,1,1,1
744,0,271,1089,239,43,1,1,1,1
744,0,2388,1074,132,37,1,1,1,1
744,0,510,1084,364,68,1,1,1,1
744,0,2430,1069,61,24,1,1,1,1
744,0,0,1103,186,42,1,1,1,1
745,0,258,1090,241,42,1,1,1,1
745,0,2392,1074,132,37,1,1,1,1
745,0,520,1084,363,68,1,1,1,1
745,0,2428,1070,62,24,1,1,1,1
745,0,0,1103,202,42,1,1,1,1
746,0,245,1090,242,42,1,1,1,1
746,0,2396,1074,132,37,1,1,1,1
746,0,530,1084,361,68,1,1,1,1
746,0,2425,1070,62,24,1,1,1,1
746,0,0,1103,218,43,1,1,1,1
747,0,232,1091,244,41,1,1,1,1
747,0,2400,1074,132,37,1,1,1,1
747,0,540,1084,360,68,1,1,1,1
747,0,2423,1070,62,24,1,1,1,1
747,0,0,1103,234,43,1,1,1,1
748,0,219,1091,245,41,1,1,1,1
748,0,2404,1075,132,37,1,1,1,1
748,0,550,1084,358,67,1,1,1,1
748,0,2421,1070,62,24,1,1,1,1
748,0,0,1103,250,43,1,1,1,1
749,0,206,1092,247,40,1,1,1,1
749,0,2408,1075,132,37,1,1,1,1
749,0,560,1084,357,67,1,1,1,1
749,0,2418,1070,62,24,1,1,1,1
749,0,0,1103,266,43,1,1,1,1
750,0,193,1091,248,40,1,1,1,1
750,0,2412,1075,131,36,1,1,1,1
750,0,571,1085,355,67,1,1,1,1
750,0,2416,1070,62,24,1,1,1,1
750,0,0,1103,283,44,1,1,1,1
751,0,180,1091,249,40,1,1,1,1
751,0,2416,1075,131,36,1,1,1,1
751,0,581,1085,354,67,1,1,1,1
751,0,2414,1070,63,24,1,1,1,1
751,0,0,1102,299,44,1,1,1,1
752,0,166,1090,249,40,1,1,1,1
752,0,2420,1075,131,36,1,1,1,1
752,0,591,1085,352,67,1,1,1,1
752,0,2411,1070,63,24,1,1,1,1
752,0,0,1102,315,44,1,1,1,1
753,0,153,1090,250,40,1,1,1,1
753,0,2424,1077,131,34,1,1,1,1
753,0,601,1085,351,67,1,1,1,1
753,0,2409,1070,63,23,1,1,1,1
753,0,0,1102,331,44,1,1,1,1
754,0,140,1089,251,40,1,1,1,1
754,0,2429,1075,128,36,1,1,1,1
754,0,611,1085,349,67,1,1,1,1
754,0,2407,1070,63,23,1,1,1,1
754,0,0,1102,347,45,1,1,1,1
755,0,127,1088,252,39,1,1,1,1
755,0,2433,1073,125,37,1,1,1,1
755,0,621,1085,348,66,1,1,1,1
755,0,2405,1071,63,23,1,1,1,1
755,0,0,1102,363,45,1,1,1,1
756,0,114,1088,253,39,1,1,1,1
756,0,2438,1071,122,39,1,1,1,1
756,0,631,1085,346,66,1,1,1,1
756,0,2402,1071,63,23,1,1,1,1
756,0,0,1102,379,45,1,1,1,1
757,0,100,1087,253,39,1,1,1,1
757,0,2442,1071,118,39,1,1,1,1
757,0,641,1085,345,66,1,1,1,1
757,0,2400,1071,64,23,1,1,1,1
757,0,0,1091,396,57,1,1,1,1
758,0,87,1087,254,39,1,1,1,1
758,0,2446,1071,114,39,1,1,1,1
758,0,651,1085,343,66,1,1,1,1
758,0,2398,1071,64,23,1,1,1,1
758,0,0,1079,412,68,1,1,1,1
759,0,74,1086,255,39,1,1,1,1
759,0,2450,1071,110,38,1,1,1,1
759,0,661,1085,342,66,1,1,1,1
759,0,2395,1071,64,23,1,1,1,1
759,0,0,1077,428,70,1,1,1,1
760,0,60,1086,256,40,1,1,1,1
760,0,2454,1071,106,38,1,1,1,1
760,0,671,1085,340,66,1,1,1,1
760,0,2393,1071,64,23,1,1,1,1
760,0,0,1079,444,68,1,1,1,1
761,0,47,1086,257,41,1,1,1,1
761,0,2457,1071,103,38,1,1,1,1
761,0,682,1086,339,66,1,1,1,1
761,0,2390,1071,64,23,1,1,1,1
761,0,0,1081,460,66,1,1,1,1
762,0,33,1085,257,43,1,1,1,1
762,0,2461,1071,99,38,1,1,1,1
762,0,692,1086,338,65,1,1,1,1
762,0,2388,1071,64,23,1,1,1,1
762,0,7,1087,475,60,1,1,1,1
763,0,20,1085,258,44,1,1,1,1
763,0,2464,1070,96,38,1,1,1,1
763,0,702,1086,336,65,1,1,1,1
763,0,2385,1071,64,23,1,1,1,1
763,0,24,1086,473,61,1,1,1,1
764,0,6,1085,259,45,1,1,1,1
764,0,2468,1070,92,38,1,1,1,1
764,0,712,1086,335,65,1,1,1,1
764,0,2383,1071,65,23,1,1,1,1
764,0,41,1086,471,62,1,1,1,1
765,0,1,1086,251,44,1,1,1,1
765,0,2471,1070,89,38,1,1,1,1
765,0,722,1086,333,65,1,1,1,1
765,0,2380,1071,65,23,1,1,1,1
765,0,58,1085,468,63,1,1,1,1
766,0,0,1087,239,43,1,1,1,1
766,0,2475,1070,85,39,1,1,1,1
766,0,732,1086,332,65,1,1,1,1
766,0,2378,1071,65,23,1,1,1,1
766,0,75,1084,466,64,1,1,1,1
767,0,0,1088,226,41,1,1,1,1
767,0,2478,1070,82,39,1,1,1,1
767,0,742,1086,330,65,1,1,1,1
767,0,2375,1071,65,23,1,1,1,1
767,0,92,1084,464,65,1,1,1,1
768,0,0,1089,212,40,1,1,1,1
768,0,2482,1070,78,39,1,1,1,1
768,0,752,1086,329,64,1,1,1,1
768,0,2372,1072,65,23,1,1,1,1
768,0,109,1083,462,66,1,1,1,1
769,0,0,1090,199,39,1,1,1,1
769,0,2485,1069,75,39,1,1,1,1
769,0,762,1086,327,64,1,1,1,1
769,0,2370,1072,65,23,1,1,1,1
769,0,127,1082,459,66,1,1,1,1
770,0,0,1091,185,37,1,1,1,1
770,0,2489,1069,71,39,1,1,1,1
770,0,772,1086,326,64,1,1,1,1
770,0,2367,1072,65,24,1,1,1,1
770,0,144,1081,457,67,1,1,1,1
771,0,0,1092,172,36,1,1,1,1
771,0,2492,1069,68,39,1,1,1,1
771,0,782,1086,324,64,1,1,1,1
771,0,2365,1072,65,24,1,1,1,1
771,0,161,1081,455,68,1,1,1,1
772,0,0,1093,158,35,1,1,1,1
772,0,2496,1069,64,39,1,1,1,1
772,0,792,1086,323,64,1,1,1,1
772,0,2362,1072,66,24,1,1,1,1
772,0,178,1080,453,69,1,1,1,1
773,0,0,1092,145,35,1,1,1,1
773,0,2500,1069,60,39,1,1,1,1
773,0,803,1087,321,64,1,1,1,1
773,0,2359,1072,66,24,1,1,1,1
773,0,195,1079,450,70,1,1,1,1
774,0,0,1091,132,36,1,1,1,1
774,0,2504,1070,56,39,1,1,1,1
774,0,813,1087,320,64,1,1,1,1
774,0,2357,1072,66,24,1,1,1,1
774,0,212,1079,448,71,1,1,1,1
775,0,0,1091,118,36,1,1,1,1
775,0,2508,1070,52,38,1,1,1,1
775,0,823,1087,318,63,1,1,1,1
775,0,2354,1072,66,24,1,1,1,1
775,0,229,1078,446,72,1,1,1,1
776,0,0,1090,105,37,1,1,1,1
776,0,2512,1070,48,38,1,1,1,1
776,0,833,1087,317,63,1,1,1,1
776,0,2352,1072,66,24,1,1,1,1
776,0,245,1078,443,72,1,1,1,1
777,0,0,1089,92,37,1,1,1,1
777,0,2516,1070,44,38,1,1,1,1
777,0,843,1087,315,63,1,1,1,1
777,0,2349,1072,66,24,1,1,1,1
777,0,261,1079,441,71,1,1,1,1
778,0,0,1089,79,37,1,1,1,1
778,0,2520,1070,40,37,1,1,1,1
778,0,853,1087,314,63,1,1,1,1
778,0,2347,1072,66,24,1,1,1,1
778,0,277,1079,438,71,1,1,1,1
779,0,0,1090,65,37,1,1,1,1
779,0,2524,1071,36,37,1,1,1,1
779,0,862,1087,313,63,1,1,1,1
779,0,2344,1072,67,24,1,1,1,1
779,0,292,1079,435,70,1,1,1,1
780,0,0,1090,52,37,1,1,1,1
780,0,2528,1071,32,36,1,1,1,1
780,0,871,1087,311,63,1,1,1,1
780,0,2341,1072,67,24,1,1,1,1
780,0,308,1079,432,70,1,1,1,1
781,0,0,1091,38,36,1,1,1,1
781,0,2532,1071,28,35,1,1,1,1
781,0,880,1087,310,63,1,1,1,1
781,0,2339,1072,67,24,1,1,1,1
781,0,324,1080,430,69,1,1,1,1
782,0,0,1091,23,34,1,1,1,1
782,0,2536,1072,24,35,1,1,1,1
782,0,889,1087,309,63,1,1,1,1
782,0,2336,1072,67,24,1,1,1,1
782,0,340,1080,427,69,1,1,1,1
783,0,2540,1072,20,34,1,1,1,1
783,0,898,1087,307,63,1,1,1,1
783,0,2334,1073,67,24,1,1,1,1
783,0,356,1080,424,69,1,1,1,1
784,0,2543,1079,18,27,1,1,1,1
784,0,908,1087,306,62,1,1,1,1
784,0,2331,1073,67,24,1,1,1,1
784,0,372,1081,422,68,1,1,1,1
785,0,2546,1086,15,20,1,1,1,1
785,0,917,1087,305,62,1,1,1,1
785,0,2328,1073,67,24,1,1,1,1
785,0,388,1081,419,68,1,1,1,1
786,0,926,1087,303,62,1,1,1,1
786,0,2326,1073,67,24,1,1,1,1
786,0,403,1081,416,67,1,1,1,1
787,0,935,1087,302,62,1,1,1,1
787,0,2323,1073,68,24,1,1,1,1
787,0,419,1081,413,67,1,1,1,1
788,0,944,1087,301,62,1,1,1,1
788,0,2321,1073,68,24,1,1,1,1
788,0,435,1082,411,66,1,1,1,1
789,0,953,1086,299,62,1,1,1,1
789,0,2318,1073,68,24,1,1,1,1
789,0,451,1082,408,66,1,1,1,1
790,0,962,1086,298,62,1,1,1,1
790,0,2316,1073,68,25,1,1,1,1
790,0,466,1082,407,66,1,1,1,1
791,0,971,1086,297,62,1,1,1,1
791,0,2313,1073,68,25,1,1,1,1
791,0,480,1083,405,65,1,1,1,1
792,0,980,1086,295,62,1,1,1,1
792,0,2310,1073,68,25,1,1,1,1
792,0,495,1083,404,65,1,1,1,1
793,0,989,1086,294,62,1,1,1,1
793,0,2308,1073,68,25,1,1,1,1
793,0,510,1084,402,65,1,1,1,1
794,0,999,1086,293,61,1,1,1,1
794,0,2305,1073,69,25,1,1,1,1
794,0,524,1084,401,64,1,1,1,1
795,0,1008,1086,291,61,1,1,1,1
795,0,2303,1073,69,25,1,1,1,1
795,0,539,1084,399,64,1,1,1,1
796,0,1017,1086,290,61,1,1,1,1
796,0,2300,1073,69,25,1,1,1,1
796,0,553,1085,398,63,1,1,1,1
797,0,1026,1086,289,61,1,1,1,1
797,0,2297,1073,69,25,1,1,1,1
797,0,568,1085,396,63,1,1,1,1
798,0,1035,1086,287,61,1,1,1,1
798,0,2295,1074,69,25,1,1,1,1
798,0,582,1085,394,63,1,1,1,1
799,0,1044,1086,286,61,1,1,1,1
799,0,2292,1074,69,25,1,1,1,1
799,0,597,1086,393,62,1,1,1,1
800,0,1052,1086,285,61,1,1,1,1
800,0,2290,1074,69,25,1,1,1,1
800,0,611,1086,391,62,1,1,1,1
801,0,1059,1086,284,61,1,1,1,1
801,0,2287,1074,69,25,1,1,1,1
801,0,626,1086,389,62,1,1,1,1
802,0,1067,1086,283,61,1,1,1,1
802,0,2285,1074,70,25,1,1,1,1
802,0,640,1086,388,61,1,1,1,1
803,0,1075,1086,282,61,1,1,1,1
803,0,2282,1074,70,25,1,1,1,1
803,0,655,1087,386,61,1,1,1,1
804,0,1082,1085,281,61,1,1,1,1
804,0,2279,1074,70,25,1,1,1,1
804,0,669,1087,385,60,1,1,1,1
805,0,1090,1085,280,61,1,1,1,1
805,0,2277,1074,70,25,1,1,1,1
805,0,684,1087,383,60,1,1,1,1
806,0,1098,1085,280,61,1,1,1,1
806,0,2274,1074,70,25,1,1,1,1
806,0,698,1087,381,60,1,1,1,1
807,0,1105,1085,279,61,1,1,1,1
807,0,2272,1074,70,25,1,1,1,1
807,0,713,1088,380,59,1,1,1,1
808,0,1113,1085,278,61,1,1,1,1
808,0,2269,1074,70,25,1,1,1,1
808,0,727,1088,378,59,1,1,1,1
809,0,1121,1085,277,61,1,1,1,1
809,0,2266,1074,71,25,1,1,1,1
809,0,741,1088,375,59,1,1,1,1
810,0,1128,1085,276,61,1,1,1,1
810,0,2264,1074,71,26,1,1,1,1
810,0,755,1088,372,58,1,1,1,1
811,0,1136,1085,275,61,1,1,1,1
811,0,2261,1074,71,26,1,1,1,1
811,0,768,1089,368,58,1,1,1,1
812,0,1144,1085,274,61,1,1,1,1
812,0,2259,1074,71,26,1,1,1,1
812,0,782,1089,365,57,1,1,1,1
813,0,1151,1084,273,61,1,1,1,1
813,0,2256,1075,71,26,1,1,1,1
813,0,796,1089,362,57,1,1,1,1
814,0,1159,1084,272,61,1,1,1,1
814,0,2254,1075,71,26,1,1,1,1
814,0,808,1089,359,57,1,1,1,1
815,0,1167,1084,271,61,1,1,1,1
815,0,2251,1075,71,26,1,1,1,1
815,0,821,1089,357,57,1,1,1,1
816,0,1174,1084,270,61,1,1,1,1
816,0,2248,1075,71,26,1,1,1,1
816,0,833,1089,354,57,1,1,1,1
817,0,1182,1084,269,61,1,1,1,1
817,0,2246,1075,72,26,1,1,1,1
817,0,845,1089,352,56,1,1,1,1
818,0,1190,1084,268,61,1,1,1,1
818,0,2243,1075,72,26,1,1,1,1
818,0,858,1089,349,56,1,1,1,1
819,0,1197,1084,267,61,1,1,1,1
819,0,2241,1075,72,26,1,1,1,1
819,0,870,1089,346,56,1,1,1,1
820,0,1205,1084,267,61,1,1,1,1
820,0,2238,1075,72,26,1,1,1,1
820,0,882,1089,344,56,1,1,1,1
821,0,1213,1084,266,61,1,1,1,1
821,0,2235,1075,72,26,1,1,1,1
821,0,895,1088,341,56,1,1,1,1
822,0,1220,1083,265,61,1,1,1,1
822,0,2232,1075,73,26,1,1,1,1
822,0,907,1088,339,56,1,1,1,1
823,0,1228,1083,264,61,1,1,1,1
823,0,2229,1075,73,26,1,1,1,1
823,0,919,1088,336,56,1,1,1,1
824,0,1236,1083,263,61,1,1,1,1
824,0,2226,1075,74,26,1,1,1,1
824,0,932,1088,334,55,1,1,1,1
825,0,1243,1083,262,61,1,1,1,1
825,0,2223,1075,74,26,1,1,1,1
825,0,944,1088,331,55,1,1,1,1
826,0,1251,1083,261,61,1,1,1,1
826,0,2219,1075,75,27,1,1,1,1
826,0,956,1088,328,55,1,1,1,1
827,0,1257,1083,260,61,1,1,1,1
827,0,2216,1075,75,27,1,1,1,1
827,0,969,1088,326,55,1,1,1,1
828,0,1264,1083,259,61,1,1,1,1
828,0,2213,1075,75,27,1,1,1,1
828,0,981,1088,323,55,1,1,1,1
829,0,1270,1083,258,61,1,1,1,1
829,0,2210,1075,76,27,1,1,1,1
829,0,994,1088,321,55,1,1,1,1
830,0,1276,1083,257,60,1,1,1,1
830,0,2207,1075,76,27,1,1,1,1
830,0,1006,1088,318,55,1,1,1,1
831,0,1282,1083,256,60,1,1,1,1
831,0,2204,1075,77,27,1,1,1,1
831,0,1018,1088,315,55,1,1,1,1
832,0,1289,1083,255,60,1,1,1,1
832,0,2201,1075,77,27,1,1,1,1
832,0,1031,1088,313,54,1,1,1,1
833,0,1295,1084,254,60,1,1,1,1
833,0,2198,1075,78,27,1,1,1,1
833,0,1043,1088,310,54,1,1,1,1
834,0,1301,1084,253,60,1,1,1,1
834,0,2195,1075,78,27,1,1,1,1
834,0,1055,1088,308,54,1,1,1,1
835,0,1308,1084,252,60,1,1,1,1
835,0,2192,1075,78,27,1,1,1,1
835,0,1068,1087,305,54,1,1,1,1
836,0,1314,1084,251,60,1,1,1,1
836,0,2189,1075,79,27,1,1,1,1
836,0,1080,1087,303,54,1,1,1,1
837,0,1320,1084,250,59,1,1,1,1
837,0,2185,1076,79,28,1,1,1,1
837,0,1092,1087,300,54,1,1,1,1
838,0,1326,1084,249,59,1,1,1,1
838,0,2182,1076,80,28,1,1,1,1
838,0,1105,1087,297,54,1,1,1,1
839,0,1333,1084,248,59,1,1,1,1
839,0,2179,1076,80,28,1,1,1,1
839,0,1117,1087,295,53,1,1,1,1
840,0,1339,1084,247,59,1,1,1,1
840,0,2176,1076,80,28,1,1,1,1
840,0,1129,1087,292,53,1,1,1,1
841,0,1345,1084,246,59,1,1,1,1
841,0,2173,1076,81,28,1,1,1,1
841,0,1142,1087,290,53,1,1,1,1
842,0,1352,1084,245,59,1,1,1,1
842,0,2170,1076,81,28,1,1,1,1
842,0,1154,1087,287,53,1,1,1,1
843,0,1358,1084,244,59,1,1,1,1
843,0,2167,1076,82,28,1,1,1,1
843,0,1165,1087,286,53,1,1,1,1
844,0,1364,1084,243,58,1,1,1,1
844,0,2164,1076,82,28,1,1,1,1
844,0,1176,1087,284,53,1,1,1,1
845,0,1370,1084,242,58,1,1,1,1
845,0,2161,1076,83,28,1,1,1,1
845,0,1187,1087,283,53,1,1,1,1
846,0,1377,1084,241,58,1,1,1,1
846,0,2158,1076,83,28,1,1,1,1
846,0,1198,1087,281,53,1,1,1,1
847,0,1383,1085,240,58,1,1,1,1
847,0,2155,1076,83,28,1,1,1,1
847,0,1209,1087,280,53,1,1,1,1
848,0,1389,1085,239,58,1,1,1,1
848,0,2151,1076,84,29,1,1,1,1
848,0,1220,1087,278,53,1,1,1,1
849,0,1396,1085,238,58,1,1,1,1
849,0,2148,1076,84,29,1,1,1,1
849,0,1230,1086,277,52,1,1,1,1
850,0,1402,1085,237,58,1,1,1,1
850,0,2145,1076,85,29,1,1,1,1
850,0,1241,1086,275,52,1,1,1,1
851,0,1408,1085,236,57,1,1,1,1
851,0,2142,1076,85,29,1,1,1,1
851,0,1252,1086,274,52,1,1,1,1
852,0,1414,1085,235,57,1,1,1,1
852,0,2139,1076,86,29,1,1,1,1
852,0,1263,1086,272,52,1,1,1,1
853,0,1421,1085,234,57,1,1,1,1
853,0,2136,1076,86,29,1,1,1,1
853,0,1274,1086,271,52,1,1,1,1
854,0,1427,1085,233,57,1,1,1,1
854,0,2133,1076,86,29,1,1,1,1
854,0,1285,1086,269,52,1,1,1,1
855,0,1432,1085,232,57,1,1,1,1
855,0,2129,1076,87,29,1,1,1,1
855,0,1295,1086,267,52,1,1,1,1
856,0,1437,1085,231,57,1,1,1,1
856,0,2126,1076,87,29,1,1,1,1
856,0,1304,1086,266,52,1,1,1,1
857,0,1443,1085,230,56,1,1,1,1
857,0,2122,1077,87,29,1,1,1,1
857,0,1314,1086,264,52,1,1,1,1
858,0,1448,1085,229,56,1,1,1,1
858,0,2119,1077,87,29,1,1,1,1
858,0,1323,1086,262,51,1,1,1,1
859,0,1453,1085,228,56,1,1,1,1
859,0,2115,1077,88,29,1,1,1,1
859,0,1333,1086,261,51,1,1,1,1
860,0,1458,1085,227,56,1,1,1,1
860,0,2112,1077,88,29,1,1,1,1
860,0,1343,1086,259,51,1,1,1,1
861,0,1463,1085,226,55,1,1,1,1
861,0,2108,1077,88,29,1,1,1,1
861,0,1352,1085,257,51,1,1,1,1
862,0,1468,1085,225,55,1,1,1,1
862,0,2105,1077,89,29,1,1,1,1
862,0,1362,1085,255,51,1,1,1,1
863,0,1474,1085,224,55,1,1,1,1
863,0,2101,1077,89,29,1,1,1,1
863,0,1372,1085,254,51,1,1,1,1
864,0,1479,1085,223,55,1,1,1,1
864,0,2098,1077,89,29,1,1,1,1
864,0,1381,1085,252,50,1,1,1,1
865,0,1484,1086,222,55,1,1,1,1
865,0,2094,1078,89,29,1,1,1,1
865,0,1391,1085,250,50,1,1,1,1
866,0,1489,1086,220,54,1,1,1,1
866,0,2091,1078,90,29,1,1,1,1
866,0,1400,1085,249,50,1,1,1,1
867,0,1494,1086,219,54,1,1,1,1
867,0,2087,1078,90,29,1,1,1,1
867,0,1410,1085,247,50,1,1,1,1
868,0,1500,1086,218,54,1,1,1,1
868,0,2084,1078,90,29,1,1,1,1
868,0,1419,1085,247,50,1,1,1,1
869,0,1505,1086,217,54,1,1,1,1
869,0,2080,1078,91,29,1,1,1,1
869,0,1429,1085,247,50,1,1,1,1
870,0,1510,1086,216,53,1,1,1,1
870,0,2077,1078,91,29,1,1,1,1
870,0,1438,1085,247,50,1,1,1,1
871,0,1515,1086,215,53,1,1,1,1
871,0,2073,1078,91,29,1,1,1,1
871,0,1447,1085,247,50,1,1,1,1
872,0,1520,1086,214,53,1,1,1,1
872,0,2070,1078,91,29,1,1,1,1
872,0,1457,1084,247,49,1,1,1,1
873,0,1525,1086,213,53,1,1,1,1
873,0,2066,1079,92,29,1,1,1,1
873,0,1466,1084,247,49,1,1,1,1
874,0,1531,1086,212,52,1,1,1,1
874,0,2063,1079,92,29,1,1,1,1
874,0,1475,1084,247,49,1,1,1,1
875,0,1536,1086,211,52,1,1,1,1
875,0,2059,1079,92,29,1,1,1,1
875,0,1485,1084,247,49,1,1,1,1
876,0,1541,1086,210,52,1,1,1,1
876,0,2056,1079,93,29,1,1,1,1
876,0,1494,1084,247,49,1,1,1,1
877,0,1546,1086,209,52,1,1,1,1
877,0,2052,1079,93,28,1,1,1,1
877,0,1502,1084,247,49,1,1,1,1
878,0,1551,1086,209,52,1,1,1,1
878,0,2049,1079,93,28,1,1,1,1
878,0,1511,1084,246,49,1,1,1,1
879,0,1555,1086,208,52,1,1,1,1
879,0,2045,1079,93,28,1,1,1,1
879,0,1519,1084,246,49,1,1,1,1
880,0,1560,1086,208,51,1,1,1,1
880,0,2042,1080,94,28,1,1,1,1
880,0,1528,1084,245,49,1,1,1,1
881,0,1565,1086,207,51,1,1,1,1
881,0,2038,1080,94,28,1,1,1,1
881,0,1536,1083,245,48,1,1,1,1
882,0,1570,1086,206,51,1,1,1,1
882,0,2035,1080,94,28,1,1,1,1
882,0,1545,1083,244,48,1,1,1,1
883,0,1575,1086,206,51,1,1,1,1
883,0,2031,1080,94,28,1,1,1,1
883,0,1553,1083,244,48,1,1,1,1
884,0,1579,1086,205,51,1,1,1,1
884,0,2028,1080,95,28,1,1,1,1
884,0,1562,1083,243,48,1,1,1,1
885,0,1584,1085,204,51,1,1,1,1
885,0,2024,1080,95,28,1,1,1,1
885,0,1570,1083,243,48,1,1,1,1
886,0,1589,1085,204,51,1,1,1,1
886,0,2021,1080,95,28,1,1,1,1
886,0,1578,1083,242,48,1,1,1,1
887,0,1594,1085,203,50,1,1,1,1
887,0,2017,1080,96,28,1,1,1,1
887,0,1585,1084,242,48,1,1,1,1
888,0,1599,1085,203,50,1,1,1,1
888,0,2014,1081,96,28,1,1,1,1
888,0,1593,1084,241,48,1,1,1,1
889,0,1603,1085,202,50,1,1,1,1
889,0,2010,1081,96,28,1,1,1,1
889,0,1601,1084,241,48,1,1,1,1
890,0,1608,1085,201,50,1,1,1,1
890,0,2007,1081,96,28,1,1,1,1
890,0,1608,1084,241,48,1,1,1,1
891,0,1613,1085,201,50,1,1,1,1
891,0,2003,1081,97,28,1,1,1,1
891,0,1616,1084,241,48,1,1,1,1
892,0,1618,1085,200,50,1,1,1,1
892,0,2000,1081,97,28,1,1,1,1
892,0,1624,1084,240,48,1,1,1,1
893,0,1623,1085,200,50,1,1,1,1
893,0,1996,1081,97,28,1,1,1,1
893,0,1632,1084,239,48,1,1,1,1
894,0,1627,1085,199,49,1,1,1,1
894,0,1993,1081,98,28,1,1,1,1
894,0,1640,1084,239,48,1,1,1,1
895,0,1632,1085,198,49,1,1,1,1
895,0,1989,1081,98,28,1,1,1,1
895,0,1647,1083,238,47,1,1,1,1
896,0,1637,1085,198,49,1,1,1,1
896,0,1986,1082,98,28,1,1,1,1
896,0,1655,1083,237,47,1,1,1,1
897,0,1642,1085,197,49,1,1,1,1
897,0,1982,1082,98,28,1,1,1,1
897,0,1663,1083,236,47,1,1,1,1
898,0,1646,1085,196,49,1,1,1,1
898,0,1979,1082,99,28,1,1,1,1
898,0,1671,1083,235,47,1,1,1,1
899,0,1651,1085,196,49,1,1,1,1
899,0,1975,1082,99,28,1,1,1,1
899,0,1679,1083,234,47,1,1,1,1
900,0,1656,1085,195,48,1,1,1,1
900,0,1971,1082,99,28,1,1,1,1
900,0,1686,1083,233,47,1,1,1,1
901,0,1661,1085,195,48,1,1,1,1
901,0,1967,1082,99,28,1,1,1,1
901,0,1694,1083,232,46,1,1,1,1
902,0,1666,1084,194,48,1,1,1,1
902,0,1963,1082,99,28,1,1,1,1
902,0,1702,1083,231,46,1,1,1,1
903,0,1670,1084,193,48,1,1,1,1
903,0,1960,1082,100,28,1,1,1,1
903,0,1710,1083,231,46,1,1,1,1
904,0,1675,1084,193,48,1,1,1,1
904,0,1956,1082,100,28,1,1,1,1
904,0,1717,1082,230,46,1,1,1,1
905,0,1680,1084,192,48,1,1,1,1
905,0,1952,1082,100,28,1,1,1,1
905,0,1725,1082,229,46,1,1,1,1
906,0,1685,1084,191,48,1,1,1,1
906,0,1948,1082,100,28,1,1,1,1
906,0,1733,1082,228,46,1,1,1,1
907,0,1690,1084,191,47,1,1,1,1
907,0,1944,1082,100,28,1,1,1,1
907,0,1741,1082,227,45,1,1,1,1
908,0,1694,1084,190,47,1,1,1,1
908,0,1940,1082,100,28,1,1,1,1
908,0,1748,1082,226,45,1,1,1,1
909,0,1699,1084,190,47,1,1,1,1
909,0,1935,1082,101,28,1,1,1,1
909,0,1756,1082,225,45,1,1,1,1
910,0,1704,1084,189,47,1,1,1,1
910,0,1931,1082,101,28,1,1,1,1
910,0,1764,1082,225,45,1,1,1,1
911,0,1709,1084,189,47,1,1,1,1
911,0,1927,1082,102,28,1,1,1,1
911,0,1771,1082,225,45,1,1,1,1
912,0,1714,1084,188,47,1,1,1,1
912,0,1922,1082,102,28,1,1,1,1
912,0,1779,1082,224,45,1,1,1,1
913,0,1718,1084,188,47,1,1,1,1
913,0,1918,1083,103,28,1,1,1,1
913,0,1786,1082,224,44,1,1,1,1
914,0,1723,1084,188,47,1,1,1,1
914,0,1913,1083,103,28,1,1,1,1
914,0,1794,1082,224,44,1,1,1,1
915,0,1728,1084,187,47,1,1,1,1
915,0,1909,1083,104,28,1,1,1,1
915,0,1802,1082,224,44,1,1,1,1
916,0,1733,1083,187,47,1,1,1,1
916,0,1905,1083,104,28,1,1,1,1
916,0,1809,1081,223,44,1,1,1,1
917,0,1738,1083,187,47,1,1,1,1
917,0,1900,1083,104,28,1,1,1,1
917,0,1817,1081,223,44,1,1,1,1
918,0,1742,1083,186,47,1,1,1,1
918,0,1896,1083,105,28,1,1,1,1
918,0,1825,1081,223,44,1,1,1,1
919,0,1747,1083,186,47,1,1,1,1
919,0,1892,1083,105,28,1,1,1,1
919,0,1832,1081,223,43,1,1,1,1
920,0,1752,1083,186,47,1,1,1,1
920,0,1887,1083,106,28,1,1,1,1
920,0,1840,1081,222,43,1,1,1,1
921,0,1757,1083,185,46,1,1,1,1
921,0,1883,1083,106,28,1,1,1,1
921,0,1847,1081,222,43,1,1,1,1
922,0,1761,1083,185,46,1,1,1,1
922,0,1879,1083,107,28,1,1,1,1
922,0,1855,1081,222,43,1,1,1,1
923,0,1766,1083,185,46,1,1,1,1
923,0,1874,1084,107,28,1,1,1,1
923,0,1861,1081,222,43,1,1,1,1
924,0,1771,1083,184,46,1,1,1,1
924,0,1870,1084,107,28,1,1,1,1
924,0,1867,1081,221,43,1,1,1,1
925,0,1776,1083,184,46,1,1,1,1
925,0,1865,1084,108,28,1,1,1,1
925,0,1873,1081,221,43,1,1,1,1
926,0,1781,1083,184,46,1,1,1,1
926,0,1861,1084,108,28,1,1,1,1
926,0,1879,1081,221,42,1,1,1,1
927,0,1785,1082,183,46,1,1,1,1
927,0,1857,1084,109,28,1,1,1,1
927,0,1885,1081,220,42,1,1,1,1
928,0,1790,1082,183,46,1,1,1,1
928,0,1852,1084,109,29,1,1,1,1
928,0,1891,1081,220,42,1,1,1,1
929,0,1795,1082,183,46,1,1,1,1
929,0,1848,1084,110,29,1,1,1,1
929,0,1900,1081,218,42,1,1,1,1
930,0,1800,1082,182,46,1,1,1,1
930,0,1844,1084,110,29,1,1,1,1
930,0,1909,1081,215,42,1,1,1,1
931,0,1805,1082,182,46,1,1,1,1
931,0,1839,1084,111,29,1,1,1,1
931,0,1917,1081,213,41,1,1,1,1
932,0,1809,1082,182,46,1,1,1,1
932,0,1835,1084,111,29,1,1,1,1
932,0,1926,1081,210,41,1,1,1,1
933,0,1814,1082,182,46,1,1,1,1
933,0,1830,1085,111,29,1,1,1,1
933,0,1935,1081,208,41,1,1,1,1
934,0,1819,1082,181,46,1,1,1,1
934,0,1826,1085,112,29,1,1,1,1
934,0,1942,1081,207,41,1,1,1,1
935,0,1824,1082,181,46,1,1,1,1
935,0,1822,1085,112,29,1,1,1,1
935,0,1950,1081,206,41,1,1,1,1
936,0,1829,1082,181,46,1,1,1,1
936,0,1817,1085,113,29,1,1,1,1
936,0,1957,1081,205,41,1,1,1,1
937,0,1833,1081,180,46,1,1,1,1
937,0,1813,1085,113,29,1,1,1,1
937,0,1965,1080,204,40,1,1,1,1
938,0,1838,1081,180,46,1,1,1,1
938,0,1809,1085,114,29,1,1,1,1
938,0,1972,1080,203,40,1,1,1,1
939,0,1843,1081,180,46,1,1,1,1
939,0,1804,1085,114,29,1,1,1,1
939,0,1980,1080,202,40,1,1,1,1
940,0,1848,1081,179,46,1,1,1,1
940,0,1800,1085,114,29,1,1,1,1
940,0,1987,1080,201,40,1,1,1,1
941,0,1853,1081,179,46,1,1,1,1
941,0,1796,1085,115,29,1,1,1,1
941,0,1994,1080,200,40,1,1,1,1
942,0,1857,1081,179,46,1,1,1,1
942,0,1791,1085,115,29,1,1,1,1
942,0,2001,1080,200,40,1,1,1,1
943,0,1862,1081,178,45,1,1,1,1
943,0,1787,1086,116,29,1,1,1,1
943,0,2008,1080,199,39,1,1,1,1
944,0,1867,1081,178,45,1,1,1,1
944,0,1782,1086,116,29,1,1,1,1
944,0,2015,1080,198,39,1,1,1,1
945,0,1872,1081,178,45,1,1,1,1
945,0,1778,1086,117,29,1,1,1,1
945,0,2022,1080,198,39,1,1,1,1
946,0,1876,1081,177,45,1,1,1,1
946,0,1774,1086,117,29,1,1,1,1
946,0,2030,1079,197,39,1,1,1,1
947,0,1881,1081,177,45,1,1,1,1
947,0,1769,1086,118,29,1,1,1,1
947,0,2037,1079,197,39,1,1,1,1
948,0,1886,1080,177,45,1,1,1,1
948,0,1765,1086,118,29,1,1,1,1
948,0,2044,1079,196,39,1,1,1,1
949,0,1891,1080,176,45,1,1,1,1
949,0,1761,1085,118,30,1,1,1,1
949,0,2051,1079,195,38,1,1,1,1
950,0,1896,1080,176,45,1,1,1,1
950,0,1757,1085,118,31,1,1,1,1
950,0,2058,1079,195,38,1,1,1,1
951,0,1900,1080,176,45,1,1,1,1
951,0,1752,1084,118,31,1,1,1,1
951,0,2065,1079,194,38,1,1,1,1
952,0,1905,1080,175,45,1,1,1,1
952,0,1748,1083,118,32,1,1,1,1
952,0,2071,1079,194,38,1,1,1,1
953,0,1910,1080,175,45,1,1,1,1
953,0,1743,1083,119,32,1,1,1,1
953,0,2078,1079,193,38,1,1,1,1
954,0,1914,1080,175,45,1,1,1,1
954,0,1737,1083,119,32,1,1,1,1
954,0,2084,1078,193,38,1,1,1,1
955,0,1918,1080,175,45,1,1,1,1
955,0,1732,1084,120,32,1,1,1,1
955,0,2090,1078,193,38,1,1,1,1
956,0,1922,1080,175,45,1,1,1,1
956,0,1727,1084,121,32,1,1,1,1
956,0,2097,1078,193,38,1,1,1,1
957,0,1926,1080,175,45,1,1,1,1
957,0,1722,1084,121,32,1,1,1,1
957,0,2103,1078,192,38,1,1,1,1
958,0,1931,1080,175,45,1,1,1,1
958,0,1716,1084,122,32,1,1,1,1
958,0,2109,1077,192,39,1,1,1,1
959,0,1935,1079,174,45,1,1,1,1
959,0,1711,1084,123,32,1,1,1,1
959,0,2115,1077,192,39,1,1,1,1
960,0,1939,1079,174,45,1,1,1,1
960,0,1706,1085,123,32,1,1,1,1
960,0,2122,1077,192,39,1,1,1,1
961,0,1943,1079,174,45,1,1,1,1
961,0,1701,1085,124,32,1,1,1,1
961,0,2128,1077,191,39,1,1,1,1
962,0,1947,1079,174,45,1,1,1,1
962,0,1695,1085,125,32,1,1,1,1
962,0,2134,1076,191,39,1,1,1,1
963,0,1951,1079,174,45,1,1,1,1
963,0,1690,1085,125,32,1,1,1,1
963,0,2141,1076,191,39,1,1,1,1
964,0,1955,1079,174,45,1,1,1,1
964,0,1685,1085,126,32,1,1,1,1
964,0,2147,1076,191,39,1,1,1,1
965,0,1959,1079,174,45,1,1,1,1
965,0,1680,1086,127,32,1,1,1,1
965,0,2153,1076,190,39,1,1,1,1
966,0,1964,1079,174,45,1,1,1,1
966,0,1674,1086,127,31,1,1,1,1
966,0,2160,1076,190,39,1,1,1,1
967,0,1968,1079,174,45,1,1,1,1
967,0,1669,1086,128,31,1,1,1,1
967,0,2166,1075,190,39,1,1,1,1
968,0,1972,1079,174,45,1,1,1,1
968,0,1664,1086,128,31,1,1,1,1
968,0,2172,1075,189,39,1,1,1,1
969,0,1976,1079,174,45,1,1,1,1
969,0,1658,1086,129,31,1,1,1,1
969,0,2179,1075,189,39,1,1,1,1
970,0,1980,1078,173,44,1,1,1,1
970,0,1653,1086,130,31,1,1,1,1
970,0,2185,1075,189,39,1,1,1,1
971,0,1984,1078,173,44,1,1,1,1
971,0,1648,1087,130,31,1,1,1,1
971,0,2191,1074,189,40,1,1,1,1
972,0,1988,1078,173,44,1,1,1,1
972,0,1643,1087,131,31,1,1,1,1
972,0,2197,1074,188,40,1,1,1,1
973,0,1992,1078,173,44,1,1,1,1
973,0,1637,1087,132,31,1,1,1,1
973,0,2204,1074,188,40,1,1,1,1
974,0,1997,1078,173,44,1,1,1,1
974,0,1632,1087,132,31,1,1,1,1
974,0,2210,1074,188,40,1,1,1,1
975,0,2001,1078,173,44,1,1,1,1
975,0,1627,1087,133,31,1,1,1,1
975,0,2216,1073,188,40,1,1,1,1
976,0,2005,1078,173,44,1,1,1,1
976,0,1622,1088,134,31,1,1,1,1
976,0,2223,1073,187,40,1,1,1,1
977,0,2009,1078,173,44,1,1,1,1
977,0,1616,1088,134,31,1,1,1,1
977,0,2229,1073,187,40,1,1,1,1
978,0,2013,1078,173,44,1,1,1,1
978,0,1611,1088,135,31,1,1,1,1
978,0,2235,1073,187,40,1,1,1,1
979,0,2017,1078,173,44,1,1,1,1
979,0,1605,1088,135,31,1,1,1,1
979,0,2241,1073,187,39,1,1,1,1
980,0,2021,1078,173,44,1,1,1,1
980,0,1600,1088,135,31,1,1,1,1
980,0,2247,1073,187,39,1,1,1,1
981,0,2025,1077,172,44,1,1,1,1
981,0,1594,1088,135,31,1,1,1,1
981,0,2253,1073,187,39,1,1,1,1
982,0,2030,1077,172,44,1,1,1,1
982,0,1589,1088,135,31,1,1,1,1
982,0,2259,1073,187,38,1,1,1,1
983,0,2034,1077,172,44,1,1,1,1
983,0,1583,1088,135,31,1,1,1,1
983,0,2266,1073,186,38,1,1,1,1
984,0,2038,1077,172,44,1,1,1,1
984,0,1578,1089,136,32,1,1,1,1
984,0,2272,1073,186,37,1,1,1,1
985,0,2042,1077,172,44,1,1,1,1
985,0,1572,1089,136,32,1,1,1,1
985,0,2278,1073,186,37,1,1,1,1
986,0,2046,1077,172,44,1,1,1,1
986,0,1567,1089,136,32,1,1,1,1
986,0,2284,1073,186,37,1,1,1,1
987,0,2050,1077,172,44,1,1,1,1
987,0,1561,1089,136,32,1,1,1,1
987,0,2290,1073,186,36,1,1,1,1
988,0,2054,1077,171,44,1,1,1,1
988,0,1556,1089,136,32,1,1,1,1
988,0,2296,1073,186,36,1,1,1,1
989,0,2058,1077,171,44,1,1,1,1
989,0,1550,1089,136,32,1,1,1,1
989,0,2302,1073,185,36,1,1,1,1
990,0,2063,1077,171,44,1,1,1,1
990,0,1544,1089,137,32,1,1,1,1
990,0,2309,1073,184,36,1,1,1,1
991,0,2067,1077,170,44,1,1,1,1
991,0,1537,1089,138,32,1,1,1,1
991,0,2315,1073,183,36,1,1,1,1
992,0,2071,1076,170,44,1,1,1,1
992,0,1531,1089,139,33,1,1,1,1
992,0,2322,1072,182,37,1,1,1,1
993,0,2075,1076,169,44,1,1,1,1
993,0,1525,1089,140,33,1,1,1,1
993,0,2328,1072,181,37,1,1,1,1
994,0,2079,1076,169,44,1,1,1,1
994,0,1518,1089,141,33,1,1,1,1
994,0,2335,1072,180,37,1,1,1,1
995,0,2083,1076,169,44,1,1,1,1
995,0,1512,1089,141,33,1,1,1,1
995,0,2341,1072,179,37,1,1,1,1
996,0,2087,1076,168,44,1,1,1,1
996,0,1506,1089,142,33,1,1,1,1
996,0,2347,1072,177,37,1,1,1,1
997,0,2091,1076,168,44,1,1,1,1
997,0,1499,1089,143,34,1,1,1,1
997,0,2354,1072,176,37,1,1,1,1
998,0,2096,1076,168,44,1,1,1,1
998,0,1493,1089,144,34,1,1,1,1
998,0,2360,1072,175,37,1,1,1,1
999,0,2100,1076,167,44,1,1,1,1
999,0,1487,1089,145,34,1,1,1,1
999,0,2367,1071,174,38,1,1,1,1
1000,0,2104,1076,167,44,1,1,1,1
1000,0,1480,1088,146,34,1,1,1,1
1000,0,2373,1071,173,38,1,1,1,1
1001,0,2108,1076,167,44,1,1,1,1
1001,0,1474,1088,147,34,1,1,1,1
1001,0,2380,1071,172,38,1,1,1,1
1002,0,2112,1075,166,43,1,1,1,1
1002,0,1468,1088,148,34,1,1,1,1
1002,0,2386,1071,171,38,1,1,1,1
1003,0,2116,1075,166,43,1,1,1,1
1003,0,1461,1088,149,35,1,1,1,1
1003,0,2393,1071,166,38,1,1,1,1
1004,0,2120,1075,165,43,1,1,1,1
1004,0,1455,1088,150,35,1,1,1,1
1004,0,2399,1071,161,38,1,1,1,1
1005,0,2125,1075,165,43,1,1,1,1
1005,0,1449,1088,150,35,1,1,1,1
1005,0,2405,1071,155,38,1,1,1,1
1006,0,2129,1075,165,43,1,1,1,1
1006,0,1442,1088,151,35,1,1,1,1
1006,0,2411,1071,149,38,1,1,1,1
1007,0,2133,1075,164,43,1,1,1,1
1007,0,1436,1088,152,35,1,1,1,1
1007,0,2417,1070,143,37,1,1,1,1
1008,0,2137,1075,164,43,1,1,1,1
1008,0,1430,1088,153,36,1,1,1,1
1008,0,2423,1070,137,37,1,1,1,1
1009,0,2141,1075,164,43,1,1,1,1
1009,0,1423,1088,154,36,1,1,1,1
1009,0,2429,1070,131,37,1,1,1,1
1010,0,2145,1075,163,43,1,1,1,1
1010,0,1417,1088,155,36,1,1,1,1
1010,0,2434,1070,126,37,1,1,1,1
1011,0,2149,1075,163,43,1,1,1,1
1011,0,1411,1089,156,35,1,1,1,1
1011,0,2440,1070,120,37,1,1,1,1
1012,0,2153,1074,162,43,1,1,1,1
1012,0,1404,1089,157,35,1,1,1,1
1012,0,2446,1070,114,37,1,1,1,1
1013,0,2158,1074,162,43,1,1,1,1
1013,0,1398,1090,158,34,1,1,1,1
1013,0,2452,1069,108,36,1,1,1,1
1014,0,2162,1074,162,43,1,1,1,1
1014,0,1391,1090,159,34,1,1,1,1
1014,0,2458,1069,102,36,1,1,1,1
1015,0,2166,1074,161,43,1,1,1,1
1015,0,1384,1090,159,34,1,1,1,1
1015,0,2464,1069,96,36,1,1,1,1
1016,0,2170,1074,161,43,1,1,1,1
1016,0,1377,1090,160,34,1,1,1,1
1016,0,2469,1069,91,36,1,1,1,1
1017,0,2174,1074,160,43,1,1,1,1
1017,0,1370,1090,161,34,1,1,1,1
1017,0,2475,1069,85,36,1,1,1,1
1018,0,2178,1074,160,43,1,1,1,1
1018,0,1363,1090,161,34,1,1,1,1
1018,0,2480,1069,80,36,1,1,1,1
1019,0,2182,1074,159,43,1,1,1,1
1019,0,1356,1090,162,34,1,1,1,1
1019,0,2486,1069,74,36,1,1,1,1
1020,0,2187,1074,159,43,1,1,1,1
1020,0,1348,1090,162,34,1,1,1,1
1020,0,2491,1069,69,36,1,1,1,1
1021,0,2191,1074,158,43,1,1,1,1
1021,0,1341,1090,163,34,1,1,1,1
1021,0,2497,1068,63,37,1,1,1,1
1022,0,2195,1074,157,43,1,1,1,1
1022,0,1334,1090,164,34,1,1,1,1
1022,0,2502,1068,58,37,1,1,1,1
1023,0,2199,1074,157,43,1,1,1,1
1023,0,1327,1090,164,34,1,1,1,1
1023,0,2508,1068,52,37,1,1,1,1
1024,0,2203,1073,156,42,1,1,1,1
1024,0,1320,1090,165,34,1,1,1,1
1024,0,2513,1068,47,37,1,1,1,1
1025,0,2207,1073,156,42,1,1,1,1
1025,0,1313,1090,166,34,1,1,1,1
1025,0,2519,1068,41,37,1,1,1,1
1026,0,2211,1073,155,42,1,1,1,1
1026,0,1306,1090,166,34,1,1,1,1
1026,0,2524,1068,36,37,1,1,1,1
1027,0,2215,1073,154,42,1,1,1,1
1027,0,1299,1091,167,35,1,1,1,1
1027,0,2528,1068,32,36,1,1,1,1
1028,0,2220,1073,154,42,1,1,1,1
1028,0,1292,1091,167,35,1,1,1,1
1028,0,2532,1068,28,35,1,1,1,1
1029,0,2224,1073,153,42,1,1,1,1
1029,0,1285,1091,168,35,1,1,1,1
1029,0,2539,1069,21,34,1,1,1,1
1030,0,2228,1073,153,42,1,1,1,1
1030,0,1278,1091,169,35,1,1,1,1
1030,0,2546,1069,14,32,1,1,1,1
1031,0,2232,1073,152,42,1,1,1,1
1031,0,1271,1091,169,35,1,1,1,1
1032,0,2235,1073,152,42,1,1,1,1
1032,0,1264,1091,170,35,1,1,1,1
1033,0,2239,1073,151,42,1,1,1,1
1033,0,1257,1091,171,35,1,1,1,1
1034,0,2242,1073,151,42,1,1,1,1
1034,0,1249,1091,171,35,1,1,1,1
1035,0,2246,1073,151,42,1,1,1,1
1035,0,1242,1091,172,35,1,1,1,1
1036,0,2249,1072,150,42,1,1,1,1
1036,0,1235,1091,172,35,1,1,1,1
1037,0,2252,1072,150,42,1,1,1,1
1037,0,1228,1091,173,35,1,1,1,1
1038,0,2256,1072,150,42,1,1,1,1
1038,0,1221,1091,174,35,1,1,1,1
1039,0,2259,1072,150,42,1,1,1,1
1039,0,1214,1091,174,35,1,1,1,1
1040,0,2262,1072,149,42,1,1,1,1
1040,0,1207,1091,175,35,1,1,1,1
1041,0,2266,1072,149,42,1,1,1,1
1041,0,1200,1092,175,35,1,1,1,1
1042,0,2269,1072,149,42,1,1,1,1
1042,0,1193,1092,175,34,1,1,1,1
1043,0,2273,1072,148,42,1,1,1,1
1043,0,1186,1093,175,34,1,1,1,1
1044,0,2276,1072,148,42,1,1,1,1
1044,0,1179,1093,175,34,1,1,1,1
1045,0,2279,1071,148,42,1,1,1,1
1045,0,1172,1094,174,33,1,1,1,1
1046,0,2283,1071,147,42,1,1,1,1
1046,0,1165,1094,174,33,1,1,1,1
1047,0,2286,1071,147,42,1,1,1,1
1047,0,1158,1095,174,32,1,1,1,1
1048,0,2290,1071,147,42,1,1,1,1
1048,0,1151,1095,174,32,1,1,1,1
1049,0,2293,1071,146,42,1,1,1,1
1049,0,1143,1095,175,32,1,1,1,1
1050,0,2296,1071,146,42,1,1,1,1
1050,0,1135,1095,176,32,1,1,1,1
1051,0,2300,1071,146,42,1,1,1,1
1051,0,1127,1095,177,33,1,1,1,1
1052,0,2303,1071,146,42,1,1,1,1
1052,0,1119,1095,177,33,1,1,1,1
1053,0,2306,1070,145,42,1,1,1,1
1053,0,1110,1094,178,33,1,1,1,1
1054,0,2310,1070,145,42,1,1,1,1
1054,0,1102,1094,179,33,1,1,1,1
1055,0,2313,1070,145,42,1,1,1,1
1055,0,1094,1094,180,33,1,1,1,1
1056,0,2317,1070,144,42,1,1,1,1
1056,0,1086,1094,181,34,1,1,1,1
1057,0,2320,1070,144,43,1,1,1,1
1057,0,1078,1094,182,34,1,1,1,1
1058,0,2323,1070,144,43,1,1,1,1
1058,0,1070,1094,182,34,1,1,1,1
1059,0,2327,1070,143,43,1,1,1,1
1059,0,1062,1094,183,34,1,1,1,1
1060,0,2330,1070,143,43,1,1,1,1
1060,0,1054,1094,184,35,1,1,1,1
1061,0,2334,1070,143,43,1,1,1,1
1061,0,1046,1094,185,35,1,1,1,1
1062,0,2337,1069,142,43,1,1,1,1
1062,0,1038,1094,186,35,1,1,1,1
1063,0,2340,1069,142,43,1,1,1,1
1063,0,1029,1093,187,35,1,1,1,1
1064,0,2344,1069,142,43,1,1,1,1
1064,0,1021,1093,187,35,1,1,1,1
1065,0,2347,1069,142,43,1,1,1,1
1065,0,1013,1093,188,36,1,1,1,1
1066,0,2350,1069,141,43,1,1,1,1
1066,0,1005,1093,189,36,1,1,1,1
1067,0,2354,1069,141,43,1,1,1,1
1067,0,997,1093,190,36,1,1,1,1
1068,0,2357,1069,141,43,1,1,1,1
1068,0,988,1093,191,36,1,1,1,1
1069,0,2361,1069,140,43,1,1,1,1
1069,0,979,1093,191,36,1,1,1,1
1070,0,2364,1069,140,43,1,1,1,1
1070,0,971,1093,192,37,1,1,1,1
1071,0,2367,1068,140,43,1,1,1,1
1071,0,962,1093,192,37,1,1,1,1
1072,0,2371,1068,139,43,1,1,1,1
1072,0,953,1093,193,37,1,1,1,1
1073,0,2374,1068,139,43,1,1,1,1
1073,0,944,1092,194,37,1,1,1,1
1074,0,2378,1068,139,43,1,1,1,1
1074,0,936,1092,194,37,1,1,1,1
1075,0,2381,1068,138,43,1,1,1,1
1075,0,927,1092,195,37,1,1,1,1
1076,0,2384,1068,138,43,1,1,1,1
1076,0,918,1092,195,38,1,1,1,1
1077,0,2388,1068,138,43,1,1,1,1
1077,0,909,1092,196,38,1,1,1,1
1078,0,2391,1068,138,43,1,1,1,1
1078,0,900,1092,197,38,1,1,1,1
1079,0,2394,1067,137,43,1,1,1,1
1079,0,892,1092,197,38,1,1,1,1
1080,0,2398,1067,137,43,1,1,1,1
1080,0,883,1092,198,38,1,1,1,1
1081,0,2401,1067,137,43,1,1,1,1
1081,0,874,1092,199,38,1,1,1,1
1082,0,2405,1067,136,43,1,1,1,1
1082,0,865,1092,199,39,1,1,1,1
1083,0,2408,1067,136,43,1,1,1,1
1083,0,856,1092,200,39,1,1,1,1
1084,0,2411,1067,135,43,1,1,1,1
1084,0,848,1092,200,39,1,1,1,1
1084,0,2548,1069,12,22,1,1,1,1
1085,0,2414,1067,133,42,1,1,1,1
1085,0,839,1091,201,39,1,1,1,1
1085,0,2546,1069,14,22,1,1,1,1
1086,0,2417,1068,132,42,1,1,1,1
1086,0,830,1091,202,39,1,1,1,1
1086,0,2545,1069,15,22,1,1,1,1
1087,0,2420,1068,131,42,1,1,1,1
1087,0,821,1091,202,39,1,1,1,1
1087,0,2543,1069,17,22,1,1,1,1
1088,0,2424,1068,129,41,1,1,1,1
1088,0,813,1091,203,40,1,1,1,1
1088,0,2541,1069,19,22,1,1,1,1
1089,0,2427,1068,128,41,1,1,1,1
1089,0,804,1091,203,40,1,1,1,1
1089,0,2540,1069,21,22,1,1,1,1
1090,0,2430,1069,127,41,1,1,1,1
1090,0,795,1091,204,40,1,1,1,1
1090,0,2538,1069,22,22,1,1,1,1
1091,0,2433,1069,125,40,1,1,1,1
1091,0,785,1091,205,40,1,1,1,1
1091,0,2536,1069,24,22,1,1,1,1
1092,0,2436,1069,124,40,1,1,1,1
1092,0,776,1091,206,40,1,1,1,1
1092,0,2534,1069,26,22,1,1,1,1
1093,0,2439,1069,121,40,1,1,1,1
1093,0,766,1091,207,41,1,1,1,1
1093,0,2533,1069,27,22,1,1,1,1
1094,0,2442,1069,118,40,1,1,1,1
1094,0,757,1091,207,41,1,1,1,1
1094,0,2531,1069,29,22,1,1,1,1
1095,0,2445,1069,115,40,1,1,1,1
1095,0,747,1091,208,41,1,1,1,1
1095,0,2529,1069,31,22,1,1,1,1
1096,0,2448,1069,112,40,1,1,1,1
1096,0,737,1091,209,41,1,1,1,1
1096,0,2527,1069,33,22,1,1,1,1
1097,0,2451,1069,109,40,1,1,1,1
1097,0,728,1090,210,42,1,1,1,1
1097,0,2525,1069,35,22,1,1,1,1
1098,0,2454,1068,106,39,1,1,1,1
1098,0,718,1090,211,42,1,1,1,1
1098,0,2523,1070,37,21,1,1,1,1
1099,0,2457,1068,103,39,1,1,1,1
1099,0,708,1090,212,42,1,1,1,1
1099,0,2521,1070,39,21,1,1,1,1
1100,0,2460,1068,100,39,1,1,1,1
1100,0,699,1090,212,42,1,1,1,1
1100,0,2519,1070,41,21,1,1,1,1
1101,0,2463,1068,97,39,1,1,1,1
1101,0,689,1090,213,43,1,1,1,1
1101,0,2517,1070,43,21,1,1,1,1
1102,0,2466,1068,94,39,1,1,1,1
1102,0,680,1090,214,43,1,1,1,1
1102,0,2516,1066,44,25,1,1,1,1
1103,0,2469,1068,91,39,1,1,1,1
1103,0,670,1090,215,43,1,1,1,1
1103,0,2515,1062,45,29,1,1,1,1
1104,0,2472,1068,88,39,1,1,1,1
1104,0,660,1090,216,43,1,1,1,1
1104,0,2514,1062,46,29,1,1,1,1
1105,0,2475,1068,85,39,1,1,1,1
1105,0,649,1090,217,43,1,1,1,1
1105,0,2512,1062,49,29,1,1,1,1
1106,0,2478,1068,82,39,1,1,1,1
1106,0,639,1090,218,43,1,1,1,1
1106,0,2510,1062,51,29,1,1,1,1
1107,0,2481,1068,79,39,1,1,1,1
1107,0,629,1090,219,43,1,1,1,1
1107,0,2508,1062,54,29,1,1,1,1
1108,0,2484,1068,76,39,1,1,1,1
1108,0,618,1090,220,43,1,1,1,1
1108,0,2505,1062,56,30,1,1,1,1
1109,0,2488,1069,72,38,1,1,1,1
1109,0,608,1090,221,43,1,1,1,1
1109,0,2503,1062,59,30,1,1,1,1
1110,0,2491,1069,69,38,1,1,1,1
1110,0,597,1090,221,43,1,1,1,1
1110,0,2501,1062,61,30,1,1,1,1
1111,0,2494,1069,66,38,1,1,1,1
1111,0,587,1090,222,43,1,1,1,1
1111,0,2499,1062,64,30,1,1,1,1
1112,0,2497,1069,63,38,1,1,1,1
1112,0,577,1090,223,43,1,1,1,1
1112,0,2497,1062,65,30,1,1,1,1
1113,0,2500,1069,60,38,1,1,1,1
1113,0,566,1090,224,43,1,1,1,1
1113,0,2495,1062,65,30,1,1,1,1
1114,0,2503,1069,57,38,1,1,1,1
1114,0,556,1090,225,43,1,1,1,1
1114,0,2493,1062,66,30,1,1,1,1
1115,0,2506,1069,54,38,1,1,1,1
1115,0,546,1090,226,43,1,1,1,1
1115,0,2490,1062,67,31,1,1,1,1
1116,0,2509,1069,51,38,1,1,1,1
1116,0,535,1089,227,43,1,1,1,1
1116,0,2488,1062,68,31,1,1,1,1
1117,0,2512,1069,48,37,1,1,1,1
1117,0,525,1089,228,43,1,1,1,1
1117,0,2486,1062,68,31,1,1,1,1
1118,0,2515,1069,45,37,1,1,1,1
1118,0,514,1089,229,43,1,1,1,1
1118,0,2484,1062,69,31,1,1,1,1
1119,0,2517,1068,43,37,1,1,1,1
1119,0,504,1089,230,43,1,1,1,1
1119,0,2482,1061,70,31,1,1,1,1
1120,0,2520,1068,40,37,1,1,1,1
1120,0,494,1089,231,43,1,1,1,1
1120,0,2480,1061,71,31,1,1,1,1
1121,0,2523,1068,37,36,1,1,1,1
1121,0,483,1089,232,43,1,1,1,1
1121,0,2478,1061,71,31,1,1,1,1
1122,0,2526,1068,34,36,1,1,1,1
1122,0,473,1089,232,43,1,1,1,1
1122,0,2476,1061,72,31,1,1,1,1
1123,0,2529,1068,31,36,1,1,1,1
1123,0,463,1089,233,43,1,1,1,1
1123,0,2473,1061,73,32,1,1,1,1
1124,0,2533,1068,27,36,1,1,1,1
1124,0,452,1089,234,43,1,1,1,1
1124,0,2471,1061,74,32,1,1,1,1
1125,0,2537,1068,23,36,1,1,1,1
1125,0,442,1089,235,43,1,1,1,1
1125,0,2469,1061,74,32,1,1,1,1
1126,0,2539,1068,21,36,1,1,1,1
1126,0,431,1089,236,43,1,1,1,1
1126,0,2467,1061,75,32,1,1,1,1
1127,0,2541,1068,19,35,1,1,1,1
1127,0,421,1089,237,43,1,1,1,1
1127,0,2465,1061,75,32,1,1,1,1
1128,0,2544,1069,16,35,1,1,1,1
1128,0,410,1089,238,43,1,1,1,1
1128,0,2464,1061,75,32,1,1,1,1
1129,0,2547,1069,13,35,1,1,1,1
1129,0,398,1089,240,43,1,1,1,1
1129,0,2462,1061,74,32,1,1,1,1
1130,0,2551,1081,10,22,1,1,1,1
1130,0,387,1089,241,43,1,1,1,1
1130,0,2460,1061,74,32,1,1,1,1
1131,0,375,1088,242,44,1,1,1,1
1131,0,2458,1061,74,32,1,1,1,1
1132,0,364,1088,243,44,1,1,1,1
1132,0,2457,1061,74,32,1,1,1,1
1133,0,352,1088,245,44,1,1,1,1
1133,0,2455,1061,73,32,1,1,1,1
1134,0,341,1088,246,44,1,1,1,1
1134,0,2453,1061,73,32,1,1,1,1
1135,0,329,1088,247,44,1,1,1,1
1135,0,2451,1061,73,32,1,1,1,1
1136,0,318,1088,248,44,1,1,1,1
1136,0,2449,1061,74,32,1,1,1,1
1137,0,306,1087,249,44,1,1,1,1
1137,0,2447,1061,74,32,1,1,1,1
1138,0,294,1087,250,45,1,1,1,1
1138,0,2444,1061,74,32,1,1,1,1
1139,0,283,1087,251,45,1,1,1,1
1139,0,2442,1061,74,32,1,1,1,1
1140,0,271,1087,252,45,1,1,1,1
1140,0,2440,1061,75,32,1,1,1,1
1141,0,259,1087,253,45,1,1,1,1
1141,0,2438,1061,75,32,1,1,1,1
1142,0,248,1086,253,45,1,1,1,1
1142,0,2436,1061,75,32,1,1,1,1
1143,0,236,1086,254,45,1,1,1,1
1143,0,2434,1061,75,32,1,1,1,1
1144,0,224,1086,255,45,1,1,1,1
1144,0,2431,1061,76,32,1,1,1,1
1145,0,213,1086,256,46,1,1,1,1
1145,0,2429,1062,76,33,1,1,1,1
1146,0,201,1085,257,46,1,1,1,1
1146,0,2427,1062,76,33,1,1,1,1
1147,0,189,1085,258,46,1,1,1,1
1147,0,2425,1062,76,33,1,1,1,1
1148,0,178,1085,259,46,1,1,1,1
1148,0,2423,1062,77,33,1,1,1,1
1149,0,166,1085,260,46,1,1,1,1
1149,0,2421,1062,77,33,1,1,1,1
1150,0,154,1085,261,46,1,1,1,1
1150,0,2418,1062,77,33,1,1,1,1
1151,0,142,1084,262,46,1,1,1,1
1151,0,2416,1062,77,33,1,1,1,1
1152,0,131,1084,263,47,1,1,1,1
1152,0,2414,1062,78,33,1,1,1,1
1153,0,119,1084,264,47,1,1,1,1
1153,0,2412,1062,78,33,1,1,1,1
1154,0,107,1084,265,47,1,1,1,1
1154,0,2410,1062,78,33,1,1,1,1
1155,0,96,1084,266,47,1,1,1,1
1155,0,2408,1062,78,33,1,1,1,1
1156,0,84,1083,266,47,1,1,1,1
1156,0,2406,1062,79,33,1,1,1,1
1157,0,72,1083,267,47,1,1,1,1
1157,0,2403,1062,79,33,1,1,1,1
1158,0,61,1083,268,47,1,1,1,1
1158,0,2401,1062,79,33,1,1,1,1
1159,0,49,1083,269,48,1,1,1,1
1159,0,2399,1062,79,33,1,1,1,1
1160,0,37,1082,270,48,1,1,1,1
1160,0,2397,1062,80,33,1,1,1,1
1161,0,26,1082,271,48,1,1,1,1
1161,0,2395,1062,80,33,1,1,1,1
1162,0,14,1082,272,48,1,1,1,1
1162,0,2393,1062,80,33,1,1,1,1
1163,0,7,1082,267,48,1,1,1,1
1163,0,2390,1062,80,33,1,1,1,1
1164,0,0,1082,261,47,1,1,1,1
1164,0,2388,1062,81,33,1,1,1,1
1165,0,0,1082,249,47,1,1,1,1
1165,0,2386,1062,81,33,1,1,1,1
1166,0,0,1082,238,46,1,1,1,1
1166,0,2384,1062,81,33,1,1,1,1
1167,0,0,1082,226,46,1,1,1,1
1167,0,2382,1063,81,34,1,1,1,1
1168,0,0,1082,215,46,1,1,1,1
1168,0,2380,1063,82,34,1,1,1,1
1169,0,0,1081,203,45,1,1,1,1
1169,0,2377,1063,82,34,1,1,1,1
1170,0,0,1081,192,45,1,1,1,1
1170,0,2375,1063,82,34,1,1,1,1
1171,0,0,1081,180,45,1,1,1,1
1171,0,2373,1063,82,34,1,1,1,1
1172,0,0,1081,169,44,1,1,1,1
1172,0,2371,1063,83,34,1,1,1,1
1173,0,0,1081,157,44,1,1,1,1
1173,0,2369,1063,83,34,1,1,1,1
1174,0,0,1081,145,44,1,1,1,1
1174,0,2367,1063,83,34,1,1,1,1
1175,0,0,1080,133,45,1,1,1,1
1175,0,2364,1063,83,34,1,1,1,1
1176,0,0,1080,121,45,1,1,1,1
1176,0,2362,1063,84,34,1,1,1,1
1177,0,0,1080,109,45,1,1,1,1
1177,0,2360,1063,84,34,1,1,1,1
1178,0,0,1079,97,46,1,1,1,1
1178,0,2358,1063,84,34,1,1,1,1
1179,0,0,1079,85,46,1,1,1,1
1179,0,2356,1063,84,34,1,1,1,1
1180,0,0,1079,72,46,1,1,1,1
1180,0,2353,1063,85,34,1,1,1,1
1181,0,0,1079,58,45,1,1,1,1
1181,0,2351,1063,85,34,1,1,1,1
1182,0,0,1081,46,42,1,1,1,1
1182,0,2348,1063,85,34,1,1,1,1
1183,0,0,1083,33,39,1,1,1,1
1183,0,2346,1063,85,34,1,1,1,1
1184,0,0,1085,21,36,1,1,1,1
1184,0,2343,1063,86,34,1,1,1,1
1185,0,2341,1063,86,35,1,1,1,1
1186,0,2338,1063,86,35,1,1,1,1
1187,0,2336,1063,86,35,1,1,1,1
1188,0,2333,1063,87,35,1,1,1,1
1189,0,2331,1063,87,35,1,1,1,1
1190,0,2328,1063,87,35,1,1,1,1
1191,0,2326,1063,87,35,1,1,1,1
1192,0,2323,1063,88,35,1,1,1,1
1193,0,2321,1063,88,35,1,1,1,1
1194,0,2318,1063,88,35,1,1,1,1
1195,0,2316,1063,88,35,1,1,1,1
1196,0,2313,1063,89,35,1,1,1,1
1197,0,2311,1063,89,35,1,1,1,1
1198,0,2309,1064,89,36,1,1,1,1
1199,0,2306,1064,89,36,1,1,1,1
1200,0,2304,1064,90,36,1,1,1,1
1201,0,2301,1064,90,36,1,1,1,1
1202,0,2299,1064,90,36,1,1,1,1
1203,0,2296,1064,90,36,1,1,1,1
1203,0,26,1335,110,46,1,1,1,1
1204,0,2294,1064,91,36,1,1,1,1
1204,0,46,1328,145,54,1,1,1,1
1205,0,2291,1064,91,36,1,1,1,1
1205,0,67,1321,180,61,1,1,1,1
1206,0,2289,1064,91,36,1,1,1,1
1206,0,87,1314,215,69,1,1,1,1
1207,0,2286,1064,91,36,1,1,1,1
1207,0,140,1313,214,71,1,1,1,1
1208,0,2284,1064,92,36,1,1,1,1
1208,0,194,1312,212,73,1,1,1,1
1209,0,2281,1064,92,36,1,1,1,1
1209,0,247,1311,211,75,1,1,1,1
1210,0,2279,1064,92,36,1,1,1,1
1210,0,300,1310,209,77,1,1,1,1
1211,0,2276,1064,92,36,1,1,1,1
1211,0,352,1309,206,76,1,1,1,1
1212,0,2274,1064,93,37,1,1,1,1
1212,0,403,1308,203,75,1,1,1,1
1213,0,2271,1064,93,37,1,1,1,1
1213,0,455,1307,200,74,1,1,1,1
1214,0,2269,1064,93,37,1,1,1,1
1214,0,507,1307,196,72,1,1,1,1
1215,0,2266,1064,93,37,1,1,1,1
1215,0,559,1306,193,71,1,1,1,1
1216,0,2264,1064,94,37,1,1,1,1
1216,0,610,1305,190,70,1,1,1,1
1217,0,2261,1064,94,37,1,1,1,1
1217,0,662,1304,187,69,1,1,1,1
1218,0,2259,1064,94,37,1,1,1,1
1218,0,707,1303,187,68,1,1,1,1
1219,0,2256,1064,94,37,1,1,1,1
1219,0,752,1302,186,67,1,1,1,1
1220,0,2254,1064,94,37,1,1,1,1
1220,0,798,1301,183,66,1,1,1,1
1221,0,2251,1064,95,37,1,1,1,1
1221,0,845,1300,179,64,1,1,1,1
1222,0,2248,1064,95,37,1,1,1,1
1222,0,891,1299,176,63,1,1,1,1
1223,0,2246,1064,95,37,1,1,1,1
1223,0,936,1298,173,62,1,1,1,1
1224,0,2243,1064,95,37,1,1,1,1
1224,0,981,1297,169,61,1,1,1,1
1225,0,2241,1065,96,38,1,1,1,1
1225,0,1022,1295,167,61,1,1,1,1
1226,0,2238,1065,96,38,1,1,1,1
1226,0,1063,1294,165,60,1,1,1,1
1227,0,2235,1065,96,38,1,1,1,1
1227,0,1103,1292,163,60,1,1,1,1
1228,0,2233,1065,96,38,1,1,1,1
1228,0,1144,1290,161,59,1,1,1,1
1229,0,2230,1065,96,38,1,1,1,1
1229,0,1180,1288,159,59,1,1,1,1
1230,0,2227,1065,97,38,1,1,1,1
1230,0,1217,1286,158,58,1,1,1,1
1231,0,2225,1065,97,38,1,1,1,1
1231,0,1253,1284,156,58,1,1,1,1
1232,0,2222,1065,97,38,1,1,1,1
1232,0,1292,1282,151,57,1,1,1,1
1233,0,2219,1065,97,38,1,1,1,1
1233,0,1331,1280,147,57,1,1,1,1
1234,0,2216,1065,97,38,1,1,1,1
1234,0,1370,1278,142,56,1,1,1,1
1235,0,2214,1065,97,38,1,1,1,1
1235,0,1401,1276,142,56,1,1,1,1
1236,0,2211,1065,97,38,1,1,1,1
1236,0,1435,1274,138,55,1,1,1,1
1237,0,2208,1065,97,38,1,1,1,1
1237,0,1467,1272,135,55,1,1,1,1
1238,0,2205,1065,97,38,1,1,1,1
1238,0,1499,1270,133,54,1,1,1,1
1239,0,2202,1066,97,38,1,1,1,1
1239,0,1528,1268,130,53,1,1,1,1
1240,0,2199,1066,97,38,1,1,1,1
1240,0,1557,1266,127,53,1,1,1,1
1241,0,2197,1066,97,38,1,1,1,1
1241,0,1586,1264,124,52,1,1,1,1
1242,0,2194,1066,97,38,1,1,1,1
1242,0,1615,1261,121,51,1,1,1,1
1243,0,2191,1066,97,38,1,1,1,1
1243,0,1644,1259,118,50,1,1,1,1
1244,0,2188,1066,97,38,1,1,1,1
1244,0,1673,1257,115,50,1,1,1,1
1245,0,2185,1066,97,38,1,1,1,1
1245,0,1702,1255,112,49,1,1,1,1
1246,0,2183,1066,97,38,1,1,1,1
1246,0,1727,1253,110,48,1,1,1,1
1247,0,2180,1066,97,38,1,1,1,1
1247,0,1752,1251,108,47,1,1,1,1
1248,0,2177,1066,97,38,1,1,1,1
1248,0,1776,1249,107,46,1,1,1,1
1249,0,2174,1066,97,38,1,1,1,1
1249,0,1799,1247,105,45,1,1,1,1
1250,0,2171,1066,97,38,1,1,1,1
1250,0,1822,1245,104,49,1,1,1,1
1251,0,2168,1066,97,38,1,1,1,1
1251,0,1846,1243,101,49,1,1,1,1
1252,0,2166,1066,97,38,1,1,1,1
1252,0,1869,1241,98,48,1,1,1,1
1253,0,2163,1067,97,38,1,1,1,1
1253,0,1890,1239,97,48,1,1,1,1
1254,0,2160,1067,97,38,1,1,1,1
1254,0,1910,1237,97,48,1,1,1,1
1255,0,2157,1067,97,38,1,1,1,1
1255,0,1931,1235,95,48,1,1,1,1
1256,0,2154,1067,97,38,1,1,1,1
1256,0,1950,1233,95,48,1,1,1,1
1257,0,2151,1067,97,38,1,1,1,1
1257,0,1972,1231,90,48,1,1,1,1
1258,0,2149,1067,97,38,1,1,1,1
1258,0,1990,1229,89,47,1,1,1,1
1259,0,2146,1067,97,38,1,1,1,1
1259,0,2008,1228,88,47,1,1,1,1
1260,0,2143,1067,97,38,1,1,1,1
1260,0,2026,1226,87,46,1,1,1,1
1261,0,2140,1067,97,38,1,1,1,1
1261,0,2044,1225,86,46,1,1,1,1
1262,0,2137,1067,98,38,1,1,1,1
1262,0,2062,1223,85,45,1,1,1,1
1263,0,2133,1067,98,38,1,1,1,1
1263,0,2080,1221,82,44,1,1,1,1
1264,0,2130,1067,99,38,1,1,1,1
1264,0,2098,1220,79,44,1,1,1,1
1265,0,2127,1067,99,38,1,1,1,1
1265,0,2116,1218,76,43,1,1,1,1
1266,0,2124,1068,100,38,1,1,1,1
1266,0,2132,1217,75,42,1,1,1,1
1267,0,2120,1068,100,38,1,1,1,1
1267,0,2147,1215,75,42,1,1,1,1
1268,0,2117,1068,101,38,1,1,1,1
1268,0,2163,1214,74,41,1,1,1,1
1269,0,2114,1068,101,38,1,1,1,1
1269,0,2178,1212,73,40,1,1,1,1
1270,0,2111,1068,102,38,1,1,1,1
1270,0,2190,1211,75,42,1,1,1,1
1271,0,2107,1068,102,38,1,1,1,1
1271,0,2201,1209,76,44,1,1,1,1
1272,0,2104,1068,103,38,1,1,1,1
1272,0,2215,1207,75,44,1,1,1,1
1273,0,2101,1068,103,38,1,1,1,1
1273,0,2229,1206,73,43,1,1,1,1
1274,0,2098,1068,104,38,1,1,1,1
1274,0,2243,1204,72,43,1,1,1,1
1275,0,2094,1068,104,38,1,1,1,1
1275,0,2255,1203,72,42,1,1,1,1
1276,0,2091,1068,105,38,1,1,1,1
1276,0,2268,1202,72,41,1,1,1,1
1277,0,2088,1068,105,38,1,1,1,1
1277,0,2280,1201,71,40,1,1,1,1
1278,0,2085,1069,106,39,1,1,1,1
1278,0,2292,1200,71,40,1,1,1,1
1279,0,2081,1069,106,39,1,1,1,1
1279,0,2304,1199,71,39,1,1,1,1
1280,0,2078,1069,106,39,1,1,1,1
1280,0,2317,1198,71,38,1,1,1,1
1281,0,2075,1069,107,39,1,1,1,1
1281,0,2329,1197,70,37,1,1,1,1
1282,0,2072,1069,107,39,1,1,1,1
1282,0,2341,1196,70,36,1,1,1,1
1283,0,2068,1069,108,39,1,1,1,1
1283,0,2353,1195,70,36,1,1,1,1
1284,0,2065,1069,108,39,1,1,1,1
1284,0,2365,1193,70,36,1,1,1,1
1285,0,2062,1069,109,39,1,1,1,1
1285,0,2377,1192,69,37,1,1,1,1
1286,0,2059,1069,109,39,1,1,1,1
1286,0,2389,1190,69,37,1,1,1,1
1287,0,2055,1069,110,39,1,1,1,1
1287,0,2401,1189,69,37,1,1,1,1
1288,0,2052,1069,110,39,1,1,1,1
1288,0,2413,1188,69,37,1,1,1,1
1289,0,2049,1069,111,39,1,1,1,1
1289,0,2424,1186,68,37,1,1,1,1
1290,0,2046,1070,111,39,1,1,1,1
1290,0,2436,1185,68,37,1,1,1,1
1291,0,2042,1070,112,39,1,1,1,1
1291,0,2448,1183,68,38,1,1,1,1
1292,0,2039,1070,112,39,1,1,1,1
1292,0,2460,1182,68,38,1,1,1,1
1293,0,2036,1070,113,39,1,1,1,1
1293,0,2472,1180,67,38,1,1,1,1
1294,0,2033,1070,113,39,1,1,1,1
1294,0,2484,1179,67,38,1,1,1,1
1295,0,2029,1070,114,39,1,1,1,1
1295,0,2502,1181,58,31,1,1,1,1
1296,0,2026,1070,114,39,1,1,1,1
1296,0,2513,1180,47,31,1,1,1,1
1297,0,2022,1070,114,39,1,1,1,1
1297,0,2526,1180,34,31,1,1,1,1
1298,0,2019,1070,115,39,1,1,1,1
1298,0,2537,1178,23,33,1,1,1,1
1299,0,2015,1070,115,39,1,1,1,1
1299,0,2549,1178,11,32,1,1,1,1
1300,0,2011,1070,115,39,1,1,1,1
1301,0,2008,1070,116,40,1,1,1,1
1302,0,2004,1070,116,40,1,1,1,1
1303,0,2000,1070,116,40,1,1,1,1
1304,0,1996,1070,117,40,1,1,1,1
1305,0,1993,1070,117,40,1,1,1,1
1306,0,1989,1070,117,40,1,1,1,1
1307,0,1985,1070,118,40,1,1,1,1
1307,0,0,1114,69,34,1,1,1,1
1308,0,1982,1070,118,40,1,1,1,1
1308,0,0,1115,83,33,1,1,1,1
1309,0,1978,1070,118,40,1,1,1,1
1309,0,0,1115,96,32,1,1,1,1
1310,0,1974,1070,119,40,1,1,1,1
1310,0,0,1116,110,31,1,1,1,1
1311,0,1971,1070,119,41,1,1,1,1
1311,0,0,1117,119,30,1,1,1,1
1312,0,1967,1070,119,41,1,1,1,1
1312,0,0,1118,129,30,1,1,1,1
1313,0,1963,1070,120,41,1,1,1,1
1313,0,0,1118,138,29,1,1,1,1
1314,0,1959,1070,120,41,1,1,1,1
1314,0,0,1119,147,28,1,1,1,1
1315,0,1956,1070,120,41,1,1,1,1
1315,0,0,1119,158,28,1,1,1,1
1316,0,1952,1071,121,41,1,1,1,1
1316,0,0,1119,169,28,1,1,1,1
1317,0,1948,1071,121,41,1,1,1,1
1317,0,0,1119,181,29,1,1,1,1
1318,0,1945,1071,121,41,1,1,1,1
1318,0,0,1118,192,29,1,1,1,1
1319,0,1941,1071,121,41,1,1,1,1
1319,0,0,1118,203,29,1,1,1,1
1320,0,1937,1071,122,41,1,1,1,1
1320,0,0,1118,214,29,1,1,1,1
1321,0,1934,1071,122,42,1,1,1,1
1321,0,0,1117,224,30,1,1,1,1
1322,0,1930,1071,122,42,1,1,1,1
1322,0,0,1117,234,30,1,1,1,1
1323,0,1926,1071,123,42,1,1,1,1
1323,0,0,1116,244,31,1,1,1,1
1324,0,1922,1071,123,42,1,1,1,1
1324,0,0,1116,255,32,1,1,1,1
1325,0,1919,1071,123,42,1,1,1,1
1325,0,0,1115,265,33,1,1,1,1
1326,0,1915,1071,124,42,1,1,1,1
1326,0,0,1115,275,33,1,1,1,1
1327,0,1911,1071,124,42,1,1,1,1
1327,0,0,1114,285,34,1,1,1,1
1328,0,1908,1071,124,42,1,1,1,1
1328,0,1,1113,295,35,1,1,1,1
1329,0,1904,1071,125,42,1,1,1,1
1329,0,1,1113,304,36,1,1,1,1
1330,0,1900,1071,125,42,1,1,1,1
1330,0,2,1112,314,36,1,1,1,1
1331,0,1897,1071,125,43,1,1,1,1
1331,0,2,1112,323,37,1,1,1,1
1332,0,1893,1071,126,43,1,1,1,1
1332,0,3,1111,333,38,1,1,1,1
1333,0,1889,1071,126,43,1,1,1,1
1333,0,14,1111,332,38,1,1,1,1
1334,0,1885,1071,126,43,1,1,1,1
1334,0,24,1111,331,39,1,1,1,1
1335,0,1882,1071,127,43,1,1,1,1
1335,0,35,1111,330,39,1,1,1,1
1336,0,1878,1071,127,43,1,1,1,1
1336,0,46,1111,329,39,1,1,1,1
1337,0,1874,1071,128,43,1,1,1,1
1337,0,56,1111,328,40,1,1,1,1
1338,0,1870,1071,128,43,1,1,1,1
1338,0,67,1111,327,40,1,1,1,1
1339,0,1865,1071,129,43,1,1,1,1
1339,0,78,1111,326,40,1,1,1,1
1340,0,1861,1071,129,43,1,1,1,1
1340,0,88,1111,326,41,1,1,1,1
1341,0,1857,1071,130,44,1,1,1,1
1341,0,99,1111,325,41,1,1,1,1
1342,0,1853,1071,130,44,1,1,1,1
1342,0,110,1111,324,41,1,1,1,1
1343,0,1849,1071,131,44,1,1,1,1
1343,0,120,1111,323,42,1,1,1,1
1344,0,1844,1071,131,44,1,1,1,1
1344,0,131,1111,322,42,1,1,1,1
1345,0,1840,1071,132,44,1,1,1,1
1345,0,142,1111,321,42,1,1,1,1
1346,0,1836,1071,132,44,1,1,1,1
1346,0,152,1111,320,43,1,1,1,1
1347,0,1832,1071,133,44,1,1,1,1
1347,0,163,1111,319,43,1,1,1,1
1348,0,1827,1071,133,44,1,1,1,1
1348,0,173,1111,318,43,1,1,1,1
1349,0,1823,1071,134,44,1,1,1,1
1349,0,183,1111,317,43,1,1,1,1
1350,0,1819,1072,134,45,1,1,1,1
1350,0,192,1112,316,42,1,1,1,1
1351,0,1815,1072,135,45,1,1,1,1
1351,0,202,1112,315,42,1,1,1,1
1352,0,1811,1072,135,45,1,1,1,1
1352,0,212,1112,313,42,1,1,1,1
1353,0,1806,1072,136,45,1,1,1,1
1353,0,222,1112,312,42,1,1,1,1
1354,0,1802,1072,136,45,1,1,1,1
1354,0,232,1112,311,41,1,1,1,1
1355,0,1798,1072,137,45,1,1,1,1
1355,0,242,1112,310,41,1,1,1,1
1356,0,1794,1072,137,45,1,1,1,1
1356,0,251,1113,309,41,1,1,1,1
1357,0,1790,1072,138,45,1,1,1,1
1357,0,261,1113,308,41,1,1,1,1
1358,0,1785,1072,138,45,1,1,1,1
1358,0,271,1113,307,41,1,1,1,1
1359,0,1781,1072,139,45,1,1,1,1
1359,0,281,1113,306,40,1,1,1,1
1360,0,1777,1072,139,46,1,1,1,1
1360,0,291,1113,305,40,1,1,1,1
1361,0,1773,1072,140,46,1,1,1,1
1361,0,300,1114,303,40,1,1,1,1
1362,0,1768,1072,140,46,1,1,1,1
1362,0,310,1114,302,40,1,1,1,1
1363,0,1764,1072,141,46,1,1,1,1
1363,0,320,1114,301,39,1,1,1,1
1364,0,1760,1072,141,46,1,1,1,1
1364,0,330,1114,300,39,1,1,1,1
1365,0,1756,1072,141,46,1,1,1,1
1365,0,340,1114,299,39,1,1,1,1
1366,0,1751,1072,142,46,1,1,1,1
1366,0,349,1115,298,39,1,1,1,1
1367,0,1747,1072,142,46,1,1,1,1
1367,0,359,1115,297,39,1,1,1,1
1368,0,1742,1072,143,47,1,1,1,1
1368,0,369,1115,296,38,1,1,1,1
1369,0,1738,1072,143,47,1,1,1,1
1369,0,379,1115,295,38,1,1,1,1
1370,0,1733,1072,143,47,1,1,1,1
1370,0,389,1115,293,38,1,1,1,1
1371,0,1729,1072,144,47,1,1,1,1
1371,0,399,1115,292,38,1,1,1,1
1372,0,1724,1072,144,47,1,1,1,1
1372,0,408,1116,291,37,1,1,1,1
1373,0,1719,1072,145,47,1,1,1,1
1373,0,418,1116,290,37,1,1,1,1
1374,0,1714,1072,145,47,1,1,1,1
1374,0,428,1116,289,37,1,1,1,1
1375,0,1710,1072,146,47,1,1,1,1
1375,0,437,1116,288,37,1,1,1,1
1376,0,1705,1072,146,47,1,1,1,1
1376,0,446,1116,288,37,1,1,1,1
1377,0,1700,1072,147,47,1,1,1,1
1377,0,455,1116,287,37,1,1,1,1
1378,0,1695,1072,147,47,1,1,1,1
1378,0,464,1116,286,37,1,1,1,1
1379,0,1690,1072,148,47,1,1,1,1
1379,0,472,1116,286,37,1,1,1,1
1380,0,1686,1072,148,47,1,1,1,1
1380,0,481,1116,285,37,1,1,1,1
1381,0,1681,1072,149,47,1,1,1,1
1381,0,490,1116,284,37,1,1,1,1
1382,0,1676,1072,149,47,1,1,1,1
1382,0,499,1116,284,37,1,1,1,1
1383,0,1671,1072,150,47,1,1,1,1
1383,0,508,1116,283,37,1,1,1,1
1384,0,1667,1073,150,47,1,1,1,1
1384,0,517,1116,282,37,1,1,1,1
1385,0,1662,1073,151,47,1,1,1,1
1385,0,526,1116,282,37,1,1,1,1
1386,0,1657,1073,151,47,1,1,1,1
1386,0,535,1116,281,37,1,1,1,1
1387,0,1652,1073,152,47,1,1,1,1
1387,0,544,1116,280,37,1,1,1,1
1388,0,1647,1073,152,47,1,1,1,1
1388,0,552,1117,280,36,1,1,1,1
1389,0,1643,1073,153,47,1,1,1,1
1389,0,561,1117,279,36,1,1,1,1
1390,0,1638,1073,153,47,1,1,1,1
1390,0,570,1117,278,36,1,1,1,1
1391,0,1633,1073,154,47,1,1,1,1
1391,0,579,1117,278,36,1,1,1,1
1392,0,1628,1073,154,47,1,1,1,1
1392,0,588,1117,277,36,1,1,1,1
1393,0,1623,1073,155,47,1,1,1,1
1393,0,597,1117,276,36,1,1,1,1
1394,0,1619,1073,155,47,1,1,1,1
1394,0,606,1117,276,36,1,1,1,1
1395,0,1614,1073,156,47,1,1,1,1
1395,0,615,1117,275,36,1,1,1,1
1396,0,1609,1073,156,47,1,1,1,1
1396,0,624,1117,274,36,1,1,1,1
1397,0,1604,1073,157,47,1,1,1,1
1397,0,632,1117,274,36,1,1,1,1
1398,0,1598,1073,157,47,1,1,1,1
1398,0,641,1117,273,36,1,1,1,1
1399,0,1593,1073,158,47,1,1,1,1
1399,0,650,1117,272,36,1,1,1,1
1399,0,0,1105,29,35,1,1,1,1
1400,0,1588,1073,159,47,1,1,1,1
1400,0,659,1117,272,36,1,1,1,1
1400,0,0,1105,40,35,1,1,1,1
1401,0,1582,1073,159,47,1,1,1,1
1401,0,668,1117,271,36,1,1,1,1
1401,0,0,1105,51,36,1,1,1,1
1402,0,1577,1073,160,47,1,1,1,1
1402,0,676,1117,270,36,1,1,1,1
1402,0,0,1105,62,36,1,1,1,1
1403,0,1571,1074,160,47,1,1,1,1
1403,0,684,1117,269,36,1,1,1,1
1403,0,0,1105,74,36,1,1,1,1
1404,0,1566,1074,161,47,1,1,1,1
1404,0,692,1117,268,36,1,1,1,1
1404,0,0,1105,85,36,1,1,1,1
1405,0,1561,1074,162,47,1,1,1,1
1405,0,700,1117,268,36,1,1,1,1
1405,0,0,1105,96,37,1,1,1,1
1406,0,1555,1074,162,47,1,1,1,1
1406,0,708,1117,267,36,1,1,1,1
1406,0,0,1105,107,37,1,1,1,1
1407,0,1550,1074,163,47,1,1,1,1
1407,0,716,1117,266,36,1,1,1,1
1407,0,0,1104,118,37,1,1,1,1
1408,0,1545,1074,164,47,1,1,1,1
1408,0,724,1117,265,36,1,1,1,1
1408,0,0,1104,129,37,1,1,1,1
1409,0,1539,1074,164,47,1,1,1,1
1409,0,733,1117,264,36,1,1,1,1
1409,0,0,1104,140,38,1,1,1,1
1410,0,1534,1074,165,46,1,1,1,1
1410,0,741,1117,263,36,1,1,1,1
1410,0,0,1104,151,38,1,1,1,1
1411,0,1528,1074,165,46,1,1,1,1
1411,0,749,1117,262,36,1,1,1,1
1411,0,0,1104,163,38,1,1,1,1
1412,0,1523,1074,166,46,1,1,1,1
1412,0,757,1117,261,36,1,1,1,1
1412,0,0,1104,174,38,1,1,1,1
1413,0,1518,1074,167,46,1,1,1,1
1413,0,765,1117,261,36,1,1,1,1
1413,0,0,1104,185,39,1,1,1,1
1414,0,1512,1074,167,46,1,1,1,1
1414,0,773,1117,260,36,1,1,1,1
1414,0,0,1104,196,39,1,1,1,1
1415,0,1507,1074,168,46,1,1,1,1
1415,0,781,1117,259,36,1,1,1,1
1415,0,0,1104,206,39,1,1,1,1
1416,0,1502,1074,169,46,1,1,1,1
1416,0,789,1117,258,36,1,1,1,1
1416,0,0,1104,217,40,1,1,1,1
1417,0,1496,1075,169,46,1,1,1,1
1417,0,797,1117,257,36,1,1,1,1
1417,0,0,1103,227,40,1,1,1,1
1418,0,1491,1075,170,46,1,1,1,1
1418,0,805,1117,256,36,1,1,1,1
1418,0,0,1103,238,41,1,1,1,1
1419,0,1485,1075,170,46,1,1,1,1
1419,0,813,1117,255,35,1,1,1,1
1419,0,0,1103,248,41,1,1,1,1
1420,0,1480,1075,171,46,1,1,1,1
1420,0,821,1117,253,35,1,1,1,1
1420,0,0,1103,258,42,1,1,1,1
1421,0,1475,1075,172,46,1,1,1,1
1421,0,829,1117,252,35,1,1,1,1
1421,0,0,1102,269,42,1,1,1,1
1422,0,1469,1075,172,46,1,1,1,1
1422,0,837,1117,251,34,1,1,1,1
1422,0,0,1102,279,43,1,1,1,1
1423,0,1464,1075,173,46,1,1,1,1
1423,0,846,1117,250,34,1,1,1,1
1423,0,0,1102,290,43,1,1,1,1
1424,0,1458,1075,174,46,1,1,1,1
1424,0,854,1117,248,34,1,1,1,1
1424,0,0,1102,300,43,1,1,1,1
1425,0,1452,1075,175,47,1,1,1,1
1425,0,862,1117,247,33,1,1,1,1
1425,0,0,1102,310,44,1,1,1,1
1426,0,1446,1075,176,47,1,1,1,1
1426,0,870,1117,246,33,1,1,1,1
1426,0,0,1101,321,44,1,1,1,1
1427,0,1439,1075,177,47,1,1,1,1
1427,0,878,1117,245,33,1,1,1,1
1427,0,0,1101,331,45,1,1,1,1
1428,0,1433,1075,178,48,1,1,1,1
1428,0,886,1117,243,32,1,1,1,1
1428,0,0,1101,341,45,1,1,1,1
1429,0,1427,1075,179,48,1,1,1,1
1429,0,894,1117,242,32,1,1,1,1
1429,0,0,1101,352,46,1,1,1,1
1430,0,1421,1076,180,49,1,1,1,1
1430,0,901,1117,242,32,1,1,1,1
1430,0,0,1100,362,46,1,1,1,1
1431,0,1415,1076,181,49,1,1,1,1
1431,0,909,1117,242,33,1,1,1,1
1431,0,0,1100,373,47,1,1,1,1
1432,0,1409,1076,182,49,1,1,1,1
1432,0,916,1116,241,33,1,1,1,1
1432,0,0,1100,383,47,1,1,1,1
1433,0,1403,1076,183,50,1,1,1,1
1433,0,924,1116,241,34,1,1,1,1
1433,0,0,1092,393,55,1,1,1,1
1434,0,1396,1076,184,50,1,1,1,1
1434,0,931,1116,241,34,1,1,1,1
1434,0,0,1084,404,63,1,1,1,1
1435,0,1390,1076,185,50,1,1,1,1
1435,0,938,1116,241,34,1,1,1,1
1435,0,0,1076,414,71,1,1,1,1
1436,0,1384,1076,186,51,1,1,1,1
1436,0,946,1115,240,35,1,1,1,1
1436,0,0,1068,425,79,1,1,1,1
1437,0,1378,1076,187,51,1,1,1,1
1437,0,953,1115,240,35,1,1,1,1
1437,0,0,1060,435,87,1,1,1,1
