0,0,1772,1094,209,40,1,1,1,1
0,1,2260,1067,110,35,1,1,1,1
1,0,1776,1094,209,40,1,1,1,1
1,1,2257,1067,110,35,1,1,1,1
2,0,1780,1094,208,40,1,1,1,1
2,1,2254,1067,110,35,1,1,1,1
3,0,1783,1094,208,40,1,1,1,1
3,1,2251,1067,111,35,1,1,1,1
4,0,1787,1094,207,40,1,1,1,1
4,1,2248,1067,111,36,1,1,1,1
5,0,1791,1093,207,39,1,1,1,1
5,1,2245,1068,111,36,1,1,1,1
6,0,1795,1093,207,39,1,1,1,1
6,1,2242,1068,111,36,1,1,1,1
7,0,1799,1093,206,39,1,1,1,1
7,1,2239,1068,112,36,1,1,1,1
8,0,1803,1093,206,39,1,1,1,1
8,1,2235,1068,112,36,1,1,1,1
9,0,1806,1093,205,39,1,1,1,1
9,1,2232,1068,112,36,1,1,1,1
10,0,1810,1093,205,39,1,1,1,1
10,1,2229,1068,112,36,1,1,1,1
11,0,1814,1093,204,39,1,1,1,1
11,1,2226,1068,113,37,1,1,1,1
12,0,1818,1093,204,39,1,1,1,1
12,1,2223,1068,113,37,1,1,1,1
13,0,1822,1093,204,39,1,1,1,1
13,1,2220,1068,113,37,1,1,1,1
14,0,1826,1093,203,39,1,1,1,1
14,1,2217,1068,113,37,1,1,1,1
15,0,1829,1092,203,38,1,1,1,1
15,1,2214,1069,114,37,1,1,1,1
16,0,1833,1092,202,38,1,1,1,1
16,1,2211,1069,114,37,1,1,1,1
17,0,1837,1092,202,38,1,1,1,1
17,1,2208,1069,114,37,1,1,1,1
17,2,0,1108,15,29,1,1,1,1
18,0,1841,1092,202,38,1,1,1,1
18,1,2205,1069,114,37,1,1,1,1
18,2,0,1105,36,33,1,1,1,1
19,0,1845,1092,201,38,1,1,1,1
19,1,2202,1069,115,38,1,1,1,1
19,2,0,1101,57,36,1,1,1,1
20,0,1849,1092,201,38,1,1,1,1
20,1,2199,1069,115,38,1,1,1,1
20,2,0,1098,78,40,1,1,1,1
21,0,1852,1092,200,38,1,1,1,1
21,1,2196,1069,115,38,1,1,1,1
21,2,13,1098,87,40,1,1,1,1
22,0,1856,1092,200,38,1,1,1,1
22,1,2192,1069,115,38,1,1,1,1
22,2,33,1098,87,40,1,1,1,1
23,0,1860,1092,199,38,1,1,1,1
23,1,2189,1069,116,38,1,1,1,1
23,2,54,1098,86,40,1,1,1,1
24,0,1864,1092,199,38,1,1,1,1
24,1,2186,1069,116,38,1,1,1,1
24,2,74,1099,86,40,1,1,1,1
25,0,1868,1091,199,37,1,1,1,1
25,1,2183,1070,116,38,1,1,1,1
25,2,94,1099,86,40,1,1,1,1
26,0,1872,1091,198,37,1,1,1,1
26,1,2180,1070,116,39,1,1,1,1
26,2,114,1099,85,40,1,1,1,1
27,0,1875,1091,198,37,1,1,1,1
27,1,2177,1070,117,39,1,1,1,1
27,2,135,1099,85,40,1,1,1,1
28,0,1879,1091,197,37,1,1,1,1
28,1,2174,1070,117,39,1,1,1,1
28,2,155,1099,85,40,1,1,1,1
29,0,1883,1091,197,37,1,1,1,1
29,1,2171,1070,117,39,1,1,1,1
29,2,175,1100,85,40,1,1,1,1
30,0,1887,1091,197,37,1,1,1,1
30,1,2168,1070,117,39,1,1,1,1
30,2,195,1100,84,40,1,1,1,1
31,0,1890,1091,196,37,1,1,1,1
31,1,2164,1070,118,39,1,1,1,1
31,2,216,1100,84,40,1,1,1,1
32,0,1894,1091,196,37,1,1,1,1
32,1,2161,1070,118,39,1,1,1,1
32,2,236,1100,84,40,1,1,1,1
33,0,1897,1091,195,37,1,1,1,1
33,1,2157,1070,118,39,1,1,1,1
33,2,256,1100,83,40,1,1,1,1
34,0,1901,1091,195,37,1,1,1,1
34,1,2154,1070,119,39,1,1,1,1
34,2,276,1100,83,40,1,1,1,1
35,0,1905,1091,195,37,1,1,1,1
35,1,2151,1070,119,38,1,1,1,1
35,2,297,1101,83,40,1,1,1,1
36,0,1908,1091,194,37,1,1,1,1
36,1,2147,1070,119,38,1,1,1,1
36,2,317,1101,82,40,1,1,1,1
37,0,1912,1091,194,37,1,1,1,1
37,1,2144,1070,119,38,1,1,1,1
37,2,337,1101,82,40,1,1,1,1
38,0,1915,1090,193,36,1,1,1,1
38,1,2140,1070,120,38,1,1,1,1
38,2,356,1101,82,40,1,1,1,1
39,0,1919,1090,193,36,1,1,1,1
39,1,2137,1070,120,38,1,1,1,1
39,2,374,1101,81,40,1,1,1,1
40,0,1923,1090,193,36,1,1,1,1
40,1,2134,1070,120,38,1,1,1,1
40,2,393,1102,81,39,1,1,1,1
41,0,1926,1090,192,36,1,1,1,1
41,1,2130,1070,121,38,1,1,1,1
41,2,411,1102,80,39,1,1,1,1
42,0,1930,1090,192,36,1,1,1,1
42,1,2127,1070,121,38,1,1,1,1
42,2,430,1102,80,39,1,1,1,1
43,0,1933,1090,191,36,1,1,1,1
43,1,2123,1070,121,38,1,1,1,1
43,2,448,1102,79,39,1,1,1,1
44,0,1937,1090,191,36,1,1,1,1
44,1,2120,1070,122,38,1,1,1,1
44,2,467,1102,79,38,1,1,1,1
45,0,1941,1090,191,36,1,1,1,1
45,1,2117,1070,122,37,1,1,1,1
45,2,485,1103,78,38,1,1,1,1
46,0,1944,1090,190,36,1,1,1,1
46,1,2113,1070,122,37,1,1,1,1
46,2,504,1103,78,38,1,1,1,1
47,0,1948,1090,190,36,1,1,1,1
47,1,2110,1070,122,37,1,1,1,1
47,2,523,1103,78,38,1,1,1,1
48,0,1952,1090,190,36,1,1,1,1
48,1,2106,1070,123,37,1,1,1,1
48,2,541,1103,77,37,1,1,1,1
49,0,1955,1090,189,36,1,1,1,1
49,1,2103,1070,123,37,1,1,1,1
49,2,560,1103,77,37,1,1,1,1
50,0,1959,1090,189,36,1,1,1,1
50,1,2099,1070,123,37,1,1,1,1
50,2,578,1104,76,37,1,1,1,1
51,0,1962,1090,188,36,1,1,1,1
51,1,2095,1070,124,37,1,1,1,1
51,2,597,1104,76,37,1,1,1,1
52,0,1966,1090,188,36,1,1,1,1
52,1,2091,1070,124,37,1,1,1,1
52,2,615,1104,75,36,1,1,1,1
53,0,1970,1090,188,36,1,1,1,1
53,1,2087,1070,125,37,1,1,1,1
53,2,634,1104,75,36,1,1,1,1
54,0,1973,1089,187,35,1,1,1,1
54,1,2083,1070,125,37,1,1,1,1
54,2,652,1104,74,36,1,1,1,1
55,0,1977,1089,187,35,1,1,1,1
55,1,2079,1070,126,37,1,1,1,1
55,2,671,1105,74,36,1,1,1,1
56,0,1980,1089,186,35,1,1,1,1
56,1,2076,1071,126,38,1,1,1,1
56,2,689,1105,73,35,1,1,1,1
57,0,1984,1089,186,35,1,1,1,1
57,1,2072,1071,127,38,1,1,1,1
57,2,708,1105,73,35,1,1,1,1
58,0,1988,1089,186,35,1,1,1,1
58,1,2068,1071,127,38,1,1,1,1
58,2,726,1105,73,35,1,1,1,1
59,0,1991,1089,185,35,1,1,1,1
59,1,2064,1071,128,38,1,1,1,1
59,2,743,1105,73,35,1,1,1,1
60,0,1995,1089,185,35,1,1,1,1
60,1,2060,1071,128,38,1,1,1,1
60,2,761,1105,73,35,1,1,1,1
61,0,1998,1089,184,35,1,1,1,1
61,1,2056,1071,129,38,1,1,1,1
61,2,779,1105,73,35,1,1,1,1
62,0,2002,1089,184,35,1,1,1,1
62,1,2052,1071,129,38,1,1,1,1
62,2,796,1105,73,35,1,1,1,1
63,0,2005,1089,184,35,1,1,1,1
63,1,2048,1071,130,38,1,1,1,1
63,2,814,1105,73,35,1,1,1,1
64,0,2009,1089,183,35,1,1,1,1
64,1,2044,1071,130,38,1,1,1,1
64,2,832,1105,73,35,1,1,1,1
65,0,2012,1089,183,35,1,1,1,1
65,1,2040,1071,131,38,1,1,1,1
65,2,850,1106,73,35,1,1,1,1
66,0,2016,1089,183,35,1,1,1,1
66,1,2036,1071,131,38,1,1,1,1
66,2,867,1106,73,35,1,1,1,1
67,0,2019,1089,182,35,1,1,1,1
67,1,2032,1071,132,38,1,1,1,1
67,2,885,1106,73,35,1,1,1,1
68,0,2023,1088,182,35,1,1,1,1
68,1,2028,1071,132,38,1,1,1,1
68,2,903,1106,73,35,1,1,1,1
69,0,2026,1088,182,35,1,1,1,1
69,1,2025,1072,133,39,1,1,1,1
69,2,920,1106,73,35,1,1,1,1
70,0,2030,1088,181,35,1,1,1,1
70,1,2021,1072,133,39,1,1,1,1
70,2,938,1106,73,35,1,1,1,1
71,0,2033,1088,181,35,1,1,1,1
71,1,2017,1072,134,39,1,1,1,1
71,2,956,1106,73,35,1,1,1,1
72,0,2037,1088,181,35,1,1,1,1
72,1,2013,1072,134,39,1,1,1,1
72,2,973,1106,73,35,1,1,1,1
73,0,2040,1088,181,35,1,1,1,1
73,1,2009,1072,135,39,1,1,1,1
73,2,991,1106,73,35,1,1,1,1
74,0,2043,1088,180,35,1,1,1,1
74,1,2005,1072,135,39,1,1,1,1
74,2,1007,1106,73,35,1,1,1,1
75,0,2047,1088,180,35,1,1,1,1
75,1,2001,1072,136,39,1,1,1,1
75,2,1023,1106,73,35,1,1,1,1
76,0,2050,1088,180,35,1,1,1,1
76,1,1997,1072,136,39,1,1,1,1
76,2,1040,1106,72,36,1,1,1,1
77,0,2054,1088,179,35,1,1,1,1
77,1,1993,1072,137,39,1,1,1,1
77,2,1056,1106,72,36,1,1,1,1
78,0,2057,1088,179,35,1,1,1,1
78,1,1989,1072,137,39,1,1,1,1
78,2,1072,1106,72,36,1,1,1,1
79,0,2061,1087,179,35,1,1,1,1
79,1,1985,1072,138,39,1,1,1,1
79,2,1087,1106,72,36,1,1,1,1
80,0,2064,1087,178,35,1,1,1,1
80,1,1981,1072,138,39,1,1,1,1
80,2,1103,1106,71,36,1,1,1,1
81,0,2068,1087,178,35,1,1,1,1
81,1,1977,1072,139,39,1,1,1,1
81,2,1118,1106,71,36,1,1,1,1
82,0,2071,1087,178,35,1,1,1,1
82,1,1974,1073,139,40,1,1,1,1
82,2,1134,1105,70,35,1,1,1,1
83,0,2075,1087,177,35,1,1,1,1
83,1,1970,1073,140,40,1,1,1,1
83,2,1149,1105,70,35,1,1,1,1
84,0,2078,1087,177,35,1,1,1,1
84,1,1966,1073,140,40,1,1,1,1
84,2,1165,1105,69,35,1,1,1,1
85,0,2081,1087,177,35,1,1,1,1
85,1,1962,1073,141,40,1,1,1,1
85,2,1180,1105,69,35,1,1,1,1
86,0,2084,1087,176,35,1,1,1,1
86,1,1958,1073,141,40,1,1,1,1
86,2,1194,1105,70,35,1,1,1,1
87,0,2088,1087,176,35,1,1,1,1
87,1,1954,1073,142,40,1,1,1,1
87,2,1208,1105,71,35,1,1,1,1
88,0,2091,1087,176,35,1,1,1,1
88,1,1950,1073,142,40,1,1,1,1
88,2,1223,1105,70,35,1,1,1,1
89,0,2094,1087,175,35,1,1,1,1
89,1,1946,1073,142,40,1,1,1,1
89,2,1238,1105,69,35,1,1,1,1
90,0,2097,1087,175,35,1,1,1,1
90,1,1941,1073,143,40,1,1,1,1
90,2,1252,1104,69,35,1,1,1,1
91,0,2101,1087,175,35,1,1,1,1
91,1,1937,1073,143,41,1,1,1,1
91,2,1267,1104,68,35,1,1,1,1
92,0,2104,1086,175,35,1,1,1,1
92,1,1932,1073,144,41,1,1,1,1
92,2,1282,1104,67,35,1,1,1,1
93,0,2107,1086,174,35,1,1,1,1
93,1,1928,1073,144,41,1,1,1,1
93,2,1296,1104,66,35,1,1,1,1
94,0,2110,1086,174,35,1,1,1,1
94,1,1923,1073,145,41,1,1,1,1
94,2,1309,1103,64,35,1,1,1,1
95,0,2114,1086,174,35,1,1,1,1
95,1,1919,1073,145,41,1,1,1,1
95,2,1323,1103,63,35,1,1,1,1
96,0,2117,1086,173,35,1,1,1,1
96,1,1914,1073,146,41,1,1,1,1
96,2,1336,1103,64,35,1,1,1,1
97,0,2120,1086,173,35,1,1,1,1
97,1,1910,1073,146,42,1,1,1,1
97,2,1349,1103,65,35,1,1,1,1
98,0,2123,1086,173,35,1,1,1,1
98,1,1905,1073,147,42,1,1,1,1
98,2,1362,1103,66,35,1,1,1,1
99,0,2127,1086,172,34,1,1,1,1
99,1,1901,1073,147,42,1,1,1,1
99,2,1375,1103,65,35,1,1,1,1
100,0,2130,1086,172,34,1,1,1,1
100,1,1896,1073,148,42,1,1,1,1
100,2,1387,1103,64,35,1,1,1,1
101,0,2133,1086,172,34,1,1,1,1
101,1,1891,1073,149,42,1,1,1,1
101,2,1400,1102,63,34,1,1,1,1
102,0,2136,1086,171,34,1,1,1,1
102,1,1887,1073,149,42,1,1,1,1
102,2,1412,1102,62,34,1,1,1,1
103,0,2140,1086,171,34,1,1,1,1
103,1,1882,1073,150,43,1,1,1,1
103,2,1425,1102,63,34,1,1,1,1
104,0,2143,1086,171,34,1,1,1,1
104,1,1877,1073,151,43,1,1,1,1
104,2,1438,1102,63,34,1,1,1,1
105,0,2146,1086,170,34,1,1,1,1
105,1,1872,1073,152,43,1,1,1,1
105,2,1450,1102,62,34,1,1,1,1
106,0,2149,1085,170,34,1,1,1,1
106,1,1867,1073,153,43,1,1,1,1
106,2,1463,1102,61,34,1,1,1,1
107,0,2153,1085,170,34,1,1,1,1
107,1,1863,1073,153,43,1,1,1,1
107,2,1475,1101,60,34,1,1,1,1
108,0,2156,1085,170,34,1,1,1,1
108,1,1858,1073,154,43,1,1,1,1
108,2,1487,1101,59,34,1,1,1,1
109,0,2159,1085,169,34,1,1,1,1
109,1,1853,1073,155,43,1,1,1,1
109,2,1499,1101,60,34,1,1,1,1
110,0,2162,1085,169,34,1,1,1,1
110,1,1848,1072,156,44,1,1,1,1
110,2,1511,1101,60,34,1,1,1,1
111,0,2166,1085,169,34,1,1,1,1
111,1,1843,1072,157,44,1,1,1,1
111,2,1523,1101,61,34,1,1,1,1
112,0,2169,1085,168,34,1,1,1,1
112,1,1838,1072,158,44,1,1,1,1
112,2,1535,1101,60,33,1,1,1,1
113,0,2172,1085,168,34,1,1,1,1
113,1,1834,1072,158,44,1,1,1,1
113,2,1546,1101,59,32,1,1,1,1
114,0,2175,1085,168,34,1,1,1,1
114,1,1829,1072,159,44,1,1,1,1
114,2,1558,1101,59,32,1,1,1,1
115,0,2178,1085,167,34,1,1,1,1
115,1,1824,1072,160,44,1,1,1,1
115,2,1569,1101,59,32,1,1,1,1
116,0,2181,1085,167,34,1,1,1,1
116,1,1819,1072,161,44,1,1,1,1
116,2,1581,1101,59,32,1,1,1,1
117,0,2185,1085,166,34,1,1,1,1
117,1,1814,1072,162,45,1,1,1,1
117,2,1592,1101,56,31,1,1,1,1
118,0,2188,1085,166,34,1,1,1,1
118,1,1810,1072,162,45,1,1,1,1
118,2,1603,1101,58,31,1,1,1,1
119,0,2191,1085,165,34,1,1,1,1
119,1,1805,1072,163,45,1,1,1,1
119,2,1614,1101,59,31,1,1,1,1
120,0,2194,1084,165,34,1,1,1,1
120,1,1800,1072,164,45,1,1,1,1
120,2,1624,1101,58,31,1,1,1,1
121,0,2197,1084,164,34,1,1,1,1
121,1,1795,1072,165,45,1,1,1,1
121,2,1635,1101,58,31,1,1,1,1
122,0,2200,1084,164,34,1,1,1,1
122,1,1790,1072,165,45,1,1,1,1
122,2,1645,1100,57,31,1,1,1,1
123,0,2203,1084,164,34,1,1,1,1
123,1,1785,1072,166,45,1,1,1,1
123,2,1655,1100,57,31,1,1,1,1
124,0,2207,1084,163,34,1,1,1,1
124,1,1780,1073,166,46,1,1,1,1
124,2,1665,1100,56,31,1,1,1,1
125,0,2210,1084,163,34,1,1,1,1
125,1,1775,1073,167,46,1,1,1,1
125,2,1676,1100,55,31,1,1,1,1
126,0,2213,1084,162,34,1,1,1,1
126,1,1770,1073,167,46,1,1,1,1
126,2,1686,1099,55,31,1,1,1,1
127,0,2216,1084,162,33,1,1,1,1
127,1,1765,1073,168,46,1,1,1,1
127,2,1696,1099,54,31,1,1,1,1
128,0,2219,1084,161,33,1,1,1,1
128,1,1760,1073,169,46,1,1,1,1
128,2,1706,1099,53,30,1,1,1,1
129,0,2222,1084,161,33,1,1,1,1
129,1,1755,1073,169,46,1,1,1,1
129,2,1717,1099,53,30,1,1,1,1
130,0,2226,1084,160,33,1,1,1,1
130,1,1750,1073,170,46,1,1,1,1
130,2,1727,1098,52,30,1,1,1,1
131,0,2229,1084,160,33,1,1,1,1
131,1,1745,1073,170,46,1,1,1,1
131,2,1737,1098,52,30,1,1,1,1
132,0,2232,1084,160,33,1,1,1,1
132,1,1740,1074,171,47,1,1,1,1
132,2,1747,1098,51,30,1,1,1,1
133,0,2235,1084,159,33,1,1,1,1
133,1,1735,1074,171,47,1,1,1,1
133,2,1758,1098,50,30,1,1,1,1
134,0,2238,1083,159,33,1,1,1,1
134,1,1730,1074,172,47,1,1,1,1
134,2,1768,1097,50,30,1,1,1,1
135,0,2241,1083,158,33,1,1,1,1
135,1,1725,1074,172,47,1,1,1,1
135,2,1778,1097,49,30,1,1,1,1
136,0,2244,1083,158,33,1,1,1,1
136,1,1720,1074,173,47,1,1,1,1
136,2,1787,1097,48,30,1,1,1,1
137,0,2248,1083,157,33,1,1,1,1
137,1,1714,1074,174,47,1,1,1,1
137,2,1797,1097,48,30,1,1,1,1
138,0,2251,1083,157,33,1,1,1,1
138,1,1708,1074,175,47,1,1,1,1
138,2,1806,1096,47,30,1,1,1,1
139,0,2254,1083,156,33,1,1,1,1
139,1,1703,1074,176,47,1,1,1,1
139,2,1816,1096,47,30,1,1,1,1
140,0,2257,1083,156,33,1,1,1,1
140,1,1697,1074,177,47,1,1,1,1
140,2,1825,1096,46,31,1,1,1,1
141,0,2260,1083,156,33,1,1,1,1
141,1,1691,1074,178,47,1,1,1,1
141,2,1835,1096,46,31,1,1,1,1
142,0,2263,1083,156,33,1,1,1,1
142,1,1685,1075,179,48,1,1,1,1
142,2,1844,1095,45,31,1,1,1,1
143,0,2266,1083,156,33,1,1,1,1
143,1,1679,1075,180,48,1,1,1,1
143,2,1854,1095,45,31,1,1,1,1
144,0,2268,1083,155,33,1,1,1,1
144,1,1673,1075,181,48,1,1,1,1
144,2,1863,1095,44,31,1,1,1,1
145,0,2271,1083,155,33,1,1,1,1
145,1,1668,1075,182,48,1,1,1,1
145,2,1871,1095,45,31,1,1,1,1
146,0,2274,1083,155,33,1,1,1,1
146,1,1662,1075,183,48,1,1,1,1
146,2,1879,1095,45,31,1,1,1,1
147,0,2277,1082,155,33,1,1,1,1
147,1,1656,1075,184,48,1,1,1,1
147,2,1888,1094,46,31,1,1,1,1
148,0,2280,1082,155,33,1,1,1,1
148,1,1650,1075,184,48,1,1,1,1
148,2,1896,1094,46,31,1,1,1,1
149,0,2283,1082,155,33,1,1,1,1
149,1,1644,1075,185,48,1,1,1,1
149,2,1904,1094,47,31,1,1,1,1
150,0,2286,1082,155,33,1,1,1,1
150,1,1638,1075,186,48,1,1,1,1
150,2,1913,1094,48,31,1,1,1,1
151,0,2289,1082,154,33,1,1,1,1
151,1,1633,1075,187,48,1,1,1,1
151,2,1922,1094,49,31,1,1,1,1
152,0,2291,1082,154,33,1,1,1,1
152,1,1627,1075,188,48,1,1,1,1
152,2,1930,1094,48,31,1,1,1,1
153,0,2294,1082,154,33,1,1,1,1
153,1,1621,1075,189,48,1,1,1,1
153,2,1938,1094,47,31,1,1,1,1
154,0,2297,1082,154,32,1,1,1,1
154,1,1615,1076,190,49,1,1,1,1
154,2,1946,1094,47,30,1,1,1,1
155,0,2300,1082,154,32,1,1,1,1
155,1,1609,1076,191,49,1,1,1,1
155,2,1954,1094,46,30,1,1,1,1
156,0,2303,1082,154,32,1,1,1,1
156,1,1603,1076,192,49,1,1,1,1
156,2,1963,1093,45,30,1,1,1,1
157,0,2306,1082,153,32,1,1,1,1
157,1,1598,1076,193,49,1,1,1,1
157,2,1971,1093,44,30,1,1,1,1
158,0,2309,1082,153,32,1,1,1,1
158,1,1592,1076,194,49,1,1,1,1
158,2,1979,1093,44,29,1,1,1,1
159,0,2312,1082,153,32,1,1,1,1
159,1,1586,1076,195,49,1,1,1,1
159,2,1987,1093,43,29,1,1,1,1
160,0,2314,1082,153,32,1,1,1,1
160,1,1580,1076,196,49,1,1,1,1
160,2,1995,1093,42,29,1,1,1,1
161,0,2317,1081,153,32,1,1,1,1
161,1,1574,1076,196,49,1,1,1,1
161,2,2003,1093,42,29,1,1,1,1
162,0,2320,1081,153,32,1,1,1,1
162,1,1568,1076,197,49,1,1,1,1
162,2,2010,1093,41,29,1,1,1,1
163,0,2323,1081,153,32,1,1,1,1
163,1,1562,1076,197,49,1,1,1,1
163,2,2018,1093,41,29,1,1,1,1
164,0,2326,1081,152,32,1,1,1,1
164,1,1556,1076,198,49,1,1,1,1
164,2,2025,1093,41,28,1,1,1,1
165,0,2329,1081,152,32,1,1,1,1
165,1,1549,1076,200,49,1,1,1,1
165,2,2033,1093,40,28,1,1,1,1
166,0,2332,1081,152,32,1,1,1,1
166,1,1543,1076,201,49,1,1,1,1
166,2,2040,1093,40,28,1,1,1,1
167,0,2335,1081,152,32,1,1,1,1
167,1,1536,1076,203,49,1,1,1,1
167,2,2047,1093,40,28,1,1,1,1
168,0,2337,1081,152,32,1,1,1,1
168,1,1530,1076,204,49,1,1,1,1
168,2,2054,1093,40,28,1,1,1,1
169,0,2340,1081,152,32,1,1,1,1
169,1,1523,1076,206,49,1,1,1,1
169,2,2062,1093,40,28,1,1,1,1
170,0,2343,1081,152,32,1,1,1,1
170,1,1517,1077,207,50,1,1,1,1
170,2,2069,1092,40,27,1,1,1,1
171,0,2346,1081,151,32,1,1,1,1
171,1,1510,1077,209,50,1,1,1,1
171,2,2076,1092,40,27,1,1,1,1
172,0,2349,1081,151,32,1,1,1,1
172,1,1504,1077,210,50,1,1,1,1
172,2,2083,1092,40,27,1,1,1,1
173,0,2352,1081,151,32,1,1,1,1
173,1,1497,1077,212,50,1,1,1,1
173,2,2090,1092,40,27,1,1,1,1
174,0,2355,1080,151,32,1,1,1,1
174,1,1491,1077,213,50,1,1,1,1
174,2,2097,1092,40,26,1,1,1,1
175,0,2357,1080,151,32,1,1,1,1
175,1,1484,1077,215,50,1,1,1,1
175,2,2104,1092,40,26,1,1,1,1
176,0,2360,1080,151,32,1,1,1,1
176,1,1478,1077,216,50,1,1,1,1
176,2,2112,1091,41,26,1,1,1,1
177,0,2363,1080,151,32,1,1,1,1
177,1,1471,1077,217,50,1,1,1,1
177,2,2119,1091,41,26,1,1,1,1
178,0,2366,1080,150,32,1,1,1,1
178,1,1464,1077,217,50,1,1,1,1
178,2,2126,1091,41,25,1,1,1,1
179,0,2369,1080,150,32,1,1,1,1
179,1,1457,1077,218,50,1,1,1,1
179,2,2133,1091,41,25,1,1,1,1
180,0,2372,1080,150,32,1,1,1,1
180,1,1450,1077,219,50,1,1,1,1
180,2,2139,1091,41,25,1,1,1,1
181,0,2375,1080,150,31,1,1,1,1
181,1,1443,1077,220,50,1,1,1,1
181,2,2145,1091,41,25,1,1,1,1
182,0,2378,1080,150,31,1,1,1,1
182,1,1436,1077,220,50,1,1,1,1
182,2,2151,1090,40,25,1,1,1,1
183,0,2380,1080,150,31,1,1,1,1
183,1,1429,1078,221,51,1,1,1,1
183,2,2157,1090,40,25,1,1,1,1
184,0,2383,1080,149,31,1,1,1,1
184,1,1422,1078,222,51,1,1,1,1
184,2,2163,1090,40,25,1,1,1,1
185,0,2386,1080,149,31,1,1,1,1
185,1,1415,1078,223,51,1,1,1,1
185,2,2169,1090,40,25,1,1,1,1
186,0,2389,1080,149,31,1,1,1,1
186,1,1408,1078,223,51,1,1,1,1
186,2,2175,1090,40,25,1,1,1,1
187,0,2392,1080,149,31,1,1,1,1
187,1,1401,1078,224,51,1,1,1,1
187,2,2182,1089,39,25,1,1,1,1
188,0,2395,1079,149,31,1,1,1,1
188,1,1394,1078,225,51,1,1,1,1
188,2,2188,1089,39,25,1,1,1,1
189,0,2398,1079,149,31,1,1,1,1
189,1,1387,1078,226,51,1,1,1,1
189,2,2194,1089,39,25,1,1,1,1
190,0,2401,1079,149,31,1,1,1,1
190,1,1379,1078,226,51,1,1,1,1
190,2,2200,1089,39,25,1,1,1,1
191,0,2403,1079,148,31,1,1,1,1
191,1,1372,1078,227,51,1,1,1,1
191,2,2206,1089,39,25,1,1,1,1
192,0,2406,1079,148,31,1,1,1,1
192,1,1365,1078,228,51,1,1,1,1
192,2,2212,1088,38,25,1,1,1,1
193,0,2409,1079,148,31,1,1,1,1
193,1,1358,1078,229,51,1,1,1,1
193,2,2218,1088,38,25,1,1,1,1
194,0,2412,1079,148,31,1,1,1,1
194,1,1351,1078,229,51,1,1,1,1
194,2,2224,1088,38,25,1,1,1,1
195,0,2415,1079,145,31,1,1,1,1
195,1,1344,1078,230,51,1,1,1,1
195,2,2230,1088,38,24,1,1,1,1
196,0,2418,1079,143,31,1,1,1,1
196,1,1337,1078,231,51,1,1,1,1
196,2,2236,1088,38,24,1,1,1,1
197,0,2420,1079,140,31,1,1,1,1
197,1,1330,1079,232,52,1,1,1,1
197,2,2242,1087,37,24,1,1,1,1
198,0,2423,1078,137,31,1,1,1,1
198,1,1323,1079,232,52,1,1,1,1
198,2,2248,1087,37,24,1,1,1,1
199,0,2426,1078,134,31,1,1,1,1
199,1,1316,1079,233,52,1,1,1,1
199,2,2254,1087,37,24,1,1,1,1
200,0,2429,1078,132,31,1,1,1,1
200,1,1309,1079,234,52,1,1,1,1
200,2,2260,1087,37,24,1,1,1,1
201,0,2431,1078,129,31,1,1,1,1
201,1,1302,1079,235,52,1,1,1,1
201,2,2266,1087,37,24,1,1,1,1
202,0,2434,1078,126,31,1,1,1,1
202,1,1295,1079,235,52,1,1,1,1
202,2,2273,1086,36,24,1,1,1,1
203,0,2437,1078,123,31,1,1,1,1
203,1,1288,1079,236,52,1,1,1,1
203,2,2279,1086,36,24,1,1,1,1
204,0,2440,1078,121,31,1,1,1,1
204,1,1280,1079,237,52,1,1,1,1
204,2,2285,1086,36,24,1,1,1,1
205,0,2442,1077,118,31,1,1,1,1
205,1,1273,1079,237,52,1,1,1,1
205,2,2291,1086,36,24,1,1,1,1
206,0,2445,1077,115,31,1,1,1,1
206,1,1265,1079,238,52,1,1,1,1
206,2,2297,1086,36,24,1,1,1,1
206,3,2548,1061,12,32,1,1,1,1
207,0,2448,1077,112,31,1,1,1,1
207,1,1257,1079,239,52,1,1,1,1
207,2,2303,1085,35,24,1,1,1,1
207,3,2546,1061,14,32,1,1,1,1
208,0,2451,1077,110,31,1,1,1,1
208,1,1249,1079,240,52,1,1,1,1
208,2,2309,1085,35,24,1,1,1,1
208,3,2544,1061,16,32,1,1,1,1
209,0,2453,1077,107,31,1,1,1,1
209,1,1242,1079,240,52,1,1,1,1
209,2,2315,1085,35,24,1,1,1,1
209,3,2542,1061,18,32,1,1,1,1
209,4,0,1105,10,37,1,1,1,1
210,0,2456,1077,104,31,1,1,1,1
210,1,1234,1079,241,52,1,1,1,1
210,2,2320,1085,35,24,1,1,1,1
210,3,2539,1061,21,31,1,1,1,1
210,4,0,1102,22,41,1,1,1,1
211,0,2459,1076,101,31,1,1,1,1
211,1,1226,1079,242,52,1,1,1,1
211,2,2325,1085,35,24,1,1,1,1
211,3,2537,1061,23,31,1,1,1,1
211,4,0,1098,33,44,1,1,1,1
212,0,2462,1076,99,31,1,1,1,1
212,1,1219,1079,244,52,1,1,1,1
212,2,2330,1085,35,24,1,1,1,1
212,3,2535,1061,25,31,1,1,1,1
212,4,0,1095,45,48,1,1,1,1
213,0,2464,1076,96,31,1,1,1,1
213,1,1211,1079,245,52,1,1,1,1
213,2,2335,1085,35,24,1,1,1,1
213,3,2533,1062,27,31,1,1,1,1
213,4,0,1092,57,51,1,1,1,1
214,0,2467,1076,93,31,1,1,1,1
214,1,1203,1079,247,52,1,1,1,1
214,2,2340,1084,34,23,1,1,1,1
214,3,2531,1062,29,31,1,1,1,1
214,4,0,1088,68,55,1,1,1,1
215,0,2470,1076,90,31,1,1,1,1
215,1,1195,1079,248,52,1,1,1,1
215,2,2345,1084,34,23,1,1,1,1
215,3,2529,1062,31,31,1,1,1,1
215,4,0,1085,80,58,1,1,1,1
216,0,2473,1076,88,31,1,1,1,1
216,1,1188,1079,249,52,1,1,1,1
216,2,2349,1084,34,23,1,1,1,1
216,3,2527,1062,33,31,1,1,1,1
216,4,0,1081,91,62,1,1,1,1
217,0,2475,1076,85,31,1,1,1,1
217,1,1180,1079,251,52,1,1,1,1
217,2,2354,1084,34,23,1,1,1,1
217,3,2524,1062,36,30,1,1,1,1
217,4,0,1078,103,65,1,1,1,1
218,0,2478,1076,83,31,1,1,1,1
218,1,1172,1079,252,52,1,1,1,1
218,2,2359,1084,34,23,1,1,1,1
218,3,2522,1062,38,30,1,1,1,1
218,4,0,1078,114,65,1,1,1,1
219,0,2481,1076,80,31,1,1,1,1
219,1,1162,1079,256,52,1,1,1,1
219,2,2364,1084,34,23,1,1,1,1
219,3,2520,1062,40,30,1,1,1,1
219,4,0,1078,126,66,1,1,1,1
220,0,2484,1076,78,31,1,1,1,1
220,1,1151,1079,260,52,1,1,1,1
220,2,2369,1084,34,23,1,1,1,1
220,3,2518,1062,42,30,1,1,1,1
220,4,0,1078,137,66,1,1,1,1
221,0,2487,1076,75,31,1,1,1,1
221,1,1143,1079,261,52,1,1,1,1
221,2,2374,1084,34,23,1,1,1,1
221,3,2516,1062,44,30,1,1,1,1
221,4,0,1078,149,66,1,1,1,1
222,0,2489,1077,73,30,1,1,1,1
222,1,1134,1079,262,52,1,1,1,1
222,2,2379,1083,33,22,1,1,1,1
222,3,2514,1063,46,30,1,1,1,1
222,4,0,1078,160,66,1,1,1,1
223,0,2492,1077,70,30,1,1,1,1
223,1,1126,1079,263,52,1,1,1,1
223,2,2384,1083,33,22,1,1,1,1
223,3,2511,1063,49,30,1,1,1,1
223,4,0,1078,172,67,1,1,1,1
224,0,2495,1077,68,30,1,1,1,1
224,1,1117,1079,263,53,1,1,1,1
224,2,2389,1083,33,22,1,1,1,1
224,3,2509,1063,51,30,1,1,1,1
224,4,0,1079,183,67,1,1,1,1
225,0,2498,1077,65,30,1,1,1,1
225,1,1109,1079,264,53,1,1,1,1
225,2,2394,1083,33,22,1,1,1,1
225,3,2507,1063,53,30,1,1,1,1
225,4,0,1079,194,67,1,1,1,1
226,0,2501,1077,63,30,1,1,1,1
226,1,1100,1079,265,53,1,1,1,1
226,2,2399,1083,33,22,1,1,1,1
226,3,2505,1064,55,30,1,1,1,1
226,4,0,1079,206,68,1,1,1,1
227,0,2503,1077,60,30,1,1,1,1
227,1,1092,1079,266,53,1,1,1,1
227,2,2404,1083,33,22,1,1,1,1
227,3,2503,1064,58,30,1,1,1,1
227,4,0,1079,217,68,1,1,1,1
228,0,2506,1077,58,30,1,1,1,1
228,1,1083,1079,267,53,1,1,1,1
228,2,2408,1083,33,22,1,1,1,1
228,3,2500,1064,60,29,1,1,1,1
228,4,0,1079,229,68,1,1,1,1
229,0,2509,1077,55,30,1,1,1,1
229,1,1075,1079,268,53,1,1,1,1
229,2,2413,1083,33,22,1,1,1,1
229,3,2498,1065,62,29,1,1,1,1
229,4,0,1079,240,68,1,1,1,1
230,0,2512,1077,51,30,1,1,1,1
230,1,1066,1079,269,53,1,1,1,1
230,2,2418,1082,32,21,1,1,1,1
230,3,2496,1065,64,29,1,1,1,1
230,4,0,1079,252,69,1,1,1,1
231,0,2515,1077,48,30,1,1,1,1
231,1,1058,1079,270,53,1,1,1,1
231,2,2423,1082,32,21,1,1,1,1
231,3,2494,1065,66,29,1,1,1,1
231,4,0,1079,263,69,1,1,1,1
232,0,2517,1077,44,30,1,1,1,1
232,1,1049,1079,270,54,1,1,1,1
232,2,2428,1082,32,21,1,1,1,1
232,3,2491,1065,69,29,1,1,1,1
232,4,0,1079,274,69,1,1,1,1
233,0,2520,1077,41,30,1,1,1,1
233,1,1041,1079,271,54,1,1,1,1
233,2,2433,1082,32,21,1,1,1,1
233,3,2489,1066,71,29,1,1,1,1
233,4,0,1080,285,68,1,1,1,1
234,0,2523,1077,37,30,1,1,1,1
234,1,1032,1079,272,54,1,1,1,1
234,2,2438,1082,32,21,1,1,1,1
234,3,2487,1066,73,29,1,1,1,1
234,4,0,1080,296,68,1,1,1,1
235,0,2526,1077,34,30,1,1,1,1
235,1,1024,1079,273,54,1,1,1,1
235,2,2442,1081,32,22,1,1,1,1
235,3,2484,1065,76,30,1,1,1,1
235,4,0,1080,307,67,1,1,1,1
236,0,2529,1077,31,29,1,1,1,1
236,1,1015,1079,274,54,1,1,1,1
236,2,2447,1081,32,22,1,1,1,1
236,3,2481,1065,79,30,1,1,1,1
236,4,0,1081,319,67,1,1,1,1
237,0,2532,1077,28,29,1,1,1,1
237,1,1007,1079,275,54,1,1,1,1
237,2,2452,1081,32,22,1,1,1,1
237,3,2479,1064,81,31,1,1,1,1
237,4,0,1081,330,66,1,1,1,1
238,0,2535,1078,25,28,1,1,1,1
238,1,998,1079,276,54,1,1,1,1
238,2,2456,1080,31,22,1,1,1,1
238,3,2476,1064,84,32,1,1,1,1
238,4,0,1081,341,66,1,1,1,1
239,0,2538,1078,22,28,1,1,1,1
239,1,990,1079,277,54,1,1,1,1
239,2,2461,1080,31,23,1,1,1,1
239,3,2473,1063,87,32,1,1,1,1
239,4,0,1082,352,65,1,1,1,1
240,0,2541,1078,19,27,1,1,1,1
240,1,981,1079,277,55,1,1,1,1
240,2,2465,1079,31,23,1,1,1,1
240,3,2470,1063,90,33,1,1,1,1
240,4,0,1082,363,65,1,1,1,1
241,0,2544,1078,16,27,1,1,1,1
241,1,973,1079,278,55,1,1,1,1
241,2,2470,1079,31,23,1,1,1,1
241,3,2468,1062,92,34,1,1,1,1
241,4,8,1082,365,64,1,1,1,1
242,0,2547,1076,13,29,1,1,1,1
242,1,964,1079,279,55,1,1,1,1
242,2,2474,1079,31,23,1,1,1,1
242,3,2465,1062,95,34,1,1,1,1
242,4,18,1082,366,64,1,1,1,1
243,1,956,1079,280,55,1,1,1,1
243,2,2478,1079,31,23,1,1,1,1
243,3,2462,1061,98,35,1,1,1,1
243,4,30,1082,365,64,1,1,1,1
244,1,947,1079,281,55,1,1,1,1
244,2,2482,1079,32,22,1,1,1,1
244,3,2461,1061,99,34,1,1,1,1
244,4,42,1083,365,63,1,1,1,1
245,1,938,1079,281,55,1,1,1,1
245,2,2486,1079,32,22,1,1,1,1
245,3,2458,1061,100,34,1,1,1,1
245,4,53,1083,364,63,1,1,1,1
246,1,929,1079,282,56,1,1,1,1
246,2,2490,1079,32,22,1,1,1,1
246,3,2456,1061,101,34,1,1,1,1
246,4,65,1083,363,62,1,1,1,1
247,1,919,1079,283,56,1,1,1,1
247,2,2494,1079,32,22,1,1,1,1
247,3,2453,1061,102,34,1,1,1,1
247,4,77,1084,363,62,1,1,1,1
248,1,910,1079,283,56,1,1,1,1
248,2,2499,1079,31,22,1,1,1,1
248,3,2450,1061,102,34,1,1,1,1
248,4,88,1084,362,61,1,1,1,1
249,1,901,1079,284,56,1,1,1,1
249,2,2503,1079,31,22,1,1,1,1
249,3,2447,1061,103,34,1,1,1,1
249,4,99,1084,361,61,1,1,1,1
250,1,892,1079,285,56,1,1,1,1
250,2,2507,1079,30,21,1,1,1,1
250,3,2445,1061,104,34,1,1,1,1
250,4,111,1084,360,61,1,1,1,1
251,1,883,1079,285,56,1,1,1,1
251,2,2512,1079,30,21,1,1,1,1
251,3,2442,1062,105,35,1,1,1,1
251,4,122,1085,358,61,1,1,1,1
252,1,874,1079,286,57,1,1,1,1
252,2,2516,1079,29,21,1,1,1,1
252,3,2439,1062,106,35,1,1,1,1
252,4,133,1085,357,62,1,1,1,1
253,1,864,1079,287,57,1,1,1,1
253,2,2520,1079,29,21,1,1,1,1
253,3,2437,1062,107,35,1,1,1,1
253,4,145,1085,356,62,1,1,1,1
254,1,855,1079,287,57,1,1,1,1
254,2,2524,1079,29,21,1,1,1,1
254,3,2434,1062,108,35,1,1,1,1
254,4,156,1085,355,62,1,1,1,1
255,1,846,1079,288,57,1,1,1,1
255,2,2528,1079,28,21,1,1,1,1
255,3,2431,1062,108,35,1,1,1,1
255,4,167,1085,354,62,1,1,1,1
256,1,836,1079,289,57,1,1,1,1
256,2,2532,1079,28,21,1,1,1,1
256,3,2428,1062,109,35,1,1,1,1
256,4,179,1086,353,62,1,1,1,1
257,1,826,1079,291,57,1,1,1,1
257,2,2536,1078,24,21,1,1,1,1
257,3,2426,1062,110,35,1,1,1,1
257,4,190,1086,351,62,1,1,1,1
258,1,816,1079,292,57,1,1,1,1
258,2,2540,1077,20,20,1,1,1,1
258,3,2423,1062,111,35,1,1,1,1
258,4,201,1086,350,62,1,1,1,1
259,1,807,1079,294,58,1,1,1,1
259,2,2544,1077,16,21,1,1,1,1
259,3,2420,1062,111,35,1,1,1,1
259,4,212,1086,349,62,1,1,1,1
260,1,797,1079,295,58,1,1,1,1
260,2,2548,1078,12,20,1,1,1,1
260,3,2418,1062,111,35,1,1,1,1
260,4,224,1086,348,63,1,1,1,1
261,1,787,1079,297,58,1,1,1,1
261,3,2415,1062,112,35,1,1,1,1
261,4,235,1086,347,63,1,1,1,1
262,1,777,1079,298,58,1,1,1,1
262,3,2412,1062,112,35,1,1,1,1
262,4,246,1087,345,63,1,1,1,1
263,1,767,1078,299,58,1,1,1,1
263,3,2410,1062,112,35,1,1,1,1
263,4,258,1087,344,63,1,1,1,1
264,1,757,1078,301,58,1,1,1,1
264,3,2407,1062,112,36,1,1,1,1
264,4,269,1087,343,63,1,1,1,1
265,1,747,1078,302,58,1,1,1,1
265,3,2404,1062,112,36,1,1,1,1
265,4,279,1087,342,63,1,1,1,1
266,1,738,1078,304,59,1,1,1,1
266,3,2402,1062,112,36,1,1,1,1
266,4,290,1087,341,63,1,1,1,1
267,1,728,1078,305,59,1,1,1,1
267,3,2399,1062,113,36,1,1,1,1
267,4,300,1086,340,64,1,1,1,1
268,1,718,1078,307,59,1,1,1,1
268,3,2396,1062,113,36,1,1,1,1
268,4,311,1086,338,64,1,1,1,1
269,1,708,1078,308,59,1,1,1,1
269,3,2393,1062,113,36,1,1,1,1
269,4,321,1086,337,64,1,1,1,1
270,1,697,1078,309,59,1,1,1,1
270,3,2391,1062,113,36,1,1,1,1
270,4,331,1086,336,64,1,1,1,1
271,1,687,1078,310,59,1,1,1,1
271,3,2388,1062,113,36,1,1,1,1
271,4,342,1085,335,64,1,1,1,1
272,1,676,1078,311,59,1,1,1,1
272,3,2385,1062,113,36,1,1,1,1
272,4,352,1085,334,65,1,1,1,1
273,1,665,1078,312,59,1,1,1,1
273,3,2383,1062,114,36,1,1,1,1
273,4,363,1085,333,65,1,1,1,1
274,1,655,1077,313,59,1,1,1,1
274,3,2380,1062,114,37,1,1,1,1
274,4,373,1085,331,65,1,1,1,1
275,1,644,1077,314,60,1,1,1,1
275,3,2377,1062,114,37,1,1,1,1
275,4,383,1084,330,65,1,1,1,1
276,1,633,1077,315,60,1,1,1,1
276,3,2375,1062,114,37,1,1,1,1
276,4,394,1084,329,65,1,1,1,1
277,1,623,1077,316,60,1,1,1,1
277,3,2372,1062,114,37,1,1,1,1
277,4,404,1084,328,65,1,1,1,1
278,1,612,1077,317,60,1,1,1,1
278,3,2369,1062,114,37,1,1,1,1
278,4,415,1084,327,66,1,1,1,1
279,1,601,1077,318,60,1,1,1,1
279,3,2367,1063,115,37,1,1,1,1
279,4,425,1083,326,66,1,1,1,1
280,1,591,1077,319,60,1,1,1,1
280,3,2364,1063,115,37,1,1,1,1
280,4,436,1083,325,66,1,1,1,1
281,1,580,1077,320,60,1,1,1,1
281,3,2361,1063,115,37,1,1,1,1
281,4,446,1083,323,66,1,1,1,1
282,1,569,1076,321,60,1,1,1,1
282,3,2359,1063,115,37,1,1,1,1
282,4,456,1083,322,66,1,1,1,1
283,1,559,1076,322,60,1,1,1,1
283,3,2356,1063,115,37,1,1,1,1
283,4,467,1082,321,67,1,1,1,1
284,1,548,1076,323,60,1,1,1,1
284,3,2353,1063,115,38,1,1,1,1
284,4,477,1082,320,67,1,1,1,1
285,1,537,1076,324,60,1,1,1,1
285,3,2351,1063,116,38,1,1,1,1
285,4,488,1082,319,67,1,1,1,1
286,1,527,1076,325,61,1,1,1,1
286,3,2348,1063,116,38,1,1,1,1
286,4,498,1082,318,67,1,1,1,1
287,1,516,1076,326,61,1,1,1,1
287,3,2345,1063,116,38,1,1,1,1
287,4,508,1081,316,67,1,1,1,1
288,1,505,1076,327,61,1,1,1,1
288,3,2343,1063,116,38,1,1,1,1
288,4,519,1081,315,68,1,1,1,1
289,1,494,1076,328,61,1,1,1,1
289,3,2340,1063,116,38,1,1,1,1
289,4,529,1081,314,68,1,1,1,1
290,1,484,1076,329,61,1,1,1,1
290,3,2337,1063,116,38,1,1,1,1
290,4,540,1081,313,68,1,1,1,1
291,1,473,1075,330,61,1,1,1,1
291,3,2334,1063,117,38,1,1,1,1
291,4,550,1080,312,68,1,1,1,1
292,1,462,1075,331,61,1,1,1,1
292,3,2332,1063,117,38,1,1,1,1
292,4,560,1080,311,68,1,1,1,1
293,1,452,1075,332,61,1,1,1,1
293,3,2329,1063,117,38,1,1,1,1
293,4,571,1080,309,68,1,1,1,1
294,1,441,1075,333,61,1,1,1,1
294,3,2326,1063,117,39,1,1,1,1
294,4,581,1080,308,69,1,1,1,1
295,1,430,1075,334,61,1,1,1,1
295,3,2324,1063,117,39,1,1,1,1
295,4,592,1079,307,69,1,1,1,1
296,1,420,1075,335,61,1,1,1,1
296,3,2321,1063,117,39,1,1,1,1
296,4,602,1079,306,69,1,1,1,1
297,1,409,1075,336,61,1,1,1,1
297,3,2318,1063,118,39,1,1,1,1
297,4,611,1080,305,68,1,1,1,1
298,1,398,1075,337,62,1,1,1,1
298,3,2316,1063,118,39,1,1,1,1
298,4,621,1081,305,68,1,1,1,1
299,1,388,1074,338,62,1,1,1,1
299,3,2313,1063,118,39,1,1,1,1
299,4,630,1082,304,67,1,1,1,1
300,1,377,1074,339,62,1,1,1,1
300,3,2310,1063,119,39,1,1,1,1
300,4,639,1082,303,67,1,1,1,1
301,1,366,1074,340,62,1,1,1,1
301,3,2307,1063,119,39,1,1,1,1
301,4,649,1083,303,66,1,1,1,1
302,1,356,1074,341,62,1,1,1,1
302,3,2304,1063,120,39,1,1,1,1
302,4,658,1084,302,66,1,1,1,1
303,1,345,1074,342,62,1,1,1,1
303,3,2301,1063,120,39,1,1,1,1
303,4,667,1085,301,65,1,1,1,1
304,1,333,1074,343,62,1,1,1,1
304,3,2297,1063,121,39,1,1,1,1
304,4,677,1086,301,64,1,1,1,1
305,1,322,1074,343,62,1,1,1,1
305,3,2294,1063,121,40,1,1,1,1
305,4,686,1087,300,64,1,1,1,1
306,1,310,1074,344,62,1,1,1,1
306,3,2291,1063,122,40,1,1,1,1
306,4,695,1087,299,63,1,1,1,1
307,1,298,1073,345,62,1,1,1,1
307,3,2288,1063,122,40,1,1,1,1
307,4,705,1088,299,63,1,1,1,1
308,1,287,1073,345,62,1,1,1,1
308,3,2285,1063,123,40,1,1,1,1
308,4,714,1089,298,62,1,1,1,1
309,1,275,1073,346,62,1,1,1,1
309,3,2282,1063,123,40,1,1,1,1
309,4,723,1089,297,61,1,1,1,1
310,1,263,1073,347,62,1,1,1,1
310,3,2279,1063,124,40,1,1,1,1
310,4,733,1089,296,60,1,1,1,1
311,1,251,1073,347,62,1,1,1,1
311,3,2276,1064,124,40,1,1,1,1
311,4,742,1089,295,59,1,1,1,1
312,1,240,1073,348,62,1,1,1,1
312,3,2272,1064,125,40,1,1,1,1
312,4,752,1089,294,58,1,1,1,1
313,1,228,1073,349,62,1,1,1,1
313,3,2269,1064,125,40,1,1,1,1
313,4,761,1089,293,57,1,1,1,1
314,1,216,1072,349,62,1,1,1,1
314,3,2266,1064,126,40,1,1,1,1
314,4,770,1089,292,57,1,1,1,1
315,1,205,1072,350,62,1,1,1,1
315,3,2263,1064,126,40,1,1,1,1
315,4,778,1089,291,57,1,1,1,1
316,1,193,1072,350,62,1,1,1,1
316,3,2260,1064,127,40,1,1,1,1
316,4,787,1089,290,57,1,1,1,1
317,1,181,1072,351,62,1,1,1,1
317,3,2257,1064,127,41,1,1,1,1
317,4,796,1089,289,56,1,1,1,1
318,1,170,1072,352,62,1,1,1,1
318,3,2254,1064,128,41,1,1,1,1
318,4,804,1090,288,56,1,1,1,1
319,1,158,1072,352,62,1,1,1,1
319,3,2251,1064,128,41,1,1,1,1
319,4,813,1090,287,56,1,1,1,1
320,1,146,1071,353,62,1,1,1,1
320,3,2247,1064,129,41,1,1,1,1
320,4,822,1090,286,56,1,1,1,1
321,1,134,1071,354,62,1,1,1,1
321,3,2244,1064,129,41,1,1,1,1
321,4,830,1090,285,56,1,1,1,1
322,1,123,1071,354,62,1,1,1,1
322,3,2241,1064,130,41,1,1,1,1
322,4,839,1090,284,56,1,1,1,1
323,1,111,1071,355,62,1,1,1,1
323,3,2238,1064,130,41,1,1,1,1
323,4,848,1090,283,56,1,1,1,1
324,1,99,1071,356,62,1,1,1,1
324,3,2235,1064,131,41,1,1,1,1
324,4,856,1090,282,55,1,1,1,1
325,1,86,1071,357,62,1,1,1,1
325,3,2231,1064,131,41,1,1,1,1
325,4,865,1090,281,55,1,1,1,1
326,1,74,1071,359,62,1,1,1,1
326,3,2228,1064,132,41,1,1,1,1
326,4,874,1090,280,55,1,1,1,1
327,1,62,1071,360,62,1,1,1,1
327,3,2224,1064,132,41,1,1,1,1
327,4,882,1091,278,55,1,1,1,1
328,1,49,1070,361,62,1,1,1,1
328,3,2221,1064,133,42,1,1,1,1
328,4,891,1091,277,55,1,1,1,1
329,1,37,1070,362,62,1,1,1,1
329,3,2217,1064,133,42,1,1,1,1
329,4,900,1091,276,55,1,1,1,1
330,1,25,1070,364,62,1,1,1,1
330,3,2214,1064,134,42,1,1,1,1
330,4,908,1091,275,54,1,1,1,1
331,1,12,1070,365,62,1,1,1,1
331,3,2210,1064,134,42,1,1,1,1
331,4,917,1091,274,54,1,1,1,1
332,1,0,1070,366,62,1,1,1,1
332,3,2207,1064,135,42,1,1,1,1
332,4,926,1091,273,54,1,1,1,1
333,1,0,1070,354,62,1,1,1,1
333,3,2204,1064,136,42,1,1,1,1
333,4,934,1091,272,54,1,1,1,1
334,1,0,1069,342,62,1,1,1,1
334,3,2200,1064,136,42,1,1,1,1
334,4,943,1091,271,54,1,1,1,1
335,1,0,1069,331,63,1,1,1,1
335,3,2197,1064,137,42,1,1,1,1
335,4,952,1091,270,54,1,1,1,1
336,1,0,1068,319,63,1,1,1,1
336,3,2193,1064,137,42,1,1,1,1
336,4,960,1092,269,54,1,1,1,1
337,1,0,1068,307,63,1,1,1,1
337,3,2190,1064,138,43,1,1,1,1
337,4,969,1092,268,53,1,1,1,1
338,1,0,1067,295,63,1,1,1,1
338,3,2186,1064,138,43,1,1,1,1
338,4,978,1092,267,53,1,1,1,1
339,1,0,1067,283,63,1,1,1,1
339,3,2183,1064,139,43,1,1,1,1
339,4,986,1092,266,53,1,1,1,1
340,1,0,1067,271,63,1,1,1,1
340,3,2179,1064,139,43,1,1,1,1
340,4,995,1092,265,53,1,1,1,1
341,1,0,1067,259,63,1,1,1,1
341,3,2176,1064,140,43,1,1,1,1
341,4,1003,1092,264,53,1,1,1,1
342,1,0,1067,248,63,1,1,1,1
342,3,2172,1064,140,43,1,1,1,1
342,4,1011,1092,263,53,1,1,1,1
343,1,0,1067,236,62,1,1,1,1
343,3,2169,1064,141,43,1,1,1,1
343,4,1019,1092,262,53,1,1,1,1
344,1,0,1067,224,62,1,1,1,1
344,3,2165,1064,141,43,1,1,1,1
344,4,1027,1092,261,54,1,1,1,1
345,1,0,1067,212,62,1,1,1,1
345,3,2161,1064,142,43,1,1,1,1
345,4,1035,1092,260,54,1,1,1,1
345,5,2548,1072,12,20,1,1,1,1
346,1,0,1067,200,62,1,1,1,1
346,3,2158,1065,142,43,1,1,1,1
346,4,1043,1092,259,54,1,1,1,1
346,5,2547,1071,13,23,1,1,1,1
347,1,0,1067,188,62,1,1,1,1
347,3,2154,1065,143,43,1,1,1,1
347,4,1051,1092,258,54,1,1,1,1
347,5,2545,1071,15,23,1,1,1,1
348,1,0,1067,176,62,1,1,1,1
348,3,2150,1065,143,43,1,1,1,1
348,4,1059,1091,257,54,1,1,1,1
348,5,2542,1071,18,23,1,1,1,1
349,1,0,1067,164,62,1,1,1,1
349,3,2147,1065,144,43,1,1,1,1
349,4,1067,1091,256,54,1,1,1,1
349,5,2540,1071,20,23,1,1,1,1
350,1,0,1067,153,62,1,1,1,1
350,3,2143,1065,144,43,1,1,1,1
350,4,1075,1091,255,54,1,1,1,1
350,5,2538,1071,23,23,1,1,1,1
351,1,0,1067,141,61,1,1,1,1
351,3,2139,1065,145,43,1,1,1,1
351,4,1083,1091,254,54,1,1,1,1
351,5,2535,1071,25,23,1,1,1,1
352,1,0,1067,129,61,1,1,1,1
352,3,2136,1065,145,43,1,1,1,1
352,4,1091,1091,253,55,1,1,1,1
352,5,2533,1071,27,23,1,1,1,1
353,1,0,1067,117,61,1,1,1,1
353,3,2132,1065,146,43,1,1,1,1
353,4,1099,1091,252,55,1,1,1,1
353,5,2530,1071,30,23,1,1,1,1
354,1,0,1067,105,61,1,1,1,1
354,3,2128,1065,146,43,1,1,1,1
354,4,1107,1091,251,55,1,1,1,1
354,5,2528,1071,32,23,1,1,1,1
355,1,0,1068,92,60,1,1,1,1
355,3,2125,1065,147,43,1,1,1,1
355,4,1115,1091,250,55,1,1,1,1
355,5,2526,1071,34,23,1,1,1,1
356,1,0,1068,78,59,1,1,1,1
356,3,2121,1066,147,44,1,1,1,1
356,4,1122,1091,249,55,1,1,1,1
356,5,2523,1071,37,23,1,1,1,1
357,1,0,1069,65,59,1,1,1,1
357,3,2117,1066,147,44,1,1,1,1
357,4,1129,1091,249,55,1,1,1,1
357,5,2521,1071,39,23,1,1,1,1
358,1,0,1069,51,58,1,1,1,1
358,3,2114,1066,148,44,1,1,1,1
358,4,1136,1091,248,55,1,1,1,1
358,5,2519,1071,42,23,1,1,1,1
359,1,0,1070,38,57,1,1,1,1
359,3,2110,1066,148,44,1,1,1,1
359,4,1143,1091,247,55,1,1,1,1
359,5,2516,1071,44,23,1,1,1,1
360,1,0,1073,24,53,1,1,1,1
360,3,2106,1066,149,44,1,1,1,1
360,4,1151,1091,247,54,1,1,1,1
360,5,2514,1071,46,23,1,1,1,1
361,3,2103,1066,149,44,1,1,1,1
361,4,1158,1091,246,54,1,1,1,1
361,5,2511,1071,49,23,1,1,1,1
362,3,2099,1066,150,44,1,1,1,1
362,4,1165,1091,245,54,1,1,1,1
362,5,2509,1071,51,23,1,1,1,1
363,3,2095,1066,150,44,1,1,1,1
363,4,1172,1091,245,54,1,1,1,1
363,5,2507,1071,52,23,1,1,1,1
364,3,2092,1066,151,44,1,1,1,1
364,4,1179,1091,244,54,1,1,1,1
364,5,2504,1071,54,23,1,1,1,1
365,3,2088,1066,151,44,1,1,1,1
365,4,1186,1090,243,54,1,1,1,1
365,5,2502,1071,55,22,1,1,1,1
366,3,2084,1067,152,44,1,1,1,1
366,4,1193,1090,242,54,1,1,1,1
366,5,2499,1072,56,22,1,1,1,1
367,3,2081,1067,152,44,1,1,1,1
367,4,1200,1090,242,54,1,1,1,1
367,5,2497,1072,57,22,1,1,1,1
368,3,2077,1067,153,44,1,1,1,1
368,4,1207,1090,241,54,1,1,1,1
368,5,2494,1072,59,22,1,1,1,1
369,3,2073,1067,153,44,1,1,1,1
369,4,1214,1090,240,54,1,1,1,1
369,5,2492,1072,60,21,1,1,1,1
370,3,2070,1067,154,44,1,1,1,1
370,4,1222,1090,240,53,1,1,1,1
370,5,2489,1072,61,21,1,1,1,1
371,3,2066,1067,154,44,1,1,1,1
371,4,1229,1090,239,53,1,1,1,1
371,5,2487,1072,61,21,1,1,1,1
372,3,2062,1067,155,44,1,1,1,1
372,4,1236,1090,238,53,1,1,1,1
372,5,2484,1072,61,21,1,1,1,1
373,3,2057,1067,155,44,1,1,1,1
373,4,1243,1090,238,53,1,1,1,1
373,5,2482,1073,62,21,1,1,1,1
374,3,2053,1067,156,44,1,1,1,1
374,4,1250,1090,237,53,1,1,1,1
374,5,2479,1073,62,20,1,1,1,1
375,3,2049,1067,157,44,1,1,1,1
375,4,1258,1090,236,53,1,1,1,1
375,5,2477,1073,62,20,1,1,1,1
376,3,2045,1067,158,44,1,1,1,1
376,4,1265,1090,234,53,1,1,1,1
376,5,2474,1073,62,20,1,1,1,1
377,3,2040,1067,158,44,1,1,1,1
377,4,1273,1090,233,52,1,1,1,1
377,5,2471,1073,62,20,1,1,1,1
378,3,2036,1067,159,44,1,1,1,1
378,4,1280,1090,231,52,1,1,1,1
378,5,2469,1073,62,20,1,1,1,1
378,6,0,1115,26,26,1,1,1,1
379,3,2032,1068,160,44,1,1,1,1
379,4,1288,1090,230,52,1,1,1,1
379,5,2466,1073,63,20,1,1,1,1
379,6,0,1116,37,25,1,1,1,1
380,3,2027,1068,160,44,1,1,1,1
380,4,1295,1090,229,52,1,1,1,1
380,5,2463,1073,63,20,1,1,1,1
380,6,0,1114,49,29,1,1,1,1
381,3,2023,1068,161,44,1,1,1,1
381,4,1303,1090,227,52,1,1,1,1
381,5,2461,1073,63,20,1,1,1,1
381,6,0,1095,60,48,1,1,1,1
382,3,2019,1068,162,44,1,1,1,1
382,4,1310,1090,226,51,1,1,1,1
382,5,2458,1073,63,20,1,1,1,1
382,6,0,1092,71,51,1,1,1,1
383,3,2014,1068,162,44,1,1,1,1
383,4,1318,1090,224,51,1,1,1,1
383,5,2455,1074,63,20,1,1,1,1
383,6,0,1092,83,51,1,1,1,1
384,3,2010,1068,163,44,1,1,1,1
384,4,1325,1090,223,51,1,1,1,1
384,5,2453,1074,64,20,1,1,1,1
384,6,0,1092,94,51,1,1,1,1
385,3,2006,1068,164,44,1,1,1,1
385,4,1331,1090,223,51,1,1,1,1
385,5,2450,1074,64,20,1,1,1,1
385,6,0,1090,105,54,1,1,1,1
386,3,2002,1068,165,45,1,1,1,1
386,4,1338,1089,222,51,1,1,1,1
386,5,2447,1074,64,21,1,1,1,1
386,6,0,1087,116,56,1,1,1,1
387,3,1997,1068,165,45,1,1,1,1
387,4,1344,1089,222,51,1,1,1,1
387,5,2445,1074,64,21,1,1,1,1
387,6,0,1085,128,59,1,1,1,1
388,3,1993,1068,166,45,1,1,1,1
388,4,1351,1089,221,51,1,1,1,1
388,5,2442,1074,65,21,1,1,1,1
388,6,0,1083,139,61,1,1,1,1
389,3,1989,1068,167,45,1,1,1,1
389,4,1357,1089,221,52,1,1,1,1
389,5,2439,1074,65,21,1,1,1,1
389,6,0,1080,150,64,1,1,1,1
390,3,1984,1068,167,45,1,1,1,1
390,4,1364,1088,220,52,1,1,1,1
390,5,2437,1074,65,21,1,1,1,1
390,6,0,1078,161,66,1,1,1,1
391,3,1980,1068,168,45,1,1,1,1
391,4,1370,1088,220,52,1,1,1,1
391,5,2434,1074,65,21,1,1,1,1
391,6,0,1078,172,66,1,1,1,1
392,3,1976,1068,169,45,1,1,1,1
392,4,1377,1088,219,52,1,1,1,1
392,5,2431,1074,65,21,1,1,1,1
392,6,0,1078,183,66,1,1,1,1
393,3,1971,1068,169,45,1,1,1,1
393,4,1383,1088,219,52,1,1,1,1
393,5,2429,1074,66,21,1,1,1,1
393,6,0,1079,194,66,1,1,1,1
394,3,1967,1069,170,45,1,1,1,1
394,4,1389,1087,219,52,1,1,1,1
394,5,2426,1074,66,21,1,1,1,1
394,6,0,1079,205,66,1,1,1,1
395,3,1963,1069,171,45,1,1,1,1
395,4,1396,1087,218,52,1,1,1,1
395,5,2424,1075,66,21,1,1,1,1
395,6,0,1079,216,66,1,1,1,1
396,3,1959,1069,172,45,1,1,1,1
396,4,1402,1087,218,52,1,1,1,1
396,5,2421,1075,66,21,1,1,1,1
396,6,0,1079,227,66,1,1,1,1
397,3,1954,1069,172,45,1,1,1,1
397,4,1409,1086,217,52,1,1,1,1
397,5,2418,1075,66,21,1,1,1,1
397,6,0,1079,238,66,1,1,1,1
398,3,1950,1069,173,45,1,1,1,1
398,4,1415,1086,217,53,1,1,1,1
398,5,2416,1075,67,21,1,1,1,1
398,6,0,1079,249,66,1,1,1,1
399,3,1946,1069,174,45,1,1,1,1
399,4,1422,1086,216,53,1,1,1,1
399,5,2413,1075,67,21,1,1,1,1
399,6,0,1080,260,66,1,1,1,1
400,3,1941,1069,174,45,1,1,1,1
400,4,1428,1086,216,53,1,1,1,1
400,5,2410,1075,67,21,1,1,1,1
400,6,0,1080,271,66,1,1,1,1
401,3,1937,1069,175,45,1,1,1,1
401,4,1435,1085,215,53,1,1,1,1
401,5,2408,1075,67,21,1,1,1,1
401,6,0,1080,282,66,1,1,1,1
402,3,1932,1069,176,45,1,1,1,1
402,4,1441,1085,215,53,1,1,1,1
402,5,2405,1075,67,21,1,1,1,1
402,6,0,1080,293,66,1,1,1,1
403,3,1927,1069,176,45,1,1,1,1
403,4,1447,1085,215,53,1,1,1,1
403,5,2402,1075,68,21,1,1,1,1
403,6,0,1080,304,66,1,1,1,1
404,3,1922,1069,177,45,1,1,1,1
404,4,1453,1085,214,53,1,1,1,1
404,5,2400,1075,68,21,1,1,1,1
404,6,1,1081,314,66,1,1,1,1
405,3,1917,1069,178,45,1,1,1,1
405,4,1459,1085,214,53,1,1,1,1
405,5,2397,1075,68,22,1,1,1,1
405,6,1,1081,325,65,1,1,1,1
406,3,1912,1069,178,45,1,1,1,1
406,4,1465,1085,213,53,1,1,1,1
406,5,2394,1075,68,22,1,1,1,1
406,6,1,1081,335,65,1,1,1,1
407,3,1907,1069,179,45,1,1,1,1
407,4,1471,1085,213,52,1,1,1,1
407,5,2392,1075,69,22,1,1,1,1
407,6,2,1081,344,65,1,1,1,1
408,3,1903,1070,180,45,1,1,1,1
408,4,1477,1085,212,52,1,1,1,1
408,5,2389,1076,69,22,1,1,1,1
408,6,10,1081,347,65,1,1,1,1
409,3,1898,1070,181,45,1,1,1,1
409,4,1483,1085,212,52,1,1,1,1
409,5,2386,1076,69,22,1,1,1,1
409,6,18,1081,349,65,1,1,1,1
410,3,1893,1070,181,45,1,1,1,1
410,4,1489,1085,211,52,1,1,1,1
410,5,2384,1076,69,22,1,1,1,1
410,6,30,1081,348,65,1,1,1,1
411,3,1888,1070,182,45,1,1,1,1
411,4,1495,1085,211,52,1,1,1,1
411,5,2381,1076,69,22,1,1,1,1
411,6,42,1082,346,65,1,1,1,1
412,3,1883,1070,183,45,1,1,1,1
412,4,1501,1085,210,52,1,1,1,1
412,5,2378,1076,70,22,1,1,1,1
412,6,54,1082,345,65,1,1,1,1
413,3,1878,1070,183,45,1,1,1,1
413,4,1507,1085,210,52,1,1,1,1
413,5,2376,1076,70,22,1,1,1,1
413,6,65,1082,344,65,1,1,1,1
414,3,1873,1070,184,46,1,1,1,1
414,4,1513,1085,209,52,1,1,1,1
414,5,2373,1076,70,22,1,1,1,1
414,6,76,1082,344,65,1,1,1,1
415,3,1868,1070,185,46,1,1,1,1
415,4,1519,1085,209,51,1,1,1,1
415,5,2370,1076,70,22,1,1,1,1
415,6,87,1082,343,65,1,1,1,1
416,3,1863,1070,185,46,1,1,1,1
416,4,1525,1085,208,51,1,1,1,1
416,5,2367,1076,70,22,1,1,1,1
416,6,99,1083,342,64,1,1,1,1
417,3,1858,1070,186,46,1,1,1,1
417,4,1531,1085,208,51,1,1,1,1
417,5,2364,1076,71,22,1,1,1,1
417,6,110,1083,341,64,1,1,1,1
418,3,1853,1070,187,46,1,1,1,1
418,4,1537,1085,208,51,1,1,1,1
418,5,2361,1076,71,22,1,1,1,1
418,6,121,1083,341,64,1,1,1,1
419,3,1848,1070,187,46,1,1,1,1
419,4,1542,1085,207,51,1,1,1,1
419,5,2358,1076,71,22,1,1,1,1
419,6,132,1083,340,64,1,1,1,1
420,3,1843,1070,188,46,1,1,1,1
420,4,1548,1085,207,51,1,1,1,1
420,5,2355,1077,71,22,1,1,1,1
420,6,143,1083,339,64,1,1,1,1
421,3,1839,1071,189,46,1,1,1,1
421,4,1554,1085,206,51,1,1,1,1
421,5,2352,1077,71,22,1,1,1,1
421,6,153,1083,338,64,1,1,1,1
422,3,1834,1071,190,46,1,1,1,1
422,4,1560,1085,206,51,1,1,1,1
422,5,2349,1077,71,22,1,1,1,1
422,6,164,1084,337,64,1,1,1,1
423,3,1829,1071,190,46,1,1,1,1
423,4,1566,1085,205,50,1,1,1,1
423,5,2346,1077,72,22,1,1,1,1
423,6,174,1084,336,64,1,1,1,1
424,3,1824,1071,191,46,1,1,1,1
424,4,1572,1085,205,50,1,1,1,1
424,5,2343,1077,72,22,1,1,1,1
424,6,185,1084,335,64,1,1,1,1
425,3,1819,1071,192,46,1,1,1,1
425,4,1578,1085,204,50,1,1,1,1
425,5,2340,1077,72,22,1,1,1,1
425,6,196,1084,334,64,1,1,1,1
426,3,1814,1071,192,46,1,1,1,1
426,4,1584,1085,204,50,1,1,1,1
426,5,2337,1077,72,22,1,1,1,1
426,6,206,1084,332,64,1,1,1,1
427,3,1809,1071,193,46,1,1,1,1
427,4,1590,1085,203,50,1,1,1,1
427,5,2334,1077,72,22,1,1,1,1
427,6,217,1084,331,64,1,1,1,1
428,3,1803,1071,194,46,1,1,1,1
428,4,1596,1085,203,50,1,1,1,1
428,5,2331,1077,72,22,1,1,1,1
428,6,227,1085,330,64,1,1,1,1
429,3,1797,1071,195,46,1,1,1,1
429,4,1602,1085,202,50,1,1,1,1
429,5,2328,1077,73,22,1,1,1,1
429,6,238,1085,329,63,1,1,1,1
430,3,1791,1071,196,46,1,1,1,1
430,4,1608,1085,202,50,1,1,1,1
430,5,2325,1078,73,22,1,1,1,1
430,6,248,1085,328,63,1,1,1,1
431,3,1786,1071,197,46,1,1,1,1
431,4,1614,1085,201,49,1,1,1,1
431,5,2322,1078,73,22,1,1,1,1
431,6,259,1085,327,63,1,1,1,1
432,3,1780,1071,198,46,1,1,1,1
432,4,1620,1085,201,49,1,1,1,1
432,5,2319,1078,73,22,1,1,1,1
432,6,270,1085,326,63,1,1,1,1
433,3,1774,1072,199,46,1,1,1,1
433,4,1626,1085,200,49,1,1,1,1
433,5,2316,1078,73,22,1,1,1,1
433,6,280,1085,325,63,1,1,1,1
434,3,1768,1072,200,46,1,1,1,1
434,4,1632,1085,200,49,1,1,1,1
434,5,2313,1078,73,22,1,1,1,1
434,6,291,1086,324,63,1,1,1,1
435,3,1762,1072,201,46,1,1,1,1
435,4,1638,1085,200,49,1,1,1,1
435,5,2309,1078,74,22,1,1,1,1
435,6,301,1086,323,63,1,1,1,1
436,3,1756,1072,202,46,1,1,1,1
436,4,1643,1085,199,49,1,1,1,1
436,5,2306,1078,74,22,1,1,1,1
436,6,312,1086,322,63,1,1,1,1
437,3,1751,1072,203,46,1,1,1,1
437,4,1649,1085,199,49,1,1,1,1
437,5,2303,1078,74,22,1,1,1,1
437,6,323,1086,321,63,1,1,1,1
438,3,1745,1072,203,47,1,1,1,1
438,4,1654,1085,199,48,1,1,1,1
438,5,2300,1078,74,22,1,1,1,1
438,6,333,1086,319,63,1,1,1,1
439,3,1739,1072,204,47,1,1,1,1
439,4,1660,1085,198,48,1,1,1,1
439,5,2297,1078,74,22,1,1,1,1
439,6,344,1086,318,63,1,1,1,1
440,3,1733,1072,205,47,1,1,1,1
440,4,1665,1085,198,48,1,1,1,1
440,5,2294,1079,74,22,1,1,1,1
440,6,354,1087,317,63,1,1,1,1
441,3,1727,1072,206,47,1,1,1,1
441,4,1671,1085,198,48,1,1,1,1
441,5,2291,1079,75,22,1,1,1,1
441,6,365,1087,316,63,1,1,1,1
442,3,1721,1072,207,47,1,1,1,1
442,4,1676,1084,197,48,1,1,1,1
442,5,2288,1079,75,22,1,1,1,1
442,6,375,1087,315,63,1,1,1,1
443,3,1716,1072,208,47,1,1,1,1
443,4,1682,1084,197,48,1,1,1,1
443,5,2285,1079,75,22,1,1,1,1
443,6,386,1087,314,63,1,1,1,1
444,3,1710,1073,209,47,1,1,1,1
444,4,1687,1084,197,48,1,1,1,1
444,5,2282,1079,75,22,1,1,1,1
444,6,397,1087,313,63,1,1,1,1
445,3,1704,1073,210,47,1,1,1,1
445,4,1693,1084,196,47,1,1,1,1
445,5,2279,1079,75,22,1,1,1,1
445,6,407,1087,312,63,1,1,1,1
446,3,1698,1073,211,47,1,1,1,1
446,4,1698,1084,196,47,1,1,1,1
446,5,2276,1079,75,22,1,1,1,1
446,6,418,1088,311,63,1,1,1,1
447,3,1692,1073,212,47,1,1,1,1
447,4,1704,1084,196,47,1,1,1,1
447,5,2273,1079,76,22,1,1,1,1
447,6,428,1088,310,62,1,1,1,1
448,3,1686,1073,213,47,1,1,1,1
448,4,1709,1084,195,47,1,1,1,1
448,5,2270,1079,76,22,1,1,1,1
448,6,439,1088,309,62,1,1,1,1
449,3,1681,1073,214,47,1,1,1,1
449,4,1715,1084,195,47,1,1,1,1
449,5,2267,1079,76,22,1,1,1,1
449,6,450,1088,308,62,1,1,1,1
450,3,1675,1073,215,47,1,1,1,1
450,4,1720,1084,194,47,1,1,1,1
450,5,2264,1080,76,22,1,1,1,1
450,6,460,1088,306,62,1,1,1,1
451,3,1669,1073,216,47,1,1,1,1
451,4,1726,1084,194,47,1,1,1,1
451,5,2261,1080,76,22,1,1,1,1
451,6,471,1088,305,62,1,1,1,1
452,3,1663,1073,217,47,1,1,1,1
452,4,1731,1084,194,47,1,1,1,1
452,5,2258,1080,76,22,1,1,1,1
452,6,481,1089,304,62,1,1,1,1
453,3,1657,1073,218,47,1,1,1,1
453,4,1737,1084,193,46,1,1,1,1
453,5,2255,1080,77,22,1,1,1,1
453,6,492,1089,303,62,1,1,1,1
454,3,1651,1074,219,47,1,1,1,1
454,4,1742,1084,193,46,1,1,1,1
454,5,2252,1080,77,22,1,1,1,1
454,6,502,1089,302,62,1,1,1,1
455,3,1646,1074,220,47,1,1,1,1
455,4,1748,1084,193,46,1,1,1,1
455,5,2249,1080,77,22,1,1,1,1
455,6,513,1089,301,62,1,1,1,1
456,3,1640,1074,221,47,1,1,1,1
456,4,1753,1083,192,46,1,1,1,1
456,5,2246,1080,77,22,1,1,1,1
456,6,522,1089,300,62,1,1,1,1
457,3,1634,1074,222,47,1,1,1,1
457,4,1759,1083,192,46,1,1,1,1
457,5,2242,1080,78,22,1,1,1,1
457,6,532,1089,299,62,1,1,1,1
458,3,1628,1074,223,47,1,1,1,1
458,4,1764,1083,192,46,1,1,1,1
458,5,2239,1080,78,22,1,1,1,1
458,6,541,1089,298,62,1,1,1,1
459,3,1622,1074,224,47,1,1,1,1
459,4,1770,1083,191,46,1,1,1,1
459,5,2235,1080,78,22,1,1,1,1
459,6,550,1089,297,61,1,1,1,1
460,3,1616,1074,224,48,1,1,1,1
460,4,1775,1083,191,45,1,1,1,1
460,5,2232,1080,79,23,1,1,1,1
460,6,560,1089,296,61,1,1,1,1
461,3,1611,1074,225,48,1,1,1,1
461,4,1781,1083,191,45,1,1,1,1
461,5,2228,1080,79,23,1,1,1,1
461,6,569,1089,295,61,1,1,1,1
462,3,1605,1074,226,48,1,1,1,1
462,4,1786,1083,190,45,1,1,1,1
462,5,2225,1080,79,23,1,1,1,1
462,6,579,1089,295,61,1,1,1,1
463,3,1599,1074,227,48,1,1,1,1
463,4,1792,1083,190,45,1,1,1,1
463,5,2221,1080,79,23,1,1,1,1
463,6,588,1089,294,61,1,1,1,1
464,3,1593,1074,228,48,1,1,1,1
464,4,1797,1083,190,45,1,1,1,1
464,5,2218,1080,80,23,1,1,1,1
464,6,597,1089,293,61,1,1,1,1
465,3,1587,1075,229,48,1,1,1,1
465,4,1803,1083,189,45,1,1,1,1
465,5,2214,1080,80,23,1,1,1,1
465,6,607,1089,292,61,1,1,1,1
466,3,1581,1075,230,48,1,1,1,1
466,4,1808,1083,189,45,1,1,1,1
466,5,2211,1080,80,23,1,1,1,1
466,6,616,1089,291,61,1,1,1,1
467,3,1576,1075,231,48,1,1,1,1
467,4,1813,1083,189,45,1,1,1,1
467,5,2207,1080,81,23,1,1,1,1
467,6,625,1089,290,60,1,1,1,1
468,3,1570,1075,232,48,1,1,1,1
468,4,1818,1083,188,45,1,1,1,1
468,5,2204,1081,81,24,1,1,1,1
468,6,635,1089,289,60,1,1,1,1
469,3,1564,1075,233,48,1,1,1,1
469,4,1824,1083,188,45,1,1,1,1
469,5,2200,1081,81,24,1,1,1,1
469,6,644,1089,288,60,1,1,1,1
470,3,1558,1075,234,48,1,1,1,1
470,4,1829,1082,188,45,1,1,1,1
470,5,2197,1081,82,24,1,1,1,1
470,6,653,1089,287,60,1,1,1,1
471,3,1551,1075,235,48,1,1,1,1
471,4,1834,1082,187,45,1,1,1,1
471,5,2193,1081,82,24,1,1,1,1
471,6,663,1089,286,60,1,1,1,1
472,3,1545,1075,235,49,1,1,1,1
472,4,1840,1082,187,45,1,1,1,1
472,5,2190,1081,82,24,1,1,1,1
472,6,672,1089,285,60,1,1,1,1
473,3,1538,1075,236,49,1,1,1,1
473,4,1845,1082,187,45,1,1,1,1
473,5,2186,1081,83,24,1,1,1,1
473,6,681,1089,284,60,1,1,1,1
474,3,1531,1075,236,49,1,1,1,1
474,4,1850,1082,186,45,1,1,1,1
474,5,2183,1081,83,24,1,1,1,1
474,6,691,1089,283,60,1,1,1,1
475,3,1525,1075,237,49,1,1,1,1
475,4,1855,1082,186,45,1,1,1,1
475,5,2179,1081,83,24,1,1,1,1
475,6,700,1090,283,59,1,1,1,1
476,3,1518,1075,238,50,1,1,1,1
476,4,1861,1082,186,45,1,1,1,1
476,5,2176,1081,83,24,1,1,1,1
476,6,710,1090,282,59,1,1,1,1
477,3,1511,1075,238,50,1,1,1,1
477,4,1866,1082,185,45,1,1,1,1
477,5,2172,1081,84,25,1,1,1,1
477,6,719,1090,281,59,1,1,1,1
478,3,1505,1075,239,50,1,1,1,1
478,4,1871,1082,185,45,1,1,1,1
478,5,2169,1081,84,25,1,1,1,1
478,6,728,1090,280,59,1,1,1,1
479,3,1498,1075,240,50,1,1,1,1
479,4,1877,1082,185,45,1,1,1,1
479,5,2165,1081,84,25,1,1,1,1
479,6,738,1090,279,59,1,1,1,1
480,3,1491,1075,240,51,1,1,1,1
480,4,1882,1082,184,44,1,1,1,1
480,5,2162,1081,85,25,1,1,1,1
480,6,747,1090,278,59,1,1,1,1
481,3,1485,1075,241,51,1,1,1,1
481,4,1887,1082,184,44,1,1,1,1
481,5,2158,1081,85,25,1,1,1,1
481,6,756,1090,277,59,1,1,1,1
482,3,1478,1075,241,51,1,1,1,1
482,4,1892,1082,184,44,1,1,1,1
482,5,2155,1081,85,25,1,1,1,1
482,6,766,1090,276,59,1,1,1,1
483,3,1471,1075,242,52,1,1,1,1
483,4,1898,1081,183,44,1,1,1,1
483,5,2151,1081,86,25,1,1,1,1
483,6,775,1090,275,58,1,1,1,1
484,3,1465,1075,243,52,1,1,1,1
484,4,1903,1081,183,44,1,1,1,1
484,5,2148,1081,86,25,1,1,1,1
484,6,784,1090,274,58,1,1,1,1
485,3,1458,1074,243,52,1,1,1,1
485,4,1908,1081,183,44,1,1,1,1
485,5,2144,1081,86,25,1,1,1,1
485,6,794,1090,273,58,1,1,1,1
486,3,1452,1074,244,52,1,1,1,1
486,4,1914,1081,182,44,1,1,1,1
486,5,2141,1082,87,25,1,1,1,1
486,6,803,1090,272,58,1,1,1,1
487,3,1445,1074,245,53,1,1,1,1
487,4,1919,1081,182,44,1,1,1,1
487,5,2137,1082,87,24,1,1,1,1
487,6,812,1090,271,58,1,1,1,1
488,3,1438,1074,245,53,1,1,1,1
488,4,1924,1081,182,44,1,1,1,1
488,5,2134,1082,87,24,1,1,1,1
488,6,822,1090,271,58,1,1,1,1
489,3,1432,1074,246,53,1,1,1,1
489,4,1929,1081,181,44,1,1,1,1
489,5,2130,1082,87,24,1,1,1,1
489,6,831,1090,270,58,1,1,1,1
490,3,1425,1074,246,54,1,1,1,1
490,4,1935,1081,181,44,1,1,1,1
490,5,2127,1082,88,24,1,1,1,1
490,6,841,1090,269,58,1,1,1,1
491,3,1418,1074,247,54,1,1,1,1
491,4,1940,1081,181,44,1,1,1,1
491,5,2123,1082,88,24,1,1,1,1
491,6,850,1090,268,57,1,1,1,1
492,3,1412,1074,248,54,1,1,1,1
492,4,1945,1081,180,44,1,1,1,1
492,5,2119,1082,88,24,1,1,1,1
492,6,859,1090,267,57,1,1,1,1
493,3,1405,1074,248,54,1,1,1,1
493,4,1951,1081,180,44,1,1,1,1
493,5,2115,1082,89,24,1,1,1,1
493,6,869,1090,266,57,1,1,1,1
494,3,1398,1074,249,55,1,1,1,1
494,4,1956,1081,180,44,1,1,1,1
494,5,2111,1082,89,24,1,1,1,1
494,6,878,1090,265,57,1,1,1,1
495,3,1392,1074,250,55,1,1,1,1
495,4,1961,1081,179,44,1,1,1,1
495,5,2107,1082,89,24,1,1,1,1
495,6,886,1090,264,57,1,1,1,1
496,3,1385,1074,250,55,1,1,1,1
496,4,1967,1081,179,44,1,1,1,1
496,5,2103,1082,90,25,1,1,1,1
496,6,894,1090,264,57,1,1,1,1
497,3,1378,1074,251,55,1,1,1,1
497,4,1972,1080,179,44,1,1,1,1
497,5,2099,1082,90,25,1,1,1,1
497,6,902,1090,263,57,1,1,1,1
498,3,1372,1074,251,56,1,1,1,1
498,4,1977,1080,178,44,1,1,1,1
498,5,2095,1082,90,25,1,1,1,1
498,6,910,1090,262,57,1,1,1,1
499,3,1365,1074,252,56,1,1,1,1
499,4,1982,1080,178,44,1,1,1,1
499,5,2090,1083,90,25,1,1,1,1
499,6,919,1090,261,57,1,1,1,1
500,3,1357,1074,254,56,1,1,1,1
500,4,1988,1080,178,44,1,1,1,1
500,5,2086,1083,91,25,1,1,1,1
500,6,927,1090,261,57,1,1,1,1
501,3,1350,1074,255,57,1,1,1,1
501,4,1993,1080,177,44,1,1,1,1
501,5,2082,1083,91,25,1,1,1,1
501,6,935,1090,260,56,1,1,1,1
502,3,1342,1074,257,57,1,1,1,1
502,4,1998,1080,177,44,1,1,1,1
502,5,2078,1083,91,25,1,1,1,1
502,6,943,1090,259,56,1,1,1,1
503,3,1334,1074,259,57,1,1,1,1
503,4,2004,1080,177,44,1,1,1,1
503,5,2074,1083,92,25,1,1,1,1
503,6,951,1090,258,56,1,1,1,1
504,3,1327,1074,260,58,1,1,1,1
504,4,2009,1080,176,44,1,1,1,1
504,5,2070,1083,92,25,1,1,1,1
504,6,959,1090,258,56,1,1,1,1
505,3,1319,1074,262,58,1,1,1,1
505,4,2014,1080,176,44,1,1,1,1
505,5,2066,1083,92,25,1,1,1,1
505,6,967,1090,257,56,1,1,1,1
506,3,1311,1073,264,58,1,1,1,1
506,4,2019,1080,176,44,1,1,1,1
506,5,2062,1083,93,26,1,1,1,1
506,6,975,1090,256,56,1,1,1,1
507,3,1304,1073,265,59,1,1,1,1
507,4,2025,1080,175,44,1,1,1,1
507,5,2058,1083,93,26,1,1,1,1
507,6,983,1090,255,56,1,1,1,1
508,3,1296,1073,267,59,1,1,1,1
508,4,2030,1080,175,44,1,1,1,1
508,5,2054,1083,93,26,1,1,1,1
508,6,992,1089,255,56,1,1,1,1
509,3,1288,1073,269,59,1,1,1,1
509,4,2035,1080,175,44,1,1,1,1
509,5,2050,1083,94,26,1,1,1,1
509,6,1000,1089,254,56,1,1,1,1
510,3,1281,1073,270,60,1,1,1,1
510,4,2041,1079,174,44,1,1,1,1
510,5,2046,1083,94,26,1,1,1,1
510,6,1008,1089,253,56,1,1,1,1
511,3,1273,1073,272,60,1,1,1,1
511,4,2046,1079,174,44,1,1,1,1
511,5,2042,1083,94,26,1,1,1,1
511,6,1016,1089,252,56,1,1,1,1
512,3,1265,1073,273,60,1,1,1,1
512,4,2051,1079,174,44,1,1,1,1
512,5,2038,1083,95,26,1,1,1,1
512,6,1024,1089,252,56,1,1,1,1
513,3,1256,1073,274,60,1,1,1,1
513,4,2056,1079,173,43,1,1,1,1
513,5,2033,1084,95,26,1,1,1,1
513,6,1032,1089,251,56,1,1,1,1
514,3,1248,1073,275,60,1,1,1,1
514,4,2062,1079,173,43,1,1,1,1
514,5,2029,1084,95,26,1,1,1,1
514,6,1040,1089,250,56,1,1,1,1
515,3,1240,1073,276,60,1,1,1,1
515,4,2067,1079,173,43,1,1,1,1
515,5,2025,1084,95,26,1,1,1,1
515,6,1048,1089,249,55,1,1,1,1
516,3,1231,1073,278,60,1,1,1,1
516,4,2072,1079,172,43,1,1,1,1
516,5,2021,1084,96,27,1,1,1,1
516,6,1056,1089,249,55,1,1,1,1
517,3,1223,1073,279,60,1,1,1,1
517,4,2078,1079,172,43,1,1,1,1
517,5,2017,1084,96,27,1,1,1,1
517,6,1065,1089,248,55,1,1,1,1
518,3,1215,1073,280,60,1,1,1,1
518,4,2083,1079,172,43,1,1,1,1
518,5,2013,1084,96,27,1,1,1,1
518,6,1073,1089,247,55,1,1,1,1
519,3,1206,1073,281,60,1,1,1,1
519,4,2088,1079,171,43,1,1,1,1
519,5,2009,1084,97,27,1,1,1,1
519,6,1081,1089,246,55,1,1,1,1
520,3,1198,1073,282,60,1,1,1,1
520,4,2093,1079,171,43,1,1,1,1
520,5,2005,1084,97,27,1,1,1,1
520,6,1089,1089,246,55,1,1,1,1
521,3,1190,1073,283,60,1,1,1,1
521,4,2099,1079,171,43,1,1,1,1
521,5,2000,1084,97,27,1,1,1,1
521,6,1097,1089,245,55,1,1,1,1
522,3,1181,1073,284,60,1,1,1,1
522,4,2104,1079,170,43,1,1,1,1
522,5,1996,1084,98,27,1,1,1,1
522,6,1105,1089,245,55,1,1,1,1
523,3,1173,1073,285,60,1,1,1,1
523,4,2109,1078,170,43,1,1,1,1
523,5,1991,1084,98,27,1,1,1,1
523,6,1112,1089,244,55,1,1,1,1
524,3,1165,1073,287,60,1,1,1,1
524,4,2115,1078,170,43,1,1,1,1
524,5,1987,1084,99,27,1,1,1,1
524,6,1120,1089,244,55,1,1,1,1
525,3,1156,1073,288,60,1,1,1,1
525,4,2120,1078,169,43,1,1,1,1
525,5,1982,1084,99,27,1,1,1,1
525,6,1127,1089,243,55,1,1,1,1
526,3,1148,1073,289,60,1,1,1,1
526,4,2125,1078,169,43,1,1,1,1
526,5,1978,1084,99,27,1,1,1,1
526,6,1135,1089,243,55,1,1,1,1
527,3,1140,1073,290,60,1,1,1,1
527,4,2130,1078,169,43,1,1,1,1
527,5,1973,1085,100,28,1,1,1,1
527,6,1142,1089,242,55,1,1,1,1
528,3,1132,1074,291,60,1,1,1,1
528,4,2136,1078,168,43,1,1,1,1
528,5,1969,1085,100,28,1,1,1,1
528,6,1150,1089,242,54,1,1,1,1
529,3,1123,1074,292,59,1,1,1,1
529,4,2141,1078,168,43,1,1,1,1
529,5,1964,1085,101,28,1,1,1,1
529,6,1157,1089,241,54,1,1,1,1
530,3,1115,1074,293,59,1,1,1,1
530,4,2146,1078,167,43,1,1,1,1
530,5,1960,1085,101,28,1,1,1,1
530,6,1165,1089,241,54,1,1,1,1
531,3,1107,1074,294,59,1,1,1,1
531,4,2151,1078,167,43,1,1,1,1
531,5,1955,1085,101,28,1,1,1,1
531,6,1172,1089,240,54,1,1,1,1
532,3,1098,1074,295,59,1,1,1,1
532,4,2156,1077,166,43,1,1,1,1
532,5,1951,1085,102,28,1,1,1,1
532,6,1180,1089,240,54,1,1,1,1
533,3,1090,1074,297,59,1,1,1,1
533,4,2161,1077,166,43,1,1,1,1
533,5,1946,1085,102,28,1,1,1,1
533,6,1187,1089,239,54,1,1,1,1
534,3,1082,1074,298,59,1,1,1,1
534,4,2166,1077,165,43,1,1,1,1
534,5,1942,1085,103,28,1,1,1,1
534,6,1195,1089,239,54,1,1,1,1
535,3,1073,1074,299,59,1,1,1,1
535,4,2170,1077,164,43,1,1,1,1
535,5,1937,1085,103,28,1,1,1,1
535,6,1202,1089,238,54,1,1,1,1
536,3,1065,1074,300,59,1,1,1,1
536,4,2175,1077,164,43,1,1,1,1
536,5,1932,1085,103,28,1,1,1,1
536,6,1210,1089,238,54,1,1,1,1
537,3,1057,1074,301,59,1,1,1,1
537,4,2180,1076,163,43,1,1,1,1
537,5,1928,1085,104,28,1,1,1,1
537,6,1217,1089,237,54,1,1,1,1
538,3,1048,1074,302,59,1,1,1,1
538,4,2185,1076,162,43,1,1,1,1
538,5,1923,1085,104,28,1,1,1,1
538,6,1225,1089,237,54,1,1,1,1
539,3,1040,1074,303,59,1,1,1,1
539,4,2190,1076,162,43,1,1,1,1
539,5,1919,1085,104,28,1,1,1,1
539,6,1232,1089,236,54,1,1,1,1
540,3,1032,1074,304,59,1,1,1,1
540,4,2195,1076,161,43,1,1,1,1
540,5,1914,1085,105,28,1,1,1,1
540,6,1240,1089,236,54,1,1,1,1
541,3,1023,1074,306,59,1,1,1,1
541,4,2200,1076,161,43,1,1,1,1
541,5,1910,1086,105,29,1,1,1,1
541,6,1247,1089,235,53,1,1,1,1
542,3,1015,1074,307,59,1,1,1,1
542,4,2205,1076,160,43,1,1,1,1
542,5,1905,1086,106,29,1,1,1,1
542,6,1255,1089,235,53,1,1,1,1
543,3,1007,1074,308,59,1,1,1,1
543,4,2210,1075,159,43,1,1,1,1
543,5,1901,1086,106,29,1,1,1,1
543,6,1262,1089,234,53,1,1,1,1
544,3,998,1074,309,59,1,1,1,1
544,4,2215,1075,159,43,1,1,1,1
544,5,1896,1086,106,29,1,1,1,1
544,6,1270,1089,234,53,1,1,1,1
545,3,990,1074,310,59,1,1,1,1
545,4,2219,1075,158,43,1,1,1,1
545,5,1892,1086,107,29,1,1,1,1
545,6,1277,1089,233,53,1,1,1,1
546,3,981,1074,311,59,1,1,1,1
546,4,2224,1075,157,43,1,1,1,1
546,5,1887,1086,107,29,1,1,1,1
546,6,1285,1089,233,53,1,1,1,1
547,3,972,1074,312,59,1,1,1,1
547,4,2229,1075,157,43,1,1,1,1
547,5,1883,1086,108,29,1,1,1,1
547,6,1292,1089,232,53,1,1,1,1
548,3,962,1074,314,59,1,1,1,1
548,4,2234,1074,156,43,1,1,1,1
548,5,1878,1086,108,29,1,1,1,1
548,6,1299,1089,231,53,1,1,1,1
549,3,953,1074,315,59,1,1,1,1
549,4,2239,1074,156,43,1,1,1,1
549,5,1873,1086,108,29,1,1,1,1
549,6,1306,1089,231,53,1,1,1,1
550,3,944,1073,316,60,1,1,1,1
550,4,2244,1074,155,43,1,1,1,1
550,5,1868,1086,109,29,1,1,1,1
550,6,1313,1089,230,53,1,1,1,1
551,3,935,1073,317,60,1,1,1,1
551,4,2248,1074,154,43,1,1,1,1
551,5,1862,1086,109,29,1,1,1,1
551,6,1320,1089,229,53,1,1,1,1
552,3,925,1073,318,60,1,1,1,1
552,4,2253,1074,154,43,1,1,1,1
552,5,1857,1086,110,29,1,1,1,1
552,6,1327,1089,228,53,1,1,1,1
553,3,916,1073,319,60,1,1,1,1
553,4,2257,1074,153,43,1,1,1,1
553,5,1852,1086,110,29,1,1,1,1
553,6,1333,1089,228,52,1,1,1,1
554,3,907,1073,321,60,1,1,1,1
554,4,2262,1074,152,43,1,1,1,1
554,5,1847,1086,111,29,1,1,1,1
554,6,1340,1089,227,52,1,1,1,1
555,3,898,1073,322,60,1,1,1,1
555,4,2266,1074,152,43,1,1,1,1
555,5,1841,1086,111,29,1,1,1,1
555,6,1347,1089,226,52,1,1,1,1
556,3,888,1073,323,60,1,1,1,1
556,4,2271,1074,151,43,1,1,1,1
556,5,1836,1087,112,30,1,1,1,1
556,6,1354,1088,226,52,1,1,1,1
557,3,879,1073,324,60,1,1,1,1
557,4,2275,1073,151,42,1,1,1,1
557,5,1831,1087,112,30,1,1,1,1
557,6,1361,1088,225,52,1,1,1,1
558,3,870,1072,325,61,1,1,1,1
558,4,2280,1073,150,42,1,1,1,1
558,5,1826,1087,113,30,1,1,1,1
558,6,1368,1088,224,52,1,1,1,1
559,3,861,1072,326,61,1,1,1,1
559,4,2284,1073,149,42,1,1,1,1
559,5,1820,1087,113,30,1,1,1,1
559,6,1375,1088,223,52,1,1,1,1
560,3,851,1072,328,61,1,1,1,1
560,4,2289,1073,149,42,1,1,1,1
560,5,1815,1087,114,30,1,1,1,1
560,6,1382,1088,223,52,1,1,1,1
561,3,842,1072,329,61,1,1,1,1
561,4,2293,1073,148,42,1,1,1,1
561,5,1810,1087,114,30,1,1,1,1
561,6,1389,1088,222,52,1,1,1,1
562,3,833,1072,330,61,1,1,1,1
562,4,2298,1073,147,42,1,1,1,1
562,5,1805,1087,115,30,1,1,1,1
562,6,1396,1088,221,52,1,1,1,1
563,3,823,1072,331,61,1,1,1,1
563,4,2302,1073,147,42,1,1,1,1
563,5,1800,1087,115,30,1,1,1,1
563,6,1403,1088,221,52,1,1,1,1
564,3,814,1072,331,61,1,1,1,1
564,4,2306,1073,146,42,1,1,1,1
564,5,1794,1087,115,30,1,1,1,1
564,6,1409,1088,220,51,1,1,1,1
565,3,804,1072,332,61,1,1,1,1
565,4,2311,1073,145,42,1,1,1,1
565,5,1789,1087,116,30,1,1,1,1
565,6,1416,1088,219,51,1,1,1,1
566,3,794,1072,333,61,1,1,1,1
566,4,2315,1073,145,42,1,1,1,1
566,5,1784,1087,116,30,1,1,1,1
566,6,1423,1088,218,51,1,1,1,1
567,3,785,1072,333,61,1,1,1,1
567,4,2320,1073,144,42,1,1,1,1
567,5,1779,1087,117,30,1,1,1,1
567,6,1430,1088,218,51,1,1,1,1
568,3,775,1071,334,62,1,1,1,1
568,4,2324,1073,144,42,1,1,1,1
568,5,1773,1087,117,30,1,1,1,1
568,6,1437,1088,217,51,1,1,1,1
569,3,766,1071,334,62,1,1,1,1
569,4,2329,1073,143,42,1,1,1,1
569,5,1768,1087,118,30,1,1,1,1
569,6,1444,1088,216,51,1,1,1,1
570,3,756,1071,335,62,1,1,1,1
570,4,2333,1073,142,42,1,1,1,1
570,5,1763,1087,118,30,1,1,1,1
570,6,1451,1088,215,51,1,1,1,1
571,3,746,1071,336,62,1,1,1,1
571,4,2338,1072,142,41,1,1,1,1
571,5,1758,1088,119,31,1,1,1,1
571,6,1458,1088,215,51,1,1,1,1
572,3,737,1071,336,62,1,1,1,1
572,4,2342,1072,141,41,1,1,1,1
572,5,1752,1088,119,31,1,1,1,1
572,6,1465,1087,214,51,1,1,1,1
573,3,727,1071,337,62,1,1,1,1
573,4,2347,1072,140,41,1,1,1,1
573,5,1747,1088,120,31,1,1,1,1
573,6,1472,1087,213,51,1,1,1,1
574,3,717,1071,340,62,1,1,1,1
574,4,2351,1072,140,41,1,1,1,1
574,5,1742,1088,120,31,1,1,1,1
574,6,1478,1087,213,50,1,1,1,1
575,3,707,1071,342,63,1,1,1,1
575,4,2356,1072,139,41,1,1,1,1
575,5,1737,1088,121,31,1,1,1,1
575,6,1485,1087,212,50,1,1,1,1
576,3,696,1071,345,63,1,1,1,1
576,4,2360,1072,139,41,1,1,1,1
576,5,1731,1088,121,31,1,1,1,1
576,6,1492,1087,211,50,1,1,1,1
577,3,686,1071,347,63,1,1,1,1
577,4,2365,1072,138,41,1,1,1,1
577,5,1726,1088,122,31,1,1,1,1
577,6,1499,1087,210,50,1,1,1,1
578,3,676,1071,349,63,1,1,1,1
578,4,2369,1072,137,41,1,1,1,1
578,5,1721,1088,122,31,1,1,1,1
578,6,1506,1087,210,50,1,1,1,1
579,3,665,1071,351,63,1,1,1,1
579,4,2373,1072,137,41,1,1,1,1
579,5,1715,1088,123,31,1,1,1,1
579,6,1513,1087,209,50,1,1,1,1
580,3,655,1071,352,63,1,1,1,1
580,4,2378,1072,136,41,1,1,1,1
580,5,1709,1088,123,31,1,1,1,1
580,6,1520,1087,208,50,1,1,1,1
581,3,644,1071,354,63,1,1,1,1
581,4,2382,1072,135,41,1,1,1,1
581,5,1703,1088,124,31,1,1,1,1
581,6,1526,1087,208,50,1,1,1,1
582,3,634,1071,356,64,1,1,1,1
582,4,2387,1072,135,41,1,1,1,1
582,5,1697,1088,124,31,1,1,1,1
582,6,1533,1087,207,50,1,1,1,1
583,3,623,1070,358,64,1,1,1,1
583,4,2391,1072,134,41,1,1,1,1
583,5,1691,1089,125,31,1,1,1,1
583,6,1539,1087,206,50,1,1,1,1
584,3,613,1070,360,64,1,1,1,1
584,4,2396,1072,133,41,1,1,1,1
584,5,1685,1089,125,31,1,1,1,1
584,6,1546,1087,205,50,1,1,1,1
585,3,602,1070,361,64,1,1,1,1
585,4,2400,1071,133,40,1,1,1,1
585,5,1679,1089,126,31,1,1,1,1
585,6,1552,1087,205,50,1,1,1,1
586,3,592,1070,363,64,1,1,1,1
586,4,2405,1071,132,40,1,1,1,1
586,5,1673,1089,127,31,1,1,1,1
586,6,1559,1087,204,50,1,1,1,1
587,3,581,1070,365,64,1,1,1,1
587,4,2409,1071,132,40,1,1,1,1
587,5,1667,1089,127,31,1,1,1,1
587,6,1565,1087,203,49,1,1,1,1
588,3,570,1070,366,64,1,1,1,1
588,4,2414,1071,131,40,1,1,1,1
588,5,1661,1089,128,31,1,1,1,1
588,6,1572,1087,202,49,1,1,1,1
589,3,559,1070,367,64,1,1,1,1
589,4,2418,1071,130,40,1,1,1,1
589,5,1655,1089,128,31,1,1,1,1
589,6,1578,1087,202,49,1,1,1,1
590,3,549,1070,368,64,1,1,1,1
590,4,2423,1071,130,40,1,1,1,1
590,5,1649,1089,129,31,1,1,1,1
590,6,1585,1087,201,49,1,1,1,1
591,3,538,1069,369,65,1,1,1,1
591,4,2427,1071,129,40,1,1,1,1
591,5,1643,1090,130,31,1,1,1,1
591,6,1591,1087,200,49,1,1,1,1
592,3,527,1069,370,65,1,1,1,1
592,4,2431,1071,126,40,1,1,1,1
592,5,1636,1090,130,31,1,1,1,1
592,6,1598,1087,199,49,1,1,1,1
593,3,516,1069,371,65,1,1,1,1
593,4,2435,1071,123,40,1,1,1,1
593,5,1630,1090,131,31,1,1,1,1
593,6,1605,1087,199,49,1,1,1,1
594,3,506,1069,372,65,1,1,1,1
594,4,2438,1071,120,39,1,1,1,1
594,5,1624,1090,131,31,1,1,1,1
594,6,1611,1086,198,49,1,1,1,1
595,3,495,1069,372,65,1,1,1,1
595,4,2442,1071,117,39,1,1,1,1
595,5,1618,1090,132,31,1,1,1,1
595,6,1618,1086,197,49,1,1,1,1
596,3,484,1069,373,65,1,1,1,1
596,4,2446,1071,114,39,1,1,1,1
596,5,1612,1090,132,31,1,1,1,1
596,6,1624,1086,196,49,1,1,1,1
597,3,473,1069,374,65,1,1,1,1
597,4,2450,1071,110,39,1,1,1,1
597,5,1606,1090,133,31,1,1,1,1
597,6,1631,1086,196,49,1,1,1,1
598,3,462,1068,375,66,1,1,1,1
598,4,2454,1071,107,39,1,1,1,1
598,5,1600,1090,134,31,1,1,1,1
598,6,1637,1086,195,49,1,1,1,1
599,3,452,1068,376,66,1,1,1,1
599,4,2457,1071,103,39,1,1,1,1
599,5,1594,1090,134,31,1,1,1,1
599,6,1644,1086,194,49,1,1,1,1
600,3,441,1068,377,66,1,1,1,1
600,4,2461,1071,99,39,1,1,1,1
600,5,1588,1091,135,31,1,1,1,1
600,6,1650,1086,193,49,1,1,1,1
601,3,430,1068,378,66,1,1,1,1
601,4,2465,1071,95,39,1,1,1,1
601,5,1582,1091,135,31,1,1,1,1
601,6,1657,1086,193,48,1,1,1,1
602,3,418,1068,379,66,1,1,1,1
602,4,2469,1071,92,39,1,1,1,1
602,5,1576,1091,136,31,1,1,1,1
602,6,1663,1086,192,48,1,1,1,1
603,3,407,1068,381,66,1,1,1,1
603,4,2472,1071,88,39,1,1,1,1
603,5,1570,1091,136,31,1,1,1,1
603,6,1670,1086,191,48,1,1,1,1
604,3,395,1068,382,66,1,1,1,1
604,4,2476,1071,84,39,1,1,1,1
604,5,1564,1091,137,31,1,1,1,1
604,6,1676,1086,190,48,1,1,1,1
605,3,384,1067,384,67,1,1,1,1
605,4,2480,1071,80,39,1,1,1,1
605,5,1557,1091,137,31,1,1,1,1
605,6,1683,1086,190,48,1,1,1,1
606,3,372,1067,385,67,1,1,1,1
606,4,2483,1071,77,38,1,1,1,1
606,5,1551,1091,138,31,1,1,1,1
606,6,1689,1086,189,48,1,1,1,1
607,3,360,1067,386,67,1,1,1,1
607,4,2487,1072,73,38,1,1,1,1
607,5,1544,1092,138,31,1,1,1,1
607,6,1696,1086,188,48,1,1,1,1
608,3,349,1067,388,67,1,1,1,1
608,4,2491,1072,69,38,1,1,1,1
608,5,1537,1092,139,31,1,1,1,1
608,6,1702,1086,188,48,1,1,1,1
609,3,337,1067,389,67,1,1,1,1
609,4,2495,1072,66,38,1,1,1,1
609,5,1531,1092,139,31,1,1,1,1
609,6,1707,1086,187,48,1,1,1,1
610,3,326,1067,391,67,1,1,1,1
610,4,2498,1072,62,37,1,1,1,1
610,5,1524,1092,140,31,1,1,1,1
610,6,1713,1086,187,48,1,1,1,1
611,3,314,1067,392,67,1,1,1,1
611,4,2502,1072,58,37,1,1,1,1
611,5,1517,1092,140,31,1,1,1,1
611,6,1719,1086,187,48,1,1,1,1
612,3,302,1067,393,67,1,1,1,1
612,4,2506,1073,54,37,1,1,1,1
612,5,1511,1092,140,31,1,1,1,1
612,6,1724,1085,187,48,1,1,1,1
613,3,291,1066,395,68,1,1,1,1
613,4,2509,1073,51,36,1,1,1,1
613,5,1504,1093,141,31,1,1,1,1
613,6,1730,1085,186,48,1,1,1,1
614,3,279,1066,396,68,1,1,1,1
614,4,2513,1073,47,36,1,1,1,1
614,5,1497,1093,141,31,1,1,1,1
614,6,1736,1085,186,48,1,1,1,1
615,3,267,1066,397,68,1,1,1,1
615,4,2517,1073,43,36,1,1,1,1
615,5,1491,1093,142,31,1,1,1,1
615,6,1741,1085,186,48,1,1,1,1
616,3,256,1066,399,68,1,1,1,1
616,4,2520,1073,40,35,1,1,1,1
616,5,1484,1093,142,31,1,1,1,1
616,6,1747,1085,185,48,1,1,1,1
617,3,244,1066,400,68,1,1,1,1
617,4,2524,1073,36,35,1,1,1,1
617,5,1477,1093,142,31,1,1,1,1
617,6,1753,1085,185,48,1,1,1,1
618,3,233,1066,402,68,1,1,1,1
618,4,2528,1074,33,34,1,1,1,1
618,5,1471,1093,143,31,1,1,1,1
618,6,1758,1085,185,48,1,1,1,1
619,3,221,1066,403,68,1,1,1,1
619,4,2531,1074,29,34,1,1,1,1
619,5,1464,1094,143,31,1,1,1,1
619,6,1764,1085,184,48,1,1,1,1
620,3,209,1066,404,68,1,1,1,1
620,4,2535,1074,25,33,1,1,1,1
620,5,1457,1094,144,31,1,1,1,1
620,6,1770,1085,184,48,1,1,1,1
621,3,198,1065,406,69,1,1,1,1
621,4,2538,1074,22,33,1,1,1,1
621,5,1451,1094,144,31,1,1,1,1
621,6,1775,1084,184,47,1,1,1,1
622,3,186,1065,407,69,1,1,1,1
622,4,2542,1074,18,32,1,1,1,1
622,5,1444,1094,145,31,1,1,1,1
622,6,1781,1084,184,47,1,1,1,1
623,3,175,1065,409,69,1,1,1,1
623,4,2546,1076,14,31,1,1,1,1
623,5,1437,1094,145,31,1,1,1,1
623,6,1787,1084,183,47,1,1,1,1
624,3,163,1065,410,69,1,1,1,1
624,4,2550,1077,10,30,1,1,1,1
624,5,1431,1094,145,31,1,1,1,1
624,6,1792,1084,183,47,1,1,1,1
625,3,151,1065,411,69,1,1,1,1
625,5,1424,1095,146,31,1,1,1,1
625,6,1798,1084,183,47,1,1,1,1
626,3,138,1065,412,69,1,1,1,1
626,5,1417,1095,146,31,1,1,1,1
626,6,1804,1084,182,47,1,1,1,1
627,3,126,1065,413,69,1,1,1,1
627,5,1411,1095,147,31,1,1,1,1
627,6,1809,1084,182,47,1,1,1,1
628,3,114,1066,415,68,1,1,1,1
628,5,1404,1095,147,31,1,1,1,1
628,6,1815,1084,182,47,1,1,1,1
629,3,101,1066,416,68,1,1,1,1
629,5,1396,1095,148,31,1,1,1,1
629,6,1821,1084,181,47,1,1,1,1
630,3,89,1066,417,68,1,1,1,1
630,5,1389,1095,149,31,1,1,1,1
630,6,1826,1083,181,47,1,1,1,1
631,3,77,1066,418,68,1,1,1,1
631,5,1381,1095,150,31,1,1,1,1
631,6,1832,1083,181,47,1,1,1,1
632,3,65,1066,419,68,1,1,1,1
632,5,1374,1095,151,32,1,1,1,1
632,6,1838,1083,181,47,1,1,1,1
633,3,52,1066,420,68,1,1,1,1
633,5,1366,1095,152,32,1,1,1,1
633,6,1843,1083,180,47,1,1,1,1
634,3,40,1067,422,67,1,1,1,1
634,5,1359,1095,153,32,1,1,1,1
634,6,1849,1083,180,47,1,1,1,1
635,3,28,1067,423,67,1,1,1,1
635,5,1351,1095,153,32,1,1,1,1
635,6,1854,1083,180,47,1,1,1,1
636,3,15,1067,424,67,1,1,1,1
636,5,1344,1095,154,32,1,1,1,1
636,6,1860,1083,179,47,1,1,1,1
637,3,3,1067,425,67,1,1,1,1
637,5,1336,1095,155,32,1,1,1,1
637,6,1865,1083,179,47,1,1,1,1
638,3,0,1058,417,74,1,1,1,1
638,5,1329,1095,156,33,1,1,1,1
638,6,1870,1083,178,47,1,1,1,1
639,3,0,1058,405,74,1,1,1,1
639,5,1321,1095,157,33,1,1,1,1
639,6,1876,1083,178,47,1,1,1,1
640,3,0,1058,393,73,1,1,1,1
640,5,1314,1095,158,33,1,1,1,1
640,6,1881,1082,177,47,1,1,1,1
641,3,0,1058,381,73,1,1,1,1
641,5,1306,1095,159,33,1,1,1,1
641,6,1886,1082,177,47,1,1,1,1
642,3,0,1058,369,73,1,1,1,1
642,5,1298,1095,160,33,1,1,1,1
642,6,1891,1082,177,46,1,1,1,1
643,3,0,1059,356,73,1,1,1,1
643,5,1290,1095,160,33,1,1,1,1
643,6,1897,1082,176,46,1,1,1,1
644,3,0,1059,344,72,1,1,1,1
644,5,1282,1095,161,34,1,1,1,1
644,6,1902,1082,176,46,1,1,1,1
645,3,0,1059,332,72,1,1,1,1
645,5,1274,1095,161,34,1,1,1,1
645,6,1907,1082,175,46,1,1,1,1
646,3,0,1059,320,72,1,1,1,1
646,5,1265,1095,162,34,1,1,1,1
646,6,1913,1082,175,46,1,1,1,1
647,3,0,1059,308,72,1,1,1,1
647,5,1257,1095,162,34,1,1,1,1
647,6,1918,1082,174,46,1,1,1,1
648,3,0,1059,296,71,1,1,1,1
648,5,1249,1095,163,34,1,1,1,1
648,6,1923,1082,174,46,1,1,1,1
649,3,0,1059,284,71,1,1,1,1
649,5,1241,1095,163,34,1,1,1,1
649,6,1929,1082,174,46,1,1,1,1
650,3,0,1059,272,71,1,1,1,1
650,5,1233,1095,164,35,1,1,1,1
650,6,1934,1081,173,46,1,1,1,1
651,3,0,1059,260,70,1,1,1,1
651,5,1225,1095,164,35,1,1,1,1
651,6,1939,1081,173,46,1,1,1,1
652,3,0,1060,247,70,1,1,1,1
652,5,1217,1095,165,35,1,1,1,1
652,6,1945,1081,172,46,1,1,1,1
653,3,0,1060,235,70,1,1,1,1
653,5,1209,1095,165,35,1,1,1,1
653,6,1950,1081,172,46,1,1,1,1
654,3,0,1060,223,70,1,1,1,1
654,5,1200,1094,166,35,1,1,1,1
654,6,1955,1081,171,46,1,1,1,1
655,3,0,1060,211,69,1,1,1,1
655,5,1192,1094,166,35,1,1,1,1
655,6,1961,1081,171,46,1,1,1,1
656,3,0,1060,199,69,1,1,1,1
656,5,1184,1094,167,36,1,1,1,1
656,6,1966,1081,171,45,1,1,1,1
657,3,0,1060,187,69,1,1,1,1
657,5,1176,1094,167,36,1,1,1,1
657,6,1971,1081,170,45,1,1,1,1
658,3,0,1059,174,69,1,1,1,1
658,5,1168,1094,168,36,1,1,1,1
658,6,1976,1081,170,45,1,1,1,1
659,3,0,1059,162,69,1,1,1,1
659,5,1160,1094,168,36,1,1,1,1
659,6,1982,1081,169,45,1,1,1,1
660,3,0,1059,150,68,1,1,1,1
660,5,1152,1094,169,36,1,1,1,1
660,6,1987,1081,169,45,1,1,1,1
661,3,0,1059,138,68,1,1,1,1
661,5,1144,1094,169,36,1,1,1,1
661,6,1992,1080,168,45,1,1,1,1
662,3,0,1058,125,68,1,1,1,1
662,5,1135,1094,170,37,1,1,1,1
662,6,1998,1080,168,45,1,1,1,1
663,3,0,1058,113,68,1,1,1,1
663,5,1127,1094,170,37,1,1,1,1
663,6,2003,1080,168,45,1,1,1,1
664,3,0,1057,100,69,1,1,1,1
664,5,1119,1094,171,37,1,1,1,1
664,6,2008,1080,167,45,1,1,1,1
665,3,0,1057,86,70,1,1,1,1
665,5,1111,1094,171,37,1,1,1,1
665,6,2014,1080,167,45,1,1,1,1
666,3,0,1056,73,70,1,1,1,1
666,5,1101,1095,173,36,1,1,1,1
666,6,2019,1080,166,45,1,1,1,1
666,7,0,1109,35,38,1,1,1,1
667,3,0,1055,59,71,1,1,1,1
667,5,1092,1097,176,34,1,1,1,1
667,6,2024,1080,166,45,1,1,1,1
667,7,0,1109,47,38,1,1,1,1
668,3,0,1057,50,68,1,1,1,1
668,5,1082,1098,178,33,1,1,1,1
668,6,2030,1080,165,45,1,1,1,1
668,7,0,1109,58,39,1,1,1,1
669,3,0,1065,35,56,1,1,1,1
669,5,1073,1098,179,33,1,1,1,1
669,6,2035,1080,165,45,1,1,1,1
669,7,0,1108,70,39,1,1,1,1
670,3,0,1072,20,51,1,1,1,1
670,5,1064,1097,179,34,1,1,1,1
670,6,2040,1080,165,44,1,1,1,1
670,7,0,1108,82,39,1,1,1,1
671,5,1055,1097,180,34,1,1,1,1
671,6,2045,1079,164,44,1,1,1,1
671,7,0,1108,93,40,1,1,1,1
672,5,1046,1097,181,35,1,1,1,1
672,6,2051,1079,164,44,1,1,1,1
672,7,0,1108,105,40,1,1,1,1
673,5,1037,1096,181,35,1,1,1,1
673,6,2056,1079,163,44,1,1,1,1
673,7,0,1108,116,41,1,1,1,1
674,5,1028,1096,182,36,1,1,1,1
674,6,2061,1079,163,44,1,1,1,1
674,7,0,1108,128,41,1,1,1,1
675,5,1019,1096,183,36,1,1,1,1
675,6,2067,1079,162,44,1,1,1,1
675,7,0,1107,140,41,1,1,1,1
676,5,1009,1095,183,37,1,1,1,1
676,6,2072,1079,162,44,1,1,1,1
676,7,0,1107,151,42,1,1,1,1
677,5,1000,1095,184,37,1,1,1,1
677,6,2077,1079,161,44,1,1,1,1
677,7,0,1107,163,42,1,1,1,1
678,5,991,1095,185,38,1,1,1,1
678,6,2082,1079,161,44,1,1,1,1
678,7,0,1107,174,42,1,1,1,1
679,5,982,1094,185,38,1,1,1,1
679,6,2087,1079,160,44,1,1,1,1
679,7,0,1107,186,42,1,1,1,1
680,5,973,1094,186,39,1,1,1,1
680,6,2092,1079,159,44,1,1,1,1
680,7,0,1107,197,42,1,1,1,1
681,5,964,1094,187,39,1,1,1,1
681,6,2097,1079,159,44,1,1,1,1
681,7,0,1107,209,42,1,1,1,1
682,5,955,1093,187,40,1,1,1,1
682,6,2102,1078,158,43,1,1,1,1
682,7,0,1108,220,41,1,1,1,1
683,5,946,1093,188,40,1,1,1,1
683,6,2107,1078,158,43,1,1,1,1
683,7,0,1108,232,41,1,1,1,1
684,5,936,1093,189,40,1,1,1,1
684,6,2112,1078,157,43,1,1,1,1
684,7,0,1108,243,41,1,1,1,1
685,5,926,1093,190,40,1,1,1,1
685,6,2117,1078,156,43,1,1,1,1
685,7,0,1108,255,41,1,1,1,1
686,5,916,1094,191,40,1,1,1,1
686,6,2122,1078,156,43,1,1,1,1
686,7,0,1108,266,41,1,1,1,1
687,5,906,1094,192,39,1,1,1,1
687,6,2127,1078,155,43,1,1,1,1
687,7,0,1107,278,43,1,1,1,1
688,5,896,1094,193,39,1,1,1,1
688,6,2132,1078,154,43,1,1,1,1
688,7,0,1106,290,44,1,1,1,1
688,8,2546,1065,14,27,1,1,1,1
689,5,886,1094,194,39,1,1,1,1
689,6,2137,1078,154,43,1,1,1,1
689,7,0,1105,301,46,1,1,1,1
689,8,2544,1065,16,27,1,1,1,1
690,5,876,1095,196,39,1,1,1,1
690,6,2142,1078,153,43,1,1,1,1
690,7,0,1104,313,47,1,1,1,1
690,8,2542,1065,18,27,1,1,1,1
691,5,866,1095,197,39,1,1,1,1
691,6,2147,1078,153,43,1,1,1,1
691,7,0,1102,325,49,1,1,1,1
691,8,2540,1066,20,27,1,1,1,1
692,5,856,1095,198,39,1,1,1,1
692,6,2152,1077,152,42,1,1,1,1
692,7,0,1104,337,48,1,1,1,1
692,8,2538,1066,22,26,1,1,1,1
693,5,846,1095,199,39,1,1,1,1
693,6,2157,1077,151,42,1,1,1,1
693,7,0,1079,349,74,1,1,1,1
693,8,2536,1066,24,26,1,1,1,1
694,5,836,1095,200,38,1,1,1,1
694,6,2162,1077,151,42,1,1,1,1
694,7,0,1078,361,76,1,1,1,1
694,8,2534,1066,26,26,1,1,1,1
695,5,826,1096,201,38,1,1,1,1
695,6,2167,1077,150,42,1,1,1,1
695,7,0,1076,372,77,1,1,1,1
695,8,2532,1066,28,26,1,1,1,1
696,5,816,1096,202,38,1,1,1,1
696,6,2172,1077,149,42,1,1,1,1
696,7,0,1077,384,76,1,1,1,1
696,8,2530,1066,30,26,1,1,1,1
697,5,806,1096,203,38,1,1,1,1
697,6,2177,1077,149,42,1,1,1,1
697,7,-1,1077,395,75,1,1,1,1
697,8,2528,1067,32,26,1,1,1,1
698,5,795,1096,204,38,1,1,1,1
698,6,2182,1077,148,42,1,1,1,1
698,7,-2,1078,407,74,1,1,1,1
698,8,2526,1067,34,25,1,1,1,1
699,5,785,1096,205,38,1,1,1,1
699,6,2187,1077,147,42,1,1,1,1
699,7,2,1079,412,73,1,1,1,1
699,8,2524,1067,36,25,1,1,1,1
700,5,774,1096,206,38,1,1,1,1
700,6,2192,1077,147,42,1,1,1,1
700,7,13,1080,412,72,1,1,1,1
700,8,2522,1067,38,25,1,1,1,1
701,5,763,1096,207,38,1,1,1,1
701,6,2197,1077,146,42,1,1,1,1
701,7,23,1081,412,71,1,1,1,1
701,8,2520,1067,40,25,1,1,1,1
702,5,752,1096,208,39,1,1,1,1
702,6,2202,1076,146,41,1,1,1,1
702,7,35,1081,411,71,1,1,1,1
702,8,2518,1067,43,25,1,1,1,1
703,5,742,1096,209,39,1,1,1,1
703,6,2207,1076,145,41,1,1,1,1
703,7,47,1081,410,71,1,1,1,1
703,8,2516,1067,45,25,1,1,1,1
704,5,731,1096,210,39,1,1,1,1
704,6,2212,1076,144,41,1,1,1,1
704,7,59,1081,409,72,1,1,1,1
704,8,2514,1067,47,24,1,1,1,1
705,5,720,1096,211,39,1,1,1,1
705,6,2217,1076,144,41,1,1,1,1
705,7,71,1081,408,72,1,1,1,1
705,8,2512,1067,50,24,1,1,1,1
706,5,710,1095,211,39,1,1,1,1
706,6,2222,1076,143,41,1,1,1,1
706,7,83,1081,407,72,1,1,1,1
706,8,2510,1067,52,24,1,1,1,1
707,5,699,1095,212,39,1,1,1,1
707,6,2227,1076,143,41,1,1,1,1
707,7,95,1081,406,72,1,1,1,1
707,8,2508,1067,53,24,1,1,1,1
708,5,688,1095,213,39,1,1,1,1
708,6,2231,1076,142,41,1,1,1,1
708,7,107,1080,405,72,1,1,1,1
708,8,2506,1067,54,24,1,1,1,1
709,5,678,1095,214,39,1,1,1,1
709,6,2236,1076,142,41,1,1,1,1
709,7,119,1080,404,72,1,1,1,1
709,8,2504,1067,55,24,1,1,1,1
710,5,667,1095,215,40,1,1,1,1
710,6,2240,1076,142,41,1,1,1,1
710,7,131,1080,403,73,1,1,1,1
710,8,2502,1067,56,24,1,1,1,1
711,5,656,1095,216,40,1,1,1,1
711,6,2245,1075,141,41,1,1,1,1
711,7,143,1080,402,73,1,1,1,1
711,8,2500,1068,57,23,1,1,1,1
712,5,645,1095,217,40,1,1,1,1
712,6,2249,1075,141,41,1,1,1,1
712,7,155,1080,401,73,1,1,1,1
712,8,2498,1068,58,23,1,1,1,1
713,5,635,1095,218,40,1,1,1,1
713,6,2254,1075,141,41,1,1,1,1
713,7,167,1080,400,73,1,1,1,1
713,8,2496,1068,59,23,1,1,1,1
714,5,624,1095,219,40,1,1,1,1
714,6,2258,1075,140,40,1,1,1,1
714,7,178,1080,399,73,1,1,1,1
714,8,2494,1068,60,23,1,1,1,1
715,5,614,1095,219,40,1,1,1,1
715,6,2263,1075,140,40,1,1,1,1
715,7,189,1080,397,72,1,1,1,1
715,8,2492,1068,61,23,1,1,1,1
716,5,603,1095,219,40,1,1,1,1
716,6,2267,1075,140,40,1,1,1,1
716,7,201,1081,396,72,1,1,1,1
716,8,2490,1068,61,23,1,1,1,1
717,5,593,1094,218,40,1,1,1,1
717,6,2272,1075,139,40,1,1,1,1
717,7,212,1081,395,72,1,1,1,1
717,8,2488,1068,61,23,1,1,1,1
718,5,582,1094,218,40,1,1,1,1
718,6,2276,1075,139,40,1,1,1,1
718,7,223,1081,394,72,1,1,1,1
718,8,2486,1068,61,23,1,1,1,1
719,5,570,1094,219,40,1,1,1,1
719,6,2281,1075,139,40,1,1,1,1
719,7,234,1081,392,71,1,1,1,1
719,8,2484,1068,60,24,1,1,1,1
720,5,558,1094,220,40,1,1,1,1
720,6,2286,1075,139,40,1,1,1,1
720,7,246,1082,391,71,1,1,1,1
720,8,2482,1068,60,24,1,1,1,1
721,5,546,1093,220,40,1,1,1,1
721,6,2290,1074,138,40,1,1,1,1
721,7,257,1082,390,71,1,1,1,1
721,8,2480,1068,60,24,1,1,1,1
722,5,534,1093,221,40,1,1,1,1
722,6,2295,1074,138,40,1,1,1,1
722,7,268,1082,388,70,1,1,1,1
722,8,2478,1068,60,24,1,1,1,1
723,5,522,1093,222,41,1,1,1,1
723,6,2299,1074,138,40,1,1,1,1
723,7,279,1082,387,70,1,1,1,1
723,8,2476,1068,60,24,1,1,1,1
724,5,510,1093,223,41,1,1,1,1
724,6,2304,1074,137,40,1,1,1,1
724,7,291,1083,386,70,1,1,1,1
724,8,2474,1068,60,24,1,1,1,1
725,5,498,1093,224,41,1,1,1,1
725,6,2308,1074,137,40,1,1,1,1
725,7,302,1083,384,69,1,1,1,1
725,8,2472,1068,60,24,1,1,1,1
726,5,486,1092,224,41,1,1,1,1
726,6,2313,1074,137,40,1,1,1,1
726,7,313,1083,383,69,1,1,1,1
726,8,2470,1068,60,24,1,1,1,1
727,5,474,1092,225,41,1,1,1,1
727,6,2317,1074,136,40,1,1,1,1
727,7,324,1083,382,69,1,1,1,1
727,8,2468,1068,59,25,1,1,1,1
728,5,462,1092,226,41,1,1,1,1
728,6,2322,1074,136,39,1,1,1,1
728,7,336,1084,381,69,1,1,1,1
728,8,2466,1068,59,25,1,1,1,1
729,5,450,1092,227,41,1,1,1,1
729,6,2326,1074,136,39,1,1,1,1
729,7,347,1084,379,68,1,1,1,1
729,8,2464,1068,59,25,1,1,1,1
730,5,438,1092,228,41,1,1,1,1
730,6,2331,1073,135,39,1,1,1,1
730,7,358,1084,378,68,1,1,1,1
730,8,2462,1068,59,25,1,1,1,1
731,5,427,1092,229,42,1,1,1,1
731,6,2335,1073,135,39,1,1,1,1
731,7,369,1084,377,68,1,1,1,1
731,8,2460,1068,59,25,1,1,1,1
732,5,415,1091,229,42,1,1,1,1
732,6,2340,1073,135,39,1,1,1,1
732,7,380,1084,376,68,1,1,1,1
732,8,2457,1068,59,25,1,1,1,1
733,5,403,1091,230,42,1,1,1,1
733,6,2344,1073,134,39,1,1,1,1
733,7,391,1084,375,68,1,1,1,1
733,8,2455,1068,60,25,1,1,1,1
734,5,391,1091,231,42,1,1,1,1
734,6,2349,1073,134,39,1,1,1,1
734,7,401,1084,374,68,1,1,1,1
734,8,2453,1068,60,25,1,1,1,1
735,5,379,1091,232,42,1,1,1,1
735,6,2353,1073,134,39,1,1,1,1
735,7,412,1084,373,68,1,1,1,1
735,8,2451,1069,60,25,1,1,1,1
735,9,0,1108,21,34,1,1,1,1
736,5,367,1091,233,42,1,1,1,1
736,6,2357,1073,134,39,1,1,1,1
736,7,423,1084,372,68,1,1,1,1
736,8,2448,1069,60,25,1,1,1,1
736,9,0,1104,41,40,1,1,1,1
737,5,355,1090,233,42,1,1,1,1
737,6,2361,1073,134,39,1,1,1,1
737,7,434,1084,371,68,1,1,1,1
737,8,2446,1069,60,25,1,1,1,1
737,9,0,1104,59,40,1,1,1,1
738,5,343,1090,234,42,1,1,1,1
738,6,2365,1073,133,38,1,1,1,1
738,7,445,1084,370,68,1,1,1,1
738,8,2444,1069,60,24,1,1,1,1
738,9,0,1104,77,41,1,1,1,1
739,5,331,1090,235,42,1,1,1,1
739,6,2369,1074,133,38,1,1,1,1
739,7,456,1084,369,68,1,1,1,1
739,8,2441,1069,61,24,1,1,1,1
739,9,0,1104,95,41,1,1,1,1
740,5,319,1090,236,43,1,1,1,1
740,6,2373,1074,133,38,1,1,1,1
740,7,467,1084,368,68,1,1,1,1
740,8,2439,1069,61,24,1,1,1,1
740,9,0,1104,114,41,1,1,1,1
741,5,307,1090,237,43,1,1,1,1
741,6,2377,1074,133,38,1,1,1,1
741,7,477,1084,367,68,1,1,1,1
741,8,2437,1069,61,24,1,1,1,1
741,9,0,1103,132,41,1,1,1,1
742,5,295,1089,237,43,1,1,1,1
742,6,2381,1074,133,38,1,1,1,1
742,7,488,1084,366,68,1,1,1,1
742,8,2434,1069,61,24,1,1,1,1
742,9,0,1103,150,42,1,1,1,1
743,5,283,1089,238,43,1,1,1,1
743,6,2385,1074,133,38,1,1,1,1
743,7,499,1084,365,68,1,1,1,1
743,8,2432,1069,61,24,1,1,1,1
743,9,0,1103,168,42,1,1,1,1
744,5,271,1089,239,43,1,1,1,1
744,6,2388,1074,132,37,1,1,1,1
744,7,510,1084,364,68,1,1,1,1
744,8,2430,1069,61,24,1,1,1,1
744,9,0,1103,186,42,1,1,1,1
745,5,258,1090,241,42,1,1,1,1
745,6,2392,1074,132,37,1,1,1,1
745,7,520,1084,363,68,1,1,1,1
745,8,2428,1070,62,24,1,1,1,1
745,9,0,1103,202,42,1,1,1,1
746,5,245,1090,242,42,1,1,1,1
746,6,2396,1074,132,37,1,1,1,1
746,7,530,1084,361,68,1,1,1,1
746,8,2425,1070,62,24,1,1,1,1
746,9,0,1103,218,43,1,1,1,1
747,5,232,1091,244,41,1,1,1,1
747,6,2400,1074,132,37,1,1,1,1
747,7,540,1084,360,68,1,1,1,1
747,8,2423,1070,62,24,1,1,1,1
747,9,0,1103,234,43,1,1,1,1
748,5,219,1091,245,41,1,1,1,1
748,6,2404,1075,132,37,1,1,1,1
748,7,550,1084,358,67,1,1,1,1
748,8,2421,1070,62,24,1,1,1,1
748,9,0,1103,250,43,1,1,1,1
749,5,206,1092,247,40,1,1,1,1
749,6,2408,1075,132,37,1,1,1,1
749,7,560,1084,357,67,1,1,1,1
749,8,2418,1070,62,24,1,1,1,1
749,9,0,1103,266,43,1,1,1,1
750,5,193,1091,248,40,1,1,1,1
750,6,2412,1075,131,36,1,1,1,1
750,7,571,1085,355,67,1,1,1,1
750,8,2416,1070,62,24,1,1,1,1
750,9,0,1103,283,44,1,1,1,1
751,5,180,1091,249,40,1,1,1,1
751,6,2416,1075,131,36,1,1,1,1
751,7,581,1085,354,67,1,1,1,1
751,8,2414,1070,63,24,1,1,1,1
751,9,0,1102,299,44,1,1,1,1
752,5,166,1090,249,40,1,1,1,1
752,6,2420,1075,131,36,1,1,1,1
752,7,591,1085,352,67,1,1,1,1
752,8,2411,1070,63,24,1,1,1,1
752,9,0,1102,315,44,1,1,1,1
753,5,153,1090,250,40,1,1,1,1
753,6,2424,1077,131,34,1,1,1,1
753,7,601,1085,351,67,1,1,1,1
753,8,2409,1070,63,23,1,1,1,1
753,9,0,1102,331,44,1,1,1,1
754,5,140,1089,251,40,1,1,1,1
754,6,2429,1075,128,36,1,1,1,1
754,7,611,1085,349,67,1,1,1,1
754,8,2407,1070,63,23,1,1,1,1
754,9,0,1102,347,45,1,1,1,1
755,5,127,1088,252,39,1,1,1,1
755,6,2433,1073,125,37,1,1,1,1
755,7,621,1085,348,66,1,1,1,1
755,8,2405,1071,63,23,1,1,1,1
755,9,0,1102,363,45,1,1,1,1
756,5,114,1088,253,39,1,1,1,1
756,6,2438,1071,122,39,1,1,1,1
756,7,631,1085,346,66,1,1,1,1
756,8,2402,1071,63,23,1,1,1,1
756,9,0,1102,379,45,1,1,1,1
757,5,100,1087,253,39,1,1,1,1
757,6,2442,1071,118,39,1,1,1,1
757,7,641,1085,345,66,1,1,1,1
757,8,2400,1071,64,23,1,1,1,1
757,9,0,1091,396,57,1,1,1,1
758,5,87,1087,254,39,1,1,1,1
758,6,2446,1071,114,39,1,1,1,1
758,7,651,1085,343,66,1,1,1,1
758,8,2398,1071,64,23,1,1,1,1
758,9,0,1079,412,68,1,1,1,1
759,5,74,1086,255,39,1,1,1,1
759,6,2450,1071,110,38,1,1,1,1
759,7,661,1085,342,66,1,1,1,1
759,8,2395,1071,64,23,1,1,1,1
759,9,0,1077,428,70,1,1,1,1
760,5,60,1086,256,40,1,1,1,1
760,6,2454,1071,106,38,1,1,1,1
760,7,671,1085,340,66,1,1,1,1
760,8,2393,1071,64,23,1,1,1,1
760,9,0,1079,444,68,1,1,1,1
761,5,47,1086,257,41,1,1,1,1
761,6,2457,1071,103,38,1,1,1,1
761,7,682,1086,339,66,1,1,1,1
761,8,2390,1071,64,23,1,1,1,1
761,9,0,1081,460,66,1,1,1,1
762,5,33,1085,257,43,1,1,1,1
762,6,2461,1071,99,38,1,1,1,1
762,7,692,1086,338,65,1,1,1,1
762,8,2388,1071,64,23,1,1,1,1
762,9,7,1087,475,60,1,1,1,1
763,5,20,1085,258,44,1,1,1,1
763,6,2464,1070,96,38,1,1,1,1
763,7,702,1086,336,65,1,1,1,1
763,8,2385,1071,64,23,1,1,1,1
763,9,24,1086,473,61,1,1,1,1
764,5,6,1085,259,45,1,1,1,1
764,6,2468,1070,92,38,1,1,1,1
764,7,712,1086,335,65,1,1,1,1
764,8,2383,1071,65,23,1,1,1,1
764,9,41,1086,471,62,1,1,1,1
765,5,1,1086,251,44,1,1,1,1
765,6,2471,1070,89,38,1,1,1,1
765,7,722,1086,333,65,1,1,1,1
765,8,2380,1071,65,23,1,1,1,1
765,9,58,1085,468,63,1,1,1,1
766,5,0,1087,239,43,1,1,1,1
766,6,2475,1070,85,39,1,1,1,1
766,7,732,1086,332,65,1,1,1,1
766,8,2378,1071,65,23,1,1,1,1
766,9,75,1084,466,64,1,1,1,1
767,5,0,1088,226,41,1,1,1,1
767,6,2478,1070,82,39,1,1,1,1
767,7,742,1086,330,65,1,1,1,1
767,8,2375,1071,65,23,1,1,1,1
767,9,92,1084,464,65,1,1,1,1
768,5,0,1089,212,40,1,1,1,1
768,6,2482,1070,78,39,1,1,1,1
768,7,752,1086,329,64,1,1,1,1
768,8,2372,1072,65,23,1,1,1,1
768,9,109,1083,462,66,1,1,1,1
769,5,0,1090,199,39,1,1,1,1
769,6,2485,1069,75,39,1,1,1,1
769,7,762,1086,327,64,1,1,1,1
769,8,2370,1072,65,23,1,1,1,1
769,9,127,1082,459,66,1,1,1,1
770,5,0,1091,185,37,1,1,1,1
770,6,2489,1069,71,39,1,1,1,1
770,7,772,1086,326,64,1,1,1,1
770,8,2367,1072,65,24,1,1,1,1
770,9,144,1081,457,67,1,1,1,1
771,5,0,1092,172,36,1,1,1,1
771,6,2492,1069,68,39,1,1,1,1
771,7,782,1086,324,64,1,1,1,1
771,8,2365,1072,65,24,1,1,1,1
771,9,161,1081,455,68,1,1,1,1
772,5,0,1093,158,35,1,1,1,1
772,6,2496,1069,64,39,1,1,1,1
772,7,792,1086,323,64,1,1,1,1
772,8,2362,1072,66,24,1,1,1,1
772,9,178,1080,453,69,1,1,1,1
773,5,0,1092,145,35,1,1,1,1
773,6,2500,1069,60,39,1,1,1,1
773,7,803,1087,321,64,1,1,1,1
773,8,2359,1072,66,24,1,1,1,1
773,9,195,1079,450,70,1,1,1,1
774,5,0,1091,132,36,1,1,1,1
774,6,2504,1070,56,39,1,1,1,1
774,7,813,1087,320,64,1,1,1,1
774,8,2357,1072,66,24,1,1,1,1
774,9,212,1079,448,71,1,1,1,1
775,5,0,1091,118,36,1,1,1,1
775,6,2508,1070,52,38,1,1,1,1
775,7,823,1087,318,63,1,1,1,1
775,8,2354,1072,66,24,1,1,1,1
775,9,229,1078,446,72,1,1,1,1
776,5,0,1090,105,37,1,1,1,1
776,6,2512,1070,48,38,1,1,1,1
776,7,833,1087,317,63,1,1,1,1
776,8,2352,1072,66,24,1,1,1,1
776,9,245,1078,443,72,1,1,1,1
777,5,0,1089,92,37,1,1,1,1
777,6,2516,1070,44,38,1,1,1,1
777,7,843,1087,315,63,1,1,1,1
777,8,2349,1072,66,24,1,1,1,1
777,9,261,1079,441,71,1,1,1,1
778,5,0,1089,79,37,1,1,1,1
778,6,2520,1070,40,37,1,1,1,1
778,7,853,1087,314,63,1,1,1,1
778,8,2347,1072,66,24,1,1,1,1
778,9,277,1079,438,71,1,1,1,1
779,5,0,1090,65,37,1,1,1,1
779,6,2524,1071,36,37,1,1,1,1
779,7,862,1087,313,63,1,1,1,1
779,8,2344,1072,67,24,1,1,1,1
779,9,292,1079,435,70,1,1,1,1
780,5,0,1090,52,37,1,1,1,1
780,6,2528,1071,32,36,1,1,1,1
780,7,871,1087,311,63,1,1,1,1
780,8,2341,1072,67,24,1,1,1,1
780,9,308,1079,432,70,1,1,1,1
781,5,0,1091,38,36,1,1,1,1
781,6,2532,1071,28,35,1,1,1,1
781,7,880,1087,310,63,1,1,1,1
781,8,2339,1072,67,24,1,1,1,1
781,9,324,1080,430,69,1,1,1,1
782,5,0,1091,23,34,1,1,1,1
782,6,2536,1072,24,35,1,1,1,1
782,7,889,1087,309,63,1,1,1,1
782,8,2336,1072,67,24,1,1,1,1
782,9,340,1080,427,69,1,1,1,1
783,6,2540,1072,20,34,1,1,1,1
783,7,898,1087,307,63,1,1,1,1
783,8,2334,1073,67,24,1,1,1,1
783,9,356,1080,424,69,1,1,1,1
784,6,2543,1079,18,27,1,1,1,1
784,7,908,1087,306,62,1,1,1,1
784,8,2331,1073,67,24,1,1,1,1
784,9,372,1081,422,68,1,1,1,1
785,6,2546,1086,15,20,1,1,1,1
785,7,917,1087,305,62,1,1,1,1
785,8,2328,1073,67,24,1,1,1,1
785,9,388,1081,419,68,1,1,1,1
786,7,926,1087,303,62,1,1,1,1
786,8,2326,1073,67,24,1,1,1,1
786,9,403,1081,416,67,1,1,1,1
787,7,935,1087,302,62,1,1,1,1
787,8,2323,1073,68,24,1,1,1,1
787,9,419,1081,413,67,1,1,1,1
788,7,944,1087,301,62,1,1,1,1
788,8,2321,1073,68,24,1,1,1,1
788,9,435,1082,411,66,1,1,1,1
789,7,953,1086,299,62,1,1,1,1
789,8,2318,1073,68,24,1,1,1,1
789,9,451,1082,408,66,1,1,1,1
790,7,962,1086,298,62,1,1,1,1
790,8,2316,1073,68,25,1,1,1,1
790,9,466,1082,407,66,1,1,1,1
791,7,971,1086,297,62,1,1,1,1
791,8,2313,1073,68,25,1,1,1,1
791,9,480,1083,405,65,1,1,1,1
792,7,980,1086,295,62,1,1,1,1
792,8,2310,1073,68,25,1,1,1,1
792,9,495,1083,404,65,1,1,1,1
793,7,989,1086,294,62,1,1,1,1
793,8,2308,1073,68,25,1,1,1,1
793,9,510,1084,402,65,1,1,1,1
794,7,999,1086,293,61,1,1,1,1
794,8,2305,1073,69,25,1,1,1,1
794,9,524,1084,401,64,1,1,1,1
795,7,1008,1086,291,61,1,1,1,1
795,8,2303,1073,69,25,1,1,1,1
795,9,539,1084,399,64,1,1,1,1
796,7,1017,1086,290,61,1,1,1,1
796,8,2300,1073,69,25,1,1,1,1
796,9,553,1085,398,63,1,1,1,1
797,7,1026,1086,289,61,1,1,1,1
797,8,2297,1073,69,25,1,1,1,1
797,9,568,1085,396,63,1,1,1,1
798,7,1035,1086,287,61,1,1,1,1
798,8,2295,1074,69,25,1,1,1,1
798,9,582,1085,394,63,1,1,1,1
799,7,1044,1086,286,61,1,1,1,1
799,8,2292,1074,69,25,1,1,1,1
799,9,597,1086,393,62,1,1,1,1
800,7,1052,1086,285,61,1,1,1,1
800,8,2290,1074,69,25,1,1,1,1
800,9,611,1086,391,62,1,1,1,1
801,7,1059,1086,284,61,1,1,1,1
801,8,2287,1074,69,25,1,1,1,1
801,9,626,1086,389,62,1,1,1,1
802,7,1067,1086,283,61,1,1,1,1
802,8,2285,1074,70,25,1,1,1,1
802,9,640,1086,388,61,1,1,1,1
803,7,1075,1086,282,61,1,1,1,1
803,8,2282,1074,70,25,1,1,1,1
803,9,655,1087,386,61,1,1,1,1
804,7,1082,1085,281,61,1,1,1,1
804,8,2279,1074,70,25,1,1,1,1
804,9,669,1087,385,60,1,1,1,1
805,7,1090,1085,280,61,1,1,1,1
805,8,2277,1074,70,25,1,1,1,1
805,9,684,1087,383,60,1,1,1,1
806,7,1098,1085,280,61,1,1,1,1
806,8,2274,1074,70,25,1,1,1,1
806,9,698,1087,381,60,1,1,1,1
807,7,1105,1085,279,61,1,1,1,1
807,8,2272,1074,70,25,1,1,1,1
807,9,713,1088,380,59,1,1,1,1
808,7,1113,1085,278,61,1,1,1,1
808,8,2269,1074,70,25,1,1,1,1
808,9,727,1088,378,59,1,1,1,1
809,7,1121,1085,277,61,1,1,1,1
809,8,2266,1074,71,25,1,1,1,1
809,9,741,1088,375,59,1,1,1,1
810,7,1128,1085,276,61,1,1,1,1
810,8,2264,1074,71,26,1,1,1,1
810,9,755,1088,372,58,1,1,1,1
811,7,1136,1085,275,61,1,1,1,1
811,8,2261,1074,71,26,1,1,1,1
811,9,768,1089,368,58,1,1,1,1
812,7,1144,1085,274,61,1,1,1,1
812,8,2259,1074,71,26,1,1,1,1
812,9,782,1089,365,57,1,1,1,1
813,7,1151,1084,273,61,1,1,1,1
813,8,2256,1075,71,26,1,1,1,1
813,9,796,1089,362,57,1,1,1,1
814,7,1159,1084,272,61,1,1,1,1
814,8,2254,1075,71,26,1,1,1,1
814,9,808,1089,359,57,1,1,1,1
815,7,1167,1084,271,61,1,1,1,1
815,8,2251,1075,71,26,1,1,1,1
815,9,821,1089,357,57,1,1,1,1
816,7,1174,1084,270,61,1,1,1,1
816,8,2248,1075,71,26,1,1,1,1
816,9,833,1089,354,57,1,1,1,1
817,7,1182,1084,269,61,1,1,1,1
817,8,2246,1075,72,26,1,1,1,1
817,9,845,1089,352,56,1,1,1,1
818,7,1190,1084,268,61,1,1,1,1
818,8,2243,1075,72,26,1,1,1,1
818,9,858,1089,349,56,1,1,1,1
819,7,1197,1084,267,61,1,1,1,1
819,8,2241,1075,72,26,1,1,1,1
819,9,870,1089,346,56,1,1,1,1
820,7,1205,1084,267,61,1,1,1,1
820,8,2238,1075,72,26,1,1,1,1
820,9,882,1089,344,56,1,1,1,1
821,7,1213,1084,266,61,1,1,1,1
821,8,2235,1075,72,26,1,1,1,1
821,9,895,1088,341,56,1,1,1,1
822,7,1220,1083,265,61,1,1,1,1
822,8,2232,1075,73,26,1,1,1,1
822,9,907,1088,339,56,1,1,1,1
823,7,1228,1083,264,61,1,1,1,1
823,8,2229,1075,73,26,1,1,1,1
823,9,919,1088,336,56,1,1,1,1
824,7,1236,1083,263,61,1,1,1,1
824,8,2226,1075,74,26,1,1,1,1
824,9,932,1088,334,55,1,1,1,1
825,7,1243,1083,262,61,1,1,1,1
825,8,2223,1075,74,26,1,1,1,1
825,9,944,1088,331,55,1,1,1,1
826,7,1251,1083,261,61,1,1,1,1
826,8,2219,1075,75,27,1,1,1,1
826,9,956,1088,328,55,1,1,1,1
827,7,1257,1083,260,61,1,1,1,1
827,8,2216,1075,75,27,1,1,1,1
827,9,969,1088,326,55,1,1,1,1
828,7,1264,1083,259,61,1,1,1,1
828,8,2213,1075,75,27,1,1,1,1
828,9,981,1088,323,55,1,1,1,1
829,7,1270,1083,258,61,1,1,1,1
829,8,2210,1075,76,27,1,1,1,1
829,9,994,1088,321,55,1,1,1,1
830,7,1276,1083,257,60,1,1,1,1
830,8,2207,1075,76,27,1,1,1,1
830,9,1006,1088,318,55,1,1,1,1
831,7,1282,1083,256,60,1,1,1,1
831,8,2204,1075,77,27,1,1,1,1
831,9,1018,1088,315,55,1,1,1,1
832,7,1289,1083,255,60,1,1,1,1
832,8,2201,1075,77,27,1,1,1,1
832,9,1031,1088,313,54,1,1,1,1
833,7,1295,1084,254,60,1,1,1,1
833,8,2198,1075,78,27,1,1,1,1
833,9,1043,1088,310,54,1,1,1,1
834,7,1301,1084,253,60,1,1,1,1
834,8,2195,1075,78,27,1,1,1,1
834,9,1055,1088,308,54,1,1,1,1
835,7,1308,1084,252,60,1,1,1,1
835,8,2192,1075,78,27,1,1,1,1
835,9,1068,1087,305,54,1,1,1,1
836,7,1314,1084,251,60,1,1,1,1
836,8,2189,1075,79,27,1,1,1,1
836,9,1080,1087,303,54,1,1,1,1
837,7,1320,1084,250,59,1,1,1,1
837,8,2185,1076,79,28,1,1,1,1
837,9,1092,1087,300,54,1,1,1,1
838,7,1326,1084,249,59,1,1,1,1
838,8,2182,1076,80,28,1,1,1,1
838,9,1105,1087,297,54,1,1,1,1
839,7,1333,1084,248,59,1,1,1,1
839,8,2179,1076,80,28,1,1,1,1
839,9,1117,1087,295,53,1,1,1,1
840,7,1339,1084,247,59,1,1,1,1
840,8,2176,1076,80,28,1,1,1,1
840,9,1129,1087,292,53,1,1,1,1
841,7,1345,1084,246,59,1,1,1,1
841,8,2173,1076,81,28,1,1,1,1
841,9,1142,1087,290,53,1,1,1,1
842,7,1352,1084,245,59,1,1,1,1
842,8,2170,1076,81,28,1,1,1,1
842,9,1154,1087,287,53,1,1,1,1
843,7,1358,1084,244,59,1,1,1,1
843,8,2167,1076,82,28,1,1,1,1
843,9,1165,1087,286,53,1,1,1,1
844,7,1364,1084,243,58,1,1,1,1
844,8,2164,1076,82,28,1,1,1,1
844,9,1176,1087,284,53,1,1,1,1
845,7,1370,1084,242,58,1,1,1,1
845,8,2161,1076,83,28,1,1,1,1
845,9,1187,1087,283,53,1,1,1,1
846,7,1377,1084,241,58,1,1,1,1
846,8,2158,1076,83,28,1,1,1,1
846,9,1198,1087,281,53,1,1,1,1
847,7,1383,1085,240,58,1,1,1,1
847,8,2155,1076,83,28,1,1,1,1
847,9,1209,1087,280,53,1,1,1,1
848,7,1389,1085,239,58,1,1,1,1
848,8,2151,1076,84,29,1,1,1,1
848,9,1220,1087,278,53,1,1,1,1
849,7,1396,1085,238,58,1,1,1,1
849,8,2148,1076,84,29,1,1,1,1
849,9,1230,1086,277,52,1,1,1,1
850,7,1402,1085,237,58,1,1,1,1
850,8,2145,1076,85,29,1,1,1,1
850,9,1241,1086,275,52,1,1,1,1
851,7,1408,1085,236,57,1,1,1,1
851,8,2142,1076,85,29,1,1,1,1
851,9,1252,1086,274,52,1,1,1,1
852,7,1414,1085,235,57,1,1,1,1
852,8,2139,1076,86,29,1,1,1,1
852,9,1263,1086,272,52,1,1,1,1
853,7,1421,1085,234,57,1,1,1,1
853,8,2136,1076,86,29,1,1,1,1
853,9,1274,1086,271,52,1,1,1,1
854,7,1427,1085,233,57,1,1,1,1
854,8,2133,1076,86,29,1,1,1,1
854,9,1285,1086,269,52,1,1,1,1
855,7,1432,1085,232,57,1,1,1,1
855,8,2129,1076,87,29,1,1,1,1
855,9,1295,1086,267,52,1,1,1,1
856,7,1437,1085,231,57,1,1,1,1
856,8,2126,1076,87,29,1,1,1,1
856,9,1304,1086,266,52,1,1,1,1
857,7,1443,1085,230,56,1,1,1,1
857,8,2122,1077,87,29,1,1,1,1
857,9,1314,1086,264,52,1,1,1,1
858,7,1448,1085,229,56,1,1,1,1
858,8,2119,1077,87,29,1,1,1,1
858,9,1323,1086,262,51,1,1,1,1
859,7,1453,1085,228,56,1,1,1,1
859,8,2115,1077,88,29,1,1,1,1
859,9,1333,1086,261,51,1,1,1,1
860,7,1458,1085,227,56,1,1,1,1
860,8,2112,1077,88,29,1,1,1,1
860,9,1343,1086,259,51,1,1,1,1
861,7,1463,1085,226,55,1,1,1,1
861,8,2108,1077,88,29,1,1,1,1
861,9,1352,1085,257,51,1,1,1,1
862,7,1468,1085,225,55,1,1,1,1
862,8,2105,1077,89,29,1,1,1,1
862,9,1362,1085,255,51,1,1,1,1
863,7,1474,1085,224,55,1,1,1,1
863,8,2101,1077,89,29,1,1,1,1
863,9,1372,1085,254,51,1,1,1,1
864,7,1479,1085,223,55,1,1,1,1
864,8,2098,1077,89,29,1,1,1,1
864,9,1381,1085,252,50,1,1,1,1
865,7,1484,1086,222,55,1,1,1,1
865,8,2094,1078,89,29,1,1,1,1
865,9,1391,1085,250,50,1,1,1,1
866,7,1489,1086,220,54,1,1,1,1
866,8,2091,1078,90,29,1,1,1,1
866,9,1400,1085,249,50,1,1,1,1
867,7,1494,1086,219,54,1,1,1,1
867,8,2087,1078,90,29,1,1,1,1
867,9,1410,1085,247,50,1,1,1,1
868,7,1500,1086,218,54,1,1,1,1
868,8,2084,1078,90,29,1,1,1,1
868,9,1419,1085,247,50,1,1,1,1
869,7,1505,1086,217,54,1,1,1,1
869,8,2080,1078,91,29,1,1,1,1
869,9,1429,1085,247,50,1,1,1,1
870,7,1510,1086,216,53,1,1,1,1
870,8,2077,1078,91,29,1,1,1,1
870,9,1438,1085,247,50,1,1,1,1
871,7,1515,1086,215,53,1,1,1,1
871,8,2073,1078,91,29,1,1,1,1
871,9,1447,1085,247,50,1,1,1,1
872,7,1520,1086,214,53,1,1,1,1
872,8,2070,1078,91,29,1,1,1,1
872,9,1457,1084,247,49,1,1,1,1
873,7,1525,1086,213,53,1,1,1,1
873,8,2066,1079,92,29,1,1,1,1
873,9,1466,1084,247,49,1,1,1,1
874,7,1531,1086,212,52,1,1,1,1
874,8,2063,1079,92,29,1,1,1,1
874,9,1475,1084,247,49,1,1,1,1
875,7,1536,1086,211,52,1,1,1,1
875,8,2059,1079,92,29,1,1,1,1
875,9,1485,1084,247,49,1,1,1,1
876,7,1541,1086,210,52,1,1,1,1
876,8,2056,1079,93,29,1,1,1,1
876,9,1494,1084,247,49,1,1,1,1
877,7,1546,1086,209,52,1,1,1,1
877,8,2052,1079,93,28,1,1,1,1
877,9,1502,1084,247,49,1,1,1,1
878,7,1551,1086,209,52,1,1,1,1
878,8,2049,1079,93,28,1,1,1,1
878,9,1511,1084,246,49,1,1,1,1
879,7,1555,1086,208,52,1,1,1,1
879,8,2045,1079,93,28,1,1,1,1
879,9,1519,1084,246,49,1,1,1,1
880,7,1560,1086,208,51,1,1,1,1
880,8,2042,1080,94,28,1,1,1,1
880,9,1528,1084,245,49,1,1,1,1
881,7,1565,1086,207,51,1,1,1,1
881,8,2038,1080,94,28,1,1,1,1
881,9,1536,1083,245,48,1,1,1,1
882,7,1570,1086,206,51,1,1,1,1
882,8,2035,1080,94,28,1,1,1,1
882,9,1545,1083,244,48,1,1,1,1
883,7,1575,1086,206,51,1,1,1,1
883,8,2031,1080,94,28,1,1,1,1
883,9,1553,1083,244,48,1,1,1,1
884,7,1579,1086,205,51,1,1,1,1
884,8,2028,1080,95,28,1,1,1,1
884,9,1562,1083,243,48,1,1,1,1
885,7,1584,1085,204,51,1,1,1,1
885,8,2024,1080,95,28,1,1,1,1
885,9,1570,1083,243,48,1,1,1,1
886,7,1589,1085,204,51,1,1,1,1
886,8,2021,1080,95,28,1,1,1,1
886,9,1578,1083,242,48,1,1,1,1
887,7,1594,1085,203,50,1,1,1,1
887,8,2017,1080,96,28,1,1,1,1
887,9,1585,1084,242,48,1,1,1,1
888,7,1599,1085,203,50,1,1,1,1
888,8,2014,1081,96,28,1,1,1,1
888,9,1593,1084,241,48,1,1,1,1
889,7,1603,1085,202,50,1,1,1,1
889,8,2010,1081,96,28,1,1,1,1
889,9,1601,1084,241,48,1,1,1,1
890,7,1608,1085,201,50,1,1,1,1
890,8,2007,1081,96,28,1,1,1,1
890,9,1608,1084,241,48,1,1,1,1
891,7,1613,1085,201,50,1,1,1,1
891,8,2003,1081,97,28,1,1,1,1
891,9,1616,1084,241,48,1,1,1,1
892,7,1618,1085,200,50,1,1,1,1
892,8,2000,1081,97,28,1,1,1,1
892,9,1624,1084,240,48,1,1,1,1
893,7,1623,1085,200,50,1,1,1,1
893,8,1996,1081,97,28,1,1,1,1
893,9,1632,1084,239,48,1,1,1,1
894,7,1627,1085,199,49,1,1,1,1
894,8,1993,1081,98,28,1,1,1,1
894,9,1640,1084,239,48,1,1,1,1
895,7,1632,1085,198,49,1,1,1,1
895,8,1989,1081,98,28,1,1,1,1
895,9,1647,1083,238,47,1,1,1,1
896,7,1637,1085,198,49,1,1,1,1
896,8,1986,1082,98,28,1,1,1,1
896,9,1655,1083,237,47,1,1,1,1
897,7,1642,1085,197,49,1,1,1,1
897,8,1982,1082,98,28,1,1,1,1
897,9,1663,1083,236,47,1,1,1,1
898,7,1646,1085,196,49,1,1,1,1
898,8,1979,1082,99,28,1,1,1,1
898,9,1671,1083,235,47,1,1,1,1
899,7,1651,1085,196,49,1,1,1,1
899,8,1975,1082,99,28,1,1,1,1
899,9,1679,1083,234,47,1,1,1,1
900,7,1656,1085,195,48,1,1,1,1
900,8,1971,1082,99,28,1,1,1,1
900,9,1686,1083,233,47,1,1,1,1
901,7,1661,1085,195,48,1,1,1,1
901,8,1967,1082,99,28,1,1,1,1
901,9,1694,1083,232,46,1,1,1,1
902,7,1666,1084,194,48,1,1,1,1
902,8,1963,1082,99,28,1,1,1,1
902,9,1702,1083,231,46,1,1,1,1
903,7,1670,1084,193,48,1,1,1,1
903,8,1960,1082,100,28,1,1,1,1
903,9,1710,1083,231,46,1,1,1,1
904,7,1675,1084,193,48,1,1,1,1
904,8,1956,1082,100,28,1,1,1,1
904,9,1717,1082,230,46,1,1,1,1
905,7,1680,1084,192,48,1,1,1,1
905,8,1952,1082,100,28,1,1,1,1
905,9,1725,1082,229,46,1,1,1,1
906,7,1685,1084,191,48,1,1,1,1
906,8,1948,1082,100,28,1,1,1,1
906,9,1733,1082,228,46,1,1,1,1
907,7,1690,1084,191,47,1,1,1,1
907,8,1944,1082,100,28,1,1,1,1
907,9,1741,1082,227,45,1,1,1,1
908,7,1694,1084,190,47,1,1,1,1
908,8,1940,1082,100,28,1,1,1,1
908,9,1748,1082,226,45,1,1,1,1
909,7,1699,1084,190,47,1,1,1,1
909,8,1935,1082,101,28,1,1,1,1
909,9,1756,1082,225,45,1,1,1,1
910,7,1704,1084,189,47,1,1,1,1
910,8,1931,1082,101,28,1,1,1,1
910,9,1764,1082,225,45,1,1,1,1
911,7,1709,1084,189,47,1,1,1,1
911,8,1927,1082,102,28,1,1,1,1
911,9,1771,1082,225,45,1,1,1,1
912,7,1714,1084,188,47,1,1,1,1
912,8,1922,1082,102,28,1,1,1,1
912,9,1779,1082,224,45,1,1,1,1
913,7,1718,1084,188,47,1,1,1,1
913,8,1918,1083,103,28,1,1,1,1
913,9,1786,1082,224,44,1,1,1,1
914,7,1723,1084,188,47,1,1,1,1
914,8,1913,1083,103,28,1,1,1,1
914,9,1794,1082,224,44,1,1,1,1
915,7,1728,1084,187,47,1,1,1,1
915,8,1909,1083,104,28,1,1,1,1
915,9,1802,1082,224,44,1,1,1,1
916,7,1733,1083,187,47,1,1,1,1
916,8,1905,1083,104,28,1,1,1,1
916,9,1809,1081,223,44,1,1,1,1
917,7,1738,1083,187,47,1,1,1,1
917,8,1900,1083,104,28,1,1,1,1
917,9,1817,1081,223,44,1,1,1,1
918,7,1742,1083,186,47,1,1,1,1
918,8,1896,1083,105,28,1,1,1,1
918,9,1825,1081,223,44,1,1,1,1
919,7,1747,1083,186,47,1,1,1,1
919,8,1892,1083,105,28,1,1,1,1
919,9,1832,1081,223,43,1,1,1,1
920,7,1752,1083,186,47,1,1,1,1
920,8,1887,1083,106,28,1,1,1,1
920,9,1840,1081,222,43,1,1,1,1
921,7,1757,1083,185,46,1,1,1,1
921,8,1883,1083,106,28,1,1,1,1
921,9,1847,1081,222,43,1,1,1,1
922,7,1761,1083,185,46,1,1,1,1
922,8,1879,1083,107,28,1,1,1,1
922,9,1855,1081,222,43,1,1,1,1
923,7,1766,1083,185,46,1,1,1,1
923,8,1874,1084,107,28,1,1,1,1
923,9,1861,1081,222,43,1,1,1,1
924,7,1771,1083,184,46,1,1,1,1
924,8,1870,1084,107,28,1,1,1,1
924,9,1867,1081,221,43,1,1,1,1
925,7,1776,1083,184,46,1,1,1,1
925,8,1865,1084,108,28,1,1,1,1
925,9,1873,1081,221,43,1,1,1,1
926,7,1781,1083,184,46,1,1,1,1
926,8,1861,1084,108,28,1,1,1,1
926,9,1879,1081,221,42,1,1,1,1
927,7,1785,1082,183,46,1,1,1,1
927,8,1857,1084,109,28,1,1,1,1
927,9,1885,1081,220,42,1,1,1,1
928,7,1790,1082,183,46,1,1,1,1
928,8,1852,1084,109,29,1,1,1,1
928,9,1891,1081,220,42,1,1,1,1
929,7,1795,1082,183,46,1,1,1,1
929,8,1848,1084,110,29,1,1,1,1
929,9,1900,1081,218,42,1,1,1,1
930,7,1800,1082,182,46,1,1,1,1
930,8,1844,1084,110,29,1,1,1,1
930,9,1909,1081,215,42,1,1,1,1
931,7,1805,1082,182,46,1,1,1,1
931,8,1839,1084,111,29,1,1,1,1
931,9,1917,1081,213,41,1,1,1,1
932,7,1809,1082,182,46,1,1,1,1
932,8,1835,1084,111,29,1,1,1,1
932,9,1926,1081,210,41,1,1,1,1
933,7,1814,1082,182,46,1,1,1,1
933,8,1830,1085,111,29,1,1,1,1
933,9,1935,1081,208,41,1,1,1,1
934,7,1819,1082,181,46,1,1,1,1
934,8,1826,1085,112,29,1,1,1,1
934,9,1942,1081,207,41,1,1,1,1
935,7,1824,1082,181,46,1,1,1,1
935,8,1822,1085,112,29,1,1,1,1
935,9,1950,1081,206,41,1,1,1,1
936,7,1829,1082,181,46,1,1,1,1
936,8,1817,1085,113,29,1,1,1,1
936,9,1957,1081,205,41,1,1,1,1
937,7,1833,1081,180,46,1,1,1,1
937,8,1813,1085,113,29,1,1,1,1
937,9,1965,1080,204,40,1,1,1,1
938,7,1838,1081,180,46,1,1,1,1
938,8,1809,1085,114,29,1,1,1,1
938,9,1972,1080,203,40,1,1,1,1
939,7,1843,1081,180,46,1,1,1,1
939,8,1804,1085,114,29,1,1,1,1
939,9,1980,1080,202,40,1,1,1,1
940,7,1848,1081,179,46,1,1,1,1
940,8,1800,1085,114,29,1,1,1,1
940,9,1987,1080,201,40,1,1,1,1
941,7,1853,1081,179,46,1,1,1,1
941,8,1796,1085,115,29,1,1,1,1
941,9,1994,1080,200,40,1,1,1,1
942,7,1857,1081,179,46,1,1,1,1
942,8,1791,1085,115,29,1,1,1,1
942,9,2001,1080,200,40,1,1,1,1
943,7,1862,1081,178,45,1,1,1,1
943,8,1787,1086,116,29,1,1,1,1
943,9,2008,1080,199,39,1,1,1,1
944,7,1867,1081,178,45,1,1,1,1
944,8,1782,1086,116,29,1,1,1,1
944,9,2015,1080,198,39,1,1,1,1
945,7,1872,1081,178,45,1,1,1,1
945,8,1778,1086,117,29,1,1,1,1
945,9,2022,1080,198,39,1,1,1,1
946,7,1876,1081,177,45,1,1,1,1
946,8,1774,1086,117,29,1,1,1,1
946,9,2030,1079,197,39,1,1,1,1
947,7,1881,1081,177,45,1,1,1,1
947,8,1769,1086,118,29,1,1,1,1
947,9,2037,1079,197,39,1,1,1,1
948,7,1886,1080,177,45,1,1,1,1
948,8,1765,1086,118,29,1,1,1,1
948,9,2044,1079,196,39,1,1,1,1
949,7,1891,1080,176,45,1,1,1,1
949,8,1761,1085,118,30,1,1,1,1
949,9,2051,1079,195,38,1,1,1,1
950,7,1896,1080,176,45,1,1,1,1
950,8,1757,1085,118,31,1,1,1,1
950,9,2058,1079,195,38,1,1,1,1
951,7,1900,1080,176,45,1,1,1,1
951,8,1752,1084,118,31,1,1,1,1
951,9,2065,1079,194,38,1,1,1,1
952,7,1905,1080,175,45,1,1,1,1
952,8,1748,1083,118,32,1,1,1,1
952,9,2071,1079,194,38,1,1,1,1
953,7,1910,1080,175,45,1,1,1,1
953,8,1743,1083,119,32,1,1,1,1
953,9,2078,1079,193,38,1,1,1,1
954,7,1914,1080,175,45,1,1,1,1
954,8,1737,1083,119,32,1,1,1,1
954,9,2084,1078,193,38,1,1,1,1
955,7,1918,1080,175,45,1,1,1,1
955,8,1732,1084,120,32,1,1,1,1
955,9,2090,1078,193,38,1,1,1,1
956,7,1922,1080,175,45,1,1,1,1
956,8,1727,1084,121,32,1,1,1,1
956,9,2097,1078,193,38,1,1,1,1
957,7,1926,1080,175,45,1,1,1,1
957,8,1722,1084,121,32,1,1,1,1
957,9,2103,1078,192,38,1,1,1,1
958,7,1931,1080,175,45,1,1,1,1
958,8,1716,1084,122,32,1,1,1,1
958,9,2109,1077,192,39,1,1,1,1
959,7,1935,1079,174,45,1,1,1,1
959,8,1711,1084,123,32,1,1,1,1
959,9,2115,1077,192,39,1,1,1,1
960,7,1939,1079,174,45,1,1,1,1
960,8,1706,1085,123,32,1,1,1,1
960,9,2122,1077,192,39,1,1,1,1
961,7,1943,1079,174,45,1,1,1,1
961,8,1701,1085,124,32,1,1,1,1
961,9,2128,1077,191,39,1,1,1,1
962,7,1947,1079,174,45,1,1,1,1
962,8,1695,1085,125,32,1,1,1,1
962,9,2134,1076,191,39,1,1,1,1
963,7,1951,1079,174,45,1,1,1,1
963,8,1690,1085,125,32,1,1,1,1
963,9,2141,1076,191,39,1,1,1,1
964,7,1955,1079,174,45,1,1,1,1
964,8,1685,1085,126,32,1,1,1,1
964,9,2147,1076,191,39,1,1,1,1
965,7,1959,1079,174,45,1,1,1,1
965,8,1680,1086,127,32,1,1,1,1
965,9,2153,1076,190,39,1,1,1,1
966,7,1964,1079,174,45,1,1,1,1
966,8,1674,1086,127,31,1,1,1,1
966,9,2160,1076,190,39,1,1,1,1
967,7,1968,1079,174,45,1,1,1,1
967,8,1669,1086,128,31,1,1,1,1
967,9,2166,1075,190,39,1,1,1,1
968,7,1972,1079,174,45,1,1,1,1
968,8,1664,1086,128,31,1,1,1,1
968,9,2172,1075,189,39,1,1,1,1
969,7,1976,1079,174,45,1,1,1,1
969,8,1658,1086,129,31,1,1,1,1
969,9,2179,1075,189,39,1,1,1,1
970,7,1980,1078,173,44,1,1,1,1
970,8,1653,1086,130,31,1,1,1,1
970,9,2185,1075,189,39,1,1,1,1
971,7,1984,1078,173,44,1,1,1,1
971,8,1648,1087,130,31,1,1,1,1
971,9,2191,1074,189,40,1,1,1,1
972,7,1988,1078,173,44,1,1,1,1
972,8,1643,1087,131,31,1,1,1,1
972,9,2197,1074,188,40,1,1,1,1
973,7,1992,1078,173,44,1,1,1,1
973,8,1637,1087,132,31,1,1,1,1
973,9,2204,1074,188,40,1,1,1,1
974,7,1997,1078,173,44,1,1,1,1
974,8,1632,1087,132,31,1,1,1,1
974,9,2210,1074,188,40,1,1,1,1
975,7,2001,1078,173,44,1,1,1,1
975,8,1627,1087,133,31,1,1,1,1
975,9,2216,1073,188,40,1,1,1,1
976,7,2005,1078,173,44,1,1,1,1
976,8,1622,1088,134,31,1,1,1,1
976,9,2223,1073,187,40,1,1,1,1
977,7,2009,1078,173,44,1,1,1,1
977,8,1616,1088,134,31,1,1,1,1
977,9,2229,1073,187,40,1,1,1,1
978,7,2013,1078,173,44,1,1,1,1
978,8,1611,1088,135,31,1,1,1,1
978,9,2235,1073,187,40,1,1,1,1
979,7,2017,1078,173,44,1,1,1,1
979,8,1605,1088,135,31,1,1,1,1
979,9,2241,1073,187,39,1,1,1,1
980,7,2021,1078,173,44,1,1,1,1
980,8,1600,1088,135,31,1,1,1,1
980,9,2247,1073,187,39,1,1,1,1
981,7,2025,1077,172,44,1,1,1,1
981,8,1594,1088,135,31,1,1,1,1
981,9,2253,1073,187,39,1,1,1,1
982,7,2030,1077,172,44,1,1,1,1
982,8,1589,1088,135,31,1,1,1,1
982,9,2259,1073,187,38,1,1,1,1
983,7,2034,1077,172,44,1,1,1,1
983,8,1583,1088,135,31,1,1,1,1
983,9,2266,1073,186,38,1,1,1,1
984,7,2038,1077,172,44,1,1,1,1
984,8,1578,1089,136,32,1,1,1,1
984,9,2272,1073,186,37,1,1,1,1
985,7,2042,1077,172,44,1,1,1,1
985,8,1572,1089,136,32,1,1,1,1
985,9,2278,1073,186,37,1,1,1,1
986,7,2046,1077,172,44,1,1,1,1
986,8,1567,1089,136,32,1,1,1,1
986,9,2284,1073,186,37,1,1,1,1
987,7,2050,1077,172,44,1,1,1,1
987,8,1561,1089,136,32,1,1,1,1
987,9,2290,1073,186,36,1,1,1,1
988,7,2054,1077,171,44,1,1,1,1
988,8,1556,1089,136,32,1,1,1,1
988,9,2296,1073,186,36,1,1,1,1
989,7,2058,1077,171,44,1,1,1,1
989,8,1550,1089,136,32,1,1,1,1
989,9,2302,1073,185,36,1,1,1,1
990,7,2063,1077,171,44,1,1,1,1
990,8,1544,1089,137,32,1,1,1,1
990,9,2309,1073,184,36,1,1,1,1
991,7,2067,1077,170,44,1,1,1,1
991,8,1537,1089,138,32,1,1,1,1
991,9,2315,1073,183,36,1,1,1,1
992,7,2071,1076,170,44,1,1,1,1
992,8,1531,1089,139,33,1,1,1,1
992,9,2322,1072,182,37,1,1,1,1
993,7,2075,1076,169,44,1,1,1,1
993,8,1525,1089,140,33,1,1,1,1
993,9,2328,1072,181,37,1,1,1,1
994,7,2079,1076,169,44,1,1,1,1
994,8,1518,1089,141,33,1,1,1,1
994,9,2335,1072,180,37,1,1,1,1
995,7,2083,1076,169,44,1,1,1,1
995,8,1512,1089,141,33,1,1,1,1
995,9,2341,1072,179,37,1,1,1,1
996,7,2087,1076,168,44,1,1,1,1
996,8,1506,1089,142,33,1,1,1,1
996,9,2347,1072,177,37,1,1,1,1
997,7,2091,1076,168,44,1,1,1,1
997,8,1499,1089,143,34,1,1,1,1
997,9,2354,1072,176,37,1,1,1,1
998,7,2096,1076,168,44,1,1,1,1
998,8,1493,1089,144,34,1,1,1,1
998,9,2360,1072,175,37,1,1,1,1
999,7,2100,1076,167,44,1,1,1,1
999,8,1487,1089,145,34,1,1,1,1
999,9,2367,1071,174,38,1,1,1,1
1000,7,2104,1076,167,44,1,1,1,1
1000,8,1480,1088,146,34,1,1,1,1
1000,9,2373,1071,173,38,1,1,1,1
1001,7,2108,1076,167,44,1,1,1,1
1001,8,1474,1088,147,34,1,1,1,1
1001,9,2380,1071,172,38,1,1,1,1
1002,7,2112,1075,166,43,1,1,1,1
1002,8,1468,1088,148,34,1,1,1,1
1002,9,2386,1071,171,38,1,1,1,1
1003,7,2116,1075,166,43,1,1,1,1
1003,8,1461,1088,149,35,1,1,1,1
1003,9,2393,1071,166,38,1,1,1,1
1004,7,2120,1075,165,43,1,1,1,1
1004,8,1455,1088,150,35,1,1,1,1
1004,9,2399,1071,161,38,1,1,1,1
1005,7,2125,1075,165,43,1,1,1,1
1005,8,1449,1088,150,35,1,1,1,1
1005,9,2405,1071,155,38,1,1,1,1
1006,7,2129,1075,165,43,1,1,1,1
1006,8,1442,1088,151,35,1,1,1,1
1006,9,2411,1071,149,38,1,1,1,1
1007,7,2133,1075,164,43,1,1,1,1
1007,8,1436,1088,152,35,1,1,1,1
1007,9,2417,1070,143,37,1,1,1,1
1008,7,2137,1075,164,43,1,1,1,1
1008,8,1430,1088,153,36,1,1,1,1
1008,9,2423,1070,137,37,1,1,1,1
1009,7,2141,1075,164,43,1,1,1,1
1009,8,1423,1088,154,36,1,1,1,1
1009,9,2429,1070,131,37,1,1,1,1
1010,7,2145,1075,163,43,1,1,1,1
1010,8,1417,1088,155,36,1,1,1,1
1010,9,2434,1070,126,37,1,1,1,1
1011,7,2149,1075,163,43,1,1,1,1
1011,8,1411,1089,156,35,1,1,1,1
1011,9,2440,1070,120,37,1,1,1,1
1012,7,2153,1074,162,43,1,1,1,1
1012,8,1404,1089,157,35,1,1,1,1
1012,9,2446,1070,114,37,1,1,1,1
1013,7,2158,1074,162,43,1,1,1,1
1013,8,1398,1090,158,34,1,1,1,1
1013,9,2452,1069,108,36,1,1,1,1
1014,7,2162,1074,162,43,1,1,1,1
1014,8,1391,1090,159,34,1,1,1,1
1014,9,2458,1069,102,36,1,1,1,1
1015,7,2166,1074,161,43,1,1,1,1
1015,8,1384,1090,159,34,1,1,1,1
1015,9,2464,1069,96,36,1,1,1,1
1016,7,2170,1074,161,43,1,1,1,1
1016,8,1377,1090,160,34,1,1,1,1
1016,9,2469,1069,91,36,1,1,1,1
1017,7,2174,1074,160,43,1,1,1,1
1017,8,1370,1090,161,34,1,1,1,1
1017,9,2475,1069,85,36,1,1,1,1
1018,7,2178,1074,160,43,1,1,1,1
1018,8,1363,1090,161,34,1,1,1,1
1018,9,2480,1069,80,36,1,1,1,1
1019,7,2182,1074,159,43,1,1,1,1
1019,8,1356,1090,162,34,1,1,1,1
1019,9,2486,1069,74,36,1,1,1,1
1020,7,2187,1074,159,43,1,1,1,1
1020,8,1348,1090,162,34,1,1,1,1
1020,9,2491,1069,69,36,1,1,1,1
1021,7,2191,1074,158,43,1,1,1,1
1021,8,1341,1090,163,34,1,1,1,1
1021,9,2497,1068,63,37,1,1,1,1
1022,7,2195,1074,157,43,1,1,1,1
1022,8,1334,1090,164,34,1,1,1,1
1022,9,2502,1068,58,37,1,1,1,1
1023,7,2199,1074,157,43,1,1,1,1
1023,8,1327,1090,164,34,1,1,1,1
1023,9,2508,1068,52,37,1,1,1,1
1024,7,2203,1073,156,42,1,1,1,1
1024,8,1320,1090,165,34,1,1,1,1
1024,9,2513,1068,47,37,1,1,1,1
1025,7,2207,1073,156,42,1,1,1,1
1025,8,1313,1090,166,34,1,1,1,1
1025,9,2519,1068,41,37,1,1,1,1
1026,7,2211,1073,155,42,1,1,1,1
1026,8,1306,1090,166,34,1,1,1,1
1026,9,2524,1068,36,37,1,1,1,1
1027,7,2215,1073,154,42,1,1,1,1
1027,8,1299,1091,167,35,1,1,1,1
1027,9,2528,1068,32,36,1,1,1,1
1028,7,2220,1073,154,42,1,1,1,1
1028,8,1292,1091,167,35,1,1,1,1
1028,9,2532,1068,28,35,1,1,1,1
1029,7,2224,1073,153,42,1,1,1,1
1029,8,1285,1091,168,35,1,1,1,1
1029,9,2539,1069,21,34,1,1,1,1
1030,7,2228,1073,153,42,1,1,1,1
1030,8,1278,1091,169,35,1,1,1,1
1030,9,2546,1069,14,32,1,1,1,1
1031,7,2232,1073,152,42,1,1,1,1
1031,8,1271,1091,169,35,1,1,1,1
1032,7,2235,1073,152,42,1,1,1,1
1032,8,1264,1091,170,35,1,1,1,1
1033,7,2239,1073,151,42,1,1,1,1
1033,8,1257,1091,171,35,1,1,1,1
1034,7,2242,1073,151,42,1,1,1,1
1034,8,1249,1091,171,35,1,1,1,1
1035,7,2246,1073,151,42,1,1,1,1
1035,8,1242,1091,172,35,1,1,1,1
1036,7,2249,1072,150,42,1,1,1,1
1036,8,1235,1091,172,35,1,1,1,1
1037,7,2252,1072,150,42,1,1,1,1
1037,8,1228,1091,173,35,1,1,1,1
1038,7,2256,1072,150,42,1,1,1,1
1038,8,1221,1091,174,35,1,1,1,1
1039,7,2259,1072,150,42,1,1,1,1
1039,8,1214,1091,174,35,1,1,1,1
1040,7,2262,1072,149,42,1,1,1,1
1040,8,1207,1091,175,35,1,1,1,1
1041,7,2266,1072,149,42,1,1,1,1
1041,8,1200,1092,175,35,1,1,1,1
1042,7,2269,1072,149,42,1,1,1,1
1042,8,1193,1092,175,34,1,1,1,1
1043,7,2273,1072,148,42,1,1,1,1
1043,8,1186,1093,175,34,1,1,1,1
1044,7,2276,1072,148,42,1,1,1,1
1044,8,1179,1093,175,34,1,1,1,1
1045,7,2279,1071,148,42,1,1,1,1
1045,8,1172,1094,174,33,1,1,1,1
1046,7,2283,1071,147,42,1,1,1,1
1046,8,1165,1094,174,33,1,1,1,1
1047,7,2286,1071,147,42,1,1,1,1
1047,8,1158,1095,174,32,1,1,1,1
1048,7,2290,1071,147,42,1,1,1,1
1048,8,1151,1095,174,32,1,1,1,1
1049,7,2293,1071,146,42,1,1,1,1
1049,8,1143,1095,175,32,1,1,1,1
1050,7,2296,1071,146,42,1,1,1,1
1050,8,1135,1095,176,32,1,1,1,1
1051,7,2300,1071,146,42,1,1,1,1
1051,8,1127,1095,177,33,1,1,1,1
1052,7,2303,1071,146,42,1,1,1,1
1052,8,1119,1095,177,33,1,1,1,1
1053,7,2306,1070,145,42,1,1,1,1
1053,8,1110,1094,178,33,1,1,1,1
1054,7,2310,1070,145,42,1,1,1,1
1054,8,1102,1094,179,33,1,1,1,1
1055,7,2313,1070,145,42,1,1,1,1
1055,8,1094,1094,180,33,1,1,1,1
1056,7,2317,1070,144,42,1,1,1,1
1056,8,1086,1094,181,34,1,1,1,1
1057,7,2320,1070,144,43,1,1,1,1
1057,8,1078,1094,182,34,1,1,1,1
1058,7,2323,1070,144,43,1,1,1,1
1058,8,1070,1094,182,34,1,1,1,1
1059,7,2327,1070,143,43,1,1,1,1
1059,8,1062,1094,183,34,1,1,1,1
1060,7,2330,1070,143,43,1,1,1,1
1060,8,1054,1094,184,35,1,1,1,1
1061,7,2334,1070,143,43,1,1,1,1
1061,8,1046,1094,185,35,1,1,1,1
1062,7,2337,1069,142,43,1,1,1,1
1062,8,1038,1094,186,35,1,1,1,1
1063,7,2340,1069,142,43,1,1,1,1
1063,8,1029,1093,187,35,1,1,1,1
1064,7,2344,1069,142,43,1,1,1,1
1064,8,1021,1093,187,35,1,1,1,1
1065,7,2347,1069,142,43,1,1,1,1
1065,8,1013,1093,188,36,1,1,1,1
1066,7,2350,1069,141,43,1,1,1,1
1066,8,1005,1093,189,36,1,1,1,1
1067,7,2354,1069,141,43,1,1,1,1
1067,8,997,1093,190,36,1,1,1,1
1068,7,2357,1069,141,43,1,1,1,1
1068,8,988,1093,191,36,1,1,1,1
1069,7,2361,1069,140,43,1,1,1,1
1069,8,979,1093,191,36,1,1,1,1
1070,7,2364,1069,140,43,1,1,1,1
1070,8,971,1093,192,37,1,1,1,1
1071,7,2367,1068,140,43,1,1,1,1
1071,8,962,1093,192,37,1,1,1,1
1072,7,2371,1068,139,43,1,1,1,1
1072,8,953,1093,193,37,1,1,1,1
1073,7,2374,1068,139,43,1,1,1,1
1073,8,944,1092,194,37,1,1,1,1
1074,7,2378,1068,139,43,1,1,1,1
1074,8,936,1092,194,37,1,1,1,1
1075,7,2381,1068,138,43,1,1,1,1
1075,8,927,1092,195,37,1,1,1,1
1076,7,2384,1068,138,43,1,1,1,1
1076,8,918,1092,195,38,1,1,1,1
1077,7,2388,1068,138,43,1,1,1,1
1077,8,909,1092,196,38,1,1,1,1
1078,7,2391,1068,138,43,1,1,1,1
1078,8,900,1092,197,38,1,1,1,1
1079,7,2394,1067,137,43,1,1,1,1
1079,8,892,1092,197,38,1,1,1,1
1080,7,2398,1067,137,43,1,1,1,1
1080,8,883,1092,198,38,1,1,1,1
1081,7,2401,1067,137,43,1,1,1,1
1081,8,874,1092,199,38,1,1,1,1
1082,7,2405,1067,136,43,1,1,1,1
1082,8,865,1092,199,39,1,1,1,1
1083,7,2408,1067,136,43,1,1,1,1
1083,8,856,1092,200,39,1,1,1,1
1084,7,2411,1067,135,43,1,1,1,1
1084,8,848,1092,200,39,1,1,1,1
1084,10,2548,1069,12,22,1,1,1,1
1085,7,2414,1067,133,42,1,1,1,1
1085,8,839,1091,201,39,1,1,1,1
1085,10,2546,1069,14,22,1,1,1,1
1086,7,2417,1068,132,42,1,1,1,1
1086,8,830,1091,202,39,1,1,1,1
1086,10,2545,1069,15,22,1,1,1,1
1087,7,2420,1068,131,42,1,1,1,1
1087,8,821,1091,202,39,1,1,1,1
1087,10,2543,1069,17,22,1,1,1,1
1088,7,2424,1068,129,41,1,1,1,1
1088,8,813,1091,203,40,1,1,1,1
1088,10,2541,1069,19,22,1,1,1,1
1089,7,2427,1068,128,41,1,1,1,1
1089,8,804,1091,203,40,1,1,1,1
1089,10,2540,1069,21,22,1,1,1,1
1090,7,2430,1069,127,41,1,1,1,1
1090,8,795,1091,204,40,1,1,1,1
1090,10,2538,1069,22,22,1,1,1,1
1091,7,2433,1069,125,40,1,1,1,1
1091,8,785,1091,205,40,1,1,1,1
1091,10,2536,1069,24,22,1,1,1,1
1092,7,2436,1069,124,40,1,1,1,1
1092,8,776,1091,206,40,1,1,1,1
1092,10,2534,1069,26,22,1,1,1,1
1093,7,2439,1069,121,40,1,1,1,1
1093,8,766,1091,207,41,1,1,1,1
1093,10,2533,1069,27,22,1,1,1,1
1094,7,2442,1069,118,40,1,1,1,1
1094,8,757,1091,207,41,1,1,1,1
1094,10,2531,1069,29,22,1,1,1,1
1095,7,2445,1069,115,40,1,1,1,1
1095,8,747,1091,208,41,1,1,1,1
1095,10,2529,1069,31,22,1,1,1,1
1096,7,2448,1069,112,40,1,1,1,1
1096,8,737,1091,209,41,1,1,1,1
1096,10,2527,1069,33,22,1,1,1,1
1097,7,2451,1069,109,40,1,1,1,1
1097,8,728,1090,210,42,1,1,1,1
1097,10,2525,1069,35,22,1,1,1,1
1098,7,2454,1068,106,39,1,1,1,1
1098,8,718,1090,211,42,1,1,1,1
1098,10,2523,1070,37,21,1,1,1,1
1099,7,2457,1068,103,39,1,1,1,1
1099,8,708,1090,212,42,1,1,1,1
1099,10,2521,1070,39,21,1,1,1,1
1100,7,2460,1068,100,39,1,1,1,1
1100,8,699,1090,212,42,1,1,1,1
1100,10,2519,1070,41,21,1,1,1,1
1101,7,2463,1068,97,39,1,1,1,1
1101,8,689,1090,213,43,1,1,1,1
1101,10,2517,1070,43,21,1,1,1,1
1102,7,2466,1068,94,39,1,1,1,1
1102,8,680,1090,214,43,1,1,1,1
1102,10,2516,1066,44,25,1,1,1,1
1103,7,2469,1068,91,39,1,1,1,1
1103,8,670,1090,215,43,1,1,1,1
1103,10,2515,1062,45,29,1,1,1,1
1104,7,2472,1068,88,39,1,1,1,1
1104,8,660,1090,216,43,1,1,1,1
1104,10,2514,1062,46,29,1,1,1,1
1105,7,2475,1068,85,39,1,1,1,1
1105,8,649,1090,217,43,1,1,1,1
1105,10,2512,1062,49,29,1,1,1,1
1106,7,2478,1068,82,39,1,1,1,1
1106,8,639,1090,218,43,1,1,1,1
1106,10,2510,1062,51,29,1,1,1,1
1107,7,2481,1068,79,39,1,1,1,1
1107,8,629,1090,219,43,1,1,1,1
1107,10,2508,1062,54,29,1,1,1,1
1108,7,2484,1068,76,39,1,1,1,1
1108,8,618,1090,220,43,1,1,1,1
1108,10,2505,1062,56,30,1,1,1,1
1109,7,2488,1069,72,38,1,1,1,1
1109,8,608,1090,221,43,1,1,1,1
1109,10,2503,1062,59,30,1,1,1,1
1110,7,2491,1069,69,38,1,1,1,1
1110,8,597,1090,221,43,1,1,1,1
1110,10,2501,1062,61,30,1,1,1,1
1111,7,2494,1069,66,38,1,1,1,1
1111,8,587,1090,222,43,1,1,1,1
1111,10,2499,1062,64,30,1,1,1,1
1112,7,2497,1069,63,38,1,1,1,1
1112,8,577,1090,223,43,1,1,1,1
1112,10,2497,1062,65,30,1,1,1,1
1113,7,2500,1069,60,38,1,1,1,1
1113,8,566,1090,224,43,1,1,1,1
1113,10,2495,1062,65,30,1,1,1,1
1114,7,2503,1069,57,38,1,1,1,1
1114,8,556,1090,225,43,1,1,1,1
1114,10,2493,1062,66,30,1,1,1,1
1115,7,2506,1069,54,38,1,1,1,1
1115,8,546,1090,226,43,1,1,1,1
1115,10,2490,1062,67,31,1,1,1,1
1116,7,2509,1069,51,38,1,1,1,1
1116,8,535,1089,227,43,1,1,1,1
1116,10,2488,1062,68,31,1,1,1,1
1117,7,2512,1069,48,37,1,1,1,1
1117,8,525,1089,228,43,1,1,1,1
1117,10,2486,1062,68,31,1,1,1,1
1118,7,2515,1069,45,37,1,1,1,1
1118,8,514,1089,229,43,1,1,1,1
1118,10,2484,1062,69,31,1,1,1,1
1119,7,2517,1068,43,37,1,1,1,1
1119,8,504,1089,230,43,1,1,1,1
1119,10,2482,1061,70,31,1,1,1,1
1120,7,2520,1068,40,37,1,1,1,1
1120,8,494,1089,231,43,1,1,1,1
1120,10,2480,1061,71,31,1,1,1,1
1121,7,2523,1068,37,36,1,1,1,1
1121,8,483,1089,232,43,1,1,1,1
1121,10,2478,1061,71,31,1,1,1,1
1122,7,2526,1068,34,36,1,1,1,1
1122,8,473,1089,232,43,1,1,1,1
1122,10,2476,1061,72,31,1,1,1,1
1123,7,2529,1068,31,36,1,1,1,1
1123,8,463,1089,233,43,1,1,1,1
1123,10,2473,1061,73,32,1,1,1,1
1124,7,2533,1068,27,36,1,1,1,1
1124,8,452,1089,234,43,1,1,1,1
1124,10,2471,1061,74,32,1,1,1,1
1125,7,2537,1068,23,36,1,1,1,1
1125,8,442,1089,235,43,1,1,1,1
1125,10,2469,1061,74,32,1,1,1,1
1126,7,2539,1068,21,36,1,1,1,1
1126,8,431,1089,236,43,1,1,1,1
1126,10,2467,1061,75,32,1,1,1,1
1127,7,2541,1068,19,35,1,1,1,1
1127,8,421,1089,237,43,1,1,1,1
1127,10,2465,1061,75,32,1,1,1,1
1128,7,2544,1069,16,35,1,1,1,1
1128,8,410,1089,238,43,1,1,1,1
1128,10,2464,1061,75,32,1,1,1,1
1129,7,2547,1069,13,35,1,1,1,1
1129,8,398,1089,240,43,1,1,1,1
1129,10,2462,1061,74,32,1,1,1,1
1130,7,2551,1081,10,22,1,1,1,1
1130,8,387,1089,241,43,1,1,1,1
1130,10,2460,1061,74,32,1,1,1,1
1131,8,375,1088,242,44,1,1,1,1
1131,10,2458,1061,74,32,1,1,1,1
1132,8,364,1088,243,44,1,1,1,1
1132,10,2457,1061,74,32,1,1,1,1
1133,8,352,1088,245,44,1,1,1,1
1133,10,2455,1061,73,32,1,1,1,1
1134,8,341,1088,246,44,1,1,1,1
1134,10,2453,1061,73,32,1,1,1,1
1135,8,329,1088,247,44,1,1,1,1
1135,10,2451,1061,73,32,1,1,1,1
1136,8,318,1088,248,44,1,1,1,1
1136,10,2449,1061,74,32,1,1,1,1
1137,8,306,1087,249,44,1,1,1,1
1137,10,2447,1061,74,32,1,1,1,1
1138,8,294,1087,250,45,1,1,1,1
1138,10,2444,1061,74,32,1,1,1,1
1139,8,283,1087,251,45,1,1,1,1
1139,10,2442,1061,74,32,1,1,1,1
1140,8,271,1087,252,45,1,1,1,1
1140,10,2440,1061,75,32,1,1,1,1
1141,8,259,1087,253,45,1,1,1,1
1141,10,2438,1061,75,32,1,1,1,1
1142,8,248,1086,253,45,1,1,1,1
1142,10,2436,1061,75,32,1,1,1,1
1143,8,236,1086,254,45,1,1,1,1
1143,10,2434,1061,75,32,1,1,1,1
1144,8,224,1086,255,45,1,1,1,1
1144,10,2431,1061,76,32,1,1,1,1
1145,8,213,1086,256,46,1,1,1,1
1145,10,2429,1062,76,33,1,1,1,1
1146,8,201,1085,257,46,1,1,1,1
1146,10,2427,1062,76,33,1,1,1,1
1147,8,189,1085,258,46,1,1,1,1
1147,10,2425,1062,76,33,1,1,1,1
1148,8,178,1085,259,46,1,1,1,1
1148,10,2423,1062,77,33,1,1,1,1
1149,8,166,1085,260,46,1,1,1,1
1149,10,2421,1062,77,33,1,1,1,1
1150,8,154,1085,261,46,1,1,1,1
1150,10,2418,1062,77,33,1,1,1,1
1151,8,142,1084,262,46,1,1,1,1
1151,10,2416,1062,77,33,1,1,1,1
1152,8,131,1084,263,47,1,1,1,1
1152,10,2414,1062,78,33,1,1,1,1
1153,8,119,1084,264,47,1,1,1,1
1153,10,2412,1062,78,33,1,1,1,1
1154,8,107,1084,265,47,1,1,1,1
1154,10,2410,1062,78,33,1,1,1,1
1155,8,96,1084,266,47,1,1,1,1
1155,10,2408,1062,78,33,1,1,1,1
1156,8,84,1083,266,47,1,1,1,1
1156,10,2406,1062,79,33,1,1,1,1
1157,8,72,1083,267,47,1,1,1,1
1157,10,2403,1062,79,33,1,1,1,1
1158,8,61,1083,268,47,1,1,1,1
1158,10,2401,1062,79,33,1,1,1,1
1159,8,49,1083,269,48,1,1,1,1
1159,10,2399,1062,79,33,1,1,1,1
1160,8,37,1082,270,48,1,1,1,1
1160,10,2397,1062,80,33,1,1,1,1
1161,8,26,1082,271,48,1,1,1,1
1161,10,2395,1062,80,33,1,1,1,1
1162,8,14,1082,272,48,1,1,1,1
1162,10,2393,1062,80,33,1,1,1,1
1163,8,7,1082,267,48,1,1,1,1
1163,10,2390,1062,80,33,1,1,1,1
1164,8,0,1082,261,47,1,1,1,1
1164,10,2388,1062,81,33,1,1,1,1
1165,8,0,1082,249,47,1,1,1,1
1165,10,2386,1062,81,33,1,1,1,1
1166,8,0,1082,238,46,1,1,1,1
1166,10,2384,1062,81,33,1,1,1,1
1167,8,0,1082,226,46,1,1,1,1
1167,10,2382,1063,81,34,1,1,1,1
1168,8,0,1082,215,46,1,1,1,1
1168,10,2380,1063,82,34,1,1,1,1
1169,8,0,1081,203,45,1,1,1,1
1169,10,2377,1063,82,34,1,1,1,1
1170,8,0,1081,192,45,1,1,1,1
1170,10,2375,1063,82,34,1,1,1,1
1171,8,0,1081,180,45,1,1,1,1
1171,10,2373,1063,82,34,1,1,1,1
1172,8,0,1081,169,44,1,1,1,1
1172,10,2371,1063,83,34,1,1,1,1
1173,8,0,1081,157,44,1,1,1,1
1173,10,2369,1063,83,34,1,1,1,1
1174,8,0,1081,145,44,1,1,1,1
1174,10,2367,1063,83,34,1,1,1,1
1175,8,0,1080,133,45,1,1,1,1
1175,10,2364,1063,83,34,1,1,1,1
1176,8,0,1080,121,45,1,1,1,1
1176,10,2362,1063,84,34,1,1,1,1
1177,8,0,1080,109,45,1,1,1,1
1177,10,2360,1063,84,34,1,1,1,1
1178,8,0,1079,97,46,1,1,1,1
1178,10,2358,1063,84,34,1,1,1,1
1179,8,0,1079,85,46,1,1,1,1
1179,10,2356,1063,84,34,1,1,1,1
1180,8,0,1079,72,46,1,1,1,1
1180,10,2353,1063,85,34,1,1,1,1
1181,8,0,1079,58,45,1,1,1,1
1181,10,2351,1063,85,34,1,1,1,1
1182,8,0,1081,46,42,1,1,1,1
1182,10,2348,1063,85,34,1,1,1,1
1183,8,0,1083,33,39,1,1,1,1
1183,10,2346,1063,85,34,1,1,1,1
1184,8,0,1085,21,36,1,1,1,1
1184,10,2343,1063,86,34,1,1,1,1
1185,10,2341,1063,86,35,1,1,1,1
1186,10,2338,1063,86,35,1,1,1,1
1187,10,2336,1063,86,35,1,1,1,1
1188,10,2333,1063,87,35,1,1,1,1
1189,10,2331,1063,87,35,1,1,1,1
1190,10,2328,1063,87,35,1,1,1,1
1191,10,2326,1063,87,35,1,1,1,1
1192,10,2323,1063,88,35,1,1,1,1
1193,10,2321,1063,88,35,1,1,1,1
1194,10,2318,1063,88,35,1,1,1,1
1195,10,2316,1063,88,35,1,1,1,1
1196,10,2313,1063,89,35,1,1,1,1
1197,10,2311,1063,89,35,1,1,1,1
1198,10,2309,1064,89,36,1,1,1,1
1199,10,2306,1064,89,36,1,1,1,1
1200,10,2304,1064,90,36,1,1,1,1
1201,10,2301,1064,90,36,1,1,1,1
1202,10,2299,1064,90,36,1,1,1,1
1203,10,2296,1064,90,36,1,1,1,1
1203,11,26,1335,110,46,1,1,1,1
1204,10,2294,1064,91,36,1,1,1,1
1204,11,46,1328,145,54,1,1,1,1
1205,10,2291,1064,91,36,1,1,1,1
1205,11,67,1321,180,61,1,1,1,1
1206,10,2289,1064,91,36,1,1,1,1
1206,11,87,1314,215,69,1,1,1,1
1207,10,2286,1064,91,36,1,1,1,1
1207,11,140,1313,214,71,1,1,1,1
1208,10,2284,1064,92,36,1,1,1,1
1208,11,194,1312,212,73,1,1,1,1
1209,10,2281,1064,92,36,1,1,1,1
1209,11,247,1311,211,75,1,1,1,1
1210,10,2279,1064,92,36,1,1,1,1
1210,11,300,1310,209,77,1,1,1,1
1211,10,2276,1064,92,36,1,1,1,1
1211,11,352,1309,206,76,1,1,1,1
1212,10,2274,1064,93,37,1,1,1,1
1212,11,403,1308,203,75,1,1,1,1
1213,10,2271,1064,93,37,1,1,1,1
1213,11,455,1307,200,74,1,1,1,1
1214,10,2269,1064,93,37,1,1,1,1
1214,11,507,1307,196,72,1,1,1,1
1215,10,2266,1064,93,37,1,1,1,1
1215,11,559,1306,193,71,1,1,1,1
1216,10,2264,1064,94,37,1,1,1,1
1216,11,610,1305,190,70,1,1,1,1
1217,10,2261,1064,94,37,1,1,1,1
1217,11,662,1304,187,69,1,1,1,1
1218,10,2259,1064,94,37,1,1,1,1
1218,11,707,1303,187,68,1,1,1,1
1219,10,2256,1064,94,37,1,1,1,1
1219,11,752,1302,186,67,1,1,1,1
1220,10,2254,1064,94,37,1,1,1,1
1220,11,798,1301,183,66,1,1,1,1
1221,10,2251,1064,95,37,1,1,1,1
1221,11,845,1300,179,64,1,1,1,1
1222,10,2248,1064,95,37,1,1,1,1
1222,11,891,1299,176,63,1,1,1,1
1223,10,2246,1064,95,37,1,1,1,1
1223,11,936,1298,173,62,1,1,1,1
1224,10,2243,1064,95,37,1,1,1,1
1224,11,981,1297,169,61,1,1,1,1
1225,10,2241,1065,96,38,1,1,1,1
1225,11,1022,1295,167,61,1,1,1,1
1226,10,2238,1065,96,38,1,1,1,1
1226,11,1063,1294,165,60,1,1,1,1
1227,10,2235,1065,96,38,1,1,1,1
1227,11,1103,1292,163,60,1,1,1,1
1228,10,2233,1065,96,38,1,1,1,1
1228,11,1144,1290,161,59,1,1,1,1
1229,10,2230,1065,96,38,1,1,1,1
1229,11,1180,1288,159,59,1,1,1,1
1230,10,2227,1065,97,38,1,1,1,1
1230,11,1217,1286,158,58,1,1,1,1
1231,10,2225,1065,97,38,1,1,1,1
1231,11,1253,1284,156,58,1,1,1,1
1232,10,2222,1065,97,38,1,1,1,1
1232,11,1292,1282,151,57,1,1,1,1
1233,10,2219,1065,97,38,1,1,1,1
1233,11,1331,1280,147,57,1,1,1,1
1234,10,2216,1065,97,38,1,1,1,1
1234,11,1370,1278,142,56,1,1,1,1
1235,10,2214,1065,97,38,1,1,1,1
1235,11,1401,1276,142,56,1,1,1,1
1236,10,2211,1065,97,38,1,1,1,1
1236,11,1435,1274,138,55,1,1,1,1
1237,10,2208,1065,97,38,1,1,1,1
1237,11,1467,1272,135,55,1,1,1,1
1238,10,2205,1065,97,38,1,1,1,1
1238,11,1499,1270,133,54,1,1,1,1
1239,10,2202,1066,97,38,1,1,1,1
1239,11,1528,1268,130,53,1,1,1,1
1240,10,2199,1066,97,38,1,1,1,1
1240,11,1557,1266,127,53,1,1,1,1
1241,10,2197,1066,97,38,1,1,1,1
1241,11,1586,1264,124,52,1,1,1,1
1242,10,2194,1066,97,38,1,1,1,1
1242,11,1615,1261,121,51,1,1,1,1
1243,10,2191,1066,97,38,1,1,1,1
1243,11,1644,1259,118,50,1,1,1,1
1244,10,2188,1066,97,38,1,1,1,1
1244,11,1673,1257,115,50,1,1,1,1
1245,10,2185,1066,97,38,1,1,1,1
1245,11,1702,1255,112,49,1,1,1,1
1246,10,2183,1066,97,38,1,1,1,1
1246,11,1727,1253,110,48,1,1,1,1
1247,10,2180,1066,97,38,1,1,1,1
1247,11,1752,1251,108,47,1,1,1,1
1248,10,2177,1066,97,38,1,1,1,1
1248,11,1776,1249,107,46,1,1,1,1
1249,10,2174,1066,97,38,1,1,1,1
1249,11,1799,1247,105,45,1,1,1,1
1250,10,2171,1066,97,38,1,1,1,1
1250,11,1822,1245,104,49,1,1,1,1
1251,10,2168,1066,97,38,1,1,1,1
1251,11,1846,1243,101,49,1,1,1,1
1252,10,2166,1066,97,38,1,1,1,1
1252,11,1869,1241,98,48,1,1,1,1
1253,10,2163,1067,97,38,1,1,1,1
1253,11,1890,1239,97,48,1,1,1,1
1254,10,2160,1067,97,38,1,1,1,1
1254,11,1910,1237,97,48,1,1,1,1
1255,10,2157,1067,97,38,1,1,1,1
1255,11,1931,1235,95,48,1,1,1,1
1256,10,2154,1067,97,38,1,1,1,1
1256,11,1950,1233,95,48,1,1,1,1
1257,10,2151,1067,97,38,1,1,1,1
1257,11,1972,1231,90,48,1,1,1,1
1258,10,2149,1067,97,38,1,1,1,1
1258,11,1990,1229,89,47,1,1,1,1
1259,10,2146,1067,97,38,1,1,1,1
1259,11,2008,1228,88,47,1,1,1,1
1260,10,2143,1067,97,38,1,1,1,1
1260,11,2026,1226,87,46,1,1,1,1
1261,10,2140,1067,97,38,1,1,1,1
1261,11,2044,1225,86,46,1,1,1,1
1262,10,2137,1067,98,38,1,1,1,1
1262,11,2062,1223,85,45,1,1,1,1
1263,10,2133,1067,98,38,1,1,1,1
1263,11,2080,1221,82,44,1,1,1,1
1264,10,2130,1067,99,38,1,1,1,1
1264,11,2098,1220,79,44,1,1,1,1
1265,10,2127,1067,99,38,1,1,1,1
1265,11,2116,1218,76,43,1,1,1,1
1266,10,2124,1068,100,38,1,1,1,1
1266,11,2132,1217,75,42,1,1,1,1
1267,10,2120,1068,100,38,1,1,1,1
1267,11,2147,1215,75,42,1,1,1,1
1268,10,2117,1068,101,38,1,1,1,1
1268,11,2163,1214,74,41,1,1,1,1
1269,10,2114,1068,101,38,1,1,1,1
1269,11,2178,1212,73,40,1,1,1,1
1270,10,2111,1068,102,38,1,1,1,1
1270,11,2190,1211,75,42,1,1,1,1
1271,10,2107,1068,102,38,1,1,1,1
1271,11,2201,1209,76,44,1,1,1,1
1272,10,2104,1068,103,38,1,1,1,1
1272,11,2215,1207,75,44,1,1,1,1
1273,10,2101,1068,103,38,1,1,1,1
1273,11,2229,1206,73,43,1,1,1,1
1274,10,2098,1068,104,38,1,1,1,1
1274,11,2243,1204,72,43,1,1,1,1
1275,10,2094,1068,104,38,1,1,1,1
1275,11,2255,1203,72,42,1,1,1,1
1276,10,2091,1068,105,38,1,1,1,1
1276,11,2268,1202,72,41,1,1,1,1
1277,10,2088,1068,105,38,1,1,1,1
1277,11,2280,1201,71,40,1,1,1,1
1278,10,2085,1069,106,39,1,1,1,1
1278,11,2292,1200,71,40,1,1,1,1
1279,10,2081,1069,106,39,1,1,1,1
1279,11,2304,1199,71,39,1,1,1,1
1280,10,2078,1069,106,39,1,1,1,1
1280,11,2317,1198,71,38,1,1,1,1
1281,10,2075,1069,107,39,1,1,1,1
1281,11,2329,1197,70,37,1,1,1,1
1282,10,2072,1069,107,39,1,1,1,1
1282,11,2341,1196,70,36,1,1,1,1
1283,10,2068,1069,108,39,1,1,1,1
1283,11,2353,1195,70,36,1,1,1,1
1284,10,2065,1069,108,39,1,1,1,1
1284,11,2365,1193,70,36,1,1,1,1
1285,10,2062,1069,109,39,1,1,1,1
1285,11,2377,1192,69,37,1,1,1,1
1286,10,2059,1069,109,39,1,1,1,1
1286,11,2389,1190,69,37,1,1,1,1
1287,10,2055,1069,110,39,1,1,1,1
1287,11,2401,1189,69,37,1,1,1,1
1288,10,2052,1069,110,39,1,1,1,1
1288,11,2413,1188,69,37,1,1,1,1
1289,10,2049,1069,111,39,1,1,1,1
1289,11,2424,1186,68,37,1,1,1,1
1290,10,2046,1070,111,39,1,1,1,1
1290,11,2436,1185,68,37,1,1,1,1
1291,10,2042,1070,112,39,1,1,1,1
1291,11,2448,1183,68,38,1,1,1,1
1292,10,2039,1070,112,39,1,1,1,1
1292,11,2460,1182,68,38,1,1,1,1
1293,10,2036,1070,113,39,1,1,1,1
1293,11,2472,1180,67,38,1,1,1,1
1294,10,2033,1070,113,39,1,1,1,1
1294,11,2484,1179,67,38,1,1,1,1
1295,10,2029,1070,114,39,1,1,1,1
1295,11,2502,1181,58,31,1,1,1,1
1296,10,2026,1070,114,39,1,1,1,1
1296,11,2513,1180,47,31,1,1,1,1
1297,10,2022,1070,114,39,1,1,1,1
1297,11,2526,1180,34,31,1,1,1,1
1298,10,2019,1070,115,39,1,1,1,1
1298,11,2537,1178,23,33,1,1,1,1
1299,10,2015,1070,115,39,1,1,1,1
1299,11,2549,1178,11,32,1,1,1,1
1300,10,2011,1070,115,39,1,1,1,1
1301,10,2008,1070,116,40,1,1,1,1
1302,10,2004,1070,116,40,1,1,1,1
1303,10,2000,1070,116,40,1,1,1,1
1304,10,1996,1070,117,40,1,1,1,1
1305,10,1993,1070,117,40,1,1,1,1
1306,10,1989,1070,117,40,1,1,1,1
1307,10,1985,1070,118,40,1,1,1,1
1307,12,0,1114,69,34,1,1,1,1
1308,10,1982,1070,118,40,1,1,1,1
1308,12,0,1115,83,33,1,1,1,1
1309,10,1978,1070,118,40,1,1,1,1
1309,12,0,1115,96,32,1,1,1,1
1310,10,1974,1070,119,40,1,1,1,1
1310,12,0,1116,110,31,1,1,1,1
1311,10,1971,1070,119,41,1,1,1,1
1311,12,0,1117,119,30,1,1,1,1
1312,10,1967,1070,119,41,1,1,1,1
1312,12,0,1118,129,30,1,1,1,1
1313,10,1963,1070,120,41,1,1,1,1
1313,12,0,1118,138,29,1,1,1,1
1314,10,1959,1070,120,41,1,1,1,1
1314,12,0,1119,147,28,1,1,1,1
1315,10,1956,1070,120,41,1,1,1,1
1315,12,0,1119,158,28,1,1,1,1
1316,10,1952,1071,121,41,1,1,1,1
1316,12,0,1119,169,28,1,1,1,1
1317,10,1948,1071,121,41,1,1,1,1
1317,12,0,1119,181,29,1,1,1,1
1318,10,1945,1071,121,41,1,1,1,1
1318,12,0,1118,192,29,1,1,1,1
1319,10,1941,1071,121,41,1,1,1,1
1319,12,0,1118,203,29,1,1,1,1
1320,10,1937,1071,122,41,1,1,1,1
1320,12,0,1118,214,29,1,1,1,1
1321,10,1934,1071,122,42,1,1,1,1
1321,12,0,1117,224,30,1,1,1,1
1322,10,1930,1071,122,42,1,1,1,1
1322,12,0,1117,234,30,1,1,1,1
1323,10,1926,1071,123,42,1,1,1,1
1323,12,0,1116,244,31,1,1,1,1
1324,10,1922,1071,123,42,1,1,1,1
1324,12,0,1116,255,32,1,1,1,1
1325,10,1919,1071,123,42,1,1,1,1
1325,12,0,1115,265,33,1,1,1,1
1326,10,1915,1071,124,42,1,1,1,1
1326,12,0,1115,275,33,1,1,1,1
1327,10,1911,1071,124,42,1,1,1,1
1327,12,0,1114,285,34,1,1,1,1
1328,10,1908,1071,124,42,1,1,1,1
1328,12,1,1113,295,35,1,1,1,1
1329,10,1904,1071,125,42,1,1,1,1
1329,12,1,1113,304,36,1,1,1,1
1330,10,1900,1071,125,42,1,1,1,1
1330,12,2,1112,314,36,1,1,1,1
1331,10,1897,1071,125,43,1,1,1,1
1331,12,2,1112,323,37,1,1,1,1
1332,10,1893,1071,126,43,1,1,1,1
1332,12,3,1111,333,38,1,1,1,1
1333,10,1889,1071,126,43,1,1,1,1
1333,12,14,1111,332,38,1,1,1,1
1334,10,1885,1071,126,43,1,1,1,1
1334,12,24,1111,331,39,1,1,1,1
1335,10,1882,1071,127,43,1,1,1,1
1335,12,35,1111,330,39,1,1,1,1
1336,10,1878,1071,127,43,1,1,1,1
1336,12,46,1111,329,39,1,1,1,1
1337,10,1874,1071,128,43,1,1,1,1
1337,12,56,1111,328,40,1,1,1,1
1338,10,1870,1071,128,43,1,1,1,1
1338,12,67,1111,327,40,1,1,1,1
1339,10,1865,1071,129,43,1,1,1,1
1339,12,78,1111,326,40,1,1,1,1
1340,10,1861,1071,129,43,1,1,1,1
1340,12,88,1111,326,41,1,1,1,1
1341,10,1857,1071,130,44,1,1,1,1
1341,12,99,1111,325,41,1,1,1,1
1342,10,1853,1071,130,44,1,1,1,1
1342,12,110,1111,324,41,1,1,1,1
1343,10,1849,1071,131,44,1,1,1,1
1343,12,120,1111,323,42,1,1,1,1
1344,10,1844,1071,131,44,1,1,1,1
1344,12,131,1111,322,42,1,1,1,1
1345,10,1840,1071,132,44,1,1,1,1
1345,12,142,1111,321,42,1,1,1,1
1346,10,1836,1071,132,44,1,1,1,1
1346,12,152,1111,320,43,1,1,1,1
1347,10,1832,1071,133,44,1,1,1,1
1347,12,163,1111,319,43,1,1,1,1
1348,10,1827,1071,133,44,1,1,1,1
1348,12,173,1111,318,43,1,1,1,1
1349,10,1823,1071,134,44,1,1,1,1
1349,12,183,1111,317,43,1,1,1,1
1350,10,1819,1072,134,45,1,1,1,1
1350,12,192,1112,316,42,1,1,1,1
1351,10,1815,1072,135,45,1,1,1,1
1351,12,202,1112,315,42,1,1,1,1
1352,10,1811,1072,135,45,1,1,1,1
1352,12,212,1112,313,42,1,1,1,1
1353,10,1806,1072,136,45,1,1,1,1
1353,12,222,1112,312,42,1,1,1,1
1354,10,1802,1072,136,45,1,1,1,1
1354,12,232,1112,311,41,1,1,1,1
1355,10,1798,1072,137,45,1,1,1,1
1355,12,242,1112,310,41,1,1,1,1
1356,10,1794,1072,137,45,1,1,1,1
1356,12,251,1113,309,41,1,1,1,1
1357,10,1790,1072,138,45,1,1,1,1
1357,12,261,1113,308,41,1,1,1,1
1358,10,1785,1072,138,45,1,1,1,1
1358,12,271,1113,307,41,1,1,1,1
1359,10,1781,1072,139,45,1,1,1,1
1359,12,281,1113,306,40,1,1,1,1
1360,10,1777,1072,139,46,1,1,1,1
1360,12,291,1113,305,40,1,1,1,1
1361,10,1773,1072,140,46,1,1,1,1
1361,12,300,1114,303,40,1,1,1,1
1362,10,1768,1072,140,46,1,1,1,1
1362,12,310,1114,302,40,1,1,1,1
1363,10,1764,1072,141,46,1,1,1,1
1363,12,320,1114,301,39,1,1,1,1
1364,10,1760,1072,141,46,1,1,1,1
1364,12,330,1114,300,39,1,1,1,1
1365,10,1756,1072,141,46,1,1,1,1
1365,12,340,1114,299,39,1,1,1,1
1366,10,1751,1072,142,46,1,1,1,1
1366,12,349,1115,298,39,1,1,1,1
1367,10,1747,1072,142,46,1,1,1,1
1367,12,359,1115,297,39,1,1,1,1
1368,10,1742,1072,143,47,1,1,1,1
1368,12,369,1115,296,38,1,1,1,1
1369,10,1738,1072,143,47,1,1,1,1
1369,12,379,1115,295,38,1,1,1,1
1370,10,1733,1072,143,47,1,1,1,1
1370,12,389,1115,293,38,1,1,1,1
1371,10,1729,1072,144,47,1,1,1,1
1371,12,399,1115,292,38,1,1,1,1
1372,10,1724,1072,144,47,1,1,1,1
1372,12,408,1116,291,37,1,1,1,1
1373,10,1719,1072,145,47,1,1,1,1
1373,12,418,1116,290,37,1,1,1,1
1374,10,1714,1072,145,47,1,1,1,1
1374,12,428,1116,289,37,1,1,1,1
1375,10,1710,1072,146,47,1,1,1,1
1375,12,437,1116,288,37,1,1,1,1
1376,10,1705,1072,146,47,1,1,1,1
1376,12,446,1116,288,37,1,1,1,1
1377,10,1700,1072,147,47,1,1,1,1
1377,12,455,1116,287,37,1,1,1,1
1378,10,1695,1072,147,47,1,1,1,1
1378,12,464,1116,286,37,1,1,1,1
1379,10,1690,1072,148,47,1,1,1,1
1379,12,472,1116,286,37,1,1,1,1
1380,10,1686,1072,148,47,1,1,1,1
1380,12,481,1116,285,37,1,1,1,1
1381,10,1681,1072,149,47,1,1,1,1
1381,12,490,1116,284,37,1,1,1,1
1382,10,1676,1072,149,47,1,1,1,1
1382,12,499,1116,284,37,1,1,1,1
1383,10,1671,1072,150,47,1,1,1,1
1383,12,508,1116,283,37,1,1,1,1
1384,10,1667,1073,150,47,1,1,1,1
1384,12,517,1116,282,37,1,1,1,1
1385,10,1662,1073,151,47,1,1,1,1
1385,12,526,1116,282,37,1,1,1,1
1386,10,1657,1073,151,47,1,1,1,1
1386,12,535,1116,281,37,1,1,1,1
1387,10,1652,1073,152,47,1,1,1,1
1387,12,544,1116,280,37,1,1,1,1
1388,10,1647,1073,152,47,1,1,1,1
1388,12,552,1117,280,36,1,1,1,1
1389,10,1643,1073,153,47,1,1,1,1
1389,12,561,1117,279,36,1,1,1,1
1390,10,1638,1073,153,47,1,1,1,1
1390,12,570,1117,278,36,1,1,1,1
1391,10,1633,1073,154,47,1,1,1,1
1391,12,579,1117,278,36,1,1,1,1
1392,10,1628,1073,154,47,1,1,1,1
1392,12,588,1117,277,36,1,1,1,1
1393,10,1623,1073,155,47,1,1,1,1
1393,12,597,1117,276,36,1,1,1,1
1394,10,1619,1073,155,47,1,1,1,1
1394,12,606,1117,276,36,1,1,1,1
1395,10,1614,1073,156,47,1,1,1,1
1395,12,615,1117,275,36,1,1,1,1
1396,10,1609,1073,156,47,1,1,1,1
1396,12,624,1117,274,36,1,1,1,1
1397,10,1604,1073,157,47,1,1,1,1
1397,12,632,1117,274,36,1,1,1,1
1398,10,1598,1073,157,47,1,1,1,1
1398,12,641,1117,273,36,1,1,1,1
1399,10,1593,1073,158,47,1,1,1,1
1399,12,650,1117,272,36,1,1,1,1
1399,13,0,1105,29,35,1,1,1,1
1400,10,1588,1073,159,47,1,1,1,1
1400,12,659,1117,272,36,1,1,1,1
1400,13,0,1105,40,35,1,1,1,1
1401,10,1582,1073,159,47,1,1,1,1
1401,12,668,1117,271,36,1,1,1,1
1401,13,0,1105,51,36,1,1,1,1
1402,10,1577,1073,160,47,1,1,1,1
1402,12,676,1117,270,36,1,1,1,1
1402,13,0,1105,62,36,1,1,1,1
1403,10,1571,1074,160,47,1,1,1,1
1403,12,684,1117,269,36,1,1,1,1
1403,13,0,1105,74,36,1,1,1,1
1404,10,1566,1074,161,47,1,1,1,1
1404,12,692,1117,268,36,1,1,1,1
1404,13,0,1105,85,36,1,1,1,1
1405,10,1561,1074,162,47,1,1,1,1
1405,12,700,1117,268,36,1,1,1,1
1405,13,0,1105,96,37,1,1,1,1
1406,10,1555,1074,162,47,1,1,1,1
1406,12,708,1117,267,36,1,1,1,1
1406,13,0,1105,107,37,1,1,1,1
1407,10,1550,1074,163,47,1,1,1,1
1407,12,716,1117,266,36,1,1,1,1
1407,13,0,1104,118,37,1,1,1,1
1408,10,1545,1074,164,47,1,1,1,1
1408,12,724,1117,265,36,1,1,1,1
1408,13,0,1104,129,37,1,1,1,1
1409,10,1539,1074,164,47,1,1,1,1
1409,12,733,1117,264,36,1,1,1,1
1409,13,0,1104,140,38,1,1,1,1
1410,10,1534,1074,165,46,1,1,1,1
1410,12,741,1117,263,36,1,1,1,1
1410,13,0,1104,151,38,1,1,1,1
1411,10,1528,1074,165,46,1,1,1,1
1411,12,749,1117,262,36,1,1,1,1
1411,13,0,1104,163,38,1,1,1,1
1412,10,1523,1074,166,46,1,1,1,1
1412,12,757,1117,261,36,1,1,1,1
1412,13,0,1104,174,38,1,1,1,1
1413,10,1518,1074,167,46,1,1,1,1
1413,12,765,1117,261,36,1,1,1,1
1413,13,0,1104,185,39,1,1,1,1
1414,10,1512,1074,167,46,1,1,1,1
1414,12,773,1117,260,36,1,1,1,1
1414,13,0,1104,196,39,1,1,1,1
1415,10,1507,1074,168,46,1,1,1,1
1415,12,781,1117,259,36,1,1,1,1
1415,13,0,1104,206,39,1,1,1,1
1416,10,1502,1074,169,46,1,1,1,1
1416,12,789,1117,258,36,1,1,1,1
1416,13,0,1104,217,40,1,1,1,1
1417,10,1496,1075,169,46,1,1,1,1
1417,12,797,1117,257,36,1,1,1,1
1417,13,0,1103,227,40,1,1,1,1
1418,10,1491,1075,170,46,1,1,1,1
1418,12,805,1117,256,36,1,1,1,1
1418,13,0,1103,238,41,1,1,1,1
1419,10,1485,1075,170,46,1,1,1,1
1419,12,813,1117,255,35,1,1,1,1
1419,13,0,1103,248,41,1,1,1,1
1420,10,1480,1075,171,46,1,1,1,1
1420,12,821,1117,253,35,1,1,1,1
1420,13,0,1103,258,42,1,1,1,1
1421,10,1475,1075,172,46,1,1,1,1
1421,12,829,1117,252,35,1,1,1,1
1421,13,0,1102,269,42,1,1,1,1
1422,10,1469,1075,172,46,1,1,1,1
1422,12,837,1117,251,34,1,1,1,1
1422,13,0,1102,279,43,1,1,1,1
1423,10,1464,1075,173,46,1,1,1,1
1423,12,846,1117,250,34,1,1,1,1
1423,13,0,1102,290,43,1,1,1,1
1424,10,1458,1075,174,46,1,1,1,1
1424,12,854,1117,248,34,1,1,1,1
1424,13,0,1102,300,43,1,1,1,1
1425,10,1452,1075,175,47,1,1,1,1
1425,12,862,1117,247,33,1,1,1,1
1425,13,0,1102,310,44,1,1,1,1
1426,10,1446,1075,176,47,1,1,1,1
1426,12,870,1117,246,33,1,1,1,1
1426,13,0,1101,321,44,1,1,1,1
1427,10,1439,1075,177,47,1,1,1,1
1427,12,878,1117,245,33,1,1,1,1
1427,13,0,1101,331,45,1,1,1,1
1428,10,1433,1075,178,48,1,1,1,1
1428,12,886,1117,243,32,1,1,1,1
1428,13,0,1101,341,45,1,1,1,1
1429,10,1427,1075,179,48,1,1,1,1
1429,12,894,1117,242,32,1,1,1,1
1429,13,0,1101,352,46,1,1,1,1
1430,10,1421,1076,180,49,1,1,1,1
1430,12,901,1117,242,32,1,1,1,1
1430,13,0,1100,362,46,1,1,1,1
1431,10,1415,1076,181,49,1,1,1,1
1431,12,909,1117,242,33,1,1,1,1
1431,13,0,1100,373,47,1,1,1,1
1432,10,1409,1076,182,49,1,1,1,1
1432,12,916,1116,241,33,1,1,1,1
1432,13,0,1100,383,47,1,1,1,1
1433,10,1403,1076,183,50,1,1,1,1
1433,12,924,1116,241,34,1,1,1,1
1433,13,0,1092,393,55,1,1,1,1
1434,10,1396,1076,184,50,1,1,1,1
1434,12,931,1116,241,34,1,1,1,1
1434,13,0,1084,404,63,1,1,1,1
1435,10,1390,1076,185,50,1,1,1,1
1435,12,938,1116,241,34,1,1,1,1
1435,13,0,1076,414,71,1,1,1,1
1436,10,1384,1076,186,51,1,1,1,1
1436,12,946,1115,240,35,1,1,1,1
1436,13,0,1068,425,79,1,1,1,1
1437,10,1378,1076,187,51,1,1,1,1
1437,12,953,1115,240,35,1,1,1,1
1437,13,0,1060,435,87,1,1,1,1
