2,633000000,1780,1094,208,40,1,1,1,1
2,299400000,2254,1067,110,35,1,1,1,1
3,633000000,1783,1094,208,40,1,1,1,1
3,299400000,2251,1067,111,35,1,1,1,1
4,633000000,1787,1094,207,40,1,1,1,1
4,299400000,2248,1067,111,36,1,1,1,1
5,633000000,1791,1093,207,39,1,1,1,1
5,299400000,2245,1068,111,36,1,1,1,1
6,633000000,1795,1093,207,39,1,1,1,1
6,299400000,2242,1068,111,36,1,1,1,1
7,633000000,1799,1093,206,39,1,1,1,1
7,299400000,2239,1068,112,36,1,1,1,1
8,633000000,1803,1093,206,39,1,1,1,1
8,299400000,2235,1068,112,36,1,1,1,1
9,633000000,1806,1093,205,39,1,1,1,1
9,299400000,2232,1068,112,36,1,1,1,1
10,633000000,1810,1093,205,39,1,1,1,1
10,299400000,2229,1068,112,36,1,1,1,1
11,633000000,1814,1093,204,39,1,1,1,1
11,299400000,2226,1068,113,37,1,1,1,1
12,633000000,1818,1093,204,39,1,1,1,1
12,299400000,2223,1068,113,37,1,1,1,1
13,633000000,1822,1093,204,39,1,1,1,1
13,299400000,2220,1068,113,37,1,1,1,1
14,633000000,1826,1093,203,39,1,1,1,1
14,299400000,2217,1068,113,37,1,1,1,1
15,633000000,1829,1092,203,38,1,1,1,1
15,299400000,2214,1069,114,37,1,1,1,1
16,633000000,1833,1092,202,38,1,1,1,1
16,299400000,2211,1069,114,37,1,1,1,1
17,633000000,1837,1092,202,38,1,1,1,1
17,299400000,2208,1069,114,37,1,1,1,1
17,354900000,0,1108,15,29,1,1,1,1
18,633000000,1841,1092,202,38,1,1,1,1
18,299400000,2205,1069,114,37,1,1,1,1
18,354900000,0,1105,36,33,1,1,1,1
19,633000000,1845,1092,201,38,1,1,1,1
19,299400000,2202,1069,115,38,1,1,1,1
19,354900000,0,1101,57,36,1,1,1,1
20,633000000,1849,1092,201,38,1,1,1,1
20,299400000,2199,1069,115,38,1,1,1,1
20,354900000,0,1098,78,40,1,1,1,1
21,633000000,1852,1092,200,38,1,1,1,1
21,299400000,2196,1069,115,38,1,1,1,1
21,354900000,13,1098,87,40,1,1,1,1
22,633000000,1856,1092,200,38,1,1,1,1
22,299400000,2192,1069,115,38,1,1,1,1
22,354900000,33,1098,87,40,1,1,1,1
23,633000000,1860,1092,199,38,1,1,1,1
23,299400000,2189,1069,116,38,1,1,1,1
23,354900000,54,1098,86,40,1,1,1,1
24,633000000,1864,1092,199,38,1,1,1,1
24,299400000,2186,1069,116,38,1,1,1,1
24,354900000,74,1099,86,40,1,1,1,1
25,633000000,1868,1091,199,37,1,1,1,1
25,299400000,2183,1070,116,38,1,1,1,1
25,354900000,94,1099,86,40,1,1,1,1
26,633000000,1872,1091,198,37,1,1,1,1
26,299400000,2180,1070,116,39,1,1,1,1
26,354900000,114,1099,85,40,1,1,1,1
27,633000000,1875,1091,198,37,1,1,1,1
27,299400000,2177,1070,117,39,1,1,1,1
27,354900000,135,1099,85,40,1,1,1,1
28,633000000,1879,1091,197,37,1,1,1,1
28,299400000,2174,1070,117,39,1,1,1,1
28,354900000,155,1099,85,40,1,1,1,1
29,633000000,1883,1091,197,37,1,1,1,1
29,299400000,2171,1070,117,39,1,1,1,1
29,354900000,175,1100,85,40,1,1,1,1
30,633000000,1887,1091,197,37,1,1,1,1
30,299400000,2168,1070,117,39,1,1,1,1
30,354900000,195,1100,84,40,1,1,1,1
31,633000000,1890,1091,196,37,1,1,1,1
31,299400000,2164,1070,118,39,1,1,1,1
31,354900000,216,1100,84,40,1,1,1,1
32,633000000,1894,1091,196,37,1,1,1,1
32,299400000,2161,1070,118,39,1,1,1,1
32,354900000,236,1100,84,40,1,1,1,1
33,633000000,1897,1091,195,37,1,1,1,1
33,299400000,2157,1070,118,39,1,1,1,1
33,354900000,256,1100,83,40,1,1,1,1
34,633000000,1901,1091,195,37,1,1,1,1
34,299400000,2154,1070,119,39,1,1,1,1
34,354900000,276,1100,83,40,1,1,1,1
35,633000000,1905,1091,195,37,1,1,1,1
35,299400000,2151,1070,119,38,1,1,1,1
35,354900000,297,1101,83,40,1,1,1,1
36,633000000,1908,1091,194,37,1,1,1,1
36,299400000,2147,1070,119,38,1,1,1,1
36,354900000,317,1101,82,40,1,1,1,1
37,633000000,1912,1091,194,37,1,1,1,1
37,299400000,2144,1070,119,38,1,1,1,1
37,354900000,337,1101,82,40,1,1,1,1
38,633000000,1915,1090,193,36,1,1,1,1
38,299400000,2140,1070,120,38,1,1,1,1
38,354900000,356,1101,82,40,1,1,1,1
39,633000000,1919,1090,193,36,1,1,1,1
39,299400000,2137,1070,120,38,1,1,1,1
39,354900000,374,1101,81,40,1,1,1,1
40,633000000,1923,1090,193,36,1,1,1,1
40,299400000,2134,1070,120,38,1,1,1,1
40,354900000,393,1102,81,39,1,1,1,1
41,633000000,1926,1090,192,36,1,1,1,1
41,299400000,2130,1070,121,38,1,1,1,1
41,354900000,411,1102,80,39,1,1,1,1
42,633000000,1930,1090,192,36,1,1,1,1
42,299400000,2127,1070,121,38,1,1,1,1
42,354900000,430,1102,80,39,1,1,1,1
43,633000000,1933,1090,191,36,1,1,1,1
43,299400000,2123,1070,121,38,1,1,1,1
43,354900000,448,1102,79,39,1,1,1,1
44,633000000,1937,1090,191,36,1,1,1,1
44,299400000,2120,1070,122,38,1,1,1,1
44,354900000,467,1102,79,38,1,1,1,1
45,633000000,1941,1090,191,36,1,1,1,1
45,299400000,2117,1070,122,37,1,1,1,1
45,354900000,485,1103,78,38,1,1,1,1
46,633000000,1944,1090,190,36,1,1,1,1
46,299400000,2113,1070,122,37,1,1,1,1
46,354900000,504,1103,78,38,1,1,1,1
47,633000000,1948,1090,190,36,1,1,1,1
47,299400000,2110,1070,122,37,1,1,1,1
47,354900000,523,1103,78,38,1,1,1,1
48,633000000,1952,1090,190,36,1,1,1,1
48,299400000,2106,1070,123,37,1,1,1,1
48,354900000,541,1103,77,37,1,1,1,1
49,633000000,1955,1090,189,36,1,1,1,1
49,299400000,2103,1070,123,37,1,1,1,1
49,354900000,560,1103,77,37,1,1,1,1
50,633000000,1959,1090,189,36,1,1,1,1
50,299400000,2099,1070,123,37,1,1,1,1
50,354900000,578,1104,76,37,1,1,1,1
51,633000000,1962,1090,188,36,1,1,1,1
51,299400000,2095,1070,124,37,1,1,1,1
51,354900000,597,1104,76,37,1,1,1,1
52,633000000,1966,1090,188,36,1,1,1,1
52,299400000,2091,1070,124,37,1,1,1,1
52,354900000,615,1104,75,36,1,1,1,1
53,633000000,1970,1090,188,36,1,1,1,1
53,299400000,2087,1070,125,37,1,1,1,1
53,354900000,634,1104,75,36,1,1,1,1
54,633000000,1973,1089,187,35,1,1,1,1
54,299400000,2083,1070,125,37,1,1,1,1
54,354900000,652,1104,74,36,1,1,1,1
55,633000000,1977,1089,187,35,1,1,1,1
55,299400000,2079,1070,126,37,1,1,1,1
55,354900000,671,1105,74,36,1,1,1,1
56,633000000,1980,1089,186,35,1,1,1,1
56,299400000,2076,1071,126,38,1,1,1,1
56,354900000,689,1105,73,35,1,1,1,1
57,633000000,1984,1089,186,35,1,1,1,1
57,299400000,2072,1071,127,38,1,1,1,1
57,354900000,708,1105,73,35,1,1,1,1
58,633000000,1988,1089,186,35,1,1,1,1
58,299400000,2068,1071,127,38,1,1,1,1
58,354900000,726,1105,73,35,1,1,1,1
59,633000000,1991,1089,185,35,1,1,1,1
59,299400000,2064,1071,128,38,1,1,1,1
59,354900000,743,1105,73,35,1,1,1,1
60,633000000,1995,1089,185,35,1,1,1,1
60,299400000,2060,1071,128,38,1,1,1,1
60,354900000,761,1105,73,35,1,1,1,1
61,633000000,1998,1089,184,35,1,1,1,1
61,299400000,2056,1071,129,38,1,1,1,1
61,354900000,779,1105,73,35,1,1,1,1
62,633000000,2002,1089,184,35,1,1,1,1
62,299400000,2052,1071,129,38,1,1,1,1
62,354900000,796,1105,73,35,1,1,1,1
63,633000000,2005,1089,184,35,1,1,1,1
63,299400000,2048,1071,130,38,1,1,1,1
63,354900000,814,1105,73,35,1,1,1,1
64,633000000,2009,1089,183,35,1,1,1,1
64,299400000,2044,1071,130,38,1,1,1,1
64,354900000,832,1105,73,35,1,1,1,1
65,633000000,2012,1089,183,35,1,1,1,1
65,299400000,2040,1071,131,38,1,1,1,1
65,354900000,850,1106,73,35,1,1,1,1
66,633000000,2016,1089,183,35,1,1,1,1
66,299400000,2036,1071,131,38,1,1,1,1
66,354900000,867,1106,73,35,1,1,1,1
67,633000000,2019,1089,182,35,1,1,1,1
67,299400000,2032,1071,132,38,1,1,1,1
67,354900000,885,1106,73,35,1,1,1,1
68,633000000,2023,1088,182,35,1,1,1,1
68,299400000,2028,1071,132,38,1,1,1,1
68,354900000,903,1106,73,35,1,1,1,1
69,633000000,2026,1088,182,35,1,1,1,1
69,299400000,2025,1072,133,39,1,1,1,1
69,354900000,920,1106,73,35,1,1,1,1
70,633000000,2030,1088,181,35,1,1,1,1
70,299400000,2021,1072,133,39,1,1,1,1
70,354900000,938,1106,73,35,1,1,1,1
71,633000000,2033,1088,181,35,1,1,1,1
71,299400000,2017,1072,134,39,1,1,1,1
71,354900000,956,1106,73,35,1,1,1,1
72,633000000,2037,1088,181,35,1,1,1,1
72,299400000,2013,1072,134,39,1,1,1,1
72,354900000,973,1106,73,35,1,1,1,1
73,633000000,2040,1088,181,35,1,1,1,1
73,299400000,2009,1072,135,39,1,1,1,1
73,354900000,991,1106,73,35,1,1,1,1
74,633000000,2043,1088,180,35,1,1,1,1
74,299400000,2005,1072,135,39,1,1,1,1
74,354900000,1007,1106,73,35,1,1,1,1
75,633000000,2047,1088,180,35,1,1,1,1
75,299400000,2001,1072,136,39,1,1,1,1
75,354900000,1023,1106,73,35,1,1,1,1
76,633000000,2050,1088,180,35,1,1,1,1
76,299400000,1997,1072,136,39,1,1,1,1
76,354900000,1040,1106,72,36,1,1,1,1
77,633000000,2054,1088,179,35,1,1,1,1
77,299400000,1993,1072,137,39,1,1,1,1
77,354900000,1056,1106,72,36,1,1,1,1
78,633000000,2057,1088,179,35,1,1,1,1
78,299400000,1989,1072,137,39,1,1,1,1
78,354900000,1072,1106,72,36,1,1,1,1
79,633000000,2061,1087,179,35,1,1,1,1
79,299400000,1985,1072,138,39,1,1,1,1
79,354900000,1087,1106,72,36,1,1,1,1
80,633000000,2064,1087,178,35,1,1,1,1
80,299400000,1981,1072,138,39,1,1,1,1
80,354900000,1103,1106,71,36,1,1,1,1
81,633000000,2068,1087,178,35,1,1,1,1
81,299400000,1977,1072,139,39,1,1,1,1
81,354900000,1118,1106,71,36,1,1,1,1
82,633000000,2071,1087,178,35,1,1,1,1
82,299400000,1974,1073,139,40,1,1,1,1
82,354900000,1134,1105,70,35,1,1,1,1
83,633000000,2075,1087,177,35,1,1,1,1
83,299400000,1970,1073,140,40,1,1,1,1
83,354900000,1149,1105,70,35,1,1,1,1
84,633000000,2078,1087,177,35,1,1,1,1
84,299400000,1966,1073,140,40,1,1,1,1
84,354900000,1165,1105,69,35,1,1,1,1
85,633000000,2081,1087,177,35,1,1,1,1
85,299400000,1962,1073,141,40,1,1,1,1
85,354900000,1180,1105,69,35,1,1,1,1
86,633000000,2084,1087,176,35,1,1,1,1
86,299400000,1958,1073,141,40,1,1,1,1
86,354900000,1194,1105,70,35,1,1,1,1
87,633000000,2088,1087,176,35,1,1,1,1
87,299400000,1954,1073,142,40,1,1,1,1
87,354900000,1208,1105,71,35,1,1,1,1
88,633000000,2091,1087,176,35,1,1,1,1
88,299400000,1950,1073,142,40,1,1,1,1
88,354900000,1223,1105,70,35,1,1,1,1
89,633000000,2094,1087,175,35,1,1,1,1
89,299400000,1946,1073,142,40,1,1,1,1
89,354900000,1238,1105,69,35,1,1,1,1
90,633000000,2097,1087,175,35,1,1,1,1
90,299400000,1941,1073,143,40,1,1,1,1
90,354900000,1252,1104,69,35,1,1,1,1
91,633000000,2101,1087,175,35,1,1,1,1
91,299400000,1937,1073,143,41,1,1,1,1
91,354900000,1267,1104,68,35,1,1,1,1
92,633000000,2104,1086,175,35,1,1,1,1
92,299400000,1932,1073,144,41,1,1,1,1
92,354900000,1282,1104,67,35,1,1,1,1
93,633000000,2107,1086,174,35,1,1,1,1
93,299400000,1928,1073,144,41,1,1,1,1
93,354900000,1296,1104,66,35,1,1,1,1
94,633000000,2110,1086,174,35,1,1,1,1
94,299400000,1923,1073,145,41,1,1,1,1
94,354900000,1309,1103,64,35,1,1,1,1
95,633000000,2114,1086,174,35,1,1,1,1
95,299400000,1919,1073,145,41,1,1,1,1
95,354900000,1323,1103,63,35,1,1,1,1
96,633000000,2117,1086,173,35,1,1,1,1
96,299400000,1914,1073,146,41,1,1,1,1
96,354900000,1336,1103,64,35,1,1,1,1
97,633000000,2120,1086,173,35,1,1,1,1
97,299400000,1910,1073,146,42,1,1,1,1
97,354900000,1349,1103,65,35,1,1,1,1
98,633000000,2123,1086,173,35,1,1,1,1
98,299400000,1905,1073,147,42,1,1,1,1
98,354900000,1362,1103,66,35,1,1,1,1
99,633000000,2127,1086,172,34,1,1,1,1
99,299400000,1901,1073,147,42,1,1,1,1
99,354900000,1375,1103,65,35,1,1,1,1
100,633000000,2130,1086,172,34,1,1,1,1
100,299400000,1896,1073,148,42,1,1,1,1
100,354900000,1387,1103,64,35,1,1,1,1
101,633000000,2133,1086,172,34,1,1,1,1
101,299400000,1891,1073,149,42,1,1,1,1
101,354900000,1400,1102,63,34,1,1,1,1
102,633000000,2136,1086,171,34,1,1,1,1
102,299400000,1887,1073,149,42,1,1,1,1
102,354900000,1412,1102,62,34,1,1,1,1
103,633000000,2140,1086,171,34,1,1,1,1
103,299400000,1882,1073,150,43,1,1,1,1
103,354900000,1425,1102,63,34,1,1,1,1
104,633000000,2143,1086,171,34,1,1,1,1
104,299400000,1877,1073,151,43,1,1,1,1
104,354900000,1438,1102,63,34,1,1,1,1
105,633000000,2146,1086,170,34,1,1,1,1
105,299400000,1872,1073,152,43,1,1,1,1
105,354900000,1450,1102,62,34,1,1,1,1
106,633000000,2149,1085,170,34,1,1,1,1
106,299400000,1867,1073,153,43,1,1,1,1
106,354900000,1463,1102,61,34,1,1,1,1
107,633000000,2153,1085,170,34,1,1,1,1
107,299400000,1863,1073,153,43,1,1,1,1
107,354900000,1475,1101,60,34,1,1,1,1
108,633000000,2156,1085,170,34,1,1,1,1
108,299400000,1858,1073,154,43,1,1,1,1
108,354900000,1487,1101,59,34,1,1,1,1
109,633000000,2159,1085,169,34,1,1,1,1
109,299400000,1853,1073,155,43,1,1,1,1
109,354900000,1499,1101,60,34,1,1,1,1
110,633000000,2162,1085,169,34,1,1,1,1
110,299400000,1848,1072,156,44,1,1,1,1
110,354900000,1511,1101,60,34,1,1,1,1
111,633000000,2166,1085,169,34,1,1,1,1
111,299400000,1843,1072,157,44,1,1,1,1
111,354900000,1523,1101,61,34,1,1,1,1
112,633000000,2169,1085,168,34,1,1,1,1
112,299400000,1838,1072,158,44,1,1,1,1
112,354900000,1535,1101,60,33,1,1,1,1
113,633000000,2172,1085,168,34,1,1,1,1
113,299400000,1834,1072,158,44,1,1,1,1
113,354900000,1546,1101,59,32,1,1,1,1
114,633000000,2175,1085,168,34,1,1,1,1
114,299400000,1829,1072,159,44,1,1,1,1
114,354900000,1558,1101,59,32,1,1,1,1
115,633000000,2178,1085,167,34,1,1,1,1
115,299400000,1824,1072,160,44,1,1,1,1
115,354900000,1569,1101,59,32,1,1,1,1
116,633000000,2181,1085,167,34,1,1,1,1
116,299400000,1819,1072,161,44,1,1,1,1
116,354900000,1581,1101,59,32,1,1,1,1
117,633000000,2185,1085,166,34,1,1,1,1
117,299400000,1814,1072,162,45,1,1,1,1
117,354900000,1592,1101,56,31,1,1,1,1
118,633000000,2188,1085,166,34,1,1,1,1
118,299400000,1810,1072,162,45,1,1,1,1
118,354900000,1603,1101,58,31,1,1,1,1
119,633000000,2191,1085,165,34,1,1,1,1
119,299400000,1805,1072,163,45,1,1,1,1
119,354900000,1614,1101,59,31,1,1,1,1
120,633000000,2194,1084,165,34,1,1,1,1
120,299400000,1800,1072,164,45,1,1,1,1
120,354900000,1624,1101,58,31,1,1,1,1
121,633000000,2197,1084,164,34,1,1,1,1
121,299400000,1795,1072,165,45,1,1,1,1
121,354900000,1635,1101,58,31,1,1,1,1
122,633000000,2200,1084,164,34,1,1,1,1
122,299400000,1790,1072,165,45,1,1,1,1
122,354900000,1645,1100,57,31,1,1,1,1
123,633000000,2203,1084,164,34,1,1,1,1
123,299400000,1785,1072,166,45,1,1,1,1
123,354900000,1655,1100,57,31,1,1,1,1
124,633000000,2207,1084,163,34,1,1,1,1
124,299400000,1780,1073,166,46,1,1,1,1
124,354900000,1665,1100,56,31,1,1,1,1
125,633000000,2210,1084,163,34,1,1,1,1
125,299400000,1775,1073,167,46,1,1,1,1
125,354900000,1676,1100,55,31,1,1,1,1
126,633000000,2213,1084,162,34,1,1,1,1
126,299400000,1770,1073,167,46,1,1,1,1
126,354900000,1686,1099,55,31,1,1,1,1
127,633000000,2216,1084,162,33,1,1,1,1
127,299400000,1765,1073,168,46,1,1,1,1
127,354900000,1696,1099,54,31,1,1,1,1
128,633000000,2219,1084,161,33,1,1,1,1
128,299400000,1760,1073,169,46,1,1,1,1
128,354900000,1706,1099,53,30,1,1,1,1
129,633000000,2222,1084,161,33,1,1,1,1
129,299400000,1755,1073,169,46,1,1,1,1
129,354900000,1717,1099,53,30,1,1,1,1
130,633000000,2226,1084,160,33,1,1,1,1
130,299400000,1750,1073,170,46,1,1,1,1
130,354900000,1727,1098,52,30,1,1,1,1
131,633000000,2229,1084,160,33,1,1,1,1
131,299400000,1745,1073,170,46,1,1,1,1
131,354900000,1737,1098,52,30,1,1,1,1
132,633000000,2232,1084,160,33,1,1,1,1
132,299400000,1740,1074,171,47,1,1,1,1
132,354900000,1747,1098,51,30,1,1,1,1
133,633000000,2235,1084,159,33,1,1,1,1
133,299400000,1735,1074,171,47,1,1,1,1
133,354900000,1758,1098,50,30,1,1,1,1
134,633000000,2238,1083,159,33,1,1,1,1
134,299400000,1730,1074,172,47,1,1,1,1
134,354900000,1768,1097,50,30,1,1,1,1
135,633000000,2241,1083,158,33,1,1,1,1
135,299400000,1725,1074,172,47,1,1,1,1
135,354900000,1778,1097,49,30,1,1,1,1
136,633000000,2244,1083,158,33,1,1,1,1
136,299400000,1720,1074,173,47,1,1,1,1
136,354900000,1787,1097,48,30,1,1,1,1
137,633000000,2248,1083,157,33,1,1,1,1
137,299400000,1714,1074,174,47,1,1,1,1
137,354900000,1797,1097,48,30,1,1,1,1
138,633000000,2251,1083,157,33,1,1,1,1
138,299400000,1708,1074,175,47,1,1,1,1
138,354900000,1806,1096,47,30,1,1,1,1
139,633000000,2254,1083,156,33,1,1,1,1
139,299400000,1703,1074,176,47,1,1,1,1
139,354900000,1816,1096,47,30,1,1,1,1
140,633000000,2257,1083,156,33,1,1,1,1
140,299400000,1697,1074,177,47,1,1,1,1
140,354900000,1825,1096,46,31,1,1,1,1
141,633000000,2260,1083,156,33,1,1,1,1
141,299400000,1691,1074,178,47,1,1,1,1
141,354900000,1835,1096,46,31,1,1,1,1
142,633000000,2263,1083,156,33,1,1,1,1
142,299400000,1685,1075,179,48,1,1,1,1
142,354900000,1844,1095,45,31,1,1,1,1
143,633000000,2266,1083,156,33,1,1,1,1
143,299400000,1679,1075,180,48,1,1,1,1
143,354900000,1854,1095,45,31,1,1,1,1
144,633000000,2268,1083,155,33,1,1,1,1
144,299400000,1673,1075,181,48,1,1,1,1
144,354900000,1863,1095,44,31,1,1,1,1
145,633000000,2271,1083,155,33,1,1,1,1
145,299400000,1668,1075,182,48,1,1,1,1
145,354900000,1871,1095,45,31,1,1,1,1
146,633000000,2274,1083,155,33,1,1,1,1
146,299400000,1662,1075,183,48,1,1,1,1
146,354900000,1879,1095,45,31,1,1,1,1
147,633000000,2277,1082,155,33,1,1,1,1
147,299400000,1656,1075,184,48,1,1,1,1
147,354900000,1888,1094,46,31,1,1,1,1
148,633000000,2280,1082,155,33,1,1,1,1
148,299400000,1650,1075,184,48,1,1,1,1
148,354900000,1896,1094,46,31,1,1,1,1
149,633000000,2283,1082,155,33,1,1,1,1
149,299400000,1644,1075,185,48,1,1,1,1
149,354900000,1904,1094,47,31,1,1,1,1
150,633000000,2286,1082,155,33,1,1,1,1
150,299400000,1638,1075,186,48,1,1,1,1
150,354900000,1913,1094,48,31,1,1,1,1
151,633000000,2289,1082,154,33,1,1,1,1
151,299400000,1633,1075,187,48,1,1,1,1
151,354900000,1922,1094,49,31,1,1,1,1
152,633000000,2291,1082,154,33,1,1,1,1
152,299400000,1627,1075,188,48,1,1,1,1
152,354900000,1930,1094,48,31,1,1,1,1
153,633000000,2294,1082,154,33,1,1,1,1
153,299400000,1621,1075,189,48,1,1,1,1
153,354900000,1938,1094,47,31,1,1,1,1
154,633000000,2297,1082,154,32,1,1,1,1
154,299400000,1615,1076,190,49,1,1,1,1
154,354900000,1946,1094,47,30,1,1,1,1
155,633000000,2300,1082,154,32,1,1,1,1
155,299400000,1609,1076,191,49,1,1,1,1
155,354900000,1954,1094,46,30,1,1,1,1
156,633000000,2303,1082,154,32,1,1,1,1
156,299400000,1603,1076,192,49,1,1,1,1
156,354900000,1963,1093,45,30,1,1,1,1
157,633000000,2306,1082,153,32,1,1,1,1
157,299400000,1598,1076,193,49,1,1,1,1
157,354900000,1971,1093,44,30,1,1,1,1
158,633000000,2309,1082,153,32,1,1,1,1
158,299400000,1592,1076,194,49,1,1,1,1
158,354900000,1979,1093,44,29,1,1,1,1
159,633000000,2312,1082,153,32,1,1,1,1
159,299400000,1586,1076,195,49,1,1,1,1
159,354900000,1987,1093,43,29,1,1,1,1
160,633000000,2314,1082,153,32,1,1,1,1
160,299400000,1580,1076,196,49,1,1,1,1
160,354900000,1995,1093,42,29,1,1,1,1
161,633000000,2317,1081,153,32,1,1,1,1
161,299400000,1574,1076,196,49,1,1,1,1
161,354900000,2003,1093,42,29,1,1,1,1
162,633000000,2320,1081,153,32,1,1,1,1
162,299400000,1568,1076,197,49,1,1,1,1
162,354900000,2010,1093,41,29,1,1,1,1
163,633000000,2323,1081,153,32,1,1,1,1
163,299400000,1562,1076,197,49,1,1,1,1
163,354900000,2018,1093,41,29,1,1,1,1
164,633000000,2326,1081,152,32,1,1,1,1
164,299400000,1556,1076,198,49,1,1,1,1
164,354900000,2025,1093,41,28,1,1,1,1
165,633000000,2329,1081,152,32,1,1,1,1
165,299400000,1549,1076,200,49,1,1,1,1
165,354900000,2033,1093,40,28,1,1,1,1
166,633000000,2332,1081,152,32,1,1,1,1
166,299400000,1543,1076,201,49,1,1,1,1
166,354900000,2040,1093,40,28,1,1,1,1
167,633000000,2335,1081,152,32,1,1,1,1
167,299400000,1536,1076,203,49,1,1,1,1
167,354900000,2047,1093,40,28,1,1,1,1
168,633000000,2337,1081,152,32,1,1,1,1
168,299400000,1530,1076,204,49,1,1,1,1
168,354900000,2054,1093,40,28,1,1,1,1
169,633000000,2340,1081,152,32,1,1,1,1
169,299400000,1523,1076,206,49,1,1,1,1
169,354900000,2062,1093,40,28,1,1,1,1
170,633000000,2343,1081,152,32,1,1,1,1
170,299400000,1517,1077,207,50,1,1,1,1
170,354900000,2069,1092,40,27,1,1,1,1
171,633000000,2346,1081,151,32,1,1,1,1
171,299400000,1510,1077,209,50,1,1,1,1
171,354900000,2076,1092,40,27,1,1,1,1
172,633000000,2349,1081,151,32,1,1,1,1
172,299400000,1504,1077,210,50,1,1,1,1
172,354900000,2083,1092,40,27,1,1,1,1
173,633000000,2352,1081,151,32,1,1,1,1
173,299400000,1497,1077,212,50,1,1,1,1
173,354900000,2090,1092,40,27,1,1,1,1
174,633000000,2355,1080,151,32,1,1,1,1
174,299400000,1491,1077,213,50,1,1,1,1
174,354900000,2097,1092,40,26,1,1,1,1
175,633000000,2357,1080,151,32,1,1,1,1
175,299400000,1484,1077,215,50,1,1,1,1
175,354900000,2104,1092,40,26,1,1,1,1
176,633000000,2360,1080,151,32,1,1,1,1
176,299400000,1478,1077,216,50,1,1,1,1
176,354900000,2112,1091,41,26,1,1,1,1
177,633000000,2363,1080,151,32,1,1,1,1
177,299400000,1471,1077,217,50,1,1,1,1
177,354900000,2119,1091,41,26,1,1,1,1
178,633000000,2366,1080,150,32,1,1,1,1
178,299400000,1464,1077,217,50,1,1,1,1
178,354900000,2126,1091,41,25,1,1,1,1
179,633000000,2369,1080,150,32,1,1,1,1
179,299400000,1457,1077,218,50,1,1,1,1
179,354900000,2133,1091,41,25,1,1,1,1
180,633000000,2372,1080,150,32,1,1,1,1
180,299400000,1450,1077,219,50,1,1,1,1
180,354900000,2139,1091,41,25,1,1,1,1
181,633000000,2375,1080,150,31,1,1,1,1
181,299400000,1443,1077,220,50,1,1,1,1
181,354900000,2145,1091,41,25,1,1,1,1
182,633000000,2378,1080,150,31,1,1,1,1
182,299400000,1436,1077,220,50,1,1,1,1
182,354900000,2151,1090,40,25,1,1,1,1
183,633000000,2380,1080,150,31,1,1,1,1
183,299400000,1429,1078,221,51,1,1,1,1
183,354900000,2157,1090,40,25,1,1,1,1
184,633000000,2383,1080,149,31,1,1,1,1
184,299400000,1422,1078,222,51,1,1,1,1
184,354900000,2163,1090,40,25,1,1,1,1
185,633000000,2386,1080,149,31,1,1,1,1
185,299400000,1415,1078,223,51,1,1,1,1
185,354900000,2169,1090,40,25,1,1,1,1
186,633000000,2389,1080,149,31,1,1,1,1
186,299400000,1408,1078,223,51,1,1,1,1
186,354900000,2175,1090,40,25,1,1,1,1
187,633000000,2392,1080,149,31,1,1,1,1
187,299400000,1401,1078,224,51,1,1,1,1
187,354900000,2182,1089,39,25,1,1,1,1
188,633000000,2395,1079,149,31,1,1,1,1
188,299400000,1394,1078,225,51,1,1,1,1
188,354900000,2188,1089,39,25,1,1,1,1
189,633000000,2398,1079,149,31,1,1,1,1
189,299400000,1387,1078,226,51,1,1,1,1
189,354900000,2194,1089,39,25,1,1,1,1
190,633000000,2401,1079,149,31,1,1,1,1
190,299400000,1379,1078,226,51,1,1,1,1
190,354900000,2200,1089,39,25,1,1,1,1
191,633000000,2403,1079,148,31,1,1,1,1
191,299400000,1372,1078,227,51,1,1,1,1
191,354900000,2206,1089,39,25,1,1,1,1
192,633000000,2406,1079,148,31,1,1,1,1
192,299400000,1365,1078,228,51,1,1,1,1
192,354900000,2212,1088,38,25,1,1,1,1
193,633000000,2409,1079,148,31,1,1,1,1
193,299400000,1358,1078,229,51,1,1,1,1
193,354900000,2218,1088,38,25,1,1,1,1
194,633000000,2412,1079,148,31,1,1,1,1
194,299400000,1351,1078,229,51,1,1,1,1
194,354900000,2224,1088,38,25,1,1,1,1
195,633000000,2415,1079,145,31,1,1,1,1
195,299400000,1344,1078,230,51,1,1,1,1
195,354900000,2230,1088,38,24,1,1,1,1
196,633000000,2418,1079,143,31,1,1,1,1
196,299400000,1337,1078,231,51,1,1,1,1
196,354900000,2236,1088,38,24,1,1,1,1
197,633000000,2420,1079,140,31,1,1,1,1
197,299400000,1330,1079,232,52,1,1,1,1
197,354900000,2242,1087,37,24,1,1,1,1
198,633000000,2423,1078,137,31,1,1,1,1
198,299400000,1323,1079,232,52,1,1,1,1
198,354900000,2248,1087,37,24,1,1,1,1
199,633000000,2426,1078,134,31,1,1,1,1
199,299400000,1316,1079,233,52,1,1,1,1
199,354900000,2254,1087,37,24,1,1,1,1
200,633000000,2429,1078,132,31,1,1,1,1
200,299400000,1309,1079,234,52,1,1,1,1
200,354900000,2260,1087,37,24,1,1,1,1
201,633000000,2431,1078,129,31,1,1,1,1
201,299400000,1302,1079,235,52,1,1,1,1
201,354900000,2266,1087,37,24,1,1,1,1
202,633000000,2434,1078,126,31,1,1,1,1
202,299400000,1295,1079,235,52,1,1,1,1
202,354900000,2273,1086,36,24,1,1,1,1
203,633000000,2437,1078,123,31,1,1,1,1
203,299400000,1288,1079,236,52,1,1,1,1
203,354900000,2279,1086,36,24,1,1,1,1
204,633000000,2440,1078,121,31,1,1,1,1
204,299400000,1280,1079,237,52,1,1,1,1
204,354900000,2285,1086,36,24,1,1,1,1
205,633000000,2442,1077,118,31,1,1,1,1
205,299400000,1273,1079,237,52,1,1,1,1
205,354900000,2291,1086,36,24,1,1,1,1
206,633000000,2445,1077,115,31,1,1,1,1
206,299400000,1265,1079,238,52,1,1,1,1
206,354900000,2297,1086,36,24,1,1,1,1
206,653600000,2548,1061,12,32,1,1,1,1
207,633000000,2448,1077,112,31,1,1,1,1
207,299400000,1257,1079,239,52,1,1,1,1
207,354900000,2303,1085,35,24,1,1,1,1
207,653600000,2546,1061,14,32,1,1,1,1
208,633000000,2451,1077,110,31,1,1,1,1
208,299400000,1249,1079,240,52,1,1,1,1
208,354900000,2309,1085,35,24,1,1,1,1
208,653600000,2544,1061,16,32,1,1,1,1
209,633000000,2453,1077,107,31,1,1,1,1
209,299400000,1242,1079,240,52,1,1,1,1
209,354900000,2315,1085,35,24,1,1,1,1
209,653600000,2542,1061,18,32,1,1,1,1
209,848300000,0,1105,10,37,1,1,1,1
210,633000000,2456,1077,104,31,1,1,1,1
210,299400000,1234,1079,241,52,1,1,1,1
210,354900000,2320,1085,35,24,1,1,1,1
210,653600000,2539,1061,21,31,1,1,1,1
210,848300000,0,1102,22,41,1,1,1,1
211,633000000,2459,1076,101,31,1,1,1,1
211,299400000,1226,1079,242,52,1,1,1,1
211,354900000,2325,1085,35,24,1,1,1,1
211,653600000,2537,1061,23,31,1,1,1,1
211,848300000,0,1098,33,44,1,1,1,1
212,633000000,2462,1076,99,31,1,1,1,1
212,299400000,1219,1079,244,52,1,1,1,1
212,354900000,2330,1085,35,24,1,1,1,1
212,653600000,2535,1061,25,31,1,1,1,1
212,848300000,0,1095,45,48,1,1,1,1
213,633000000,2464,1076,96,31,1,1,1,1
213,299400000,1211,1079,245,52,1,1,1,1
213,354900000,2335,1085,35,24,1,1,1,1
213,653600000,2533,1062,27,31,1,1,1,1
213,848300000,0,1092,57,51,1,1,1,1
214,633000000,2467,1076,93,31,1,1,1,1
214,299400000,1203,1079,247,52,1,1,1,1
214,354900000,2340,1084,34,23,1,1,1,1
214,653600000,2531,1062,29,31,1,1,1,1
214,848300000,0,1088,68,55,1,1,1,1
215,633000000,2470,1076,90,31,1,1,1,1
215,299400000,1195,1079,248,52,1,1,1,1
215,354900000,2345,1084,34,23,1,1,1,1
215,653600000,2529,1062,31,31,1,1,1,1
215,848300000,0,1085,80,58,1,1,1,1
216,633000000,2473,1076,88,31,1,1,1,1
216,299400000,1188,1079,249,52,1,1,1,1
216,354900000,2349,1084,34,23,1,1,1,1
216,653600000,2527,1062,33,31,1,1,1,1
216,848300000,0,1081,91,62,1,1,1,1
217,633000000,2475,1076,85,31,1,1,1,1
217,299400000,1180,1079,251,52,1,1,1,1
217,354900000,2354,1084,34,23,1,1,1,1
217,653600000,2524,1062,36,30,1,1,1,1
217,848300000,0,1078,103,65,1,1,1,1
218,633000000,2478,1076,83,31,1,1,1,1
218,299400000,1172,1079,252,52,1,1,1,1
218,354900000,2359,1084,34,23,1,1,1,1
218,653600000,2522,1062,38,30,1,1,1,1
218,848300000,0,1078,114,65,1,1,1,1
219,633000000,2481,1076,80,31,1,1,1,1
219,299400000,1162,1079,256,52,1,1,1,1
219,354900000,2364,1084,34,23,1,1,1,1
219,653600000,2520,1062,40,30,1,1,1,1
219,848300000,0,1078,126,66,1,1,1,1
220,633000000,2484,1076,78,31,1,1,1,1
220,299400000,1151,1079,260,52,1,1,1,1
220,354900000,2369,1084,34,23,1,1,1,1
220,653600000,2518,1062,42,30,1,1,1,1
220,848300000,0,1078,137,66,1,1,1,1
221,633000000,2487,1076,75,31,1,1,1,1
221,299400000,1143,1079,261,52,1,1,1,1
221,354900000,2374,1084,34,23,1,1,1,1
221,653600000,2516,1062,44,30,1,1,1,1
221,848300000,0,1078,149,66,1,1,1,1
222,633000000,2489,1077,73,30,1,1,1,1
222,299400000,1134,1079,262,52,1,1,1,1
222,354900000,2379,1083,33,22,1,1,1,1
222,653600000,2514,1063,46,30,1,1,1,1
222,848300000,0,1078,160,66,1,1,1,1
223,633000000,2492,1077,70,30,1,1,1,1
223,299400000,1126,1079,263,52,1,1,1,1
223,354900000,2384,1083,33,22,1,1,1,1
223,653600000,2511,1063,49,30,1,1,1,1
223,848300000,0,1078,172,67,1,1,1,1
224,633000000,2495,1077,68,30,1,1,1,1
224,299400000,1117,1079,263,53,1,1,1,1
224,354900000,2389,1083,33,22,1,1,1,1
224,653600000,2509,1063,51,30,1,1,1,1
224,848300000,0,1079,183,67,1,1,1,1
225,633000000,2498,1077,65,30,1,1,1,1
225,299400000,1109,1079,264,53,1,1,1,1
225,354900000,2394,1083,33,22,1,1,1,1
225,653600000,2507,1063,53,30,1,1,1,1
225,848300000,0,1079,194,67,1,1,1,1
226,633000000,2501,1077,63,30,1,1,1,1
226,299400000,1100,1079,265,53,1,1,1,1
226,354900000,2399,1083,33,22,1,1,1,1
226,653600000,2505,1064,55,30,1,1,1,1
226,848300000,0,1079,206,68,1,1,1,1
227,633000000,2503,1077,60,30,1,1,1,1
227,299400000,1092,1079,266,53,1,1,1,1
227,354900000,2404,1083,33,22,1,1,1,1
227,653600000,2503,1064,58,30,1,1,1,1
227,848300000,0,1079,217,68,1,1,1,1
228,633000000,2506,1077,58,30,1,1,1,1
228,299400000,1083,1079,267,53,1,1,1,1
228,354900000,2408,1083,33,22,1,1,1,1
228,653600000,2500,1064,60,29,1,1,1,1
228,848300000,0,1079,229,68,1,1,1,1
229,633000000,2509,1077,55,30,1,1,1,1
229,299400000,1075,1079,268,53,1,1,1,1
229,354900000,2413,1083,33,22,1,1,1,1
229,653600000,2498,1065,62,29,1,1,1,1
229,848300000,0,1079,240,68,1,1,1,1
230,633000000,2512,1077,51,30,1,1,1,1
230,299400000,1066,1079,269,53,1,1,1,1
230,354900000,2418,1082,32,21,1,1,1,1
230,653600000,2496,1065,64,29,1,1,1,1
230,848300000,0,1079,252,69,1,1,1,1
231,633000000,2515,1077,48,30,1,1,1,1
231,299400000,1058,1079,270,53,1,1,1,1
231,354900000,2423,1082,32,21,1,1,1,1
231,653600000,2494,1065,66,29,1,1,1,1
231,848300000,0,1079,263,69,1,1,1,1
232,633000000,2517,1077,44,30,1,1,1,1
232,299400000,1049,1079,270,54,1,1,1,1
232,354900000,2428,1082,32,21,1,1,1,1
232,653600000,2491,1065,69,29,1,1,1,1
232,848300000,0,1079,274,69,1,1,1,1
233,633000000,2520,1077,41,30,1,1,1,1
233,299400000,1041,1079,271,54,1,1,1,1
233,354900000,2433,1082,32,21,1,1,1,1
233,653600000,2489,1066,71,29,1,1,1,1
233,848300000,0,1080,285,68,1,1,1,1
234,633000000,2523,1077,37,30,1,1,1,1
234,299400000,1032,1079,272,54,1,1,1,1
234,354900000,2438,1082,32,21,1,1,1,1
234,653600000,2487,1066,73,29,1,1,1,1
234,848300000,0,1080,296,68,1,1,1,1
235,633000000,2526,1077,34,30,1,1,1,1
235,299400000,1024,1079,273,54,1,1,1,1
235,354900000,2442,1081,32,22,1,1,1,1
235,653600000,2484,1065,76,30,1,1,1,1
235,848300000,0,1080,307,67,1,1,1,1
236,633000000,2529,1077,31,29,1,1,1,1
236,299400000,1015,1079,274,54,1,1,1,1
236,354900000,2447,1081,32,22,1,1,1,1
236,653600000,2481,1065,79,30,1,1,1,1
236,848300000,0,1081,319,67,1,1,1,1
237,633000000,2532,1077,28,29,1,1,1,1
237,299400000,1007,1079,275,54,1,1,1,1
237,354900000,2452,1081,32,22,1,1,1,1
237,653600000,2479,1064,81,31,1,1,1,1
237,848300000,0,1081,330,66,1,1,1,1
238,633000000,2535,1078,25,28,1,1,1,1
238,299400000,998,1079,276,54,1,1,1,1
238,354900000,2456,1080,31,22,1,1,1,1
238,653600000,2476,1064,84,32,1,1,1,1
238,848300000,0,1081,341,66,1,1,1,1
239,633000000,2538,1078,22,28,1,1,1,1
239,299400000,990,1079,277,54,1,1,1,1
239,354900000,2461,1080,31,23,1,1,1,1
239,653600000,2473,1063,87,32,1,1,1,1
239,848300000,0,1082,352,65,1,1,1,1
240,633000000,2541,1078,19,27,1,1,1,1
240,299400000,981,1079,277,55,1,1,1,1
240,354900000,2465,1079,31,23,1,1,1,1
240,653600000,2470,1063,90,33,1,1,1,1
240,848300000,0,1082,363,65,1,1,1,1
241,633000000,2544,1078,16,27,1,1,1,1
241,299400000,973,1079,278,55,1,1,1,1
241,354900000,2470,1079,31,23,1,1,1,1
241,653600000,2468,1062,92,34,1,1,1,1
241,848300000,8,1082,365,64,1,1,1,1
242,633000000,2547,1076,13,29,1,1,1,1
242,299400000,964,1079,279,55,1,1,1,1
242,354900000,2474,1079,31,23,1,1,1,1
242,653600000,2465,1062,95,34,1,1,1,1
242,848300000,18,1082,366,64,1,1,1,1
243,299400000,956,1079,280,55,1,1,1,1
243,354900000,2478,1079,31,23,1,1,1,1
243,653600000,2462,1061,98,35,1,1,1,1
243,848300000,30,1082,365,64,1,1,1,1
244,299400000,947,1079,281,55,1,1,1,1
244,354900000,2482,1079,32,22,1,1,1,1
244,653600000,2461,1061,99,34,1,1,1,1
244,848300000,42,1083,365,63,1,1,1,1
245,299400000,938,1079,281,55,1,1,1,1
245,354900000,2486,1079,32,22,1,1,1,1
245,653600000,2458,1061,100,34,1,1,1,1
245,848300000,53,1083,364,63,1,1,1,1
246,299400000,929,1079,282,56,1,1,1,1
246,354900000,2490,1079,32,22,1,1,1,1
246,653600000,2456,1061,101,34,1,1,1,1
246,848300000,65,1083,363,62,1,1,1,1
247,299400000,919,1079,283,56,1,1,1,1
247,354900000,2494,1079,32,22,1,1,1,1
247,653600000,2453,1061,102,34,1,1,1,1
247,848300000,77,1084,363,62,1,1,1,1
248,299400000,910,1079,283,56,1,1,1,1
248,354900000,2499,1079,31,22,1,1,1,1
248,653600000,2450,1061,102,34,1,1,1,1
248,848300000,88,1084,362,61,1,1,1,1
249,299400000,901,1079,284,56,1,1,1,1
249,354900000,2503,1079,31,22,1,1,1,1
249,653600000,2447,1061,103,34,1,1,1,1
249,848300000,99,1084,361,61,1,1,1,1
250,299400000,892,1079,285,56,1,1,1,1
250,354900000,2507,1079,30,21,1,1,1,1
250,653600000,2445,1061,104,34,1,1,1,1
250,848300000,111,1084,360,61,1,1,1,1
251,299400000,883,1079,285,56,1,1,1,1
251,354900000,2512,1079,30,21,1,1,1,1
251,653600000,2442,1062,105,35,1,1,1,1
251,848300000,122,1085,358,61,1,1,1,1
252,299400000,874,1079,286,57,1,1,1,1
252,354900000,2516,1079,29,21,1,1,1,1
252,653600000,2439,1062,106,35,1,1,1,1
252,848300000,133,1085,357,62,1,1,1,1
253,299400000,864,1079,287,57,1,1,1,1
253,354900000,2520,1079,29,21,1,1,1,1
253,653600000,2437,1062,107,35,1,1,1,1
253,848300000,145,1085,356,62,1,1,1,1
254,299400000,855,1079,287,57,1,1,1,1
254,354900000,2524,1079,29,21,1,1,1,1
254,653600000,2434,1062,108,35,1,1,1,1
254,848300000,156,1085,355,62,1,1,1,1
255,299400000,846,1079,288,57,1,1,1,1
255,354900000,2528,1079,28,21,1,1,1,1
255,653600000,2431,1062,108,35,1,1,1,1
255,848300000,167,1085,354,62,1,1,1,1
256,299400000,836,1079,289,57,1,1,1,1
256,354900000,2532,1079,28,21,1,1,1,1
256,653600000,2428,1062,109,35,1,1,1,1
256,848300000,179,1086,353,62,1,1,1,1
257,299400000,826,1079,291,57,1,1,1,1
257,354900000,2536,1078,24,21,1,1,1,1
257,653600000,2426,1062,110,35,1,1,1,1
257,848300000,190,1086,351,62,1,1,1,1
258,299400000,816,1079,292,57,1,1,1,1
258,354900000,2540,1077,20,20,1,1,1,1
258,653600000,2423,1062,111,35,1,1,1,1
258,848300000,201,1086,350,62,1,1,1,1
259,299400000,807,1079,294,58,1,1,1,1
259,354900000,2544,1077,16,21,1,1,1,1
259,653600000,2420,1062,111,35,1,1,1,1
259,848300000,212,1086,349,62,1,1,1,1
260,299400000,797,1079,295,58,1,1,1,1
260,354900000,2548,1078,12,20,1,1,1,1
260,653600000,2418,1062,111,35,1,1,1,1
260,848300000,224,1086,348,63,1,1,1,1
261,299400000,787,1079,297,58,1,1,1,1
261,653600000,2415,1062,112,35,1,1,1,1
261,848300000,235,1086,347,63,1,1,1,1
262,299400000,777,1079,298,58,1,1,1,1
262,653600000,2412,1062,112,35,1,1,1,1
262,848300000,246,1087,345,63,1,1,1,1
263,299400000,767,1078,299,58,1,1,1,1
263,653600000,2410,1062,112,35,1,1,1,1
263,848300000,258,1087,344,63,1,1,1,1
264,299400000,757,1078,301,58,1,1,1,1
264,653600000,2407,1062,112,36,1,1,1,1
264,848300000,269,1087,343,63,1,1,1,1
265,299400000,747,1078,302,58,1,1,1,1
265,653600000,2404,1062,112,36,1,1,1,1
265,848300000,279,1087,342,63,1,1,1,1
266,299400000,738,1078,304,59,1,1,1,1
266,653600000,2402,1062,112,36,1,1,1,1
266,848300000,290,1087,341,63,1,1,1,1
267,299400000,728,1078,305,59,1,1,1,1
267,653600000,2399,1062,113,36,1,1,1,1
267,848300000,300,1086,340,64,1,1,1,1
268,299400000,718,1078,307,59,1,1,1,1
268,653600000,2396,1062,113,36,1,1,1,1
268,848300000,311,1086,338,64,1,1,1,1
269,299400000,708,1078,308,59,1,1,1,1
269,653600000,2393,1062,113,36,1,1,1,1
269,848300000,321,1086,337,64,1,1,1,1
270,299400000,697,1078,309,59,1,1,1,1
270,653600000,2391,1062,113,36,1,1,1,1
270,848300000,331,1086,336,64,1,1,1,1
271,299400000,687,1078,310,59,1,1,1,1
271,653600000,2388,1062,113,36,1,1,1,1
271,848300000,342,1085,335,64,1,1,1,1
272,299400000,676,1078,311,59,1,1,1,1
272,653600000,2385,1062,113,36,1,1,1,1
272,848300000,352,1085,334,65,1,1,1,1
273,299400000,665,1078,312,59,1,1,1,1
273,653600000,2383,1062,114,36,1,1,1,1
273,848300000,363,1085,333,65,1,1,1,1
274,299400000,655,1077,313,59,1,1,1,1
274,653600000,2380,1062,114,37,1,1,1,1
274,848300000,373,1085,331,65,1,1,1,1
275,299400000,644,1077,314,60,1,1,1,1
275,653600000,2377,1062,114,37,1,1,1,1
275,848300000,383,1084,330,65,1,1,1,1
276,299400000,633,1077,315,60,1,1,1,1
276,653600000,2375,1062,114,37,1,1,1,1
276,848300000,394,1084,329,65,1,1,1,1
277,299400000,623,1077,316,60,1,1,1,1
277,653600000,2372,1062,114,37,1,1,1,1
277,848300000,404,1084,328,65,1,1,1,1
278,299400000,612,1077,317,60,1,1,1,1
278,653600000,2369,1062,114,37,1,1,1,1
278,848300000,415,1084,327,66,1,1,1,1
279,299400000,601,1077,318,60,1,1,1,1
279,653600000,2367,1063,115,37,1,1,1,1
279,848300000,425,1083,326,66,1,1,1,1
280,299400000,591,1077,319,60,1,1,1,1
280,653600000,2364,1063,115,37,1,1,1,1
280,848300000,436,1083,325,66,1,1,1,1
281,299400000,580,1077,320,60,1,1,1,1
281,653600000,2361,1063,115,37,1,1,1,1
281,848300000,446,1083,323,66,1,1,1,1
282,299400000,569,1076,321,60,1,1,1,1
282,653600000,2359,1063,115,37,1,1,1,1
282,848300000,456,1083,322,66,1,1,1,1
283,299400000,559,1076,322,60,1,1,1,1
283,653600000,2356,1063,115,37,1,1,1,1
283,848300000,467,1082,321,67,1,1,1,1
284,299400000,548,1076,323,60,1,1,1,1
284,653600000,2353,1063,115,38,1,1,1,1
284,848300000,477,1082,320,67,1,1,1,1
285,299400000,537,1076,324,60,1,1,1,1
285,653600000,2351,1063,116,38,1,1,1,1
285,848300000,488,1082,319,67,1,1,1,1
286,299400000,527,1076,325,61,1,1,1,1
286,653600000,2348,1063,116,38,1,1,1,1
286,848300000,498,1082,318,67,1,1,1,1
287,299400000,516,1076,326,61,1,1,1,1
287,653600000,2345,1063,116,38,1,1,1,1
287,848300000,508,1081,316,67,1,1,1,1
288,299400000,505,1076,327,61,1,1,1,1
288,653600000,2343,1063,116,38,1,1,1,1
288,848300000,519,1081,315,68,1,1,1,1
289,299400000,494,1076,328,61,1,1,1,1
289,653600000,2340,1063,116,38,1,1,1,1
289,848300000,529,1081,314,68,1,1,1,1
290,299400000,484,1076,329,61,1,1,1,1
290,653600000,2337,1063,116,38,1,1,1,1
290,848300000,540,1081,313,68,1,1,1,1
291,299400000,473,1075,330,61,1,1,1,1
291,653600000,2334,1063,117,38,1,1,1,1
291,848300000,550,1080,312,68,1,1,1,1
292,299400000,462,1075,331,61,1,1,1,1
292,653600000,2332,1063,117,38,1,1,1,1
292,848300000,560,1080,311,68,1,1,1,1
293,299400000,452,1075,332,61,1,1,1,1
293,653600000,2329,1063,117,38,1,1,1,1
293,848300000,571,1080,309,68,1,1,1,1
294,299400000,441,1075,333,61,1,1,1,1
294,653600000,2326,1063,117,39,1,1,1,1
294,848300000,581,1080,308,69,1,1,1,1
295,299400000,430,1075,334,61,1,1,1,1
295,653600000,2324,1063,117,39,1,1,1,1
295,848300000,592,1079,307,69,1,1,1,1
296,299400000,420,1075,335,61,1,1,1,1
296,653600000,2321,1063,117,39,1,1,1,1
296,848300000,602,1079,306,69,1,1,1,1
297,299400000,409,1075,336,61,1,1,1,1
297,653600000,2318,1063,118,39,1,1,1,1
297,848300000,611,1080,305,68,1,1,1,1
298,299400000,398,1075,337,62,1,1,1,1
298,653600000,2316,1063,118,39,1,1,1,1
298,848300000,621,1081,305,68,1,1,1,1
299,299400000,388,1074,338,62,1,1,1,1
299,653600000,2313,1063,118,39,1,1,1,1
299,848300000,630,1082,304,67,1,1,1,1
300,299400000,377,1074,339,62,1,1,1,1
300,653600000,2310,1063,119,39,1,1,1,1
300,848300000,639,1082,303,67,1,1,1,1
301,299400000,366,1074,340,62,1,1,1,1
301,653600000,2307,1063,119,39,1,1,1,1
301,848300000,649,1083,303,66,1,1,1,1
302,299400000,356,1074,341,62,1,1,1,1
302,653600000,2304,1063,120,39,1,1,1,1
302,848300000,658,1084,302,66,1,1,1,1
303,299400000,345,1074,342,62,1,1,1,1
303,653600000,2301,1063,120,39,1,1,1,1
303,848300000,667,1085,301,65,1,1,1,1
304,299400000,333,1074,343,62,1,1,1,1
304,653600000,2297,1063,121,39,1,1,1,1
304,848300000,677,1086,301,64,1,1,1,1
305,299400000,322,1074,343,62,1,1,1,1
305,653600000,2294,1063,121,40,1,1,1,1
305,848300000,686,1087,300,64,1,1,1,1
306,299400000,310,1074,344,62,1,1,1,1
306,653600000,2291,1063,122,40,1,1,1,1
306,848300000,695,1087,299,63,1,1,1,1
307,299400000,298,1073,345,62,1,1,1,1
307,653600000,2288,1063,122,40,1,1,1,1
307,848300000,705,1088,299,63,1,1,1,1
308,299400000,287,1073,345,62,1,1,1,1
308,653600000,2285,1063,123,40,1,1,1,1
308,848300000,714,1089,298,62,1,1,1,1
309,299400000,275,1073,346,62,1,1,1,1
309,653600000,2282,1063,123,40,1,1,1,1
309,848300000,723,1089,297,61,1,1,1,1
310,299400000,263,1073,347,62,1,1,1,1
310,653600000,2279,1063,124,40,1,1,1,1
310,848300000,733,1089,296,60,1,1,1,1
311,299400000,251,1073,347,62,1,1,1,1
311,653600000,2276,1064,124,40,1,1,1,1
311,848300000,742,1089,295,59,1,1,1,1
312,299400000,240,1073,348,62,1,1,1,1
312,653600000,2272,1064,125,40,1,1,1,1
312,848300000,752,1089,294,58,1,1,1,1
313,299400000,228,1073,349,62,1,1,1,1
313,653600000,2269,1064,125,40,1,1,1,1
313,848300000,761,1089,293,57,1,1,1,1
314,299400000,216,1072,349,62,1,1,1,1
314,653600000,2266,1064,126,40,1,1,1,1
314,848300000,770,1089,292,57,1,1,1,1
315,299400000,205,1072,350,62,1,1,1,1
315,653600000,2263,1064,126,40,1,1,1,1
315,848300000,778,1089,291,57,1,1,1,1
316,299400000,193,1072,350,62,1,1,1,1
316,653600000,2260,1064,127,40,1,1,1,1
316,848300000,787,1089,290,57,1,1,1,1
317,299400000,181,1072,351,62,1,1,1,1
317,653600000,2257,1064,127,41,1,1,1,1
317,848300000,796,1089,289,56,1,1,1,1
318,299400000,170,1072,352,62,1,1,1,1
318,653600000,2254,1064,128,41,1,1,1,1
318,848300000,804,1090,288,56,1,1,1,1
319,299400000,158,1072,352,62,1,1,1,1
319,653600000,2251,1064,128,41,1,1,1,1
319,848300000,813,1090,287,56,1,1,1,1
320,299400000,146,1071,353,62,1,1,1,1
320,653600000,2247,1064,129,41,1,1,1,1
320,848300000,822,1090,286,56,1,1,1,1
321,299400000,134,1071,354,62,1,1,1,1
321,653600000,2244,1064,129,41,1,1,1,1
321,848300000,830,1090,285,56,1,1,1,1
322,299400000,123,1071,354,62,1,1,1,1
322,653600000,2241,1064,130,41,1,1,1,1
322,848300000,839,1090,284,56,1,1,1,1
323,299400000,111,1071,355,62,1,1,1,1
323,653600000,2238,1064,130,41,1,1,1,1
323,848300000,848,1090,283,56,1,1,1,1
324,299400000,99,1071,356,62,1,1,1,1
324,653600000,2235,1064,131,41,1,1,1,1
324,848300000,856,1090,282,55,1,1,1,1
325,299400000,86,1071,357,62,1,1,1,1
325,653600000,2231,1064,131,41,1,1,1,1
325,848300000,865,1090,281,55,1,1,1,1
326,299400000,74,1071,359,62,1,1,1,1
326,653600000,2228,1064,132,41,1,1,1,1
326,848300000,874,1090,280,55,1,1,1,1
327,299400000,62,1071,360,62,1,1,1,1
327,653600000,2224,1064,132,41,1,1,1,1
327,848300000,882,1091,278,55,1,1,1,1
328,299400000,49,1070,361,62,1,1,1,1
328,653600000,2221,1064,133,42,1,1,1,1
328,848300000,891,1091,277,55,1,1,1,1
329,299400000,37,1070,362,62,1,1,1,1
329,653600000,2217,1064,133,42,1,1,1,1
329,848300000,900,1091,276,55,1,1,1,1
330,299400000,25,1070,364,62,1,1,1,1
330,653600000,2214,1064,134,42,1,1,1,1
330,848300000,908,1091,275,54,1,1,1,1
331,299400000,12,1070,365,62,1,1,1,1
331,653600000,2210,1064,134,42,1,1,1,1
331,848300000,917,1091,274,54,1,1,1,1
332,299400000,0,1070,366,62,1,1,1,1
332,653600000,2207,1064,135,42,1,1,1,1
332,848300000,926,1091,273,54,1,1,1,1
333,299400000,0,1070,354,62,1,1,1,1
333,653600000,2204,1064,136,42,1,1,1,1
333,848300000,934,1091,272,54,1,1,1,1
334,299400000,0,1069,342,62,1,1,1,1
334,653600000,2200,1064,136,42,1,1,1,1
334,848300000,943,1091,271,54,1,1,1,1
335,299400000,0,1069,331,63,1,1,1,1
335,653600000,2197,1064,137,42,1,1,1,1
335,848300000,952,1091,270,54,1,1,1,1
336,299400000,0,1068,319,63,1,1,1,1
336,653600000,2193,1064,137,42,1,1,1,1
336,848300000,960,1092,269,54,1,1,1,1
337,299400000,0,1068,307,63,1,1,1,1
337,653600000,2190,1064,138,43,1,1,1,1
337,848300000,969,1092,268,53,1,1,1,1
338,299400000,0,1067,295,63,1,1,1,1
338,653600000,2186,1064,138,43,1,1,1,1
338,848300000,978,1092,267,53,1,1,1,1
339,299400000,0,1067,283,63,1,1,1,1
339,653600000,2183,1064,139,43,1,1,1,1
339,848300000,986,1092,266,53,1,1,1,1
340,299400000,0,1067,271,63,1,1,1,1
340,653600000,2179,1064,139,43,1,1,1,1
340,848300000,995,1092,265,53,1,1,1,1
341,299400000,0,1067,259,63,1,1,1,1
341,653600000,2176,1064,140,43,1,1,1,1
341,848300000,1003,1092,264,53,1,1,1,1
342,299400000,0,1067,248,63,1,1,1,1
342,653600000,2172,1064,140,43,1,1,1,1
342,848300000,1011,1092,263,53,1,1,1,1
343,299400000,0,1067,236,62,1,1,1,1
343,653600000,2169,1064,141,43,1,1,1,1
343,848300000,1019,1092,262,53,1,1,1,1
344,299400000,0,1067,224,62,1,1,1,1
344,653600000,2165,1064,141,43,1,1,1,1
344,848300000,1027,1092,261,54,1,1,1,1
345,299400000,0,1067,212,62,1,1,1,1
345,653600000,2161,1064,142,43,1,1,1,1
345,848300000,1035,1092,260,54,1,1,1,1
345,483300000,2548,1072,12,20,1,1,1,1
346,299400000,0,1067,200,62,1,1,1,1
346,653600000,2158,1065,142,43,1,1,1,1
346,848300000,1043,1092,259,54,1,1,1,1
346,483300000,2547,1071,13,23,1,1,1,1
347,299400000,0,1067,188,62,1,1,1,1
347,653600000,2154,1065,143,43,1,1,1,1
347,848300000,1051,1092,258,54,1,1,1,1
347,483300000,2545,1071,15,23,1,1,1,1
348,299400000,0,1067,176,62,1,1,1,1
348,653600000,2150,1065,143,43,1,1,1,1
348,848300000,1059,1091,257,54,1,1,1,1
348,483300000,2542,1071,18,23,1,1,1,1
349,299400000,0,1067,164,62,1,1,1,1
349,653600000,2147,1065,144,43,1,1,1,1
349,848300000,1067,1091,256,54,1,1,1,1
349,483300000,2540,1071,20,23,1,1,1,1
350,299400000,0,1067,153,62,1,1,1,1
350,653600000,2143,1065,144,43,1,1,1,1
350,848300000,1075,1091,255,54,1,1,1,1
350,483300000,2538,1071,23,23,1,1,1,1
351,299400000,0,1067,141,61,1,1,1,1
351,653600000,2139,1065,145,43,1,1,1,1
351,848300000,1083,1091,254,54,1,1,1,1
351,483300000,2535,1071,25,23,1,1,1,1
352,299400000,0,1067,129,61,1,1,1,1
352,653600000,2136,1065,145,43,1,1,1,1
352,848300000,1091,1091,253,55,1,1,1,1
352,483300000,2533,1071,27,23,1,1,1,1
353,299400000,0,1067,117,61,1,1,1,1
353,653600000,2132,1065,146,43,1,1,1,1
353,848300000,1099,1091,252,55,1,1,1,1
353,483300000,2530,1071,30,23,1,1,1,1
354,299400000,0,1067,105,61,1,1,1,1
354,653600000,2128,1065,146,43,1,1,1,1
354,848300000,1107,1091,251,55,1,1,1,1
354,483300000,2528,1071,32,23,1,1,1,1
355,299400000,0,1068,92,60,1,1,1,1
355,653600000,2125,1065,147,43,1,1,1,1
355,848300000,1115,1091,250,55,1,1,1,1
355,483300000,2526,1071,34,23,1,1,1,1
356,299400000,0,1068,78,59,1,1,1,1
356,653600000,2121,1066,147,44,1,1,1,1
356,848300000,1122,1091,249,55,1,1,1,1
356,483300000,2523,1071,37,23,1,1,1,1
357,299400000,0,1069,65,59,1,1,1,1
357,653600000,2117,1066,147,44,1,1,1,1
357,848300000,1129,1091,249,55,1,1,1,1
357,483300000,2521,1071,39,23,1,1,1,1
358,299400000,0,1069,51,58,1,1,1,1
358,653600000,2114,1066,148,44,1,1,1,1
358,848300000,1136,1091,248,55,1,1,1,1
358,483300000,2519,1071,42,23,1,1,1,1
359,299400000,0,1070,38,57,1,1,1,1
359,653600000,2110,1066,148,44,1,1,1,1
359,848300000,1143,1091,247,55,1,1,1,1
359,483300000,2516,1071,44,23,1,1,1,1
360,299400000,0,1073,24,53,1,1,1,1
360,653600000,2106,1066,149,44,1,1,1,1
360,848300000,1151,1091,247,54,1,1,1,1
360,483300000,2514,1071,46,23,1,1,1,1
361,653600000,2103,1066,149,44,1,1,1,1
361,848300000,1158,1091,246,54,1,1,1,1
361,483300000,2511,1071,49,23,1,1,1,1
362,653600000,2099,1066,150,44,1,1,1,1
362,848300000,1165,1091,245,54,1,1,1,1
362,483300000,2509,1071,51,23,1,1,1,1
363,653600000,2095,1066,150,44,1,1,1,1
363,848300000,1172,1091,245,54,1,1,1,1
363,483300000,2507,1071,52,23,1,1,1,1
364,653600000,2092,1066,151,44,1,1,1,1
364,848300000,1179,1091,244,54,1,1,1,1
364,483300000,2504,1071,54,23,1,1,1,1
365,653600000,2088,1066,151,44,1,1,1,1
365,848300000,1186,1090,243,54,1,1,1,1
365,483300000,2502,1071,55,22,1,1,1,1
366,653600000,2084,1067,152,44,1,1,1,1
366,848300000,1193,1090,242,54,1,1,1,1
366,483300000,2499,1072,56,22,1,1,1,1
367,653600000,2081,1067,152,44,1,1,1,1
367,848300000,1200,1090,242,54,1,1,1,1
367,483300000,2497,1072,57,22,1,1,1,1
368,653600000,2077,1067,153,44,1,1,1,1
368,848300000,1207,1090,241,54,1,1,1,1
368,483300000,2494,1072,59,22,1,1,1,1
369,653600000,2073,1067,153,44,1,1,1,1
369,848300000,1214,1090,240,54,1,1,1,1
369,483300000,2492,1072,60,21,1,1,1,1
370,653600000,2070,1067,154,44,1,1,1,1
370,848300000,1222,1090,240,53,1,1,1,1
370,483300000,2489,1072,61,21,1,1,1,1
371,653600000,2066,1067,154,44,1,1,1,1
371,848300000,1229,1090,239,53,1,1,1,1
371,483300000,2487,1072,61,21,1,1,1,1
372,653600000,2062,1067,155,44,1,1,1,1
372,848300000,1236,1090,238,53,1,1,1,1
372,483300000,2484,1072,61,21,1,1,1,1
373,653600000,2057,1067,155,44,1,1,1,1
373,848300000,1243,1090,238,53,1,1,1,1
373,483300000,2482,1073,62,21,1,1,1,1
374,653600000,2053,1067,156,44,1,1,1,1
374,848300000,1250,1090,237,53,1,1,1,1
374,483300000,2479,1073,62,20,1,1,1,1
375,653600000,2049,1067,157,44,1,1,1,1
375,848300000,1258,1090,236,53,1,1,1,1
375,483300000,2477,1073,62,20,1,1,1,1
376,653600000,2045,1067,158,44,1,1,1,1
376,848300000,1265,1090,234,53,1,1,1,1
376,483300000,2474,1073,62,20,1,1,1,1
377,653600000,2040,1067,158,44,1,1,1,1
377,848300000,1273,1090,233,52,1,1,1,1
377,483300000,2471,1073,62,20,1,1,1,1
378,653600000,2036,1067,159,44,1,1,1,1
378,848300000,1280,1090,231,52,1,1,1,1
378,483300000,2469,1073,62,20,1,1,1,1
378,299400000,0,1115,26,26,1,1,1,1
379,653600000,2032,1068,160,44,1,1,1,1
379,848300000,1288,1090,230,52,1,1,1,1
379,483300000,2466,1073,63,20,1,1,1,1
379,299400000,0,1116,37,25,1,1,1,1
380,653600000,2027,1068,160,44,1,1,1,1
380,848300000,1295,1090,229,52,1,1,1,1
380,483300000,2463,1073,63,20,1,1,1,1
380,299400000,0,1114,49,29,1,1,1,1
381,653600000,2023,1068,161,44,1,1,1,1
381,848300000,1303,1090,227,52,1,1,1,1
381,483300000,2461,1073,63,20,1,1,1,1
381,299400000,0,1095,60,48,1,1,1,1
382,653600000,2019,1068,162,44,1,1,1,1
382,848300000,1310,1090,226,51,1,1,1,1
382,483300000,2458,1073,63,20,1,1,1,1
382,299400000,0,1092,71,51,1,1,1,1
383,653600000,2014,1068,162,44,1,1,1,1
383,848300000,1318,1090,224,51,1,1,1,1
383,483300000,2455,1074,63,20,1,1,1,1
383,299400000,0,1092,83,51,1,1,1,1
384,653600000,2010,1068,163,44,1,1,1,1
384,848300000,1325,1090,223,51,1,1,1,1
384,483300000,2453,1074,64,20,1,1,1,1
384,299400000,0,1092,94,51,1,1,1,1
385,653600000,2006,1068,164,44,1,1,1,1
385,848300000,1331,1090,223,51,1,1,1,1
385,483300000,2450,1074,64,20,1,1,1,1
385,299400000,0,1090,105,54,1,1,1,1
386,653600000,2002,1068,165,45,1,1,1,1
386,848300000,1338,1089,222,51,1,1,1,1
386,483300000,2447,1074,64,21,1,1,1,1
386,299400000,0,1087,116,56,1,1,1,1
387,653600000,1997,1068,165,45,1,1,1,1
387,848300000,1344,1089,222,51,1,1,1,1
387,483300000,2445,1074,64,21,1,1,1,1
387,299400000,0,1085,128,59,1,1,1,1
388,653600000,1993,1068,166,45,1,1,1,1
388,848300000,1351,1089,221,51,1,1,1,1
388,483300000,2442,1074,65,21,1,1,1,1
388,299400000,0,1083,139,61,1,1,1,1
389,653600000,1989,1068,167,45,1,1,1,1
389,848300000,1357,1089,221,52,1,1,1,1
389,483300000,2439,1074,65,21,1,1,1,1
389,299400000,0,1080,150,64,1,1,1,1
390,653600000,1984,1068,167,45,1,1,1,1
390,848300000,1364,1088,220,52,1,1,1,1
390,483300000,2437,1074,65,21,1,1,1,1
390,299400000,0,1078,161,66,1,1,1,1
391,653600000,1980,1068,168,45,1,1,1,1
391,848300000,1370,1088,220,52,1,1,1,1
391,483300000,2434,1074,65,21,1,1,1,1
391,299400000,0,1078,172,66,1,1,1,1
392,653600000,1976,1068,169,45,1,1,1,1
392,848300000,1377,1088,219,52,1,1,1,1
392,483300000,2431,1074,65,21,1,1,1,1
392,299400000,0,1078,183,66,1,1,1,1
393,653600000,1971,1068,169,45,1,1,1,1
393,848300000,1383,1088,219,52,1,1,1,1
393,483300000,2429,1074,66,21,1,1,1,1
393,299400000,0,1079,194,66,1,1,1,1
394,653600000,1967,1069,170,45,1,1,1,1
394,848300000,1389,1087,219,52,1,1,1,1
394,483300000,2426,1074,66,21,1,1,1,1
394,299400000,0,1079,205,66,1,1,1,1
395,653600000,1963,1069,171,45,1,1,1,1
395,848300000,1396,1087,218,52,1,1,1,1
395,483300000,2424,1075,66,21,1,1,1,1
395,299400000,0,1079,216,66,1,1,1,1
396,653600000,1959,1069,172,45,1,1,1,1
396,848300000,1402,1087,218,52,1,1,1,1
396,483300000,2421,1075,66,21,1,1,1,1
396,299400000,0,1079,227,66,1,1,1,1
397,653600000,1954,1069,172,45,1,1,1,1
397,848300000,1409,1086,217,52,1,1,1,1
397,483300000,2418,1075,66,21,1,1,1,1
397,299400000,0,1079,238,66,1,1,1,1
398,653600000,1950,1069,173,45,1,1,1,1
398,848300000,1415,1086,217,53,1,1,1,1
398,483300000,2416,1075,67,21,1,1,1,1
398,299400000,0,1079,249,66,1,1,1,1
399,653600000,1946,1069,174,45,1,1,1,1
399,848300000,1422,1086,216,53,1,1,1,1
399,483300000,2413,1075,67,21,1,1,1,1
399,299400000,0,1080,260,66,1,1,1,1
400,653600000,1941,1069,174,45,1,1,1,1
400,848300000,1428,1086,216,53,1,1,1,1
400,483300000,2410,1075,67,21,1,1,1,1
400,299400000,0,1080,271,66,1,1,1,1
401,653600000,1937,1069,175,45,1,1,1,1
401,848300000,1435,1085,215,53,1,1,1,1
401,483300000,2408,1075,67,21,1,1,1,1
401,299400000,0,1080,282,66,1,1,1,1
402,653600000,1932,1069,176,45,1,1,1,1
402,848300000,1441,1085,215,53,1,1,1,1
402,483300000,2405,1075,67,21,1,1,1,1
402,299400000,0,1080,293,66,1,1,1,1
403,653600000,1927,1069,176,45,1,1,1,1
403,848300000,1447,1085,215,53,1,1,1,1
403,483300000,2402,1075,68,21,1,1,1,1
403,299400000,0,1080,304,66,1,1,1,1
404,653600000,1922,1069,177,45,1,1,1,1
404,848300000,1453,1085,214,53,1,1,1,1
404,483300000,2400,1075,68,21,1,1,1,1
404,299400000,1,1081,314,66,1,1,1,1
405,653600000,1917,1069,178,45,1,1,1,1
405,848300000,1459,1085,214,53,1,1,1,1
405,483300000,2397,1075,68,22,1,1,1,1
405,299400000,1,1081,325,65,1,1,1,1
406,653600000,1912,1069,178,45,1,1,1,1
406,848300000,1465,1085,213,53,1,1,1,1
406,483300000,2394,1075,68,22,1,1,1,1
406,299400000,1,1081,335,65,1,1,1,1
407,653600000,1907,1069,179,45,1,1,1,1
407,848300000,1471,1085,213,52,1,1,1,1
407,483300000,2392,1075,69,22,1,1,1,1
407,299400000,2,1081,344,65,1,1,1,1
408,653600000,1903,1070,180,45,1,1,1,1
408,848300000,1477,1085,212,52,1,1,1,1
408,483300000,2389,1076,69,22,1,1,1,1
408,299400000,10,1081,347,65,1,1,1,1
409,653600000,1898,1070,181,45,1,1,1,1
409,848300000,1483,1085,212,52,1,1,1,1
409,483300000,2386,1076,69,22,1,1,1,1
409,299400000,18,1081,349,65,1,1,1,1
410,653600000,1893,1070,181,45,1,1,1,1
410,848300000,1489,1085,211,52,1,1,1,1
410,483300000,2384,1076,69,22,1,1,1,1
410,299400000,30,1081,348,65,1,1,1,1
411,653600000,1888,1070,182,45,1,1,1,1
411,848300000,1495,1085,211,52,1,1,1,1
411,483300000,2381,1076,69,22,1,1,1,1
411,299400000,42,1082,346,65,1,1,1,1
412,653600000,1883,1070,183,45,1,1,1,1
412,848300000,1501,1085,210,52,1,1,1,1
412,483300000,2378,1076,70,22,1,1,1,1
412,299400000,54,1082,345,65,1,1,1,1
413,653600000,1878,1070,183,45,1,1,1,1
413,848300000,1507,1085,210,52,1,1,1,1
413,483300000,2376,1076,70,22,1,1,1,1
413,299400000,65,1082,344,65,1,1,1,1
414,653600000,1873,1070,184,46,1,1,1,1
414,848300000,1513,1085,209,52,1,1,1,1
414,483300000,2373,1076,70,22,1,1,1,1
414,299400000,76,1082,344,65,1,1,1,1
415,653600000,1868,1070,185,46,1,1,1,1
415,848300000,1519,1085,209,51,1,1,1,1
415,483300000,2370,1076,70,22,1,1,1,1
415,299400000,87,1082,343,65,1,1,1,1
416,653600000,1863,1070,185,46,1,1,1,1
416,848300000,1525,1085,208,51,1,1,1,1
416,483300000,2367,1076,70,22,1,1,1,1
416,299400000,99,1083,342,64,1,1,1,1
417,653600000,1858,1070,186,46,1,1,1,1
417,848300000,1531,1085,208,51,1,1,1,1
417,483300000,2364,1076,71,22,1,1,1,1
417,299400000,110,1083,341,64,1,1,1,1
418,653600000,1853,1070,187,46,1,1,1,1
418,848300000,1537,1085,208,51,1,1,1,1
418,483300000,2361,1076,71,22,1,1,1,1
418,299400000,121,1083,341,64,1,1,1,1
419,653600000,1848,1070,187,46,1,1,1,1
419,848300000,1542,1085,207,51,1,1,1,1
419,483300000,2358,1076,71,22,1,1,1,1
419,299400000,132,1083,340,64,1,1,1,1
420,653600000,1843,1070,188,46,1,1,1,1
420,848300000,1548,1085,207,51,1,1,1,1
420,483300000,2355,1077,71,22,1,1,1,1
420,299400000,143,1083,339,64,1,1,1,1
421,653600000,1839,1071,189,46,1,1,1,1
421,848300000,1554,1085,206,51,1,1,1,1
421,483300000,2352,1077,71,22,1,1,1,1
421,299400000,153,1083,338,64,1,1,1,1
422,653600000,1834,1071,190,46,1,1,1,1
422,848300000,1560,1085,206,51,1,1,1,1
422,483300000,2349,1077,71,22,1,1,1,1
422,299400000,164,1084,337,64,1,1,1,1
423,653600000,1829,1071,190,46,1,1,1,1
423,848300000,1566,1085,205,50,1,1,1,1
423,483300000,2346,1077,72,22,1,1,1,1
423,299400000,174,1084,336,64,1,1,1,1
424,653600000,1824,1071,191,46,1,1,1,1
424,848300000,1572,1085,205,50,1,1,1,1
424,483300000,2343,1077,72,22,1,1,1,1
424,299400000,185,1084,335,64,1,1,1,1
425,653600000,1819,1071,192,46,1,1,1,1
425,848300000,1578,1085,204,50,1,1,1,1
425,483300000,2340,1077,72,22,1,1,1,1
425,299400000,196,1084,334,64,1,1,1,1
426,653600000,1814,1071,192,46,1,1,1,1
426,848300000,1584,1085,204,50,1,1,1,1
426,483300000,2337,1077,72,22,1,1,1,1
426,299400000,206,1084,332,64,1,1,1,1
427,653600000,1809,1071,193,46,1,1,1,1
427,848300000,1590,1085,203,50,1,1,1,1
427,483300000,2334,1077,72,22,1,1,1,1
427,299400000,217,1084,331,64,1,1,1,1
428,653600000,1803,1071,194,46,1,1,1,1
428,848300000,1596,1085,203,50,1,1,1,1
428,483300000,2331,1077,72,22,1,1,1,1
428,299400000,227,1085,330,64,1,1,1,1
429,653600000,1797,1071,195,46,1,1,1,1
429,848300000,1602,1085,202,50,1,1,1,1
429,483300000,2328,1077,73,22,1,1,1,1
429,299400000,238,1085,329,63,1,1,1,1
430,653600000,1791,1071,196,46,1,1,1,1
430,848300000,1608,1085,202,50,1,1,1,1
430,483300000,2325,1078,73,22,1,1,1,1
430,299400000,248,1085,328,63,1,1,1,1
431,653600000,1786,1071,197,46,1,1,1,1
431,848300000,1614,1085,201,49,1,1,1,1
431,483300000,2322,1078,73,22,1,1,1,1
431,299400000,259,1085,327,63,1,1,1,1
432,653600000,1780,1071,198,46,1,1,1,1
432,848300000,1620,1085,201,49,1,1,1,1
432,483300000,2319,1078,73,22,1,1,1,1
432,299400000,270,1085,326,63,1,1,1,1
433,653600000,1774,1072,199,46,1,1,1,1
433,848300000,1626,1085,200,49,1,1,1,1
433,483300000,2316,1078,73,22,1,1,1,1
433,299400000,280,1085,325,63,1,1,1,1
434,653600000,1768,1072,200,46,1,1,1,1
434,848300000,1632,1085,200,49,1,1,1,1
434,483300000,2313,1078,73,22,1,1,1,1
434,299400000,291,1086,324,63,1,1,1,1
435,653600000,1762,1072,201,46,1,1,1,1
435,848300000,1638,1085,200,49,1,1,1,1
435,483300000,2309,1078,74,22,1,1,1,1
435,299400000,301,1086,323,63,1,1,1,1
436,653600000,1756,1072,202,46,1,1,1,1
436,848300000,1643,1085,199,49,1,1,1,1
436,483300000,2306,1078,74,22,1,1,1,1
436,299400000,312,1086,322,63,1,1,1,1
437,653600000,1751,1072,203,46,1,1,1,1
437,848300000,1649,1085,199,49,1,1,1,1
437,483300000,2303,1078,74,22,1,1,1,1
437,299400000,323,1086,321,63,1,1,1,1
438,653600000,1745,1072,203,47,1,1,1,1
438,848300000,1654,1085,199,48,1,1,1,1
438,483300000,2300,1078,74,22,1,1,1,1
438,299400000,333,1086,319,63,1,1,1,1
439,653600000,1739,1072,204,47,1,1,1,1
439,848300000,1660,1085,198,48,1,1,1,1
439,483300000,2297,1078,74,22,1,1,1,1
439,299400000,344,1086,318,63,1,1,1,1
440,653600000,1733,1072,205,47,1,1,1,1
440,848300000,1665,1085,198,48,1,1,1,1
440,483300000,2294,1079,74,22,1,1,1,1
440,299400000,354,1087,317,63,1,1,1,1
441,653600000,1727,1072,206,47,1,1,1,1
441,848300000,1671,1085,198,48,1,1,1,1
441,483300000,2291,1079,75,22,1,1,1,1
441,299400000,365,1087,316,63,1,1,1,1
442,653600000,1721,1072,207,47,1,1,1,1
442,848300000,1676,1084,197,48,1,1,1,1
442,483300000,2288,1079,75,22,1,1,1,1
442,299400000,375,1087,315,63,1,1,1,1
443,653600000,1716,1072,208,47,1,1,1,1
443,848300000,1682,1084,197,48,1,1,1,1
443,483300000,2285,1079,75,22,1,1,1,1
443,299400000,386,1087,314,63,1,1,1,1
444,653600000,1710,1073,209,47,1,1,1,1
444,848300000,1687,1084,197,48,1,1,1,1
444,483300000,2282,1079,75,22,1,1,1,1
444,299400000,397,1087,313,63,1,1,1,1
445,653600000,1704,1073,210,47,1,1,1,1
445,848300000,1693,1084,196,47,1,1,1,1
445,483300000,2279,1079,75,22,1,1,1,1
445,299400000,407,1087,312,63,1,1,1,1
446,653600000,1698,1073,211,47,1,1,1,1
446,848300000,1698,1084,196,47,1,1,1,1
446,483300000,2276,1079,75,22,1,1,1,1
446,299400000,418,1088,311,63,1,1,1,1
447,653600000,1692,1073,212,47,1,1,1,1
447,848300000,1704,1084,196,47,1,1,1,1
447,483300000,2273,1079,76,22,1,1,1,1
447,299400000,428,1088,310,62,1,1,1,1
448,653600000,1686,1073,213,47,1,1,1,1
448,848300000,1709,1084,195,47,1,1,1,1
448,483300000,2270,1079,76,22,1,1,1,1
448,299400000,439,1088,309,62,1,1,1,1
449,653600000,1681,1073,214,47,1,1,1,1
449,848300000,1715,1084,195,47,1,1,1,1
449,483300000,2267,1079,76,22,1,1,1,1
449,299400000,450,1088,308,62,1,1,1,1
450,653600000,1675,1073,215,47,1,1,1,1
450,848300000,1720,1084,194,47,1,1,1,1
450,483300000,2264,1080,76,22,1,1,1,1
450,299400000,460,1088,306,62,1,1,1,1
451,653600000,1669,1073,216,47,1,1,1,1
451,848300000,1726,1084,194,47,1,1,1,1
451,483300000,2261,1080,76,22,1,1,1,1
451,299400000,471,1088,305,62,1,1,1,1
452,653600000,1663,1073,217,47,1,1,1,1
452,848300000,1731,1084,194,47,1,1,1,1
452,483300000,2258,1080,76,22,1,1,1,1
452,299400000,481,1089,304,62,1,1,1,1
453,653600000,1657,1073,218,47,1,1,1,1
453,848300000,1737,1084,193,46,1,1,1,1
453,483300000,2255,1080,77,22,1,1,1,1
453,299400000,492,1089,303,62,1,1,1,1
454,653600000,1651,1074,219,47,1,1,1,1
454,848300000,1742,1084,193,46,1,1,1,1
454,483300000,2252,1080,77,22,1,1,1,1
454,299400000,502,1089,302,62,1,1,1,1
455,653600000,1646,1074,220,47,1,1,1,1
455,848300000,1748,1084,193,46,1,1,1,1
455,483300000,2249,1080,77,22,1,1,1,1
455,299400000,513,1089,301,62,1,1,1,1
456,653600000,1640,1074,221,47,1,1,1,1
456,848300000,1753,1083,192,46,1,1,1,1
456,483300000,2246,1080,77,22,1,1,1,1
456,299400000,522,1089,300,62,1,1,1,1
457,653600000,1634,1074,222,47,1,1,1,1
457,848300000,1759,1083,192,46,1,1,1,1
457,483300000,2242,1080,78,22,1,1,1,1
457,299400000,532,1089,299,62,1,1,1,1
458,653600000,1628,1074,223,47,1,1,1,1
458,848300000,1764,1083,192,46,1,1,1,1
458,483300000,2239,1080,78,22,1,1,1,1
458,299400000,541,1089,298,62,1,1,1,1
459,653600000,1622,1074,224,47,1,1,1,1
459,848300000,1770,1083,191,46,1,1,1,1
459,483300000,2235,1080,78,22,1,1,1,1
459,299400000,550,1089,297,61,1,1,1,1
460,653600000,1616,1074,224,48,1,1,1,1
460,848300000,1775,1083,191,45,1,1,1,1
460,483300000,2232,1080,79,23,1,1,1,1
460,299400000,560,1089,296,61,1,1,1,1
461,653600000,1611,1074,225,48,1,1,1,1
461,848300000,1781,1083,191,45,1,1,1,1
461,483300000,2228,1080,79,23,1,1,1,1
461,299400000,569,1089,295,61,1,1,1,1
462,653600000,1605,1074,226,48,1,1,1,1
462,848300000,1786,1083,190,45,1,1,1,1
462,483300000,2225,1080,79,23,1,1,1,1
462,299400000,579,1089,295,61,1,1,1,1
463,653600000,1599,1074,227,48,1,1,1,1
463,848300000,1792,1083,190,45,1,1,1,1
463,483300000,2221,1080,79,23,1,1,1,1
463,299400000,588,1089,294,61,1,1,1,1
464,653600000,1593,1074,228,48,1,1,1,1
464,848300000,1797,1083,190,45,1,1,1,1
464,483300000,2218,1080,80,23,1,1,1,1
464,299400000,597,1089,293,61,1,1,1,1
465,653600000,1587,1075,229,48,1,1,1,1
465,848300000,1803,1083,189,45,1,1,1,1
465,483300000,2214,1080,80,23,1,1,1,1
465,299400000,607,1089,292,61,1,1,1,1
466,653600000,1581,1075,230,48,1,1,1,1
466,848300000,1808,1083,189,45,1,1,1,1
466,483300000,2211,1080,80,23,1,1,1,1
466,299400000,616,1089,291,61,1,1,1,1
467,653600000,1576,1075,231,48,1,1,1,1
467,848300000,1813,1083,189,45,1,1,1,1
467,483300000,2207,1080,81,23,1,1,1,1
467,299400000,625,1089,290,60,1,1,1,1
468,653600000,1570,1075,232,48,1,1,1,1
468,848300000,1818,1083,188,45,1,1,1,1
468,483300000,2204,1081,81,24,1,1,1,1
468,299400000,635,1089,289,60,1,1,1,1
469,653600000,1564,1075,233,48,1,1,1,1
469,848300000,1824,1083,188,45,1,1,1,1
469,483300000,2200,1081,81,24,1,1,1,1
469,299400000,644,1089,288,60,1,1,1,1
470,653600000,1558,1075,234,48,1,1,1,1
470,848300000,1829,1082,188,45,1,1,1,1
470,483300000,2197,1081,82,24,1,1,1,1
470,299400000,653,1089,287,60,1,1,1,1
471,653600000,1551,1075,235,48,1,1,1,1
471,848300000,1834,1082,187,45,1,1,1,1
471,483300000,2193,1081,82,24,1,1,1,1
471,299400000,663,1089,286,60,1,1,1,1
472,653600000,1545,1075,235,49,1,1,1,1
472,848300000,1840,1082,187,45,1,1,1,1
472,483300000,2190,1081,82,24,1,1,1,1
472,299400000,672,1089,285,60,1,1,1,1
473,653600000,1538,1075,236,49,1,1,1,1
473,848300000,1845,1082,187,45,1,1,1,1
473,483300000,2186,1081,83,24,1,1,1,1
473,299400000,681,1089,284,60,1,1,1,1
474,653600000,1531,1075,236,49,1,1,1,1
474,848300000,1850,1082,186,45,1,1,1,1
474,483300000,2183,1081,83,24,1,1,1,1
474,299400000,691,1089,283,60,1,1,1,1
475,653600000,1525,1075,237,49,1,1,1,1
475,848300000,1855,1082,186,45,1,1,1,1
475,483300000,2179,1081,83,24,1,1,1,1
475,299400000,700,1090,283,59,1,1,1,1
476,653600000,1518,1075,238,50,1,1,1,1
476,848300000,1861,1082,186,45,1,1,1,1
476,483300000,2176,1081,83,24,1,1,1,1
476,299400000,710,1090,282,59,1,1,1,1
477,653600000,1511,1075,238,50,1,1,1,1
477,848300000,1866,1082,185,45,1,1,1,1
477,483300000,2172,1081,84,25,1,1,1,1
477,299400000,719,1090,281,59,1,1,1,1
478,653600000,1505,1075,239,50,1,1,1,1
478,848300000,1871,1082,185,45,1,1,1,1
478,483300000,2169,1081,84,25,1,1,1,1
478,299400000,728,1090,280,59,1,1,1,1
479,653600000,1498,1075,240,50,1,1,1,1
479,848300000,1877,1082,185,45,1,1,1,1
479,483300000,2165,1081,84,25,1,1,1,1
479,299400000,738,1090,279,59,1,1,1,1
480,653600000,1491,1075,240,51,1,1,1,1
480,848300000,1882,1082,184,44,1,1,1,1
480,483300000,2162,1081,85,25,1,1,1,1
480,299400000,747,1090,278,59,1,1,1,1
481,653600000,1485,1075,241,51,1,1,1,1
481,848300000,1887,1082,184,44,1,1,1,1
481,483300000,2158,1081,85,25,1,1,1,1
481,299400000,756,1090,277,59,1,1,1,1
482,653600000,1478,1075,241,51,1,1,1,1
482,848300000,1892,1082,184,44,1,1,1,1
482,483300000,2155,1081,85,25,1,1,1,1
482,299400000,766,1090,276,59,1,1,1,1
483,653600000,1471,1075,242,52,1,1,1,1
483,848300000,1898,1081,183,44,1,1,1,1
483,483300000,2151,1081,86,25,1,1,1,1
483,299400000,775,1090,275,58,1,1,1,1
484,653600000,1465,1075,243,52,1,1,1,1
484,848300000,1903,1081,183,44,1,1,1,1
484,483300000,2148,1081,86,25,1,1,1,1
484,299400000,784,1090,274,58,1,1,1,1
485,653600000,1458,1074,243,52,1,1,1,1
485,848300000,1908,1081,183,44,1,1,1,1
485,483300000,2144,1081,86,25,1,1,1,1
485,299400000,794,1090,273,58,1,1,1,1
486,653600000,1452,1074,244,52,1,1,1,1
486,848300000,1914,1081,182,44,1,1,1,1
486,483300000,2141,1082,87,25,1,1,1,1
486,299400000,803,1090,272,58,1,1,1,1
487,653600000,1445,1074,245,53,1,1,1,1
487,848300000,1919,1081,182,44,1,1,1,1
487,483300000,2137,1082,87,24,1,1,1,1
487,299400000,812,1090,271,58,1,1,1,1
488,653600000,1438,1074,245,53,1,1,1,1
488,848300000,1924,1081,182,44,1,1,1,1
488,483300000,2134,1082,87,24,1,1,1,1
488,299400000,822,1090,271,58,1,1,1,1
489,653600000,1432,1074,246,53,1,1,1,1
489,848300000,1929,1081,181,44,1,1,1,1
489,483300000,2130,1082,87,24,1,1,1,1
489,299400000,831,1090,270,58,1,1,1,1
490,653600000,1425,1074,246,54,1,1,1,1
490,848300000,1935,1081,181,44,1,1,1,1
490,483300000,2127,1082,88,24,1,1,1,1
490,299400000,841,1090,269,58,1,1,1,1
491,653600000,1418,1074,247,54,1,1,1,1
491,848300000,1940,1081,181,44,1,1,1,1
491,483300000,2123,1082,88,24,1,1,1,1
491,299400000,850,1090,268,57,1,1,1,1
492,653600000,1412,1074,248,54,1,1,1,1
492,848300000,1945,1081,180,44,1,1,1,1
492,483300000,2119,1082,88,24,1,1,1,1
492,299400000,859,1090,267,57,1,1,1,1
493,653600000,1405,1074,248,54,1,1,1,1
493,848300000,1951,1081,180,44,1,1,1,1
493,483300000,2115,1082,89,24,1,1,1,1
493,299400000,869,1090,266,57,1,1,1,1
494,653600000,1398,1074,249,55,1,1,1,1
494,848300000,1956,1081,180,44,1,1,1,1
494,483300000,2111,1082,89,24,1,1,1,1
494,299400000,878,1090,265,57,1,1,1,1
495,653600000,1392,1074,250,55,1,1,1,1
495,848300000,1961,1081,179,44,1,1,1,1
495,483300000,2107,1082,89,24,1,1,1,1
495,299400000,886,1090,264,57,1,1,1,1
496,653600000,1385,1074,250,55,1,1,1,1
496,848300000,1967,1081,179,44,1,1,1,1
496,483300000,2103,1082,90,25,1,1,1,1
496,299400000,894,1090,264,57,1,1,1,1
497,653600000,1378,1074,251,55,1,1,1,1
497,848300000,1972,1080,179,44,1,1,1,1
497,483300000,2099,1082,90,25,1,1,1,1
497,299400000,902,1090,263,57,1,1,1,1
498,653600000,1372,1074,251,56,1,1,1,1
498,848300000,1977,1080,178,44,1,1,1,1
498,483300000,2095,1082,90,25,1,1,1,1
498,299400000,910,1090,262,57,1,1,1,1
499,653600000,1365,1074,252,56,1,1,1,1
499,848300000,1982,1080,178,44,1,1,1,1
499,483300000,2090,1083,90,25,1,1,1,1
499,299400000,919,1090,261,57,1,1,1,1
500,653600000,1357,1074,254,56,1,1,1,1
500,848300000,1988,1080,178,44,1,1,1,1
500,483300000,2086,1083,91,25,1,1,1,1
500,299400000,927,1090,261,57,1,1,1,1
501,653600000,1350,1074,255,57,1,1,1,1
501,848300000,1993,1080,177,44,1,1,1,1
501,483300000,2082,1083,91,25,1,1,1,1
501,299400000,935,1090,260,56,1,1,1,1
502,653600000,1342,1074,257,57,1,1,1,1
502,848300000,1998,1080,177,44,1,1,1,1
502,483300000,2078,1083,91,25,1,1,1,1
502,299400000,943,1090,259,56,1,1,1,1
503,653600000,1334,1074,259,57,1,1,1,1
503,848300000,2004,1080,177,44,1,1,1,1
503,483300000,2074,1083,92,25,1,1,1,1
503,299400000,951,1090,258,56,1,1,1,1
504,653600000,1327,1074,260,58,1,1,1,1
504,848300000,2009,1080,176,44,1,1,1,1
504,483300000,2070,1083,92,25,1,1,1,1
504,299400000,959,1090,258,56,1,1,1,1
505,653600000,1319,1074,262,58,1,1,1,1
505,848300000,2014,1080,176,44,1,1,1,1
505,483300000,2066,1083,92,25,1,1,1,1
505,299400000,967,1090,257,56,1,1,1,1
506,653600000,1311,1073,264,58,1,1,1,1
506,848300000,2019,1080,176,44,1,1,1,1
506,483300000,2062,1083,93,26,1,1,1,1
506,299400000,975,1090,256,56,1,1,1,1
507,653600000,1304,1073,265,59,1,1,1,1
507,848300000,2025,1080,175,44,1,1,1,1
507,483300000,2058,1083,93,26,1,1,1,1
507,299400000,983,1090,255,56,1,1,1,1
508,653600000,1296,1073,267,59,1,1,1,1
508,848300000,2030,1080,175,44,1,1,1,1
508,483300000,2054,1083,93,26,1,1,1,1
508,299400000,992,1089,255,56,1,1,1,1
509,653600000,1288,1073,269,59,1,1,1,1
509,848300000,2035,1080,175,44,1,1,1,1
509,483300000,2050,1083,94,26,1,1,1,1
509,299400000,1000,1089,254,56,1,1,1,1
510,653600000,1281,1073,270,60,1,1,1,1
510,848300000,2041,1079,174,44,1,1,1,1
510,483300000,2046,1083,94,26,1,1,1,1
510,299400000,1008,1089,253,56,1,1,1,1
511,653600000,1273,1073,272,60,1,1,1,1
511,848300000,2046,1079,174,44,1,1,1,1
511,483300000,2042,1083,94,26,1,1,1,1
511,299400000,1016,1089,252,56,1,1,1,1
512,653600000,1265,1073,273,60,1,1,1,1
512,848300000,2051,1079,174,44,1,1,1,1
512,483300000,2038,1083,95,26,1,1,1,1
512,299400000,1024,1089,252,56,1,1,1,1
513,653600000,1256,1073,274,60,1,1,1,1
513,848300000,2056,1079,173,43,1,1,1,1
513,483300000,2033,1084,95,26,1,1,1,1
513,299400000,1032,1089,251,56,1,1,1,1
514,653600000,1248,1073,275,60,1,1,1,1
514,848300000,2062,1079,173,43,1,1,1,1
514,483300000,2029,1084,95,26,1,1,1,1
514,299400000,1040,1089,250,56,1,1,1,1
515,653600000,1240,1073,276,60,1,1,1,1
515,848300000,2067,1079,173,43,1,1,1,1
515,483300000,2025,1084,95,26,1,1,1,1
515,299400000,1048,1089,249,55,1,1,1,1
516,653600000,1231,1073,278,60,1,1,1,1
516,848300000,2072,1079,172,43,1,1,1,1
516,483300000,2021,1084,96,27,1,1,1,1
516,299400000,1056,1089,249,55,1,1,1,1
517,653600000,1223,1073,279,60,1,1,1,1
517,848300000,2078,1079,172,43,1,1,1,1
517,483300000,2017,1084,96,27,1,1,1,1
517,299400000,1065,1089,248,55,1,1,1,1
518,653600000,1215,1073,280,60,1,1,1,1
518,848300000,2083,1079,172,43,1,1,1,1
518,483300000,2013,1084,96,27,1,1,1,1
518,299400000,1073,1089,247,55,1,1,1,1
519,653600000,1206,1073,281,60,1,1,1,1
519,848300000,2088,1079,171,43,1,1,1,1
519,483300000,2009,1084,97,27,1,1,1,1
519,299400000,1081,1089,246,55,1,1,1,1
520,653600000,1198,1073,282,60,1,1,1,1
520,848300000,2093,1079,171,43,1,1,1,1
520,483300000,2005,1084,97,27,1,1,1,1
520,299400000,1089,1089,246,55,1,1,1,1
521,653600000,1190,1073,283,60,1,1,1,1
521,848300000,2099,1079,171,43,1,1,1,1
521,483300000,2000,1084,97,27,1,1,1,1
521,299400000,1097,1089,245,55,1,1,1,1
522,653600000,1181,1073,284,60,1,1,1,1
522,848300000,2104,1079,170,43,1,1,1,1
522,483300000,1996,1084,98,27,1,1,1,1
522,299400000,1105,1089,245,55,1,1,1,1
523,653600000,1173,1073,285,60,1,1,1,1
523,848300000,2109,1078,170,43,1,1,1,1
523,483300000,1991,1084,98,27,1,1,1,1
523,299400000,1112,1089,244,55,1,1,1,1
524,653600000,1165,1073,287,60,1,1,1,1
524,848300000,2115,1078,170,43,1,1,1,1
524,483300000,1987,1084,99,27,1,1,1,1
524,299400000,1120,1089,244,55,1,1,1,1
525,653600000,1156,1073,288,60,1,1,1,1
525,848300000,2120,1078,169,43,1,1,1,1
525,483300000,1982,1084,99,27,1,1,1,1
525,299400000,1127,1089,243,55,1,1,1,1
526,653600000,1148,1073,289,60,1,1,1,1
526,848300000,2125,1078,169,43,1,1,1,1
526,483300000,1978,1084,99,27,1,1,1,1
526,299400000,1135,1089,243,55,1,1,1,1
527,653600000,1140,1073,290,60,1,1,1,1
527,848300000,2130,1078,169,43,1,1,1,1
527,483300000,1973,1085,100,28,1,1,1,1
527,299400000,1142,1089,242,55,1,1,1,1
528,653600000,1132,1074,291,60,1,1,1,1
528,848300000,2136,1078,168,43,1,1,1,1
528,483300000,1969,1085,100,28,1,1,1,1
528,299400000,1150,1089,242,54,1,1,1,1
529,653600000,1123,1074,292,59,1,1,1,1
529,848300000,2141,1078,168,43,1,1,1,1
529,483300000,1964,1085,101,28,1,1,1,1
529,299400000,1157,1089,241,54,1,1,1,1
530,653600000,1115,1074,293,59,1,1,1,1
530,848300000,2146,1078,167,43,1,1,1,1
530,483300000,1960,1085,101,28,1,1,1,1
530,299400000,1165,1089,241,54,1,1,1,1
531,653600000,1107,1074,294,59,1,1,1,1
531,848300000,2151,1078,167,43,1,1,1,1
531,483300000,1955,1085,101,28,1,1,1,1
531,299400000,1172,1089,240,54,1,1,1,1
532,653600000,1098,1074,295,59,1,1,1,1
532,848300000,2156,1077,166,43,1,1,1,1
532,483300000,1951,1085,102,28,1,1,1,1
532,299400000,1180,1089,240,54,1,1,1,1
533,653600000,1090,1074,297,59,1,1,1,1
533,848300000,2161,1077,166,43,1,1,1,1
533,483300000,1946,1085,102,28,1,1,1,1
533,299400000,1187,1089,239,54,1,1,1,1
534,653600000,1082,1074,298,59,1,1,1,1
534,848300000,2166,1077,165,43,1,1,1,1
534,483300000,1942,1085,103,28,1,1,1,1
534,299400000,1195,1089,239,54,1,1,1,1
535,653600000,1073,1074,299,59,1,1,1,1
535,848300000,2170,1077,164,43,1,1,1,1
535,483300000,1937,1085,103,28,1,1,1,1
535,299400000,1202,1089,238,54,1,1,1,1
536,653600000,1065,1074,300,59,1,1,1,1
536,848300000,2175,1077,164,43,1,1,1,1
536,483300000,1932,1085,103,28,1,1,1,1
536,299400000,1210,1089,238,54,1,1,1,1
537,653600000,1057,1074,301,59,1,1,1,1
537,848300000,2180,1076,163,43,1,1,1,1
537,483300000,1928,1085,104,28,1,1,1,1
537,299400000,1217,1089,237,54,1,1,1,1
538,653600000,1048,1074,302,59,1,1,1,1
538,848300000,2185,1076,162,43,1,1,1,1
538,483300000,1923,1085,104,28,1,1,1,1
538,299400000,1225,1089,237,54,1,1,1,1
539,653600000,1040,1074,303,59,1,1,1,1
539,848300000,2190,1076,162,43,1,1,1,1
539,483300000,1919,1085,104,28,1,1,1,1
539,299400000,1232,1089,236,54,1,1,1,1
540,653600000,1032,1074,304,59,1,1,1,1
540,848300000,2195,1076,161,43,1,1,1,1
540,483300000,1914,1085,105,28,1,1,1,1
540,299400000,1240,1089,236,54,1,1,1,1
541,653600000,1023,1074,306,59,1,1,1,1
541,848300000,2200,1076,161,43,1,1,1,1
541,483300000,1910,1086,105,29,1,1,1,1
541,299400000,1247,1089,235,53,1,1,1,1
542,653600000,1015,1074,307,59,1,1,1,1
542,848300000,2205,1076,160,43,1,1,1,1
542,483300000,1905,1086,106,29,1,1,1,1
542,299400000,1255,1089,235,53,1,1,1,1
543,653600000,1007,1074,308,59,1,1,1,1
543,848300000,2210,1075,159,43,1,1,1,1
543,483300000,1901,1086,106,29,1,1,1,1
543,299400000,1262,1089,234,53,1,1,1,1
544,653600000,998,1074,309,59,1,1,1,1
544,848300000,2215,1075,159,43,1,1,1,1
544,483300000,1896,1086,106,29,1,1,1,1
544,299400000,1270,1089,234,53,1,1,1,1
545,653600000,990,1074,310,59,1,1,1,1
545,848300000,2219,1075,158,43,1,1,1,1
545,483300000,1892,1086,107,29,1,1,1,1
545,299400000,1277,1089,233,53,1,1,1,1
546,653600000,981,1074,311,59,1,1,1,1
546,848300000,2224,1075,157,43,1,1,1,1
546,483300000,1887,1086,107,29,1,1,1,1
546,299400000,1285,1089,233,53,1,1,1,1
547,653600000,972,1074,312,59,1,1,1,1
547,848300000,2229,1075,157,43,1,1,1,1
547,483300000,1883,1086,108,29,1,1,1,1
547,299400000,1292,1089,232,53,1,1,1,1
548,653600000,962,1074,314,59,1,1,1,1
548,848300000,2234,1074,156,43,1,1,1,1
548,483300000,1878,1086,108,29,1,1,1,1
548,299400000,1299,1089,231,53,1,1,1,1
549,653600000,953,1074,315,59,1,1,1,1
549,848300000,2239,1074,156,43,1,1,1,1
549,483300000,1873,1086,108,29,1,1,1,1
549,299400000,1306,1089,231,53,1,1,1,1
550,653600000,944,1073,316,60,1,1,1,1
550,848300000,2244,1074,155,43,1,1,1,1
550,483300000,1868,1086,109,29,1,1,1,1
550,299400000,1313,1089,230,53,1,1,1,1
551,653600000,935,1073,317,60,1,1,1,1
551,848300000,2248,1074,154,43,1,1,1,1
551,483300000,1862,1086,109,29,1,1,1,1
551,299400000,1320,1089,229,53,1,1,1,1
552,653600000,925,1073,318,60,1,1,1,1
552,848300000,2253,1074,154,43,1,1,1,1
552,483300000,1857,1086,110,29,1,1,1,1
552,299400000,1327,1089,228,53,1,1,1,1
553,653600000,916,1073,319,60,1,1,1,1
553,848300000,2257,1074,153,43,1,1,1,1
553,483300000,1852,1086,110,29,1,1,1,1
553,299400000,1333,1089,228,52,1,1,1,1
554,653600000,907,1073,321,60,1,1,1,1
554,848300000,2262,1074,152,43,1,1,1,1
554,483300000,1847,1086,111,29,1,1,1,1
554,299400000,1340,1089,227,52,1,1,1,1
555,653600000,898,1073,322,60,1,1,1,1
555,848300000,2266,1074,152,43,1,1,1,1
555,483300000,1841,1086,111,29,1,1,1,1
555,299400000,1347,1089,226,52,1,1,1,1
556,653600000,888,1073,323,60,1,1,1,1
556,848300000,2271,1074,151,43,1,1,1,1
556,483300000,1836,1087,112,30,1,1,1,1
556,299400000,1354,1088,226,52,1,1,1,1
557,653600000,879,1073,324,60,1,1,1,1
557,848300000,2275,1073,151,42,1,1,1,1
557,483300000,1831,1087,112,30,1,1,1,1
557,299400000,1361,1088,225,52,1,1,1,1
558,653600000,870,1072,325,61,1,1,1,1
558,848300000,2280,1073,150,42,1,1,1,1
558,483300000,1826,1087,113,30,1,1,1,1
558,299400000,1368,1088,224,52,1,1,1,1
559,653600000,861,1072,326,61,1,1,1,1
559,848300000,2284,1073,149,42,1,1,1,1
559,483300000,1820,1087,113,30,1,1,1,1
559,299400000,1375,1088,223,52,1,1,1,1
560,653600000,851,1072,328,61,1,1,1,1
560,848300000,2289,1073,149,42,1,1,1,1
560,483300000,1815,1087,114,30,1,1,1,1
560,299400000,1382,1088,223,52,1,1,1,1
561,653600000,842,1072,329,61,1,1,1,1
561,848300000,2293,1073,148,42,1,1,1,1
561,483300000,1810,1087,114,30,1,1,1,1
561,299400000,1389,1088,222,52,1,1,1,1
562,653600000,833,1072,330,61,1,1,1,1
562,848300000,2298,1073,147,42,1,1,1,1
562,483300000,1805,1087,115,30,1,1,1,1
562,299400000,1396,1088,221,52,1,1,1,1
563,653600000,823,1072,331,61,1,1,1,1
563,848300000,2302,1073,147,42,1,1,1,1
563,483300000,1800,1087,115,30,1,1,1,1
563,299400000,1403,1088,221,52,1,1,1,1
564,653600000,814,1072,331,61,1,1,1,1
564,848300000,2306,1073,146,42,1,1,1,1
564,483300000,1794,1087,115,30,1,1,1,1
564,299400000,1409,1088,220,51,1,1,1,1
565,653600000,804,1072,332,61,1,1,1,1
565,848300000,2311,1073,145,42,1,1,1,1
565,483300000,1789,1087,116,30,1,1,1,1
565,299400000,1416,1088,219,51,1,1,1,1
566,653600000,794,1072,333,61,1,1,1,1
566,848300000,2315,1073,145,42,1,1,1,1
566,483300000,1784,1087,116,30,1,1,1,1
566,299400000,1423,1088,218,51,1,1,1,1
567,653600000,785,1072,333,61,1,1,1,1
567,848300000,2320,1073,144,42,1,1,1,1
567,483300000,1779,1087,117,30,1,1,1,1
567,299400000,1430,1088,218,51,1,1,1,1
568,653600000,775,1071,334,62,1,1,1,1
568,848300000,2324,1073,144,42,1,1,1,1
568,483300000,1773,1087,117,30,1,1,1,1
568,299400000,1437,1088,217,51,1,1,1,1
569,653600000,766,1071,334,62,1,1,1,1
569,848300000,2329,1073,143,42,1,1,1,1
569,483300000,1768,1087,118,30,1,1,1,1
569,299400000,1444,1088,216,51,1,1,1,1
570,653600000,756,1071,335,62,1,1,1,1
570,848300000,2333,1073,142,42,1,1,1,1
570,483300000,1763,1087,118,30,1,1,1,1
570,299400000,1451,1088,215,51,1,1,1,1
571,653600000,746,1071,336,62,1,1,1,1
571,848300000,2338,1072,142,41,1,1,1,1
571,483300000,1758,1088,119,31,1,1,1,1
571,299400000,1458,1088,215,51,1,1,1,1
572,653600000,737,1071,336,62,1,1,1,1
572,848300000,2342,1072,141,41,1,1,1,1
572,483300000,1752,1088,119,31,1,1,1,1
572,299400000,1465,1087,214,51,1,1,1,1
573,653600000,727,1071,337,62,1,1,1,1
573,848300000,2347,1072,140,41,1,1,1,1
573,483300000,1747,1088,120,31,1,1,1,1
573,299400000,1472,1087,213,51,1,1,1,1
574,653600000,717,1071,340,62,1,1,1,1
574,848300000,2351,1072,140,41,1,1,1,1
574,483300000,1742,1088,120,31,1,1,1,1
574,299400000,1478,1087,213,50,1,1,1,1
575,653600000,707,1071,342,63,1,1,1,1
575,848300000,2356,1072,139,41,1,1,1,1
575,483300000,1737,1088,121,31,1,1,1,1
575,299400000,1485,1087,212,50,1,1,1,1
576,653600000,696,1071,345,63,1,1,1,1
576,848300000,2360,1072,139,41,1,1,1,1
576,483300000,1731,1088,121,31,1,1,1,1
576,299400000,1492,1087,211,50,1,1,1,1
577,653600000,686,1071,347,63,1,1,1,1
577,848300000,2365,1072,138,41,1,1,1,1
577,483300000,1726,1088,122,31,1,1,1,1
577,299400000,1499,1087,210,50,1,1,1,1
578,653600000,676,1071,349,63,1,1,1,1
578,848300000,2369,1072,137,41,1,1,1,1
578,483300000,1721,1088,122,31,1,1,1,1
578,299400000,1506,1087,210,50,1,1,1,1
579,653600000,665,1071,351,63,1,1,1,1
579,848300000,2373,1072,137,41,1,1,1,1
579,483300000,1715,1088,123,31,1,1,1,1
579,299400000,1513,1087,209,50,1,1,1,1
580,653600000,655,1071,352,63,1,1,1,1
580,848300000,2378,1072,136,41,1,1,1,1
580,483300000,1709,1088,123,31,1,1,1,1
580,299400000,1520,1087,208,50,1,1,1,1
581,653600000,644,1071,354,63,1,1,1,1
581,848300000,2382,1072,135,41,1,1,1,1
581,483300000,1703,1088,124,31,1,1,1,1
581,299400000,1526,1087,208,50,1,1,1,1
582,653600000,634,1071,356,64,1,1,1,1
582,848300000,2387,1072,135,41,1,1,1,1
582,483300000,1697,1088,124,31,1,1,1,1
582,299400000,1533,1087,207,50,1,1,1,1
583,653600000,623,1070,358,64,1,1,1,1
583,848300000,2391,1072,134,41,1,1,1,1
583,483300000,1691,1089,125,31,1,1,1,1
583,299400000,1539,1087,206,50,1,1,1,1
584,653600000,613,1070,360,64,1,1,1,1
584,848300000,2396,1072,133,41,1,1,1,1
584,483300000,1685,1089,125,31,1,1,1,1
584,299400000,1546,1087,205,50,1,1,1,1
585,653600000,602,1070,361,64,1,1,1,1
585,848300000,2400,1071,133,40,1,1,1,1
585,483300000,1679,1089,126,31,1,1,1,1
585,299400000,1552,1087,205,50,1,1,1,1
586,653600000,592,1070,363,64,1,1,1,1
586,848300000,2405,1071,132,40,1,1,1,1
586,483300000,1673,1089,127,31,1,1,1,1
586,299400000,1559,1087,204,50,1,1,1,1
587,653600000,581,1070,365,64,1,1,1,1
587,848300000,2409,1071,132,40,1,1,1,1
587,483300000,1667,1089,127,31,1,1,1,1
587,299400000,1565,1087,203,49,1,1,1,1
588,653600000,570,1070,366,64,1,1,1,1
588,848300000,2414,1071,131,40,1,1,1,1
588,483300000,1661,1089,128,31,1,1,1,1
588,299400000,1572,1087,202,49,1,1,1,1
589,653600000,559,1070,367,64,1,1,1,1
589,848300000,2418,1071,130,40,1,1,1,1
589,483300000,1655,1089,128,31,1,1,1,1
589,299400000,1578,1087,202,49,1,1,1,1
590,653600000,549,1070,368,64,1,1,1,1
590,848300000,2423,1071,130,40,1,1,1,1
590,483300000,1649,1089,129,31,1,1,1,1
590,299400000,1585,1087,201,49,1,1,1,1
591,653600000,538,1069,369,65,1,1,1,1
591,848300000,2427,1071,129,40,1,1,1,1
591,483300000,1643,1090,130,31,1,1,1,1
591,299400000,1591,1087,200,49,1,1,1,1
592,653600000,527,1069,370,65,1,1,1,1
592,848300000,2431,1071,126,40,1,1,1,1
592,483300000,1636,1090,130,31,1,1,1,1
592,299400000,1598,1087,199,49,1,1,1,1
593,653600000,516,1069,371,65,1,1,1,1
593,848300000,2435,1071,123,40,1,1,1,1
593,483300000,1630,1090,131,31,1,1,1,1
593,299400000,1605,1087,199,49,1,1,1,1
594,653600000,506,1069,372,65,1,1,1,1
594,848300000,2438,1071,120,39,1,1,1,1
594,483300000,1624,1090,131,31,1,1,1,1
594,299400000,1611,1086,198,49,1,1,1,1
595,653600000,495,1069,372,65,1,1,1,1
595,848300000,2442,1071,117,39,1,1,1,1
595,483300000,1618,1090,132,31,1,1,1,1
595,299400000,1618,1086,197,49,1,1,1,1
596,653600000,484,1069,373,65,1,1,1,1
596,848300000,2446,1071,114,39,1,1,1,1
596,483300000,1612,1090,132,31,1,1,1,1
596,299400000,1624,1086,196,49,1,1,1,1
597,653600000,473,1069,374,65,1,1,1,1
597,848300000,2450,1071,110,39,1,1,1,1
597,483300000,1606,1090,133,31,1,1,1,1
597,299400000,1631,1086,196,49,1,1,1,1
598,653600000,462,1068,375,66,1,1,1,1
598,848300000,2454,1071,107,39,1,1,1,1
598,483300000,1600,1090,134,31,1,1,1,1
598,299400000,1637,1086,195,49,1,1,1,1
599,653600000,452,1068,376,66,1,1,1,1
599,848300000,2457,1071,103,39,1,1,1,1
599,483300000,1594,1090,134,31,1,1,1,1
599,299400000,1644,1086,194,49,1,1,1,1
600,653600000,441,1068,377,66,1,1,1,1
600,848300000,2461,1071,99,39,1,1,1,1
600,483300000,1588,1091,135,31,1,1,1,1
600,299400000,1650,1086,193,49,1,1,1,1
601,653600000,430,1068,378,66,1,1,1,1
601,848300000,2465,1071,95,39,1,1,1,1
601,483300000,1582,1091,135,31,1,1,1,1
601,299400000,1657,1086,193,48,1,1,1,1
602,653600000,418,1068,379,66,1,1,1,1
602,848300000,2469,1071,92,39,1,1,1,1
602,483300000,1576,1091,136,31,1,1,1,1
602,299400000,1663,1086,192,48,1,1,1,1
603,653600000,407,1068,381,66,1,1,1,1
603,848300000,2472,1071,88,39,1,1,1,1
603,483300000,1570,1091,136,31,1,1,1,1
603,299400000,1670,1086,191,48,1,1,1,1
604,653600000,395,1068,382,66,1,1,1,1
604,848300000,2476,1071,84,39,1,1,1,1
604,483300000,1564,1091,137,31,1,1,1,1
604,299400000,1676,1086,190,48,1,1,1,1
605,653600000,384,1067,384,67,1,1,1,1
605,848300000,2480,1071,80,39,1,1,1,1
605,483300000,1557,1091,137,31,1,1,1,1
605,299400000,1683,1086,190,48,1,1,1,1
606,653600000,372,1067,385,67,1,1,1,1
606,848300000,2483,1071,77,38,1,1,1,1
606,483300000,1551,1091,138,31,1,1,1,1
606,299400000,1689,1086,189,48,1,1,1,1
607,653600000,360,1067,386,67,1,1,1,1
607,848300000,2487,1072,73,38,1,1,1,1
607,483300000,1544,1092,138,31,1,1,1,1
607,299400000,1696,1086,188,48,1,1,1,1
608,653600000,349,1067,388,67,1,1,1,1
608,848300000,2491,1072,69,38,1,1,1,1
608,483300000,1537,1092,139,31,1,1,1,1
608,299400000,1702,1086,188,48,1,1,1,1
609,653600000,337,1067,389,67,1,1,1,1
609,848300000,2495,1072,66,38,1,1,1,1
609,483300000,1531,1092,139,31,1,1,1,1
609,299400000,1707,1086,187,48,1,1,1,1
610,653600000,326,1067,391,67,1,1,1,1
610,848300000,2498,1072,62,37,1,1,1,1
610,483300000,1524,1092,140,31,1,1,1,1
610,299400000,1713,1086,187,48,1,1,1,1
611,653600000,314,1067,392,67,1,1,1,1
611,848300000,2502,1072,58,37,1,1,1,1
611,483300000,1517,1092,140,31,1,1,1,1
611,299400000,1719,1086,187,48,1,1,1,1
612,653600000,302,1067,393,67,1,1,1,1
612,848300000,2506,1073,54,37,1,1,1,1
612,483300000,1511,1092,140,31,1,1,1,1
612,299400000,1724,1085,187,48,1,1,1,1
613,653600000,291,1066,395,68,1,1,1,1
613,848300000,2509,1073,51,36,1,1,1,1
613,483300000,1504,1093,141,31,1,1,1,1
613,299400000,1730,1085,186,48,1,1,1,1
614,653600000,279,1066,396,68,1,1,1,1
614,848300000,2513,1073,47,36,1,1,1,1
614,483300000,1497,1093,141,31,1,1,1,1
614,299400000,1736,1085,186,48,1,1,1,1
615,653600000,267,1066,397,68,1,1,1,1
615,848300000,2517,1073,43,36,1,1,1,1
615,483300000,1491,1093,142,31,1,1,1,1
615,299400000,1741,1085,186,48,1,1,1,1
616,653600000,256,1066,399,68,1,1,1,1
616,848300000,2520,1073,40,35,1,1,1,1
616,483300000,1484,1093,142,31,1,1,1,1
616,299400000,1747,1085,185,48,1,1,1,1
617,653600000,244,1066,400,68,1,1,1,1
617,848300000,2524,1073,36,35,1,1,1,1
617,483300000,1477,1093,142,31,1,1,1,1
617,299400000,1753,1085,185,48,1,1,1,1
618,653600000,233,1066,402,68,1,1,1,1
618,848300000,2528,1074,33,34,1,1,1,1
618,483300000,1471,1093,143,31,1,1,1,1
618,299400000,1758,1085,185,48,1,1,1,1
619,653600000,221,1066,403,68,1,1,1,1
619,848300000,2531,1074,29,34,1,1,1,1
619,483300000,1464,1094,143,31,1,1,1,1
619,299400000,1764,1085,184,48,1,1,1,1
620,653600000,209,1066,404,68,1,1,1,1
620,848300000,2535,1074,25,33,1,1,1,1
620,483300000,1457,1094,144,31,1,1,1,1
620,299400000,1770,1085,184,48,1,1,1,1
621,653600000,198,1065,406,69,1,1,1,1
621,848300000,2538,1074,22,33,1,1,1,1
621,483300000,1451,1094,144,31,1,1,1,1
621,299400000,1775,1084,184,47,1,1,1,1
622,653600000,186,1065,407,69,1,1,1,1
622,848300000,2542,1074,18,32,1,1,1,1
622,483300000,1444,1094,145,31,1,1,1,1
622,299400000,1781,1084,184,47,1,1,1,1
623,653600000,175,1065,409,69,1,1,1,1
623,848300000,2546,1076,14,31,1,1,1,1
623,483300000,1437,1094,145,31,1,1,1,1
623,299400000,1787,1084,183,47,1,1,1,1
624,653600000,163,1065,410,69,1,1,1,1
624,848300000,2550,1077,10,30,1,1,1,1
624,483300000,1431,1094,145,31,1,1,1,1
624,299400000,1792,1084,183,47,1,1,1,1
625,653600000,151,1065,411,69,1,1,1,1
625,483300000,1424,1095,146,31,1,1,1,1
625,299400000,1798,1084,183,47,1,1,1,1
626,653600000,138,1065,412,69,1,1,1,1
626,483300000,1417,1095,146,31,1,1,1,1
626,299400000,1804,1084,182,47,1,1,1,1
627,653600000,126,1065,413,69,1,1,1,1
627,483300000,1411,1095,147,31,1,1,1,1
627,299400000,1809,1084,182,47,1,1,1,1
628,653600000,114,1066,415,68,1,1,1,1
628,483300000,1404,1095,147,31,1,1,1,1
628,299400000,1815,1084,182,47,1,1,1,1
629,653600000,101,1066,416,68,1,1,1,1
629,483300000,1396,1095,148,31,1,1,1,1
629,299400000,1821,1084,181,47,1,1,1,1
630,653600000,89,1066,417,68,1,1,1,1
630,483300000,1389,1095,149,31,1,1,1,1
630,299400000,1826,1083,181,47,1,1,1,1
631,653600000,77,1066,418,68,1,1,1,1
631,483300000,1381,1095,150,31,1,1,1,1
631,299400000,1832,1083,181,47,1,1,1,1
632,653600000,65,1066,419,68,1,1,1,1
632,483300000,1374,1095,151,32,1,1,1,1
632,299400000,1838,1083,181,47,1,1,1,1
633,653600000,52,1066,420,68,1,1,1,1
633,483300000,1366,1095,152,32,1,1,1,1
633,299400000,1843,1083,180,47,1,1,1,1
634,653600000,40,1067,422,67,1,1,1,1
634,483300000,1359,1095,153,32,1,1,1,1
634,299400000,1849,1083,180,47,1,1,1,1
635,653600000,28,1067,423,67,1,1,1,1
635,483300000,1351,1095,153,32,1,1,1,1
635,299400000,1854,1083,180,47,1,1,1,1
636,653600000,15,1067,424,67,1,1,1,1
636,483300000,1344,1095,154,32,1,1,1,1
636,299400000,1860,1083,179,47,1,1,1,1
637,653600000,3,1067,425,67,1,1,1,1
637,483300000,1336,1095,155,32,1,1,1,1
637,299400000,1865,1083,179,47,1,1,1,1
638,653600000,0,1058,417,74,1,1,1,1
638,483300000,1329,1095,156,33,1,1,1,1
638,299400000,1870,1083,178,47,1,1,1,1
639,653600000,0,1058,405,74,1,1,1,1
639,483300000,1321,1095,157,33,1,1,1,1
639,299400000,1876,1083,178,47,1,1,1,1
640,653600000,0,1058,393,73,1,1,1,1
640,483300000,1314,1095,158,33,1,1,1,1
640,299400000,1881,1082,177,47,1,1,1,1
641,653600000,0,1058,381,73,1,1,1,1
641,483300000,1306,1095,159,33,1,1,1,1
641,299400000,1886,1082,177,47,1,1,1,1
642,653600000,0,1058,369,73,1,1,1,1
642,483300000,1298,1095,160,33,1,1,1,1
642,299400000,1891,1082,177,46,1,1,1,1
643,653600000,0,1059,356,73,1,1,1,1
643,483300000,1290,1095,160,33,1,1,1,1
643,299400000,1897,1082,176,46,1,1,1,1
644,653600000,0,1059,344,72,1,1,1,1
644,483300000,1282,1095,161,34,1,1,1,1
644,299400000,1902,1082,176,46,1,1,1,1
645,653600000,0,1059,332,72,1,1,1,1
645,483300000,1274,1095,161,34,1,1,1,1
645,299400000,1907,1082,175,46,1,1,1,1
646,653600000,0,1059,320,72,1,1,1,1
646,483300000,1265,1095,162,34,1,1,1,1
646,299400000,1913,1082,175,46,1,1,1,1
647,653600000,0,1059,308,72,1,1,1,1
647,483300000,1257,1095,162,34,1,1,1,1
647,299400000,1918,1082,174,46,1,1,1,1
648,653600000,0,1059,296,71,1,1,1,1
648,483300000,1249,1095,163,34,1,1,1,1
648,299400000,1923,1082,174,46,1,1,1,1
649,653600000,0,1059,284,71,1,1,1,1
649,483300000,1241,1095,163,34,1,1,1,1
649,299400000,1929,1082,174,46,1,1,1,1
650,653600000,0,1059,272,71,1,1,1,1
650,483300000,1233,1095,164,35,1,1,1,1
650,299400000,1934,1081,173,46,1,1,1,1
651,653600000,0,1059,260,70,1,1,1,1
651,483300000,1225,1095,164,35,1,1,1,1
651,299400000,1939,1081,173,46,1,1,1,1
652,653600000,0,1060,247,70,1,1,1,1
652,483300000,1217,1095,165,35,1,1,1,1
652,299400000,1945,1081,172,46,1,1,1,1
653,653600000,0,1060,235,70,1,1,1,1
653,483300000,1209,1095,165,35,1,1,1,1
653,299400000,1950,1081,172,46,1,1,1,1
654,653600000,0,1060,223,70,1,1,1,1
654,483300000,1200,1094,166,35,1,1,1,1
654,299400000,1955,1081,171,46,1,1,1,1
655,653600000,0,1060,211,69,1,1,1,1
655,483300000,1192,1094,166,35,1,1,1,1
655,299400000,1961,1081,171,46,1,1,1,1
656,653600000,0,1060,199,69,1,1,1,1
656,483300000,1184,1094,167,36,1,1,1,1
656,299400000,1966,1081,171,45,1,1,1,1
657,653600000,0,1060,187,69,1,1,1,1
657,483300000,1176,1094,167,36,1,1,1,1
657,299400000,1971,1081,170,45,1,1,1,1
658,653600000,0,1059,174,69,1,1,1,1
658,483300000,1168,1094,168,36,1,1,1,1
658,299400000,1976,1081,170,45,1,1,1,1
659,653600000,0,1059,162,69,1,1,1,1
659,483300000,1160,1094,168,36,1,1,1,1
659,299400000,1982,1081,169,45,1,1,1,1
660,653600000,0,1059,150,68,1,1,1,1
660,483300000,1152,1094,169,36,1,1,1,1
660,299400000,1987,1081,169,45,1,1,1,1
661,653600000,0,1059,138,68,1,1,1,1
661,483300000,1144,1094,169,36,1,1,1,1
661,299400000,1992,1080,168,45,1,1,1,1
662,653600000,0,1058,125,68,1,1,1,1
662,483300000,1135,1094,170,37,1,1,1,1
662,299400000,1998,1080,168,45,1,1,1,1
663,653600000,0,1058,113,68,1,1,1,1
663,483300000,1127,1094,170,37,1,1,1,1
663,299400000,2003,1080,168,45,1,1,1,1
664,653600000,0,1057,100,69,1,1,1,1
664,483300000,1119,1094,171,37,1,1,1,1
664,299400000,2008,1080,167,45,1,1,1,1
665,653600000,0,1057,86,70,1,1,1,1
665,483300000,1111,1094,171,37,1,1,1,1
665,299400000,2014,1080,167,45,1,1,1,1
666,653600000,0,1056,73,70,1,1,1,1
666,483300000,1101,1095,173,36,1,1,1,1
666,299400000,2019,1080,166,45,1,1,1,1
666,426500000,0,1109,35,38,1,1,1,1
667,653600000,0,1055,59,71,1,1,1,1
667,483300000,1092,1097,176,34,1,1,1,1
667,299400000,2024,1080,166,45,1,1,1,1
667,426500000,0,1109,47,38,1,1,1,1
668,653600000,0,1057,50,68,1,1,1,1
668,483300000,1082,1098,178,33,1,1,1,1
668,299400000,2030,1080,165,45,1,1,1,1
668,426500000,0,1109,58,39,1,1,1,1
669,653600000,0,1065,35,56,1,1,1,1
669,483300000,1073,1098,179,33,1,1,1,1
669,299400000,2035,1080,165,45,1,1,1,1
669,426500000,0,1108,70,39,1,1,1,1
670,653600000,0,1072,20,51,1,1,1,1
670,483300000,1064,1097,179,34,1,1,1,1
670,299400000,2040,1080,165,44,1,1,1,1
670,426500000,0,1108,82,39,1,1,1,1
671,483300000,1055,1097,180,34,1,1,1,1
671,299400000,2045,1079,164,44,1,1,1,1
671,426500000,0,1108,93,40,1,1,1,1
672,483300000,1046,1097,181,35,1,1,1,1
672,299400000,2051,1079,164,44,1,1,1,1
672,426500000,0,1108,105,40,1,1,1,1
673,483300000,1037,1096,181,35,1,1,1,1
673,299400000,2056,1079,163,44,1,1,1,1
673,426500000,0,1108,116,41,1,1,1,1
674,483300000,1028,1096,182,36,1,1,1,1
674,299400000,2061,1079,163,44,1,1,1,1
674,426500000,0,1108,128,41,1,1,1,1
675,483300000,1019,1096,183,36,1,1,1,1
675,299400000,2067,1079,162,44,1,1,1,1
675,426500000,0,1107,140,41,1,1,1,1
676,483300000,1009,1095,183,37,1,1,1,1
676,299400000,2072,1079,162,44,1,1,1,1
676,426500000,0,1107,151,42,1,1,1,1
677,483300000,1000,1095,184,37,1,1,1,1
677,299400000,2077,1079,161,44,1,1,1,1
677,426500000,0,1107,163,42,1,1,1,1
678,483300000,991,1095,185,38,1,1,1,1
678,299400000,2082,1079,161,44,1,1,1,1
678,426500000,0,1107,174,42,1,1,1,1
679,483300000,982,1094,185,38,1,1,1,1
679,299400000,2087,1079,160,44,1,1,1,1
679,426500000,0,1107,186,42,1,1,1,1
680,483300000,973,1094,186,39,1,1,1,1
680,299400000,2092,1079,159,44,1,1,1,1
680,426500000,0,1107,197,42,1,1,1,1
681,483300000,964,1094,187,39,1,1,1,1
681,299400000,2097,1079,159,44,1,1,1,1
681,426500000,0,1107,209,42,1,1,1,1
682,483300000,955,1093,187,40,1,1,1,1
682,299400000,2102,1078,158,43,1,1,1,1
682,426500000,0,1108,220,41,1,1,1,1
683,483300000,946,1093,188,40,1,1,1,1
683,299400000,2107,1078,158,43,1,1,1,1
683,426500000,0,1108,232,41,1,1,1,1
684,483300000,936,1093,189,40,1,1,1,1
684,299400000,2112,1078,157,43,1,1,1,1
684,426500000,0,1108,243,41,1,1,1,1
685,483300000,926,1093,190,40,1,1,1,1
685,299400000,2117,1078,156,43,1,1,1,1
685,426500000,0,1108,255,41,1,1,1,1
686,483300000,916,1094,191,40,1,1,1,1
686,299400000,2122,1078,156,43,1,1,1,1
686,426500000,0,1108,266,41,1,1,1,1
687,483300000,906,1094,192,39,1,1,1,1
687,299400000,2127,1078,155,43,1,1,1,1
687,426500000,0,1107,278,43,1,1,1,1
688,483300000,896,1094,193,39,1,1,1,1
688,299400000,2132,1078,154,43,1,1,1,1
688,426500000,0,1106,290,44,1,1,1,1
688,371400000,2546,1065,14,27,1,1,1,1
689,483300000,886,1094,194,39,1,1,1,1
689,299400000,2137,1078,154,43,1,1,1,1
689,426500000,0,1105,301,46,1,1,1,1
689,371400000,2544,1065,16,27,1,1,1,1
690,483300000,876,1095,196,39,1,1,1,1
690,299400000,2142,1078,153,43,1,1,1,1
690,426500000,0,1104,313,47,1,1,1,1
690,371400000,2542,1065,18,27,1,1,1,1
691,483300000,866,1095,197,39,1,1,1,1
691,299400000,2147,1078,153,43,1,1,1,1
691,426500000,0,1102,325,49,1,1,1,1
691,371400000,2540,1066,20,27,1,1,1,1
692,483300000,856,1095,198,39,1,1,1,1
692,299400000,2152,1077,152,42,1,1,1,1
692,426500000,0,1104,337,48,1,1,1,1
692,371400000,2538,1066,22,26,1,1,1,1
693,483300000,846,1095,199,39,1,1,1,1
693,299400000,2157,1077,151,42,1,1,1,1
693,426500000,0,1079,349,74,1,1,1,1
693,371400000,2536,1066,24,26,1,1,1,1
694,483300000,836,1095,200,38,1,1,1,1
694,299400000,2162,1077,151,42,1,1,1,1
694,426500000,0,1078,361,76,1,1,1,1
694,371400000,2534,1066,26,26,1,1,1,1
695,483300000,826,1096,201,38,1,1,1,1
695,299400000,2167,1077,150,42,1,1,1,1
695,426500000,0,1076,372,77,1,1,1,1
695,371400000,2532,1066,28,26,1,1,1,1
696,483300000,816,1096,202,38,1,1,1,1
696,299400000,2172,1077,149,42,1,1,1,1
696,426500000,0,1077,384,76,1,1,1,1
696,371400000,2530,1066,30,26,1,1,1,1
697,483300000,806,1096,203,38,1,1,1,1
697,299400000,2177,1077,149,42,1,1,1,1
697,426500000,-1,1077,395,75,1,1,1,1
697,371400000,2528,1067,32,26,1,1,1,1
698,483300000,795,1096,204,38,1,1,1,1
698,299400000,2182,1077,148,42,1,1,1,1
698,426500000,-2,1078,407,74,1,1,1,1
698,371400000,2526,1067,34,25,1,1,1,1
699,483300000,785,1096,205,38,1,1,1,1
699,299400000,2187,1077,147,42,1,1,1,1
699,426500000,2,1079,412,73,1,1,1,1
699,371400000,2524,1067,36,25,1,1,1,1
700,483300000,774,1096,206,38,1,1,1,1
700,299400000,2192,1077,147,42,1,1,1,1
700,426500000,13,1080,412,72,1,1,1,1
700,371400000,2522,1067,38,25,1,1,1,1
701,483300000,763,1096,207,38,1,1,1,1
701,299400000,2197,1077,146,42,1,1,1,1
701,426500000,23,1081,412,71,1,1,1,1
701,371400000,2520,1067,40,25,1,1,1,1
702,483300000,752,1096,208,39,1,1,1,1
702,299400000,2202,1076,146,41,1,1,1,1
702,426500000,35,1081,411,71,1,1,1,1
702,371400000,2518,1067,43,25,1,1,1,1
703,483300000,742,1096,209,39,1,1,1,1
703,299400000,2207,1076,145,41,1,1,1,1
703,426500000,47,1081,410,71,1,1,1,1
703,371400000,2516,1067,45,25,1,1,1,1
704,483300000,731,1096,210,39,1,1,1,1
704,299400000,2212,1076,144,41,1,1,1,1
704,426500000,59,1081,409,72,1,1,1,1
704,371400000,2514,1067,47,24,1,1,1,1
705,483300000,720,1096,211,39,1,1,1,1
705,299400000,2217,1076,144,41,1,1,1,1
705,426500000,71,1081,408,72,1,1,1,1
705,371400000,2512,1067,50,24,1,1,1,1
706,483300000,710,1095,211,39,1,1,1,1
706,299400000,2222,1076,143,41,1,1,1,1
706,426500000,83,1081,407,72,1,1,1,1
706,371400000,2510,1067,52,24,1,1,1,1
707,483300000,699,1095,212,39,1,1,1,1
707,299400000,2227,1076,143,41,1,1,1,1
707,426500000,95,1081,406,72,1,1,1,1
707,371400000,2508,1067,53,24,1,1,1,1
708,483300000,688,1095,213,39,1,1,1,1
708,299400000,2231,1076,142,41,1,1,1,1
708,426500000,107,1080,405,72,1,1,1,1
708,371400000,2506,1067,54,24,1,1,1,1
709,483300000,678,1095,214,39,1,1,1,1
709,299400000,2236,1076,142,41,1,1,1,1
709,426500000,119,1080,404,72,1,1,1,1
709,371400000,2504,1067,55,24,1,1,1,1
710,483300000,667,1095,215,40,1,1,1,1
710,299400000,2240,1076,142,41,1,1,1,1
710,426500000,131,1080,403,73,1,1,1,1
710,371400000,2502,1067,56,24,1,1,1,1
711,483300000,656,1095,216,40,1,1,1,1
711,299400000,2245,1075,141,41,1,1,1,1
711,426500000,143,1080,402,73,1,1,1,1
711,371400000,2500,1068,57,23,1,1,1,1
712,483300000,645,1095,217,40,1,1,1,1
712,299400000,2249,1075,141,41,1,1,1,1
712,426500000,155,1080,401,73,1,1,1,1
712,371400000,2498,1068,58,23,1,1,1,1
713,483300000,635,1095,218,40,1,1,1,1
713,299400000,2254,1075,141,41,1,1,1,1
713,426500000,167,1080,400,73,1,1,1,1
713,371400000,2496,1068,59,23,1,1,1,1
714,483300000,624,1095,219,40,1,1,1,1
714,299400000,2258,1075,140,40,1,1,1,1
714,426500000,178,1080,399,73,1,1,1,1
714,371400000,2494,1068,60,23,1,1,1,1
715,483300000,614,1095,219,40,1,1,1,1
715,299400000,2263,1075,140,40,1,1,1,1
715,426500000,189,1080,397,72,1,1,1,1
715,371400000,2492,1068,61,23,1,1,1,1
716,483300000,603,1095,219,40,1,1,1,1
716,299400000,2267,1075,140,40,1,1,1,1
716,426500000,201,1081,396,72,1,1,1,1
716,371400000,2490,1068,61,23,1,1,1,1
717,483300000,593,1094,218,40,1,1,1,1
717,299400000,2272,1075,139,40,1,1,1,1
717,426500000,212,1081,395,72,1,1,1,1
717,371400000,2488,1068,61,23,1,1,1,1
718,483300000,582,1094,218,40,1,1,1,1
718,299400000,2276,1075,139,40,1,1,1,1
718,426500000,223,1081,394,72,1,1,1,1
718,371400000,2486,1068,61,23,1,1,1,1
719,483300000,570,1094,219,40,1,1,1,1
719,299400000,2281,1075,139,40,1,1,1,1
719,426500000,234,1081,392,71,1,1,1,1
719,371400000,2484,1068,60,24,1,1,1,1
720,483300000,558,1094,220,40,1,1,1,1
720,299400000,2286,1075,139,40,1,1,1,1
720,426500000,246,1082,391,71,1,1,1,1
720,371400000,2482,1068,60,24,1,1,1,1
721,483300000,546,1093,220,40,1,1,1,1
721,299400000,2290,1074,138,40,1,1,1,1
721,426500000,257,1082,390,71,1,1,1,1
721,371400000,2480,1068,60,24,1,1,1,1
722,483300000,534,1093,221,40,1,1,1,1
722,299400000,2295,1074,138,40,1,1,1,1
722,426500000,268,1082,388,70,1,1,1,1
722,371400000,2478,1068,60,24,1,1,1,1
723,483300000,522,1093,222,41,1,1,1,1
723,299400000,2299,1074,138,40,1,1,1,1
723,426500000,279,1082,387,70,1,1,1,1
723,371400000,2476,1068,60,24,1,1,1,1
724,483300000,510,1093,223,41,1,1,1,1
724,299400000,2304,1074,137,40,1,1,1,1
724,426500000,291,1083,386,70,1,1,1,1
724,371400000,2474,1068,60,24,1,1,1,1
725,483300000,498,1093,224,41,1,1,1,1
725,299400000,2308,1074,137,40,1,1,1,1
725,426500000,302,1083,384,69,1,1,1,1
725,371400000,2472,1068,60,24,1,1,1,1
726,483300000,486,1092,224,41,1,1,1,1
726,299400000,2313,1074,137,40,1,1,1,1
726,426500000,313,1083,383,69,1,1,1,1
726,371400000,2470,1068,60,24,1,1,1,1
727,483300000,474,1092,225,41,1,1,1,1
727,299400000,2317,1074,136,40,1,1,1,1
727,426500000,324,1083,382,69,1,1,1,1
727,371400000,2468,1068,59,25,1,1,1,1
728,483300000,462,1092,226,41,1,1,1,1
728,299400000,2322,1074,136,39,1,1,1,1
728,426500000,336,1084,381,69,1,1,1,1
728,371400000,2466,1068,59,25,1,1,1,1
729,483300000,450,1092,227,41,1,1,1,1
729,299400000,2326,1074,136,39,1,1,1,1
729,426500000,347,1084,379,68,1,1,1,1
729,371400000,2464,1068,59,25,1,1,1,1
730,483300000,438,1092,228,41,1,1,1,1
730,299400000,2331,1073,135,39,1,1,1,1
730,426500000,358,1084,378,68,1,1,1,1
730,371400000,2462,1068,59,25,1,1,1,1
731,483300000,427,1092,229,42,1,1,1,1
731,299400000,2335,1073,135,39,1,1,1,1
731,426500000,369,1084,377,68,1,1,1,1
731,371400000,2460,1068,59,25,1,1,1,1
732,483300000,415,1091,229,42,1,1,1,1
732,299400000,2340,1073,135,39,1,1,1,1
732,426500000,380,1084,376,68,1,1,1,1
732,371400000,2457,1068,59,25,1,1,1,1
733,483300000,403,1091,230,42,1,1,1,1
733,299400000,2344,1073,134,39,1,1,1,1
733,426500000,391,1084,375,68,1,1,1,1
733,371400000,2455,1068,60,25,1,1,1,1
734,483300000,391,1091,231,42,1,1,1,1
734,299400000,2349,1073,134,39,1,1,1,1
734,426500000,401,1084,374,68,1,1,1,1
734,371400000,2453,1068,60,25,1,1,1,1
735,483300000,379,1091,232,42,1,1,1,1
735,299400000,2353,1073,134,39,1,1,1,1
735,426500000,412,1084,373,68,1,1,1,1
735,371400000,2451,1069,60,25,1,1,1,1
735,785000000,0,1108,21,34,1,1,1,1
736,483300000,367,1091,233,42,1,1,1,1
736,299400000,2357,1073,134,39,1,1,1,1
736,426500000,423,1084,372,68,1,1,1,1
736,371400000,2448,1069,60,25,1,1,1,1
736,785000000,0,1104,41,40,1,1,1,1
737,483300000,355,1090,233,42,1,1,1,1
737,299400000,2361,1073,134,39,1,1,1,1
737,426500000,434,1084,371,68,1,1,1,1
737,371400000,2446,1069,60,25,1,1,1,1
737,785000000,0,1104,59,40,1,1,1,1
738,483300000,343,1090,234,42,1,1,1,1
738,299400000,2365,1073,133,38,1,1,1,1
738,426500000,445,1084,370,68,1,1,1,1
738,371400000,2444,1069,60,24,1,1,1,1
738,785000000,0,1104,77,41,1,1,1,1
739,483300000,331,1090,235,42,1,1,1,1
739,299400000,2369,1074,133,38,1,1,1,1
739,426500000,456,1084,369,68,1,1,1,1
739,371400000,2441,1069,61,24,1,1,1,1
739,785000000,0,1104,95,41,1,1,1,1
740,483300000,319,1090,236,43,1,1,1,1
740,299400000,2373,1074,133,38,1,1,1,1
740,426500000,467,1084,368,68,1,1,1,1
740,371400000,2439,1069,61,24,1,1,1,1
740,785000000,0,1104,114,41,1,1,1,1
741,483300000,307,1090,237,43,1,1,1,1
741,299400000,2377,1074,133,38,1,1,1,1
741,426500000,477,1084,367,68,1,1,1,1
741,371400000,2437,1069,61,24,1,1,1,1
741,785000000,0,1103,132,41,1,1,1,1
742,483300000,295,1089,237,43,1,1,1,1
742,299400000,2381,1074,133,38,1,1,1,1
742,426500000,488,1084,366,68,1,1,1,1
742,371400000,2434,1069,61,24,1,1,1,1
742,785000000,0,1103,150,42,1,1,1,1
743,483300000,283,1089,238,43,1,1,1,1
743,299400000,2385,1074,133,38,1,1,1,1
743,426500000,499,1084,365,68,1,1,1,1
743,371400000,2432,1069,61,24,1,1,1,1
743,785000000,0,1103,168,42,1,1,1,1
744,483300000,271,1089,239,43,1,1,1,1
744,299400000,2388,1074,132,37,1,1,1,1
744,426500000,510,1084,364,68,1,1,1,1
744,371400000,2430,1069,61,24,1,1,1,1
744,785000000,0,1103,186,42,1,1,1,1
745,483300000,258,1090,241,42,1,1,1,1
745,299400000,2392,1074,132,37,1,1,1,1
745,426500000,520,1084,363,68,1,1,1,1
745,371400000,2428,1070,62,24,1,1,1,1
745,785000000,0,1103,202,42,1,1,1,1
746,483300000,245,1090,242,42,1,1,1,1
746,299400000,2396,1074,132,37,1,1,1,1
746,426500000,530,1084,361,68,1,1,1,1
746,371400000,2425,1070,62,24,1,1,1,1
746,785000000,0,1103,218,43,1,1,1,1
747,483300000,232,1091,244,41,1,1,1,1
747,299400000,2400,1074,132,37,1,1,1,1
747,426500000,540,1084,360,68,1,1,1,1
747,371400000,2423,1070,62,24,1,1,1,1
747,785000000,0,1103,234,43,1,1,1,1
748,483300000,219,1091,245,41,1,1,1,1
748,299400000,2404,1075,132,37,1,1,1,1
748,426500000,550,1084,358,67,1,1,1,1
748,371400000,2421,1070,62,24,1,1,1,1
748,785000000,0,1103,250,43,1,1,1,1
749,483300000,206,1092,247,40,1,1,1,1
749,299400000,2408,1075,132,37,1,1,1,1
749,426500000,560,1084,357,67,1,1,1,1
749,371400000,2418,1070,62,24,1,1,1,1
749,785000000,0,1103,266,43,1,1,1,1
750,483300000,193,1091,248,40,1,1,1,1
750,299400000,2412,1075,131,36,1,1,1,1
750,426500000,571,1085,355,67,1,1,1,1
750,371400000,2416,1070,62,24,1,1,1,1
750,785000000,0,1103,283,44,1,1,1,1
751,483300000,180,1091,249,40,1,1,1,1
751,299400000,2416,1075,131,36,1,1,1,1
751,426500000,581,1085,354,67,1,1,1,1
751,371400000,2414,1070,63,24,1,1,1,1
751,785000000,0,1102,299,44,1,1,1,1
752,483300000,166,1090,249,40,1,1,1,1
752,299400000,2420,1075,131,36,1,1,1,1
752,426500000,591,1085,352,67,1,1,1,1
752,371400000,2411,1070,63,24,1,1,1,1
752,785000000,0,1102,315,44,1,1,1,1
753,483300000,153,1090,250,40,1,1,1,1
753,299400000,2424,1077,131,34,1,1,1,1
753,426500000,601,1085,351,67,1,1,1,1
753,371400000,2409,1070,63,23,1,1,1,1
753,785000000,0,1102,331,44,1,1,1,1
754,483300000,140,1089,251,40,1,1,1,1
754,299400000,2429,1075,128,36,1,1,1,1
754,426500000,611,1085,349,67,1,1,1,1
754,371400000,2407,1070,63,23,1,1,1,1
754,785000000,0,1102,347,45,1,1,1,1
755,483300000,127,1088,252,39,1,1,1,1
755,299400000,2433,1073,125,37,1,1,1,1
755,426500000,621,1085,348,66,1,1,1,1
755,371400000,2405,1071,63,23,1,1,1,1
755,785000000,0,1102,363,45,1,1,1,1
756,483300000,114,1088,253,39,1,1,1,1
756,299400000,2438,1071,122,39,1,1,1,1
756,426500000,631,1085,346,66,1,1,1,1
756,371400000,2402,1071,63,23,1,1,1,1
756,785000000,0,1102,379,45,1,1,1,1
757,483300000,100,1087,253,39,1,1,1,1
757,299400000,2442,1071,118,39,1,1,1,1
757,426500000,641,1085,345,66,1,1,1,1
757,371400000,2400,1071,64,23,1,1,1,1
757,785000000,0,1091,396,57,1,1,1,1
758,483300000,87,1087,254,39,1,1,1,1
758,299400000,2446,1071,114,39,1,1,1,1
758,426500000,651,1085,343,66,1,1,1,1
758,371400000,2398,1071,64,23,1,1,1,1
758,785000000,0,1079,412,68,1,1,1,1
759,483300000,74,1086,255,39,1,1,1,1
759,299400000,2450,1071,110,38,1,1,1,1
759,426500000,661,1085,342,66,1,1,1,1
759,371400000,2395,1071,64,23,1,1,1,1
759,785000000,0,1077,428,70,1,1,1,1
760,483300000,60,1086,256,40,1,1,1,1
760,299400000,2454,1071,106,38,1,1,1,1
760,426500000,671,1085,340,66,1,1,1,1
760,371400000,2393,1071,64,23,1,1,1,1
760,785000000,0,1079,444,68,1,1,1,1
761,483300000,47,1086,257,41,1,1,1,1
761,299400000,2457,1071,103,38,1,1,1,1
761,426500000,682,1086,339,66,1,1,1,1
761,371400000,2390,1071,64,23,1,1,1,1
761,785000000,0,1081,460,66,1,1,1,1
762,483300000,33,1085,257,43,1,1,1,1
762,299400000,2461,1071,99,38,1,1,1,1
762,426500000,692,1086,338,65,1,1,1,1
762,371400000,2388,1071,64,23,1,1,1,1
762,785000000,7,1087,475,60,1,1,1,1
763,483300000,20,1085,258,44,1,1,1,1
763,299400000,2464,1070,96,38,1,1,1,1
763,426500000,702,1086,336,65,1,1,1,1
763,371400000,2385,1071,64,23,1,1,1,1
763,785000000,24,1086,473,61,1,1,1,1
764,483300000,6,1085,259,45,1,1,1,1
764,299400000,2468,1070,92,38,1,1,1,1
764,426500000,712,1086,335,65,1,1,1,1
764,371400000,2383,1071,65,23,1,1,1,1
764,785000000,41,1086,471,62,1,1,1,1
765,483300000,1,1086,251,44,1,1,1,1
765,299400000,2471,1070,89,38,1,1,1,1
765,426500000,722,1086,333,65,1,1,1,1
765,371400000,2380,1071,65,23,1,1,1,1
765,785000000,58,1085,468,63,1,1,1,1
766,483300000,0,1087,239,43,1,1,1,1
766,299400000,2475,1070,85,39,1,1,1,1
766,426500000,732,1086,332,65,1,1,1,1
766,371400000,2378,1071,65,23,1,1,1,1
766,785000000,75,1084,466,64,1,1,1,1
767,483300000,0,1088,226,41,1,1,1,1
767,299400000,2478,1070,82,39,1,1,1,1
767,426500000,742,1086,330,65,1,1,1,1
767,371400000,2375,1071,65,23,1,1,1,1
767,785000000,92,1084,464,65,1,1,1,1
768,483300000,0,1089,212,40,1,1,1,1
768,299400000,2482,1070,78,39,1,1,1,1
768,426500000,752,1086,329,64,1,1,1,1
768,371400000,2372,1072,65,23,1,1,1,1
768,785000000,109,1083,462,66,1,1,1,1
769,483300000,0,1090,199,39,1,1,1,1
769,299400000,2485,1069,75,39,1,1,1,1
769,426500000,762,1086,327,64,1,1,1,1
769,371400000,2370,1072,65,23,1,1,1,1
769,785000000,127,1082,459,66,1,1,1,1
770,483300000,0,1091,185,37,1,1,1,1
770,299400000,2489,1069,71,39,1,1,1,1
770,426500000,772,1086,326,64,1,1,1,1
770,371400000,2367,1072,65,24,1,1,1,1
770,785000000,144,1081,457,67,1,1,1,1
771,483300000,0,1092,172,36,1,1,1,1
771,299400000,2492,1069,68,39,1,1,1,1
771,426500000,782,1086,324,64,1,1,1,1
771,371400000,2365,1072,65,24,1,1,1,1
771,785000000,161,1081,455,68,1,1,1,1
772,483300000,0,1093,158,35,1,1,1,1
772,299400000,2496,1069,64,39,1,1,1,1
772,426500000,792,1086,323,64,1,1,1,1
772,371400000,2362,1072,66,24,1,1,1,1
772,785000000,178,1080,453,69,1,1,1,1
773,483300000,0,1092,145,35,1,1,1,1
773,299400000,2500,1069,60,39,1,1,1,1
773,426500000,803,1087,321,64,1,1,1,1
773,371400000,2359,1072,66,24,1,1,1,1
773,785000000,195,1079,450,70,1,1,1,1
774,483300000,0,1091,132,36,1,1,1,1
774,299400000,2504,1070,56,39,1,1,1,1
774,426500000,813,1087,320,64,1,1,1,1
774,371400000,2357,1072,66,24,1,1,1,1
774,785000000,212,1079,448,71,1,1,1,1
775,483300000,0,1091,118,36,1,1,1,1
775,299400000,2508,1070,52,38,1,1,1,1
775,426500000,823,1087,318,63,1,1,1,1
775,371400000,2354,1072,66,24,1,1,1,1
775,785000000,229,1078,446,72,1,1,1,1
776,483300000,0,1090,105,37,1,1,1,1
776,299400000,2512,1070,48,38,1,1,1,1
776,426500000,833,1087,317,63,1,1,1,1
776,371400000,2352,1072,66,24,1,1,1,1
776,785000000,245,1078,443,72,1,1,1,1
777,483300000,0,1089,92,37,1,1,1,1
777,299400000,2516,1070,44,38,1,1,1,1
777,426500000,843,1087,315,63,1,1,1,1
777,371400000,2349,1072,66,24,1,1,1,1
777,785000000,261,1079,441,71,1,1,1,1
778,483300000,0,1089,79,37,1,1,1,1
778,299400000,2520,1070,40,37,1,1,1,1
778,426500000,853,1087,314,63,1,1,1,1
778,371400000,2347,1072,66,24,1,1,1,1
778,785000000,277,1079,438,71,1,1,1,1
779,483300000,0,1090,65,37,1,1,1,1
779,299400000,2524,1071,36,37,1,1,1,1
779,426500000,862,1087,313,63,1,1,1,1
779,371400000,2344,1072,67,24,1,1,1,1
779,785000000,292,1079,435,70,1,1,1,1
780,483300000,0,1090,52,37,1,1,1,1
780,299400000,2528,1071,32,36,1,1,1,1
780,426500000,871,1087,311,63,1,1,1,1
780,371400000,2341,1072,67,24,1,1,1,1
780,785000000,308,1079,432,70,1,1,1,1
781,483300000,0,1091,38,36,1,1,1,1
781,299400000,2532,1071,28,35,1,1,1,1
781,426500000,880,1087,310,63,1,1,1,1
781,371400000,2339,1072,67,24,1,1,1,1
781,785000000,324,1080,430,69,1,1,1,1
782,483300000,0,1091,23,34,1,1,1,1
782,299400000,2536,1072,24,35,1,1,1,1
782,426500000,889,1087,309,63,1,1,1,1
782,371400000,2336,1072,67,24,1,1,1,1
782,785000000,340,1080,427,69,1,1,1,1
783,299400000,2540,1072,20,34,1,1,1,1
783,426500000,898,1087,307,63,1,1,1,1
783,371400000,2334,1073,67,24,1,1,1,1
783,785000000,356,1080,424,69,1,1,1,1
784,299400000,2543,1079,18,27,1,1,1,1
784,426500000,908,1087,306,62,1,1,1,1
784,371400000,2331,1073,67,24,1,1,1,1
784,785000000,372,1081,422,68,1,1,1,1
785,299400000,2546,1086,15,20,1,1,1,1
785,426500000,917,1087,305,62,1,1,1,1
785,371400000,2328,1073,67,24,1,1,1,1
785,785000000,388,1081,419,68,1,1,1,1
786,426500000,926,1087,303,62,1,1,1,1
786,371400000,2326,1073,67,24,1,1,1,1
786,785000000,403,1081,416,67,1,1,1,1
787,426500000,935,1087,302,62,1,1,1,1
787,371400000,2323,1073,68,24,1,1,1,1
787,785000000,419,1081,413,67,1,1,1,1
788,426500000,944,1087,301,62,1,1,1,1
788,371400000,2321,1073,68,24,1,1,1,1
788,785000000,435,1082,411,66,1,1,1,1
789,426500000,953,1086,299,62,1,1,1,1
789,371400000,2318,1073,68,24,1,1,1,1
789,785000000,451,1082,408,66,1,1,1,1
790,426500000,962,1086,298,62,1,1,1,1
790,371400000,2316,1073,68,25,1,1,1,1
790,785000000,466,1082,407,66,1,1,1,1
791,426500000,971,1086,297,62,1,1,1,1
791,371400000,2313,1073,68,25,1,1,1,1
791,785000000,480,1083,405,65,1,1,1,1
792,426500000,980,1086,295,62,1,1,1,1
792,371400000,2310,1073,68,25,1,1,1,1
792,785000000,495,1083,404,65,1,1,1,1
793,426500000,989,1086,294,62,1,1,1,1
793,371400000,2308,1073,68,25,1,1,1,1
793,785000000,510,1084,402,65,1,1,1,1
794,426500000,999,1086,293,61,1,1,1,1
794,371400000,2305,1073,69,25,1,1,1,1
794,785000000,524,1084,401,64,1,1,1,1
795,426500000,1008,1086,291,61,1,1,1,1
795,371400000,2303,1073,69,25,1,1,1,1
795,785000000,539,1084,399,64,1,1,1,1
796,426500000,1017,1086,290,61,1,1,1,1
796,371400000,2300,1073,69,25,1,1,1,1
796,785000000,553,1085,398,63,1,1,1,1
797,426500000,1026,1086,289,61,1,1,1,1
797,371400000,2297,1073,69,25,1,1,1,1
797,785000000,568,1085,396,63,1,1,1,1
798,426500000,1035,1086,287,61,1,1,1,1
798,371400000,2295,1074,69,25,1,1,1,1
798,785000000,582,1085,394,63,1,1,1,1
799,426500000,1044,1086,286,61,1,1,1,1
799,371400000,2292,1074,69,25,1,1,1,1
799,785000000,597,1086,393,62,1,1,1,1
800,426500000,1052,1086,285,61,1,1,1,1
800,371400000,2290,1074,69,25,1,1,1,1
800,785000000,611,1086,391,62,1,1,1,1
801,426500000,1059,1086,284,61,1,1,1,1
801,371400000,2287,1074,69,25,1,1,1,1
801,785000000,626,1086,389,62,1,1,1,1
802,426500000,1067,1086,283,61,1,1,1,1
802,371400000,2285,1074,70,25,1,1,1,1
802,785000000,640,1086,388,61,1,1,1,1
803,426500000,1075,1086,282,61,1,1,1,1
803,371400000,2282,1074,70,25,1,1,1,1
803,785000000,655,1087,386,61,1,1,1,1
804,426500000,1082,1085,281,61,1,1,1,1
804,371400000,2279,1074,70,25,1,1,1,1
804,785000000,669,1087,385,60,1,1,1,1
805,426500000,1090,1085,280,61,1,1,1,1
805,371400000,2277,1074,70,25,1,1,1,1
805,785000000,684,1087,383,60,1,1,1,1
806,426500000,1098,1085,280,61,1,1,1,1
806,371400000,2274,1074,70,25,1,1,1,1
806,785000000,698,1087,381,60,1,1,1,1
807,426500000,1105,1085,279,61,1,1,1,1
807,371400000,2272,1074,70,25,1,1,1,1
807,785000000,713,1088,380,59,1,1,1,1
808,426500000,1113,1085,278,61,1,1,1,1
808,371400000,2269,1074,70,25,1,1,1,1
808,785000000,727,1088,378,59,1,1,1,1
809,426500000,1121,1085,277,61,1,1,1,1
809,371400000,2266,1074,71,25,1,1,1,1
809,785000000,741,1088,375,59,1,1,1,1
810,426500000,1128,1085,276,61,1,1,1,1
810,371400000,2264,1074,71,26,1,1,1,1
810,785000000,755,1088,372,58,1,1,1,1
811,426500000,1136,1085,275,61,1,1,1,1
811,371400000,2261,1074,71,26,1,1,1,1
811,785000000,768,1089,368,58,1,1,1,1
812,426500000,1144,1085,274,61,1,1,1,1
812,371400000,2259,1074,71,26,1,1,1,1
812,785000000,782,1089,365,57,1,1,1,1
813,426500000,1151,1084,273,61,1,1,1,1
813,371400000,2256,1075,71,26,1,1,1,1
813,785000000,796,1089,362,57,1,1,1,1
814,426500000,1159,1084,272,61,1,1,1,1
814,371400000,2254,1075,71,26,1,1,1,1
814,785000000,808,1089,359,57,1,1,1,1
815,426500000,1167,1084,271,61,1,1,1,1
815,371400000,2251,1075,71,26,1,1,1,1
815,785000000,821,1089,357,57,1,1,1,1
816,426500000,1174,1084,270,61,1,1,1,1
816,371400000,2248,1075,71,26,1,1,1,1
816,785000000,833,1089,354,57,1,1,1,1
817,426500000,1182,1084,269,61,1,1,1,1
817,371400000,2246,1075,72,26,1,1,1,1
817,785000000,845,1089,352,56,1,1,1,1
818,426500000,1190,1084,268,61,1,1,1,1
818,371400000,2243,1075,72,26,1,1,1,1
818,785000000,858,1089,349,56,1,1,1,1
819,426500000,1197,1084,267,61,1,1,1,1
819,371400000,2241,1075,72,26,1,1,1,1
819,785000000,870,1089,346,56,1,1,1,1
820,426500000,1205,1084,267,61,1,1,1,1
820,371400000,2238,1075,72,26,1,1,1,1
820,785000000,882,1089,344,56,1,1,1,1
821,426500000,1213,1084,266,61,1,1,1,1
821,371400000,2235,1075,72,26,1,1,1,1
821,785000000,895,1088,341,56,1,1,1,1
822,426500000,1220,1083,265,61,1,1,1,1
822,371400000,2232,1075,73,26,1,1,1,1
822,785000000,907,1088,339,56,1,1,1,1
823,426500000,1228,1083,264,61,1,1,1,1
823,371400000,2229,1075,73,26,1,1,1,1
823,785000000,919,1088,336,56,1,1,1,1
824,426500000,1236,1083,263,61,1,1,1,1
824,371400000,2226,1075,74,26,1,1,1,1
824,785000000,932,1088,334,55,1,1,1,1
825,426500000,1243,1083,262,61,1,1,1,1
825,371400000,2223,1075,74,26,1,1,1,1
825,785000000,944,1088,331,55,1,1,1,1
826,426500000,1251,1083,261,61,1,1,1,1
826,371400000,2219,1075,75,27,1,1,1,1
826,785000000,956,1088,328,55,1,1,1,1
827,426500000,1257,1083,260,61,1,1,1,1
827,371400000,2216,1075,75,27,1,1,1,1
827,785000000,969,1088,326,55,1,1,1,1
828,426500000,1264,1083,259,61,1,1,1,1
828,371400000,2213,1075,75,27,1,1,1,1
828,785000000,981,1088,323,55,1,1,1,1
829,426500000,1270,1083,258,61,1,1,1,1
829,371400000,2210,1075,76,27,1,1,1,1
829,785000000,994,1088,321,55,1,1,1,1
830,426500000,1276,1083,257,60,1,1,1,1
830,371400000,2207,1075,76,27,1,1,1,1
830,785000000,1006,1088,318,55,1,1,1,1
831,426500000,1282,1083,256,60,1,1,1,1
831,371400000,2204,1075,77,27,1,1,1,1
831,785000000,1018,1088,315,55,1,1,1,1
832,426500000,1289,1083,255,60,1,1,1,1
832,371400000,2201,1075,77,27,1,1,1,1
832,785000000,1031,1088,313,54,1,1,1,1
833,426500000,1295,1084,254,60,1,1,1,1
833,371400000,2198,1075,78,27,1,1,1,1
833,785000000,1043,1088,310,54,1,1,1,1
834,426500000,1301,1084,253,60,1,1,1,1
834,371400000,2195,1075,78,27,1,1,1,1
834,785000000,1055,1088,308,54,1,1,1,1
835,426500000,1308,1084,252,60,1,1,1,1
835,371400000,2192,1075,78,27,1,1,1,1
835,785000000,1068,1087,305,54,1,1,1,1
836,426500000,1314,1084,251,60,1,1,1,1
836,371400000,2189,1075,79,27,1,1,1,1
836,785000000,1080,1087,303,54,1,1,1,1
837,426500000,1320,1084,250,59,1,1,1,1
837,371400000,2185,1076,79,28,1,1,1,1
837,785000000,1092,1087,300,54,1,1,1,1
838,426500000,1326,1084,249,59,1,1,1,1
838,371400000,2182,1076,80,28,1,1,1,1
838,785000000,1105,1087,297,54,1,1,1,1
839,426500000,1333,1084,248,59,1,1,1,1
839,371400000,2179,1076,80,28,1,1,1,1
839,785000000,1117,1087,295,53,1,1,1,1
840,426500000,1339,1084,247,59,1,1,1,1
840,371400000,2176,1076,80,28,1,1,1,1
840,785000000,1129,1087,292,53,1,1,1,1
841,426500000,1345,1084,246,59,1,1,1,1
841,371400000,2173,1076,81,28,1,1,1,1
841,785000000,1142,1087,290,53,1,1,1,1
842,426500000,1352,1084,245,59,1,1,1,1
842,371400000,2170,1076,81,28,1,1,1,1
842,785000000,1154,1087,287,53,1,1,1,1
843,426500000,1358,1084,244,59,1,1,1,1
843,371400000,2167,1076,82,28,1,1,1,1
843,785000000,1165,1087,286,53,1,1,1,1
844,426500000,1364,1084,243,58,1,1,1,1
844,371400000,2164,1076,82,28,1,1,1,1
844,785000000,1176,1087,284,53,1,1,1,1
845,426500000,1370,1084,242,58,1,1,1,1
845,371400000,2161,1076,83,28,1,1,1,1
845,785000000,1187,1087,283,53,1,1,1,1
846,426500000,1377,1084,241,58,1,1,1,1
846,371400000,2158,1076,83,28,1,1,1,1
846,785000000,1198,1087,281,53,1,1,1,1
847,426500000,1383,1085,240,58,1,1,1,1
847,371400000,2155,1076,83,28,1,1,1,1
847,785000000,1209,1087,280,53,1,1,1,1
848,426500000,1389,1085,239,58,1,1,1,1
848,371400000,2151,1076,84,29,1,1,1,1
848,785000000,1220,1087,278,53,1,1,1,1
849,426500000,1396,1085,238,58,1,1,1,1
849,371400000,2148,1076,84,29,1,1,1,1
849,785000000,1230,1086,277,52,1,1,1,1
850,426500000,1402,1085,237,58,1,1,1,1
850,371400000,2145,1076,85,29,1,1,1,1
850,785000000,1241,1086,275,52,1,1,1,1
851,426500000,1408,1085,236,57,1,1,1,1
851,371400000,2142,1076,85,29,1,1,1,1
851,785000000,1252,1086,274,52,1,1,1,1
852,426500000,1414,1085,235,57,1,1,1,1
852,371400000,2139,1076,86,29,1,1,1,1
852,785000000,1263,1086,272,52,1,1,1,1
853,426500000,1421,1085,234,57,1,1,1,1
853,371400000,2136,1076,86,29,1,1,1,1
853,785000000,1274,1086,271,52,1,1,1,1
854,426500000,1427,1085,233,57,1,1,1,1
854,371400000,2133,1076,86,29,1,1,1,1
854,785000000,1285,1086,269,52,1,1,1,1
855,426500000,1432,1085,232,57,1,1,1,1
855,371400000,2129,1076,87,29,1,1,1,1
855,785000000,1295,1086,267,52,1,1,1,1
856,426500000,1437,1085,231,57,1,1,1,1
856,371400000,2126,1076,87,29,1,1,1,1
856,785000000,1304,1086,266,52,1,1,1,1
857,426500000,1443,1085,230,56,1,1,1,1
857,371400000,2122,1077,87,29,1,1,1,1
857,785000000,1314,1086,264,52,1,1,1,1
858,426500000,1448,1085,229,56,1,1,1,1
858,371400000,2119,1077,87,29,1,1,1,1
858,785000000,1323,1086,262,51,1,1,1,1
859,426500000,1453,1085,228,56,1,1,1,1
859,371400000,2115,1077,88,29,1,1,1,1
859,785000000,1333,1086,261,51,1,1,1,1
860,426500000,1458,1085,227,56,1,1,1,1
860,371400000,2112,1077,88,29,1,1,1,1
860,785000000,1343,1086,259,51,1,1,1,1
861,426500000,1463,1085,226,55,1,1,1,1
861,371400000,2108,1077,88,29,1,1,1,1
861,785000000,1352,1085,257,51,1,1,1,1
862,426500000,1468,1085,225,55,1,1,1,1
862,371400000,2105,1077,89,29,1,1,1,1
862,785000000,1362,1085,255,51,1,1,1,1
863,426500000,1474,1085,224,55,1,1,1,1
863,371400000,2101,1077,89,29,1,1,1,1
863,785000000,1372,1085,254,51,1,1,1,1
864,426500000,1479,1085,223,55,1,1,1,1
864,371400000,2098,1077,89,29,1,1,1,1
864,785000000,1381,1085,252,50,1,1,1,1
865,426500000,1484,1086,222,55,1,1,1,1
865,371400000,2094,1078,89,29,1,1,1,1
865,785000000,1391,1085,250,50,1,1,1,1
866,426500000,1489,1086,220,54,1,1,1,1
866,371400000,2091,1078,90,29,1,1,1,1
866,785000000,1400,1085,249,50,1,1,1,1
867,426500000,1494,1086,219,54,1,1,1,1
867,371400000,2087,1078,90,29,1,1,1,1
867,785000000,1410,1085,247,50,1,1,1,1
868,426500000,1500,1086,218,54,1,1,1,1
868,371400000,2084,1078,90,29,1,1,1,1
868,785000000,1419,1085,247,50,1,1,1,1
869,426500000,1505,1086,217,54,1,1,1,1
869,371400000,2080,1078,91,29,1,1,1,1
869,785000000,1429,1085,247,50,1,1,1,1
870,426500000,1510,1086,216,53,1,1,1,1
870,371400000,2077,1078,91,29,1,1,1,1
870,785000000,1438,1085,247,50,1,1,1,1
871,426500000,1515,1086,215,53,1,1,1,1
871,371400000,2073,1078,91,29,1,1,1,1
871,785000000,1447,1085,247,50,1,1,1,1
872,426500000,1520,1086,214,53,1,1,1,1
872,371400000,2070,1078,91,29,1,1,1,1
872,785000000,1457,1084,247,49,1,1,1,1
873,426500000,1525,1086,213,53,1,1,1,1
873,371400000,2066,1079,92,29,1,1,1,1
873,785000000,1466,1084,247,49,1,1,1,1
874,426500000,1531,1086,212,52,1,1,1,1
874,371400000,2063,1079,92,29,1,1,1,1
874,785000000,1475,1084,247,49,1,1,1,1
875,426500000,1536,1086,211,52,1,1,1,1
875,371400000,2059,1079,92,29,1,1,1,1
875,785000000,1485,1084,247,49,1,1,1,1
876,426500000,1541,1086,210,52,1,1,1,1
876,371400000,2056,1079,93,29,1,1,1,1
876,785000000,1494,1084,247,49,1,1,1,1
877,426500000,1546,1086,209,52,1,1,1,1
877,371400000,2052,1079,93,28,1,1,1,1
877,785000000,1502,1084,247,49,1,1,1,1
878,426500000,1551,1086,209,52,1,1,1,1
878,371400000,2049,1079,93,28,1,1,1,1
878,785000000,1511,1084,246,49,1,1,1,1
879,426500000,1555,1086,208,52,1,1,1,1
879,371400000,2045,1079,93,28,1,1,1,1
879,785000000,1519,1084,246,49,1,1,1,1
880,426500000,1560,1086,208,51,1,1,1,1
880,371400000,2042,1080,94,28,1,1,1,1
880,785000000,1528,1084,245,49,1,1,1,1
881,426500000,1565,1086,207,51,1,1,1,1
881,371400000,2038,1080,94,28,1,1,1,1
881,785000000,1536,1083,245,48,1,1,1,1
882,426500000,1570,1086,206,51,1,1,1,1
882,371400000,2035,1080,94,28,1,1,1,1
882,785000000,1545,1083,244,48,1,1,1,1
883,426500000,1575,1086,206,51,1,1,1,1
883,371400000,2031,1080,94,28,1,1,1,1
883,785000000,1553,1083,244,48,1,1,1,1
884,426500000,1579,1086,205,51,1,1,1,1
884,371400000,2028,1080,95,28,1,1,1,1
884,785000000,1562,1083,243,48,1,1,1,1
885,426500000,1584,1085,204,51,1,1,1,1
885,371400000,2024,1080,95,28,1,1,1,1
885,785000000,1570,1083,243,48,1,1,1,1
886,426500000,1589,1085,204,51,1,1,1,1
886,371400000,2021,1080,95,28,1,1,1,1
886,785000000,1578,1083,242,48,1,1,1,1
887,426500000,1594,1085,203,50,1,1,1,1
887,371400000,2017,1080,96,28,1,1,1,1
887,785000000,1585,1084,242,48,1,1,1,1
888,426500000,1599,1085,203,50,1,1,1,1
888,371400000,2014,1081,96,28,1,1,1,1
888,785000000,1593,1084,241,48,1,1,1,1
889,426500000,1603,1085,202,50,1,1,1,1
889,371400000,2010,1081,96,28,1,1,1,1
889,785000000,1601,1084,241,48,1,1,1,1
890,426500000,1608,1085,201,50,1,1,1,1
890,371400000,2007,1081,96,28,1,1,1,1
890,785000000,1608,1084,241,48,1,1,1,1
891,426500000,1613,1085,201,50,1,1,1,1
891,371400000,2003,1081,97,28,1,1,1,1
891,785000000,1616,1084,241,48,1,1,1,1
892,426500000,1618,1085,200,50,1,1,1,1
892,371400000,2000,1081,97,28,1,1,1,1
892,785000000,1624,1084,240,48,1,1,1,1
893,426500000,1623,1085,200,50,1,1,1,1
893,371400000,1996,1081,97,28,1,1,1,1
893,785000000,1632,1084,239,48,1,1,1,1
894,426500000,1627,1085,199,49,1,1,1,1
894,371400000,1993,1081,98,28,1,1,1,1
894,785000000,1640,1084,239,48,1,1,1,1
895,426500000,1632,1085,198,49,1,1,1,1
895,371400000,1989,1081,98,28,1,1,1,1
895,785000000,1647,1083,238,47,1,1,1,1
896,426500000,1637,1085,198,49,1,1,1,1
896,371400000,1986,1082,98,28,1,1,1,1
896,785000000,1655,1083,237,47,1,1,1,1
897,426500000,1642,1085,197,49,1,1,1,1
897,371400000,1982,1082,98,28,1,1,1,1
897,785000000,1663,1083,236,47,1,1,1,1
898,426500000,1646,1085,196,49,1,1,1,1
898,371400000,1979,1082,99,28,1,1,1,1
898,785000000,1671,1083,235,47,1,1,1,1
899,426500000,1651,1085,196,49,1,1,1,1
899,371400000,1975,1082,99,28,1,1,1,1
899,785000000,1679,1083,234,47,1,1,1,1
900,426500000,1656,1085,195,48,1,1,1,1
900,371400000,1971,1082,99,28,1,1,1,1
900,785000000,1686,1083,233,47,1,1,1,1
901,426500000,1661,1085,195,48,1,1,1,1
901,371400000,1967,1082,99,28,1,1,1,1
901,785000000,1694,1083,232,46,1,1,1,1
902,426500000,1666,1084,194,48,1,1,1,1
902,371400000,1963,1082,99,28,1,1,1,1
902,785000000,1702,1083,231,46,1,1,1,1
903,426500000,1670,1084,193,48,1,1,1,1
903,371400000,1960,1082,100,28,1,1,1,1
903,785000000,1710,1083,231,46,1,1,1,1
904,426500000,1675,1084,193,48,1,1,1,1
904,371400000,1956,1082,100,28,1,1,1,1
904,785000000,1717,1082,230,46,1,1,1,1
905,426500000,1680,1084,192,48,1,1,1,1
905,371400000,1952,1082,100,28,1,1,1,1
905,785000000,1725,1082,229,46,1,1,1,1
906,426500000,1685,1084,191,48,1,1,1,1
906,371400000,1948,1082,100,28,1,1,1,1
906,785000000,1733,1082,228,46,1,1,1,1
907,426500000,1690,1084,191,47,1,1,1,1
907,371400000,1944,1082,100,28,1,1,1,1
907,785000000,1741,1082,227,45,1,1,1,1
908,426500000,1694,1084,190,47,1,1,1,1
908,371400000,1940,1082,100,28,1,1,1,1
908,785000000,1748,1082,226,45,1,1,1,1
909,426500000,1699,1084,190,47,1,1,1,1
909,371400000,1935,1082,101,28,1,1,1,1
909,785000000,1756,1082,225,45,1,1,1,1
910,426500000,1704,1084,189,47,1,1,1,1
910,371400000,1931,1082,101,28,1,1,1,1
910,785000000,1764,1082,225,45,1,1,1,1
911,426500000,1709,1084,189,47,1,1,1,1
911,371400000,1927,1082,102,28,1,1,1,1
911,785000000,1771,1082,225,45,1,1,1,1
912,426500000,1714,1084,188,47,1,1,1,1
912,371400000,1922,1082,102,28,1,1,1,1
912,785000000,1779,1082,224,45,1,1,1,1
913,426500000,1718,1084,188,47,1,1,1,1
913,371400000,1918,1083,103,28,1,1,1,1
913,785000000,1786,1082,224,44,1,1,1,1
914,426500000,1723,1084,188,47,1,1,1,1
914,371400000,1913,1083,103,28,1,1,1,1
914,785000000,1794,1082,224,44,1,1,1,1
915,426500000,1728,1084,187,47,1,1,1,1
915,371400000,1909,1083,104,28,1,1,1,1
915,785000000,1802,1082,224,44,1,1,1,1
916,426500000,1733,1083,187,47,1,1,1,1
916,371400000,1905,1083,104,28,1,1,1,1
916,785000000,1809,1081,223,44,1,1,1,1
917,426500000,1738,1083,187,47,1,1,1,1
917,371400000,1900,1083,104,28,1,1,1,1
917,785000000,1817,1081,223,44,1,1,1,1
918,426500000,1742,1083,186,47,1,1,1,1
918,371400000,1896,1083,105,28,1,1,1,1
918,785000000,1825,1081,223,44,1,1,1,1
919,426500000,1747,1083,186,47,1,1,1,1
919,371400000,1892,1083,105,28,1,1,1,1
919,785000000,1832,1081,223,43,1,1,1,1
920,426500000,1752,1083,186,47,1,1,1,1
920,371400000,1887,1083,106,28,1,1,1,1
920,785000000,1840,1081,222,43,1,1,1,1
921,426500000,1757,1083,185,46,1,1,1,1
921,371400000,1883,1083,106,28,1,1,1,1
921,785000000,1847,1081,222,43,1,1,1,1
922,426500000,1761,1083,185,46,1,1,1,1
922,371400000,1879,1083,107,28,1,1,1,1
922,785000000,1855,1081,222,43,1,1,1,1
923,426500000,1766,1083,185,46,1,1,1,1
923,371400000,1874,1084,107,28,1,1,1,1
923,785000000,1861,1081,222,43,1,1,1,1
924,426500000,1771,1083,184,46,1,1,1,1
924,371400000,1870,1084,107,28,1,1,1,1
924,785000000,1867,1081,221,43,1,1,1,1
925,426500000,1776,1083,184,46,1,1,1,1
925,371400000,1865,1084,108,28,1,1,1,1
925,785000000,1873,1081,221,43,1,1,1,1
926,426500000,1781,1083,184,46,1,1,1,1
926,371400000,1861,1084,108,28,1,1,1,1
926,785000000,1879,1081,221,42,1,1,1,1
927,426500000,1785,1082,183,46,1,1,1,1
927,371400000,1857,1084,109,28,1,1,1,1
927,785000000,1885,1081,220,42,1,1,1,1
928,426500000,1790,1082,183,46,1,1,1,1
928,371400000,1852,1084,109,29,1,1,1,1
928,785000000,1891,1081,220,42,1,1,1,1
929,426500000,1795,1082,183,46,1,1,1,1
929,371400000,1848,1084,110,29,1,1,1,1
929,785000000,1900,1081,218,42,1,1,1,1
930,426500000,1800,1082,182,46,1,1,1,1
930,371400000,1844,1084,110,29,1,1,1,1
930,785000000,1909,1081,215,42,1,1,1,1
931,426500000,1805,1082,182,46,1,1,1,1
931,371400000,1839,1084,111,29,1,1,1,1
931,785000000,1917,1081,213,41,1,1,1,1
932,426500000,1809,1082,182,46,1,1,1,1
932,371400000,1835,1084,111,29,1,1,1,1
932,785000000,1926,1081,210,41,1,1,1,1
933,426500000,1814,1082,182,46,1,1,1,1
933,371400000,1830,1085,111,29,1,1,1,1
933,785000000,1935,1081,208,41,1,1,1,1
934,426500000,1819,1082,181,46,1,1,1,1
934,371400000,1826,1085,112,29,1,1,1,1
934,785000000,1942,1081,207,41,1,1,1,1
935,426500000,1824,1082,181,46,1,1,1,1
935,371400000,1822,1085,112,29,1,1,1,1
935,785000000,1950,1081,206,41,1,1,1,1
936,426500000,1829,1082,181,46,1,1,1,1
936,371400000,1817,1085,113,29,1,1,1,1
936,785000000,1957,1081,205,41,1,1,1,1
937,426500000,1833,1081,180,46,1,1,1,1
937,371400000,1813,1085,113,29,1,1,1,1
937,785000000,1965,1080,204,40,1,1,1,1
938,426500000,1838,1081,180,46,1,1,1,1
938,371400000,1809,1085,114,29,1,1,1,1
938,785000000,1972,1080,203,40,1,1,1,1
939,426500000,1843,1081,180,46,1,1,1,1
939,371400000,1804,1085,114,29,1,1,1,1
939,785000000,1980,1080,202,40,1,1,1,1
940,426500000,1848,1081,179,46,1,1,1,1
940,371400000,1800,1085,114,29,1,1,1,1
940,785000000,1987,1080,201,40,1,1,1,1
941,426500000,1853,1081,179,46,1,1,1,1
941,371400000,1796,1085,115,29,1,1,1,1
941,785000000,1994,1080,200,40,1,1,1,1
942,426500000,1857,1081,179,46,1,1,1,1
942,371400000,1791,1085,115,29,1,1,1,1
942,785000000,2001,1080,200,40,1,1,1,1
943,426500000,1862,1081,178,45,1,1,1,1
943,371400000,1787,1086,116,29,1,1,1,1
943,785000000,2008,1080,199,39,1,1,1,1
944,426500000,1867,1081,178,45,1,1,1,1
944,371400000,1782,1086,116,29,1,1,1,1
944,785000000,2015,1080,198,39,1,1,1,1
945,426500000,1872,1081,178,45,1,1,1,1
945,371400000,1778,1086,117,29,1,1,1,1
945,785000000,2022,1080,198,39,1,1,1,1
946,426500000,1876,1081,177,45,1,1,1,1
946,371400000,1774,1086,117,29,1,1,1,1
946,785000000,2030,1079,197,39,1,1,1,1
947,426500000,1881,1081,177,45,1,1,1,1
947,371400000,1769,1086,118,29,1,1,1,1
947,785000000,2037,1079,197,39,1,1,1,1
948,426500000,1886,1080,177,45,1,1,1,1
948,371400000,1765,1086,118,29,1,1,1,1
948,785000000,2044,1079,196,39,1,1,1,1
949,426500000,1891,1080,176,45,1,1,1,1
949,371400000,1761,1085,118,30,1,1,1,1
949,785000000,2051,1079,195,38,1,1,1,1
950,426500000,1896,1080,176,45,1,1,1,1
950,371400000,1757,1085,118,31,1,1,1,1
950,785000000,2058,1079,195,38,1,1,1,1
951,426500000,1900,1080,176,45,1,1,1,1
951,371400000,1752,1084,118,31,1,1,1,1
951,785000000,2065,1079,194,38,1,1,1,1
952,426500000,1905,1080,175,45,1,1,1,1
952,371400000,1748,1083,118,32,1,1,1,1
952,785000000,2071,1079,194,38,1,1,1,1
953,426500000,1910,1080,175,45,1,1,1,1
953,371400000,1743,1083,119,32,1,1,1,1
953,785000000,2078,1079,193,38,1,1,1,1
954,426500000,1914,1080,175,45,1,1,1,1
954,371400000,1737,1083,119,32,1,1,1,1
954,785000000,2084,1078,193,38,1,1,1,1
955,426500000,1918,1080,175,45,1,1,1,1
955,371400000,1732,1084,120,32,1,1,1,1
955,785000000,2090,1078,193,38,1,1,1,1
956,426500000,1922,1080,175,45,1,1,1,1
956,371400000,1727,1084,121,32,1,1,1,1
956,785000000,2097,1078,193,38,1,1,1,1
957,426500000,1926,1080,175,45,1,1,1,1
957,371400000,1722,1084,121,32,1,1,1,1
957,785000000,2103,1078,192,38,1,1,1,1
958,426500000,1931,1080,175,45,1,1,1,1
958,371400000,1716,1084,122,32,1,1,1,1
958,785000000,2109,1077,192,39,1,1,1,1
959,426500000,1935,1079,174,45,1,1,1,1
959,371400000,1711,1084,123,32,1,1,1,1
959,785000000,2115,1077,192,39,1,1,1,1
960,426500000,1939,1079,174,45,1,1,1,1
960,371400000,1706,1085,123,32,1,1,1,1
960,785000000,2122,1077,192,39,1,1,1,1
961,426500000,1943,1079,174,45,1,1,1,1
961,371400000,1701,1085,124,32,1,1,1,1
961,785000000,2128,1077,191,39,1,1,1,1
962,426500000,1947,1079,174,45,1,1,1,1
962,371400000,1695,1085,125,32,1,1,1,1
962,785000000,2134,1076,191,39,1,1,1,1
963,426500000,1951,1079,174,45,1,1,1,1
963,371400000,1690,1085,125,32,1,1,1,1
963,785000000,2141,1076,191,39,1,1,1,1
964,426500000,1955,1079,174,45,1,1,1,1
964,371400000,1685,1085,126,32,1,1,1,1
964,785000000,2147,1076,191,39,1,1,1,1
965,426500000,1959,1079,174,45,1,1,1,1
965,371400000,1680,1086,127,32,1,1,1,1
965,785000000,2153,1076,190,39,1,1,1,1
966,426500000,1964,1079,174,45,1,1,1,1
966,371400000,1674,1086,127,31,1,1,1,1
966,785000000,2160,1076,190,39,1,1,1,1
967,426500000,1968,1079,174,45,1,1,1,1
967,371400000,1669,1086,128,31,1,1,1,1
967,785000000,2166,1075,190,39,1,1,1,1
968,426500000,1972,1079,174,45,1,1,1,1
968,371400000,1664,1086,128,31,1,1,1,1
968,785000000,2172,1075,189,39,1,1,1,1
969,426500000,1976,1079,174,45,1,1,1,1
969,371400000,1658,1086,129,31,1,1,1,1
969,785000000,2179,1075,189,39,1,1,1,1
970,426500000,1980,1078,173,44,1,1,1,1
970,371400000,1653,1086,130,31,1,1,1,1
970,785000000,2185,1075,189,39,1,1,1,1
971,426500000,1984,1078,173,44,1,1,1,1
971,371400000,1648,1087,130,31,1,1,1,1
971,785000000,2191,1074,189,40,1,1,1,1
972,426500000,1988,1078,173,44,1,1,1,1
972,371400000,1643,1087,131,31,1,1,1,1
972,785000000,2197,1074,188,40,1,1,1,1
973,426500000,1992,1078,173,44,1,1,1,1
973,371400000,1637,1087,132,31,1,1,1,1
973,785000000,2204,1074,188,40,1,1,1,1
974,426500000,1997,1078,173,44,1,1,1,1
974,371400000,1632,1087,132,31,1,1,1,1
974,785000000,2210,1074,188,40,1,1,1,1
975,426500000,2001,1078,173,44,1,1,1,1
975,371400000,1627,1087,133,31,1,1,1,1
975,785000000,2216,1073,188,40,1,1,1,1
976,426500000,2005,1078,173,44,1,1,1,1
976,371400000,1622,1088,134,31,1,1,1,1
976,785000000,2223,1073,187,40,1,1,1,1
977,426500000,2009,1078,173,44,1,1,1,1
977,371400000,1616,1088,134,31,1,1,1,1
977,785000000,2229,1073,187,40,1,1,1,1
978,426500000,2013,1078,173,44,1,1,1,1
978,371400000,1611,1088,135,31,1,1,1,1
978,785000000,2235,1073,187,40,1,1,1,1
979,426500000,2017,1078,173,44,1,1,1,1
979,371400000,1605,1088,135,31,1,1,1,1
979,785000000,2241,1073,187,39,1,1,1,1
980,426500000,2021,1078,173,44,1,1,1,1
980,371400000,1600,1088,135,31,1,1,1,1
980,785000000,2247,1073,187,39,1,1,1,1
981,426500000,2025,1077,172,44,1,1,1,1
981,371400000,1594,1088,135,31,1,1,1,1
981,785000000,2253,1073,187,39,1,1,1,1
982,426500000,2030,1077,172,44,1,1,1,1
982,371400000,1589,1088,135,31,1,1,1,1
982,785000000,2259,1073,187,38,1,1,1,1
983,426500000,2034,1077,172,44,1,1,1,1
983,371400000,1583,1088,135,31,1,1,1,1
983,785000000,2266,1073,186,38,1,1,1,1
984,426500000,2038,1077,172,44,1,1,1,1
984,371400000,1578,1089,136,32,1,1,1,1
984,785000000,2272,1073,186,37,1,1,1,1
985,426500000,2042,1077,172,44,1,1,1,1
985,371400000,1572,1089,136,32,1,1,1,1
985,785000000,2278,1073,186,37,1,1,1,1
986,426500000,2046,1077,172,44,1,1,1,1
986,371400000,1567,1089,136,32,1,1,1,1
986,785000000,2284,1073,186,37,1,1,1,1
987,426500000,2050,1077,172,44,1,1,1,1
987,371400000,1561,1089,136,32,1,1,1,1
987,785000000,2290,1073,186,36,1,1,1,1
988,426500000,2054,1077,171,44,1,1,1,1
988,371400000,1556,1089,136,32,1,1,1,1
988,785000000,2296,1073,186,36,1,1,1,1
989,426500000,2058,1077,171,44,1,1,1,1
989,371400000,1550,1089,136,32,1,1,1,1
989,785000000,2302,1073,185,36,1,1,1,1
990,426500000,2063,1077,171,44,1,1,1,1
990,371400000,1544,1089,137,32,1,1,1,1
990,785000000,2309,1073,184,36,1,1,1,1
991,426500000,2067,1077,170,44,1,1,1,1
991,371400000,1537,1089,138,32,1,1,1,1
991,785000000,2315,1073,183,36,1,1,1,1
992,426500000,2071,1076,170,44,1,1,1,1
992,371400000,1531,1089,139,33,1,1,1,1
992,785000000,2322,1072,182,37,1,1,1,1
993,426500000,2075,1076,169,44,1,1,1,1
993,371400000,1525,1089,140,33,1,1,1,1
993,785000000,2328,1072,181,37,1,1,1,1
994,426500000,2079,1076,169,44,1,1,1,1
994,371400000,1518,1089,141,33,1,1,1,1
994,785000000,2335,1072,180,37,1,1,1,1
995,426500000,2083,1076,169,44,1,1,1,1
995,371400000,1512,1089,141,33,1,1,1,1
995,785000000,2341,1072,179,37,1,1,1,1
996,426500000,2087,1076,168,44,1,1,1,1
996,371400000,1506,1089,142,33,1,1,1,1
996,785000000,2347,1072,177,37,1,1,1,1
997,426500000,2091,1076,168,44,1,1,1,1
997,371400000,1499,1089,143,34,1,1,1,1
997,785000000,2354,1072,176,37,1,1,1,1
998,426500000,2096,1076,168,44,1,1,1,1
998,371400000,1493,1089,144,34,1,1,1,1
998,785000000,2360,1072,175,37,1,1,1,1
999,426500000,2100,1076,167,44,1,1,1,1
999,371400000,1487,1089,145,34,1,1,1,1
999,785000000,2367,1071,174,38,1,1,1,1
1000,426500000,2104,1076,167,44,1,1,1,1
1000,371400000,1480,1088,146,34,1,1,1,1
1000,785000000,2373,1071,173,38,1,1,1,1
1001,426500000,2108,1076,167,44,1,1,1,1
1001,371400000,1474,1088,147,34,1,1,1,1
1001,785000000,2380,1071,172,38,1,1,1,1
1002,426500000,2112,1075,166,43,1,1,1,1
1002,371400000,1468,1088,148,34,1,1,1,1
1002,785000000,2386,1071,171,38,1,1,1,1
1003,426500000,2116,1075,166,43,1,1,1,1
1003,371400000,1461,1088,149,35,1,1,1,1
1003,785000000,2393,1071,166,38,1,1,1,1
1004,426500000,2120,1075,165,43,1,1,1,1
1004,371400000,1455,1088,150,35,1,1,1,1
1004,785000000,2399,1071,161,38,1,1,1,1
1005,426500000,2125,1075,165,43,1,1,1,1
1005,371400000,1449,1088,150,35,1,1,1,1
1005,785000000,2405,1071,155,38,1,1,1,1
1006,426500000,2129,1075,165,43,1,1,1,1
1006,371400000,1442,1088,151,35,1,1,1,1
1006,785000000,2411,1071,149,38,1,1,1,1
1007,426500000,2133,1075,164,43,1,1,1,1
1007,371400000,1436,1088,152,35,1,1,1,1
1007,785000000,2417,1070,143,37,1,1,1,1
1008,426500000,2137,1075,164,43,1,1,1,1
1008,371400000,1430,1088,153,36,1,1,1,1
1008,785000000,2423,1070,137,37,1,1,1,1
1009,426500000,2141,1075,164,43,1,1,1,1
1009,371400000,1423,1088,154,36,1,1,1,1
1009,785000000,2429,1070,131,37,1,1,1,1
1010,426500000,2145,1075,163,43,1,1,1,1
1010,371400000,1417,1088,155,36,1,1,1,1
1010,785000000,2434,1070,126,37,1,1,1,1
1011,426500000,2149,1075,163,43,1,1,1,1
1011,371400000,1411,1089,156,35,1,1,1,1
1011,785000000,2440,1070,120,37,1,1,1,1
1012,426500000,2153,1074,162,43,1,1,1,1
1012,371400000,1404,1089,157,35,1,1,1,1
1012,785000000,2446,1070,114,37,1,1,1,1
1013,426500000,2158,1074,162,43,1,1,1,1
1013,371400000,1398,1090,158,34,1,1,1,1
1013,785000000,2452,1069,108,36,1,1,1,1
1014,426500000,2162,1074,162,43,1,1,1,1
1014,371400000,1391,1090,159,34,1,1,1,1
1014,785000000,2458,1069,102,36,1,1,1,1
1015,426500000,2166,1074,161,43,1,1,1,1
1015,371400000,1384,1090,159,34,1,1,1,1
1015,785000000,2464,1069,96,36,1,1,1,1
1016,426500000,2170,1074,161,43,1,1,1,1
1016,371400000,1377,1090,160,34,1,1,1,1
1016,785000000,2469,1069,91,36,1,1,1,1
1017,426500000,2174,1074,160,43,1,1,1,1
1017,371400000,1370,1090,161,34,1,1,1,1
1017,785000000,2475,1069,85,36,1,1,1,1
1018,426500000,2178,1074,160,43,1,1,1,1
1018,371400000,1363,1090,161,34,1,1,1,1
1018,785000000,2480,1069,80,36,1,1,1,1
1019,426500000,2182,1074,159,43,1,1,1,1
1019,371400000,1356,1090,162,34,1,1,1,1
1019,785000000,2486,1069,74,36,1,1,1,1
1020,426500000,2187,1074,159,43,1,1,1,1
1020,371400000,1348,1090,162,34,1,1,1,1
1020,785000000,2491,1069,69,36,1,1,1,1
1021,426500000,2191,1074,158,43,1,1,1,1
1021,371400000,1341,1090,163,34,1,1,1,1
1021,785000000,2497,1068,63,37,1,1,1,1
1022,426500000,2195,1074,157,43,1,1,1,1
1022,371400000,1334,1090,164,34,1,1,1,1
1022,785000000,2502,1068,58,37,1,1,1,1
1023,426500000,2199,1074,157,43,1,1,1,1
1023,371400000,1327,1090,164,34,1,1,1,1
1023,785000000,2508,1068,52,37,1,1,1,1
1024,426500000,2203,1073,156,42,1,1,1,1
1024,371400000,1320,1090,165,34,1,1,1,1
1024,785000000,2513,1068,47,37,1,1,1,1
1025,426500000,2207,1073,156,42,1,1,1,1
1025,371400000,1313,1090,166,34,1,1,1,1
1025,785000000,2519,1068,41,37,1,1,1,1
1026,426500000,2211,1073,155,42,1,1,1,1
1026,371400000,1306,1090,166,34,1,1,1,1
1026,785000000,2524,1068,36,37,1,1,1,1
1027,426500000,2215,1073,154,42,1,1,1,1
1027,371400000,1299,1091,167,35,1,1,1,1
1027,785000000,2528,1068,32,36,1,1,1,1
1028,426500000,2220,1073,154,42,1,1,1,1
1028,371400000,1292,1091,167,35,1,1,1,1
1028,785000000,2532,1068,28,35,1,1,1,1
1029,426500000,2224,1073,153,42,1,1,1,1
1029,371400000,1285,1091,168,35,1,1,1,1
1029,785000000,2539,1069,21,34,1,1,1,1
1030,426500000,2228,1073,153,42,1,1,1,1
1030,371400000,1278,1091,169,35,1,1,1,1
1030,785000000,2546,1069,14,32,1,1,1,1
1031,426500000,2232,1073,152,42,1,1,1,1
1031,371400000,1271,1091,169,35,1,1,1,1
1032,426500000,2235,1073,152,42,1,1,1,1
1032,371400000,1264,1091,170,35,1,1,1,1
1033,426500000,2239,1073,151,42,1,1,1,1
1033,371400000,1257,1091,171,35,1,1,1,1
1034,426500000,2242,1073,151,42,1,1,1,1
1034,371400000,1249,1091,171,35,1,1,1,1
1035,426500000,2246,1073,151,42,1,1,1,1
1035,371400000,1242,1091,172,35,1,1,1,1
1036,426500000,2249,1072,150,42,1,1,1,1
1036,371400000,1235,1091,172,35,1,1,1,1
1037,426500000,2252,1072,150,42,1,1,1,1
1037,371400000,1228,1091,173,35,1,1,1,1
1038,426500000,2256,1072,150,42,1,1,1,1
1038,371400000,1221,1091,174,35,1,1,1,1
1039,426500000,2259,1072,150,42,1,1,1,1
1039,371400000,1214,1091,174,35,1,1,1,1
1040,426500000,2262,1072,149,42,1,1,1,1
1040,371400000,1207,1091,175,35,1,1,1,1
1041,426500000,2266,1072,149,42,1,1,1,1
1041,371400000,1200,1092,175,35,1,1,1,1
1042,426500000,2269,1072,149,42,1,1,1,1
1042,371400000,1193,1092,175,34,1,1,1,1
1043,426500000,2273,1072,148,42,1,1,1,1
1043,371400000,1186,1093,175,34,1,1,1,1
1044,426500000,2276,1072,148,42,1,1,1,1
1044,371400000,1179,1093,175,34,1,1,1,1
1045,426500000,2279,1071,148,42,1,1,1,1
1045,371400000,1172,1094,174,33,1,1,1,1
1046,426500000,2283,1071,147,42,1,1,1,1
1046,371400000,1165,1094,174,33,1,1,1,1
1047,426500000,2286,1071,147,42,1,1,1,1
1047,371400000,1158,1095,174,32,1,1,1,1
1048,426500000,2290,1071,147,42,1,1,1,1
1048,371400000,1151,1095,174,32,1,1,1,1
1049,426500000,2293,1071,146,42,1,1,1,1
1049,371400000,1143,1095,175,32,1,1,1,1
1050,426500000,2296,1071,146,42,1,1,1,1
1050,371400000,1135,1095,176,32,1,1,1,1
1051,426500000,2300,1071,146,42,1,1,1,1
1051,371400000,1127,1095,177,33,1,1,1,1
1052,426500000,2303,1071,146,42,1,1,1,1
1052,371400000,1119,1095,177,33,1,1,1,1
1053,426500000,2306,1070,145,42,1,1,1,1
1053,371400000,1110,1094,178,33,1,1,1,1
1054,426500000,2310,1070,145,42,1,1,1,1
1054,371400000,1102,1094,179,33,1,1,1,1
1055,426500000,2313,1070,145,42,1,1,1,1
1055,371400000,1094,1094,180,33,1,1,1,1
1056,426500000,2317,1070,144,42,1,1,1,1
1056,371400000,1086,1094,181,34,1,1,1,1
1057,426500000,2320,1070,144,43,1,1,1,1
1057,371400000,1078,1094,182,34,1,1,1,1
1058,426500000,2323,1070,144,43,1,1,1,1
1058,371400000,1070,1094,182,34,1,1,1,1
1059,426500000,2327,1070,143,43,1,1,1,1
1059,371400000,1062,1094,183,34,1,1,1,1
1060,426500000,2330,1070,143,43,1,1,1,1
1060,371400000,1054,1094,184,35,1,1,1,1
1061,426500000,2334,1070,143,43,1,1,1,1
1061,371400000,1046,1094,185,35,1,1,1,1
1062,426500000,2337,1069,142,43,1,1,1,1
1062,371400000,1038,1094,186,35,1,1,1,1
1063,426500000,2340,1069,142,43,1,1,1,1
1063,371400000,1029,1093,187,35,1,1,1,1
1064,426500000,2344,1069,142,43,1,1,1,1
1064,371400000,1021,1093,187,35,1,1,1,1
1065,426500000,2347,1069,142,43,1,1,1,1
1065,371400000,1013,1093,188,36,1,1,1,1
1066,426500000,2350,1069,141,43,1,1,1,1
1066,371400000,1005,1093,189,36,1,1,1,1
1067,426500000,2354,1069,141,43,1,1,1,1
1067,371400000,997,1093,190,36,1,1,1,1
1068,426500000,2357,1069,141,43,1,1,1,1
1068,371400000,988,1093,191,36,1,1,1,1
1069,426500000,2361,1069,140,43,1,1,1,1
1069,371400000,979,1093,191,36,1,1,1,1
1070,426500000,2364,1069,140,43,1,1,1,1
1070,371400000,971,1093,192,37,1,1,1,1
1071,426500000,2367,1068,140,43,1,1,1,1
1071,371400000,962,1093,192,37,1,1,1,1
1072,426500000,2371,1068,139,43,1,1,1,1
1072,371400000,953,1093,193,37,1,1,1,1
1073,426500000,2374,1068,139,43,1,1,1,1
1073,371400000,944,1092,194,37,1,1,1,1
1074,426500000,2378,1068,139,43,1,1,1,1
1074,371400000,936,1092,194,37,1,1,1,1
1075,426500000,2381,1068,138,43,1,1,1,1
1075,371400000,927,1092,195,37,1,1,1,1
1076,426500000,2384,1068,138,43,1,1,1,1
1076,371400000,918,1092,195,38,1,1,1,1
1077,426500000,2388,1068,138,43,1,1,1,1
1077,371400000,909,1092,196,38,1,1,1,1
1078,426500000,2391,1068,138,43,1,1,1,1
1078,371400000,900,1092,197,38,1,1,1,1
1079,426500000,2394,1067,137,43,1,1,1,1
1079,371400000,892,1092,197,38,1,1,1,1
1080,426500000,2398,1067,137,43,1,1,1,1
1080,371400000,883,1092,198,38,1,1,1,1
1081,426500000,2401,1067,137,43,1,1,1,1
1081,371400000,874,1092,199,38,1,1,1,1
1082,426500000,2405,1067,136,43,1,1,1,1
1082,371400000,865,1092,199,39,1,1,1,1
1083,426500000,2408,1067,136,43,1,1,1,1
1083,371400000,856,1092,200,39,1,1,1,1
1084,426500000,2411,1067,135,43,1,1,1,1
1084,371400000,848,1092,200,39,1,1,1,1
1084,916300000,2548,1069,12,22,1,1,1,1
1085,426500000,2414,1067,133,42,1,1,1,1
1085,371400000,839,1091,201,39,1,1,1,1
1085,916300000,2546,1069,14,22,1,1,1,1
1086,426500000,2417,1068,132,42,1,1,1,1
1086,371400000,830,1091,202,39,1,1,1,1
1086,916300000,2545,1069,15,22,1,1,1,1
1087,426500000,2420,1068,131,42,1,1,1,1
1087,371400000,821,1091,202,39,1,1,1,1
1087,916300000,2543,1069,17,22,1,1,1,1
1088,426500000,2424,1068,129,41,1,1,1,1
1088,371400000,813,1091,203,40,1,1,1,1
1088,916300000,2541,1069,19,22,1,1,1,1
1089,426500000,2427,1068,128,41,1,1,1,1
1089,371400000,804,1091,203,40,1,1,1,1
1089,916300000,2540,1069,21,22,1,1,1,1
1090,426500000,2430,1069,127,41,1,1,1,1
1090,371400000,795,1091,204,40,1,1,1,1
1090,916300000,2538,1069,22,22,1,1,1,1
1091,426500000,2433,1069,125,40,1,1,1,1
1091,371400000,785,1091,205,40,1,1,1,1
1091,916300000,2536,1069,24,22,1,1,1,1
1092,426500000,2436,1069,124,40,1,1,1,1
1092,371400000,776,1091,206,40,1,1,1,1
1092,916300000,2534,1069,26,22,1,1,1,1
1093,426500000,2439,1069,121,40,1,1,1,1
1093,371400000,766,1091,207,41,1,1,1,1
1093,916300000,2533,1069,27,22,1,1,1,1
1094,426500000,2442,1069,118,40,1,1,1,1
1094,371400000,757,1091,207,41,1,1,1,1
1094,916300000,2531,1069,29,22,1,1,1,1
1095,426500000,2445,1069,115,40,1,1,1,1
1095,371400000,747,1091,208,41,1,1,1,1
1095,916300000,2529,1069,31,22,1,1,1,1
1096,426500000,2448,1069,112,40,1,1,1,1
1096,371400000,737,1091,209,41,1,1,1,1
1096,916300000,2527,1069,33,22,1,1,1,1
1097,426500000,2451,1069,109,40,1,1,1,1
1097,371400000,728,1090,210,42,1,1,1,1
1097,916300000,2525,1069,35,22,1,1,1,1
1098,426500000,2454,1068,106,39,1,1,1,1
1098,371400000,718,1090,211,42,1,1,1,1
1098,916300000,2523,1070,37,21,1,1,1,1
1099,426500000,2457,1068,103,39,1,1,1,1
1099,371400000,708,1090,212,42,1,1,1,1
1099,916300000,2521,1070,39,21,1,1,1,1
1100,426500000,2460,1068,100,39,1,1,1,1
1100,371400000,699,1090,212,42,1,1,1,1
1100,916300000,2519,1070,41,21,1,1,1,1
1101,426500000,2463,1068,97,39,1,1,1,1
1101,371400000,689,1090,213,43,1,1,1,1
1101,916300000,2517,1070,43,21,1,1,1,1
1102,426500000,2466,1068,94,39,1,1,1,1
1102,371400000,680,1090,214,43,1,1,1,1
1102,916300000,2516,1066,44,25,1,1,1,1
1103,426500000,2469,1068,91,39,1,1,1,1
1103,371400000,670,1090,215,43,1,1,1,1
1103,916300000,2515,1062,45,29,1,1,1,1
1104,426500000,2472,1068,88,39,1,1,1,1
1104,371400000,660,1090,216,43,1,1,1,1
1104,916300000,2514,1062,46,29,1,1,1,1
1105,426500000,2475,1068,85,39,1,1,1,1
1105,371400000,649,1090,217,43,1,1,1,1
1105,916300000,2512,1062,49,29,1,1,1,1
1106,426500000,2478,1068,82,39,1,1,1,1
1106,371400000,639,1090,218,43,1,1,1,1
1106,916300000,2510,1062,51,29,1,1,1,1
1107,426500000,2481,1068,79,39,1,1,1,1
1107,371400000,629,1090,219,43,1,1,1,1
1107,916300000,2508,1062,54,29,1,1,1,1
1108,426500000,2484,1068,76,39,1,1,1,1
1108,371400000,618,1090,220,43,1,1,1,1
1108,916300000,2505,1062,56,30,1,1,1,1
1109,426500000,2488,1069,72,38,1,1,1,1
1109,371400000,608,1090,221,43,1,1,1,1
1109,916300000,2503,1062,59,30,1,1,1,1
1110,426500000,2491,1069,69,38,1,1,1,1
1110,371400000,597,1090,221,43,1,1,1,1
1110,916300000,2501,1062,61,30,1,1,1,1
1111,426500000,2494,1069,66,38,1,1,1,1
1111,371400000,587,1090,222,43,1,1,1,1
1111,916300000,2499,1062,64,30,1,1,1,1
1112,426500000,2497,1069,63,38,1,1,1,1
1112,371400000,577,1090,223,43,1,1,1,1
1112,916300000,2497,1062,65,30,1,1,1,1
1113,426500000,2500,1069,60,38,1,1,1,1
1113,371400000,566,1090,224,43,1,1,1,1
1113,916300000,2495,1062,65,30,1,1,1,1
1114,426500000,2503,1069,57,38,1,1,1,1
1114,371400000,556,1090,225,43,1,1,1,1
1114,916300000,2493,1062,66,30,1,1,1,1
1115,426500000,2506,1069,54,38,1,1,1,1
1115,371400000,546,1090,226,43,1,1,1,1
1115,916300000,2490,1062,67,31,1,1,1,1
1116,426500000,2509,1069,51,38,1,1,1,1
1116,371400000,535,1089,227,43,1,1,1,1
1116,916300000,2488,1062,68,31,1,1,1,1
1117,426500000,2512,1069,48,37,1,1,1,1
1117,371400000,525,1089,228,43,1,1,1,1
1117,916300000,2486,1062,68,31,1,1,1,1
1118,426500000,2515,1069,45,37,1,1,1,1
1118,371400000,514,1089,229,43,1,1,1,1
1118,916300000,2484,1062,69,31,1,1,1,1
1119,426500000,2517,1068,43,37,1,1,1,1
1119,371400000,504,1089,230,43,1,1,1,1
1119,916300000,2482,1061,70,31,1,1,1,1
1120,426500000,2520,1068,40,37,1,1,1,1
1120,371400000,494,1089,231,43,1,1,1,1
1120,916300000,2480,1061,71,31,1,1,1,1
1121,426500000,2523,1068,37,36,1,1,1,1
1121,371400000,483,1089,232,43,1,1,1,1
1121,916300000,2478,1061,71,31,1,1,1,1
1122,426500000,2526,1068,34,36,1,1,1,1
1122,371400000,473,1089,232,43,1,1,1,1
1122,916300000,2476,1061,72,31,1,1,1,1
1123,426500000,2529,1068,31,36,1,1,1,1
1123,371400000,463,1089,233,43,1,1,1,1
1123,916300000,2473,1061,73,32,1,1,1,1
1124,426500000,2533,1068,27,36,1,1,1,1
1124,371400000,452,1089,234,43,1,1,1,1
1124,916300000,2471,1061,74,32,1,1,1,1
1125,426500000,2537,1068,23,36,1,1,1,1
1125,371400000,442,1089,235,43,1,1,1,1
1125,916300000,2469,1061,74,32,1,1,1,1
1126,426500000,2539,1068,21,36,1,1,1,1
1126,371400000,431,1089,236,43,1,1,1,1
1126,916300000,2467,1061,75,32,1,1,1,1
1127,426500000,2541,1068,19,35,1,1,1,1
1127,371400000,421,1089,237,43,1,1,1,1
1127,916300000,2465,1061,75,32,1,1,1,1
1128,426500000,2544,1069,16,35,1,1,1,1
1128,371400000,410,1089,238,43,1,1,1,1
1128,916300000,2464,1061,75,32,1,1,1,1
1129,426500000,2547,1069,13,35,1,1,1,1
1129,371400000,398,1089,240,43,1,1,1,1
1129,916300000,2462,1061,74,32,1,1,1,1
1130,426500000,2551,1081,10,22,1,1,1,1
1130,371400000,387,1089,241,43,1,1,1,1
1130,916300000,2460,1061,74,32,1,1,1,1
1131,371400000,375,1088,242,44,1,1,1,1
1131,916300000,2458,1061,74,32,1,1,1,1
1132,371400000,364,1088,243,44,1,1,1,1
1132,916300000,2457,1061,74,32,1,1,1,1
1133,371400000,352,1088,245,44,1,1,1,1
1133,916300000,2455,1061,73,32,1,1,1,1
1134,371400000,341,1088,246,44,1,1,1,1
1134,916300000,2453,1061,73,32,1,1,1,1
1135,371400000,329,1088,247,44,1,1,1,1
1135,916300000,2451,1061,73,32,1,1,1,1
1136,371400000,318,1088,248,44,1,1,1,1
1136,916300000,2449,1061,74,32,1,1,1,1
1137,371400000,306,1087,249,44,1,1,1,1
1137,916300000,2447,1061,74,32,1,1,1,1
1138,371400000,294,1087,250,45,1,1,1,1
1138,916300000,2444,1061,74,32,1,1,1,1
1139,371400000,283,1087,251,45,1,1,1,1
1139,916300000,2442,1061,74,32,1,1,1,1
1140,371400000,271,1087,252,45,1,1,1,1
1140,916300000,2440,1061,75,32,1,1,1,1
1141,371400000,259,1087,253,45,1,1,1,1
1141,916300000,2438,1061,75,32,1,1,1,1
1142,371400000,248,1086,253,45,1,1,1,1
1142,916300000,2436,1061,75,32,1,1,1,1
1143,371400000,236,1086,254,45,1,1,1,1
1143,916300000,2434,1061,75,32,1,1,1,1
1144,371400000,224,1086,255,45,1,1,1,1
1144,916300000,2431,1061,76,32,1,1,1,1
1145,371400000,213,1086,256,46,1,1,1,1
1145,916300000,2429,1062,76,33,1,1,1,1
1146,371400000,201,1085,257,46,1,1,1,1
1146,916300000,2427,1062,76,33,1,1,1,1
1147,371400000,189,1085,258,46,1,1,1,1
1147,916300000,2425,1062,76,33,1,1,1,1
1148,371400000,178,1085,259,46,1,1,1,1
1148,916300000,2423,1062,77,33,1,1,1,1
1149,371400000,166,1085,260,46,1,1,1,1
1149,916300000,2421,1062,77,33,1,1,1,1
1150,371400000,154,1085,261,46,1,1,1,1
1150,916300000,2418,1062,77,33,1,1,1,1
1151,371400000,142,1084,262,46,1,1,1,1
1151,916300000,2416,1062,77,33,1,1,1,1
1152,371400000,131,1084,263,47,1,1,1,1
1152,916300000,2414,1062,78,33,1,1,1,1
1153,371400000,119,1084,264,47,1,1,1,1
1153,916300000,2412,1062,78,33,1,1,1,1
1154,371400000,107,1084,265,47,1,1,1,1
1154,916300000,2410,1062,78,33,1,1,1,1
1155,371400000,96,1084,266,47,1,1,1,1
1155,916300000,2408,1062,78,33,1,1,1,1
1156,371400000,84,1083,266,47,1,1,1,1
1156,916300000,2406,1062,79,33,1,1,1,1
1157,371400000,72,1083,267,47,1,1,1,1
1157,916300000,2403,1062,79,33,1,1,1,1
1158,371400000,61,1083,268,47,1,1,1,1
1158,916300000,2401,1062,79,33,1,1,1,1
1159,371400000,49,1083,269,48,1,1,1,1
1159,916300000,2399,1062,79,33,1,1,1,1
1160,371400000,37,1082,270,48,1,1,1,1
1160,916300000,2397,1062,80,33,1,1,1,1
1161,371400000,26,1082,271,48,1,1,1,1
1161,916300000,2395,1062,80,33,1,1,1,1
1162,371400000,14,1082,272,48,1,1,1,1
1162,916300000,2393,1062,80,33,1,1,1,1
1163,371400000,7,1082,267,48,1,1,1,1
1163,916300000,2390,1062,80,33,1,1,1,1
1164,371400000,0,1082,261,47,1,1,1,1
1164,916300000,2388,1062,81,33,1,1,1,1
1165,371400000,0,1082,249,47,1,1,1,1
1165,916300000,2386,1062,81,33,1,1,1,1
1166,371400000,0,1082,238,46,1,1,1,1
1166,916300000,2384,1062,81,33,1,1,1,1
1167,371400000,0,1082,226,46,1,1,1,1
1167,916300000,2382,1063,81,34,1,1,1,1
1168,371400000,0,1082,215,46,1,1,1,1
1168,916300000,2380,1063,82,34,1,1,1,1
1169,371400000,0,1081,203,45,1,1,1,1
1169,916300000,2377,1063,82,34,1,1,1,1
1170,371400000,0,1081,192,45,1,1,1,1
1170,916300000,2375,1063,82,34,1,1,1,1
1171,371400000,0,1081,180,45,1,1,1,1
1171,916300000,2373,1063,82,34,1,1,1,1
1172,371400000,0,1081,169,44,1,1,1,1
1172,916300000,2371,1063,83,34,1,1,1,1
1173,371400000,0,1081,157,44,1,1,1,1
1173,916300000,2369,1063,83,34,1,1,1,1
1174,371400000,0,1081,145,44,1,1,1,1
1174,916300000,2367,1063,83,34,1,1,1,1
1175,371400000,0,1080,133,45,1,1,1,1
1175,916300000,2364,1063,83,34,1,1,1,1
1176,371400000,0,1080,121,45,1,1,1,1
1176,916300000,2362,1063,84,34,1,1,1,1
1177,371400000,0,1080,109,45,1,1,1,1
1177,916300000,2360,1063,84,34,1,1,1,1
1178,371400000,0,1079,97,46,1,1,1,1
1178,916300000,2358,1063,84,34,1,1,1,1
1179,371400000,0,1079,85,46,1,1,1,1
1179,916300000,2356,1063,84,34,1,1,1,1
1180,371400000,0,1079,72,46,1,1,1,1
1180,916300000,2353,1063,85,34,1,1,1,1
1181,371400000,0,1079,58,45,1,1,1,1
1181,916300000,2351,1063,85,34,1,1,1,1
1182,371400000,0,1081,46,42,1,1,1,1
1182,916300000,2348,1063,85,34,1,1,1,1
1183,371400000,0,1083,33,39,1,1,1,1
1183,916300000,2346,1063,85,34,1,1,1,1
1184,371400000,0,1085,21,36,1,1,1,1
1184,916300000,2343,1063,86,34,1,1,1,1
1185,916300000,2341,1063,86,35,1,1,1,1
1186,916300000,2338,1063,86,35,1,1,1,1
1187,916300000,2336,1063,86,35,1,1,1,1
1188,916300000,2333,1063,87,35,1,1,1,1
1189,916300000,2331,1063,87,35,1,1,1,1
1190,916300000,2328,1063,87,35,1,1,1,1
1191,916300000,2326,1063,87,35,1,1,1,1
1192,916300000,2323,1063,88,35,1,1,1,1
1193,916300000,2321,1063,88,35,1,1,1,1
1194,916300000,2318,1063,88,35,1,1,1,1
1195,916300000,2316,1063,88,35,1,1,1,1
1196,916300000,2313,1063,89,35,1,1,1,1
1197,916300000,2311,1063,89,35,1,1,1,1
1198,916300000,2309,1064,89,36,1,1,1,1
1199,916300000,2306,1064,89,36,1,1,1,1
1200,916300000,2304,1064,90,36,1,1,1,1
1201,916300000,2301,1064,90,36,1,1,1,1
1202,916300000,2299,1064,90,36,1,1,1,1
1203,916300000,2296,1064,90,36,1,1,1,1
1204,916300000,2294,1064,91,36,1,1,1,1
1205,916300000,2291,1064,91,36,1,1,1,1
1206,916300000,2289,1064,91,36,1,1,1,1
1207,916300000,2286,1064,91,36,1,1,1,1
1208,916300000,2284,1064,92,36,1,1,1,1
1209,916300000,2281,1064,92,36,1,1,1,1
1210,916300000,2279,1064,92,36,1,1,1,1
1211,916300000,2276,1064,92,36,1,1,1,1
1212,916300000,2274,1064,93,37,1,1,1,1
1213,916300000,2271,1064,93,37,1,1,1,1
1214,916300000,2269,1064,93,37,1,1,1,1
1215,916300000,2266,1064,93,37,1,1,1,1
1216,916300000,2264,1064,94,37,1,1,1,1
1217,916300000,2261,1064,94,37,1,1,1,1
1218,916300000,2259,1064,94,37,1,1,1,1
1219,916300000,2256,1064,94,37,1,1,1,1
1220,916300000,2254,1064,94,37,1,1,1,1
1221,916300000,2251,1064,95,37,1,1,1,1
1222,916300000,2248,1064,95,37,1,1,1,1
1223,916300000,2246,1064,95,37,1,1,1,1
1224,916300000,2243,1064,95,37,1,1,1,1
1225,916300000,2241,1065,96,38,1,1,1,1
1226,916300000,2238,1065,96,38,1,1,1,1
1227,916300000,2235,1065,96,38,1,1,1,1
1228,916300000,2233,1065,96,38,1,1,1,1
1229,916300000,2230,1065,96,38,1,1,1,1
1230,916300000,2227,1065,97,38,1,1,1,1
1231,916300000,2225,1065,97,38,1,1,1,1
1232,916300000,2222,1065,97,38,1,1,1,1
1233,916300000,2219,1065,97,38,1,1,1,1
1234,916300000,2216,1065,97,38,1,1,1,1
1235,916300000,2214,1065,97,38,1,1,1,1
1236,916300000,2211,1065,97,38,1,1,1,1
1237,916300000,2208,1065,97,38,1,1,1,1
1238,916300000,2205,1065,97,38,1,1,1,1
1239,916300000,2202,1066,97,38,1,1,1,1
1240,916300000,2199,1066,97,38,1,1,1,1
1241,916300000,2197,1066,97,38,1,1,1,1
1242,916300000,2194,1066,97,38,1,1,1,1
1243,916300000,2191,1066,97,38,1,1,1,1
1244,916300000,2188,1066,97,38,1,1,1,1
1245,916300000,2185,1066,97,38,1,1,1,1
1246,916300000,2183,1066,97,38,1,1,1,1
1247,916300000,2180,1066,97,38,1,1,1,1
1248,916300000,2177,1066,97,38,1,1,1,1
1249,916300000,2174,1066,97,38,1,1,1,1
1250,916300000,2171,1066,97,38,1,1,1,1
1251,916300000,2168,1066,97,38,1,1,1,1
1252,916300000,2166,1066,97,38,1,1,1,1
1253,916300000,2163,1067,97,38,1,1,1,1
1254,916300000,2160,1067,97,38,1,1,1,1
1255,916300000,2157,1067,97,38,1,1,1,1
1256,916300000,2154,1067,97,38,1,1,1,1
1257,916300000,2151,1067,97,38,1,1,1,1
1258,916300000,2149,1067,97,38,1,1,1,1
1259,916300000,2146,1067,97,38,1,1,1,1
1260,916300000,2143,1067,97,38,1,1,1,1
1261,916300000,2140,1067,97,38,1,1,1,1
1262,916300000,2137,1067,98,38,1,1,1,1
1263,916300000,2133,1067,98,38,1,1,1,1
1264,916300000,2130,1067,99,38,1,1,1,1
1265,916300000,2127,1067,99,38,1,1,1,1
1266,916300000,2124,1068,100,38,1,1,1,1
1267,916300000,2120,1068,100,38,1,1,1,1
1268,916300000,2117,1068,101,38,1,1,1,1
1269,916300000,2114,1068,101,38,1,1,1,1
1270,916300000,2111,1068,102,38,1,1,1,1
1271,916300000,2107,1068,102,38,1,1,1,1
1272,916300000,2104,1068,103,38,1,1,1,1
1273,916300000,2101,1068,103,38,1,1,1,1
1274,916300000,2098,1068,104,38,1,1,1,1
1275,916300000,2094,1068,104,38,1,1,1,1
1276,916300000,2091,1068,105,38,1,1,1,1
1277,916300000,2088,1068,105,38,1,1,1,1
1278,916300000,2085,1069,106,39,1,1,1,1
1279,916300000,2081,1069,106,39,1,1,1,1
1280,916300000,2078,1069,106,39,1,1,1,1
1281,916300000,2075,1069,107,39,1,1,1,1
1282,916300000,2072,1069,107,39,1,1,1,1
1283,916300000,2068,1069,108,39,1,1,1,1
1284,916300000,2065,1069,108,39,1,1,1,1
1285,916300000,2062,1069,109,39,1,1,1,1
1286,916300000,2059,1069,109,39,1,1,1,1
1287,916300000,2055,1069,110,39,1,1,1,1
1288,916300000,2052,1069,110,39,1,1,1,1
1289,916300000,2049,1069,111,39,1,1,1,1
1290,916300000,2046,1070,111,39,1,1,1,1
1291,916300000,2042,1070,112,39,1,1,1,1
1292,916300000,2039,1070,112,39,1,1,1,1
1293,916300000,2036,1070,113,39,1,1,1,1
1294,916300000,2033,1070,113,39,1,1,1,1
1295,916300000,2029,1070,114,39,1,1,1,1
1296,916300000,2026,1070,114,39,1,1,1,1
1297,916300000,2022,1070,114,39,1,1,1,1
1298,916300000,2019,1070,115,39,1,1,1,1
1299,916300000,2015,1070,115,39,1,1,1,1
1300,916300000,2011,1070,115,39,1,1,1,1
1301,916300000,2008,1070,116,40,1,1,1,1
1302,916300000,2004,1070,116,40,1,1,1,1
1303,916300000,2000,1070,116,40,1,1,1,1
1304,916300000,1996,1070,117,40,1,1,1,1
1305,916300000,1993,1070,117,40,1,1,1,1
1306,916300000,1989,1070,117,40,1,1,1,1
1307,916300000,1985,1070,118,40,1,1,1,1
1307,499900000,0,1114,69,34,1,1,1,1
1308,916300000,1982,1070,118,40,1,1,1,1
1308,499900000,0,1115,83,33,1,1,1,1
1309,916300000,1978,1070,118,40,1,1,1,1
1309,499900000,0,1115,96,32,1,1,1,1
1310,916300000,1974,1070,119,40,1,1,1,1
1310,499900000,0,1116,110,31,1,1,1,1
1311,916300000,1971,1070,119,41,1,1,1,1
1311,499900000,0,1117,119,30,1,1,1,1
1312,916300000,1967,1070,119,41,1,1,1,1
1312,499900000,0,1118,129,30,1,1,1,1
1313,916300000,1963,1070,120,41,1,1,1,1
1313,499900000,0,1118,138,29,1,1,1,1
1314,916300000,1959,1070,120,41,1,1,1,1
1314,499900000,0,1119,147,28,1,1,1,1
1315,916300000,1956,1070,120,41,1,1,1,1
1315,499900000,0,1119,158,28,1,1,1,1
1316,916300000,1952,1071,121,41,1,1,1,1
1316,499900000,0,1119,169,28,1,1,1,1
1317,916300000,1948,1071,121,41,1,1,1,1
1317,499900000,0,1119,181,29,1,1,1,1
1318,916300000,1945,1071,121,41,1,1,1,1
1318,499900000,0,1118,192,29,1,1,1,1
1319,916300000,1941,1071,121,41,1,1,1,1
1319,499900000,0,1118,203,29,1,1,1,1
1320,916300000,1937,1071,122,41,1,1,1,1
1320,499900000,0,1118,214,29,1,1,1,1
1321,916300000,1934,1071,122,42,1,1,1,1
1321,499900000,0,1117,224,30,1,1,1,1
1322,916300000,1930,1071,122,42,1,1,1,1
1322,499900000,0,1117,234,30,1,1,1,1
1323,916300000,1926,1071,123,42,1,1,1,1
1323,499900000,0,1116,244,31,1,1,1,1
1324,916300000,1922,1071,123,42,1,1,1,1
1324,499900000,0,1116,255,32,1,1,1,1
1325,916300000,1919,1071,123,42,1,1,1,1
1325,499900000,0,1115,265,33,1,1,1,1
1326,916300000,1915,1071,124,42,1,1,1,1
1326,499900000,0,1115,275,33,1,1,1,1
1327,916300000,1911,1071,124,42,1,1,1,1
1327,499900000,0,1114,285,34,1,1,1,1
1328,916300000,1908,1071,124,42,1,1,1,1
1328,499900000,1,1113,295,35,1,1,1,1
1329,916300000,1904,1071,125,42,1,1,1,1
1329,499900000,1,1113,304,36,1,1,1,1
1330,916300000,1900,1071,125,42,1,1,1,1
1330,499900000,2,1112,314,36,1,1,1,1
1331,916300000,1897,1071,125,43,1,1,1,1
1331,499900000,2,1112,323,37,1,1,1,1
1332,916300000,1893,1071,126,43,1,1,1,1
1332,499900000,3,1111,333,38,1,1,1,1
1333,916300000,1889,1071,126,43,1,1,1,1
1333,499900000,14,1111,332,38,1,1,1,1
1334,916300000,1885,1071,126,43,1,1,1,1
1334,499900000,24,1111,331,39,1,1,1,1
1335,916300000,1882,1071,127,43,1,1,1,1
1335,499900000,35,1111,330,39,1,1,1,1
1336,916300000,1878,1071,127,43,1,1,1,1
1336,499900000,46,1111,329,39,1,1,1,1
1337,916300000,1874,1071,128,43,1,1,1,1
1337,499900000,56,1111,328,40,1,1,1,1
1338,916300000,1870,1071,128,43,1,1,1,1
1338,499900000,67,1111,327,40,1,1,1,1
1339,916300000,1865,1071,129,43,1,1,1,1
1339,499900000,78,1111,326,40,1,1,1,1
1340,916300000,1861,1071,129,43,1,1,1,1
1340,499900000,88,1111,326,41,1,1,1,1
1341,916300000,1857,1071,130,44,1,1,1,1
1341,499900000,99,1111,325,41,1,1,1,1
1342,916300000,1853,1071,130,44,1,1,1,1
1342,499900000,110,1111,324,41,1,1,1,1
1343,916300000,1849,1071,131,44,1,1,1,1
1343,499900000,120,1111,323,42,1,1,1,1
1344,916300000,1844,1071,131,44,1,1,1,1
1344,499900000,131,1111,322,42,1,1,1,1
1345,916300000,1840,1071,132,44,1,1,1,1
1345,499900000,142,1111,321,42,1,1,1,1
1346,916300000,1836,1071,132,44,1,1,1,1
1346,499900000,152,1111,320,43,1,1,1,1
1347,916300000,1832,1071,133,44,1,1,1,1
1347,499900000,163,1111,319,43,1,1,1,1
1348,916300000,1827,1071,133,44,1,1,1,1
1348,499900000,173,1111,318,43,1,1,1,1
1349,916300000,1823,1071,134,44,1,1,1,1
1349,499900000,183,1111,317,43,1,1,1,1
1350,916300000,1819,1072,134,45,1,1,1,1
1350,499900000,192,1112,316,42,1,1,1,1
1351,916300000,1815,1072,135,45,1,1,1,1
1351,499900000,202,1112,315,42,1,1,1,1
1352,916300000,1811,1072,135,45,1,1,1,1
1352,499900000,212,1112,313,42,1,1,1,1
1353,916300000,1806,1072,136,45,1,1,1,1
1353,499900000,222,1112,312,42,1,1,1,1
1354,916300000,1802,1072,136,45,1,1,1,1
1354,499900000,232,1112,311,41,1,1,1,1
1355,916300000,1798,1072,137,45,1,1,1,1
1355,499900000,242,1112,310,41,1,1,1,1
1356,916300000,1794,1072,137,45,1,1,1,1
1356,499900000,251,1113,309,41,1,1,1,1
1357,916300000,1790,1072,138,45,1,1,1,1
1357,499900000,261,1113,308,41,1,1,1,1
1358,916300000,1785,1072,138,45,1,1,1,1
1358,499900000,271,1113,307,41,1,1,1,1
1359,916300000,1781,1072,139,45,1,1,1,1
1359,499900000,281,1113,306,40,1,1,1,1
1360,916300000,1777,1072,139,46,1,1,1,1
1360,499900000,291,1113,305,40,1,1,1,1
1361,916300000,1773,1072,140,46,1,1,1,1
1361,499900000,300,1114,303,40,1,1,1,1
1362,916300000,1768,1072,140,46,1,1,1,1
1362,499900000,310,1114,302,40,1,1,1,1
1363,916300000,1764,1072,141,46,1,1,1,1
1363,499900000,320,1114,301,39,1,1,1,1
1364,916300000,1760,1072,141,46,1,1,1,1
1364,499900000,330,1114,300,39,1,1,1,1
1365,916300000,1756,1072,141,46,1,1,1,1
1365,499900000,340,1114,299,39,1,1,1,1
1366,916300000,1751,1072,142,46,1,1,1,1
1366,499900000,349,1115,298,39,1,1,1,1
1367,916300000,1747,1072,142,46,1,1,1,1
1367,499900000,359,1115,297,39,1,1,1,1
1368,916300000,1742,1072,143,47,1,1,1,1
1368,499900000,369,1115,296,38,1,1,1,1
1369,916300000,1738,1072,143,47,1,1,1,1
1369,499900000,379,1115,295,38,1,1,1,1
1370,916300000,1733,1072,143,47,1,1,1,1
1370,499900000,389,1115,293,38,1,1,1,1
1371,916300000,1729,1072,144,47,1,1,1,1
1371,499900000,399,1115,292,38,1,1,1,1
1372,916300000,1724,1072,144,47,1,1,1,1
1372,499900000,408,1116,291,37,1,1,1,1
1373,916300000,1719,1072,145,47,1,1,1,1
1373,499900000,418,1116,290,37,1,1,1,1
1374,916300000,1714,1072,145,47,1,1,1,1
1374,499900000,428,1116,289,37,1,1,1,1
1375,916300000,1710,1072,146,47,1,1,1,1
1375,499900000,437,1116,288,37,1,1,1,1
1376,916300000,1705,1072,146,47,1,1,1,1
1376,499900000,446,1116,288,37,1,1,1,1
1377,916300000,1700,1072,147,47,1,1,1,1
1377,499900000,455,1116,287,37,1,1,1,1
1378,916300000,1695,1072,147,47,1,1,1,1
1378,499900000,464,1116,286,37,1,1,1,1
1379,916300000,1690,1072,148,47,1,1,1,1
1379,499900000,472,1116,286,37,1,1,1,1
1380,916300000,1686,1072,148,47,1,1,1,1
1380,499900000,481,1116,285,37,1,1,1,1
1381,916300000,1681,1072,149,47,1,1,1,1
1381,499900000,490,1116,284,37,1,1,1,1
1382,916300000,1676,1072,149,47,1,1,1,1
1382,499900000,499,1116,284,37,1,1,1,1
1383,916300000,1671,1072,150,47,1,1,1,1
1383,499900000,508,1116,283,37,1,1,1,1
1384,916300000,1667,1073,150,47,1,1,1,1
1384,499900000,517,1116,282,37,1,1,1,1
1385,916300000,1662,1073,151,47,1,1,1,1
1385,499900000,526,1116,282,37,1,1,1,1
1386,916300000,1657,1073,151,47,1,1,1,1
1386,499900000,535,1116,281,37,1,1,1,1
1387,916300000,1652,1073,152,47,1,1,1,1
1387,499900000,544,1116,280,37,1,1,1,1
1388,916300000,1647,1073,152,47,1,1,1,1
1388,499900000,552,1117,280,36,1,1,1,1
1389,916300000,1643,1073,153,47,1,1,1,1
1389,499900000,561,1117,279,36,1,1,1,1
1390,916300000,1638,1073,153,47,1,1,1,1
1390,499900000,570,1117,278,36,1,1,1,1
1391,916300000,1633,1073,154,47,1,1,1,1
1391,499900000,579,1117,278,36,1,1,1,1
1392,916300000,1628,1073,154,47,1,1,1,1
1392,499900000,588,1117,277,36,1,1,1,1
1393,916300000,1623,1073,155,47,1,1,1,1
1393,499900000,597,1117,276,36,1,1,1,1
1394,916300000,1619,1073,155,47,1,1,1,1
1394,499900000,606,1117,276,36,1,1,1,1
1395,916300000,1614,1073,156,47,1,1,1,1
1395,499900000,615,1117,275,36,1,1,1,1
1396,916300000,1609,1073,156,47,1,1,1,1
1396,499900000,624,1117,274,36,1,1,1,1
1397,916300000,1604,1073,157,47,1,1,1,1
1397,499900000,632,1117,274,36,1,1,1,1
1398,916300000,1598,1073,157,47,1,1,1,1
1398,499900000,641,1117,273,36,1,1,1,1
1399,916300000,1593,1073,158,47,1,1,1,1
1399,499900000,650,1117,272,36,1,1,1,1
1399,306600000,0,1105,29,35,1,1,1,1
1400,916300000,1588,1073,159,47,1,1,1,1
1400,499900000,659,1117,272,36,1,1,1,1
1400,306600000,0,1105,40,35,1,1,1,1
1401,916300000,1582,1073,159,47,1,1,1,1
1401,499900000,668,1117,271,36,1,1,1,1
1401,306600000,0,1105,51,36,1,1,1,1
1402,916300000,1577,1073,160,47,1,1,1,1
1402,499900000,676,1117,270,36,1,1,1,1
1402,306600000,0,1105,62,36,1,1,1,1
1403,916300000,1571,1074,160,47,1,1,1,1
1403,499900000,684,1117,269,36,1,1,1,1
1403,306600000,0,1105,74,36,1,1,1,1
1404,916300000,1566,1074,161,47,1,1,1,1
1404,499900000,692,1117,268,36,1,1,1,1
1404,306600000,0,1105,85,36,1,1,1,1
1405,916300000,1561,1074,162,47,1,1,1,1
1405,499900000,700,1117,268,36,1,1,1,1
1405,306600000,0,1105,96,37,1,1,1,1
1406,916300000,1555,1074,162,47,1,1,1,1
1406,499900000,708,1117,267,36,1,1,1,1
1406,306600000,0,1105,107,37,1,1,1,1
1407,916300000,1550,1074,163,47,1,1,1,1
1407,499900000,716,1117,266,36,1,1,1,1
1407,306600000,0,1104,118,37,1,1,1,1
1408,916300000,1545,1074,164,47,1,1,1,1
1408,499900000,724,1117,265,36,1,1,1,1
1408,306600000,0,1104,129,37,1,1,1,1
1409,916300000,1539,1074,164,47,1,1,1,1
1409,499900000,733,1117,264,36,1,1,1,1
1409,306600000,0,1104,140,38,1,1,1,1
1410,916300000,1534,1074,165,46,1,1,1,1
1410,499900000,741,1117,263,36,1,1,1,1
1410,306600000,0,1104,151,38,1,1,1,1
1411,916300000,1528,1074,165,46,1,1,1,1
1411,499900000,749,1117,262,36,1,1,1,1
1411,306600000,0,1104,163,38,1,1,1,1
1412,916300000,1523,1074,166,46,1,1,1,1
1412,499900000,757,1117,261,36,1,1,1,1
1412,306600000,0,1104,174,38,1,1,1,1
1413,916300000,1518,1074,167,46,1,1,1,1
1413,499900000,765,1117,261,36,1,1,1,1
1413,306600000,0,1104,185,39,1,1,1,1
1414,916300000,1512,1074,167,46,1,1,1,1
1414,499900000,773,1117,260,36,1,1,1,1
1414,306600000,0,1104,196,39,1,1,1,1
1415,916300000,1507,1074,168,46,1,1,1,1
1415,499900000,781,1117,259,36,1,1,1,1
1415,306600000,0,1104,206,39,1,1,1,1
1416,916300000,1502,1074,169,46,1,1,1,1
1416,499900000,789,1117,258,36,1,1,1,1
1416,306600000,0,1104,217,40,1,1,1,1
1417,916300000,1496,1075,169,46,1,1,1,1
1417,499900000,797,1117,257,36,1,1,1,1
1417,306600000,0,1103,227,40,1,1,1,1
1418,916300000,1491,1075,170,46,1,1,1,1
1418,499900000,805,1117,256,36,1,1,1,1
1418,306600000,0,1103,238,41,1,1,1,1
1419,916300000,1485,1075,170,46,1,1,1,1
1419,499900000,813,1117,255,35,1,1,1,1
1419,306600000,0,1103,248,41,1,1,1,1
1420,916300000,1480,1075,171,46,1,1,1,1
1420,499900000,821,1117,253,35,1,1,1,1
1420,306600000,0,1103,258,42,1,1,1,1
1421,916300000,1475,1075,172,46,1,1,1,1
1421,499900000,829,1117,252,35,1,1,1,1
1421,306600000,0,1102,269,42,1,1,1,1
1422,916300000,1469,1075,172,46,1,1,1,1
1422,499900000,837,1117,251,34,1,1,1,1
1422,306600000,0,1102,279,43,1,1,1,1
1423,916300000,1464,1075,173,46,1,1,1,1
1423,499900000,846,1117,250,34,1,1,1,1
1423,306600000,0,1102,290,43,1,1,1,1
1424,916300000,1458,1075,174,46,1,1,1,1
1424,499900000,854,1117,248,34,1,1,1,1
1424,306600000,0,1102,300,43,1,1,1,1
1425,916300000,1452,1075,175,47,1,1,1,1
1425,499900000,862,1117,247,33,1,1,1,1
1425,306600000,0,1102,310,44,1,1,1,1
1426,916300000,1446,1075,176,47,1,1,1,1
1426,499900000,870,1117,246,33,1,1,1,1
1426,306600000,0,1101,321,44,1,1,1,1
1427,916300000,1439,1075,177,47,1,1,1,1
1427,499900000,878,1117,245,33,1,1,1,1
1427,306600000,0,1101,331,45,1,1,1,1
1428,916300000,1433,1075,178,48,1,1,1,1
1428,499900000,886,1117,243,32,1,1,1,1
1428,306600000,0,1101,341,45,1,1,1,1
1429,916300000,1427,1075,179,48,1,1,1,1
1429,499900000,894,1117,242,32,1,1,1,1
1429,306600000,0,1101,352,46,1,1,1,1
1430,916300000,1421,1076,180,49,1,1,1,1
1430,499900000,901,1117,242,32,1,1,1,1
1430,306600000,0,1100,362,46,1,1,1,1
1431,916300000,1415,1076,181,49,1,1,1,1
1431,499900000,909,1117,242,33,1,1,1,1
1431,306600000,0,1100,373,47,1,1,1,1
1432,916300000,1409,1076,182,49,1,1,1,1
1432,499900000,916,1116,241,33,1,1,1,1
1432,306600000,0,1100,383,47,1,1,1,1
1433,916300000,1403,1076,183,50,1,1,1,1
1433,499900000,924,1116,241,34,1,1,1,1
1433,306600000,0,1092,393,55,1,1,1,1
1434,916300000,1396,1076,184,50,1,1,1,1
1434,499900000,931,1116,241,34,1,1,1,1
1434,306600000,0,1084,404,63,1,1,1,1
1435,916300000,1390,1076,185,50,1,1,1,1
1435,499900000,938,1116,241,34,1,1,1,1
1435,306600000,0,1076,414,71,1,1,1,1
1436,916300000,1384,1076,186,51,1,1,1,1
1436,499900000,946,1115,240,35,1,1,1,1
1436,306600000,0,1068,425,79,1,1,1,1
1437,916300000,1378,1076,187,51,1,1,1,1
1437,499900000,953,1115,240,35,1,1,1,1
1437,306600000,0,1060,435,87,1,1,1,1
