1,0,58,469,22,16,1,1,1,1
1,0,87,454,31,29,1,1,1,1
1,0,146,432,151,45,1,1,1,1
1,0,673,454,23,22,1,1,1,1
1,0,981,423,161,52,1,1,1,1
1,0,1146,460,14,13,1,1,1,1
1,0,1303,457,50,17,1,1,1,1
1,0,1380,446,36,27,1,1,1,1
1,0,1701,443,36,30,1,1,1,1
1,0,294,389,393,92,1,1,1,1
2,0,58,469,22,16,1,1,1,1
2,0,87,454,31,29,1,1,1,1
2,0,146,432,151,45,1,1,1,1
2,0,673,454,23,22,1,1,1,1
2,0,981,423,161,52,1,1,1,1
2,0,1146,460,14,13,1,1,1,1
2,0,1303,457,50,17,1,1,1,1
2,0,1380,446,36,27,1,1,1,1
2,0,1701,443,36,30,1,1,1,1
2,0,294,389,393,92,1,1,1,1
3,0,58,469,22,16,1,1,1,1
3,0,87,454,31,29,1,1,1,1
3,0,146,432,151,45,1,1,1,1
3,0,673,454,23,22,1,1,1,1
3,0,981,423,161,52,1,1,1,1
3,0,1146,460,14,13,1,1,1,1
3,0,1303,457,50,17,1,1,1,1
3,0,1380,446,36,27,1,1,1,1
3,0,1701,443,36,30,1,1,1,1
3,0,294,389,393,92,1,1,1,1
4,0,58,469,22,16,1,1,1,1
4,0,87,454,31,29,1,1,1,1
4,0,146,432,151,45,1,1,1,1
4,0,673,454,23,22,1,1,1,1
4,0,981,423,161,52,1,1,1,1
4,0,1146,460,14,13,1,1,1,1
4,0,1303,457,50,17,1,1,1,1
4,0,1380,446,36,27,1,1,1,1
4,0,1701,443,36,30,1,1,1,1
4,0,294,389,393,92,1,1,1,1
5,0,58,469,22,16,1,1,1,1
5,0,87,454,31,29,1,1,1,1
5,0,146,432,151,45,1,1,1,1
5,0,673,454,23,22,1,1,1,1
5,0,981,423,161,52,1,1,1,1
5,0,1146,460,14,13,1,1,1,1
5,0,1303,457,50,17,1,1,1,1
5,0,1380,446,36,27,1,1,1,1
5,0,1701,443,36,30,1,1,1,1
5,0,294,389,393,92,1,1,1,1
6,0,58,469,22,16,1,1,1,1
6,0,87,454,31,29,1,1,1,1
6,0,146,432,151,45,1,1,1,1
6,0,673,454,23,22,1,1,1,1
6,0,981,423,161,52,1,1,1,1
6,0,1146,460,14,13,1,1,1,1
6,0,1303,457,50,17,1,1,1,1
6,0,1381,446,34,27,1,1,1,1
6,0,1701,443,36,30,1,1,1,1
6,0,294,389,393,92,1,1,1,1
7,0,58,469,22,16,1,1,1,1
7,0,88,454,31,29,1,1,1,1
7,0,149,432,154,45,1,1,1,1
7,0,673,454,23,22,1,1,1,1
7,0,983,424,161,52,1,1,1,1
7,0,1146,460,14,13,1,1,1,1
7,0,1303,457,50,17,1,1,1,1
7,0,1381,446,34,27,1,1,1,1
7,0,1701,443,36,30,1,1,1,1
7,0,294,389,398,92,1,1,1,1
8,0,58,469,22,16,1,1,1,1
8,0,88,454,31,29,1,1,1,1
8,0,149,432,154,45,1,1,1,1
8,0,673,454,23,22,1,1,1,1
8,0,983,424,161,52,1,1,1,1
8,0,1146,460,14,13,1,1,1,1
8,0,1303,457,50,17,1,1,1,1
8,0,1381,446,34,27,1,1,1,1
8,0,1701,443,36,30,1,1,1,1
8,0,294,389,398,92,1,1,1,1
9,0,58,469,22,16,1,1,1,1
9,0,88,454,31,29,1,1,1,1
9,0,149,432,154,45,1,1,1,1
9,0,673,454,23,22,1,1,1,1
9,0,983,424,161,52,1,1,1,1
9,0,1146,460,14,13,1,1,1,1
9,0,1303,457,50,17,1,1,1,1
9,0,1381,446,34,27,1,1,1,1
9,0,1701,443,36,30,1,1,1,1
9,0,294,389,398,92,1,1,1,1
10,0,58,469,22,16,1,1,1,1
10,0,88,454,31,29,1,1,1,1
10,0,149,432,154,45,1,1,1,1
10,0,673,454,23,22,1,1,1,1
10,0,983,424,161,52,1,1,1,1
10,0,1146,460,14,13,1,1,1,1
10,0,1303,457,50,17,1,1,1,1
10,0,1381,446,34,27,1,1,1,1
10,0,1701,443,36,30,1,1,1,1
10,0,294,389,398,92,1,1,1,1
11,0,58,469,22,16,1,1,1,1
11,0,88,454,31,29,1,1,1,1
11,0,149,432,154,45,1,1,1,1
11,0,673,454,23,22,1,1,1,1
11,0,983,424,161,52,1,1,1,1
11,0,1146,460,14,13,1,1,1,1
11,0,1303,457,50,17,1,1,1,1
11,0,1381,446,34,27,1,1,1,1
11,0,1701,443,36,30,1,1,1,1
11,0,296,384,398,97,1,1,1,1
12,0,58,469,22,16,1,1,1,1
12,0,88,454,31,29,1,1,1,1
12,0,149,432,154,45,1,1,1,1
12,0,673,454,23,22,1,1,1,1
12,0,983,424,161,52,1,1,1,1
12,0,1146,460,14,13,1,1,1,1
12,0,1303,457,50,17,1,1,1,1
12,0,1381,446,34,27,1,1,1,1
12,0,1701,443,36,30,1,1,1,1
12,0,296,384,398,97,1,1,1,1
13,0,58,469,22,16,1,1,1,1
13,0,88,454,31,29,1,1,1,1
13,0,149,432,154,45,1,1,1,1
13,0,673,454,23,22,1,1,1,1
13,0,982,425,161,52,1,1,1,1
13,0,1146,460,14,13,1,1,1,1
13,0,1302,457,50,17,1,1,1,1
13,0,1381,446,34,27,1,1,1,1
13,0,1701,443,36,30,1,1,1,1
13,0,296,384,398,97,1,1,1,1
14,0,58,469,22,16,1,1,1,1
14,0,88,454,31,29,1,1,1,1
14,0,149,432,158,45,1,1,1,1
14,0,673,454,23,22,1,1,1,1
14,0,982,425,161,52,1,1,1,1
14,0,1146,460,14,13,1,1,1,1
14,0,1302,457,50,17,1,1,1,1
14,0,1381,446,34,27,1,1,1,1
14,0,1701,443,36,30,1,1,1,1
14,0,298,385,398,97,1,1,1,1
15,0,58,469,22,16,1,1,1,1
15,0,88,454,31,29,1,1,1,1
15,0,149,432,158,45,1,1,1,1
15,0,673,454,23,22,1,1,1,1
15,0,982,425,161,52,1,1,1,1
15,0,1146,460,14,13,1,1,1,1
15,0,1302,457,50,17,1,1,1,1
15,0,1381,446,34,27,1,1,1,1
15,0,1701,443,36,30,1,1,1,1
15,0,298,385,398,97,1,1,1,1
16,0,58,469,22,16,1,1,1,1
16,0,88,454,31,29,1,1,1,1
16,0,149,432,158,45,1,1,1,1
16,0,673,454,23,22,1,1,1,1
16,0,982,425,161,52,1,1,1,1
16,0,1146,460,14,13,1,1,1,1
16,0,1302,457,50,17,1,1,1,1
16,0,1381,446,34,27,1,1,1,1
16,0,1701,443,36,30,1,1,1,1
16,0,298,385,398,97,1,1,1,1
17,0,58,469,22,16,1,1,1,1
17,0,88,454,31,29,1,1,1,1
17,0,149,432,158,45,1,1,1,1
17,0,673,454,23,22,1,1,1,1
17,0,982,425,161,52,1,1,1,1
17,0,1146,460,14,13,1,1,1,1
17,0,1302,457,50,17,1,1,1,1
17,0,1381,446,34,27,1,1,1,1
17,0,1701,443,36,30,1,1,1,1
17,0,300,386,398,97,1,1,1,1
18,0,58,469,22,16,1,1,1,1
18,0,88,454,31,29,1,1,1,1
18,0,149,432,158,45,1,1,1,1
18,0,673,454,23,22,1,1,1,1
18,0,982,425,161,52,1,1,1,1
18,0,1146,460,14,13,1,1,1,1
18,0,1302,457,50,17,1,1,1,1
18,0,1381,446,34,27,1,1,1,1
18,0,1701,443,36,30,1,1,1,1
18,0,300,386,398,97,1,1,1,1
19,0,58,469,22,16,1,1,1,1
19,0,88,454,31,29,1,1,1,1
19,0,149,432,162,45,1,1,1,1
19,0,673,454,23,22,1,1,1,1
19,0,982,425,161,52,1,1,1,1
19,0,1146,460,14,13,1,1,1,1
19,0,1303,458,50,17,1,1,1,1
19,0,1381,446,34,27,1,1,1,1
19,0,1701,443,36,30,1,1,1,1
19,0,303,386,398,97,1,1,1,1
20,0,58,469,22,16,1,1,1,1
20,0,88,454,31,29,1,1,1,1
20,0,149,432,162,45,1,1,1,1
20,0,673,454,23,22,1,1,1,1
20,0,982,425,161,52,1,1,1,1
20,0,1146,460,14,13,1,1,1,1
20,0,1303,458,50,17,1,1,1,1
20,0,1381,446,34,27,1,1,1,1
20,0,1701,443,36,30,1,1,1,1
20,0,303,386,398,97,1,1,1,1
21,0,58,469,22,16,1,1,1,1
21,0,88,454,31,29,1,1,1,1
21,0,149,432,162,45,1,1,1,1
21,0,673,454,23,22,1,1,1,1
21,0,982,425,161,52,1,1,1,1
21,0,1146,460,14,13,1,1,1,1
21,0,1303,458,50,17,1,1,1,1
21,0,1381,446,34,27,1,1,1,1
21,0,1701,443,36,30,1,1,1,1
21,0,303,386,398,97,1,1,1,1
22,0,58,469,22,16,1,1,1,1
22,0,88,454,31,29,1,1,1,1
22,0,149,432,162,45,1,1,1,1
22,0,673,454,23,22,1,1,1,1
22,0,982,425,161,52,1,1,1,1
22,0,1146,460,14,13,1,1,1,1
22,0,1303,458,50,17,1,1,1,1
22,0,1381,446,34,27,1,1,1,1
22,0,1701,443,36,30,1,1,1,1
22,0,303,386,398,97,1,1,1,1
23,0,58,468,20,13,1,1,1,1
23,0,88,454,31,29,1,1,1,1
23,0,149,432,162,45,1,1,1,1
23,0,673,454,23,22,1,1,1,1
23,0,982,425,161,52,1,1,1,1
23,0,1147,461,14,13,1,1,1,1
23,0,1303,458,50,17,1,1,1,1
23,0,1381,446,34,27,1,1,1,1
23,0,1701,443,36,30,1,1,1,1
23,0,303,386,398,97,1,1,1,1
24,0,58,468,20,13,1,1,1,1
24,0,88,454,31,29,1,1,1,1
24,0,149,432,162,45,1,1,1,1
24,0,673,454,23,22,1,1,1,1
24,0,982,425,161,52,1,1,1,1
24,0,1147,461,14,13,1,1,1,1
24,0,1303,458,50,17,1,1,1,1
24,0,1381,446,34,27,1,1,1,1
24,0,1701,443,36,30,1,1,1,1
24,0,303,386,398,97,1,1,1,1
25,0,58,468,20,13,1,1,1,1
25,0,88,454,31,29,1,1,1,1
25,0,149,432,162,45,1,1,1,1
25,0,673,454,23,22,1,1,1,1
25,0,982,425,161,52,1,1,1,1
25,0,1147,461,14,13,1,1,1,1
25,0,1303,458,50,17,1,1,1,1
25,0,1381,446,34,27,1,1,1,1
25,0,1701,443,36,30,1,1,1,1
25,0,305,385,398,97,1,1,1,1
26,0,58,468,20,13,1,1,1,1
26,0,88,454,31,29,1,1,1,1
26,0,149,432,162,45,1,1,1,1
26,0,673,454,23,22,1,1,1,1
26,0,982,425,161,52,1,1,1,1
26,0,1147,461,14,13,1,1,1,1
26,0,1303,458,50,17,1,1,1,1
26,0,1381,446,34,27,1,1,1,1
26,0,1701,443,36,30,1,1,1,1
26,0,305,385,398,97,1,1,1,1
27,0,58,468,20,13,1,1,1,1
27,0,88,454,31,29,1,1,1,1
27,0,151,432,166,45,1,1,1,1
27,0,673,454,23,22,1,1,1,1
27,0,982,425,161,52,1,1,1,1
27,0,1147,461,14,13,1,1,1,1
27,0,1303,458,50,17,1,1,1,1
27,0,1381,446,34,27,1,1,1,1
27,0,1701,443,36,30,1,1,1,1
27,0,307,385,398,97,1,1,1,1
28,0,58,468,20,13,1,1,1,1
28,0,88,454,31,29,1,1,1,1
28,0,151,432,166,45,1,1,1,1
28,0,982,425,161,52,1,1,1,1
28,0,1147,461,14,13,1,1,1,1
28,0,1303,458,50,17,1,1,1,1
28,0,1381,446,34,27,1,1,1,1
28,0,1701,443,36,30,1,1,1,1
28,0,307,385,398,97,1,1,1,1
29,0,57,468,20,13,1,1,1,1
29,0,88,454,31,29,1,1,1,1
29,0,151,432,166,45,1,1,1,1
29,0,982,425,161,52,1,1,1,1
29,0,1147,461,14,13,1,1,1,1
29,0,1303,458,50,17,1,1,1,1
29,0,1381,446,34,27,1,1,1,1
29,0,1701,443,36,30,1,1,1,1
29,0,307,385,398,97,1,1,1,1
30,0,57,468,20,13,1,1,1,1
30,0,88,454,31,29,1,1,1,1
30,0,151,432,166,45,1,1,1,1
30,0,982,425,161,52,1,1,1,1
30,0,1147,461,14,13,1,1,1,1
30,0,1303,458,50,17,1,1,1,1
30,0,1381,446,34,27,1,1,1,1
30,0,1701,443,36,30,1,1,1,1
30,0,307,385,398,97,1,1,1,1
31,0,57,468,20,13,1,1,1,1
31,0,88,454,31,29,1,1,1,1
31,0,151,432,169,45,1,1,1,1
31,0,983,425,161,52,1,1,1,1
31,0,1147,461,14,13,1,1,1,1
31,0,1303,458,50,17,1,1,1,1
31,0,1381,446,34,27,1,1,1,1
31,0,1701,443,36,30,1,1,1,1
31,0,310,386,398,97,1,1,1,1
32,0,56,468,20,13,1,1,1,1
32,0,88,454,31,29,1,1,1,1
32,0,151,432,169,45,1,1,1,1
32,0,983,425,161,52,1,1,1,1
32,0,1147,461,14,13,1,1,1,1
32,0,1303,458,50,17,1,1,1,1
32,0,1381,446,34,27,1,1,1,1
32,0,1701,443,36,30,1,1,1,1
32,0,310,386,398,97,1,1,1,1
33,0,56,468,20,13,1,1,1,1
33,0,88,454,31,29,1,1,1,1
33,0,151,432,169,45,1,1,1,1
33,0,983,425,161,52,1,1,1,1
33,0,1147,461,14,13,1,1,1,1
33,0,1303,458,50,17,1,1,1,1
33,0,1381,446,34,27,1,1,1,1
33,0,1701,443,36,30,1,1,1,1
33,0,310,386,398,97,1,1,1,1
34,0,56,468,20,13,1,1,1,1
34,0,88,454,31,29,1,1,1,1
34,0,151,432,169,45,1,1,1,1
34,0,983,425,161,52,1,1,1,1
34,0,1147,461,14,13,1,1,1,1
34,0,1303,458,50,17,1,1,1,1
34,0,1381,446,34,27,1,1,1,1
34,0,1701,443,36,30,1,1,1,1
34,0,310,386,398,97,1,1,1,1
35,0,56,468,20,13,1,1,1,1
35,0,88,454,31,29,1,1,1,1
35,0,151,432,169,45,1,1,1,1
35,0,983,425,161,52,1,1,1,1
35,0,1147,461,14,13,1,1,1,1
35,0,1303,458,50,17,1,1,1,1
35,0,1381,446,34,27,1,1,1,1
35,0,1701,443,36,30,1,1,1,1
35,0,310,386,398,97,1,1,1,1
36,0,56,468,20,13,1,1,1,1
36,0,88,454,31,29,1,1,1,1
36,0,151,432,169,45,1,1,1,1
36,0,983,425,161,52,1,1,1,1
36,0,1147,461,14,13,1,1,1,1
36,0,1303,458,50,17,1,1,1,1
36,0,1381,446,34,27,1,1,1,1
36,0,1701,443,36,30,1,1,1,1
36,0,310,386,398,97,1,1,1,1
37,0,56,468,20,13,1,1,1,1
37,0,88,454,31,29,1,1,1,1
37,0,151,432,169,45,1,1,1,1
37,0,983,425,161,52,1,1,1,1
37,0,1147,461,14,13,1,1,1,1
37,0,1303,458,50,17,1,1,1,1
37,0,1381,446,34,27,1,1,1,1
37,0,1701,443,36,30,1,1,1,1
37,0,313,385,398,97,1,1,1,1
38,0,56,468,20,13,1,1,1,1
38,0,88,454,31,29,1,1,1,1
38,0,151,432,169,45,1,1,1,1
38,0,983,425,161,52,1,1,1,1
38,0,1147,461,14,13,1,1,1,1
38,0,1303,458,50,17,1,1,1,1
38,0,1381,446,34,27,1,1,1,1
38,0,1701,443,36,30,1,1,1,1
38,0,313,385,398,97,1,1,1,1
39,0,54,469,20,13,1,1,1,1
39,0,88,454,31,29,1,1,1,1
39,0,151,432,173,45,1,1,1,1
39,0,984,425,161,52,1,1,1,1
39,0,1147,461,14,13,1,1,1,1
39,0,1303,458,50,17,1,1,1,1
39,0,1381,446,34,27,1,1,1,1
39,0,1701,443,36,30,1,1,1,1
39,0,313,385,398,97,1,1,1,1
40,0,54,469,20,13,1,1,1,1
40,0,88,454,31,29,1,1,1,1
40,0,151,432,173,45,1,1,1,1
40,0,984,425,161,52,1,1,1,1
40,0,1147,461,14,13,1,1,1,1
40,0,1305,458,50,17,1,1,1,1
40,0,1383,447,34,27,1,1,1,1
40,0,1702,443,36,30,1,1,1,1
40,0,313,385,398,97,1,1,1,1
41,0,54,469,20,13,1,1,1,1
41,0,90,454,31,29,1,1,1,1
41,0,151,432,173,45,1,1,1,1
41,0,985,426,161,52,1,1,1,1
41,0,1147,461,14,13,1,1,1,1
41,0,1305,458,50,17,1,1,1,1
41,0,1383,447,34,27,1,1,1,1
41,0,1702,443,36,30,1,1,1,1
41,0,316,386,398,97,1,1,1,1
42,0,54,469,20,13,1,1,1,1
42,0,90,454,31,29,1,1,1,1
42,0,151,432,173,45,1,1,1,1
42,0,985,426,161,52,1,1,1,1
42,0,1147,461,14,13,1,1,1,1
42,0,1305,458,50,17,1,1,1,1
42,0,1383,447,34,27,1,1,1,1
42,0,1702,443,36,30,1,1,1,1
42,0,316,386,398,97,1,1,1,1
43,0,54,469,20,13,1,1,1,1
43,0,90,454,31,29,1,1,1,1
43,0,151,432,173,45,1,1,1,1
43,0,985,426,161,52,1,1,1,1
43,0,1147,461,14,13,1,1,1,1
43,0,1305,458,50,17,1,1,1,1
43,0,1383,447,34,27,1,1,1,1
43,0,1702,443,36,30,1,1,1,1
43,0,316,386,398,97,1,1,1,1
44,0,54,469,20,13,1,1,1,1
44,0,90,454,31,29,1,1,1,1
44,0,151,432,173,45,1,1,1,1
44,0,985,426,161,52,1,1,1,1
44,0,1147,461,14,13,1,1,1,1
44,0,1305,458,50,17,1,1,1,1
44,0,1383,447,34,27,1,1,1,1
44,0,1702,443,36,30,1,1,1,1
44,0,318,386,398,97,1,1,1,1
45,0,54,469,20,13,1,1,1,1
45,0,90,454,31,29,1,1,1,1
45,0,151,432,173,45,1,1,1,1
45,0,985,426,161,52,1,1,1,1
45,0,1148,461,14,13,1,1,1,1
45,0,1305,458,50,17,1,1,1,1
45,0,1383,447,34,27,1,1,1,1
45,0,1702,443,36,30,1,1,1,1
45,0,318,386,398,97,1,1,1,1
46,0,54,469,20,13,1,1,1,1
46,0,90,454,31,29,1,1,1,1
46,0,151,432,173,45,1,1,1,1
46,0,985,426,161,52,1,1,1,1
46,0,1148,461,14,13,1,1,1,1
46,0,1305,458,50,17,1,1,1,1
46,0,1383,447,34,27,1,1,1,1
46,0,1702,443,36,30,1,1,1,1
46,0,318,386,398,97,1,1,1,1
47,0,54,469,20,13,1,1,1,1
47,0,90,454,31,29,1,1,1,1
47,0,151,432,173,45,1,1,1,1
47,0,985,426,161,52,1,1,1,1
47,0,1148,461,14,13,1,1,1,1
47,0,1305,458,50,17,1,1,1,1
47,0,1383,447,34,27,1,1,1,1
47,0,1702,443,36,30,1,1,1,1
47,0,320,386,398,97,1,1,1,1
48,0,54,469,20,13,1,1,1,1
48,0,90,454,31,29,1,1,1,1
48,0,151,432,173,45,1,1,1,1
48,0,985,426,161,52,1,1,1,1
48,0,1148,461,14,13,1,1,1,1
48,0,1305,458,50,17,1,1,1,1
48,0,1383,447,34,27,1,1,1,1
48,0,1702,443,36,30,1,1,1,1
48,0,320,386,398,97,1,1,1,1
49,0,54,469,20,13,1,1,1,1
49,0,90,454,31,29,1,1,1,1
49,0,151,432,173,45,1,1,1,1
49,0,985,426,161,52,1,1,1,1
49,0,1148,461,14,13,1,1,1,1
49,0,1305,458,50,17,1,1,1,1
49,0,1383,447,34,27,1,1,1,1
49,0,1702,443,36,30,1,1,1,1
49,0,320,386,398,97,1,1,1,1
50,0,54,469,20,13,1,1,1,1
50,0,90,454,31,29,1,1,1,1
50,0,151,432,175,45,1,1,1,1
50,0,985,426,161,52,1,1,1,1
50,0,1148,461,14,13,1,1,1,1
50,0,1305,458,50,17,1,1,1,1
50,0,1383,447,34,27,1,1,1,1
50,0,1702,443,36,30,1,1,1,1
50,0,322,386,398,97,1,1,1,1
51,0,54,469,20,13,1,1,1,1
51,0,90,454,31,29,1,1,1,1
51,0,151,432,175,45,1,1,1,1
51,0,985,426,161,52,1,1,1,1
51,0,1148,461,14,13,1,1,1,1
51,0,1305,458,50,17,1,1,1,1
51,0,1383,447,34,27,1,1,1,1
51,0,1702,443,36,30,1,1,1,1
51,0,322,386,398,97,1,1,1,1
52,0,54,469,20,13,1,1,1,1
52,0,90,454,31,29,1,1,1,1
52,0,151,432,175,45,1,1,1,1
52,0,985,426,161,52,1,1,1,1
52,0,1148,461,14,13,1,1,1,1
52,0,1305,458,50,17,1,1,1,1
52,0,1383,447,34,27,1,1,1,1
52,0,1702,443,36,30,1,1,1,1
52,0,322,386,398,97,1,1,1,1
53,0,54,469,20,13,1,1,1,1
53,0,90,454,31,29,1,1,1,1
53,0,151,432,175,45,1,1,1,1
53,0,985,426,161,52,1,1,1,1
53,0,1148,461,14,13,1,1,1,1
53,0,1305,458,50,17,1,1,1,1
53,0,1383,447,34,27,1,1,1,1
53,0,1702,443,36,30,1,1,1,1
53,0,325,386,398,97,1,1,1,1
54,0,54,469,20,13,1,1,1,1
54,0,90,454,31,29,1,1,1,1
54,0,151,432,175,45,1,1,1,1
54,0,986,426,161,52,1,1,1,1
54,0,1148,461,14,13,1,1,1,1
54,0,1305,458,50,17,1,1,1,1
54,0,1384,447,34,27,1,1,1,1
54,0,1703,443,36,30,1,1,1,1
54,0,325,386,398,97,1,1,1,1
55,0,54,469,20,13,1,1,1,1
55,0,90,454,31,29,1,1,1,1
55,0,151,432,175,45,1,1,1,1
55,0,986,426,161,52,1,1,1,1
55,0,1148,461,14,13,1,1,1,1
55,0,1305,458,50,17,1,1,1,1
55,0,1384,447,34,27,1,1,1,1
55,0,1703,443,36,30,1,1,1,1
55,0,325,386,398,97,1,1,1,1
56,0,54,469,20,13,1,1,1,1
56,0,90,454,31,29,1,1,1,1
56,0,151,432,175,45,1,1,1,1
56,0,986,426,161,52,1,1,1,1
56,0,1148,461,14,13,1,1,1,1
56,0,1305,458,50,17,1,1,1,1
56,0,1384,447,34,27,1,1,1,1
56,0,1703,443,36,30,1,1,1,1
56,0,325,386,398,97,1,1,1,1
57,0,54,469,20,13,1,1,1,1
57,0,91,454,31,29,1,1,1,1
57,0,151,432,175,45,1,1,1,1
57,0,986,426,161,52,1,1,1,1
57,0,1149,462,14,13,1,1,1,1
57,0,1306,458,50,17,1,1,1,1
57,0,1384,447,34,27,1,1,1,1
57,0,1703,443,36,30,1,1,1,1
57,0,328,387,398,97,1,1,1,1
58,0,54,469,20,13,1,1,1,1
58,0,91,454,31,29,1,1,1,1
58,0,151,432,175,45,1,1,1,1
58,0,986,426,161,52,1,1,1,1
58,0,1149,462,14,13,1,1,1,1
58,0,1306,458,50,17,1,1,1,1
58,0,1384,447,34,27,1,1,1,1
58,0,1703,443,36,30,1,1,1,1
58,0,328,387,398,97,1,1,1,1
59,0,54,469,20,13,1,1,1,1
59,0,91,454,31,29,1,1,1,1
59,0,151,432,175,45,1,1,1,1
59,0,986,426,161,52,1,1,1,1
59,0,1149,462,14,13,1,1,1,1
59,0,1306,458,50,17,1,1,1,1
59,0,1384,447,34,27,1,1,1,1
59,0,1703,443,36,30,1,1,1,1
59,0,328,387,398,97,1,1,1,1
60,0,54,469,20,13,1,1,1,1
60,0,91,454,31,29,1,1,1,1
60,0,151,432,175,45,1,1,1,1
60,0,986,426,161,52,1,1,1,1
60,0,1149,462,14,13,1,1,1,1
60,0,1306,458,50,17,1,1,1,1
60,0,1384,447,34,27,1,1,1,1
60,0,1703,443,36,30,1,1,1,1
60,0,328,387,399,97,1,1,1,1
61,0,54,469,20,13,1,1,1,1
61,0,91,454,31,29,1,1,1,1
61,0,151,433,178,45,1,1,1,1
61,0,987,426,161,52,1,1,1,1
61,0,1149,462,14,13,1,1,1,1
61,0,1306,458,50,17,1,1,1,1
61,0,1384,447,34,27,1,1,1,1
61,0,1703,443,36,30,1,1,1,1
61,0,328,387,399,97,1,1,1,1
62,0,54,469,20,13,1,1,1,1
62,0,91,454,31,29,1,1,1,1
62,0,151,433,178,45,1,1,1,1
62,0,987,426,161,52,1,1,1,1
62,0,1149,462,14,13,1,1,1,1
62,0,1306,458,50,17,1,1,1,1
62,0,1384,447,34,27,1,1,1,1
62,0,1703,443,36,30,1,1,1,1
62,0,329,387,401,97,1,1,1,1
63,0,54,469,20,13,1,1,1,1
63,0,91,454,31,29,1,1,1,1
63,0,150,434,178,45,1,1,1,1
63,0,987,426,161,52,1,1,1,1
63,0,1149,462,14,13,1,1,1,1
63,0,1306,458,50,17,1,1,1,1
63,0,1384,447,34,27,1,1,1,1
63,0,1703,443,36,30,1,1,1,1
63,0,329,387,401,97,1,1,1,1
64,0,54,469,20,13,1,1,1,1
64,0,91,454,31,29,1,1,1,1
64,0,150,434,178,45,1,1,1,1
64,0,987,426,161,52,1,1,1,1
64,0,1149,462,14,13,1,1,1,1
64,0,1305,459,50,17,1,1,1,1
64,0,1384,447,34,27,1,1,1,1
64,0,1703,443,36,30,1,1,1,1
64,0,329,387,401,97,1,1,1,1
65,0,54,469,20,13,1,1,1,1
65,0,91,454,31,29,1,1,1,1
65,0,150,434,178,45,1,1,1,1
65,0,987,426,161,52,1,1,1,1
65,0,1149,462,14,13,1,1,1,1
65,0,1305,459,50,17,1,1,1,1
65,0,1384,447,34,27,1,1,1,1
65,0,1703,443,36,30,1,1,1,1
65,0,331,387,401,97,1,1,1,1
66,0,54,469,20,13,1,1,1,1
66,0,91,454,31,29,1,1,1,1
66,0,150,434,178,45,1,1,1,1
66,0,987,426,161,52,1,1,1,1
66,0,1149,462,14,13,1,1,1,1
66,0,1305,459,50,17,1,1,1,1
66,0,1384,447,34,27,1,1,1,1
66,0,1703,443,36,30,1,1,1,1
66,0,331,387,401,97,1,1,1,1
67,0,54,469,20,13,1,1,1,1
67,0,91,454,31,29,1,1,1,1
67,0,150,434,178,45,1,1,1,1
67,0,987,426,161,52,1,1,1,1
67,0,1149,462,14,13,1,1,1,1
67,0,1305,459,50,17,1,1,1,1
67,0,1384,447,34,27,1,1,1,1
67,0,1703,443,36,30,1,1,1,1
67,0,331,387,401,97,1,1,1,1
68,0,54,469,17,11,1,1,1,1
68,0,90,454,31,29,1,1,1,1
68,0,150,434,178,45,1,1,1,1
68,0,987,426,161,52,1,1,1,1
68,0,1149,462,14,13,1,1,1,1
68,0,1305,459,50,17,1,1,1,1
68,0,1384,447,34,27,1,1,1,1
68,0,1703,443,36,30,1,1,1,1
68,0,331,387,401,97,1,1,1,1
69,0,54,469,17,11,1,1,1,1
69,0,90,454,31,29,1,1,1,1
69,0,150,434,178,45,1,1,1,1
69,0,987,426,161,52,1,1,1,1
69,0,1149,462,14,13,1,1,1,1
69,0,1305,459,50,17,1,1,1,1
69,0,1384,447,34,27,1,1,1,1
69,0,1704,443,36,30,1,1,1,1
69,0,333,387,401,97,1,1,1,1
70,0,54,469,17,11,1,1,1,1
70,0,91,454,31,29,1,1,1,1
70,0,150,434,178,45,1,1,1,1
70,0,987,426,161,52,1,1,1,1
70,0,1149,462,14,13,1,1,1,1
70,0,1305,459,50,17,1,1,1,1
70,0,1384,447,34,27,1,1,1,1
70,0,1704,443,36,30,1,1,1,1
70,0,334,388,401,97,1,1,1,1
71,0,54,469,17,11,1,1,1,1
71,0,91,454,31,29,1,1,1,1
71,0,150,434,178,45,1,1,1,1
71,0,987,426,161,52,1,1,1,1
71,0,1149,462,14,13,1,1,1,1
71,0,1305,459,50,17,1,1,1,1
71,0,1384,447,34,27,1,1,1,1
71,0,1704,443,36,30,1,1,1,1
71,0,334,388,401,97,1,1,1,1
72,0,54,469,17,11,1,1,1,1
72,0,91,454,31,29,1,1,1,1
72,0,150,434,178,45,1,1,1,1
72,0,987,426,161,52,1,1,1,1
72,0,1149,462,14,13,1,1,1,1
72,0,1304,460,50,17,1,1,1,1
72,0,1384,447,34,27,1,1,1,1
72,0,1702,443,36,30,1,1,1,1
72,0,334,388,401,97,1,1,1,1
73,0,54,469,17,11,1,1,1,1
73,0,91,454,31,29,1,1,1,1
73,0,150,434,178,45,1,1,1,1
73,0,987,426,161,52,1,1,1,1
73,0,1149,462,14,13,1,1,1,1
73,0,1304,460,50,17,1,1,1,1
73,0,1384,447,34,27,1,1,1,1
73,0,1702,443,36,30,1,1,1,1
73,0,335,388,401,97,1,1,1,1
74,0,54,469,17,11,1,1,1,1
74,0,91,454,31,29,1,1,1,1
74,0,150,434,178,45,1,1,1,1
74,0,987,426,161,52,1,1,1,1
74,0,1149,462,14,13,1,1,1,1
74,0,1304,460,50,17,1,1,1,1
74,0,1384,447,34,27,1,1,1,1
74,0,1702,443,36,30,1,1,1,1
74,0,335,388,401,97,1,1,1,1
75,0,54,469,17,11,1,1,1,1
75,0,91,454,31,29,1,1,1,1
75,0,150,434,178,45,1,1,1,1
75,0,987,426,161,52,1,1,1,1
75,0,1149,462,14,13,1,1,1,1
75,0,1304,460,50,17,1,1,1,1
75,0,1384,447,34,27,1,1,1,1
75,0,1702,443,36,30,1,1,1,1
75,0,337,386,401,97,1,1,1,1
76,0,54,469,17,11,1,1,1,1
76,0,91,454,31,29,1,1,1,1
76,0,150,434,178,45,1,1,1,1
76,0,987,426,161,52,1,1,1,1
76,0,1149,462,14,13,1,1,1,1
76,0,1304,460,50,17,1,1,1,1
76,0,1384,447,34,27,1,1,1,1
76,0,1704,443,36,30,1,1,1,1
76,0,337,386,401,97,1,1,1,1
77,0,54,469,17,11,1,1,1,1
77,0,91,454,31,29,1,1,1,1
77,0,150,434,178,45,1,1,1,1
77,0,987,426,161,52,1,1,1,1
77,0,1149,462,14,13,1,1,1,1
77,0,1304,460,50,17,1,1,1,1
77,0,1384,447,34,27,1,1,1,1
77,0,1704,443,36,30,1,1,1,1
77,0,338,386,401,97,1,1,1,1
78,0,54,469,17,11,1,1,1,1
78,0,91,454,31,29,1,1,1,1
78,0,150,434,178,45,1,1,1,1
78,0,987,426,161,52,1,1,1,1
78,0,1149,462,14,13,1,1,1,1
78,0,1304,460,50,17,1,1,1,1
78,0,1384,447,34,27,1,1,1,1
78,0,1704,443,36,30,1,1,1,1
78,0,338,386,401,97,1,1,1,1
79,0,54,469,17,11,1,1,1,1
79,0,91,454,31,29,1,1,1,1
79,0,150,434,178,45,1,1,1,1
79,0,987,426,161,52,1,1,1,1
79,0,1149,462,14,13,1,1,1,1
79,0,1304,460,50,17,1,1,1,1
79,0,1384,447,34,27,1,1,1,1
79,0,1704,443,36,30,1,1,1,1
79,0,338,386,401,97,1,1,1,1
80,0,52,470,17,11,1,1,1,1
80,0,91,454,31,29,1,1,1,1
80,0,150,434,178,45,1,1,1,1
80,0,987,426,161,52,1,1,1,1
80,0,1149,462,14,13,1,1,1,1
80,0,1304,460,50,17,1,1,1,1
80,0,1384,447,34,27,1,1,1,1
80,0,1704,443,36,30,1,1,1,1
80,0,338,386,401,97,1,1,1,1
81,0,52,470,17,11,1,1,1,1
81,0,91,454,31,29,1,1,1,1
81,0,150,434,178,45,1,1,1,1
81,0,987,426,161,52,1,1,1,1
81,0,1149,462,14,13,1,1,1,1
81,0,1304,460,50,17,1,1,1,1
81,0,1384,447,34,27,1,1,1,1
81,0,1704,443,36,30,1,1,1,1
81,0,340,386,401,97,1,1,1,1
82,0,52,470,17,11,1,1,1,1
82,0,91,454,31,29,1,1,1,1
82,0,150,434,178,45,1,1,1,1
82,0,987,426,161,52,1,1,1,1
82,0,1149,462,14,13,1,1,1,1
82,0,1304,460,50,17,1,1,1,1
82,0,1384,447,34,27,1,1,1,1
82,0,1704,443,36,30,1,1,1,1
82,0,341,386,401,97,1,1,1,1
83,0,52,470,17,11,1,1,1,1
83,0,91,454,31,29,1,1,1,1
83,0,150,434,178,45,1,1,1,1
83,0,987,426,161,52,1,1,1,1
83,0,1149,462,14,13,1,1,1,1
83,0,1304,460,50,17,1,1,1,1
83,0,1384,447,34,27,1,1,1,1
83,0,1704,443,36,30,1,1,1,1
83,0,341,386,401,97,1,1,1,1
84,0,52,470,17,11,1,1,1,1
84,0,91,454,31,29,1,1,1,1
84,0,150,434,178,45,1,1,1,1
84,0,987,426,161,52,1,1,1,1
84,0,1149,462,14,13,1,1,1,1
84,0,1304,460,50,17,1,1,1,1
84,0,1384,447,34,27,1,1,1,1
84,0,1704,443,36,30,1,1,1,1
84,0,341,386,401,97,1,1,1,1
85,0,52,470,17,11,1,1,1,1
85,0,91,454,31,29,1,1,1,1
85,0,150,434,178,45,1,1,1,1
85,0,987,426,161,52,1,1,1,1
85,0,1149,462,14,13,1,1,1,1
85,0,1304,460,50,17,1,1,1,1
85,0,1384,447,34,27,1,1,1,1
85,0,1704,443,36,30,1,1,1,1
85,0,343,386,401,97,1,1,1,1
86,0,52,470,17,11,1,1,1,1
86,0,91,454,31,29,1,1,1,1
86,0,150,434,178,45,1,1,1,1
86,0,988,426,161,52,1,1,1,1
86,0,1149,462,14,13,1,1,1,1
86,0,1306,460,50,17,1,1,1,1
86,0,1385,447,34,27,1,1,1,1
86,0,1705,443,36,30,1,1,1,1
86,0,343,386,401,97,1,1,1,1
87,0,52,470,17,11,1,1,1,1
87,0,91,454,31,29,1,1,1,1
87,0,150,434,178,45,1,1,1,1
87,0,988,426,161,52,1,1,1,1
87,0,1149,462,14,13,1,1,1,1
87,0,1306,460,50,17,1,1,1,1
87,0,1385,447,34,27,1,1,1,1
87,0,1705,443,36,30,1,1,1,1
87,0,343,386,401,97,1,1,1,1
88,0,52,470,17,11,1,1,1,1
88,0,91,454,31,29,1,1,1,1
88,0,150,434,178,45,1,1,1,1
88,0,988,426,161,52,1,1,1,1
88,0,1149,462,14,13,1,1,1,1
88,0,1306,460,50,17,1,1,1,1
88,0,1385,447,34,27,1,1,1,1
88,0,1705,443,36,30,1,1,1,1
88,0,345,386,401,97,1,1,1,1
89,0,52,470,17,11,1,1,1,1
89,0,91,454,31,29,1,1,1,1
89,0,150,434,178,45,1,1,1,1
89,0,988,426,161,52,1,1,1,1
89,0,1149,462,14,13,1,1,1,1
89,0,1306,460,50,17,1,1,1,1
89,0,1385,447,34,27,1,1,1,1
89,0,1705,443,36,30,1,1,1,1
89,0,345,386,401,97,1,1,1,1
90,0,51,470,17,11,1,1,1,1
90,0,91,454,31,29,1,1,1,1
90,0,150,434,178,45,1,1,1,1
90,0,988,426,161,52,1,1,1,1
90,0,1149,462,14,13,1,1,1,1
90,0,1306,460,50,17,1,1,1,1
90,0,1385,447,34,27,1,1,1,1
90,0,1705,443,36,30,1,1,1,1
90,0,345,386,401,97,1,1,1,1
91,0,51,470,17,11,1,1,1,1
91,0,91,454,31,29,1,1,1,1
91,0,150,434,178,45,1,1,1,1
91,0,989,426,161,52,1,1,1,1
91,0,1149,462,14,13,1,1,1,1
91,0,1306,460,50,17,1,1,1,1
91,0,1385,447,34,27,1,1,1,1
91,0,1705,443,36,30,1,1,1,1
91,0,347,386,401,97,1,1,1,1
92,0,51,470,17,11,1,1,1,1
92,0,91,454,31,29,1,1,1,1
92,0,150,434,178,45,1,1,1,1
92,0,989,426,161,52,1,1,1,1
92,0,1149,462,14,13,1,1,1,1
92,0,1306,460,50,17,1,1,1,1
92,0,1385,447,34,27,1,1,1,1
92,0,1705,443,36,30,1,1,1,1
92,0,347,386,401,97,1,1,1,1
93,0,49,470,17,11,1,1,1,1
93,0,91,454,31,29,1,1,1,1
93,0,150,434,178,45,1,1,1,1
93,0,989,426,161,52,1,1,1,1
93,0,1149,462,14,13,1,1,1,1
93,0,1306,460,50,17,1,1,1,1
93,0,1385,447,34,27,1,1,1,1
93,0,1705,443,36,30,1,1,1,1
93,0,347,386,401,97,1,1,1,1
94,0,49,470,17,11,1,1,1,1
94,0,91,454,31,29,1,1,1,1
94,0,150,434,178,45,1,1,1,1
94,0,989,426,161,52,1,1,1,1
94,0,1149,462,14,13,1,1,1,1
94,0,1306,460,50,17,1,1,1,1
94,0,1385,447,34,27,1,1,1,1
94,0,1705,443,36,30,1,1,1,1
94,0,349,387,401,97,1,1,1,1
95,0,49,470,17,11,1,1,1,1
95,0,91,454,31,29,1,1,1,1
95,0,150,434,178,45,1,1,1,1
95,0,989,426,161,52,1,1,1,1
95,0,1149,462,14,13,1,1,1,1
95,0,1306,460,50,17,1,1,1,1
95,0,1385,447,34,27,1,1,1,1
95,0,1705,443,36,30,1,1,1,1
95,0,349,387,401,97,1,1,1,1
96,0,49,470,17,11,1,1,1,1
96,0,91,454,31,29,1,1,1,1
96,0,150,434,178,45,1,1,1,1
96,0,989,426,161,52,1,1,1,1
96,0,1149,462,14,13,1,1,1,1
96,0,1306,460,50,17,1,1,1,1
96,0,1385,447,34,27,1,1,1,1
96,0,1705,443,36,30,1,1,1,1
96,0,349,387,401,97,1,1,1,1
97,0,49,470,17,11,1,1,1,1
97,0,91,454,31,29,1,1,1,1
97,0,150,434,178,45,1,1,1,1
97,0,989,426,161,52,1,1,1,1
97,0,1149,462,14,13,1,1,1,1
97,0,1306,460,50,17,1,1,1,1
97,0,1385,447,34,27,1,1,1,1
97,0,1705,443,36,30,1,1,1,1
97,0,351,387,401,97,1,1,1,1
98,0,49,470,17,11,1,1,1,1
98,0,92,455,31,29,1,1,1,1
98,0,150,434,178,45,1,1,1,1
98,0,989,426,161,52,1,1,1,1
98,0,1149,462,14,13,1,1,1,1
98,0,1306,460,50,17,1,1,1,1
98,0,1385,447,34,27,1,1,1,1
98,0,1705,443,36,30,1,1,1,1
98,0,351,387,401,97,1,1,1,1
99,0,49,470,17,11,1,1,1,1
99,0,92,455,31,29,1,1,1,1
99,0,150,434,178,45,1,1,1,1
99,0,989,426,161,52,1,1,1,1
99,0,1149,462,14,13,1,1,1,1
99,0,1306,460,50,17,1,1,1,1
99,0,1385,447,34,27,1,1,1,1
99,0,1705,443,36,30,1,1,1,1
99,0,353,387,401,97,1,1,1,1
100,0,49,470,17,11,1,1,1,1
100,0,92,455,31,29,1,1,1,1
100,0,151,434,178,45,1,1,1,1
100,0,989,426,161,52,1,1,1,1
100,0,1149,462,14,13,1,1,1,1
100,0,1306,460,50,17,1,1,1,1
100,0,1386,447,34,27,1,1,1,1
100,0,1706,443,36,30,1,1,1,1
100,0,353,387,401,97,1,1,1,1
101,0,49,470,17,11,1,1,1,1
101,0,92,455,31,29,1,1,1,1
101,0,151,434,178,45,1,1,1,1
101,0,989,426,161,52,1,1,1,1
101,0,1149,462,14,13,1,1,1,1
101,0,1306,460,50,17,1,1,1,1
101,0,1386,447,34,27,1,1,1,1
101,0,1706,443,36,30,1,1,1,1
101,0,353,387,401,97,1,1,1,1
102,0,49,470,17,11,1,1,1,1
102,0,92,455,31,29,1,1,1,1
102,0,151,434,178,45,1,1,1,1
102,0,989,426,161,52,1,1,1,1
102,0,1149,462,14,13,1,1,1,1
102,0,1306,460,50,17,1,1,1,1
102,0,1386,447,34,27,1,1,1,1
102,0,1706,443,36,30,1,1,1,1
102,0,355,387,401,97,1,1,1,1
103,0,49,470,17,11,1,1,1,1
103,0,92,455,31,29,1,1,1,1
103,0,151,434,178,45,1,1,1,1
103,0,991,426,161,52,1,1,1,1
103,0,1149,462,14,13,1,1,1,1
103,0,1306,460,50,17,1,1,1,1
103,0,1386,447,34,27,1,1,1,1
103,0,1706,443,36,30,1,1,1,1
103,0,355,387,401,97,1,1,1,1
104,0,49,470,17,11,1,1,1,1
104,0,92,455,31,29,1,1,1,1
104,0,151,434,178,45,1,1,1,1
104,0,991,426,161,52,1,1,1,1
104,0,1149,462,14,13,1,1,1,1
104,0,1306,460,50,17,1,1,1,1
104,0,1386,447,34,27,1,1,1,1
104,0,1706,443,36,30,1,1,1,1
104,0,356,387,401,97,1,1,1,1
105,0,49,470,17,11,1,1,1,1
105,0,92,455,31,29,1,1,1,1
105,0,151,434,178,45,1,1,1,1
105,0,991,426,161,52,1,1,1,1
105,0,1149,462,14,13,1,1,1,1
105,0,1306,460,50,17,1,1,1,1
105,0,1386,447,34,27,1,1,1,1
105,0,1706,443,36,30,1,1,1,1
105,0,356,387,401,97,1,1,1,1
106,0,49,470,17,11,1,1,1,1
106,0,92,455,31,29,1,1,1,1
106,0,151,434,178,45,1,1,1,1
106,0,991,426,161,52,1,1,1,1
106,0,1149,462,14,13,1,1,1,1
106,0,1306,460,50,17,1,1,1,1
106,0,1386,447,34,27,1,1,1,1
106,0,1706,443,36,30,1,1,1,1
106,0,356,387,401,97,1,1,1,1
107,0,49,470,17,11,1,1,1,1
107,0,92,455,31,29,1,1,1,1
107,0,151,434,178,45,1,1,1,1
107,0,991,426,161,52,1,1,1,1
107,0,1149,462,14,13,1,1,1,1
107,0,1306,460,50,17,1,1,1,1
107,0,1386,447,34,27,1,1,1,1
107,0,1706,443,36,30,1,1,1,1
107,0,358,388,401,97,1,1,1,1
108,0,49,470,17,11,1,1,1,1
108,0,93,455,31,29,1,1,1,1
108,0,151,434,178,45,1,1,1,1
108,0,991,426,161,52,1,1,1,1
108,0,1149,462,14,13,1,1,1,1
108,0,1306,460,50,17,1,1,1,1
108,0,1386,447,34,27,1,1,1,1
108,0,1708,443,36,30,1,1,1,1
108,0,360,388,401,97,1,1,1,1
109,0,49,470,17,11,1,1,1,1
109,0,93,455,31,29,1,1,1,1
109,0,151,434,178,45,1,1,1,1
109,0,991,426,161,52,1,1,1,1
109,0,1149,462,14,13,1,1,1,1
109,0,1306,460,50,17,1,1,1,1
109,0,1386,447,34,27,1,1,1,1
109,0,1708,443,36,30,1,1,1,1
109,0,360,388,401,97,1,1,1,1
110,0,49,470,17,11,1,1,1,1
110,0,93,455,31,29,1,1,1,1
110,0,151,434,178,45,1,1,1,1
110,0,991,426,161,52,1,1,1,1
110,0,1149,462,14,13,1,1,1,1
110,0,1306,460,50,17,1,1,1,1
110,0,1386,447,34,27,1,1,1,1
110,0,1708,443,36,30,1,1,1,1
110,0,360,388,401,97,1,1,1,1
111,0,49,470,17,11,1,1,1,1
111,0,93,455,31,29,1,1,1,1
111,0,151,434,178,45,1,1,1,1
111,0,991,426,161,52,1,1,1,1
111,0,1149,462,14,13,1,1,1,1
111,0,1306,460,50,17,1,1,1,1
111,0,1386,447,34,27,1,1,1,1
111,0,1708,443,36,30,1,1,1,1
111,0,360,388,401,97,1,1,1,1
112,0,49,470,17,11,1,1,1,1
112,0,93,455,31,29,1,1,1,1
112,0,151,434,178,45,1,1,1,1
112,0,991,426,161,52,1,1,1,1
112,0,1149,462,14,13,1,1,1,1
112,0,1306,460,50,17,1,1,1,1
112,0,1386,447,34,27,1,1,1,1
112,0,1708,443,36,30,1,1,1,1
112,0,362,388,401,97,1,1,1,1
113,0,49,470,17,11,1,1,1,1
113,0,93,455,31,29,1,1,1,1
113,0,151,434,178,45,1,1,1,1
113,0,991,426,161,52,1,1,1,1
113,0,1149,462,14,13,1,1,1,1
113,0,1306,460,50,17,1,1,1,1
113,0,1386,447,34,27,1,1,1,1
113,0,1708,443,36,30,1,1,1,1
113,0,362,388,401,97,1,1,1,1
114,0,47,470,17,11,1,1,1,1
114,0,93,455,31,29,1,1,1,1
114,0,151,434,178,45,1,1,1,1
114,0,991,426,161,52,1,1,1,1
114,0,1149,462,14,13,1,1,1,1
114,0,1306,460,50,17,1,1,1,1
114,0,1386,447,34,27,1,1,1,1
114,0,1708,443,36,30,1,1,1,1
114,0,362,388,401,97,1,1,1,1
115,0,47,470,17,11,1,1,1,1
115,0,93,455,31,29,1,1,1,1
115,0,151,434,178,45,1,1,1,1
115,0,991,426,161,52,1,1,1,1
115,0,1149,462,14,13,1,1,1,1
115,0,1306,460,50,17,1,1,1,1
115,0,1386,447,34,27,1,1,1,1
115,0,1708,443,36,30,1,1,1,1
115,0,362,388,401,97,1,1,1,1
116,0,47,470,17,11,1,1,1,1
116,0,93,455,31,29,1,1,1,1
116,0,151,434,178,45,1,1,1,1
116,0,991,426,161,52,1,1,1,1
116,0,1149,462,14,13,1,1,1,1
116,0,1307,460,50,17,1,1,1,1
116,0,1386,447,34,27,1,1,1,1
116,0,1708,443,36,30,1,1,1,1
116,0,362,388,401,97,1,1,1,1
117,0,47,470,17,11,1,1,1,1
117,0,93,455,31,29,1,1,1,1
117,0,151,434,178,45,1,1,1,1
117,0,991,426,161,52,1,1,1,1
117,0,1149,462,14,13,1,1,1,1
117,0,1307,460,50,17,1,1,1,1
117,0,1386,447,34,27,1,1,1,1
117,0,1708,443,36,30,1,1,1,1
117,0,365,387,401,97,1,1,1,1
118,0,47,470,17,11,1,1,1,1
118,0,93,455,31,29,1,1,1,1
118,0,151,434,178,45,1,1,1,1
118,0,991,426,161,52,1,1,1,1
118,0,1149,462,14,13,1,1,1,1
118,0,1307,460,50,17,1,1,1,1
118,0,1386,447,34,27,1,1,1,1
118,0,1708,443,36,30,1,1,1,1
118,0,365,387,401,97,1,1,1,1
119,0,47,470,17,11,1,1,1,1
119,0,93,455,31,29,1,1,1,1
119,0,151,434,178,45,1,1,1,1
119,0,991,426,161,52,1,1,1,1
119,0,1149,462,14,13,1,1,1,1
119,0,1307,460,50,17,1,1,1,1
119,0,1386,447,34,27,1,1,1,1
119,0,1708,443,36,30,1,1,1,1
119,0,365,387,401,97,1,1,1,1
120,0,44,469,17,11,1,1,1,1
120,0,93,455,31,29,1,1,1,1
120,0,151,434,178,45,1,1,1,1
120,0,991,426,161,52,1,1,1,1
120,0,1149,462,14,13,1,1,1,1
120,0,1307,460,50,17,1,1,1,1
120,0,1386,447,34,27,1,1,1,1
120,0,1708,443,36,30,1,1,1,1
120,0,367,388,401,97,1,1,1,1
121,0,44,469,17,11,1,1,1,1
121,0,93,455,31,29,1,1,1,1
121,0,151,434,178,45,1,1,1,1
121,0,991,426,161,52,1,1,1,1
121,0,1149,462,14,13,1,1,1,1
121,0,1307,460,50,17,1,1,1,1
121,0,1386,447,34,27,1,1,1,1
121,0,1708,443,36,30,1,1,1,1
121,0,367,388,401,97,1,1,1,1
122,0,42,469,17,11,1,1,1,1
122,0,93,455,31,29,1,1,1,1
122,0,151,434,178,45,1,1,1,1
122,0,991,426,161,52,1,1,1,1
122,0,1149,462,14,13,1,1,1,1
122,0,1307,460,50,17,1,1,1,1
122,0,1386,447,34,27,1,1,1,1
122,0,1708,443,36,30,1,1,1,1
122,0,368,387,401,97,1,1,1,1
123,0,42,469,17,11,1,1,1,1
123,0,93,455,31,29,1,1,1,1
123,0,151,434,178,45,1,1,1,1
123,0,991,426,161,52,1,1,1,1
123,0,1149,462,14,13,1,1,1,1
123,0,1307,460,50,17,1,1,1,1
123,0,1386,447,34,27,1,1,1,1
123,0,1708,443,36,30,1,1,1,1
123,0,368,387,401,97,1,1,1,1
124,0,42,469,17,11,1,1,1,1
124,0,93,455,31,29,1,1,1,1
124,0,151,434,178,45,1,1,1,1
124,0,991,426,161,52,1,1,1,1
124,0,1149,462,14,13,1,1,1,1
124,0,1307,460,50,17,1,1,1,1
124,0,1386,447,34,27,1,1,1,1
124,0,1708,443,36,30,1,1,1,1
124,0,368,387,401,97,1,1,1,1
125,0,43,469,17,11,1,1,1,1
125,0,93,455,31,29,1,1,1,1
125,0,151,434,178,45,1,1,1,1
125,0,991,426,161,52,1,1,1,1
125,0,1149,462,14,13,1,1,1,1
125,0,1307,460,50,17,1,1,1,1
125,0,1386,447,34,27,1,1,1,1
125,0,1708,443,36,30,1,1,1,1
125,0,370,388,401,97,1,1,1,1
126,0,43,469,17,11,1,1,1,1
126,0,93,455,31,29,1,1,1,1
126,0,151,434,178,45,1,1,1,1
126,0,991,426,161,52,1,1,1,1
126,0,1149,462,14,13,1,1,1,1
126,0,1307,460,50,17,1,1,1,1
126,0,1386,447,34,27,1,1,1,1
126,0,1708,443,36,30,1,1,1,1
126,0,370,388,401,97,1,1,1,1
127,0,43,469,17,11,1,1,1,1
127,0,93,455,31,29,1,1,1,1
127,0,151,434,178,45,1,1,1,1
127,0,991,426,161,52,1,1,1,1
127,0,1149,462,14,13,1,1,1,1
127,0,1307,460,50,17,1,1,1,1
127,0,1386,447,34,27,1,1,1,1
127,0,1708,443,36,30,1,1,1,1
127,0,370,388,401,97,1,1,1,1
128,0,43,469,17,11,1,1,1,1
128,0,93,455,31,29,1,1,1,1
128,0,151,434,178,45,1,1,1,1
128,0,991,426,161,52,1,1,1,1
128,0,1150,462,14,13,1,1,1,1
128,0,1307,460,50,17,1,1,1,1
128,0,1387,448,34,27,1,1,1,1
128,0,1708,443,36,30,1,1,1,1
128,0,370,388,401,97,1,1,1,1
129,0,43,469,17,11,1,1,1,1
129,0,93,455,31,29,1,1,1,1
129,0,151,434,178,45,1,1,1,1
129,0,991,426,161,52,1,1,1,1
129,0,1150,462,14,13,1,1,1,1
129,0,1307,460,50,17,1,1,1,1
129,0,1387,448,34,27,1,1,1,1
129,0,1708,443,36,30,1,1,1,1
129,0,372,387,401,97,1,1,1,1
130,0,43,469,17,11,1,1,1,1
130,0,93,455,31,29,1,1,1,1
130,0,151,434,178,45,1,1,1,1
130,0,993,426,161,52,1,1,1,1
130,0,1150,462,14,13,1,1,1,1
130,0,1307,460,50,17,1,1,1,1
130,0,1387,448,34,27,1,1,1,1
130,0,1708,443,36,30,1,1,1,1
130,0,372,387,401,97,1,1,1,1
131,0,45,469,17,11,1,1,1,1
131,0,93,455,31,29,1,1,1,1
131,0,151,434,178,45,1,1,1,1
131,0,993,426,161,52,1,1,1,1
131,0,1150,462,14,13,1,1,1,1
131,0,1307,460,50,17,1,1,1,1
131,0,1387,448,34,27,1,1,1,1
131,0,1708,443,36,30,1,1,1,1
131,0,373,387,401,97,1,1,1,1
132,0,45,469,17,11,1,1,1,1
132,0,93,455,31,29,1,1,1,1
132,0,151,434,178,45,1,1,1,1
132,0,993,426,161,52,1,1,1,1
132,0,1150,462,14,13,1,1,1,1
132,0,1307,460,50,17,1,1,1,1
132,0,1387,448,34,27,1,1,1,1
132,0,1708,443,36,30,1,1,1,1
132,0,373,387,401,97,1,1,1,1
133,0,45,469,17,11,1,1,1,1
133,0,93,455,31,29,1,1,1,1
133,0,151,434,178,45,1,1,1,1
133,0,993,426,161,52,1,1,1,1
133,0,1150,462,14,13,1,1,1,1
133,0,1307,460,50,17,1,1,1,1
133,0,1387,448,34,27,1,1,1,1
133,0,1708,443,36,30,1,1,1,1
133,0,374,387,401,97,1,1,1,1
134,0,45,469,17,11,1,1,1,1
134,0,93,455,31,29,1,1,1,1
134,0,151,434,178,45,1,1,1,1
134,0,993,426,161,52,1,1,1,1
134,0,1150,462,14,13,1,1,1,1
134,0,1307,460,50,17,1,1,1,1
134,0,1387,448,34,27,1,1,1,1
134,0,1708,443,36,30,1,1,1,1
134,0,374,387,401,97,1,1,1,1
135,0,43,469,17,11,1,1,1,1
135,0,93,455,31,29,1,1,1,1
135,0,151,434,178,45,1,1,1,1
135,0,993,426,161,52,1,1,1,1
135,0,1150,462,14,13,1,1,1,1
135,0,1307,460,50,17,1,1,1,1
135,0,1387,448,34,27,1,1,1,1
135,0,1708,443,36,30,1,1,1,1
135,0,376,387,401,97,1,1,1,1
136,0,43,469,17,11,1,1,1,1
136,0,93,455,31,29,1,1,1,1
136,0,151,434,178,45,1,1,1,1
136,0,993,426,161,52,1,1,1,1
136,0,1150,462,14,13,1,1,1,1
136,0,1307,460,50,17,1,1,1,1
136,0,1387,448,34,27,1,1,1,1
136,0,1708,443,36,30,1,1,1,1
136,0,376,387,401,97,1,1,1,1
137,0,43,469,17,11,1,1,1,1
137,0,93,455,31,29,1,1,1,1
137,0,151,434,178,45,1,1,1,1
137,0,993,426,161,52,1,1,1,1
137,0,1150,462,14,13,1,1,1,1
137,0,1307,460,50,17,1,1,1,1
137,0,1387,448,34,27,1,1,1,1
137,0,1708,443,36,30,1,1,1,1
137,0,376,387,401,97,1,1,1,1
138,0,43,469,17,11,1,1,1,1
138,0,93,455,31,29,1,1,1,1
138,0,151,434,178,45,1,1,1,1
138,0,993,426,161,52,1,1,1,1
138,0,1150,462,14,13,1,1,1,1
138,0,1307,460,50,17,1,1,1,1
138,0,1387,448,34,27,1,1,1,1
138,0,1708,443,36,30,1,1,1,1
138,0,379,387,401,97,1,1,1,1
139,0,43,469,17,11,1,1,1,1
139,0,93,455,31,29,1,1,1,1
139,0,151,434,178,45,1,1,1,1
139,0,993,426,161,52,1,1,1,1
139,0,1150,462,14,13,1,1,1,1
139,0,1307,460,50,17,1,1,1,1
139,0,1387,448,34,27,1,1,1,1
139,0,1708,443,36,30,1,1,1,1
139,0,379,387,401,97,1,1,1,1
140,0,43,469,17,11,1,1,1,1
140,0,93,455,31,29,1,1,1,1
140,0,151,434,178,45,1,1,1,1
140,0,993,426,161,52,1,1,1,1
140,0,1150,462,14,13,1,1,1,1
140,0,1307,460,50,17,1,1,1,1
140,0,1388,448,34,27,1,1,1,1
140,0,1708,443,36,30,1,1,1,1
140,0,379,387,401,97,1,1,1,1
141,0,43,469,17,11,1,1,1,1
141,0,93,455,31,29,1,1,1,1
141,0,151,434,178,45,1,1,1,1
141,0,993,426,161,52,1,1,1,1
141,0,1150,462,14,13,1,1,1,1
141,0,1307,460,50,17,1,1,1,1
141,0,1388,448,34,27,1,1,1,1
141,0,1708,443,36,30,1,1,1,1
141,0,380,387,401,97,1,1,1,1
142,0,42,469,17,11,1,1,1,1
142,0,93,455,31,29,1,1,1,1
142,0,151,434,178,45,1,1,1,1
142,0,993,426,161,52,1,1,1,1
142,0,1150,462,14,13,1,1,1,1
142,0,1307,460,50,17,1,1,1,1
142,0,1388,448,34,27,1,1,1,1
142,0,1708,443,36,30,1,1,1,1
142,0,380,387,401,97,1,1,1,1
143,0,42,469,17,11,1,1,1,1
143,0,93,455,31,29,1,1,1,1
143,0,151,434,178,45,1,1,1,1
143,0,993,426,161,52,1,1,1,1
143,0,1150,462,14,13,1,1,1,1
143,0,1307,460,50,17,1,1,1,1
143,0,1388,448,34,27,1,1,1,1
143,0,1708,443,36,30,1,1,1,1
143,0,380,387,401,97,1,1,1,1
144,0,42,469,17,11,1,1,1,1
144,0,93,455,31,29,1,1,1,1
144,0,151,434,178,45,1,1,1,1
144,0,993,426,161,52,1,1,1,1
144,0,1150,462,14,13,1,1,1,1
144,0,1307,460,50,17,1,1,1,1
144,0,1388,448,34,27,1,1,1,1
144,0,1708,443,36,30,1,1,1,1
144,0,381,388,401,97,1,1,1,1
145,0,42,469,17,11,1,1,1,1
145,0,93,455,31,29,1,1,1,1
145,0,151,434,178,45,1,1,1,1
145,0,993,426,161,52,1,1,1,1
145,0,1150,462,14,13,1,1,1,1
145,0,1307,460,50,17,1,1,1,1
145,0,1388,448,34,27,1,1,1,1
145,0,1708,443,36,30,1,1,1,1
145,0,381,388,401,97,1,1,1,1
146,0,39,469,17,11,1,1,1,1
146,0,93,455,31,29,1,1,1,1
146,0,151,434,178,45,1,1,1,1
146,0,993,426,161,52,1,1,1,1
146,0,1150,462,14,13,1,1,1,1
146,0,1307,460,50,17,1,1,1,1
146,0,1388,448,34,27,1,1,1,1
146,0,1708,443,36,30,1,1,1,1
146,0,381,388,401,97,1,1,1,1
147,0,39,469,17,11,1,1,1,1
147,0,93,455,31,29,1,1,1,1
147,0,151,434,178,45,1,1,1,1
147,0,993,426,161,52,1,1,1,1
147,0,1150,462,14,13,1,1,1,1
147,0,1307,460,50,17,1,1,1,1
147,0,1388,448,34,27,1,1,1,1
147,0,1708,443,36,30,1,1,1,1
147,0,383,388,401,97,1,1,1,1
148,0,39,469,17,11,1,1,1,1
148,0,93,455,31,29,1,1,1,1
148,0,151,434,178,45,1,1,1,1
148,0,993,426,161,52,1,1,1,1
148,0,1150,462,14,13,1,1,1,1
148,0,1307,460,50,17,1,1,1,1
148,0,1388,448,34,27,1,1,1,1
148,0,1708,443,36,30,1,1,1,1
148,0,383,388,401,97,1,1,1,1
149,0,39,469,17,11,1,1,1,1
149,0,93,455,31,29,1,1,1,1
149,0,151,434,178,45,1,1,1,1
149,0,993,426,161,52,1,1,1,1
149,0,1150,462,14,13,1,1,1,1
149,0,1307,460,50,17,1,1,1,1
149,0,1388,448,34,27,1,1,1,1
149,0,1708,443,36,30,1,1,1,1
149,0,384,388,401,97,1,1,1,1
150,0,39,469,17,11,1,1,1,1
150,0,93,455,31,29,1,1,1,1
150,0,151,434,178,45,1,1,1,1
150,0,993,426,161,52,1,1,1,1
150,0,1150,462,14,13,1,1,1,1
150,0,1307,460,50,17,1,1,1,1
150,0,1388,448,34,27,1,1,1,1
150,0,1708,443,36,30,1,1,1,1
150,0,384,388,401,97,1,1,1,1
151,0,39,469,17,11,1,1,1,1
151,0,93,455,31,29,1,1,1,1
151,0,151,434,178,45,1,1,1,1
151,0,993,426,161,52,1,1,1,1
151,0,1150,462,14,13,1,1,1,1
151,0,1307,460,50,17,1,1,1,1
151,0,1388,448,34,27,1,1,1,1
151,0,1708,443,36,30,1,1,1,1
151,0,384,388,401,97,1,1,1,1
152,0,39,469,17,11,1,1,1,1
152,0,93,455,31,29,1,1,1,1
152,0,151,434,178,45,1,1,1,1
152,0,993,426,161,52,1,1,1,1
152,0,1150,462,14,13,1,1,1,1
152,0,1307,460,50,17,1,1,1,1
152,0,1388,448,34,27,1,1,1,1
152,0,1708,443,36,30,1,1,1,1
152,0,386,388,401,97,1,1,1,1
153,0,39,469,17,11,1,1,1,1
153,0,93,455,31,29,1,1,1,1
153,0,151,434,178,45,1,1,1,1
153,0,993,426,161,52,1,1,1,1
153,0,1150,462,14,13,1,1,1,1
153,0,1307,460,50,17,1,1,1,1
153,0,1388,448,34,27,1,1,1,1
153,0,1708,443,36,30,1,1,1,1
153,0,386,388,401,97,1,1,1,1
154,0,38,469,17,11,1,1,1,1
154,0,93,455,31,29,1,1,1,1
154,0,151,434,178,45,1,1,1,1
154,0,994,427,161,52,1,1,1,1
154,0,1150,462,14,13,1,1,1,1
154,0,1307,460,50,17,1,1,1,1
154,0,1388,448,34,27,1,1,1,1
154,0,1708,443,36,30,1,1,1,1
154,0,388,386,401,97,1,1,1,1
155,0,38,469,17,11,1,1,1,1
155,0,93,455,31,29,1,1,1,1
155,0,151,434,178,45,1,1,1,1
155,0,994,427,161,52,1,1,1,1
155,0,1150,462,14,13,1,1,1,1
155,0,1307,460,50,17,1,1,1,1
155,0,1388,448,34,27,1,1,1,1
155,0,1708,443,36,30,1,1,1,1
155,0,388,386,401,97,1,1,1,1
156,0,38,469,17,11,1,1,1,1
156,0,93,455,31,29,1,1,1,1
156,0,151,434,178,45,1,1,1,1
156,0,994,427,161,52,1,1,1,1
156,0,1150,462,14,13,1,1,1,1
156,0,1307,460,50,17,1,1,1,1
156,0,1388,448,34,27,1,1,1,1
156,0,1709,443,36,30,1,1,1,1
156,0,387,386,403,97,1,1,1,1
157,0,38,469,17,11,1,1,1,1
157,0,93,455,31,29,1,1,1,1
157,0,151,434,178,45,1,1,1,1
157,0,994,427,161,52,1,1,1,1
157,0,1150,462,14,13,1,1,1,1
157,0,1307,460,50,17,1,1,1,1
157,0,1388,448,34,27,1,1,1,1
157,0,1709,443,36,30,1,1,1,1
157,0,388,386,403,97,1,1,1,1
158,0,38,469,17,11,1,1,1,1
158,0,93,455,31,29,1,1,1,1
158,0,151,434,178,45,1,1,1,1
158,0,994,427,161,52,1,1,1,1
158,0,1150,462,14,13,1,1,1,1
158,0,1307,460,50,17,1,1,1,1
158,0,1388,448,34,27,1,1,1,1
158,0,1709,443,36,30,1,1,1,1
158,0,388,386,403,97,1,1,1,1
159,0,38,469,17,11,1,1,1,1
159,0,93,455,31,29,1,1,1,1
159,0,151,434,178,45,1,1,1,1
159,0,994,427,161,52,1,1,1,1
159,0,1150,462,14,13,1,1,1,1
159,0,1307,460,50,17,1,1,1,1
159,0,1388,448,34,27,1,1,1,1
159,0,1709,443,36,30,1,1,1,1
159,0,388,386,403,97,1,1,1,1
160,0,38,469,17,11,1,1,1,1
160,0,93,455,31,29,1,1,1,1
160,0,151,434,178,45,1,1,1,1
160,0,994,427,161,52,1,1,1,1
160,0,1150,462,14,13,1,1,1,1
160,0,1307,460,50,17,1,1,1,1
160,0,1388,448,34,27,1,1,1,1
160,0,1709,443,36,30,1,1,1,1
160,0,390,387,403,97,1,1,1,1
161,0,38,469,17,11,1,1,1,1
161,0,93,455,31,29,1,1,1,1
161,0,151,434,178,45,1,1,1,1
161,0,994,427,161,52,1,1,1,1
161,0,1150,462,14,13,1,1,1,1
161,0,1307,460,50,17,1,1,1,1
161,0,1388,448,34,27,1,1,1,1
161,0,1709,443,36,30,1,1,1,1
161,0,390,387,403,97,1,1,1,1
162,0,38,469,17,11,1,1,1,1
162,0,93,455,31,29,1,1,1,1
162,0,151,434,178,45,1,1,1,1
162,0,994,427,161,52,1,1,1,1
162,0,1150,462,14,13,1,1,1,1
162,0,1307,460,50,17,1,1,1,1
162,0,1388,448,34,27,1,1,1,1
162,0,1709,443,36,30,1,1,1,1
162,0,390,387,403,97,1,1,1,1
163,0,37,469,17,11,1,1,1,1
163,0,93,455,31,29,1,1,1,1
163,0,151,434,178,45,1,1,1,1
163,0,994,427,161,52,1,1,1,1
163,0,1150,462,14,13,1,1,1,1
163,0,1307,460,50,17,1,1,1,1
163,0,1388,448,34,27,1,1,1,1
163,0,1709,443,36,30,1,1,1,1
163,0,391,386,403,97,1,1,1,1
164,0,37,469,17,11,1,1,1,1
164,0,93,455,31,29,1,1,1,1
164,0,151,434,178,45,1,1,1,1
164,0,994,427,161,52,1,1,1,1
164,0,1150,462,14,13,1,1,1,1
164,0,1307,460,50,17,1,1,1,1
164,0,1388,448,34,27,1,1,1,1
164,0,1709,443,36,30,1,1,1,1
164,0,391,386,403,97,1,1,1,1
165,0,37,469,17,11,1,1,1,1
165,0,93,455,31,29,1,1,1,1
165,0,151,434,178,45,1,1,1,1
165,0,994,427,161,52,1,1,1,1
165,0,1150,462,14,13,1,1,1,1
165,0,1307,460,50,17,1,1,1,1
165,0,1388,448,34,27,1,1,1,1
165,0,1709,443,36,30,1,1,1,1
165,0,393,386,403,97,1,1,1,1
166,0,37,469,17,11,1,1,1,1
166,0,93,455,31,29,1,1,1,1
166,0,151,434,178,45,1,1,1,1
166,0,994,427,161,52,1,1,1,1
166,0,1150,462,14,13,1,1,1,1
166,0,1307,460,50,17,1,1,1,1
166,0,1388,448,34,27,1,1,1,1
166,0,1709,443,36,30,1,1,1,1
166,0,393,386,403,97,1,1,1,1
167,0,37,469,17,11,1,1,1,1
167,0,93,455,31,29,1,1,1,1
167,0,151,434,178,45,1,1,1,1
167,0,994,427,161,52,1,1,1,1
167,0,1150,462,14,13,1,1,1,1
167,0,1307,460,50,17,1,1,1,1
167,0,1388,448,34,27,1,1,1,1
167,0,1709,443,36,30,1,1,1,1
167,0,393,386,403,97,1,1,1,1
168,0,37,469,17,11,1,1,1,1
168,0,93,455,31,29,1,1,1,1
168,0,151,434,178,45,1,1,1,1
168,0,995,427,161,52,1,1,1,1
168,0,1150,462,14,13,1,1,1,1
168,0,1307,460,50,17,1,1,1,1
168,0,1388,448,34,27,1,1,1,1
168,0,1709,443,36,30,1,1,1,1
168,0,395,386,403,97,1,1,1,1
169,0,37,469,17,11,1,1,1,1
169,0,93,455,31,29,1,1,1,1
169,0,151,434,178,45,1,1,1,1
169,0,995,427,161,52,1,1,1,1
169,0,1150,462,14,13,1,1,1,1
169,0,1307,460,50,17,1,1,1,1
169,0,1388,448,34,27,1,1,1,1
169,0,1709,443,36,30,1,1,1,1
169,0,395,386,403,97,1,1,1,1
170,0,37,469,17,11,1,1,1,1
170,0,93,455,31,29,1,1,1,1
170,0,151,434,178,45,1,1,1,1
170,0,995,427,161,52,1,1,1,1
170,0,1150,462,14,13,1,1,1,1
170,0,1307,460,50,17,1,1,1,1
170,0,1388,448,34,27,1,1,1,1
170,0,1709,443,36,30,1,1,1,1
170,0,395,386,403,97,1,1,1,1
171,0,37,468,17,11,1,1,1,1
171,0,93,455,31,29,1,1,1,1
171,0,151,434,178,45,1,1,1,1
171,0,995,427,161,52,1,1,1,1
171,0,1150,462,14,13,1,1,1,1
171,0,1307,460,50,17,1,1,1,1
171,0,1388,448,34,27,1,1,1,1
171,0,1709,443,36,30,1,1,1,1
171,0,397,385,403,97,1,1,1,1
172,0,37,468,17,11,1,1,1,1
172,0,93,455,31,29,1,1,1,1
172,0,151,434,178,45,1,1,1,1
172,0,995,427,161,52,1,1,1,1
172,0,1150,462,14,13,1,1,1,1
172,0,1307,460,50,17,1,1,1,1
172,0,1388,448,34,27,1,1,1,1
172,0,1709,443,36,30,1,1,1,1
172,0,397,385,403,97,1,1,1,1
173,0,37,468,17,11,1,1,1,1
173,0,93,455,31,29,1,1,1,1
173,0,151,434,178,45,1,1,1,1
173,0,995,427,161,52,1,1,1,1
173,0,1150,462,14,13,1,1,1,1
173,0,1307,460,50,17,1,1,1,1
173,0,1388,448,34,27,1,1,1,1
173,0,1709,443,36,30,1,1,1,1
173,0,399,385,403,97,1,1,1,1
174,0,37,468,17,11,1,1,1,1
174,0,93,455,31,29,1,1,1,1
174,0,151,434,178,45,1,1,1,1
174,0,995,427,161,52,1,1,1,1
174,0,1150,462,14,13,1,1,1,1
174,0,1307,460,50,17,1,1,1,1
174,0,1388,448,34,27,1,1,1,1
174,0,1709,443,36,30,1,1,1,1
174,0,399,385,403,97,1,1,1,1
175,0,37,468,17,11,1,1,1,1
175,0,93,455,31,29,1,1,1,1
175,0,151,434,178,45,1,1,1,1
175,0,995,427,161,52,1,1,1,1
175,0,1150,462,14,13,1,1,1,1
175,0,1307,460,50,17,1,1,1,1
175,0,1388,448,34,27,1,1,1,1
175,0,1709,443,36,30,1,1,1,1
175,0,399,385,403,97,1,1,1,1
176,0,37,468,17,11,1,1,1,1
176,0,93,455,31,29,1,1,1,1
176,0,151,434,178,45,1,1,1,1
176,0,995,427,161,52,1,1,1,1
176,0,1150,462,14,13,1,1,1,1
176,0,1307,460,50,17,1,1,1,1
176,0,1388,448,34,27,1,1,1,1
176,0,1709,443,36,30,1,1,1,1
176,0,400,385,403,97,1,1,1,1
177,0,37,468,17,11,1,1,1,1
177,0,93,455,31,29,1,1,1,1
177,0,151,434,178,45,1,1,1,1
177,0,995,427,161,52,1,1,1,1
177,0,1150,462,14,13,1,1,1,1
177,0,1307,460,50,17,1,1,1,1
177,0,1388,448,34,27,1,1,1,1
177,0,1709,443,36,30,1,1,1,1
177,0,400,386,403,97,1,1,1,1
178,0,37,468,17,11,1,1,1,1
178,0,93,455,31,29,1,1,1,1
178,0,151,434,178,45,1,1,1,1
178,0,995,427,161,52,1,1,1,1
178,0,1150,462,14,13,1,1,1,1
178,0,1307,460,50,17,1,1,1,1
178,0,1388,448,34,27,1,1,1,1
178,0,1709,443,36,30,1,1,1,1
178,0,400,386,403,97,1,1,1,1
179,0,37,468,17,11,1,1,1,1
179,0,93,455,31,29,1,1,1,1
179,0,151,434,178,45,1,1,1,1
179,0,995,427,161,52,1,1,1,1
179,0,1150,462,14,13,1,1,1,1
179,0,1307,460,50,17,1,1,1,1
179,0,1388,448,34,27,1,1,1,1
179,0,1709,443,36,30,1,1,1,1
179,0,400,386,403,97,1,1,1,1
180,0,37,468,17,11,1,1,1,1
180,0,93,455,31,29,1,1,1,1
180,0,151,434,178,45,1,1,1,1
180,0,995,427,161,52,1,1,1,1
180,0,1150,462,14,13,1,1,1,1
180,0,1307,460,50,17,1,1,1,1
180,0,1388,448,34,27,1,1,1,1
180,0,1709,443,36,30,1,1,1,1
180,0,402,386,403,97,1,1,1,1
181,0,35,468,17,11,1,1,1,1
181,0,93,455,31,29,1,1,1,1
181,0,151,434,178,45,1,1,1,1
181,0,995,427,161,52,1,1,1,1
181,0,1150,462,14,13,1,1,1,1
181,0,1306,460,50,17,1,1,1,1
181,0,1387,448,34,27,1,1,1,1
181,0,1709,443,36,30,1,1,1,1
181,0,402,386,403,97,1,1,1,1
182,0,35,468,17,11,1,1,1,1
182,0,93,455,31,29,1,1,1,1
182,0,151,434,178,45,1,1,1,1
182,0,995,427,161,52,1,1,1,1
182,0,1150,462,14,13,1,1,1,1
182,0,1306,460,50,17,1,1,1,1
182,0,1387,448,34,27,1,1,1,1
182,0,1709,443,36,30,1,1,1,1
182,0,404,386,403,97,1,1,1,1
183,0,35,468,17,11,1,1,1,1
183,0,93,455,31,29,1,1,1,1
183,0,151,434,178,45,1,1,1,1
183,0,995,427,161,52,1,1,1,1
183,0,1150,462,14,13,1,1,1,1
183,0,1306,460,50,17,1,1,1,1
183,0,1387,448,34,27,1,1,1,1
183,0,1709,443,36,30,1,1,1,1
183,0,404,386,403,97,1,1,1,1
184,0,35,468,17,11,1,1,1,1
184,0,93,455,31,29,1,1,1,1
184,0,151,434,178,45,1,1,1,1
184,0,995,427,161,52,1,1,1,1
184,0,1150,462,14,13,1,1,1,1
184,0,1306,460,50,17,1,1,1,1
184,0,1387,448,34,27,1,1,1,1
184,0,1709,443,36,30,1,1,1,1
184,0,404,386,403,97,1,1,1,1
185,0,35,468,17,11,1,1,1,1
185,0,93,455,31,29,1,1,1,1
185,0,151,434,178,45,1,1,1,1
185,0,995,427,161,52,1,1,1,1
185,0,1150,462,14,13,1,1,1,1
185,0,1306,460,50,17,1,1,1,1
185,0,1387,448,34,27,1,1,1,1
185,0,1709,443,36,30,1,1,1,1
185,0,406,386,403,97,1,1,1,1
186,0,35,468,17,11,1,1,1,1
186,0,93,455,31,29,1,1,1,1
186,0,150,433,178,45,1,1,1,1
186,0,995,427,161,52,1,1,1,1
186,0,1150,462,14,13,1,1,1,1
186,0,1306,460,50,17,1,1,1,1
186,0,1387,448,34,27,1,1,1,1
186,0,1709,443,36,30,1,1,1,1
186,0,406,386,403,97,1,1,1,1
187,0,35,468,17,11,1,1,1,1
187,0,93,455,31,29,1,1,1,1
187,0,150,433,178,45,1,1,1,1
187,0,997,427,161,52,1,1,1,1
187,0,1150,462,14,13,1,1,1,1
187,0,1307,460,50,17,1,1,1,1
187,0,1387,448,34,27,1,1,1,1
187,0,1710,444,36,30,1,1,1,1
187,0,407,386,403,97,1,1,1,1
188,0,35,468,17,11,1,1,1,1
188,0,93,455,31,29,1,1,1,1
188,0,150,433,178,45,1,1,1,1
188,0,997,427,161,52,1,1,1,1
188,0,1150,462,14,13,1,1,1,1
188,0,1307,460,50,17,1,1,1,1
188,0,1387,448,34,27,1,1,1,1
188,0,1710,444,36,30,1,1,1,1
188,0,407,386,403,97,1,1,1,1
189,0,35,468,17,11,1,1,1,1
189,0,94,454,31,29,1,1,1,1
189,0,150,433,178,45,1,1,1,1
189,0,997,427,161,52,1,1,1,1
189,0,1150,462,14,13,1,1,1,1
189,0,1307,460,50,17,1,1,1,1
189,0,1387,448,34,27,1,1,1,1
189,0,1710,444,36,30,1,1,1,1
189,0,409,386,403,97,1,1,1,1
190,0,35,468,17,11,1,1,1,1
190,0,94,454,31,29,1,1,1,1
190,0,150,433,178,45,1,1,1,1
190,0,997,427,161,52,1,1,1,1
190,0,1150,462,14,13,1,1,1,1
190,0,1307,460,50,17,1,1,1,1
190,0,1387,448,34,27,1,1,1,1
190,0,1710,444,36,30,1,1,1,1
190,0,409,386,403,97,1,1,1,1
191,0,35,468,17,11,1,1,1,1
191,0,94,454,31,29,1,1,1,1
191,0,150,433,178,45,1,1,1,1
191,0,997,427,161,52,1,1,1,1
191,0,1150,462,14,13,1,1,1,1
191,0,1307,460,50,17,1,1,1,1
191,0,1387,448,34,27,1,1,1,1
191,0,1710,444,36,30,1,1,1,1
191,0,409,386,403,97,1,1,1,1
192,0,35,468,17,11,1,1,1,1
192,0,94,454,31,29,1,1,1,1
192,0,150,433,178,45,1,1,1,1
192,0,997,427,161,52,1,1,1,1
192,0,1150,462,14,13,1,1,1,1
192,0,1307,460,50,17,1,1,1,1
192,0,1387,448,34,27,1,1,1,1
192,0,1710,444,36,30,1,1,1,1
192,0,409,386,403,97,1,1,1,1
193,0,35,468,17,11,1,1,1,1
193,0,94,454,31,29,1,1,1,1
193,0,150,433,178,45,1,1,1,1
193,0,997,427,161,52,1,1,1,1
193,0,1150,462,14,13,1,1,1,1
193,0,1307,460,50,17,1,1,1,1
193,0,1387,448,34,27,1,1,1,1
193,0,1710,444,36,30,1,1,1,1
193,0,411,386,403,97,1,1,1,1
194,0,35,468,17,11,1,1,1,1
194,0,94,454,31,29,1,1,1,1
194,0,150,433,178,45,1,1,1,1
194,0,997,427,161,52,1,1,1,1
194,0,1150,462,14,13,1,1,1,1
194,0,1307,460,50,17,1,1,1,1
194,0,1387,448,34,27,1,1,1,1
194,0,1710,444,36,30,1,1,1,1
194,0,411,386,403,97,1,1,1,1
195,0,35,468,17,11,1,1,1,1
195,0,94,454,31,29,1,1,1,1
195,0,150,433,178,45,1,1,1,1
195,0,997,427,161,52,1,1,1,1
195,0,1150,462,14,13,1,1,1,1
195,0,1307,460,50,17,1,1,1,1
195,0,1387,448,34,27,1,1,1,1
195,0,1710,444,36,30,1,1,1,1
195,0,411,386,403,97,1,1,1,1
196,0,35,468,17,11,1,1,1,1
196,0,94,454,31,29,1,1,1,1
196,0,150,433,178,45,1,1,1,1
196,0,997,427,161,52,1,1,1,1
196,0,1150,462,14,13,1,1,1,1
196,0,1307,460,50,17,1,1,1,1
196,0,1387,448,34,27,1,1,1,1
196,0,1710,444,36,30,1,1,1,1
196,0,411,386,403,97,1,1,1,1
197,0,35,468,17,11,1,1,1,1
197,0,94,454,31,29,1,1,1,1
197,0,150,433,178,45,1,1,1,1
197,0,997,427,161,52,1,1,1,1
197,0,1150,462,14,13,1,1,1,1
197,0,1307,460,50,17,1,1,1,1
197,0,1387,448,34,27,1,1,1,1
197,0,1710,444,36,30,1,1,1,1
197,0,413,386,403,97,1,1,1,1
198,0,35,468,17,11,1,1,1,1
198,0,94,454,31,29,1,1,1,1
198,0,150,433,178,45,1,1,1,1
198,0,998,427,161,52,1,1,1,1
198,0,1150,462,14,13,1,1,1,1
198,0,1307,460,50,17,1,1,1,1
198,0,1387,448,34,27,1,1,1,1
198,0,1710,444,36,30,1,1,1,1
198,0,413,386,403,97,1,1,1,1
199,0,35,468,17,11,1,1,1,1
199,0,94,454,31,29,1,1,1,1
199,0,150,433,178,45,1,1,1,1
199,0,998,427,161,52,1,1,1,1
199,0,1150,462,14,13,1,1,1,1
199,0,1307,460,50,17,1,1,1,1
199,0,1388,448,34,27,1,1,1,1
199,0,1710,444,36,30,1,1,1,1
199,0,413,386,403,97,1,1,1,1
200,0,35,468,17,11,1,1,1,1
200,0,94,454,31,29,1,1,1,1
200,0,150,433,178,45,1,1,1,1
200,0,998,427,161,52,1,1,1,1
200,0,1150,462,14,13,1,1,1,1
200,0,1307,460,50,17,1,1,1,1
200,0,1388,448,34,27,1,1,1,1
200,0,1710,444,36,30,1,1,1,1
200,0,415,386,403,97,1,1,1,1
201,0,35,468,17,11,1,1,1,1
201,0,94,454,31,29,1,1,1,1
201,0,150,433,178,45,1,1,1,1
201,0,998,427,161,52,1,1,1,1
201,0,1150,462,14,13,1,1,1,1
201,0,1307,460,50,17,1,1,1,1
201,0,1388,448,34,27,1,1,1,1
201,0,1710,444,36,30,1,1,1,1
201,0,415,386,403,97,1,1,1,1
202,0,35,468,17,11,1,1,1,1
202,0,94,454,31,29,1,1,1,1
202,0,150,433,178,45,1,1,1,1
202,0,998,427,161,52,1,1,1,1
202,0,1150,462,14,13,1,1,1,1
202,0,1307,460,50,17,1,1,1,1
202,0,1388,448,34,27,1,1,1,1
202,0,1710,444,36,30,1,1,1,1
202,0,417,386,403,97,1,1,1,1
203,0,35,468,17,11,1,1,1,1
203,0,94,454,31,29,1,1,1,1
203,0,150,433,178,45,1,1,1,1
203,0,998,427,161,52,1,1,1,1
203,0,1150,462,14,13,1,1,1,1
203,0,1307,460,50,17,1,1,1,1
203,0,1388,448,34,27,1,1,1,1
203,0,1710,444,36,30,1,1,1,1
203,0,417,386,403,97,1,1,1,1
204,0,35,468,17,11,1,1,1,1
204,0,94,454,31,29,1,1,1,1
204,0,150,433,178,45,1,1,1,1
204,0,998,427,161,52,1,1,1,1
204,0,1150,462,14,13,1,1,1,1
204,0,1307,460,50,17,1,1,1,1
204,0,1388,448,34,27,1,1,1,1
204,0,1710,444,36,30,1,1,1,1
204,0,419,386,403,97,1,1,1,1
205,0,33,468,17,11,1,1,1,1
205,0,94,454,31,29,1,1,1,1
205,0,150,433,178,45,1,1,1,1
205,0,998,427,161,52,1,1,1,1
205,0,1150,462,14,13,1,1,1,1
205,0,1307,460,50,17,1,1,1,1
205,0,1388,448,34,27,1,1,1,1
205,0,1710,444,36,30,1,1,1,1
205,0,419,386,403,97,1,1,1,1
206,0,33,468,17,11,1,1,1,1
206,0,94,454,31,29,1,1,1,1
206,0,150,433,178,45,1,1,1,1
206,0,998,427,161,52,1,1,1,1
206,0,1150,462,14,13,1,1,1,1
206,0,1307,460,50,17,1,1,1,1
206,0,1388,448,34,27,1,1,1,1
206,0,1710,444,36,30,1,1,1,1
206,0,419,386,403,97,1,1,1,1
207,0,33,468,17,11,1,1,1,1
207,0,94,454,31,29,1,1,1,1
207,0,150,433,178,45,1,1,1,1
207,0,998,427,161,52,1,1,1,1
207,0,1150,462,14,13,1,1,1,1
207,0,1307,460,50,17,1,1,1,1
207,0,1388,448,34,27,1,1,1,1
207,0,1710,444,36,30,1,1,1,1
207,0,420,386,403,97,1,1,1,1
208,0,33,468,17,11,1,1,1,1
208,0,94,454,31,29,1,1,1,1
208,0,150,433,178,45,1,1,1,1
208,0,998,427,161,52,1,1,1,1
208,0,1150,462,14,13,1,1,1,1
208,0,1307,460,50,17,1,1,1,1
208,0,1388,448,34,27,1,1,1,1
208,0,1710,444,36,30,1,1,1,1
208,0,420,386,403,97,1,1,1,1
209,0,33,468,17,11,1,1,1,1
209,0,94,454,31,29,1,1,1,1
209,0,150,433,178,45,1,1,1,1
209,0,998,427,161,52,1,1,1,1
209,0,1150,462,14,13,1,1,1,1
209,0,1307,460,50,17,1,1,1,1
209,0,1388,448,34,27,1,1,1,1
209,0,1710,444,36,30,1,1,1,1
209,0,420,386,403,97,1,1,1,1
210,0,33,468,17,11,1,1,1,1
210,0,94,454,31,29,1,1,1,1
210,0,150,433,178,45,1,1,1,1
210,0,998,427,161,52,1,1,1,1
210,0,1150,462,14,13,1,1,1,1
210,0,1307,460,50,17,1,1,1,1
210,0,1388,448,34,27,1,1,1,1
210,0,1710,444,36,30,1,1,1,1
210,0,422,386,403,97,1,1,1,1
211,0,33,468,17,11,1,1,1,1
211,0,94,454,31,29,1,1,1,1
211,0,150,433,178,45,1,1,1,1
211,0,998,427,161,52,1,1,1,1
211,0,1150,462,14,13,1,1,1,1
211,0,1307,460,50,17,1,1,1,1
211,0,1388,448,34,27,1,1,1,1
211,0,1711,444,36,30,1,1,1,1
211,0,422,386,403,97,1,1,1,1
212,0,33,468,17,11,1,1,1,1
212,0,94,454,31,29,1,1,1,1
212,0,150,433,178,45,1,1,1,1
212,0,998,427,161,52,1,1,1,1
212,0,1150,462,14,13,1,1,1,1
212,0,1307,460,50,17,1,1,1,1
212,0,1388,448,34,27,1,1,1,1
212,0,1711,444,36,30,1,1,1,1
212,0,422,386,403,97,1,1,1,1
213,0,33,468,17,11,1,1,1,1
213,0,94,454,31,29,1,1,1,1
213,0,150,433,178,45,1,1,1,1
213,0,999,427,161,52,1,1,1,1
213,0,1307,460,50,17,1,1,1,1
213,0,1388,448,34,27,1,1,1,1
213,0,1711,444,36,30,1,1,1,1
213,0,424,386,403,97,1,1,1,1
214,0,33,468,17,11,1,1,1,1
214,0,94,454,31,29,1,1,1,1
214,0,151,433,178,45,1,1,1,1
214,0,999,427,161,52,1,1,1,1
214,0,1307,460,50,17,1,1,1,1
214,0,1388,448,34,27,1,1,1,1
214,0,1711,444,36,30,1,1,1,1
214,0,424,386,403,97,1,1,1,1
215,0,33,468,17,11,1,1,1,1
215,0,94,454,31,29,1,1,1,1
215,0,151,433,178,45,1,1,1,1
215,0,999,427,161,52,1,1,1,1
215,0,1307,460,50,17,1,1,1,1
215,0,1388,448,34,27,1,1,1,1
215,0,1711,444,36,30,1,1,1,1
215,0,427,386,403,97,1,1,1,1
216,0,33,468,17,11,1,1,1,1
216,0,94,454,31,29,1,1,1,1
216,0,151,433,178,45,1,1,1,1
216,0,999,427,161,52,1,1,1,1
216,0,1307,460,50,17,1,1,1,1
216,0,1388,448,34,27,1,1,1,1
216,0,1711,444,36,30,1,1,1,1
216,0,427,386,403,97,1,1,1,1
217,0,33,468,17,11,1,1,1,1
217,0,95,454,31,29,1,1,1,1
217,0,151,433,178,45,1,1,1,1
217,0,999,427,161,52,1,1,1,1
217,0,1307,460,50,17,1,1,1,1
217,0,1388,448,34,27,1,1,1,1
217,0,1711,444,36,30,1,1,1,1
217,0,427,386,403,97,1,1,1,1
218,0,33,468,17,11,1,1,1,1
218,0,95,454,31,29,1,1,1,1
218,0,151,433,178,45,1,1,1,1
218,0,999,427,161,52,1,1,1,1
218,0,1308,460,50,17,1,1,1,1
218,0,1389,448,34,27,1,1,1,1
218,0,1711,444,36,30,1,1,1,1
218,0,427,386,403,97,1,1,1,1
219,0,33,468,17,11,1,1,1,1
219,0,95,454,31,29,1,1,1,1
219,0,151,433,178,45,1,1,1,1
219,0,999,427,161,52,1,1,1,1
219,0,1308,460,50,17,1,1,1,1
219,0,1389,448,34,27,1,1,1,1
219,0,1711,444,36,30,1,1,1,1
219,0,427,386,403,97,1,1,1,1
220,0,33,468,17,11,1,1,1,1
220,0,95,454,31,29,1,1,1,1
220,0,151,433,178,45,1,1,1,1
220,0,999,427,161,52,1,1,1,1
220,0,1308,460,50,17,1,1,1,1
220,0,1389,448,34,27,1,1,1,1
220,0,1711,444,36,30,1,1,1,1
220,0,429,386,403,97,1,1,1,1
221,0,33,468,17,11,1,1,1,1
221,0,95,454,31,29,1,1,1,1
221,0,151,433,178,45,1,1,1,1
221,0,1001,426,164,52,1,1,1,1
221,0,1308,460,50,17,1,1,1,1
221,0,1389,448,34,27,1,1,1,1
221,0,1711,444,36,30,1,1,1,1
221,0,429,386,403,97,1,1,1,1
222,0,32,468,17,11,1,1,1,1
222,0,95,454,31,29,1,1,1,1
222,0,151,433,178,45,1,1,1,1
222,0,1001,426,164,52,1,1,1,1
222,0,1308,460,50,17,1,1,1,1
222,0,1389,448,34,27,1,1,1,1
222,0,1711,444,36,30,1,1,1,1
222,0,429,386,403,97,1,1,1,1
223,0,32,468,17,11,1,1,1,1
223,0,95,454,31,29,1,1,1,1
223,0,151,433,178,45,1,1,1,1
223,0,1001,426,164,52,1,1,1,1
223,0,1308,460,50,17,1,1,1,1
223,0,1389,448,34,27,1,1,1,1
223,0,1711,444,36,30,1,1,1,1
223,0,429,386,403,97,1,1,1,1
224,0,32,468,17,11,1,1,1,1
224,0,95,454,31,29,1,1,1,1
224,0,151,433,178,45,1,1,1,1
224,0,1001,426,164,52,1,1,1,1
224,0,1308,460,50,17,1,1,1,1
224,0,1389,448,34,27,1,1,1,1
224,0,1712,444,36,30,1,1,1,1
224,0,432,386,403,97,1,1,1,1
225,0,32,468,17,11,1,1,1,1
225,0,96,454,31,29,1,1,1,1
225,0,151,433,178,45,1,1,1,1
225,0,1001,426,164,52,1,1,1,1
225,0,1308,460,50,17,1,1,1,1
225,0,1389,448,34,27,1,1,1,1
225,0,1712,444,36,30,1,1,1,1
225,0,432,386,403,97,1,1,1,1
226,0,32,468,17,11,1,1,1,1
226,0,96,454,31,29,1,1,1,1
226,0,151,433,178,45,1,1,1,1
226,0,1001,426,164,52,1,1,1,1
226,0,1308,460,50,17,1,1,1,1
226,0,1389,448,34,27,1,1,1,1
226,0,1712,444,36,30,1,1,1,1
226,0,432,386,403,97,1,1,1,1
227,0,32,468,17,11,1,1,1,1
227,0,96,454,31,29,1,1,1,1
227,0,151,433,178,45,1,1,1,1
227,0,1001,426,164,52,1,1,1,1
227,0,1308,460,50,17,1,1,1,1
227,0,1389,448,34,27,1,1,1,1
227,0,1712,444,36,30,1,1,1,1
227,0,433,386,403,97,1,1,1,1
228,0,32,468,17,11,1,1,1,1
228,0,96,454,31,29,1,1,1,1
228,0,151,433,178,45,1,1,1,1
228,0,1001,426,164,52,1,1,1,1
228,0,1308,460,50,17,1,1,1,1
228,0,1389,448,34,27,1,1,1,1
228,0,1712,444,36,30,1,1,1,1
228,0,433,386,403,97,1,1,1,1
229,0,30,468,17,11,1,1,1,1
229,0,96,454,31,29,1,1,1,1
229,0,151,433,178,45,1,1,1,1
229,0,1001,426,164,52,1,1,1,1
229,0,1308,460,50,17,1,1,1,1
229,0,1389,448,34,27,1,1,1,1
229,0,1712,444,36,30,1,1,1,1
229,0,435,387,403,97,1,1,1,1
230,0,30,468,17,11,1,1,1,1
230,0,96,454,31,29,1,1,1,1
230,0,151,433,178,45,1,1,1,1
230,0,1001,426,164,52,1,1,1,1
230,0,1308,460,50,17,1,1,1,1
230,0,1389,448,34,27,1,1,1,1
230,0,1712,444,36,30,1,1,1,1
230,0,435,387,403,97,1,1,1,1
231,0,30,468,17,11,1,1,1,1
231,0,96,454,31,29,1,1,1,1
231,0,151,433,178,45,1,1,1,1
231,0,1001,426,164,52,1,1,1,1
231,0,1308,460,50,17,1,1,1,1
231,0,1389,448,34,27,1,1,1,1
231,0,1712,444,36,30,1,1,1,1
231,0,435,387,403,97,1,1,1,1
232,0,30,468,17,11,1,1,1,1
232,0,96,454,31,29,1,1,1,1
232,0,151,433,178,45,1,1,1,1
232,0,1001,426,164,52,1,1,1,1
232,0,1308,460,50,17,1,1,1,1
232,0,1389,448,34,27,1,1,1,1
232,0,1712,444,36,30,1,1,1,1
232,0,435,387,403,97,1,1,1,1
233,0,30,468,17,11,1,1,1,1
233,0,96,454,31,29,1,1,1,1
233,0,151,433,178,45,1,1,1,1
233,0,1001,426,164,52,1,1,1,1
233,0,1308,460,50,17,1,1,1,1
233,0,1389,448,34,27,1,1,1,1
233,0,1712,444,36,30,1,1,1,1
233,0,435,387,406,97,1,1,1,1
234,0,30,468,17,11,1,1,1,1
234,0,96,454,31,29,1,1,1,1
234,0,151,433,178,45,1,1,1,1
234,0,1001,426,164,52,1,1,1,1
234,0,1308,460,50,17,1,1,1,1
234,0,1389,448,34,27,1,1,1,1
234,0,1712,444,36,30,1,1,1,1
234,0,435,387,406,97,1,1,1,1
235,0,29,467,17,11,1,1,1,1
235,0,96,454,31,29,1,1,1,1
235,0,151,434,178,45,1,1,1,1
235,0,1001,426,164,52,1,1,1,1
235,0,1308,460,50,17,1,1,1,1
235,0,1389,448,34,27,1,1,1,1
235,0,1712,444,36,30,1,1,1,1
235,0,435,387,406,97,1,1,1,1
236,0,29,467,17,11,1,1,1,1
236,0,96,454,31,29,1,1,1,1
236,0,151,434,178,45,1,1,1,1
236,0,1001,426,164,52,1,1,1,1
236,0,1308,460,50,17,1,1,1,1
236,0,1389,448,34,27,1,1,1,1
236,0,1712,444,36,30,1,1,1,1
236,0,438,382,406,101,1,1,1,1
237,0,29,467,17,11,1,1,1,1
237,0,96,454,31,29,1,1,1,1
237,0,151,434,178,45,1,1,1,1
237,0,1001,426,164,52,1,1,1,1
237,0,1308,460,50,17,1,1,1,1
237,0,1389,448,34,27,1,1,1,1
237,0,1712,444,36,30,1,1,1,1
237,0,438,382,406,101,1,1,1,1
238,0,29,467,17,11,1,1,1,1
238,0,96,454,31,29,1,1,1,1
238,0,151,434,178,45,1,1,1,1
238,0,1001,426,164,52,1,1,1,1
238,0,1308,460,50,17,1,1,1,1
238,0,1389,448,34,27,1,1,1,1
238,0,1712,444,36,30,1,1,1,1
238,0,438,382,406,101,1,1,1,1
239,0,29,467,17,11,1,1,1,1
239,0,96,454,31,29,1,1,1,1
239,0,151,434,178,45,1,1,1,1
239,0,1001,426,164,52,1,1,1,1
239,0,1308,460,50,17,1,1,1,1
239,0,1389,448,34,27,1,1,1,1
239,0,1712,444,36,30,1,1,1,1
239,0,439,382,406,101,1,1,1,1
240,0,28,467,17,11,1,1,1,1
240,0,96,454,31,29,1,1,1,1
240,0,151,434,178,45,1,1,1,1
240,0,1001,426,164,52,1,1,1,1
240,0,1308,460,50,17,1,1,1,1
240,0,1389,448,34,27,1,1,1,1
240,0,1712,444,36,30,1,1,1,1
240,0,439,382,406,101,1,1,1,1
241,0,28,467,17,11,1,1,1,1
241,0,96,454,31,29,1,1,1,1
241,0,151,434,178,45,1,1,1,1
241,0,1001,426,164,52,1,1,1,1
241,0,1308,460,50,17,1,1,1,1
241,0,1389,448,34,27,1,1,1,1
241,0,1712,444,36,30,1,1,1,1
241,0,440,382,406,101,1,1,1,1
242,0,28,467,17,11,1,1,1,1
242,0,96,454,31,29,1,1,1,1
242,0,150,434,178,45,1,1,1,1
242,0,1001,426,164,52,1,1,1,1
242,0,1308,460,50,17,1,1,1,1
242,0,1389,448,34,27,1,1,1,1
242,0,1712,444,36,30,1,1,1,1
242,0,440,382,406,101,1,1,1,1
243,0,28,467,17,11,1,1,1,1
243,0,96,454,31,29,1,1,1,1
243,0,150,434,178,45,1,1,1,1
243,0,1001,426,164,52,1,1,1,1
243,0,1308,460,50,17,1,1,1,1
243,0,1389,448,34,27,1,1,1,1
243,0,1712,444,36,30,1,1,1,1
243,0,440,382,406,101,1,1,1,1
244,0,28,467,17,11,1,1,1,1
244,0,96,454,31,29,1,1,1,1
244,0,150,434,178,45,1,1,1,1
244,0,1001,426,164,52,1,1,1,1
244,0,1308,460,50,17,1,1,1,1
244,0,1389,448,34,27,1,1,1,1
244,0,1712,444,36,30,1,1,1,1
244,0,442,382,406,101,1,1,1,1
245,0,28,467,17,11,1,1,1,1
245,0,96,454,31,29,1,1,1,1
245,0,150,434,178,45,1,1,1,1
245,0,1001,426,164,52,1,1,1,1
245,0,1308,460,50,17,1,1,1,1
245,0,1389,448,34,27,1,1,1,1
245,0,1712,444,36,30,1,1,1,1
245,0,442,382,406,101,1,1,1,1
246,0,28,467,17,11,1,1,1,1
246,0,96,454,31,29,1,1,1,1
246,0,150,434,178,45,1,1,1,1
246,0,1001,426,164,52,1,1,1,1
246,0,1308,460,50,17,1,1,1,1
246,0,1389,448,34,27,1,1,1,1
246,0,1712,444,36,30,1,1,1,1
246,0,442,382,406,101,1,1,1,1
247,0,28,467,17,11,1,1,1,1
247,0,96,454,31,29,1,1,1,1
247,0,150,434,178,45,1,1,1,1
247,0,1001,426,164,52,1,1,1,1
247,0,1308,460,50,17,1,1,1,1
247,0,1389,448,34,27,1,1,1,1
247,0,1712,444,36,30,1,1,1,1
247,0,442,382,406,101,1,1,1,1
248,0,28,467,17,11,1,1,1,1
248,0,96,454,31,29,1,1,1,1
248,0,150,434,178,45,1,1,1,1
248,0,1002,426,164,52,1,1,1,1
248,0,1308,460,50,17,1,1,1,1
248,0,1389,448,34,27,1,1,1,1
248,0,1712,444,36,30,1,1,1,1
248,0,445,382,406,101,1,1,1,1
249,0,28,467,17,11,1,1,1,1
249,0,96,454,31,29,1,1,1,1
249,0,150,434,178,45,1,1,1,1
249,0,1002,426,164,52,1,1,1,1
249,0,1308,460,50,17,1,1,1,1
249,0,1389,448,34,27,1,1,1,1
249,0,1712,444,36,30,1,1,1,1
249,0,445,382,406,101,1,1,1,1
250,0,28,467,17,11,1,1,1,1
250,0,96,454,31,29,1,1,1,1
250,0,150,434,178,45,1,1,1,1
250,0,1002,426,164,52,1,1,1,1
250,0,1308,460,50,17,1,1,1,1
250,0,1389,448,34,27,1,1,1,1
250,0,1713,444,36,30,1,1,1,1
250,0,446,382,406,101,1,1,1,1
251,0,28,467,17,11,1,1,1,1
251,0,96,454,31,29,1,1,1,1
251,0,150,434,178,45,1,1,1,1
251,0,1002,426,164,52,1,1,1,1
251,0,1308,460,50,17,1,1,1,1
251,0,1389,448,34,27,1,1,1,1
251,0,1713,444,36,30,1,1,1,1
251,0,447,382,406,101,1,1,1,1
252,0,28,467,17,11,1,1,1,1
252,0,96,454,31,29,1,1,1,1
252,0,150,434,178,45,1,1,1,1
252,0,1002,426,164,52,1,1,1,1
252,0,1308,460,50,17,1,1,1,1
252,0,1389,448,34,27,1,1,1,1
252,0,1713,444,36,30,1,1,1,1
252,0,447,382,406,101,1,1,1,1
253,0,28,467,17,11,1,1,1,1
253,0,96,454,31,29,1,1,1,1
253,0,151,434,178,45,1,1,1,1
253,0,1002,426,164,52,1,1,1,1
253,0,1308,460,50,17,1,1,1,1
253,0,1389,448,34,27,1,1,1,1
253,0,1713,444,36,30,1,1,1,1
253,0,447,382,406,101,1,1,1,1
254,0,28,467,17,11,1,1,1,1
254,0,96,454,31,29,1,1,1,1
254,0,151,434,178,45,1,1,1,1
254,0,1002,426,164,52,1,1,1,1
254,0,1309,459,50,17,1,1,1,1
254,0,1389,448,34,27,1,1,1,1
254,0,1713,444,36,30,1,1,1,1
254,0,449,381,406,101,1,1,1,1
255,0,27,467,17,11,1,1,1,1
255,0,96,454,31,29,1,1,1,1
255,0,151,434,178,45,1,1,1,1
255,0,1002,426,164,52,1,1,1,1
255,0,1309,459,50,17,1,1,1,1
255,0,1389,448,34,27,1,1,1,1
255,0,1713,444,36,30,1,1,1,1
255,0,449,381,406,101,1,1,1,1
256,0,27,467,17,11,1,1,1,1
256,0,96,454,31,29,1,1,1,1
256,0,151,434,178,45,1,1,1,1
256,0,1002,426,164,52,1,1,1,1
256,0,1309,459,50,17,1,1,1,1
256,0,1389,448,34,27,1,1,1,1
256,0,1713,444,36,30,1,1,1,1
256,0,451,381,406,101,1,1,1,1
257,0,27,467,17,11,1,1,1,1
257,0,96,454,31,29,1,1,1,1
257,0,151,434,178,45,1,1,1,1
257,0,1002,426,164,52,1,1,1,1
257,0,1309,459,50,17,1,1,1,1
257,0,1389,448,34,27,1,1,1,1
257,0,1713,444,36,30,1,1,1,1
257,0,451,381,406,101,1,1,1,1
258,0,27,467,17,11,1,1,1,1
258,0,96,454,31,29,1,1,1,1
258,0,151,434,178,45,1,1,1,1
258,0,1002,426,164,52,1,1,1,1
258,0,1309,459,50,17,1,1,1,1
258,0,1389,448,34,27,1,1,1,1
258,0,1713,444,36,30,1,1,1,1
258,0,451,381,406,101,1,1,1,1
259,0,27,467,17,11,1,1,1,1
259,0,96,454,31,29,1,1,1,1
259,0,151,434,178,45,1,1,1,1
259,0,1003,426,164,52,1,1,1,1
259,0,1309,459,50,17,1,1,1,1
259,0,1389,448,34,27,1,1,1,1
259,0,1713,444,36,30,1,1,1,1
259,0,452,382,406,101,1,1,1,1
260,0,27,467,17,11,1,1,1,1
260,0,96,454,31,29,1,1,1,1
260,0,151,434,178,45,1,1,1,1
260,0,1003,426,164,52,1,1,1,1
260,0,1309,459,50,17,1,1,1,1
260,0,1389,448,34,27,1,1,1,1
260,0,1713,444,36,30,1,1,1,1
260,0,452,382,406,101,1,1,1,1
261,0,27,467,17,11,1,1,1,1
261,0,96,454,31,29,1,1,1,1
261,0,151,434,178,45,1,1,1,1
261,0,1003,426,164,52,1,1,1,1
261,0,1309,459,50,17,1,1,1,1
261,0,1389,448,34,27,1,1,1,1
261,0,1713,444,36,30,1,1,1,1
261,0,452,382,406,101,1,1,1,1
262,0,27,467,17,11,1,1,1,1
262,0,96,454,31,29,1,1,1,1
262,0,151,434,178,45,1,1,1,1
262,0,1003,426,164,52,1,1,1,1
262,0,1309,459,50,17,1,1,1,1
262,0,1389,448,34,27,1,1,1,1
262,0,1713,444,36,30,1,1,1,1
262,0,454,382,406,101,1,1,1,1
263,0,26,467,17,11,1,1,1,1
263,0,96,454,31,29,1,1,1,1
263,0,151,434,178,45,1,1,1,1
263,0,1003,426,164,52,1,1,1,1
263,0,1309,459,50,17,1,1,1,1
263,0,1389,448,34,27,1,1,1,1
263,0,1713,444,36,30,1,1,1,1
263,0,454,382,406,101,1,1,1,1
264,0,26,467,17,11,1,1,1,1
264,0,96,454,31,29,1,1,1,1
264,0,151,434,178,45,1,1,1,1
264,0,1003,426,164,52,1,1,1,1
264,0,1309,459,50,17,1,1,1,1
264,0,1389,448,34,27,1,1,1,1
264,0,1713,444,36,30,1,1,1,1
264,0,454,382,406,101,1,1,1,1
265,0,26,467,17,11,1,1,1,1
265,0,96,454,31,29,1,1,1,1
265,0,151,434,178,45,1,1,1,1
265,0,1003,426,164,52,1,1,1,1
265,0,1309,459,50,17,1,1,1,1
265,0,1389,448,34,27,1,1,1,1
265,0,1713,444,36,30,1,1,1,1
265,0,454,382,406,101,1,1,1,1
266,0,26,467,17,11,1,1,1,1
266,0,96,454,31,29,1,1,1,1
266,0,151,434,178,45,1,1,1,1
266,0,1003,426,164,52,1,1,1,1
266,0,1309,459,50,17,1,1,1,1
266,0,1389,448,34,27,1,1,1,1
266,0,1713,444,36,30,1,1,1,1
266,0,456,382,406,101,1,1,1,1
267,0,26,467,17,11,1,1,1,1
267,0,96,454,31,29,1,1,1,1
267,0,151,434,178,45,1,1,1,1
267,0,1003,426,164,52,1,1,1,1
267,0,1309,459,50,17,1,1,1,1
267,0,1389,448,34,27,1,1,1,1
267,0,1713,444,36,30,1,1,1,1
267,0,456,382,406,101,1,1,1,1
268,0,26,467,17,11,1,1,1,1
268,0,96,454,31,29,1,1,1,1
268,0,151,434,178,45,1,1,1,1
268,0,1003,426,164,52,1,1,1,1
268,0,1309,459,50,17,1,1,1,1
268,0,1389,448,34,27,1,1,1,1
268,0,1713,444,36,30,1,1,1,1
268,0,458,382,406,101,1,1,1,1
269,0,26,467,17,11,1,1,1,1
269,0,96,454,31,29,1,1,1,1
269,0,151,434,178,45,1,1,1,1
269,0,1003,426,164,52,1,1,1,1
269,0,1309,459,50,17,1,1,1,1
269,0,1389,448,34,27,1,1,1,1
269,0,1713,444,36,30,1,1,1,1
269,0,458,382,406,101,1,1,1,1
270,0,26,467,17,11,1,1,1,1
270,0,96,454,31,29,1,1,1,1
270,0,151,434,178,45,1,1,1,1
270,0,1003,426,164,52,1,1,1,1
270,0,1309,459,50,17,1,1,1,1
270,0,1389,448,34,27,1,1,1,1
270,0,1713,444,36,30,1,1,1,1
270,0,458,382,406,101,1,1,1,1
271,0,26,467,17,11,1,1,1,1
271,0,96,454,31,29,1,1,1,1
271,0,151,434,178,45,1,1,1,1
271,0,1003,426,164,52,1,1,1,1
271,0,1309,459,50,17,1,1,1,1
271,0,1389,448,34,27,1,1,1,1
271,0,1713,444,36,30,1,1,1,1
271,0,459,382,406,101,1,1,1,1
272,0,25,467,17,11,1,1,1,1
272,0,96,454,31,29,1,1,1,1
272,0,151,434,178,45,1,1,1,1
272,0,1004,426,162,52,1,1,1,1
272,0,1309,459,50,17,1,1,1,1
272,0,1389,448,34,27,1,1,1,1
272,0,1713,444,36,30,1,1,1,1
272,0,459,382,406,101,1,1,1,1
273,0,25,467,17,11,1,1,1,1
273,0,96,454,31,29,1,1,1,1
273,0,151,434,178,45,1,1,1,1
273,0,1004,426,162,52,1,1,1,1
273,0,1309,459,50,17,1,1,1,1
273,0,1389,448,34,27,1,1,1,1
273,0,1713,444,36,30,1,1,1,1
273,0,461,382,406,101,1,1,1,1
274,0,25,467,17,11,1,1,1,1
274,0,96,454,31,29,1,1,1,1
274,0,151,434,178,45,1,1,1,1
274,0,1004,426,162,52,1,1,1,1
274,0,1309,459,50,17,1,1,1,1
274,0,1389,448,34,27,1,1,1,1
274,0,1713,444,36,30,1,1,1,1
274,0,461,382,406,101,1,1,1,1
275,0,25,467,17,11,1,1,1,1
275,0,96,454,31,29,1,1,1,1
275,0,151,434,178,45,1,1,1,1
275,0,1004,426,162,52,1,1,1,1
275,0,1309,459,50,17,1,1,1,1
275,0,1389,448,34,27,1,1,1,1
275,0,1714,444,36,30,1,1,1,1
275,0,462,382,406,101,1,1,1,1
276,0,25,467,17,11,1,1,1,1
276,0,96,454,31,29,1,1,1,1
276,0,151,434,178,45,1,1,1,1
276,0,1004,426,162,52,1,1,1,1
276,0,1309,459,50,17,1,1,1,1
276,0,1389,448,34,27,1,1,1,1
276,0,1714,444,36,30,1,1,1,1
276,0,462,382,406,101,1,1,1,1
277,0,24,467,17,11,1,1,1,1
277,0,96,454,31,29,1,1,1,1
277,0,151,434,178,45,1,1,1,1
277,0,1004,426,162,52,1,1,1,1
277,0,1309,459,50,17,1,1,1,1
277,0,1389,448,34,27,1,1,1,1
277,0,1714,444,36,30,1,1,1,1
277,0,464,382,406,101,1,1,1,1
278,0,24,467,17,11,1,1,1,1
278,0,96,454,31,29,1,1,1,1
278,0,151,434,178,45,1,1,1,1
278,0,1004,426,162,52,1,1,1,1
278,0,1309,459,50,17,1,1,1,1
278,0,1389,448,34,27,1,1,1,1
278,0,1714,444,36,30,1,1,1,1
278,0,464,382,406,101,1,1,1,1
279,0,24,467,17,11,1,1,1,1
279,0,96,454,31,29,1,1,1,1
279,0,151,434,178,45,1,1,1,1
279,0,1004,426,162,52,1,1,1,1
279,0,1309,459,50,17,1,1,1,1
279,0,1389,448,34,27,1,1,1,1
279,0,1714,444,36,30,1,1,1,1
279,0,465,382,406,101,1,1,1,1
280,0,96,453,33,27,1,1,1,1
280,0,148,430,182,51,1,1,1,1
280,0,449,464,25,17,1,1,1,1
280,0,466,383,406,100,1,1,1,1
280,0,1004,430,162,48,1,1,1,1
280,0,1309,461,50,13,1,1,1,1
280,0,1390,448,35,28,1,1,1,1
280,0,1714,445,36,29,1,1,1,1
280,0,23,468,20,11,1,1,1,1
281,0,96,453,33,27,1,1,1,1
281,0,148,430,182,51,1,1,1,1
281,0,449,464,25,17,1,1,1,1
281,0,466,383,406,100,1,1,1,1
281,0,1004,430,162,48,1,1,1,1
281,0,1309,461,50,13,1,1,1,1
281,0,1390,448,35,28,1,1,1,1
281,0,1714,445,36,29,1,1,1,1
281,0,23,468,20,11,1,1,1,1
282,0,96,453,33,27,1,1,1,1
282,0,148,430,182,51,1,1,1,1
282,0,449,464,25,17,1,1,1,1
282,0,467,383,406,100,1,1,1,1
282,0,1004,430,162,48,1,1,1,1
282,0,1309,461,50,13,1,1,1,1
282,0,1390,448,35,28,1,1,1,1
282,0,1714,445,36,29,1,1,1,1
282,0,22,468,20,11,1,1,1,1
283,0,96,453,33,27,1,1,1,1
283,0,148,430,182,51,1,1,1,1
283,0,449,464,25,17,1,1,1,1
283,0,467,383,406,100,1,1,1,1
283,0,1004,430,162,48,1,1,1,1
283,0,1309,461,50,13,1,1,1,1
283,0,1390,448,35,28,1,1,1,1
283,0,1714,445,36,29,1,1,1,1
283,0,22,468,20,11,1,1,1,1
284,0,96,453,33,27,1,1,1,1
284,0,148,430,182,51,1,1,1,1
284,0,449,464,25,17,1,1,1,1
284,0,467,383,406,100,1,1,1,1
284,0,1004,430,162,48,1,1,1,1
284,0,1309,461,50,13,1,1,1,1
284,0,1390,448,35,28,1,1,1,1
284,0,1714,445,36,29,1,1,1,1
284,0,22,468,20,11,1,1,1,1
285,0,96,453,33,27,1,1,1,1
285,0,148,430,182,51,1,1,1,1
285,0,449,464,25,17,1,1,1,1
285,0,468,383,406,100,1,1,1,1
285,0,1004,430,162,48,1,1,1,1
285,0,1309,461,50,13,1,1,1,1
285,0,1390,448,35,28,1,1,1,1
285,0,1714,445,36,29,1,1,1,1
285,0,22,468,20,11,1,1,1,1
286,0,97,453,33,27,1,1,1,1
286,0,148,430,182,51,1,1,1,1
286,0,449,464,25,17,1,1,1,1
286,0,468,383,406,100,1,1,1,1
286,0,1004,430,162,48,1,1,1,1
286,0,1309,461,50,13,1,1,1,1
286,0,1390,448,35,28,1,1,1,1
286,0,1714,445,36,29,1,1,1,1
286,0,22,468,20,11,1,1,1,1
287,0,97,453,33,27,1,1,1,1
287,0,148,430,182,51,1,1,1,1
287,0,449,464,25,17,1,1,1,1
287,0,468,383,406,100,1,1,1,1
287,0,1004,430,162,48,1,1,1,1
287,0,1309,461,50,13,1,1,1,1
287,0,1390,448,35,28,1,1,1,1
287,0,1714,445,36,29,1,1,1,1
287,0,22,468,20,11,1,1,1,1
288,0,97,453,33,27,1,1,1,1
288,0,148,430,182,51,1,1,1,1
288,0,449,464,25,17,1,1,1,1
288,0,470,382,406,100,1,1,1,1
288,0,1004,430,162,48,1,1,1,1
288,0,1309,461,50,13,1,1,1,1
288,0,1390,448,35,28,1,1,1,1
288,0,1714,445,36,29,1,1,1,1
288,0,22,468,20,11,1,1,1,1
289,0,97,453,33,27,1,1,1,1
289,0,148,430,182,51,1,1,1,1
289,0,449,464,25,17,1,1,1,1
289,0,470,382,406,100,1,1,1,1
289,0,1004,430,162,48,1,1,1,1
289,0,1309,461,50,13,1,1,1,1
289,0,1390,448,35,28,1,1,1,1
289,0,1714,445,36,29,1,1,1,1
289,0,22,468,20,11,1,1,1,1
290,0,97,453,33,27,1,1,1,1
290,0,148,430,182,51,1,1,1,1
290,0,449,464,25,17,1,1,1,1
290,0,470,382,406,100,1,1,1,1
290,0,1004,430,162,48,1,1,1,1
290,0,1309,461,50,13,1,1,1,1
290,0,1390,448,35,28,1,1,1,1
290,0,1714,445,36,29,1,1,1,1
290,0,22,468,20,11,1,1,1,1
291,0,97,453,33,27,1,1,1,1
291,0,148,430,182,51,1,1,1,1
291,0,449,464,25,17,1,1,1,1
291,0,470,382,406,100,1,1,1,1
291,0,1004,430,162,48,1,1,1,1
291,0,1309,461,50,13,1,1,1,1
291,0,1390,448,35,28,1,1,1,1
291,0,1714,445,36,29,1,1,1,1
291,0,22,468,20,11,1,1,1,1
292,0,97,453,33,27,1,1,1,1
292,0,148,430,182,51,1,1,1,1
292,0,449,464,25,17,1,1,1,1
292,0,474,383,406,100,1,1,1,1
292,0,1006,430,162,48,1,1,1,1
292,0,1309,461,50,13,1,1,1,1
292,0,1390,448,35,28,1,1,1,1
292,0,1714,445,36,29,1,1,1,1
292,0,22,468,20,11,1,1,1,1
293,0,97,453,33,27,1,1,1,1
293,0,148,430,182,51,1,1,1,1
293,0,449,464,25,17,1,1,1,1
293,0,474,383,406,100,1,1,1,1
293,0,1006,430,162,48,1,1,1,1
293,0,1309,461,50,13,1,1,1,1
293,0,1390,448,35,28,1,1,1,1
293,0,1714,445,36,29,1,1,1,1
293,0,21,468,20,11,1,1,1,1
294,0,97,453,33,27,1,1,1,1
294,0,148,430,182,51,1,1,1,1
294,0,449,464,25,17,1,1,1,1
294,0,474,383,406,100,1,1,1,1
294,0,1006,430,162,48,1,1,1,1
294,0,1309,461,50,13,1,1,1,1
294,0,1390,448,35,28,1,1,1,1
294,0,1714,445,36,29,1,1,1,1
294,0,21,468,20,11,1,1,1,1
295,0,97,453,33,27,1,1,1,1
295,0,148,430,182,51,1,1,1,1
295,0,449,464,25,17,1,1,1,1
295,0,476,383,406,100,1,1,1,1
295,0,1006,430,162,48,1,1,1,1
295,0,1309,461,50,13,1,1,1,1
295,0,1390,448,35,28,1,1,1,1
295,0,1714,445,36,29,1,1,1,1
295,0,21,468,20,11,1,1,1,1
296,0,97,453,33,27,1,1,1,1
296,0,148,430,182,51,1,1,1,1
296,0,449,464,25,17,1,1,1,1
296,0,476,383,406,100,1,1,1,1
296,0,1006,430,162,48,1,1,1,1
296,0,1309,461,50,13,1,1,1,1
296,0,1390,448,35,28,1,1,1,1
296,0,1714,445,36,29,1,1,1,1
296,0,21,468,20,11,1,1,1,1
297,0,97,453,33,27,1,1,1,1
297,0,148,430,182,51,1,1,1,1
297,0,449,464,25,17,1,1,1,1
297,0,476,383,406,100,1,1,1,1
297,0,1006,430,162,48,1,1,1,1
297,0,1309,461,50,13,1,1,1,1
297,0,1390,448,35,28,1,1,1,1
297,0,1714,445,36,29,1,1,1,1
297,0,21,468,20,11,1,1,1,1
298,0,97,453,33,27,1,1,1,1
298,0,148,430,182,51,1,1,1,1
298,0,449,464,25,17,1,1,1,1
298,0,476,383,406,100,1,1,1,1
298,0,1006,430,162,48,1,1,1,1
298,0,1309,461,50,13,1,1,1,1
298,0,1390,448,35,28,1,1,1,1
298,0,1714,445,36,29,1,1,1,1
298,0,21,468,20,11,1,1,1,1
299,0,97,453,33,27,1,1,1,1
299,0,148,430,182,51,1,1,1,1
299,0,449,464,25,17,1,1,1,1
299,0,478,384,406,100,1,1,1,1
299,0,1006,430,162,48,1,1,1,1
299,0,1309,461,50,13,1,1,1,1
299,0,1390,448,35,28,1,1,1,1
299,0,1714,445,36,29,1,1,1,1
299,0,21,468,20,11,1,1,1,1
300,0,97,453,33,27,1,1,1,1
300,0,148,430,182,51,1,1,1,1
300,0,449,464,25,17,1,1,1,1
300,0,479,384,406,100,1,1,1,1
300,0,1006,430,162,48,1,1,1,1
300,0,1309,461,50,13,1,1,1,1
300,0,1390,448,35,28,1,1,1,1
300,0,1714,445,36,29,1,1,1,1
300,0,21,468,20,11,1,1,1,1
301,0,97,453,33,27,1,1,1,1
301,0,148,430,182,51,1,1,1,1
301,0,449,464,25,17,1,1,1,1
301,0,479,384,406,100,1,1,1,1
301,0,1006,430,162,48,1,1,1,1
301,0,1309,461,50,13,1,1,1,1
301,0,1390,448,35,28,1,1,1,1
301,0,1714,445,36,29,1,1,1,1
301,0,21,468,20,11,1,1,1,1
302,0,97,453,33,27,1,1,1,1
302,0,148,430,182,51,1,1,1,1
302,0,449,464,25,17,1,1,1,1
302,0,479,384,406,100,1,1,1,1
302,0,1006,430,162,48,1,1,1,1
302,0,1309,461,50,13,1,1,1,1
302,0,1390,448,35,28,1,1,1,1
302,0,1714,445,36,29,1,1,1,1
302,0,20,468,20,11,1,1,1,1
303,0,97,453,33,27,1,1,1,1
303,0,148,430,182,51,1,1,1,1
303,0,449,464,25,17,1,1,1,1
303,0,480,384,406,100,1,1,1,1
303,0,1006,430,162,48,1,1,1,1
303,0,1309,461,50,13,1,1,1,1
303,0,1390,448,35,28,1,1,1,1
303,0,1714,445,36,29,1,1,1,1
303,0,20,468,20,11,1,1,1,1
304,0,97,453,33,27,1,1,1,1
304,0,148,430,182,51,1,1,1,1
304,0,449,464,31,17,1,1,1,1
304,0,480,384,406,100,1,1,1,1
304,0,1006,430,162,48,1,1,1,1
304,0,1309,461,50,13,1,1,1,1
304,0,1390,448,35,28,1,1,1,1
304,0,1714,445,36,29,1,1,1,1
304,0,20,468,20,11,1,1,1,1
305,0,97,453,33,27,1,1,1,1
305,0,148,430,182,51,1,1,1,1
305,0,449,464,31,17,1,1,1,1
305,0,480,384,406,100,1,1,1,1
305,0,1006,430,162,48,1,1,1,1
305,0,1309,461,50,13,1,1,1,1
305,0,1390,448,35,28,1,1,1,1
305,0,1716,445,36,29,1,1,1,1
305,0,20,468,20,11,1,1,1,1
306,0,97,453,33,27,1,1,1,1
306,0,148,430,182,51,1,1,1,1
306,0,449,464,31,17,1,1,1,1
306,0,482,383,406,100,1,1,1,1
306,0,1006,430,162,48,1,1,1,1
306,0,1309,461,50,13,1,1,1,1
306,0,1390,448,35,28,1,1,1,1
306,0,1716,445,36,29,1,1,1,1
306,0,20,468,20,11,1,1,1,1
307,0,97,453,33,27,1,1,1,1
307,0,148,430,182,51,1,1,1,1
307,0,449,464,31,17,1,1,1,1
307,0,482,383,406,100,1,1,1,1
307,0,1006,430,162,48,1,1,1,1
307,0,1309,461,50,13,1,1,1,1
307,0,1390,448,35,28,1,1,1,1
307,0,1716,445,36,29,1,1,1,1
307,0,20,468,20,11,1,1,1,1
308,0,97,453,33,27,1,1,1,1
308,0,148,430,182,51,1,1,1,1
308,0,449,464,31,17,1,1,1,1
308,0,482,383,406,100,1,1,1,1
308,0,1006,430,162,48,1,1,1,1
308,0,1309,461,50,13,1,1,1,1
308,0,1390,448,35,28,1,1,1,1
308,0,1716,445,36,29,1,1,1,1
308,0,19,468,20,11,1,1,1,1
309,0,97,453,33,27,1,1,1,1
309,0,148,430,182,51,1,1,1,1
309,0,449,464,31,17,1,1,1,1
309,0,484,384,406,100,1,1,1,1
309,0,1006,430,162,48,1,1,1,1
309,0,1309,461,50,13,1,1,1,1
309,0,1390,448,35,28,1,1,1,1
309,0,1716,445,36,29,1,1,1,1
309,0,19,468,20,11,1,1,1,1
310,0,97,453,33,27,1,1,1,1
310,0,148,430,182,51,1,1,1,1
310,0,449,464,31,17,1,1,1,1
310,0,484,384,406,100,1,1,1,1
310,0,1006,430,162,48,1,1,1,1
310,0,1309,461,50,13,1,1,1,1
310,0,1390,448,35,28,1,1,1,1
310,0,1716,445,36,29,1,1,1,1
310,0,19,468,20,11,1,1,1,1
311,0,97,453,33,27,1,1,1,1
311,0,148,430,182,51,1,1,1,1
311,0,449,464,31,17,1,1,1,1
311,0,484,384,406,100,1,1,1,1
311,0,1006,430,162,48,1,1,1,1
311,0,1309,461,50,13,1,1,1,1
311,0,1390,448,35,28,1,1,1,1
311,0,1716,445,36,29,1,1,1,1
311,0,19,468,20,11,1,1,1,1
312,0,97,453,33,27,1,1,1,1
312,0,148,430,182,51,1,1,1,1
312,0,449,464,31,17,1,1,1,1
312,0,484,384,406,100,1,1,1,1
312,0,1006,430,162,48,1,1,1,1
312,0,1309,461,50,13,1,1,1,1
312,0,1390,448,35,28,1,1,1,1
312,0,1716,445,36,29,1,1,1,1
312,0,19,468,20,11,1,1,1,1
313,0,97,453,33,27,1,1,1,1
313,0,148,430,182,51,1,1,1,1
313,0,449,464,31,17,1,1,1,1
313,0,486,384,406,100,1,1,1,1
313,0,1006,430,162,48,1,1,1,1
313,0,1309,461,50,13,1,1,1,1
313,0,1390,448,35,28,1,1,1,1
313,0,1716,445,36,29,1,1,1,1
313,0,19,468,20,11,1,1,1,1
314,0,97,453,33,27,1,1,1,1
314,0,148,430,182,51,1,1,1,1
314,0,449,464,31,17,1,1,1,1
314,0,486,384,406,100,1,1,1,1
314,0,1006,430,162,48,1,1,1,1
314,0,1308,461,50,13,1,1,1,1
314,0,1390,448,35,28,1,1,1,1
314,0,1716,445,36,29,1,1,1,1
314,0,19,468,20,11,1,1,1,1
315,0,97,453,33,27,1,1,1,1
315,0,148,430,182,51,1,1,1,1
315,0,449,464,31,17,1,1,1,1
315,0,486,384,406,100,1,1,1,1
315,0,1006,430,162,48,1,1,1,1
315,0,1308,461,50,13,1,1,1,1
315,0,1390,448,35,28,1,1,1,1
315,0,1716,445,36,29,1,1,1,1
315,0,19,468,20,11,1,1,1,1
316,0,97,453,33,27,1,1,1,1
316,0,148,430,182,51,1,1,1,1
316,0,449,464,31,17,1,1,1,1
316,0,486,384,406,100,1,1,1,1
316,0,1006,430,162,48,1,1,1,1
316,0,1308,461,50,13,1,1,1,1
316,0,1390,448,35,28,1,1,1,1
316,0,1716,445,36,29,1,1,1,1
316,0,19,468,20,11,1,1,1,1
317,0,97,453,33,27,1,1,1,1
317,0,148,430,182,51,1,1,1,1
317,0,449,464,31,17,1,1,1,1
317,0,489,384,406,100,1,1,1,1
317,0,1006,430,162,48,1,1,1,1
317,0,1308,461,50,13,1,1,1,1
317,0,1390,448,35,28,1,1,1,1
317,0,1716,445,36,29,1,1,1,1
317,0,19,468,20,11,1,1,1,1
318,0,97,453,33,27,1,1,1,1
318,0,148,430,182,51,1,1,1,1
318,0,449,464,31,17,1,1,1,1
318,0,489,384,406,100,1,1,1,1
318,0,1007,430,162,48,1,1,1,1
318,0,1308,461,50,13,1,1,1,1
318,0,1390,448,35,28,1,1,1,1
318,0,1716,445,36,29,1,1,1,1
318,0,19,468,20,11,1,1,1,1
319,0,97,453,33,27,1,1,1,1
319,0,148,430,182,51,1,1,1,1
319,0,449,464,31,17,1,1,1,1
319,0,489,384,406,100,1,1,1,1
319,0,1007,430,162,48,1,1,1,1
319,0,1308,461,50,13,1,1,1,1
319,0,1390,448,35,28,1,1,1,1
319,0,1716,445,36,29,1,1,1,1
319,0,19,468,20,11,1,1,1,1
320,0,97,453,33,27,1,1,1,1
320,0,148,430,182,51,1,1,1,1
320,0,448,462,31,17,1,1,1,1
320,0,489,384,406,100,1,1,1,1
320,0,1007,430,162,48,1,1,1,1
320,0,1308,461,50,13,1,1,1,1
320,0,1390,448,35,28,1,1,1,1
320,0,1716,445,36,29,1,1,1,1
320,0,18,468,20,11,1,1,1,1
321,0,97,453,33,27,1,1,1,1
321,0,148,430,182,51,1,1,1,1
321,0,448,462,31,17,1,1,1,1
321,0,492,383,406,100,1,1,1,1
321,0,1007,430,162,48,1,1,1,1
321,0,1309,461,50,13,1,1,1,1
321,0,1390,448,35,28,1,1,1,1
321,0,1716,445,36,29,1,1,1,1
321,0,18,468,20,11,1,1,1,1
322,0,97,453,33,27,1,1,1,1
322,0,148,430,182,51,1,1,1,1
322,0,448,462,31,17,1,1,1,1
322,0,492,383,406,100,1,1,1,1
322,0,1007,430,162,48,1,1,1,1
322,0,1309,461,50,13,1,1,1,1
322,0,1390,447,35,28,1,1,1,1
322,0,1717,445,36,29,1,1,1,1
322,0,18,468,20,11,1,1,1,1
323,0,97,453,33,27,1,1,1,1
323,0,148,430,182,51,1,1,1,1
323,0,448,462,31,17,1,1,1,1
323,0,493,383,406,100,1,1,1,1
323,0,1007,430,162,48,1,1,1,1
323,0,1309,461,50,13,1,1,1,1
323,0,1390,447,35,28,1,1,1,1
323,0,1717,445,36,29,1,1,1,1
323,0,18,468,20,11,1,1,1,1
324,0,97,453,33,27,1,1,1,1
324,0,148,430,182,51,1,1,1,1
324,0,448,462,31,17,1,1,1,1
324,0,493,383,406,100,1,1,1,1
324,0,1007,430,162,48,1,1,1,1
324,0,1309,461,50,13,1,1,1,1
324,0,1390,447,35,28,1,1,1,1
324,0,1717,445,36,29,1,1,1,1
324,0,18,468,20,11,1,1,1,1
325,0,97,453,33,27,1,1,1,1
325,0,148,430,182,51,1,1,1,1
325,0,448,462,31,17,1,1,1,1
325,0,493,383,406,100,1,1,1,1
325,0,1007,430,162,48,1,1,1,1
325,0,1309,461,50,13,1,1,1,1
325,0,1390,447,35,28,1,1,1,1
325,0,1717,445,36,29,1,1,1,1
325,0,17,468,20,11,1,1,1,1
326,0,97,453,33,27,1,1,1,1
326,0,148,430,182,51,1,1,1,1
326,0,448,462,31,17,1,1,1,1
326,0,493,383,406,100,1,1,1,1
326,0,1007,430,162,48,1,1,1,1
326,0,1309,461,50,13,1,1,1,1
326,0,1390,447,35,28,1,1,1,1
326,0,1717,445,36,29,1,1,1,1
326,0,17,468,20,11,1,1,1,1
327,0,97,453,33,27,1,1,1,1
327,0,148,430,182,51,1,1,1,1
327,0,448,462,31,17,1,1,1,1
327,0,496,384,406,100,1,1,1,1
327,0,1007,430,162,48,1,1,1,1
327,0,1309,461,50,13,1,1,1,1
327,0,1390,447,35,28,1,1,1,1
327,0,1717,445,36,29,1,1,1,1
327,0,17,468,20,11,1,1,1,1
328,0,97,453,33,27,1,1,1,1
328,0,148,430,182,51,1,1,1,1
328,0,448,462,31,17,1,1,1,1
328,0,496,384,406,100,1,1,1,1
328,0,1007,430,162,48,1,1,1,1
328,0,1309,461,50,13,1,1,1,1
328,0,1390,447,35,28,1,1,1,1
328,0,1717,445,36,29,1,1,1,1
328,0,17,468,20,11,1,1,1,1
329,0,97,453,33,27,1,1,1,1
329,0,148,430,182,51,1,1,1,1
329,0,448,462,31,17,1,1,1,1
329,0,496,384,406,100,1,1,1,1
329,0,1007,430,162,48,1,1,1,1
329,0,1309,461,50,13,1,1,1,1
329,0,1390,447,35,28,1,1,1,1
329,0,1717,445,36,29,1,1,1,1
329,0,17,468,20,11,1,1,1,1
330,0,97,453,33,27,1,1,1,1
330,0,148,430,182,51,1,1,1,1
330,0,448,462,31,17,1,1,1,1
330,0,497,383,406,100,1,1,1,1
330,0,1007,430,162,48,1,1,1,1
330,0,1309,461,50,13,1,1,1,1
330,0,1390,447,35,28,1,1,1,1
330,0,1717,445,36,29,1,1,1,1
330,0,17,468,20,11,1,1,1,1
331,0,97,453,33,27,1,1,1,1
331,0,148,430,182,51,1,1,1,1
331,0,448,462,31,17,1,1,1,1
331,0,497,383,406,100,1,1,1,1
331,0,1007,430,162,48,1,1,1,1
331,0,1309,461,50,13,1,1,1,1
331,0,1390,447,35,28,1,1,1,1
331,0,1717,445,36,29,1,1,1,1
331,0,16,468,20,11,1,1,1,1
332,0,97,453,33,27,1,1,1,1
332,0,148,430,182,51,1,1,1,1
332,0,448,462,31,17,1,1,1,1
332,0,498,383,406,100,1,1,1,1
332,0,1007,430,162,48,1,1,1,1
332,0,1309,461,50,13,1,1,1,1
332,0,1390,447,35,28,1,1,1,1
332,0,1717,445,36,29,1,1,1,1
332,0,16,468,20,11,1,1,1,1
333,0,97,453,33,27,1,1,1,1
333,0,148,430,182,51,1,1,1,1
333,0,448,462,31,17,1,1,1,1
333,0,498,383,406,100,1,1,1,1
333,0,1008,430,162,48,1,1,1,1
333,0,1309,461,50,13,1,1,1,1
333,0,1390,447,35,28,1,1,1,1
333,0,1717,445,36,29,1,1,1,1
333,0,16,468,20,11,1,1,1,1
334,0,97,453,33,27,1,1,1,1
334,0,148,430,182,51,1,1,1,1
334,0,448,462,31,17,1,1,1,1
334,0,498,383,406,100,1,1,1,1
334,0,1008,430,162,48,1,1,1,1
334,0,1309,461,50,13,1,1,1,1
334,0,1390,447,35,28,1,1,1,1
334,0,1717,445,36,29,1,1,1,1
334,0,16,468,20,11,1,1,1,1
335,0,97,453,33,27,1,1,1,1
335,0,148,430,182,51,1,1,1,1
335,0,448,462,31,17,1,1,1,1
335,0,501,384,406,100,1,1,1,1
335,0,1008,430,162,48,1,1,1,1
335,0,1309,461,50,13,1,1,1,1
335,0,1390,447,35,28,1,1,1,1
335,0,1717,445,36,29,1,1,1,1
335,0,16,468,20,11,1,1,1,1
336,0,97,453,33,27,1,1,1,1
336,0,148,430,182,51,1,1,1,1
336,0,448,462,31,17,1,1,1,1
336,0,501,384,406,100,1,1,1,1
336,0,1008,430,162,48,1,1,1,1
336,0,1309,461,50,13,1,1,1,1
336,0,1390,447,35,28,1,1,1,1
336,0,1717,445,36,29,1,1,1,1
336,0,16,468,20,11,1,1,1,1
337,0,97,453,33,27,1,1,1,1
337,0,148,430,182,51,1,1,1,1
337,0,448,462,31,17,1,1,1,1
337,0,501,384,406,100,1,1,1,1
337,0,1008,430,162,48,1,1,1,1
337,0,1309,461,50,13,1,1,1,1
337,0,1390,447,35,28,1,1,1,1
337,0,1717,445,36,29,1,1,1,1
337,0,16,468,20,11,1,1,1,1
338,0,97,453,33,27,1,1,1,1
338,0,148,430,182,51,1,1,1,1
338,0,448,462,31,17,1,1,1,1
338,0,503,384,406,100,1,1,1,1
338,0,1009,430,162,48,1,1,1,1
338,0,1309,461,50,13,1,1,1,1
338,0,1390,447,35,28,1,1,1,1
338,0,1717,445,36,29,1,1,1,1
338,0,16,468,20,11,1,1,1,1
339,0,97,453,33,27,1,1,1,1
339,0,148,430,182,51,1,1,1,1
339,0,448,462,31,17,1,1,1,1
339,0,503,384,406,100,1,1,1,1
339,0,1009,430,162,48,1,1,1,1
339,0,1309,461,50,13,1,1,1,1
339,0,1390,447,35,28,1,1,1,1
339,0,1717,445,36,29,1,1,1,1
339,0,16,468,20,11,1,1,1,1
340,0,97,453,33,27,1,1,1,1
340,0,148,430,182,51,1,1,1,1
340,0,448,462,31,17,1,1,1,1
340,0,503,384,406,100,1,1,1,1
340,0,1009,430,162,48,1,1,1,1
340,0,1309,461,50,13,1,1,1,1
340,0,1391,447,35,28,1,1,1,1
340,0,1717,445,36,29,1,1,1,1
340,0,16,468,20,11,1,1,1,1
341,0,97,453,33,27,1,1,1,1
341,0,148,430,182,51,1,1,1,1
341,0,448,462,31,17,1,1,1,1
341,0,503,384,408,100,1,1,1,1
341,0,1009,430,162,48,1,1,1,1
341,0,1309,461,50,13,1,1,1,1
341,0,1391,447,35,28,1,1,1,1
341,0,1717,445,36,29,1,1,1,1
341,0,16,468,20,11,1,1,1,1
342,0,97,453,33,27,1,1,1,1
342,0,148,430,182,51,1,1,1,1
342,0,448,462,31,17,1,1,1,1
342,0,503,384,408,100,1,1,1,1
342,0,1009,430,162,48,1,1,1,1
342,0,1309,461,50,13,1,1,1,1
342,0,1391,447,35,28,1,1,1,1
342,0,1717,445,36,29,1,1,1,1
342,0,16,468,20,11,1,1,1,1
343,0,98,453,33,27,1,1,1,1
343,0,148,430,182,51,1,1,1,1
343,0,448,462,31,17,1,1,1,1
343,0,503,384,408,100,1,1,1,1
343,0,1009,430,162,48,1,1,1,1
343,0,1309,461,50,13,1,1,1,1
343,0,1391,447,35,28,1,1,1,1
343,0,1717,445,36,29,1,1,1,1
343,0,16,468,20,11,1,1,1,1
344,0,98,453,33,27,1,1,1,1
344,0,148,430,182,51,1,1,1,1
344,0,448,462,31,17,1,1,1,1
344,0,506,383,408,100,1,1,1,1
344,0,1009,430,162,48,1,1,1,1
344,0,1309,461,50,13,1,1,1,1
344,0,1391,447,35,28,1,1,1,1
344,0,1717,445,36,29,1,1,1,1
344,0,16,468,20,11,1,1,1,1
345,0,98,453,33,27,1,1,1,1
345,0,148,430,182,51,1,1,1,1
345,0,448,462,31,17,1,1,1,1
345,0,506,383,408,100,1,1,1,1
345,0,1010,430,162,48,1,1,1,1
345,0,1309,461,50,13,1,1,1,1
345,0,1391,447,35,28,1,1,1,1
345,0,1717,445,36,29,1,1,1,1
345,0,16,468,20,11,1,1,1,1
346,0,98,453,33,27,1,1,1,1
346,0,148,430,182,51,1,1,1,1
346,0,448,462,31,17,1,1,1,1
346,0,506,383,408,100,1,1,1,1
346,0,1010,430,162,48,1,1,1,1
346,0,1309,461,50,13,1,1,1,1
346,0,1391,447,35,28,1,1,1,1
346,0,1717,445,36,29,1,1,1,1
346,0,16,468,20,11,1,1,1,1
347,0,98,453,33,27,1,1,1,1
347,0,148,430,182,51,1,1,1,1
347,0,448,462,31,17,1,1,1,1
347,0,506,383,408,100,1,1,1,1
347,0,1010,430,162,48,1,1,1,1
347,0,1309,461,50,13,1,1,1,1
347,0,1391,447,35,28,1,1,1,1
347,0,1717,445,36,29,1,1,1,1
347,0,16,468,20,11,1,1,1,1
348,0,98,453,33,27,1,1,1,1
348,0,148,430,182,51,1,1,1,1
348,0,448,462,31,17,1,1,1,1
348,0,509,384,408,100,1,1,1,1
348,0,1010,430,162,48,1,1,1,1
348,0,1310,461,50,13,1,1,1,1
348,0,1391,447,35,28,1,1,1,1
348,0,1718,445,36,29,1,1,1,1
348,0,16,468,20,11,1,1,1,1
349,0,98,453,33,27,1,1,1,1
349,0,148,430,182,51,1,1,1,1
349,0,448,462,31,17,1,1,1,1
349,0,510,384,408,100,1,1,1,1
349,0,1010,430,162,48,1,1,1,1
349,0,1310,461,50,13,1,1,1,1
349,0,1391,447,35,28,1,1,1,1
349,0,1718,445,36,29,1,1,1,1
349,0,16,468,20,11,1,1,1,1
350,0,99,454,33,27,1,1,1,1
350,0,148,430,182,51,1,1,1,1
350,0,448,462,31,17,1,1,1,1
350,0,510,384,408,100,1,1,1,1
350,0,1010,430,162,48,1,1,1,1
350,0,1310,461,50,13,1,1,1,1
350,0,1391,447,35,28,1,1,1,1
350,0,1718,445,36,29,1,1,1,1
350,0,16,468,20,11,1,1,1,1
351,0,99,454,33,27,1,1,1,1
351,0,148,430,182,51,1,1,1,1
351,0,448,462,31,17,1,1,1,1
351,0,510,384,408,100,1,1,1,1
351,0,1010,430,162,48,1,1,1,1
351,0,1310,461,50,13,1,1,1,1
351,0,1391,447,35,28,1,1,1,1
351,0,1718,445,36,29,1,1,1,1
351,0,16,468,20,11,1,1,1,1
352,0,99,454,33,27,1,1,1,1
352,0,148,430,182,51,1,1,1,1
352,0,448,462,31,17,1,1,1,1
352,0,512,384,408,100,1,1,1,1
352,0,1010,430,162,48,1,1,1,1
352,0,1310,461,50,13,1,1,1,1
352,0,1391,447,35,28,1,1,1,1
352,0,1718,445,36,29,1,1,1,1
352,0,16,468,20,11,1,1,1,1
353,0,99,454,33,27,1,1,1,1
353,0,148,430,182,51,1,1,1,1
353,0,448,462,31,17,1,1,1,1
353,0,512,384,408,100,1,1,1,1
353,0,1010,430,162,48,1,1,1,1
353,0,1310,461,50,13,1,1,1,1
353,0,1391,447,35,28,1,1,1,1
353,0,1718,445,36,29,1,1,1,1
353,0,16,468,20,11,1,1,1,1
354,0,99,454,33,27,1,1,1,1
354,0,148,430,182,51,1,1,1,1
354,0,448,462,31,17,1,1,1,1
354,0,512,384,408,100,1,1,1,1
354,0,1010,430,162,48,1,1,1,1
354,0,1310,461,50,13,1,1,1,1
354,0,1391,447,35,28,1,1,1,1
354,0,1718,445,36,29,1,1,1,1
354,0,16,468,20,11,1,1,1,1
355,0,99,454,33,27,1,1,1,1
355,0,148,430,182,51,1,1,1,1
355,0,449,463,31,17,1,1,1,1
355,0,515,385,408,100,1,1,1,1
355,0,1010,430,162,48,1,1,1,1
355,0,1310,461,50,13,1,1,1,1
355,0,1391,447,35,28,1,1,1,1
355,0,1718,445,36,29,1,1,1,1
355,0,15,468,20,11,1,1,1,1
356,0,99,454,33,27,1,1,1,1
356,0,148,430,182,51,1,1,1,1
356,0,449,463,31,17,1,1,1,1
356,0,515,385,408,100,1,1,1,1
356,0,1010,430,162,48,1,1,1,1
356,0,1310,461,50,13,1,1,1,1
356,0,1391,447,35,28,1,1,1,1
356,0,1718,445,36,29,1,1,1,1
356,0,15,468,20,11,1,1,1,1
357,0,99,454,33,27,1,1,1,1
357,0,148,430,182,51,1,1,1,1
357,0,449,463,31,17,1,1,1,1
357,0,515,385,408,100,1,1,1,1
357,0,1012,430,162,48,1,1,1,1
357,0,1310,461,50,13,1,1,1,1
357,0,1391,447,35,28,1,1,1,1
357,0,1718,445,36,29,1,1,1,1
357,0,15,468,20,11,1,1,1,1
358,0,99,454,33,27,1,1,1,1
358,0,149,430,182,51,1,1,1,1
358,0,449,463,31,17,1,1,1,1
358,0,516,385,408,100,1,1,1,1
358,0,1012,430,162,48,1,1,1,1
358,0,1310,461,50,13,1,1,1,1
358,0,1391,447,35,28,1,1,1,1
358,0,1718,445,36,29,1,1,1,1
358,0,15,468,20,11,1,1,1,1
359,0,99,454,33,27,1,1,1,1
359,0,149,430,182,51,1,1,1,1
359,0,449,463,31,17,1,1,1,1
359,0,516,385,408,100,1,1,1,1
359,0,1012,430,162,48,1,1,1,1
359,0,1310,461,50,13,1,1,1,1
359,0,1391,447,35,28,1,1,1,1
359,0,1718,445,36,29,1,1,1,1
359,0,15,468,20,11,1,1,1,1
360,0,99,454,33,27,1,1,1,1
360,0,149,430,182,51,1,1,1,1
360,0,449,463,31,17,1,1,1,1
360,0,516,385,408,100,1,1,1,1
360,0,1012,430,162,48,1,1,1,1
360,0,1310,461,50,13,1,1,1,1
360,0,1391,447,35,28,1,1,1,1
360,0,1718,445,36,29,1,1,1,1
360,0,15,468,20,11,1,1,1,1
361,0,99,454,33,27,1,1,1,1
361,0,149,430,182,51,1,1,1,1
361,0,449,463,31,17,1,1,1,1
361,0,519,385,408,100,1,1,1,1
361,0,1012,430,162,48,1,1,1,1
361,0,1310,461,50,13,1,1,1,1
361,0,1391,447,35,28,1,1,1,1
361,0,1718,445,36,29,1,1,1,1
361,0,15,468,20,11,1,1,1,1
362,0,99,454,33,27,1,1,1,1
362,0,149,430,182,51,1,1,1,1
362,0,449,463,31,17,1,1,1,1
362,0,519,385,408,100,1,1,1,1
362,0,1012,430,162,48,1,1,1,1
362,0,1311,461,50,13,1,1,1,1
362,0,1393,447,35,28,1,1,1,1
362,0,1719,444,36,29,1,1,1,1
362,0,15,468,20,11,1,1,1,1
363,0,99,454,33,27,1,1,1,1
363,0,149,430,182,51,1,1,1,1
363,0,449,463,31,17,1,1,1,1
363,0,519,385,408,100,1,1,1,1
363,0,1012,430,162,48,1,1,1,1
363,0,1311,461,50,13,1,1,1,1
363,0,1393,447,35,28,1,1,1,1
363,0,1719,444,36,29,1,1,1,1
363,0,15,468,20,11,1,1,1,1
364,0,99,454,33,27,1,1,1,1
364,0,149,430,182,51,1,1,1,1
364,0,449,463,31,17,1,1,1,1
364,0,519,385,408,100,1,1,1,1
364,0,1012,430,162,48,1,1,1,1
364,0,1311,461,50,13,1,1,1,1
364,0,1393,447,35,28,1,1,1,1
364,0,1719,444,36,29,1,1,1,1
364,0,15,468,20,11,1,1,1,1
365,0,99,454,33,27,1,1,1,1
365,0,149,430,182,51,1,1,1,1
365,0,449,463,31,17,1,1,1,1
365,0,521,384,408,100,1,1,1,1
365,0,1012,430,162,48,1,1,1,1
365,0,1311,461,50,13,1,1,1,1
365,0,1393,447,35,28,1,1,1,1
365,0,1719,444,36,29,1,1,1,1
365,0,15,468,20,11,1,1,1,1
366,0,99,454,33,27,1,1,1,1
366,0,149,430,182,51,1,1,1,1
366,0,449,463,31,17,1,1,1,1
366,0,521,384,408,100,1,1,1,1
366,0,1012,430,162,48,1,1,1,1
366,0,1311,461,50,13,1,1,1,1
366,0,1393,447,35,28,1,1,1,1
366,0,1719,444,36,29,1,1,1,1
366,0,15,468,20,11,1,1,1,1
367,0,99,454,33,27,1,1,1,1
367,0,149,430,182,51,1,1,1,1
367,0,449,463,31,17,1,1,1,1
367,0,521,384,408,100,1,1,1,1
367,0,1012,430,162,48,1,1,1,1
367,0,1311,461,50,13,1,1,1,1
367,0,1393,447,35,28,1,1,1,1
367,0,1719,444,36,29,1,1,1,1
367,0,15,468,20,11,1,1,1,1
368,0,99,454,33,27,1,1,1,1
368,0,149,430,182,51,1,1,1,1
368,0,449,463,31,17,1,1,1,1
368,0,521,384,408,100,1,1,1,1
368,0,1012,430,162,48,1,1,1,1
368,0,1311,461,50,13,1,1,1,1
368,0,1393,447,35,28,1,1,1,1
368,0,1719,444,36,29,1,1,1,1
368,0,15,468,20,11,1,1,1,1
369,0,99,454,33,27,1,1,1,1
369,0,149,430,182,51,1,1,1,1
369,0,449,463,31,17,1,1,1,1
369,0,523,384,408,100,1,1,1,1
369,0,1012,430,162,48,1,1,1,1
369,0,1311,461,50,13,1,1,1,1
369,0,1393,447,35,28,1,1,1,1
369,0,1719,444,36,29,1,1,1,1
369,0,15,468,20,11,1,1,1,1
370,0,99,454,33,27,1,1,1,1
370,0,149,430,182,51,1,1,1,1
370,0,449,463,31,17,1,1,1,1
370,0,523,384,408,100,1,1,1,1
370,0,1012,430,162,48,1,1,1,1
370,0,1311,461,50,13,1,1,1,1
370,0,1393,447,35,28,1,1,1,1
370,0,1719,444,36,29,1,1,1,1
370,0,15,468,20,11,1,1,1,1
371,0,99,454,33,27,1,1,1,1
371,0,149,430,182,51,1,1,1,1
371,0,449,463,31,17,1,1,1,1
371,0,523,384,408,100,1,1,1,1
371,0,1012,429,162,48,1,1,1,1
371,0,1311,461,50,13,1,1,1,1
371,0,1393,447,35,28,1,1,1,1
371,0,1719,444,36,29,1,1,1,1
371,0,15,468,20,11,1,1,1,1
372,0,99,454,33,27,1,1,1,1
372,0,149,430,182,51,1,1,1,1
372,0,449,463,31,17,1,1,1,1
372,0,526,384,408,100,1,1,1,1
372,0,1012,429,162,48,1,1,1,1
372,0,1311,461,50,13,1,1,1,1
372,0,1393,447,35,28,1,1,1,1
372,0,1719,444,36,29,1,1,1,1
372,0,14,468,20,11,1,1,1,1
373,0,99,454,33,27,1,1,1,1
373,0,149,430,182,51,1,1,1,1
373,0,449,463,31,17,1,1,1,1
373,0,526,384,408,100,1,1,1,1
373,0,1012,429,162,48,1,1,1,1
373,0,1311,461,50,13,1,1,1,1
373,0,1393,447,35,28,1,1,1,1
373,0,1719,444,36,29,1,1,1,1
373,0,14,468,20,11,1,1,1,1
374,0,99,454,33,27,1,1,1,1
374,0,149,430,182,51,1,1,1,1
374,0,449,463,31,17,1,1,1,1
374,0,526,384,408,100,1,1,1,1
374,0,1012,429,162,48,1,1,1,1
374,0,1311,461,50,13,1,1,1,1
374,0,1393,447,35,28,1,1,1,1
374,0,1719,444,36,29,1,1,1,1
374,0,14,468,20,11,1,1,1,1
375,0,99,454,33,27,1,1,1,1
375,0,149,430,182,51,1,1,1,1
375,0,449,463,31,17,1,1,1,1
375,0,527,384,408,100,1,1,1,1
375,0,1012,429,162,48,1,1,1,1
375,0,1311,461,50,13,1,1,1,1
375,0,1393,447,35,28,1,1,1,1
375,0,1719,444,36,29,1,1,1,1
375,0,14,468,20,11,1,1,1,1
376,0,100,454,33,27,1,1,1,1
376,0,149,430,182,51,1,1,1,1
376,0,449,463,31,17,1,1,1,1
376,0,527,384,408,100,1,1,1,1
376,0,1012,429,162,48,1,1,1,1
376,0,1311,461,50,13,1,1,1,1
376,0,1393,447,35,28,1,1,1,1
376,0,1719,444,36,29,1,1,1,1
376,0,13,467,20,11,1,1,1,1
377,0,100,454,33,27,1,1,1,1
377,0,149,430,182,51,1,1,1,1
377,0,449,463,31,17,1,1,1,1
377,0,529,384,408,100,1,1,1,1
377,0,1012,429,162,48,1,1,1,1
377,0,1311,461,50,13,1,1,1,1
377,0,1393,447,35,28,1,1,1,1
377,0,1719,444,36,29,1,1,1,1
377,0,13,467,20,11,1,1,1,1
378,0,100,454,33,27,1,1,1,1
378,0,149,430,182,51,1,1,1,1
378,0,449,463,31,17,1,1,1,1
378,0,529,384,408,100,1,1,1,1
378,0,1012,429,162,48,1,1,1,1
378,0,1311,461,50,13,1,1,1,1
378,0,1393,447,35,28,1,1,1,1
378,0,1720,445,36,29,1,1,1,1
378,0,13,467,20,11,1,1,1,1
379,0,100,454,33,27,1,1,1,1
379,0,149,430,182,51,1,1,1,1
379,0,449,463,31,17,1,1,1,1
379,0,529,384,408,100,1,1,1,1
379,0,1012,429,162,48,1,1,1,1
379,0,1311,461,50,13,1,1,1,1
379,0,1393,447,35,28,1,1,1,1
379,0,1720,445,36,29,1,1,1,1
379,0,13,467,20,11,1,1,1,1
380,0,100,454,33,27,1,1,1,1
380,0,149,430,182,51,1,1,1,1
380,0,449,463,31,17,1,1,1,1
380,0,530,384,408,100,1,1,1,1
380,0,1012,429,162,48,1,1,1,1
380,0,1311,461,50,13,1,1,1,1
380,0,1393,447,35,28,1,1,1,1
380,0,1720,445,36,29,1,1,1,1
380,0,13,467,20,11,1,1,1,1
381,0,100,454,33,27,1,1,1,1
381,0,149,430,182,51,1,1,1,1
381,0,449,463,31,17,1,1,1,1
381,0,530,384,408,100,1,1,1,1
381,0,1012,429,162,48,1,1,1,1
381,0,1311,461,50,13,1,1,1,1
381,0,1393,447,35,28,1,1,1,1
381,0,1720,445,36,29,1,1,1,1
381,0,13,467,20,11,1,1,1,1
382,0,100,454,33,27,1,1,1,1
382,0,149,430,182,51,1,1,1,1
382,0,449,463,31,17,1,1,1,1
382,0,531,384,408,100,1,1,1,1
382,0,1012,429,162,48,1,1,1,1
382,0,1311,461,50,13,1,1,1,1
382,0,1393,447,35,28,1,1,1,1
382,0,1720,445,36,29,1,1,1,1
382,0,13,467,20,11,1,1,1,1
383,0,101,454,33,27,1,1,1,1
383,0,149,430,182,51,1,1,1,1
383,0,449,463,31,17,1,1,1,1
383,0,531,384,408,100,1,1,1,1
383,0,1012,429,162,48,1,1,1,1
383,0,1311,461,50,13,1,1,1,1
383,0,1393,447,35,28,1,1,1,1
383,0,1720,445,36,29,1,1,1,1
383,0,12,467,20,11,1,1,1,1
384,0,101,454,33,27,1,1,1,1
384,0,149,430,182,51,1,1,1,1
384,0,449,463,31,17,1,1,1,1
384,0,531,384,408,100,1,1,1,1
384,0,1012,429,162,48,1,1,1,1
384,0,1311,461,50,13,1,1,1,1
384,0,1393,447,35,28,1,1,1,1
384,0,1720,445,36,29,1,1,1,1
384,0,12,467,20,11,1,1,1,1
385,0,101,454,33,27,1,1,1,1
385,0,149,430,182,51,1,1,1,1
385,0,449,463,31,17,1,1,1,1
385,0,534,384,408,100,1,1,1,1
385,0,1012,429,162,48,1,1,1,1
385,0,1311,461,50,13,1,1,1,1
385,0,1393,447,35,28,1,1,1,1
385,0,1720,445,36,29,1,1,1,1
385,0,12,467,20,11,1,1,1,1
386,0,101,454,33,27,1,1,1,1
386,0,149,430,182,51,1,1,1,1
386,0,449,463,31,17,1,1,1,1
386,0,534,384,408,100,1,1,1,1
386,0,1014,429,162,48,1,1,1,1
386,0,1311,461,50,13,1,1,1,1
386,0,1393,447,35,28,1,1,1,1
386,0,1720,445,36,29,1,1,1,1
386,0,12,467,20,11,1,1,1,1
387,0,101,454,33,27,1,1,1,1
387,0,149,430,182,51,1,1,1,1
387,0,449,463,31,17,1,1,1,1
387,0,534,384,408,100,1,1,1,1
387,0,1014,429,162,48,1,1,1,1
387,0,1311,461,50,13,1,1,1,1
387,0,1393,447,35,28,1,1,1,1
387,0,1720,445,36,29,1,1,1,1
387,0,12,467,20,11,1,1,1,1
388,0,101,454,33,27,1,1,1,1
388,0,149,430,182,51,1,1,1,1
388,0,449,463,31,17,1,1,1,1
388,0,536,384,408,100,1,1,1,1
388,0,1014,429,162,48,1,1,1,1
388,0,1311,461,50,13,1,1,1,1
388,0,1393,447,35,28,1,1,1,1
388,0,1720,445,36,29,1,1,1,1
388,0,12,467,20,11,1,1,1,1
389,0,101,454,33,27,1,1,1,1
389,0,149,430,182,51,1,1,1,1
389,0,449,463,31,17,1,1,1,1
389,0,536,384,408,100,1,1,1,1
389,0,1014,429,162,48,1,1,1,1
389,0,1311,461,50,13,1,1,1,1
389,0,1393,447,35,28,1,1,1,1
389,0,1720,445,36,29,1,1,1,1
389,0,11,467,20,11,1,1,1,1
390,0,101,454,33,27,1,1,1,1
390,0,149,430,182,51,1,1,1,1
390,0,449,463,31,17,1,1,1,1
390,0,536,384,408,100,1,1,1,1
390,0,1014,429,162,48,1,1,1,1
390,0,1311,461,50,13,1,1,1,1
390,0,1393,447,35,28,1,1,1,1
390,0,1720,445,36,29,1,1,1,1
390,0,11,467,20,11,1,1,1,1
391,0,101,454,33,27,1,1,1,1
391,0,149,430,182,51,1,1,1,1
391,0,449,463,31,17,1,1,1,1
391,0,536,384,408,100,1,1,1,1
391,0,1014,429,162,48,1,1,1,1
391,0,1311,461,50,13,1,1,1,1
391,0,1393,447,35,28,1,1,1,1
391,0,1720,445,36,29,1,1,1,1
391,0,11,467,20,11,1,1,1,1
392,0,101,454,33,27,1,1,1,1
392,0,149,430,182,51,1,1,1,1
392,0,449,463,31,17,1,1,1,1
392,0,536,384,408,100,1,1,1,1
392,0,1014,429,162,48,1,1,1,1
392,0,1311,461,50,13,1,1,1,1
392,0,1393,447,35,28,1,1,1,1
392,0,1720,445,36,29,1,1,1,1
392,0,11,467,20,11,1,1,1,1
393,0,101,454,33,27,1,1,1,1
393,0,149,430,182,51,1,1,1,1
393,0,449,463,31,17,1,1,1,1
393,0,538,384,408,100,1,1,1,1
393,0,1014,429,162,48,1,1,1,1
393,0,1311,461,50,13,1,1,1,1
393,0,1393,447,35,28,1,1,1,1
393,0,1720,445,36,29,1,1,1,1
393,0,11,467,20,11,1,1,1,1
394,0,101,454,33,27,1,1,1,1
394,0,149,430,182,51,1,1,1,1
394,0,449,463,31,17,1,1,1,1
394,0,538,384,408,100,1,1,1,1
394,0,1014,429,162,48,1,1,1,1
394,0,1311,461,50,13,1,1,1,1
394,0,1393,447,35,28,1,1,1,1
394,0,1720,445,36,29,1,1,1,1
394,0,11,467,20,11,1,1,1,1
395,0,101,454,33,27,1,1,1,1
395,0,149,430,182,51,1,1,1,1
395,0,449,463,31,17,1,1,1,1
395,0,538,384,408,100,1,1,1,1
395,0,1014,429,162,48,1,1,1,1
395,0,1311,461,50,13,1,1,1,1
395,0,1393,447,35,28,1,1,1,1
395,0,1720,445,36,29,1,1,1,1
395,0,10,467,20,11,1,1,1,1
396,0,101,454,33,27,1,1,1,1
396,0,149,430,182,51,1,1,1,1
396,0,449,463,31,17,1,1,1,1
396,0,540,384,408,100,1,1,1,1
396,0,1014,429,162,48,1,1,1,1
396,0,1311,461,50,13,1,1,1,1
396,0,1393,447,35,28,1,1,1,1
396,0,1720,445,36,29,1,1,1,1
396,0,10,467,20,11,1,1,1,1
397,0,101,454,33,27,1,1,1,1
397,0,149,430,182,51,1,1,1,1
397,0,449,463,31,17,1,1,1,1
397,0,540,384,408,100,1,1,1,1
397,0,1014,429,162,48,1,1,1,1
397,0,1311,461,50,13,1,1,1,1
397,0,1393,447,35,28,1,1,1,1
397,0,1720,445,36,29,1,1,1,1
397,0,10,467,20,11,1,1,1,1
398,0,101,454,33,27,1,1,1,1
398,0,149,430,182,51,1,1,1,1
398,0,449,463,31,17,1,1,1,1
398,0,540,384,408,100,1,1,1,1
398,0,1014,429,162,48,1,1,1,1
398,0,1311,461,50,13,1,1,1,1
398,0,1393,447,35,28,1,1,1,1
398,0,1720,445,36,29,1,1,1,1
398,0,10,467,20,11,1,1,1,1
399,0,101,454,33,27,1,1,1,1
399,0,149,430,182,51,1,1,1,1
399,0,449,463,31,17,1,1,1,1
399,0,540,384,408,100,1,1,1,1
399,0,1014,429,162,48,1,1,1,1
399,0,1311,461,50,13,1,1,1,1
399,0,1393,447,35,28,1,1,1,1
399,0,1720,445,36,29,1,1,1,1
399,0,10,467,20,11,1,1,1,1
400,0,101,454,33,27,1,1,1,1
400,0,149,430,182,51,1,1,1,1
400,0,449,463,31,17,1,1,1,1
400,0,543,384,408,100,1,1,1,1
400,0,1014,429,162,48,1,1,1,1
400,0,1311,461,50,13,1,1,1,1
400,0,1393,447,35,28,1,1,1,1
400,0,1720,445,36,29,1,1,1,1
400,0,10,467,20,11,1,1,1,1
401,0,101,454,33,27,1,1,1,1
401,0,149,430,182,51,1,1,1,1
401,0,449,463,31,17,1,1,1,1
401,0,543,384,408,100,1,1,1,1
401,0,1014,429,162,48,1,1,1,1
401,0,1311,461,50,13,1,1,1,1
401,0,1393,447,35,28,1,1,1,1
401,0,1720,445,36,29,1,1,1,1
401,0,10,467,20,11,1,1,1,1
402,0,101,454,33,27,1,1,1,1
402,0,149,430,182,51,1,1,1,1
402,0,448,461,31,17,1,1,1,1
402,0,544,384,408,100,1,1,1,1
402,0,1014,429,162,48,1,1,1,1
402,0,1311,461,50,13,1,1,1,1
402,0,1393,447,35,28,1,1,1,1
402,0,1721,445,36,29,1,1,1,1
402,0,10,467,20,11,1,1,1,1
403,0,101,454,33,27,1,1,1,1
403,0,149,430,182,51,1,1,1,1
403,0,448,461,31,17,1,1,1,1
403,0,544,384,408,100,1,1,1,1
403,0,1015,429,162,48,1,1,1,1
403,0,1311,461,50,13,1,1,1,1
403,0,1393,447,35,28,1,1,1,1
403,0,1721,445,36,29,1,1,1,1
403,0,10,467,20,11,1,1,1,1
404,0,101,454,33,27,1,1,1,1
404,0,149,430,182,51,1,1,1,1
404,0,448,461,31,17,1,1,1,1
404,0,546,384,408,100,1,1,1,1
404,0,1015,429,162,48,1,1,1,1
404,0,1311,461,50,13,1,1,1,1
404,0,1393,447,35,28,1,1,1,1
404,0,1721,445,36,29,1,1,1,1
404,0,10,467,20,11,1,1,1,1
405,0,101,454,33,27,1,1,1,1
405,0,149,430,182,51,1,1,1,1
405,0,448,461,31,17,1,1,1,1
405,0,546,384,408,100,1,1,1,1
405,0,1015,429,162,48,1,1,1,1
405,0,1311,461,50,13,1,1,1,1
405,0,1393,447,35,28,1,1,1,1
405,0,1721,445,36,29,1,1,1,1
405,0,9,467,20,11,1,1,1,1
406,0,101,454,33,27,1,1,1,1
406,0,149,430,182,51,1,1,1,1
406,0,448,461,31,17,1,1,1,1
406,0,546,384,408,100,1,1,1,1
406,0,1015,429,162,48,1,1,1,1
406,0,1311,461,50,13,1,1,1,1
406,0,1393,447,35,28,1,1,1,1
406,0,1721,444,36,29,1,1,1,1
406,0,9,467,20,11,1,1,1,1
407,0,101,454,33,27,1,1,1,1
407,0,149,430,182,51,1,1,1,1
407,0,448,461,31,17,1,1,1,1
407,0,547,384,408,100,1,1,1,1
407,0,1015,429,162,48,1,1,1,1
407,0,1311,461,50,13,1,1,1,1
407,0,1393,447,35,28,1,1,1,1
407,0,1721,444,36,29,1,1,1,1
407,0,9,467,20,11,1,1,1,1
408,0,101,454,33,27,1,1,1,1
408,0,149,430,182,51,1,1,1,1
408,0,448,461,31,17,1,1,1,1
408,0,547,384,408,100,1,1,1,1
408,0,1015,429,162,48,1,1,1,1
408,0,1311,461,50,13,1,1,1,1
408,0,1393,447,35,28,1,1,1,1
408,0,1721,444,36,29,1,1,1,1
408,0,9,467,20,11,1,1,1,1
409,0,101,454,33,27,1,1,1,1
409,0,149,430,182,51,1,1,1,1
409,0,448,461,31,17,1,1,1,1
409,0,547,384,408,100,1,1,1,1
409,0,1015,429,162,48,1,1,1,1
409,0,1311,461,50,13,1,1,1,1
409,0,1393,447,35,28,1,1,1,1
409,0,1721,444,36,29,1,1,1,1
409,0,9,467,20,11,1,1,1,1
410,0,101,454,33,27,1,1,1,1
410,0,149,430,182,51,1,1,1,1
410,0,448,461,31,17,1,1,1,1
410,0,550,382,408,100,1,1,1,1
410,0,1015,429,162,48,1,1,1,1
410,0,1311,461,50,13,1,1,1,1
410,0,1393,447,35,28,1,1,1,1
410,0,1721,444,36,29,1,1,1,1
410,0,9,467,20,11,1,1,1,1
411,0,101,454,33,27,1,1,1,1
411,0,149,430,182,51,1,1,1,1
411,0,448,461,31,17,1,1,1,1
411,0,550,382,408,100,1,1,1,1
411,0,1015,429,162,48,1,1,1,1
411,0,1311,461,50,13,1,1,1,1
411,0,1393,447,35,28,1,1,1,1
411,0,1721,444,36,29,1,1,1,1
411,0,9,467,20,11,1,1,1,1
412,0,101,454,33,27,1,1,1,1
412,0,149,430,182,51,1,1,1,1
412,0,448,461,31,17,1,1,1,1
412,0,550,382,408,100,1,1,1,1
412,0,1015,429,162,48,1,1,1,1
412,0,1311,461,50,13,1,1,1,1
412,0,1393,447,35,28,1,1,1,1
412,0,1722,444,36,29,1,1,1,1
412,0,9,467,20,11,1,1,1,1
413,0,101,454,33,27,1,1,1,1
413,0,149,430,182,51,1,1,1,1
413,0,448,461,31,17,1,1,1,1
413,0,550,382,408,100,1,1,1,1
413,0,1015,429,162,48,1,1,1,1
413,0,1311,461,50,13,1,1,1,1
413,0,1393,447,35,28,1,1,1,1
413,0,1722,444,36,29,1,1,1,1
413,0,9,467,20,11,1,1,1,1
414,0,101,454,33,27,1,1,1,1
414,0,149,430,182,51,1,1,1,1
414,0,448,461,31,17,1,1,1,1
414,0,550,382,408,100,1,1,1,1
414,0,1015,429,162,48,1,1,1,1
414,0,1311,461,50,13,1,1,1,1
414,0,1393,447,35,28,1,1,1,1
414,0,1722,444,36,29,1,1,1,1
414,0,8,467,20,11,1,1,1,1
415,0,101,454,33,27,1,1,1,1
415,0,149,430,182,51,1,1,1,1
415,0,448,461,31,17,1,1,1,1
415,0,551,382,411,100,1,1,1,1
415,0,1015,429,162,48,1,1,1,1
415,0,1311,461,50,13,1,1,1,1
415,0,1393,447,35,28,1,1,1,1
415,0,1722,444,36,29,1,1,1,1
415,0,8,467,20,11,1,1,1,1
416,0,101,454,33,27,1,1,1,1
416,0,149,430,182,51,1,1,1,1
416,0,448,461,31,17,1,1,1,1
416,0,551,382,411,100,1,1,1,1
416,0,1015,429,162,48,1,1,1,1
416,0,1311,461,50,13,1,1,1,1
416,0,1393,447,35,28,1,1,1,1
416,0,1722,444,36,29,1,1,1,1
416,0,8,467,20,11,1,1,1,1
417,0,101,454,33,27,1,1,1,1
417,0,149,430,182,51,1,1,1,1
417,0,448,461,31,17,1,1,1,1
417,0,551,382,411,100,1,1,1,1
417,0,1015,429,162,48,1,1,1,1
417,0,1311,461,50,13,1,1,1,1
417,0,1393,447,35,28,1,1,1,1
417,0,1722,444,36,29,1,1,1,1
417,0,8,467,20,11,1,1,1,1
418,0,101,454,33,27,1,1,1,1
418,0,149,430,182,51,1,1,1,1
418,0,448,461,31,17,1,1,1,1
418,0,553,382,411,100,1,1,1,1
418,0,1016,429,162,48,1,1,1,1
418,0,1311,461,50,13,1,1,1,1
418,0,1393,447,35,28,1,1,1,1
418,0,1722,444,36,29,1,1,1,1
418,0,8,467,20,11,1,1,1,1
419,0,101,454,33,27,1,1,1,1
419,0,149,430,182,51,1,1,1,1
419,0,448,461,31,17,1,1,1,1
419,0,553,382,411,100,1,1,1,1
419,0,1016,429,162,48,1,1,1,1
419,0,1311,461,50,13,1,1,1,1
419,0,1393,447,35,28,1,1,1,1
419,0,1722,444,36,29,1,1,1,1
419,0,8,467,20,11,1,1,1,1
420,0,101,454,33,27,1,1,1,1
420,0,149,430,182,51,1,1,1,1
420,0,448,461,31,17,1,1,1,1
420,0,554,382,411,100,1,1,1,1
420,0,1016,429,162,48,1,1,1,1
420,0,1311,461,50,13,1,1,1,1
420,0,1393,447,35,28,1,1,1,1
420,0,1722,444,36,29,1,1,1,1
420,0,8,467,20,11,1,1,1,1
421,0,101,454,33,27,1,1,1,1
421,0,149,430,182,51,1,1,1,1
421,0,448,461,31,17,1,1,1,1
421,0,554,382,411,100,1,1,1,1
421,0,1016,429,162,48,1,1,1,1
421,0,1312,461,50,13,1,1,1,1
421,0,1394,447,35,28,1,1,1,1
421,0,1722,445,36,29,1,1,1,1
421,0,8,467,20,11,1,1,1,1
422,0,101,454,33,27,1,1,1,1
422,0,149,430,182,51,1,1,1,1
422,0,448,461,31,17,1,1,1,1
422,0,554,382,411,100,1,1,1,1
422,0,1016,429,162,48,1,1,1,1
422,0,1312,461,50,13,1,1,1,1
422,0,1394,447,35,28,1,1,1,1
422,0,1722,445,36,29,1,1,1,1
422,0,8,467,20,11,1,1,1,1
423,0,101,454,33,27,1,1,1,1
423,0,149,430,182,51,1,1,1,1
423,0,448,461,31,17,1,1,1,1
423,0,556,381,411,100,1,1,1,1
423,0,1016,429,162,48,1,1,1,1
423,0,1312,461,50,13,1,1,1,1
423,0,1394,447,35,28,1,1,1,1
423,0,1722,445,36,29,1,1,1,1
423,0,8,467,20,11,1,1,1,1
424,0,101,454,33,27,1,1,1,1
424,0,149,430,182,51,1,1,1,1
424,0,448,461,31,17,1,1,1,1
424,0,556,381,411,100,1,1,1,1
424,0,1016,429,162,48,1,1,1,1
424,0,1312,461,50,13,1,1,1,1
424,0,1394,447,35,28,1,1,1,1
424,0,1722,445,36,29,1,1,1,1
424,0,8,467,20,11,1,1,1,1
425,0,102,454,33,27,1,1,1,1
425,0,150,430,182,51,1,1,1,1
425,0,448,461,31,17,1,1,1,1
425,0,556,381,411,100,1,1,1,1
425,0,1016,429,162,48,1,1,1,1
425,0,1312,461,50,13,1,1,1,1
425,0,1394,447,35,28,1,1,1,1
425,0,1722,445,36,29,1,1,1,1
425,0,8,467,20,11,1,1,1,1
426,0,102,454,33,27,1,1,1,1
426,0,150,430,182,51,1,1,1,1
426,0,448,461,31,17,1,1,1,1
426,0,558,380,411,100,1,1,1,1
426,0,1016,429,162,48,1,1,1,1
426,0,1312,461,50,13,1,1,1,1
426,0,1394,447,35,28,1,1,1,1
426,0,1722,445,36,29,1,1,1,1
426,0,8,467,20,11,1,1,1,1
427,0,102,454,33,27,1,1,1,1
427,0,150,430,182,51,1,1,1,1
427,0,448,461,31,17,1,1,1,1
427,0,558,380,411,100,1,1,1,1
427,0,1016,429,162,48,1,1,1,1
427,0,1312,461,50,13,1,1,1,1
427,0,1394,447,35,28,1,1,1,1
427,0,1722,445,36,29,1,1,1,1
427,0,8,467,20,11,1,1,1,1
428,0,102,454,33,27,1,1,1,1
428,0,150,430,182,51,1,1,1,1
428,0,448,461,31,17,1,1,1,1
428,0,560,380,411,100,1,1,1,1
428,0,1016,429,162,48,1,1,1,1
428,0,1312,461,50,13,1,1,1,1
428,0,1394,447,35,28,1,1,1,1
428,0,1722,445,36,29,1,1,1,1
428,0,7,467,20,11,1,1,1,1
429,0,102,454,33,27,1,1,1,1
429,0,150,430,182,51,1,1,1,1
429,0,448,461,31,17,1,1,1,1
429,0,560,380,411,100,1,1,1,1
429,0,1016,429,162,48,1,1,1,1
429,0,1312,461,50,13,1,1,1,1
429,0,1394,447,35,28,1,1,1,1
429,0,1722,445,36,29,1,1,1,1
429,0,7,467,20,11,1,1,1,1
430,0,102,454,33,27,1,1,1,1
430,0,150,430,182,51,1,1,1,1
430,0,448,461,31,17,1,1,1,1
430,0,561,381,411,100,1,1,1,1
430,0,1017,429,162,48,1,1,1,1
430,0,1312,461,50,13,1,1,1,1
430,0,1394,447,35,28,1,1,1,1
430,0,1722,445,36,29,1,1,1,1
430,0,7,467,20,11,1,1,1,1
431,0,102,454,33,27,1,1,1,1
431,0,150,430,182,51,1,1,1,1
431,0,448,461,31,17,1,1,1,1
431,0,561,381,411,100,1,1,1,1
431,0,1017,429,162,48,1,1,1,1
431,0,1312,461,50,13,1,1,1,1
431,0,1394,447,35,28,1,1,1,1
431,0,1722,445,36,29,1,1,1,1
431,0,7,467,20,11,1,1,1,1
432,0,102,454,33,27,1,1,1,1
432,0,150,430,182,51,1,1,1,1
432,0,448,461,31,17,1,1,1,1
432,0,561,381,411,100,1,1,1,1
432,0,1017,429,162,48,1,1,1,1
432,0,1312,461,50,13,1,1,1,1
432,0,1394,447,35,28,1,1,1,1
432,0,1722,445,36,29,1,1,1,1
432,0,7,467,20,11,1,1,1,1
433,0,102,454,33,27,1,1,1,1
433,0,150,430,182,51,1,1,1,1
433,0,448,461,31,17,1,1,1,1
433,0,563,381,411,100,1,1,1,1
433,0,1017,429,162,48,1,1,1,1
433,0,1312,461,50,13,1,1,1,1
433,0,1394,447,35,28,1,1,1,1
433,0,1722,445,36,29,1,1,1,1
433,0,7,467,20,11,1,1,1,1
434,0,102,454,33,27,1,1,1,1
434,0,150,430,182,51,1,1,1,1
434,0,448,461,31,17,1,1,1,1
434,0,563,381,411,100,1,1,1,1
434,0,1017,429,162,48,1,1,1,1
434,0,1312,461,50,13,1,1,1,1
434,0,1394,447,35,28,1,1,1,1
434,0,1722,445,36,29,1,1,1,1
434,0,5,467,20,11,1,1,1,1
435,0,102,454,33,27,1,1,1,1
435,0,150,430,182,51,1,1,1,1
435,0,448,461,31,17,1,1,1,1
435,0,563,381,411,100,1,1,1,1
435,0,1017,429,162,48,1,1,1,1
435,0,1312,461,50,13,1,1,1,1
435,0,1394,447,35,28,1,1,1,1
435,0,1722,445,36,29,1,1,1,1
435,0,5,467,20,11,1,1,1,1
436,0,102,454,33,27,1,1,1,1
436,0,150,430,182,51,1,1,1,1
436,0,448,461,31,17,1,1,1,1
436,0,565,381,411,100,1,1,1,1
436,0,1017,429,162,48,1,1,1,1
436,0,1312,461,50,13,1,1,1,1
436,0,1394,447,35,28,1,1,1,1
436,0,1722,445,36,29,1,1,1,1
436,0,5,467,20,11,1,1,1,1
437,0,102,454,33,27,1,1,1,1
437,0,150,430,182,51,1,1,1,1
437,0,448,461,31,17,1,1,1,1
437,0,565,381,411,100,1,1,1,1
437,0,1017,429,162,48,1,1,1,1
437,0,1312,461,50,13,1,1,1,1
437,0,1394,447,35,28,1,1,1,1
437,0,1722,445,36,29,1,1,1,1
437,0,5,467,20,11,1,1,1,1
438,0,102,454,33,27,1,1,1,1
438,0,150,430,179,51,1,1,1,1
438,0,448,461,31,17,1,1,1,1
438,0,565,381,411,100,1,1,1,1
438,0,1017,429,162,48,1,1,1,1
438,0,1312,461,50,13,1,1,1,1
438,0,1394,447,35,28,1,1,1,1
438,0,1722,445,36,29,1,1,1,1
438,0,5,467,20,11,1,1,1,1
439,0,102,454,33,27,1,1,1,1
439,0,150,430,179,51,1,1,1,1
439,0,448,461,31,17,1,1,1,1
439,0,565,381,411,100,1,1,1,1
439,0,1017,429,162,48,1,1,1,1
439,0,1312,461,50,13,1,1,1,1
439,0,1394,447,35,28,1,1,1,1
439,0,1722,445,36,29,1,1,1,1
439,0,5,467,20,11,1,1,1,1
440,0,102,454,33,27,1,1,1,1
440,0,150,430,179,51,1,1,1,1
440,0,448,461,31,17,1,1,1,1
440,0,568,381,411,100,1,1,1,1
440,0,1017,429,162,48,1,1,1,1
440,0,1312,461,50,13,1,1,1,1
440,0,1394,447,35,28,1,1,1,1
440,0,1722,445,36,29,1,1,1,1
440,0,5,467,20,11,1,1,1,1
441,0,102,454,33,27,1,1,1,1
441,0,150,430,179,51,1,1,1,1
441,0,448,461,31,17,1,1,1,1
441,0,568,381,411,100,1,1,1,1
441,0,1017,429,162,48,1,1,1,1
441,0,1312,461,50,13,1,1,1,1
441,0,1394,447,35,28,1,1,1,1
441,0,1722,445,36,29,1,1,1,1
441,0,5,467,20,11,1,1,1,1
442,0,102,454,33,27,1,1,1,1
442,0,150,430,179,51,1,1,1,1
442,0,448,461,31,17,1,1,1,1
442,0,568,381,411,100,1,1,1,1
442,0,1017,429,162,48,1,1,1,1
442,0,1312,461,50,13,1,1,1,1
442,0,1394,447,35,28,1,1,1,1
442,0,1722,445,36,29,1,1,1,1
442,0,5,467,20,11,1,1,1,1
443,0,102,454,33,27,1,1,1,1
443,0,150,430,179,51,1,1,1,1
443,0,448,461,31,17,1,1,1,1
443,0,569,381,411,100,1,1,1,1
443,0,1017,429,162,48,1,1,1,1
443,0,1312,461,50,13,1,1,1,1
443,0,1394,447,35,28,1,1,1,1
443,0,1722,445,36,29,1,1,1,1
443,0,5,467,20,11,1,1,1,1
444,0,102,454,33,27,1,1,1,1
444,0,150,430,179,51,1,1,1,1
444,0,448,461,31,17,1,1,1,1
444,0,569,381,411,100,1,1,1,1
444,0,1017,429,162,48,1,1,1,1
444,0,1312,461,50,13,1,1,1,1
444,0,1394,447,35,28,1,1,1,1
444,0,1722,445,36,29,1,1,1,1
444,0,5,467,20,11,1,1,1,1
445,0,102,454,33,27,1,1,1,1
445,0,150,430,179,51,1,1,1,1
445,0,448,461,31,17,1,1,1,1
445,0,569,381,411,100,1,1,1,1
445,0,1017,429,162,48,1,1,1,1
445,0,1312,461,50,13,1,1,1,1
445,0,1394,447,35,28,1,1,1,1
445,0,1722,445,36,29,1,1,1,1
445,0,3,467,20,11,1,1,1,1
446,0,101,454,33,27,1,1,1,1
446,0,150,430,179,51,1,1,1,1
446,0,448,461,31,17,1,1,1,1
446,0,572,381,411,100,1,1,1,1
446,0,1018,430,162,48,1,1,1,1
446,0,1312,461,50,13,1,1,1,1
446,0,1394,447,35,28,1,1,1,1
446,0,1722,445,36,29,1,1,1,1
446,0,3,467,20,11,1,1,1,1
447,0,101,454,33,27,1,1,1,1
447,0,150,430,179,51,1,1,1,1
447,0,448,461,31,17,1,1,1,1
447,0,572,381,411,100,1,1,1,1
447,0,1018,430,162,48,1,1,1,1
447,0,1312,461,50,13,1,1,1,1
447,0,1394,447,35,28,1,1,1,1
447,0,1722,445,36,29,1,1,1,1
447,0,3,467,20,11,1,1,1,1
448,0,101,454,33,27,1,1,1,1
448,0,150,430,179,51,1,1,1,1
448,0,448,461,31,17,1,1,1,1
448,0,572,381,411,100,1,1,1,1
448,0,1018,430,162,48,1,1,1,1
448,0,1312,461,50,13,1,1,1,1
448,0,1394,447,35,28,1,1,1,1
448,0,1722,445,36,29,1,1,1,1
448,0,3,467,20,11,1,1,1,1
449,0,101,454,33,27,1,1,1,1
449,0,150,430,179,51,1,1,1,1
449,0,448,461,31,17,1,1,1,1
449,0,574,381,411,100,1,1,1,1
449,0,1018,430,162,48,1,1,1,1
449,0,1312,461,50,13,1,1,1,1
449,0,1394,447,35,28,1,1,1,1
449,0,1722,445,36,29,1,1,1,1
449,0,3,467,20,11,1,1,1,1
450,0,101,454,33,27,1,1,1,1
450,0,150,430,179,51,1,1,1,1
450,0,448,461,31,17,1,1,1,1
450,0,574,381,411,100,1,1,1,1
450,0,1018,430,162,48,1,1,1,1
450,0,1312,461,50,13,1,1,1,1
450,0,1394,447,35,28,1,1,1,1
450,0,1722,445,36,29,1,1,1,1
450,0,3,467,20,11,1,1,1,1
451,0,101,454,33,27,1,1,1,1
451,0,150,430,179,51,1,1,1,1
451,0,448,461,31,17,1,1,1,1
451,0,574,381,411,100,1,1,1,1
451,0,1018,430,162,48,1,1,1,1
451,0,1312,461,50,13,1,1,1,1
451,0,1394,447,35,28,1,1,1,1
451,0,1722,445,36,29,1,1,1,1
451,0,3,467,20,11,1,1,1,1
452,0,101,454,33,27,1,1,1,1
452,0,150,430,179,51,1,1,1,1
452,0,448,461,31,17,1,1,1,1
452,0,576,382,411,100,1,1,1,1
452,0,1018,430,162,48,1,1,1,1
452,0,1312,461,50,13,1,1,1,1
452,0,1394,447,35,28,1,1,1,1
452,0,1722,445,36,29,1,1,1,1
452,0,3,467,20,11,1,1,1,1
453,0,101,454,33,27,1,1,1,1
453,0,150,430,179,51,1,1,1,1
453,0,448,461,31,17,1,1,1,1
453,0,576,382,411,100,1,1,1,1
453,0,1018,430,162,48,1,1,1,1
453,0,1312,461,50,13,1,1,1,1
453,0,1394,447,35,28,1,1,1,1
453,0,1722,445,36,29,1,1,1,1
453,0,3,467,20,11,1,1,1,1
454,0,101,454,33,27,1,1,1,1
454,0,150,430,179,51,1,1,1,1
454,0,448,461,31,17,1,1,1,1
454,0,577,381,411,100,1,1,1,1
454,0,1018,430,162,48,1,1,1,1
454,0,1312,461,50,13,1,1,1,1
454,0,1394,447,35,28,1,1,1,1
454,0,1722,445,36,29,1,1,1,1
454,0,3,467,20,11,1,1,1,1
455,0,101,454,33,27,1,1,1,1
455,0,150,430,179,51,1,1,1,1
455,0,448,461,31,17,1,1,1,1
455,0,577,381,411,100,1,1,1,1
455,0,1018,430,162,48,1,1,1,1
455,0,1312,461,50,13,1,1,1,1
455,0,1396,447,35,28,1,1,1,1
455,0,1724,445,36,29,1,1,1,1
455,0,3,467,20,11,1,1,1,1
456,0,101,454,33,27,1,1,1,1
456,0,150,430,179,51,1,1,1,1
456,0,448,461,31,17,1,1,1,1
456,0,577,381,411,100,1,1,1,1
456,0,1018,430,162,48,1,1,1,1
456,0,1312,461,50,13,1,1,1,1
456,0,1396,447,35,28,1,1,1,1
456,0,1724,445,36,29,1,1,1,1
456,0,3,467,20,11,1,1,1,1
457,0,101,454,33,27,1,1,1,1
457,0,150,430,179,51,1,1,1,1
457,0,448,461,31,17,1,1,1,1
457,0,577,381,411,100,1,1,1,1
457,0,1018,430,162,48,1,1,1,1
457,0,1312,461,50,13,1,1,1,1
457,0,1396,447,35,28,1,1,1,1
457,0,1724,445,36,29,1,1,1,1
457,0,3,467,20,11,1,1,1,1
458,0,101,454,33,27,1,1,1,1
458,0,150,430,179,51,1,1,1,1
458,0,448,461,31,17,1,1,1,1
458,0,579,381,411,100,1,1,1,1
458,0,1018,430,162,48,1,1,1,1
458,0,1312,461,50,13,1,1,1,1
458,0,1396,447,35,28,1,1,1,1
458,0,1724,445,36,29,1,1,1,1
458,0,3,467,20,11,1,1,1,1
459,0,102,454,33,27,1,1,1,1
459,0,150,430,179,51,1,1,1,1
459,0,448,461,31,17,1,1,1,1
459,0,579,381,411,100,1,1,1,1
459,0,1018,430,162,48,1,1,1,1
459,0,1312,461,50,13,1,1,1,1
459,0,1396,447,35,28,1,1,1,1
459,0,1724,445,36,29,1,1,1,1
459,0,3,467,20,11,1,1,1,1
460,0,102,454,33,27,1,1,1,1
460,0,150,430,179,51,1,1,1,1
460,0,448,461,31,17,1,1,1,1
460,0,579,381,411,100,1,1,1,1
460,0,1020,430,162,48,1,1,1,1
460,0,1312,461,50,13,1,1,1,1
460,0,1396,447,35,28,1,1,1,1
460,0,1724,445,36,29,1,1,1,1
460,0,3,467,20,11,1,1,1,1
461,0,102,454,33,27,1,1,1,1
461,0,150,430,179,51,1,1,1,1
461,0,448,461,31,17,1,1,1,1
461,0,579,381,411,100,1,1,1,1
461,0,1020,430,162,48,1,1,1,1
461,0,1312,461,50,13,1,1,1,1
461,0,1396,447,35,28,1,1,1,1
461,0,1724,445,36,29,1,1,1,1
461,0,3,467,20,11,1,1,1,1
462,0,102,454,33,27,1,1,1,1
462,0,150,430,179,51,1,1,1,1
462,0,448,461,31,17,1,1,1,1
462,0,581,381,414,100,1,1,1,1
462,0,1020,430,162,48,1,1,1,1
462,0,1312,461,50,13,1,1,1,1
462,0,1396,447,35,28,1,1,1,1
462,0,1724,445,36,29,1,1,1,1
462,0,3,467,20,11,1,1,1,1
463,0,102,454,33,27,1,1,1,1
463,0,150,430,179,51,1,1,1,1
463,0,448,461,31,17,1,1,1,1
463,0,581,381,414,100,1,1,1,1
463,0,1020,430,162,48,1,1,1,1
463,0,1312,461,50,13,1,1,1,1
463,0,1396,447,35,28,1,1,1,1
463,0,1724,445,36,29,1,1,1,1
463,0,3,467,20,11,1,1,1,1
464,0,102,454,33,27,1,1,1,1
464,0,150,430,179,51,1,1,1,1
464,0,448,461,31,17,1,1,1,1
464,0,581,381,414,100,1,1,1,1
464,0,1020,430,162,48,1,1,1,1
464,0,1312,461,50,13,1,1,1,1
464,0,1396,447,35,28,1,1,1,1
464,0,1724,445,36,29,1,1,1,1
464,0,3,467,20,11,1,1,1,1
465,0,102,454,33,27,1,1,1,1
465,0,150,430,179,51,1,1,1,1
465,0,448,461,31,17,1,1,1,1
465,0,584,382,414,100,1,1,1,1
465,0,1020,430,162,48,1,1,1,1
465,0,1312,461,50,13,1,1,1,1
465,0,1396,447,35,28,1,1,1,1
465,0,1724,445,36,29,1,1,1,1
465,0,3,467,20,11,1,1,1,1
466,0,102,454,33,27,1,1,1,1
466,0,150,430,179,51,1,1,1,1
466,0,448,461,31,17,1,1,1,1
466,0,584,382,414,100,1,1,1,1
466,0,1020,430,162,48,1,1,1,1
466,0,1312,461,50,13,1,1,1,1
466,0,1396,447,35,28,1,1,1,1
466,0,1724,445,36,29,1,1,1,1
466,0,3,467,20,11,1,1,1,1
467,0,102,454,33,27,1,1,1,1
467,0,150,430,179,51,1,1,1,1
467,0,448,461,31,17,1,1,1,1
467,0,584,382,414,100,1,1,1,1
467,0,1020,430,162,48,1,1,1,1
467,0,1312,461,50,13,1,1,1,1
467,0,1396,447,35,28,1,1,1,1
467,0,1724,445,36,29,1,1,1,1
467,0,3,467,20,11,1,1,1,1
468,0,102,454,33,27,1,1,1,1
468,0,150,430,179,51,1,1,1,1
468,0,448,461,31,17,1,1,1,1
468,0,585,382,414,100,1,1,1,1
468,0,1020,430,162,48,1,1,1,1
468,0,1312,461,50,13,1,1,1,1
468,0,1396,447,35,28,1,1,1,1
468,0,1724,445,36,29,1,1,1,1
468,0,3,467,20,11,1,1,1,1
469,0,102,454,33,27,1,1,1,1
469,0,150,430,179,51,1,1,1,1
469,0,448,461,31,17,1,1,1,1
469,0,585,382,414,100,1,1,1,1
469,0,1020,430,162,48,1,1,1,1
469,0,1312,461,50,13,1,1,1,1
469,0,1396,447,35,28,1,1,1,1
469,0,1724,445,36,29,1,1,1,1
469,0,2,467,20,11,1,1,1,1
470,0,102,454,33,27,1,1,1,1
470,0,150,430,179,51,1,1,1,1
470,0,448,461,31,17,1,1,1,1
470,0,585,382,414,100,1,1,1,1
470,0,1022,428,162,48,1,1,1,1
470,0,1312,461,50,13,1,1,1,1
470,0,1396,447,35,28,1,1,1,1
470,0,1724,445,36,29,1,1,1,1
470,0,2,467,20,11,1,1,1,1
471,0,102,454,33,27,1,1,1,1
471,0,150,430,179,51,1,1,1,1
471,0,448,461,31,17,1,1,1,1
471,0,587,382,414,100,1,1,1,1
471,0,1022,428,162,48,1,1,1,1
471,0,1312,461,50,13,1,1,1,1
471,0,1396,447,35,28,1,1,1,1
471,0,1724,445,36,29,1,1,1,1
471,0,2,467,20,11,1,1,1,1
472,0,102,454,33,27,1,1,1,1
472,0,150,430,179,51,1,1,1,1
472,0,448,461,31,17,1,1,1,1
472,0,587,382,414,100,1,1,1,1
472,0,1022,428,162,48,1,1,1,1
472,0,1312,461,50,13,1,1,1,1
472,0,1396,447,35,28,1,1,1,1
472,0,1724,445,36,29,1,1,1,1
472,0,2,467,20,11,1,1,1,1
473,0,102,454,33,27,1,1,1,1
473,0,150,430,179,51,1,1,1,1
473,0,448,461,31,17,1,1,1,1
473,0,587,382,414,100,1,1,1,1
473,0,1022,428,162,48,1,1,1,1
473,0,1314,461,50,13,1,1,1,1
473,0,1396,447,35,28,1,1,1,1
473,0,1724,445,36,29,1,1,1,1
473,0,2,467,20,11,1,1,1,1
474,0,102,454,33,27,1,1,1,1
474,0,150,430,179,51,1,1,1,1
474,0,448,461,31,17,1,1,1,1
474,0,589,382,414,100,1,1,1,1
474,0,1022,428,162,48,1,1,1,1
474,0,1314,461,50,13,1,1,1,1
474,0,1396,447,35,28,1,1,1,1
474,0,1724,445,36,29,1,1,1,1
474,0,2,467,20,11,1,1,1,1
475,0,102,454,33,27,1,1,1,1
475,0,150,430,179,51,1,1,1,1
475,0,448,461,31,17,1,1,1,1
475,0,589,382,414,100,1,1,1,1
475,0,1022,428,162,48,1,1,1,1
475,0,1314,461,50,13,1,1,1,1
475,0,1396,447,35,28,1,1,1,1
475,0,1725,445,36,29,1,1,1,1
475,0,2,467,20,11,1,1,1,1
476,0,102,454,33,27,1,1,1,1
476,0,150,430,179,51,1,1,1,1
476,0,448,461,31,17,1,1,1,1
476,0,591,382,414,100,1,1,1,1
476,0,1022,428,162,48,1,1,1,1
476,0,1314,461,50,13,1,1,1,1
476,0,1396,447,35,28,1,1,1,1
476,0,1725,445,36,29,1,1,1,1
476,0,2,467,20,11,1,1,1,1
477,0,102,454,33,27,1,1,1,1
477,0,150,430,179,51,1,1,1,1
477,0,448,461,31,17,1,1,1,1
477,0,591,382,414,100,1,1,1,1
477,0,1022,428,162,48,1,1,1,1
477,0,1314,461,50,13,1,1,1,1
477,0,1396,447,35,28,1,1,1,1
477,0,1725,445,36,29,1,1,1,1
477,0,1,467,20,11,1,1,1,1
478,0,102,454,33,27,1,1,1,1
478,0,150,430,179,51,1,1,1,1
478,0,448,461,31,17,1,1,1,1
478,0,591,382,414,100,1,1,1,1
478,0,1022,428,162,48,1,1,1,1
478,0,1314,461,50,13,1,1,1,1
478,0,1396,447,35,28,1,1,1,1
478,0,1725,445,36,29,1,1,1,1
478,0,1,467,20,11,1,1,1,1
479,0,102,454,33,27,1,1,1,1
479,0,150,430,179,51,1,1,1,1
479,0,448,461,31,17,1,1,1,1
479,0,591,382,414,100,1,1,1,1
479,0,1022,428,162,48,1,1,1,1
479,0,1314,461,50,13,1,1,1,1
479,0,1396,447,35,28,1,1,1,1
479,0,1725,445,36,29,1,1,1,1
479,0,1,467,20,11,1,1,1,1
480,0,102,454,33,27,1,1,1,1
480,0,150,430,179,51,1,1,1,1
480,0,448,461,31,17,1,1,1,1
480,0,593,381,414,100,1,1,1,1
480,0,1022,428,162,48,1,1,1,1
480,0,1314,461,50,13,1,1,1,1
480,0,1396,447,35,28,1,1,1,1
480,0,1725,445,36,29,1,1,1,1
480,0,1,467,20,11,1,1,1,1
481,0,102,454,33,27,1,1,1,1
481,0,150,430,179,51,1,1,1,1
481,0,448,461,31,17,1,1,1,1
481,0,593,381,414,100,1,1,1,1
481,0,1022,428,162,48,1,1,1,1
481,0,1314,461,50,13,1,1,1,1
481,0,1396,447,35,28,1,1,1,1
481,0,1725,445,36,29,1,1,1,1
481,0,0,467,20,11,1,1,1,1
482,0,102,454,33,27,1,1,1,1
482,0,150,430,179,51,1,1,1,1
482,0,448,461,31,17,1,1,1,1
482,0,593,381,414,100,1,1,1,1
482,0,1022,428,162,48,1,1,1,1
482,0,1314,461,50,13,1,1,1,1
482,0,1396,447,35,28,1,1,1,1
482,0,1725,445,36,29,1,1,1,1
482,0,0,467,20,11,1,1,1,1
483,0,102,454,33,27,1,1,1,1
483,0,150,430,179,51,1,1,1,1
483,0,448,461,31,17,1,1,1,1
483,0,593,381,414,100,1,1,1,1
483,0,1022,428,162,48,1,1,1,1
483,0,1314,461,50,13,1,1,1,1
483,0,1396,447,35,28,1,1,1,1
483,0,1725,445,36,29,1,1,1,1
483,0,0,467,20,11,1,1,1,1
484,0,102,454,33,27,1,1,1,1
484,0,150,430,179,51,1,1,1,1
484,0,448,461,31,17,1,1,1,1
484,0,595,381,414,100,1,1,1,1
484,0,1022,428,162,48,1,1,1,1
484,0,1314,461,50,13,1,1,1,1
484,0,1396,447,35,28,1,1,1,1
484,0,1725,445,36,29,1,1,1,1
484,0,0,467,20,11,1,1,1,1
485,0,102,454,33,27,1,1,1,1
485,0,150,430,179,51,1,1,1,1
485,0,448,461,31,17,1,1,1,1
485,0,595,381,414,100,1,1,1,1
485,0,1022,428,162,48,1,1,1,1
485,0,1314,461,50,13,1,1,1,1
485,0,1396,447,35,28,1,1,1,1
485,0,1725,445,36,29,1,1,1,1
485,0,0,467,20,11,1,1,1,1
486,0,102,454,33,27,1,1,1,1
486,0,150,430,179,51,1,1,1,1
486,0,448,461,31,17,1,1,1,1
486,0,595,381,414,100,1,1,1,1
486,0,1022,428,162,48,1,1,1,1
486,0,1314,461,50,13,1,1,1,1
486,0,1396,447,35,28,1,1,1,1
486,0,1725,445,36,29,1,1,1,1
486,0,0,467,20,11,1,1,1,1
487,0,102,454,33,27,1,1,1,1
487,0,150,430,179,51,1,1,1,1
487,0,448,461,31,17,1,1,1,1
487,0,595,381,414,100,1,1,1,1
487,0,1022,428,162,48,1,1,1,1
487,0,1314,461,50,13,1,1,1,1
487,0,1396,447,35,28,1,1,1,1
487,0,1725,445,36,29,1,1,1,1
487,0,0,467,20,11,1,1,1,1
488,0,102,454,33,27,1,1,1,1
488,0,150,430,179,51,1,1,1,1
488,0,448,461,31,17,1,1,1,1
488,0,597,382,414,100,1,1,1,1
488,0,1022,428,162,48,1,1,1,1
488,0,1314,461,50,13,1,1,1,1
488,0,1396,447,35,28,1,1,1,1
488,0,1725,445,36,29,1,1,1,1
488,0,0,467,20,11,1,1,1,1
489,0,102,454,33,27,1,1,1,1
489,0,150,430,179,51,1,1,1,1
489,0,448,461,31,17,1,1,1,1
489,0,597,382,414,100,1,1,1,1
489,0,1022,428,162,48,1,1,1,1
489,0,1312,461,50,13,1,1,1,1
489,0,1396,447,35,28,1,1,1,1
489,0,1725,445,36,29,1,1,1,1
489,0,0,467,20,11,1,1,1,1
490,0,102,454,33,27,1,1,1,1
490,0,150,430,179,51,1,1,1,1
490,0,448,461,31,17,1,1,1,1
490,0,597,382,414,100,1,1,1,1
490,0,1022,428,162,48,1,1,1,1
490,0,1312,461,50,13,1,1,1,1
490,0,1395,447,35,28,1,1,1,1
490,0,1725,445,36,29,1,1,1,1
490,0,0,467,20,11,1,1,1,1
491,0,102,454,33,27,1,1,1,1
491,0,150,430,179,51,1,1,1,1
491,0,448,461,31,17,1,1,1,1
491,0,600,382,414,100,1,1,1,1
491,0,1022,428,162,48,1,1,1,1
491,0,1312,461,50,13,1,1,1,1
491,0,1395,447,35,28,1,1,1,1
491,0,1725,445,36,29,1,1,1,1
491,0,0,467,20,11,1,1,1,1
492,0,102,454,33,27,1,1,1,1
492,0,150,430,179,51,1,1,1,1
492,0,448,461,31,17,1,1,1,1
492,0,600,382,414,100,1,1,1,1
492,0,1022,428,162,48,1,1,1,1
492,0,1313,461,50,13,1,1,1,1
492,0,1395,447,35,28,1,1,1,1
492,0,1725,445,36,29,1,1,1,1
493,0,102,454,33,27,1,1,1,1
493,0,150,430,179,51,1,1,1,1
493,0,446,462,31,17,1,1,1,1
493,0,600,382,414,100,1,1,1,1
493,0,1022,428,162,48,1,1,1,1
493,0,1313,461,50,13,1,1,1,1
493,0,1395,447,35,28,1,1,1,1
493,0,1725,445,36,29,1,1,1,1
494,0,102,454,33,27,1,1,1,1
494,0,150,430,179,51,1,1,1,1
494,0,446,462,31,17,1,1,1,1
494,0,602,382,414,100,1,1,1,1
494,0,1022,428,162,48,1,1,1,1
494,0,1313,461,50,13,1,1,1,1
494,0,1395,447,35,28,1,1,1,1
494,0,1725,445,36,29,1,1,1,1
495,0,102,454,33,27,1,1,1,1
495,0,150,430,179,51,1,1,1,1
495,0,446,462,31,17,1,1,1,1
495,0,602,382,414,100,1,1,1,1
495,0,1022,428,162,48,1,1,1,1
495,0,1313,461,50,13,1,1,1,1
495,0,1395,447,35,28,1,1,1,1
495,0,1725,445,36,29,1,1,1,1
496,0,102,454,33,27,1,1,1,1
496,0,150,430,179,51,1,1,1,1
496,0,446,462,31,17,1,1,1,1
496,0,602,382,414,100,1,1,1,1
496,0,1022,428,162,48,1,1,1,1
496,0,1313,461,50,13,1,1,1,1
496,0,1395,447,35,28,1,1,1,1
496,0,1725,445,36,29,1,1,1,1
497,0,102,454,33,27,1,1,1,1
497,0,150,430,179,51,1,1,1,1
497,0,446,462,31,17,1,1,1,1
497,0,603,381,414,100,1,1,1,1
497,0,1022,428,162,48,1,1,1,1
497,0,1313,461,50,13,1,1,1,1
497,0,1395,447,35,28,1,1,1,1
497,0,1725,445,36,29,1,1,1,1
498,0,102,454,33,27,1,1,1,1
498,0,150,430,179,51,1,1,1,1
498,0,446,462,31,17,1,1,1,1
498,0,603,381,414,100,1,1,1,1
498,0,1022,428,162,48,1,1,1,1
498,0,1312,461,50,13,1,1,1,1
498,0,1394,447,35,28,1,1,1,1
498,0,1725,445,36,29,1,1,1,1
499,0,102,454,33,27,1,1,1,1
499,0,150,430,179,51,1,1,1,1
499,0,446,462,31,17,1,1,1,1
499,0,603,381,414,100,1,1,1,1
499,0,1022,428,162,48,1,1,1,1
499,0,1312,461,50,13,1,1,1,1
499,0,1394,447,35,28,1,1,1,1
499,0,1725,445,36,29,1,1,1,1
500,0,102,454,33,27,1,1,1,1
500,0,150,430,179,51,1,1,1,1
500,0,446,462,31,17,1,1,1,1
500,0,605,381,414,100,1,1,1,1
500,0,1022,428,162,48,1,1,1,1
500,0,1312,461,50,13,1,1,1,1
500,0,1394,447,35,28,1,1,1,1
500,0,1725,445,36,29,1,1,1,1
501,0,102,454,33,27,1,1,1,1
501,0,150,430,179,51,1,1,1,1
501,0,446,462,31,17,1,1,1,1
501,0,605,381,414,100,1,1,1,1
501,0,1022,428,162,48,1,1,1,1
501,0,1312,461,50,13,1,1,1,1
501,0,1394,447,35,28,1,1,1,1
501,0,1725,445,36,29,1,1,1,1
502,0,102,454,33,27,1,1,1,1
502,0,150,430,179,51,1,1,1,1
502,0,446,462,31,17,1,1,1,1
502,0,605,381,414,100,1,1,1,1
502,0,1022,428,162,48,1,1,1,1
502,0,1312,461,50,13,1,1,1,1
502,0,1394,447,35,28,1,1,1,1
502,0,1725,445,36,29,1,1,1,1
503,0,102,454,33,27,1,1,1,1
503,0,150,430,179,51,1,1,1,1
503,0,446,462,31,17,1,1,1,1
503,0,608,382,414,100,1,1,1,1
503,0,1022,428,162,48,1,1,1,1
503,0,1312,461,50,13,1,1,1,1
503,0,1394,447,35,28,1,1,1,1
503,0,1725,445,36,29,1,1,1,1
504,0,102,454,33,27,1,1,1,1
504,0,150,430,179,51,1,1,1,1
504,0,446,462,31,17,1,1,1,1
504,0,608,382,414,100,1,1,1,1
504,0,1022,428,162,48,1,1,1,1
504,0,1312,461,50,13,1,1,1,1
504,0,1394,447,35,28,1,1,1,1
504,0,1725,445,36,29,1,1,1,1
505,0,102,454,33,27,1,1,1,1
505,0,150,430,179,51,1,1,1,1
505,0,446,462,31,17,1,1,1,1
505,0,608,382,414,100,1,1,1,1
505,0,1022,428,162,48,1,1,1,1
505,0,1312,461,50,13,1,1,1,1
505,0,1394,447,35,28,1,1,1,1
505,0,1725,445,36,29,1,1,1,1
506,0,102,454,33,27,1,1,1,1
506,0,150,430,179,51,1,1,1,1
506,0,446,462,31,17,1,1,1,1
506,0,608,382,414,100,1,1,1,1
506,0,1022,428,162,48,1,1,1,1
506,0,1312,461,50,13,1,1,1,1
506,0,1394,447,35,28,1,1,1,1
506,0,1725,445,36,29,1,1,1,1
507,0,102,454,33,27,1,1,1,1
507,0,150,430,179,51,1,1,1,1
507,0,446,462,31,17,1,1,1,1
507,0,609,382,414,100,1,1,1,1
507,0,1022,428,162,48,1,1,1,1
507,0,1312,461,50,13,1,1,1,1
507,0,1394,447,35,28,1,1,1,1
507,0,1725,445,36,29,1,1,1,1
508,0,102,454,33,27,1,1,1,1
508,0,149,429,179,51,1,1,1,1
508,0,446,462,31,17,1,1,1,1
508,0,609,382,414,100,1,1,1,1
508,0,1022,428,162,48,1,1,1,1
508,0,1312,461,50,13,1,1,1,1
508,0,1394,447,35,28,1,1,1,1
508,0,1725,445,36,29,1,1,1,1
509,0,102,454,33,27,1,1,1,1
509,0,149,429,179,51,1,1,1,1
509,0,446,462,31,17,1,1,1,1
509,0,609,382,414,100,1,1,1,1
509,0,1022,428,162,48,1,1,1,1
509,0,1312,461,50,13,1,1,1,1
509,0,1394,447,35,28,1,1,1,1
509,0,1725,445,36,29,1,1,1,1
509,0,594,460,29,19,1,1,1,1
510,0,102,454,33,27,1,1,1,1
510,0,149,429,179,51,1,1,1,1
510,0,446,462,31,17,1,1,1,1
510,0,612,381,414,100,1,1,1,1
510,0,1022,428,162,48,1,1,1,1
510,0,1312,461,50,13,1,1,1,1
510,0,1394,447,35,28,1,1,1,1
510,0,1725,445,36,29,1,1,1,1
510,0,594,460,29,19,1,1,1,1
511,0,102,454,33,27,1,1,1,1
511,0,149,429,179,51,1,1,1,1
511,0,446,462,31,17,1,1,1,1
511,0,612,381,414,100,1,1,1,1
511,0,1022,428,162,48,1,1,1,1
511,0,1311,461,50,13,1,1,1,1
511,0,1394,447,35,28,1,1,1,1
511,0,1725,445,36,29,1,1,1,1
511,0,594,460,29,19,1,1,1,1
512,0,102,454,33,27,1,1,1,1
512,0,149,429,179,51,1,1,1,1
512,0,446,462,31,17,1,1,1,1
512,0,612,381,414,100,1,1,1,1
512,0,1022,428,162,48,1,1,1,1
512,0,1311,461,50,13,1,1,1,1
512,0,1394,447,35,28,1,1,1,1
512,0,1725,445,36,29,1,1,1,1
512,0,594,460,29,19,1,1,1,1
513,0,102,454,33,27,1,1,1,1
513,0,149,429,179,51,1,1,1,1
513,0,446,462,31,17,1,1,1,1
513,0,612,381,414,100,1,1,1,1
513,0,1022,428,162,48,1,1,1,1
513,0,1311,461,50,13,1,1,1,1
513,0,1394,447,35,28,1,1,1,1
513,0,1726,445,36,29,1,1,1,1
513,0,594,460,29,19,1,1,1,1
514,0,102,454,33,27,1,1,1,1
514,0,149,429,179,51,1,1,1,1
514,0,446,462,31,17,1,1,1,1
514,0,614,381,414,100,1,1,1,1
514,0,1022,428,162,48,1,1,1,1
514,0,1311,461,50,13,1,1,1,1
514,0,1394,447,35,28,1,1,1,1
514,0,1726,445,36,29,1,1,1,1
514,0,594,460,29,19,1,1,1,1
515,0,102,454,33,27,1,1,1,1
515,0,149,429,179,51,1,1,1,1
515,0,446,462,31,17,1,1,1,1
515,0,614,381,414,100,1,1,1,1
515,0,1023,428,162,48,1,1,1,1
515,0,1311,461,50,13,1,1,1,1
515,0,1394,447,35,28,1,1,1,1
515,0,1726,445,36,29,1,1,1,1
515,0,594,460,29,19,1,1,1,1
516,0,102,454,33,27,1,1,1,1
516,0,149,429,179,51,1,1,1,1
516,0,446,462,31,17,1,1,1,1
516,0,614,381,414,100,1,1,1,1
516,0,1023,428,162,48,1,1,1,1
516,0,1311,461,50,13,1,1,1,1
516,0,1394,447,35,28,1,1,1,1
516,0,1726,445,36,29,1,1,1,1
516,0,594,460,29,19,1,1,1,1
517,0,102,454,33,27,1,1,1,1
517,0,149,429,179,51,1,1,1,1
517,0,446,462,31,17,1,1,1,1
517,0,614,381,414,100,1,1,1,1
517,0,1023,428,162,48,1,1,1,1
517,0,1312,462,50,13,1,1,1,1
517,0,1394,447,35,28,1,1,1,1
517,0,1726,445,36,29,1,1,1,1
517,0,594,460,29,19,1,1,1,1
518,0,102,454,33,27,1,1,1,1
518,0,149,429,179,51,1,1,1,1
518,0,446,462,31,17,1,1,1,1
518,0,617,383,414,100,1,1,1,1
518,0,1023,428,162,48,1,1,1,1
518,0,1312,462,50,13,1,1,1,1
518,0,1394,447,35,28,1,1,1,1
518,0,1726,445,36,29,1,1,1,1
518,0,594,461,32,19,1,1,1,1
519,0,102,454,33,27,1,1,1,1
519,0,149,429,179,51,1,1,1,1
519,0,446,462,31,17,1,1,1,1
519,0,617,383,414,100,1,1,1,1
519,0,1023,428,162,48,1,1,1,1
519,0,1312,462,50,13,1,1,1,1
519,0,1394,447,35,28,1,1,1,1
519,0,1726,445,36,29,1,1,1,1
519,0,594,461,32,19,1,1,1,1
520,0,102,454,33,27,1,1,1,1
520,0,149,429,179,51,1,1,1,1
520,0,446,462,31,17,1,1,1,1
520,0,617,383,414,100,1,1,1,1
520,0,1023,428,162,48,1,1,1,1
520,0,1312,462,50,13,1,1,1,1
520,0,1394,447,35,28,1,1,1,1
520,0,1726,445,36,29,1,1,1,1
520,0,594,461,32,19,1,1,1,1
521,0,102,454,33,27,1,1,1,1
521,0,149,429,179,51,1,1,1,1
521,0,446,462,31,17,1,1,1,1
521,0,617,383,414,100,1,1,1,1
521,0,1023,428,162,48,1,1,1,1
521,0,1312,462,50,13,1,1,1,1
521,0,1394,447,35,28,1,1,1,1
521,0,1726,445,36,29,1,1,1,1
521,0,594,461,32,19,1,1,1,1
522,0,102,454,33,27,1,1,1,1
522,0,149,429,179,51,1,1,1,1
522,0,446,462,31,17,1,1,1,1
522,0,620,382,414,100,1,1,1,1
522,0,1023,428,162,48,1,1,1,1
522,0,1312,462,50,13,1,1,1,1
522,0,1394,447,35,28,1,1,1,1
522,0,1726,445,36,29,1,1,1,1
522,0,594,461,36,19,1,1,1,1
523,0,102,454,33,27,1,1,1,1
523,0,149,429,179,51,1,1,1,1
523,0,446,462,31,17,1,1,1,1
523,0,620,382,414,100,1,1,1,1
523,0,1023,428,162,48,1,1,1,1
523,0,1312,462,50,13,1,1,1,1
523,0,1394,447,35,28,1,1,1,1
523,0,1726,445,36,29,1,1,1,1
523,0,594,461,36,19,1,1,1,1
524,0,102,454,33,27,1,1,1,1
524,0,149,429,179,51,1,1,1,1
524,0,446,462,31,17,1,1,1,1
524,0,620,382,414,100,1,1,1,1
524,0,1026,430,162,48,1,1,1,1
524,0,1312,462,50,13,1,1,1,1
524,0,1394,447,35,28,1,1,1,1
524,0,1726,445,36,29,1,1,1,1
524,0,594,461,36,19,1,1,1,1
525,0,102,454,33,27,1,1,1,1
525,0,149,429,179,51,1,1,1,1
525,0,446,462,31,17,1,1,1,1
525,0,623,382,414,100,1,1,1,1
525,0,1026,430,162,48,1,1,1,1
525,0,1312,462,50,13,1,1,1,1
525,0,1394,447,35,28,1,1,1,1
525,0,1726,445,36,29,1,1,1,1
525,0,594,461,36,19,1,1,1,1
526,0,102,454,33,27,1,1,1,1
526,0,149,429,179,51,1,1,1,1
526,0,446,462,31,17,1,1,1,1
526,0,623,382,414,100,1,1,1,1
526,0,1026,430,162,48,1,1,1,1
526,0,1312,462,50,13,1,1,1,1
526,0,1394,447,35,28,1,1,1,1
526,0,1726,445,36,29,1,1,1,1
526,0,594,461,36,19,1,1,1,1
527,0,102,454,33,27,1,1,1,1
527,0,149,429,179,51,1,1,1,1
527,0,446,462,31,17,1,1,1,1
527,0,623,382,414,100,1,1,1,1
527,0,1026,430,162,48,1,1,1,1
527,0,1312,462,50,13,1,1,1,1
527,0,1394,447,35,28,1,1,1,1
527,0,1726,445,36,29,1,1,1,1
527,0,594,461,36,19,1,1,1,1
528,0,102,454,33,27,1,1,1,1
528,0,149,429,179,51,1,1,1,1
528,0,446,462,31,17,1,1,1,1
528,0,623,382,414,100,1,1,1,1
528,0,1026,430,162,48,1,1,1,1
528,0,1312,462,50,13,1,1,1,1
528,0,1394,447,35,28,1,1,1,1
528,0,1726,445,36,29,1,1,1,1
528,0,594,461,36,19,1,1,1,1
529,0,102,454,33,27,1,1,1,1
529,0,149,429,179,51,1,1,1,1
529,0,446,462,31,17,1,1,1,1
529,0,623,382,414,100,1,1,1,1
529,0,1026,430,162,48,1,1,1,1
529,0,1312,462,50,13,1,1,1,1
529,0,1394,447,35,28,1,1,1,1
529,0,1726,445,36,29,1,1,1,1
529,0,594,461,36,19,1,1,1,1
530,0,102,454,33,27,1,1,1,1
530,0,149,429,179,51,1,1,1,1
530,0,446,462,31,17,1,1,1,1
530,0,626,382,414,100,1,1,1,1
530,0,1026,430,162,48,1,1,1,1
530,0,1312,462,50,13,1,1,1,1
530,0,1394,447,35,28,1,1,1,1
530,0,1726,445,36,29,1,1,1,1
530,0,594,461,41,19,1,1,1,1
531,0,103,454,33,27,1,1,1,1
531,0,149,429,179,51,1,1,1,1
531,0,446,462,31,17,1,1,1,1
531,0,626,382,414,100,1,1,1,1
531,0,1026,430,162,48,1,1,1,1
531,0,1312,462,50,13,1,1,1,1
531,0,1394,447,35,28,1,1,1,1
531,0,1726,445,36,29,1,1,1,1
531,0,594,461,41,19,1,1,1,1
532,0,103,454,33,27,1,1,1,1
532,0,149,429,179,51,1,1,1,1
532,0,446,462,31,17,1,1,1,1
532,0,626,382,414,100,1,1,1,1
532,0,1026,430,162,48,1,1,1,1
532,0,1312,462,50,13,1,1,1,1
532,0,1394,447,35,28,1,1,1,1
532,0,1726,445,36,29,1,1,1,1
532,0,594,461,41,19,1,1,1,1
533,0,103,454,33,27,1,1,1,1
533,0,149,429,179,51,1,1,1,1
533,0,446,462,31,17,1,1,1,1
533,0,626,382,414,100,1,1,1,1
533,0,1026,430,162,48,1,1,1,1
533,0,1312,462,50,13,1,1,1,1
533,0,1394,447,35,28,1,1,1,1
533,0,1726,445,36,29,1,1,1,1
533,0,594,461,41,19,1,1,1,1
534,0,103,454,33,27,1,1,1,1
534,0,149,429,179,51,1,1,1,1
534,0,446,462,31,17,1,1,1,1
534,0,627,381,414,100,1,1,1,1
534,0,1026,430,162,48,1,1,1,1
534,0,1312,462,50,13,1,1,1,1
534,0,1394,447,35,28,1,1,1,1
534,0,1726,445,36,29,1,1,1,1
534,0,594,461,41,19,1,1,1,1
535,0,103,454,33,27,1,1,1,1
535,0,149,429,179,51,1,1,1,1
535,0,446,462,31,17,1,1,1,1
535,0,627,381,414,100,1,1,1,1
535,0,1026,430,162,48,1,1,1,1
535,0,1312,462,50,13,1,1,1,1
535,0,1394,447,35,28,1,1,1,1
535,0,1726,445,36,29,1,1,1,1
535,0,594,461,41,19,1,1,1,1
536,0,103,454,33,27,1,1,1,1
536,0,149,429,179,51,1,1,1,1
536,0,446,462,31,17,1,1,1,1
536,0,627,381,414,100,1,1,1,1
536,0,1026,430,162,48,1,1,1,1
536,0,1312,462,50,13,1,1,1,1
536,0,1396,447,35,28,1,1,1,1
536,0,1726,445,36,29,1,1,1,1
536,0,594,461,41,19,1,1,1,1
537,0,103,454,33,27,1,1,1,1
537,0,149,429,179,51,1,1,1,1
537,0,446,462,31,17,1,1,1,1
537,0,630,383,416,100,1,1,1,1
537,0,1026,430,162,48,1,1,1,1
537,0,1312,462,50,13,1,1,1,1
537,0,1396,447,35,28,1,1,1,1
537,0,1726,445,36,29,1,1,1,1
537,0,594,461,41,19,1,1,1,1
538,0,103,454,33,27,1,1,1,1
538,0,149,429,179,51,1,1,1,1
538,0,446,462,31,17,1,1,1,1
538,0,630,383,416,100,1,1,1,1
538,0,1026,430,162,48,1,1,1,1
538,0,1312,462,50,13,1,1,1,1
538,0,1396,447,35,28,1,1,1,1
538,0,1726,445,36,29,1,1,1,1
538,0,594,461,41,19,1,1,1,1
539,0,103,454,33,27,1,1,1,1
539,0,149,429,179,51,1,1,1,1
539,0,446,462,31,17,1,1,1,1
539,0,630,383,416,100,1,1,1,1
539,0,1026,430,162,48,1,1,1,1
539,0,1312,462,50,13,1,1,1,1
539,0,1396,447,35,28,1,1,1,1
539,0,1726,445,36,29,1,1,1,1
539,0,594,461,41,19,1,1,1,1
540,0,103,454,33,27,1,1,1,1
540,0,149,429,179,51,1,1,1,1
540,0,446,462,31,17,1,1,1,1
540,0,630,383,416,100,1,1,1,1
540,0,1026,430,162,48,1,1,1,1
540,0,1312,462,50,13,1,1,1,1
540,0,1396,447,35,28,1,1,1,1
540,0,1726,445,36,29,1,1,1,1
540,0,594,461,41,19,1,1,1,1
541,0,103,454,33,27,1,1,1,1
541,0,149,429,179,51,1,1,1,1
541,0,446,462,31,17,1,1,1,1
541,0,632,382,416,100,1,1,1,1
541,0,1026,430,162,48,1,1,1,1
541,0,1312,462,50,13,1,1,1,1
541,0,1396,447,35,28,1,1,1,1
541,0,1726,445,36,29,1,1,1,1
541,0,594,461,43,19,1,1,1,1
542,0,103,454,33,27,1,1,1,1
542,0,149,429,179,51,1,1,1,1
542,0,446,462,31,17,1,1,1,1
542,0,632,382,416,100,1,1,1,1
542,0,1026,430,162,48,1,1,1,1
542,0,1312,462,50,13,1,1,1,1
542,0,1396,447,35,28,1,1,1,1
542,0,1726,445,36,29,1,1,1,1
542,0,594,461,43,19,1,1,1,1
543,0,103,454,33,27,1,1,1,1
543,0,149,429,179,51,1,1,1,1
543,0,446,462,31,17,1,1,1,1
543,0,632,382,416,100,1,1,1,1
543,0,1026,430,162,48,1,1,1,1
543,0,1312,462,50,13,1,1,1,1
543,0,1396,447,35,28,1,1,1,1
543,0,1726,445,36,29,1,1,1,1
543,0,594,461,43,19,1,1,1,1
544,0,103,454,33,27,1,1,1,1
544,0,149,429,179,51,1,1,1,1
544,0,446,462,31,17,1,1,1,1
544,0,634,382,417,100,1,1,1,1
544,0,1026,430,162,48,1,1,1,1
544,0,1312,462,50,13,1,1,1,1
544,0,1396,447,35,28,1,1,1,1
544,0,1726,445,36,29,1,1,1,1
544,0,594,461,43,19,1,1,1,1
545,0,103,454,33,27,1,1,1,1
545,0,149,429,179,51,1,1,1,1
545,0,446,462,31,17,1,1,1,1
545,0,634,382,417,100,1,1,1,1
545,0,1034,430,154,48,1,1,1,1
545,0,1312,462,50,13,1,1,1,1
545,0,1396,447,35,28,1,1,1,1
545,0,1726,445,36,29,1,1,1,1
545,0,594,461,43,19,1,1,1,1
546,0,103,454,33,27,1,1,1,1
546,0,149,429,179,51,1,1,1,1
546,0,446,462,31,17,1,1,1,1
546,0,634,382,417,100,1,1,1,1
546,0,1034,430,154,48,1,1,1,1
546,0,1314,462,50,13,1,1,1,1
546,0,1396,447,35,28,1,1,1,1
546,0,1726,445,36,29,1,1,1,1
546,0,594,461,43,19,1,1,1,1
547,0,103,454,33,27,1,1,1,1
547,0,149,429,179,51,1,1,1,1
547,0,446,462,31,17,1,1,1,1
547,0,634,382,417,100,1,1,1,1
547,0,1034,430,154,48,1,1,1,1
547,0,1314,462,50,13,1,1,1,1
547,0,1396,447,35,28,1,1,1,1
547,0,1727,445,36,29,1,1,1,1
547,0,594,461,43,19,1,1,1,1
548,0,103,454,33,27,1,1,1,1
548,0,149,429,179,51,1,1,1,1
548,0,446,462,31,17,1,1,1,1
548,0,638,382,417,100,1,1,1,1
548,0,1034,430,154,48,1,1,1,1
548,0,1314,462,50,13,1,1,1,1
548,0,1396,447,35,28,1,1,1,1
548,0,1727,445,36,29,1,1,1,1
548,0,594,461,43,19,1,1,1,1
549,0,103,454,33,27,1,1,1,1
549,0,149,429,179,51,1,1,1,1
549,0,446,462,31,17,1,1,1,1
549,0,638,382,417,100,1,1,1,1
549,0,1034,430,154,48,1,1,1,1
549,0,1314,462,50,13,1,1,1,1
549,0,1397,447,35,28,1,1,1,1
549,0,1727,445,36,29,1,1,1,1
549,0,594,461,43,19,1,1,1,1
550,0,103,454,33,27,1,1,1,1
550,0,149,429,179,51,1,1,1,1
550,0,446,462,31,17,1,1,1,1
550,0,638,382,417,100,1,1,1,1
550,0,1034,430,154,48,1,1,1,1
550,0,1314,462,50,13,1,1,1,1
550,0,1397,447,35,28,1,1,1,1
550,0,1727,445,36,29,1,1,1,1
550,0,594,461,43,19,1,1,1,1
551,0,103,454,33,27,1,1,1,1
551,0,149,429,179,51,1,1,1,1
551,0,446,462,31,17,1,1,1,1
551,0,638,382,417,100,1,1,1,1
551,0,1034,430,154,48,1,1,1,1
551,0,1314,462,50,13,1,1,1,1
551,0,1397,447,35,28,1,1,1,1
551,0,1729,445,36,29,1,1,1,1
551,0,594,461,43,19,1,1,1,1
552,0,103,454,33,27,1,1,1,1
552,0,149,429,179,51,1,1,1,1
552,0,446,462,31,17,1,1,1,1
552,0,639,382,417,100,1,1,1,1
552,0,1034,430,154,48,1,1,1,1
552,0,1314,462,50,13,1,1,1,1
552,0,1397,447,35,28,1,1,1,1
552,0,1729,445,36,29,1,1,1,1
552,0,594,461,43,19,1,1,1,1
553,0,103,454,33,27,1,1,1,1
553,0,149,429,179,51,1,1,1,1
553,0,446,462,31,17,1,1,1,1
553,0,639,382,417,100,1,1,1,1
553,0,1034,430,154,48,1,1,1,1
553,0,1314,462,50,13,1,1,1,1
553,0,1397,447,35,28,1,1,1,1
553,0,1729,445,36,29,1,1,1,1
553,0,595,461,43,19,1,1,1,1
554,0,105,454,33,27,1,1,1,1
554,0,151,429,179,51,1,1,1,1
554,0,446,462,31,17,1,1,1,1
554,0,639,382,417,100,1,1,1,1
554,0,1034,430,154,48,1,1,1,1
554,0,1314,462,50,13,1,1,1,1
554,0,1397,447,35,28,1,1,1,1
554,0,1729,445,36,29,1,1,1,1
554,0,595,461,43,19,1,1,1,1
555,0,105,454,33,27,1,1,1,1
555,0,151,429,179,51,1,1,1,1
555,0,446,462,31,17,1,1,1,1
555,0,643,382,417,100,1,1,1,1
555,0,1041,430,150,48,1,1,1,1
555,0,1314,462,50,13,1,1,1,1
555,0,1397,447,35,28,1,1,1,1
555,0,1729,445,36,29,1,1,1,1
555,0,595,461,43,19,1,1,1,1
556,0,105,454,33,27,1,1,1,1
556,0,151,429,179,51,1,1,1,1
556,0,446,462,31,17,1,1,1,1
556,0,643,382,417,100,1,1,1,1
556,0,1041,430,150,48,1,1,1,1
556,0,1314,462,50,13,1,1,1,1
556,0,1397,447,35,28,1,1,1,1
556,0,1729,445,36,29,1,1,1,1
556,0,595,461,43,19,1,1,1,1
557,0,105,454,33,27,1,1,1,1
557,0,151,429,179,51,1,1,1,1
557,0,446,462,31,17,1,1,1,1
557,0,643,382,417,100,1,1,1,1
557,0,1041,430,150,48,1,1,1,1
557,0,1314,462,50,13,1,1,1,1
557,0,1397,447,35,28,1,1,1,1
557,0,1729,445,36,29,1,1,1,1
557,0,595,461,43,19,1,1,1,1
558,0,105,454,33,27,1,1,1,1
558,0,151,429,179,51,1,1,1,1
558,0,446,462,31,17,1,1,1,1
558,0,643,382,417,100,1,1,1,1
558,0,1041,430,150,48,1,1,1,1
558,0,1314,462,50,13,1,1,1,1
558,0,1397,447,35,28,1,1,1,1
558,0,1729,445,36,29,1,1,1,1
558,0,595,461,43,19,1,1,1,1
559,0,105,454,33,27,1,1,1,1
559,0,151,429,179,51,1,1,1,1
559,0,446,462,31,17,1,1,1,1
559,0,643,382,417,100,1,1,1,1
559,0,1041,430,150,48,1,1,1,1
559,0,1314,462,50,13,1,1,1,1
559,0,1397,447,35,28,1,1,1,1
559,0,1729,445,36,29,1,1,1,1
559,0,595,461,43,19,1,1,1,1
560,0,105,454,33,27,1,1,1,1
560,0,151,429,179,51,1,1,1,1
560,0,446,462,31,17,1,1,1,1
560,0,646,381,417,100,1,1,1,1
560,0,1041,430,150,48,1,1,1,1
560,0,1314,462,50,13,1,1,1,1
560,0,1397,447,35,28,1,1,1,1
560,0,1729,445,36,29,1,1,1,1
560,0,595,461,43,19,1,1,1,1
561,0,105,454,33,27,1,1,1,1
561,0,151,429,179,51,1,1,1,1
561,0,446,462,31,17,1,1,1,1
561,0,646,381,417,100,1,1,1,1
561,0,1041,430,150,48,1,1,1,1
561,0,1314,462,50,13,1,1,1,1
561,0,1397,447,35,28,1,1,1,1
561,0,1729,445,36,29,1,1,1,1
561,0,595,461,43,19,1,1,1,1
562,0,105,454,33,27,1,1,1,1
562,0,151,429,179,51,1,1,1,1
562,0,446,462,31,17,1,1,1,1
562,0,646,381,417,100,1,1,1,1
562,0,1041,430,150,48,1,1,1,1
562,0,1314,462,50,13,1,1,1,1
562,0,1397,447,35,28,1,1,1,1
562,0,1729,445,36,29,1,1,1,1
562,0,595,461,43,19,1,1,1,1
563,0,105,454,33,27,1,1,1,1
563,0,151,429,179,51,1,1,1,1
563,0,446,462,31,17,1,1,1,1
563,0,646,381,417,100,1,1,1,1
563,0,1041,430,150,48,1,1,1,1
563,0,1314,462,50,13,1,1,1,1
563,0,1397,447,35,28,1,1,1,1
563,0,1729,445,36,29,1,1,1,1
563,0,595,461,43,19,1,1,1,1
564,0,105,454,33,27,1,1,1,1
564,0,151,429,179,51,1,1,1,1
564,0,446,462,31,17,1,1,1,1
564,0,646,381,417,100,1,1,1,1
564,0,1041,430,150,48,1,1,1,1
564,0,1314,462,50,13,1,1,1,1
564,0,1397,447,35,28,1,1,1,1
564,0,1729,445,36,29,1,1,1,1
564,0,595,461,43,19,1,1,1,1
565,0,105,454,33,27,1,1,1,1
565,0,151,429,179,51,1,1,1,1
565,0,446,462,31,17,1,1,1,1
565,0,649,382,417,100,1,1,1,1
565,0,1046,430,145,48,1,1,1,1
565,0,1314,462,50,13,1,1,1,1
565,0,1397,447,35,28,1,1,1,1
565,0,1729,445,36,29,1,1,1,1
565,0,595,461,43,19,1,1,1,1
566,0,105,454,33,27,1,1,1,1
566,0,151,429,179,51,1,1,1,1
566,0,446,462,31,17,1,1,1,1
566,0,649,382,417,100,1,1,1,1
566,0,1046,430,145,48,1,1,1,1
566,0,1314,462,50,13,1,1,1,1
566,0,1397,447,35,28,1,1,1,1
566,0,1729,445,36,29,1,1,1,1
566,0,595,461,43,19,1,1,1,1
567,0,105,454,33,27,1,1,1,1
567,0,151,429,179,51,1,1,1,1
567,0,446,462,31,17,1,1,1,1
567,0,649,382,417,100,1,1,1,1
567,0,1046,430,145,48,1,1,1,1
567,0,1314,462,50,13,1,1,1,1
567,0,1397,447,35,28,1,1,1,1
567,0,1729,445,36,29,1,1,1,1
567,0,595,461,43,19,1,1,1,1
568,0,105,454,33,27,1,1,1,1
568,0,151,429,179,51,1,1,1,1
568,0,446,462,31,17,1,1,1,1
568,0,652,382,417,100,1,1,1,1
568,0,1046,430,145,48,1,1,1,1
568,0,1314,462,50,13,1,1,1,1
568,0,1397,447,35,28,1,1,1,1
568,0,1729,445,36,29,1,1,1,1
568,0,595,461,43,19,1,1,1,1
569,0,105,454,33,27,1,1,1,1
569,0,151,429,179,51,1,1,1,1
569,0,446,462,31,17,1,1,1,1
569,0,652,382,417,100,1,1,1,1
569,0,1046,430,145,48,1,1,1,1
569,0,1314,462,50,13,1,1,1,1
569,0,1398,447,35,28,1,1,1,1
569,0,1729,445,36,29,1,1,1,1
569,0,595,461,43,19,1,1,1,1
570,0,105,454,33,27,1,1,1,1
570,0,151,429,179,51,1,1,1,1
570,0,446,462,31,17,1,1,1,1
570,0,652,382,417,100,1,1,1,1
570,0,1046,430,145,48,1,1,1,1
570,0,1314,462,50,13,1,1,1,1
570,0,1398,447,35,28,1,1,1,1
570,0,1730,445,36,29,1,1,1,1
570,0,595,461,43,19,1,1,1,1
571,0,105,454,33,27,1,1,1,1
571,0,151,429,179,51,1,1,1,1
571,0,446,462,31,17,1,1,1,1
571,0,651,382,419,100,1,1,1,1
571,0,1051,430,141,48,1,1,1,1
571,0,1314,462,50,13,1,1,1,1
571,0,1398,447,35,28,1,1,1,1
571,0,1730,445,36,29,1,1,1,1
571,0,595,461,43,19,1,1,1,1
572,0,105,454,33,27,1,1,1,1
572,0,151,429,179,51,1,1,1,1
572,0,446,462,31,17,1,1,1,1
572,0,651,382,419,100,1,1,1,1
572,0,1051,430,141,48,1,1,1,1
572,0,1314,462,50,13,1,1,1,1
572,0,1398,447,35,28,1,1,1,1
572,0,1730,445,36,29,1,1,1,1
572,0,595,461,43,19,1,1,1,1
573,0,106,454,33,27,1,1,1,1
573,0,151,429,179,51,1,1,1,1
573,0,446,462,31,17,1,1,1,1
573,0,651,382,419,100,1,1,1,1
573,0,1051,430,141,48,1,1,1,1
573,0,1314,462,50,13,1,1,1,1
573,0,1398,447,35,28,1,1,1,1
573,0,1730,445,36,29,1,1,1,1
573,0,595,461,43,19,1,1,1,1
574,0,106,454,33,27,1,1,1,1
574,0,151,429,179,51,1,1,1,1
574,0,446,462,31,17,1,1,1,1
574,0,651,382,419,100,1,1,1,1
574,0,1051,430,141,48,1,1,1,1
574,0,1314,462,50,13,1,1,1,1
574,0,1398,447,35,28,1,1,1,1
574,0,1730,445,36,29,1,1,1,1
574,0,595,461,43,19,1,1,1,1
575,0,106,454,33,27,1,1,1,1
575,0,151,429,179,51,1,1,1,1
575,0,446,462,31,17,1,1,1,1
575,0,653,382,419,100,1,1,1,1
575,0,1051,430,141,48,1,1,1,1
575,0,1314,462,50,13,1,1,1,1
575,0,1398,447,35,28,1,1,1,1
575,0,1730,445,36,29,1,1,1,1
575,0,595,461,43,19,1,1,1,1
576,0,106,454,33,27,1,1,1,1
576,0,151,429,179,51,1,1,1,1
576,0,446,462,31,17,1,1,1,1
576,0,653,382,419,100,1,1,1,1
576,0,1051,430,141,48,1,1,1,1
576,0,1314,462,50,13,1,1,1,1
576,0,1398,447,35,28,1,1,1,1
576,0,1730,445,36,29,1,1,1,1
576,0,595,461,43,19,1,1,1,1
577,0,106,454,33,27,1,1,1,1
577,0,151,429,179,51,1,1,1,1
577,0,446,462,31,17,1,1,1,1
577,0,653,382,419,100,1,1,1,1
577,0,1051,430,141,48,1,1,1,1
577,0,1314,462,50,13,1,1,1,1
577,0,1398,447,35,28,1,1,1,1
577,0,1730,445,36,29,1,1,1,1
577,0,595,461,43,19,1,1,1,1
578,0,106,454,33,27,1,1,1,1
578,0,151,429,179,51,1,1,1,1
578,0,446,462,31,17,1,1,1,1
578,0,653,382,419,100,1,1,1,1
578,0,1051,430,141,48,1,1,1,1
578,0,1314,462,50,13,1,1,1,1
578,0,1398,447,35,28,1,1,1,1
578,0,1730,445,36,29,1,1,1,1
578,0,595,461,43,19,1,1,1,1
579,0,106,454,33,27,1,1,1,1
579,0,151,429,179,51,1,1,1,1
579,0,446,462,31,17,1,1,1,1
579,0,656,382,419,100,1,1,1,1
579,0,1055,430,136,48,1,1,1,1
579,0,1314,462,50,13,1,1,1,1
579,0,1398,447,35,28,1,1,1,1
579,0,1730,445,36,29,1,1,1,1
579,0,595,461,43,19,1,1,1,1
580,0,106,454,33,27,1,1,1,1
580,0,151,429,179,51,1,1,1,1
580,0,446,462,31,17,1,1,1,1
580,0,656,382,419,100,1,1,1,1
580,0,1055,430,136,48,1,1,1,1
580,0,1314,462,50,13,1,1,1,1
580,0,1398,447,35,28,1,1,1,1
580,0,1730,445,36,29,1,1,1,1
580,0,595,461,43,19,1,1,1,1
581,0,106,454,33,27,1,1,1,1
581,0,151,429,179,51,1,1,1,1
581,0,446,462,31,17,1,1,1,1
581,0,656,382,419,100,1,1,1,1
581,0,1055,430,136,48,1,1,1,1
581,0,1314,462,50,13,1,1,1,1
581,0,1398,447,35,28,1,1,1,1
581,0,1730,445,36,29,1,1,1,1
581,0,595,461,43,19,1,1,1,1
582,0,106,454,33,27,1,1,1,1
582,0,151,429,179,51,1,1,1,1
582,0,446,462,31,17,1,1,1,1
582,0,658,382,419,100,1,1,1,1
582,0,1055,430,136,48,1,1,1,1
582,0,1314,462,50,13,1,1,1,1
582,0,1398,447,35,28,1,1,1,1
582,0,1730,445,36,29,1,1,1,1
582,0,595,461,43,19,1,1,1,1
583,0,106,454,33,27,1,1,1,1
583,0,151,429,179,51,1,1,1,1
583,0,446,462,31,17,1,1,1,1
583,0,658,382,419,100,1,1,1,1
583,0,1055,430,136,48,1,1,1,1
583,0,1314,462,50,13,1,1,1,1
583,0,1398,447,35,28,1,1,1,1
583,0,1730,445,36,29,1,1,1,1
583,0,595,461,43,19,1,1,1,1
584,0,106,454,33,27,1,1,1,1
584,0,151,429,179,51,1,1,1,1
584,0,446,462,31,17,1,1,1,1
584,0,658,382,419,100,1,1,1,1
584,0,1055,430,136,48,1,1,1,1
584,0,1314,462,50,13,1,1,1,1
584,0,1398,447,35,28,1,1,1,1
584,0,1730,445,36,29,1,1,1,1
584,0,595,461,43,19,1,1,1,1
585,0,106,454,33,27,1,1,1,1
585,0,151,429,179,51,1,1,1,1
585,0,446,462,31,17,1,1,1,1
585,0,660,382,419,100,1,1,1,1
585,0,1055,430,136,48,1,1,1,1
585,0,1314,462,50,13,1,1,1,1
585,0,1398,447,35,28,1,1,1,1
585,0,1730,445,36,29,1,1,1,1
585,0,595,461,43,19,1,1,1,1
586,0,106,454,33,27,1,1,1,1
586,0,151,429,179,51,1,1,1,1
586,0,446,462,31,17,1,1,1,1
586,0,660,382,419,100,1,1,1,1
586,0,1055,430,136,48,1,1,1,1
586,0,1314,462,50,13,1,1,1,1
586,0,1398,447,35,28,1,1,1,1
586,0,1730,445,36,29,1,1,1,1
586,0,595,461,43,19,1,1,1,1
587,0,106,454,33,27,1,1,1,1
587,0,151,429,179,51,1,1,1,1
587,0,446,462,31,17,1,1,1,1
587,0,660,382,419,100,1,1,1,1
587,0,1055,430,136,48,1,1,1,1
587,0,1314,462,50,13,1,1,1,1
587,0,1398,447,35,28,1,1,1,1
587,0,1730,445,36,29,1,1,1,1
587,0,595,461,43,19,1,1,1,1
588,0,106,454,33,27,1,1,1,1
588,0,151,429,179,51,1,1,1,1
588,0,446,462,31,17,1,1,1,1
588,0,662,382,419,100,1,1,1,1
588,0,1059,430,133,48,1,1,1,1
588,0,1314,462,50,13,1,1,1,1
588,0,1398,447,35,28,1,1,1,1
588,0,1730,445,36,29,1,1,1,1
588,0,595,461,43,19,1,1,1,1
589,0,106,454,33,27,1,1,1,1
589,0,150,429,179,51,1,1,1,1
589,0,446,462,31,17,1,1,1,1
589,0,662,382,419,100,1,1,1,1
589,0,1059,430,133,48,1,1,1,1
589,0,1314,462,50,13,1,1,1,1
589,0,1398,447,35,28,1,1,1,1
589,0,1730,445,36,29,1,1,1,1
589,0,595,461,43,19,1,1,1,1
590,0,106,454,33,27,1,1,1,1
590,0,150,429,179,51,1,1,1,1
590,0,446,462,31,17,1,1,1,1
590,0,662,382,419,100,1,1,1,1
590,0,1059,430,133,48,1,1,1,1
590,0,1314,462,50,13,1,1,1,1
590,0,1398,447,35,28,1,1,1,1
590,0,1730,445,36,29,1,1,1,1
590,0,595,461,43,19,1,1,1,1
591,0,106,454,33,27,1,1,1,1
591,0,150,429,179,51,1,1,1,1
591,0,446,462,31,17,1,1,1,1
591,0,662,382,419,100,1,1,1,1
591,0,1059,430,133,48,1,1,1,1
591,0,1314,462,50,13,1,1,1,1
591,0,1398,447,35,28,1,1,1,1
591,0,1730,445,36,29,1,1,1,1
591,0,595,461,43,19,1,1,1,1
592,0,106,454,33,27,1,1,1,1
592,0,150,429,179,51,1,1,1,1
592,0,446,462,31,17,1,1,1,1
592,0,663,382,419,100,1,1,1,1
592,0,1059,430,133,48,1,1,1,1
592,0,1312,461,50,13,1,1,1,1
592,0,1396,446,35,28,1,1,1,1
592,0,1728,445,36,29,1,1,1,1
592,0,595,461,43,19,1,1,1,1
593,0,106,454,33,27,1,1,1,1
593,0,150,429,179,51,1,1,1,1
593,0,444,461,31,17,1,1,1,1
593,0,663,382,419,100,1,1,1,1
593,0,1059,430,133,48,1,1,1,1
593,0,1312,461,50,13,1,1,1,1
593,0,1396,446,35,28,1,1,1,1
593,0,1728,445,36,29,1,1,1,1
593,0,595,461,43,19,1,1,1,1
594,0,106,454,33,27,1,1,1,1
594,0,150,429,179,51,1,1,1,1
594,0,444,461,31,17,1,1,1,1
594,0,665,382,419,100,1,1,1,1
594,0,1066,430,126,48,1,1,1,1
594,0,1312,461,50,13,1,1,1,1
594,0,1396,446,35,28,1,1,1,1
594,0,1728,445,36,29,1,1,1,1
594,0,595,461,43,19,1,1,1,1
595,0,105,454,33,27,1,1,1,1
595,0,149,429,179,51,1,1,1,1
595,0,444,461,31,17,1,1,1,1
595,0,665,382,419,100,1,1,1,1
595,0,1066,430,126,48,1,1,1,1
595,0,1312,461,50,13,1,1,1,1
595,0,1396,446,35,28,1,1,1,1
595,0,1728,445,36,29,1,1,1,1
595,0,595,461,43,19,1,1,1,1
596,0,105,454,33,27,1,1,1,1
596,0,149,429,179,51,1,1,1,1
596,0,444,461,31,17,1,1,1,1
596,0,665,382,419,100,1,1,1,1
596,0,1066,430,126,48,1,1,1,1
596,0,1312,461,50,13,1,1,1,1
596,0,1396,446,35,28,1,1,1,1
596,0,1728,445,36,29,1,1,1,1
596,0,593,461,43,19,1,1,1,1
597,0,105,454,33,27,1,1,1,1
597,0,149,429,179,51,1,1,1,1
597,0,444,461,31,17,1,1,1,1
597,0,667,382,419,100,1,1,1,1
597,0,1066,430,126,48,1,1,1,1
597,0,1312,461,50,13,1,1,1,1
597,0,1396,446,35,28,1,1,1,1
597,0,1728,445,36,29,1,1,1,1
597,0,593,461,43,19,1,1,1,1
598,0,105,454,33,27,1,1,1,1
598,0,149,429,179,51,1,1,1,1
598,0,444,461,31,17,1,1,1,1
598,0,667,382,419,100,1,1,1,1
598,0,1066,430,126,48,1,1,1,1
598,0,1313,461,50,13,1,1,1,1
598,0,1396,446,35,28,1,1,1,1
598,0,1728,445,36,29,1,1,1,1
598,0,593,461,43,19,1,1,1,1
599,0,105,454,33,27,1,1,1,1
599,0,149,429,179,51,1,1,1,1
599,0,444,461,31,17,1,1,1,1
599,0,667,382,419,100,1,1,1,1
599,0,1066,430,126,48,1,1,1,1
599,0,1313,461,50,13,1,1,1,1
599,0,1396,446,35,28,1,1,1,1
599,0,1729,445,36,29,1,1,1,1
599,0,593,461,43,19,1,1,1,1
600,0,105,454,33,27,1,1,1,1
600,0,149,429,179,51,1,1,1,1
600,0,444,461,31,17,1,1,1,1
600,0,669,382,419,100,1,1,1,1
600,0,1073,430,119,48,1,1,1,1
600,0,1313,461,50,13,1,1,1,1
600,0,1396,446,35,28,1,1,1,1
600,0,1729,445,36,29,1,1,1,1
600,0,593,461,43,19,1,1,1,1