2,380000000,120,317,180,115,1,1,1,1
2,290000000,335,345,90,60,1,1,1,1
2,340000000,500,337,60,45,1,1,1,1
2,220000000,680,337,280,65,1,1,1,1
2,210000000,912,347,55,45,1,1,1,1
3,380000000,119,317,180,115,1,1,1,1
3,290000000,334,345,90,60,1,1,1,1
3,340000000,499,337,60,45,1,1,1,1
3,220000000,679,337,280,65,1,1,1,1
3,210000000,912,347,55,45,1,1,1,1
4,380000000,119,317,180,115,1,1,1,1
4,290000000,334,345,90,60,1,1,1,1
4,340000000,499,337,60,45,1,1,1,1
4,220000000,679,337,280,65,1,1,1,1
4,210000000,912,347,55,45,1,1,1,1
5,380000000,119,317,180,115,1,1,1,1
5,290000000,334,345,90,60,1,1,1,1
5,340000000,499,337,60,45,1,1,1,1
5,220000000,679,337,280,65,1,1,1,1
5,210000000,912,347,55,45,1,1,1,1
6,380000000,119,317,180,115,1,1,1,1
6,290000000,334,345,90,60,1,1,1,1
6,340000000,499,337,60,45,1,1,1,1
6,220000000,679,337,280,65,1,1,1,1
6,210000000,912,347,55,45,1,1,1,1
7,380000000,119,317,180,115,1,1,1,1
7,290000000,334,345,90,60,1,1,1,1
7,340000000,499,337,60,45,1,1,1,1
7,220000000,679,337,280,65,1,1,1,1
7,210000000,912,347,55,45,1,1,1,1
8,380000000,119,317,180,115,1,1,1,1
8,290000000,334,345,90,60,1,1,1,1
8,340000000,499,337,60,45,1,1,1,1
8,220000000,679,337,280,65,1,1,1,1
8,210000000,912,347,55,45,1,1,1,1
9,380000000,119,317,180,115,1,1,1,1
9,290000000,334,345,90,60,1,1,1,1
9,340000000,499,337,60,45,1,1,1,1
9,220000000,679,337,280,65,1,1,1,1
9,210000000,912,347,55,45,1,1,1,1
10,380000000,119,317,180,115,1,1,1,1
10,290000000,334,345,90,60,1,1,1,1
10,340000000,499,337,60,45,1,1,1,1
10,220000000,679,337,280,65,1,1,1,1
10,210000000,912,347,55,45,1,1,1,1
11,380000000,119,317,180,115,1,1,1,1
11,290000000,334,345,90,60,1,1,1,1
11,340000000,499,337,60,45,1,1,1,1
11,220000000,679,337,280,65,1,1,1,1
11,210000000,912,347,55,45,1,1,1,1
12,380000000,119,317,180,115,1,1,1,1
12,290000000,334,345,90,60,1,1,1,1
12,340000000,499,337,60,45,1,1,1,1
12,220000000,679,337,280,65,1,1,1,1
12,210000000,912,347,55,45,1,1,1,1
13,380000000,119,317,180,115,1,1,1,1
13,290000000,334,345,90,60,1,1,1,1
13,340000000,499,337,60,45,1,1,1,1
13,220000000,679,337,280,65,1,1,1,1
13,210000000,911,347,55,45,1,1,1,1
14,380000000,119,317,180,115,1,1,1,1
14,290000000,334,345,90,60,1,1,1,1
14,340000000,499,337,60,45,1,1,1,1
14,220000000,679,337,280,65,1,1,1,1
14,210000000,911,347,55,45,1,1,1,1
15,380000000,119,317,180,115,1,1,1,1
15,290000000,334,345,90,60,1,1,1,1
15,340000000,499,337,60,45,1,1,1,1
15,220000000,679,337,280,65,1,1,1,1
15,210000000,911,347,55,45,1,1,1,1
16,380000000,119,317,180,115,1,1,1,1
16,290000000,334,345,90,60,1,1,1,1
16,340000000,499,337,60,45,1,1,1,1
16,220000000,679,337,280,65,1,1,1,1
16,210000000,911,347,55,45,1,1,1,1
17,380000000,119,317,180,115,1,1,1,1
17,290000000,334,345,90,60,1,1,1,1
17,340000000,499,337,60,45,1,1,1,1
17,220000000,679,337,280,65,1,1,1,1
17,210000000,911,347,55,45,1,1,1,1
18,380000000,118,317,180,115,1,1,1,1
18,290000000,334,345,90,60,1,1,1,1
18,340000000,499,337,60,45,1,1,1,1
18,220000000,679,337,280,65,1,1,1,1
18,210000000,911,347,55,45,1,1,1,1
19,380000000,118,317,180,115,1,1,1,1
19,290000000,334,345,90,60,1,1,1,1
19,340000000,499,337,60,45,1,1,1,1
19,220000000,679,337,280,65,1,1,1,1
19,210000000,911,347,55,45,1,1,1,1
20,380000000,118,317,180,115,1,1,1,1
20,290000000,334,345,90,60,1,1,1,1
20,340000000,499,337,60,45,1,1,1,1
20,220000000,679,337,280,65,1,1,1,1
20,210000000,911,347,55,45,1,1,1,1
21,380000000,118,317,180,115,1,1,1,1
21,290000000,334,345,90,60,1,1,1,1
21,340000000,499,337,60,45,1,1,1,1
21,220000000,679,337,280,65,1,1,1,1
21,210000000,911,347,55,45,1,1,1,1
22,380000000,118,317,180,115,1,1,1,1
22,290000000,334,345,90,60,1,1,1,1
22,340000000,499,337,60,45,1,1,1,1
22,220000000,679,337,280,65,1,1,1,1
22,210000000,911,347,55,45,1,1,1,1
23,380000000,118,317,180,115,1,1,1,1
23,290000000,334,345,90,60,1,1,1,1
23,340000000,499,337,60,45,1,1,1,1
23,220000000,679,337,280,65,1,1,1,1
23,210000000,911,347,55,45,1,1,1,1
24,380000000,118,317,180,115,1,1,1,1
24,290000000,334,345,90,60,1,1,1,1
24,340000000,499,337,60,45,1,1,1,1
24,220000000,679,337,280,65,1,1,1,1
24,210000000,911,347,55,45,1,1,1,1
25,380000000,118,317,180,115,1,1,1,1
25,290000000,334,345,90,60,1,1,1,1
25,340000000,499,337,60,45,1,1,1,1
25,220000000,679,337,280,65,1,1,1,1
25,210000000,911,347,55,45,1,1,1,1
26,380000000,118,317,180,115,1,1,1,1
26,290000000,334,345,90,60,1,1,1,1
26,340000000,499,337,60,45,1,1,1,1
26,220000000,679,337,280,65,1,1,1,1
26,210000000,911,347,55,45,1,1,1,1
27,380000000,118,317,180,115,1,1,1,1
27,290000000,334,345,90,60,1,1,1,1
27,340000000,499,337,60,45,1,1,1,1
27,220000000,679,337,280,65,1,1,1,1
27,210000000,911,347,55,45,1,1,1,1
28,380000000,118,317,180,115,1,1,1,1
28,290000000,334,345,90,60,1,1,1,1
28,340000000,499,337,60,45,1,1,1,1
28,220000000,679,337,280,65,1,1,1,1
28,210000000,911,347,55,45,1,1,1,1
29,380000000,118,317,180,115,1,1,1,1
29,290000000,334,345,90,60,1,1,1,1
29,340000000,499,337,60,45,1,1,1,1
29,220000000,679,337,280,65,1,1,1,1
29,210000000,911,347,55,45,1,1,1,1
30,380000000,118,317,180,115,1,1,1,1
30,290000000,334,345,90,60,1,1,1,1
30,340000000,499,337,60,45,1,1,1,1
30,220000000,679,337,280,65,1,1,1,1
30,210000000,911,347,55,45,1,1,1,1
31,380000000,118,317,180,115,1,1,1,1
31,290000000,334,345,90,60,1,1,1,1
31,340000000,499,337,60,45,1,1,1,1
31,220000000,679,337,280,65,1,1,1,1
31,210000000,911,347,55,45,1,1,1,1
32,380000000,118,318,180,115,1,1,1,1
32,290000000,334,345,90,60,1,1,1,1
32,340000000,499,337,60,45,1,1,1,1
32,220000000,679,337,280,65,1,1,1,1
32,210000000,911,348,55,45,1,1,1,1
33,380000000,117,318,180,115,1,1,1,1
33,290000000,333,345,90,60,1,1,1,1
33,340000000,499,337,60,45,1,1,1,1
33,220000000,679,337,280,65,1,1,1,1
33,210000000,910,348,55,45,1,1,1,1
34,380000000,117,318,180,115,1,1,1,1
34,290000000,333,345,90,60,1,1,1,1
34,340000000,499,337,60,45,1,1,1,1
34,220000000,679,337,280,65,1,1,1,1
34,210000000,910,348,55,45,1,1,1,1
35,380000000,117,318,180,115,1,1,1,1
35,290000000,333,345,90,60,1,1,1,1
35,340000000,499,337,60,45,1,1,1,1
35,220000000,679,337,280,65,1,1,1,1
35,210000000,910,348,55,45,1,1,1,1
36,380000000,117,318,180,115,1,1,1,1
36,290000000,333,345,90,60,1,1,1,1
36,340000000,499,337,60,45,1,1,1,1
36,220000000,679,337,280,65,1,1,1,1
36,210000000,910,348,55,45,1,1,1,1
37,380000000,117,318,180,115,1,1,1,1
37,290000000,333,345,90,60,1,1,1,1
37,340000000,499,337,60,45,1,1,1,1
37,220000000,679,337,280,65,1,1,1,1
37,210000000,910,348,55,45,1,1,1,1
38,380000000,117,318,180,115,1,1,1,1
38,290000000,333,345,90,60,1,1,1,1
38,340000000,499,337,60,45,1,1,1,1
38,220000000,679,337,280,65,1,1,1,1
38,210000000,910,348,55,45,1,1,1,1
39,380000000,117,318,180,115,1,1,1,1
39,290000000,333,345,90,60,1,1,1,1
39,340000000,499,337,60,45,1,1,1,1
39,220000000,679,337,280,65,1,1,1,1
39,210000000,910,348,55,45,1,1,1,1
40,380000000,117,318,180,115,1,1,1,1
40,290000000,333,345,90,60,1,1,1,1
40,340000000,499,337,60,45,1,1,1,1
40,220000000,679,337,280,65,1,1,1,1
40,210000000,910,348,55,45,1,1,1,1
41,380000000,117,318,180,115,1,1,1,1
41,290000000,333,345,90,60,1,1,1,1
41,340000000,499,337,60,45,1,1,1,1
41,220000000,679,337,280,65,1,1,1,1
41,210000000,910,348,55,45,1,1,1,1
42,380000000,117,318,180,115,1,1,1,1
42,290000000,333,345,90,60,1,1,1,1
42,340000000,499,337,60,45,1,1,1,1
42,220000000,679,337,280,65,1,1,1,1
42,210000000,910,348,55,45,1,1,1,1
43,380000000,117,318,180,115,1,1,1,1
43,290000000,333,345,90,60,1,1,1,1
43,340000000,499,337,60,45,1,1,1,1
43,220000000,679,337,280,65,1,1,1,1
43,210000000,910,348,55,45,1,1,1,1
44,380000000,117,318,180,115,1,1,1,1
44,290000000,333,345,90,60,1,1,1,1
44,340000000,499,337,60,45,1,1,1,1
44,220000000,679,337,280,65,1,1,1,1
44,210000000,910,348,55,45,1,1,1,1
45,380000000,117,318,180,115,1,1,1,1
45,290000000,333,345,90,60,1,1,1,1
45,340000000,499,337,60,45,1,1,1,1
45,220000000,679,337,280,65,1,1,1,1
45,210000000,910,348,55,45,1,1,1,1
46,380000000,117,318,180,115,1,1,1,1
46,290000000,333,345,90,60,1,1,1,1
46,340000000,499,337,60,45,1,1,1,1
46,220000000,679,337,280,65,1,1,1,1
46,210000000,910,348,55,45,1,1,1,1
47,380000000,117,318,180,115,1,1,1,1
47,290000000,333,345,90,60,1,1,1,1
47,340000000,499,337,60,45,1,1,1,1
47,220000000,679,337,280,65,1,1,1,1
47,210000000,910,348,55,45,1,1,1,1
48,380000000,116,318,180,115,1,1,1,1
48,290000000,333,345,90,60,1,1,1,1
48,340000000,499,337,60,45,1,1,1,1
48,220000000,679,337,280,65,1,1,1,1
48,210000000,910,348,55,45,1,1,1,1
49,380000000,116,318,180,115,1,1,1,1
49,290000000,333,345,90,60,1,1,1,1
49,340000000,499,337,60,45,1,1,1,1
49,220000000,679,337,280,65,1,1,1,1
49,210000000,910,348,55,45,1,1,1,1
50,380000000,116,318,180,115,1,1,1,1
50,290000000,333,345,90,60,1,1,1,1
50,340000000,499,337,60,45,1,1,1,1
50,220000000,679,337,280,65,1,1,1,1
50,210000000,910,348,55,45,1,1,1,1
51,380000000,116,318,180,115,1,1,1,1
51,290000000,333,345,90,60,1,1,1,1
51,340000000,499,337,60,45,1,1,1,1
51,220000000,679,337,280,65,1,1,1,1
51,210000000,910,348,55,45,1,1,1,1
52,380000000,116,318,180,115,1,1,1,1
52,290000000,333,345,90,60,1,1,1,1
52,340000000,499,337,60,45,1,1,1,1
52,220000000,679,337,280,65,1,1,1,1
52,210000000,910,348,55,45,1,1,1,1
53,380000000,116,318,180,115,1,1,1,1
53,290000000,333,345,90,60,1,1,1,1
53,340000000,499,337,60,45,1,1,1,1
53,220000000,679,337,280,65,1,1,1,1
53,210000000,909,348,55,45,1,1,1,1
54,380000000,116,318,180,115,1,1,1,1
54,290000000,333,345,90,60,1,1,1,1
54,340000000,499,337,60,45,1,1,1,1
54,220000000,679,337,280,65,1,1,1,1
54,210000000,909,348,55,45,1,1,1,1
55,380000000,116,318,180,115,1,1,1,1
55,290000000,333,345,90,60,1,1,1,1
55,340000000,499,337,60,45,1,1,1,1
55,220000000,679,337,280,65,1,1,1,1
55,210000000,909,348,55,45,1,1,1,1
56,380000000,116,318,180,115,1,1,1,1
56,290000000,333,345,90,60,1,1,1,1
56,340000000,499,337,60,45,1,1,1,1
56,220000000,679,337,280,65,1,1,1,1
56,210000000,909,348,55,45,1,1,1,1
57,380000000,116,318,180,115,1,1,1,1
57,290000000,333,345,90,60,1,1,1,1
57,340000000,499,337,60,45,1,1,1,1
57,220000000,679,337,280,65,1,1,1,1
57,210000000,909,348,55,45,1,1,1,1
58,380000000,116,318,180,115,1,1,1,1
58,290000000,333,345,90,60,1,1,1,1
58,340000000,499,337,60,45,1,1,1,1
58,220000000,679,337,280,65,1,1,1,1
58,210000000,909,348,55,45,1,1,1,1
59,380000000,116,318,180,115,1,1,1,1
59,290000000,333,345,90,60,1,1,1,1
59,340000000,499,337,60,45,1,1,1,1
59,220000000,679,337,280,65,1,1,1,1
59,210000000,909,348,55,45,1,1,1,1
60,380000000,116,318,180,115,1,1,1,1
60,290000000,333,345,90,60,1,1,1,1
60,340000000,499,337,60,45,1,1,1,1
60,220000000,679,337,280,65,1,1,1,1
60,210000000,909,348,55,45,1,1,1,1
61,380000000,116,318,180,115,1,1,1,1
61,290000000,333,345,90,60,1,1,1,1
61,340000000,499,337,60,45,1,1,1,1
61,220000000,679,337,280,65,1,1,1,1
61,210000000,909,348,55,45,1,1,1,1
62,380000000,116,318,180,115,1,1,1,1
62,290000000,333,345,90,60,1,1,1,1
62,340000000,499,337,60,45,1,1,1,1
62,220000000,679,337,280,65,1,1,1,1
62,210000000,909,348,55,45,1,1,1,1
63,380000000,115,318,180,115,1,1,1,1
63,290000000,332,345,90,60,1,1,1,1
63,340000000,498,337,60,45,1,1,1,1
63,220000000,679,337,280,65,1,1,1,1
63,210000000,909,348,55,45,1,1,1,1
64,380000000,115,318,180,115,1,1,1,1
64,290000000,332,345,90,60,1,1,1,1
64,340000000,498,337,60,45,1,1,1,1
64,220000000,679,337,280,65,1,1,1,1
64,210000000,909,348,55,45,1,1,1,1
65,380000000,115,318,180,115,1,1,1,1
65,290000000,332,345,90,60,1,1,1,1
65,340000000,498,337,60,45,1,1,1,1
65,220000000,679,337,280,65,1,1,1,1
65,210000000,909,348,55,45,1,1,1,1
66,380000000,115,318,180,115,1,1,1,1
66,290000000,332,345,90,60,1,1,1,1
66,340000000,498,337,60,45,1,1,1,1
66,220000000,679,337,280,65,1,1,1,1
66,210000000,909,348,55,45,1,1,1,1
67,380000000,115,318,180,115,1,1,1,1
67,290000000,332,345,90,60,1,1,1,1
67,340000000,498,337,60,45,1,1,1,1
67,220000000,679,337,280,65,1,1,1,1
67,210000000,909,348,55,45,1,1,1,1
68,380000000,115,318,180,115,1,1,1,1
68,290000000,332,345,90,60,1,1,1,1
68,340000000,498,337,60,45,1,1,1,1
68,220000000,679,337,280,65,1,1,1,1
68,210000000,909,348,55,45,1,1,1,1
69,380000000,115,318,180,115,1,1,1,1
69,290000000,332,345,90,60,1,1,1,1
69,340000000,498,337,60,45,1,1,1,1
69,220000000,679,337,280,65,1,1,1,1
69,210000000,909,348,55,45,1,1,1,1
70,380000000,115,318,180,115,1,1,1,1
70,290000000,332,345,90,60,1,1,1,1
70,340000000,498,337,60,45,1,1,1,1
70,220000000,679,337,280,65,1,1,1,1
70,210000000,909,348,55,45,1,1,1,1
71,380000000,115,318,180,115,1,1,1,1
71,290000000,332,345,90,60,1,1,1,1
71,340000000,498,337,60,45,1,1,1,1
71,220000000,679,337,280,65,1,1,1,1
71,210000000,909,348,55,45,1,1,1,1
72,380000000,115,318,180,115,1,1,1,1
72,290000000,332,345,90,60,1,1,1,1
72,340000000,498,337,60,45,1,1,1,1
72,220000000,679,337,280,65,1,1,1,1
72,210000000,909,348,55,45,1,1,1,1
73,380000000,115,318,180,115,1,1,1,1
73,290000000,332,345,90,60,1,1,1,1
73,340000000,498,337,60,45,1,1,1,1
73,220000000,679,337,280,65,1,1,1,1
73,210000000,908,348,55,45,1,1,1,1
74,380000000,115,318,180,115,1,1,1,1
74,290000000,332,345,90,60,1,1,1,1
74,340000000,498,337,60,45,1,1,1,1
74,220000000,679,337,280,65,1,1,1,1
74,210000000,908,348,55,45,1,1,1,1
75,380000000,115,318,180,115,1,1,1,1
75,290000000,332,345,90,60,1,1,1,1
75,340000000,498,337,60,45,1,1,1,1
75,220000000,679,337,280,65,1,1,1,1
75,210000000,908,348,55,45,1,1,1,1
76,380000000,115,318,180,115,1,1,1,1
76,290000000,332,345,90,60,1,1,1,1
76,340000000,498,337,60,45,1,1,1,1
76,220000000,679,337,280,65,1,1,1,1
76,210000000,908,348,55,45,1,1,1,1
77,380000000,115,318,180,115,1,1,1,1
77,290000000,332,345,90,60,1,1,1,1
77,340000000,498,337,60,45,1,1,1,1
77,220000000,679,337,280,65,1,1,1,1
77,210000000,908,348,55,45,1,1,1,1
78,380000000,114,318,180,115,1,1,1,1
78,290000000,332,345,90,60,1,1,1,1
78,340000000,498,337,60,45,1,1,1,1
78,220000000,679,337,280,65,1,1,1,1
78,210000000,908,348,55,45,1,1,1,1
79,380000000,114,318,180,115,1,1,1,1
79,290000000,332,345,90,60,1,1,1,1
79,340000000,498,337,60,45,1,1,1,1
79,220000000,679,337,280,65,1,1,1,1
79,210000000,908,348,55,45,1,1,1,1
80,380000000,114,318,180,115,1,1,1,1
80,290000000,332,345,90,60,1,1,1,1
80,340000000,498,337,60,45,1,1,1,1
80,220000000,679,337,280,65,1,1,1,1
80,210000000,908,348,55,45,1,1,1,1
81,380000000,114,318,180,115,1,1,1,1
81,290000000,332,345,90,60,1,1,1,1
81,340000000,498,337,60,45,1,1,1,1
81,220000000,679,337,280,65,1,1,1,1
81,210000000,908,348,55,45,1,1,1,1
82,380000000,114,318,180,115,1,1,1,1
82,290000000,332,345,90,60,1,1,1,1
82,340000000,498,337,60,45,1,1,1,1
82,220000000,679,337,280,65,1,1,1,1
82,210000000,908,348,55,45,1,1,1,1
83,380000000,114,318,180,115,1,1,1,1
83,290000000,332,345,90,60,1,1,1,1
83,340000000,498,337,60,45,1,1,1,1
83,220000000,679,337,280,65,1,1,1,1
83,210000000,908,348,55,45,1,1,1,1
84,380000000,114,318,180,115,1,1,1,1
84,290000000,332,345,90,60,1,1,1,1
84,340000000,498,337,60,45,1,1,1,1
84,220000000,679,337,280,65,1,1,1,1
84,210000000,908,348,55,45,1,1,1,1
85,380000000,114,318,180,115,1,1,1,1
85,290000000,332,345,90,60,1,1,1,1
85,340000000,498,337,60,45,1,1,1,1
85,220000000,679,337,280,65,1,1,1,1
85,210000000,908,348,55,45,1,1,1,1
86,380000000,114,318,180,115,1,1,1,1
86,290000000,332,345,90,60,1,1,1,1
86,340000000,498,337,60,45,1,1,1,1
86,220000000,679,337,280,65,1,1,1,1
86,210000000,908,348,55,45,1,1,1,1
87,380000000,114,318,180,115,1,1,1,1
87,290000000,332,345,90,60,1,1,1,1
87,340000000,498,337,60,45,1,1,1,1
87,220000000,679,337,280,65,1,1,1,1
87,210000000,908,348,55,45,1,1,1,1
88,380000000,114,318,180,115,1,1,1,1
88,290000000,332,345,90,60,1,1,1,1
88,340000000,498,337,60,45,1,1,1,1
88,220000000,679,337,280,65,1,1,1,1
88,210000000,908,348,55,45,1,1,1,1
89,380000000,114,318,180,115,1,1,1,1
89,290000000,332,345,90,60,1,1,1,1
89,340000000,498,337,60,45,1,1,1,1
89,220000000,679,337,280,65,1,1,1,1
89,210000000,908,348,55,45,1,1,1,1
90,380000000,114,318,180,115,1,1,1,1
90,290000000,332,345,90,60,1,1,1,1
90,340000000,498,337,60,45,1,1,1,1
90,220000000,679,337,280,65,1,1,1,1
90,210000000,908,348,55,45,1,1,1,1
91,380000000,114,318,180,115,1,1,1,1
91,290000000,332,345,90,60,1,1,1,1
91,340000000,498,337,60,45,1,1,1,1
91,220000000,679,337,280,65,1,1,1,1
91,210000000,908,348,55,45,1,1,1,1
92,380000000,114,319,180,115,1,1,1,1
92,290000000,332,345,90,60,1,1,1,1
92,340000000,498,337,60,45,1,1,1,1
92,220000000,679,337,280,65,1,1,1,1
92,210000000,908,349,55,45,1,1,1,1
93,380000000,113,319,180,115,1,1,1,1
93,290000000,331,345,90,60,1,1,1,1
93,340000000,498,337,60,45,1,1,1,1
93,220000000,679,337,280,65,1,1,1,1
93,210000000,907,349,55,45,1,1,1,1
94,380000000,113,319,180,115,1,1,1,1
94,290000000,331,345,90,60,1,1,1,1
94,340000000,498,337,60,45,1,1,1,1
94,220000000,679,337,280,65,1,1,1,1
94,210000000,907,349,55,45,1,1,1,1
95,380000000,113,319,180,115,1,1,1,1
95,290000000,331,345,90,60,1,1,1,1
95,340000000,498,337,60,45,1,1,1,1
95,220000000,679,337,280,65,1,1,1,1
95,210000000,907,349,55,45,1,1,1,1
96,380000000,113,319,180,115,1,1,1,1
96,290000000,331,345,90,60,1,1,1,1
96,340000000,498,337,60,45,1,1,1,1
96,220000000,679,337,280,65,1,1,1,1
96,210000000,907,349,55,45,1,1,1,1
97,380000000,113,319,180,115,1,1,1,1
97,290000000,331,345,90,60,1,1,1,1
97,340000000,498,337,60,45,1,1,1,1
97,220000000,679,337,280,65,1,1,1,1
97,210000000,907,349,55,45,1,1,1,1
98,380000000,113,319,180,115,1,1,1,1
98,290000000,331,345,90,60,1,1,1,1
98,340000000,498,337,60,45,1,1,1,1
98,220000000,679,337,280,65,1,1,1,1
98,210000000,907,349,55,45,1,1,1,1
99,380000000,113,319,180,115,1,1,1,1
99,290000000,331,345,90,60,1,1,1,1
99,340000000,498,337,60,45,1,1,1,1
99,220000000,679,337,280,65,1,1,1,1
99,210000000,907,349,55,45,1,1,1,1
100,380000000,113,319,180,115,1,1,1,1
100,290000000,331,345,90,60,1,1,1,1
100,340000000,498,337,60,45,1,1,1,1
100,220000000,679,337,280,65,1,1,1,1
100,210000000,907,349,55,45,1,1,1,1
101,380000000,113,319,180,115,1,1,1,1
101,290000000,331,345,90,60,1,1,1,1
101,340000000,498,337,60,45,1,1,1,1
101,220000000,679,337,280,65,1,1,1,1
101,210000000,907,349,55,45,1,1,1,1
102,380000000,113,319,180,115,1,1,1,1
102,290000000,331,345,90,60,1,1,1,1
102,340000000,498,337,60,45,1,1,1,1
102,220000000,679,337,280,65,1,1,1,1
102,210000000,907,349,55,45,1,1,1,1
103,380000000,113,319,180,115,1,1,1,1
103,290000000,331,345,90,60,1,1,1,1
103,340000000,498,337,60,45,1,1,1,1
103,220000000,678,337,280,65,1,1,1,1
103,210000000,907,349,55,45,1,1,1,1
104,380000000,113,319,180,115,1,1,1,1
104,290000000,331,345,90,60,1,1,1,1
104,340000000,498,337,60,45,1,1,1,1
104,220000000,678,337,280,65,1,1,1,1
104,210000000,907,349,55,45,1,1,1,1
105,380000000,113,319,180,115,1,1,1,1
105,290000000,331,345,90,60,1,1,1,1
105,340000000,498,337,60,45,1,1,1,1
105,220000000,678,337,280,65,1,1,1,1
105,210000000,907,349,55,45,1,1,1,1
106,380000000,113,319,180,115,1,1,1,1
106,290000000,331,345,90,60,1,1,1,1
106,340000000,498,337,60,45,1,1,1,1
106,220000000,678,337,280,65,1,1,1,1
106,210000000,907,349,55,45,1,1,1,1
107,380000000,113,319,180,115,1,1,1,1
107,290000000,331,345,90,60,1,1,1,1
107,340000000,498,337,60,45,1,1,1,1
107,220000000,678,337,280,65,1,1,1,1
107,210000000,907,349,55,45,1,1,1,1
108,380000000,112,319,180,115,1,1,1,1
108,290000000,331,345,90,60,1,1,1,1
108,340000000,498,337,60,45,1,1,1,1
108,220000000,678,337,280,65,1,1,1,1
108,210000000,907,349,55,45,1,1,1,1
109,380000000,112,319,180,115,1,1,1,1
109,290000000,331,345,90,60,1,1,1,1
109,340000000,498,337,60,45,1,1,1,1
109,220000000,678,337,280,65,1,1,1,1
109,210000000,907,349,55,45,1,1,1,1
110,380000000,112,319,180,115,1,1,1,1
110,290000000,331,345,90,60,1,1,1,1
110,340000000,498,337,60,45,1,1,1,1
110,220000000,678,337,280,65,1,1,1,1
110,210000000,907,349,55,45,1,1,1,1
111,380000000,112,319,180,115,1,1,1,1
111,290000000,331,345,90,60,1,1,1,1
111,340000000,498,337,60,45,1,1,1,1
111,220000000,678,337,280,65,1,1,1,1
111,210000000,907,349,55,45,1,1,1,1
112,380000000,112,319,180,115,1,1,1,1
112,290000000,331,345,90,60,1,1,1,1
112,340000000,498,337,60,45,1,1,1,1
112,220000000,678,337,280,65,1,1,1,1
112,210000000,907,349,55,45,1,1,1,1
113,380000000,112,319,180,115,1,1,1,1
113,290000000,331,345,90,60,1,1,1,1
113,340000000,498,337,60,45,1,1,1,1
113,220000000,678,337,280,65,1,1,1,1
113,210000000,906,349,55,45,1,1,1,1
114,380000000,112,319,180,115,1,1,1,1
114,290000000,331,345,90,60,1,1,1,1
114,340000000,498,337,60,45,1,1,1,1
114,220000000,678,337,280,65,1,1,1,1
114,210000000,906,349,55,45,1,1,1,1
115,380000000,112,319,180,115,1,1,1,1
115,290000000,331,345,90,60,1,1,1,1
115,340000000,498,337,60,45,1,1,1,1
115,220000000,678,337,280,65,1,1,1,1
115,210000000,906,349,55,45,1,1,1,1
116,380000000,112,319,180,115,1,1,1,1
116,290000000,331,345,90,60,1,1,1,1
116,340000000,498,337,60,45,1,1,1,1
116,220000000,678,337,280,65,1,1,1,1
116,210000000,906,349,55,45,1,1,1,1
117,380000000,112,319,180,115,1,1,1,1
117,290000000,331,345,90,60,1,1,1,1
117,340000000,498,337,60,45,1,1,1,1
117,220000000,678,337,280,65,1,1,1,1
117,210000000,906,349,55,45,1,1,1,1
118,380000000,112,319,180,115,1,1,1,1
118,290000000,331,345,90,60,1,1,1,1
118,340000000,498,337,60,45,1,1,1,1
118,220000000,678,337,280,65,1,1,1,1
118,210000000,906,349,55,45,1,1,1,1
119,380000000,112,319,180,115,1,1,1,1
119,290000000,331,345,90,60,1,1,1,1
119,340000000,498,337,60,45,1,1,1,1
119,220000000,678,337,280,65,1,1,1,1
119,210000000,906,349,55,45,1,1,1,1
120,380000000,112,319,180,115,1,1,1,1
120,290000000,331,345,90,60,1,1,1,1
120,340000000,498,337,60,45,1,1,1,1
120,220000000,678,337,280,65,1,1,1,1
120,210000000,906,349,55,45,1,1,1,1
121,380000000,112,319,180,115,1,1,1,1
121,290000000,331,345,90,60,1,1,1,1
121,340000000,498,337,60,45,1,1,1,1
121,220000000,678,337,280,65,1,1,1,1
121,210000000,906,349,55,45,1,1,1,1
122,380000000,112,319,180,115,1,1,1,1
122,290000000,331,345,90,60,1,1,1,1
122,340000000,498,337,60,45,1,1,1,1
122,220000000,678,337,280,65,1,1,1,1
122,210000000,906,349,55,45,1,1,1,1
123,380000000,111,319,180,115,1,1,1,1
123,290000000,330,345,90,60,1,1,1,1
123,340000000,497,337,60,45,1,1,1,1
123,220000000,678,337,280,65,1,1,1,1
123,210000000,906,349,55,45,1,1,1,1
124,380000000,111,319,180,115,1,1,1,1
124,290000000,330,345,90,60,1,1,1,1
124,340000000,497,337,60,45,1,1,1,1
124,220000000,678,337,280,65,1,1,1,1
124,210000000,906,349,55,45,1,1,1,1
125,380000000,111,319,180,115,1,1,1,1
125,290000000,330,345,90,60,1,1,1,1
125,340000000,497,337,60,45,1,1,1,1
125,220000000,678,337,280,65,1,1,1,1
125,210000000,906,349,55,45,1,1,1,1
126,380000000,111,319,180,115,1,1,1,1
126,290000000,330,345,90,60,1,1,1,1
126,340000000,497,337,60,45,1,1,1,1
126,220000000,678,337,280,65,1,1,1,1
126,210000000,906,349,55,45,1,1,1,1
127,380000000,111,319,180,115,1,1,1,1
127,290000000,330,345,90,60,1,1,1,1
127,340000000,497,337,60,45,1,1,1,1
127,220000000,678,337,280,65,1,1,1,1
127,210000000,906,349,55,45,1,1,1,1
128,380000000,111,319,180,115,1,1,1,1
128,290000000,330,345,90,60,1,1,1,1
128,340000000,497,337,60,45,1,1,1,1
128,220000000,678,337,280,65,1,1,1,1
128,210000000,906,349,55,45,1,1,1,1
129,380000000,111,319,180,115,1,1,1,1
129,290000000,330,345,90,60,1,1,1,1
129,340000000,497,337,60,45,1,1,1,1
129,220000000,678,337,280,65,1,1,1,1
129,210000000,906,349,55,45,1,1,1,1
130,380000000,111,319,180,115,1,1,1,1
130,290000000,330,345,90,60,1,1,1,1
130,340000000,497,337,60,45,1,1,1,1
130,220000000,678,337,280,65,1,1,1,1
130,210000000,906,349,55,45,1,1,1,1
131,380000000,111,319,180,115,1,1,1,1
131,290000000,330,345,90,60,1,1,1,1
131,340000000,497,337,60,45,1,1,1,1
131,220000000,678,337,280,65,1,1,1,1
131,210000000,906,349,55,45,1,1,1,1
132,380000000,111,319,180,115,1,1,1,1
132,290000000,330,345,90,60,1,1,1,1
132,340000000,497,337,60,45,1,1,1,1
132,220000000,678,337,280,65,1,1,1,1
132,210000000,906,349,55,45,1,1,1,1
133,380000000,111,319,180,115,1,1,1,1
133,290000000,330,345,90,60,1,1,1,1
133,340000000,497,337,60,45,1,1,1,1
133,220000000,678,337,280,65,1,1,1,1
133,210000000,905,349,55,45,1,1,1,1
134,380000000,111,319,180,115,1,1,1,1
134,290000000,330,345,90,60,1,1,1,1
134,340000000,497,337,60,45,1,1,1,1
134,220000000,678,337,280,65,1,1,1,1
134,210000000,905,349,55,45,1,1,1,1
135,380000000,111,319,180,115,1,1,1,1
135,290000000,330,345,90,60,1,1,1,1
135,340000000,497,337,60,45,1,1,1,1
135,220000000,678,337,280,65,1,1,1,1
135,210000000,905,349,55,45,1,1,1,1
136,380000000,111,319,180,115,1,1,1,1
136,290000000,330,345,90,60,1,1,1,1
136,340000000,497,337,60,45,1,1,1,1
136,220000000,678,337,280,65,1,1,1,1
136,210000000,905,349,55,45,1,1,1,1
137,380000000,111,319,180,115,1,1,1,1
137,290000000,330,345,90,60,1,1,1,1
137,340000000,497,337,60,45,1,1,1,1
137,220000000,678,337,280,65,1,1,1,1
137,210000000,905,349,55,45,1,1,1,1
138,380000000,110,319,180,115,1,1,1,1
138,290000000,330,345,90,60,1,1,1,1
138,340000000,497,337,60,45,1,1,1,1
138,220000000,678,337,280,65,1,1,1,1
138,210000000,905,349,55,45,1,1,1,1
139,380000000,110,319,180,115,1,1,1,1
139,290000000,330,345,90,60,1,1,1,1
139,340000000,497,337,60,45,1,1,1,1
139,220000000,678,337,280,65,1,1,1,1
139,210000000,905,349,55,45,1,1,1,1
140,380000000,110,319,180,115,1,1,1,1
140,290000000,330,345,90,60,1,1,1,1
140,340000000,497,337,60,45,1,1,1,1
140,220000000,678,337,280,65,1,1,1,1
140,210000000,905,349,55,45,1,1,1,1
141,380000000,110,319,180,115,1,1,1,1
141,290000000,330,345,90,60,1,1,1,1
141,340000000,497,337,60,45,1,1,1,1
141,220000000,678,337,280,65,1,1,1,1
141,210000000,905,349,55,45,1,1,1,1
142,380000000,110,319,180,115,1,1,1,1
142,290000000,330,345,90,60,1,1,1,1
142,340000000,497,337,60,45,1,1,1,1
142,220000000,678,337,280,65,1,1,1,1
142,210000000,905,349,55,45,1,1,1,1
143,380000000,110,319,180,115,1,1,1,1
143,290000000,330,345,90,60,1,1,1,1
143,340000000,497,337,60,45,1,1,1,1
143,220000000,678,337,280,65,1,1,1,1
143,210000000,905,349,55,45,1,1,1,1
144,380000000,110,319,180,115,1,1,1,1
144,290000000,330,345,90,60,1,1,1,1
144,340000000,497,337,60,45,1,1,1,1
144,220000000,678,337,280,65,1,1,1,1
144,210000000,905,349,55,45,1,1,1,1
145,380000000,110,319,180,115,1,1,1,1
145,290000000,330,345,90,60,1,1,1,1
145,340000000,497,337,60,45,1,1,1,1
145,220000000,678,337,280,65,1,1,1,1
145,210000000,905,349,55,45,1,1,1,1
146,380000000,110,319,180,115,1,1,1,1
146,290000000,330,345,90,60,1,1,1,1
146,340000000,497,337,60,45,1,1,1,1
146,220000000,678,337,280,65,1,1,1,1
146,210000000,905,349,55,45,1,1,1,1
147,380000000,110,319,180,115,1,1,1,1
147,290000000,330,345,90,60,1,1,1,1
147,340000000,497,337,60,45,1,1,1,1
147,220000000,678,337,280,65,1,1,1,1
147,210000000,905,349,55,45,1,1,1,1
148,380000000,110,319,180,115,1,1,1,1
148,290000000,330,345,90,60,1,1,1,1
148,340000000,497,337,60,45,1,1,1,1
148,220000000,678,337,280,65,1,1,1,1
148,210000000,905,349,55,45,1,1,1,1
149,380000000,110,319,180,115,1,1,1,1
149,290000000,330,345,90,60,1,1,1,1
149,340000000,497,337,60,45,1,1,1,1
149,220000000,678,337,280,65,1,1,1,1
149,210000000,905,349,55,45,1,1,1,1
150,380000000,110,319,180,115,1,1,1,1
150,290000000,330,345,90,60,1,1,1,1
150,340000000,497,337,60,45,1,1,1,1
150,220000000,678,337,280,65,1,1,1,1
150,210000000,905,349,55,45,1,1,1,1
151,380000000,110,319,180,115,1,1,1,1
151,290000000,330,345,90,60,1,1,1,1
151,340000000,497,337,60,45,1,1,1,1
151,220000000,678,337,280,65,1,1,1,1
151,210000000,905,349,55,45,1,1,1,1
152,380000000,110,320,180,115,1,1,1,1
152,290000000,330,345,90,60,1,1,1,1
152,340000000,497,337,60,45,1,1,1,1
152,220000000,678,337,280,65,1,1,1,1
152,210000000,905,350,55,45,1,1,1,1
153,380000000,109,320,180,115,1,1,1,1
153,290000000,329,345,90,60,1,1,1,1
153,340000000,497,337,60,45,1,1,1,1
153,220000000,678,337,280,65,1,1,1,1
153,210000000,904,350,55,45,1,1,1,1
154,380000000,109,320,180,115,1,1,1,1
154,290000000,329,345,90,60,1,1,1,1
154,340000000,497,337,60,45,1,1,1,1
154,220000000,678,337,280,65,1,1,1,1
154,210000000,904,350,55,45,1,1,1,1
155,380000000,109,320,180,115,1,1,1,1
155,290000000,329,345,90,60,1,1,1,1
155,340000000,497,337,60,45,1,1,1,1
155,220000000,678,337,280,65,1,1,1,1
155,210000000,904,350,55,45,1,1,1,1
156,380000000,109,320,180,115,1,1,1,1
156,290000000,329,345,90,60,1,1,1,1
156,340000000,497,337,60,45,1,1,1,1
156,220000000,678,337,280,65,1,1,1,1
156,210000000,904,350,55,45,1,1,1,1
157,380000000,109,320,180,115,1,1,1,1
157,290000000,329,345,90,60,1,1,1,1
157,340000000,497,337,60,45,1,1,1,1
157,220000000,678,337,280,65,1,1,1,1
157,210000000,904,350,55,45,1,1,1,1
158,380000000,109,320,180,115,1,1,1,1
158,290000000,329,345,90,60,1,1,1,1
158,340000000,497,337,60,45,1,1,1,1
158,220000000,678,337,280,65,1,1,1,1
158,210000000,904,350,55,45,1,1,1,1
159,380000000,109,320,180,115,1,1,1,1
159,290000000,329,345,90,60,1,1,1,1
159,340000000,497,337,60,45,1,1,1,1
159,220000000,678,337,280,65,1,1,1,1
159,210000000,904,350,55,45,1,1,1,1
160,380000000,109,320,180,115,1,1,1,1
160,290000000,329,345,90,60,1,1,1,1
160,340000000,497,337,60,45,1,1,1,1
160,220000000,678,337,280,65,1,1,1,1
160,210000000,904,350,55,45,1,1,1,1
161,380000000,109,320,180,115,1,1,1,1
161,290000000,329,345,90,60,1,1,1,1
161,340000000,497,337,60,45,1,1,1,1
161,220000000,678,337,280,65,1,1,1,1
161,210000000,904,350,55,45,1,1,1,1
162,380000000,109,320,180,115,1,1,1,1
162,290000000,329,345,90,60,1,1,1,1
162,340000000,497,337,60,45,1,1,1,1
162,220000000,678,337,280,65,1,1,1,1
162,210000000,904,350,55,45,1,1,1,1
163,380000000,109,320,180,115,1,1,1,1
163,290000000,329,345,90,60,1,1,1,1
163,340000000,497,337,60,45,1,1,1,1
163,220000000,678,337,280,65,1,1,1,1
163,210000000,904,350,55,45,1,1,1,1
164,380000000,109,320,180,115,1,1,1,1
164,290000000,329,345,90,60,1,1,1,1
164,340000000,497,337,60,45,1,1,1,1
164,220000000,678,337,280,65,1,1,1,1
164,210000000,904,350,55,45,1,1,1,1
165,380000000,109,320,180,115,1,1,1,1
165,290000000,329,345,90,60,1,1,1,1
165,340000000,497,337,60,45,1,1,1,1
165,220000000,678,337,280,65,1,1,1,1
165,210000000,904,350,55,45,1,1,1,1
166,380000000,109,320,180,115,1,1,1,1
166,290000000,329,345,90,60,1,1,1,1
166,340000000,497,337,60,45,1,1,1,1
166,220000000,678,337,280,65,1,1,1,1
166,210000000,904,350,55,45,1,1,1,1
167,380000000,109,320,180,115,1,1,1,1
167,290000000,329,345,90,60,1,1,1,1
167,340000000,497,337,60,45,1,1,1,1
167,220000000,678,337,280,65,1,1,1,1
167,210000000,904,350,55,45,1,1,1,1
168,380000000,108,320,180,115,1,1,1,1
168,290000000,329,345,90,60,1,1,1,1
168,340000000,497,337,60,45,1,1,1,1
168,220000000,678,337,280,65,1,1,1,1
168,210000000,904,350,55,45,1,1,1,1
169,380000000,108,320,180,115,1,1,1,1
169,290000000,329,345,90,60,1,1,1,1
169,340000000,497,337,60,45,1,1,1,1
169,220000000,678,337,280,65,1,1,1,1
169,210000000,904,350,55,45,1,1,1,1
170,380000000,108,320,180,115,1,1,1,1
170,290000000,329,345,90,60,1,1,1,1
170,340000000,497,337,60,45,1,1,1,1
170,220000000,678,337,280,65,1,1,1,1
170,210000000,904,350,55,45,1,1,1,1
171,380000000,108,320,180,115,1,1,1,1
171,290000000,329,345,90,60,1,1,1,1
171,340000000,497,337,60,45,1,1,1,1
171,220000000,678,337,280,65,1,1,1,1
171,210000000,904,350,55,45,1,1,1,1
172,380000000,108,320,180,115,1,1,1,1
172,290000000,329,345,90,60,1,1,1,1
172,340000000,497,337,60,45,1,1,1,1
172,220000000,678,337,280,65,1,1,1,1
172,210000000,904,350,55,45,1,1,1,1
173,380000000,108,320,180,115,1,1,1,1
173,290000000,329,345,90,60,1,1,1,1
173,340000000,497,337,60,45,1,1,1,1
173,220000000,678,337,280,65,1,1,1,1
173,210000000,903,350,55,45,1,1,1,1
174,380000000,108,320,180,115,1,1,1,1
174,290000000,329,345,90,60,1,1,1,1
174,340000000,497,337,60,45,1,1,1,1
174,220000000,678,337,280,65,1,1,1,1
174,210000000,903,350,55,45,1,1,1,1
175,380000000,108,320,180,115,1,1,1,1
175,290000000,329,345,90,60,1,1,1,1
175,340000000,497,337,60,45,1,1,1,1
175,220000000,678,337,280,65,1,1,1,1
175,210000000,903,350,55,45,1,1,1,1
176,380000000,108,320,180,115,1,1,1,1
176,290000000,329,345,90,60,1,1,1,1
176,340000000,497,337,60,45,1,1,1,1
176,220000000,678,337,280,65,1,1,1,1
176,210000000,903,350,55,45,1,1,1,1
177,380000000,108,320,180,115,1,1,1,1
177,290000000,329,345,90,60,1,1,1,1
177,340000000,497,337,60,45,1,1,1,1
177,220000000,678,337,280,65,1,1,1,1
177,210000000,903,350,55,45,1,1,1,1
178,380000000,108,320,180,115,1,1,1,1
178,290000000,329,345,90,60,1,1,1,1
178,340000000,497,337,60,45,1,1,1,1
178,220000000,678,337,280,65,1,1,1,1
178,210000000,903,350,55,45,1,1,1,1
179,380000000,108,320,180,115,1,1,1,1
179,290000000,329,345,90,60,1,1,1,1
179,340000000,497,337,60,45,1,1,1,1
179,220000000,678,337,280,65,1,1,1,1
179,210000000,903,350,55,45,1,1,1,1
180,380000000,108,320,180,115,1,1,1,1
180,290000000,329,345,90,60,1,1,1,1
180,340000000,497,337,60,45,1,1,1,1
180,220000000,678,337,280,65,1,1,1,1
180,210000000,903,350,55,45,1,1,1,1
181,380000000,108,320,180,115,1,1,1,1
181,290000000,329,345,90,60,1,1,1,1
181,340000000,497,337,60,45,1,1,1,1
181,220000000,678,337,280,65,1,1,1,1
181,210000000,903,350,55,45,1,1,1,1
182,380000000,108,320,180,115,1,1,1,1
182,290000000,329,345,90,60,1,1,1,1
182,340000000,497,337,60,45,1,1,1,1
182,220000000,678,337,280,65,1,1,1,1
182,210000000,903,350,55,45,1,1,1,1
183,380000000,107,320,180,115,1,1,1,1
183,290000000,328,345,90,60,1,1,1,1
183,340000000,496,337,60,45,1,1,1,1
183,220000000,678,337,280,65,1,1,1,1
183,210000000,903,350,55,45,1,1,1,1
184,380000000,107,320,180,115,1,1,1,1
184,290000000,328,345,90,60,1,1,1,1
184,340000000,496,337,60,45,1,1,1,1
184,220000000,678,337,280,65,1,1,1,1
184,210000000,903,350,55,45,1,1,1,1
185,380000000,107,320,180,115,1,1,1,1
185,290000000,328,345,90,60,1,1,1,1
185,340000000,496,337,60,45,1,1,1,1
185,220000000,678,337,280,65,1,1,1,1
185,210000000,903,350,55,45,1,1,1,1
186,380000000,107,320,180,115,1,1,1,1
186,290000000,328,345,90,60,1,1,1,1
186,340000000,496,337,60,45,1,1,1,1
186,220000000,678,337,280,65,1,1,1,1
186,210000000,903,350,55,45,1,1,1,1
187,380000000,107,320,180,115,1,1,1,1
187,290000000,328,345,90,60,1,1,1,1
187,340000000,496,337,60,45,1,1,1,1
187,220000000,678,337,280,65,1,1,1,1
187,210000000,903,350,55,45,1,1,1,1
188,380000000,107,320,180,115,1,1,1,1
188,290000000,328,345,90,60,1,1,1,1
188,340000000,496,337,60,45,1,1,1,1
188,220000000,678,337,280,65,1,1,1,1
188,210000000,903,350,55,45,1,1,1,1
189,380000000,107,320,180,115,1,1,1,1
189,290000000,328,345,90,60,1,1,1,1
189,340000000,496,337,60,45,1,1,1,1
189,220000000,678,337,280,65,1,1,1,1
189,210000000,903,350,55,45,1,1,1,1
190,380000000,107,320,180,115,1,1,1,1
190,290000000,328,345,90,60,1,1,1,1
190,340000000,496,337,60,45,1,1,1,1
190,220000000,678,337,280,65,1,1,1,1
190,210000000,903,350,55,45,1,1,1,1
191,380000000,107,320,180,115,1,1,1,1
191,290000000,328,345,90,60,1,1,1,1
191,340000000,496,337,60,45,1,1,1,1
191,220000000,678,337,280,65,1,1,1,1
191,210000000,903,350,55,45,1,1,1,1
192,380000000,107,320,180,115,1,1,1,1
192,290000000,328,345,90,60,1,1,1,1
192,340000000,496,337,60,45,1,1,1,1
192,220000000,678,337,280,65,1,1,1,1
192,210000000,903,350,55,45,1,1,1,1
193,380000000,107,320,180,115,1,1,1,1
193,290000000,328,345,90,60,1,1,1,1
193,340000000,496,337,60,45,1,1,1,1
193,220000000,678,337,280,65,1,1,1,1
193,210000000,902,350,55,45,1,1,1,1
194,380000000,107,320,180,115,1,1,1,1
194,290000000,328,345,90,60,1,1,1,1
194,340000000,496,337,60,45,1,1,1,1
194,220000000,678,337,280,65,1,1,1,1
194,210000000,902,350,55,45,1,1,1,1
195,380000000,107,320,180,115,1,1,1,1
195,290000000,328,345,90,60,1,1,1,1
195,340000000,496,337,60,45,1,1,1,1
195,220000000,678,337,280,65,1,1,1,1
195,210000000,902,350,55,45,1,1,1,1
196,380000000,107,320,180,115,1,1,1,1
196,290000000,328,345,90,60,1,1,1,1
196,340000000,496,337,60,45,1,1,1,1
196,220000000,678,337,280,65,1,1,1,1
196,210000000,902,350,55,45,1,1,1,1
197,380000000,107,320,180,115,1,1,1,1
197,290000000,328,345,90,60,1,1,1,1
197,340000000,496,337,60,45,1,1,1,1
197,220000000,678,337,280,65,1,1,1,1
197,210000000,902,350,55,45,1,1,1,1
198,380000000,106,320,180,115,1,1,1,1
198,290000000,328,345,90,60,1,1,1,1
198,340000000,496,337,60,45,1,1,1,1
198,220000000,678,337,280,65,1,1,1,1
198,210000000,902,350,55,45,1,1,1,1
199,380000000,106,320,180,115,1,1,1,1
199,290000000,328,345,90,60,1,1,1,1
199,340000000,496,337,60,45,1,1,1,1
199,220000000,678,337,280,65,1,1,1,1
199,210000000,902,350,55,45,1,1,1,1
200,380000000,106,320,180,115,1,1,1,1
200,290000000,328,345,90,60,1,1,1,1
200,340000000,496,337,60,45,1,1,1,1
200,220000000,678,337,280,65,1,1,1,1
200,210000000,902,350,55,45,1,1,1,1
201,380000000,106,320,180,115,1,1,1,1
201,290000000,328,345,90,60,1,1,1,1
201,340000000,496,337,60,45,1,1,1,1
201,220000000,678,337,280,65,1,1,1,1
201,210000000,902,350,55,45,1,1,1,1
202,380000000,106,320,180,115,1,1,1,1
202,290000000,328,345,90,60,1,1,1,1
202,340000000,496,337,60,45,1,1,1,1
202,220000000,678,337,280,65,1,1,1,1
202,210000000,902,350,55,45,1,1,1,1
203,380000000,106,320,180,115,1,1,1,1
203,290000000,328,345,90,60,1,1,1,1
203,340000000,496,337,60,45,1,1,1,1
203,220000000,677,337,280,65,1,1,1,1
203,210000000,902,350,55,45,1,1,1,1
204,380000000,106,320,180,115,1,1,1,1
204,290000000,328,345,90,60,1,1,1,1
204,340000000,496,337,60,45,1,1,1,1
204,220000000,677,337,280,65,1,1,1,1
204,210000000,902,350,55,45,1,1,1,1
205,380000000,106,320,180,115,1,1,1,1
205,290000000,328,345,90,60,1,1,1,1
205,340000000,496,337,60,45,1,1,1,1
205,220000000,677,337,280,65,1,1,1,1
205,210000000,902,350,55,45,1,1,1,1
206,380000000,106,320,180,115,1,1,1,1
206,290000000,328,345,90,60,1,1,1,1
206,340000000,496,337,60,45,1,1,1,1
206,220000000,677,337,280,65,1,1,1,1
206,210000000,902,350,55,45,1,1,1,1
207,380000000,106,320,180,115,1,1,1,1
207,290000000,328,345,90,60,1,1,1,1
207,340000000,496,337,60,45,1,1,1,1
207,220000000,677,337,280,65,1,1,1,1
207,210000000,902,350,55,45,1,1,1,1
208,380000000,106,320,180,115,1,1,1,1
208,290000000,328,345,90,60,1,1,1,1
208,340000000,496,337,60,45,1,1,1,1
208,220000000,677,337,280,65,1,1,1,1
208,210000000,902,350,55,45,1,1,1,1
209,380000000,106,320,180,115,1,1,1,1
209,290000000,328,345,90,60,1,1,1,1
209,340000000,496,337,60,45,1,1,1,1
209,220000000,677,337,280,65,1,1,1,1
209,210000000,902,350,55,45,1,1,1,1
210,380000000,106,320,180,115,1,1,1,1
210,290000000,328,345,90,60,1,1,1,1
210,340000000,496,337,60,45,1,1,1,1
210,220000000,677,337,280,65,1,1,1,1
210,210000000,902,350,55,45,1,1,1,1
211,380000000,106,320,180,115,1,1,1,1
211,290000000,328,345,90,60,1,1,1,1
211,340000000,496,337,60,45,1,1,1,1
211,220000000,677,337,280,65,1,1,1,1
211,210000000,902,350,55,45,1,1,1,1
212,380000000,106,321,180,115,1,1,1,1
212,290000000,328,345,90,60,1,1,1,1
212,340000000,496,337,60,45,1,1,1,1
212,220000000,677,337,280,65,1,1,1,1
212,210000000,902,351,55,45,1,1,1,1
213,380000000,105,321,180,115,1,1,1,1
213,290000000,327,345,90,60,1,1,1,1
213,340000000,496,337,60,45,1,1,1,1
213,220000000,677,337,280,65,1,1,1,1
213,210000000,901,351,55,45,1,1,1,1
214,380000000,105,321,180,115,1,1,1,1
214,290000000,327,345,90,60,1,1,1,1
214,340000000,496,337,60,45,1,1,1,1
214,220000000,677,337,280,65,1,1,1,1
214,210000000,901,351,55,45,1,1,1,1
215,380000000,105,321,180,115,1,1,1,1
215,290000000,327,345,90,60,1,1,1,1
215,340000000,496,337,60,45,1,1,1,1
215,220000000,677,337,280,65,1,1,1,1
215,210000000,901,351,55,45,1,1,1,1
216,380000000,105,321,180,115,1,1,1,1
216,290000000,327,345,90,60,1,1,1,1
216,340000000,496,337,60,45,1,1,1,1
216,220000000,677,337,280,65,1,1,1,1
216,210000000,901,351,55,45,1,1,1,1
217,380000000,105,321,180,115,1,1,1,1
217,290000000,327,345,90,60,1,1,1,1
217,340000000,496,337,60,45,1,1,1,1
217,220000000,677,337,280,65,1,1,1,1
217,210000000,901,351,55,45,1,1,1,1
218,380000000,105,321,180,115,1,1,1,1
218,290000000,327,345,90,60,1,1,1,1
218,340000000,496,337,60,45,1,1,1,1
218,220000000,677,337,280,65,1,1,1,1
218,210000000,901,351,55,45,1,1,1,1
219,380000000,105,321,180,115,1,1,1,1
219,290000000,327,345,90,60,1,1,1,1
219,340000000,496,337,60,45,1,1,1,1
219,220000000,677,337,280,65,1,1,1,1
219,210000000,901,351,55,45,1,1,1,1
220,380000000,105,321,180,115,1,1,1,1
220,290000000,327,345,90,60,1,1,1,1
220,340000000,496,337,60,45,1,1,1,1
220,220000000,677,337,280,65,1,1,1,1
220,210000000,901,351,55,45,1,1,1,1
221,380000000,105,321,180,115,1,1,1,1
221,290000000,327,345,90,60,1,1,1,1
221,340000000,496,337,60,45,1,1,1,1
221,220000000,677,337,280,65,1,1,1,1
221,210000000,901,351,55,45,1,1,1,1
222,380000000,105,321,180,115,1,1,1,1
222,290000000,327,345,90,60,1,1,1,1
222,340000000,496,337,60,45,1,1,1,1
222,220000000,677,337,280,65,1,1,1,1
222,210000000,901,351,55,45,1,1,1,1
223,380000000,105,321,180,115,1,1,1,1
223,290000000,327,345,90,60,1,1,1,1
223,340000000,496,337,60,45,1,1,1,1
223,220000000,677,337,280,65,1,1,1,1
223,210000000,901,351,55,45,1,1,1,1
224,380000000,105,321,180,115,1,1,1,1
224,290000000,327,345,90,60,1,1,1,1
224,340000000,496,337,60,45,1,1,1,1
224,220000000,677,337,280,65,1,1,1,1
224,210000000,901,351,55,45,1,1,1,1
225,380000000,105,321,180,115,1,1,1,1
225,290000000,327,345,90,60,1,1,1,1
225,340000000,496,337,60,45,1,1,1,1
225,220000000,677,337,280,65,1,1,1,1
225,210000000,901,351,55,45,1,1,1,1
226,380000000,105,321,180,115,1,1,1,1
226,290000000,327,345,90,60,1,1,1,1
226,340000000,496,337,60,45,1,1,1,1
226,220000000,677,337,280,65,1,1,1,1
226,210000000,901,351,55,45,1,1,1,1
227,380000000,105,321,180,115,1,1,1,1
227,290000000,327,345,90,60,1,1,1,1
227,340000000,496,337,60,45,1,1,1,1
227,220000000,677,337,280,65,1,1,1,1
227,210000000,901,351,55,45,1,1,1,1
228,380000000,104,321,180,115,1,1,1,1
228,290000000,327,345,90,60,1,1,1,1
228,340000000,496,337,60,45,1,1,1,1
228,220000000,677,337,280,65,1,1,1,1
228,210000000,901,351,55,45,1,1,1,1
229,380000000,104,321,180,115,1,1,1,1
229,290000000,327,345,90,60,1,1,1,1
229,340000000,496,337,60,45,1,1,1,1
229,220000000,677,337,280,65,1,1,1,1
229,210000000,901,351,55,45,1,1,1,1
230,380000000,104,321,180,115,1,1,1,1
230,290000000,327,345,90,60,1,1,1,1
230,340000000,496,337,60,45,1,1,1,1
230,220000000,677,337,280,65,1,1,1,1
230,210000000,901,351,55,45,1,1,1,1
231,380000000,104,321,180,115,1,1,1,1
231,290000000,327,345,90,60,1,1,1,1
231,340000000,496,337,60,45,1,1,1,1
231,220000000,677,337,280,65,1,1,1,1
231,210000000,901,351,55,45,1,1,1,1
232,380000000,104,321,180,115,1,1,1,1
232,290000000,327,345,90,60,1,1,1,1
232,340000000,496,337,60,45,1,1,1,1
232,220000000,677,337,280,65,1,1,1,1
232,210000000,901,351,55,45,1,1,1,1
233,380000000,104,321,180,115,1,1,1,1
233,290000000,327,345,90,60,1,1,1,1
233,340000000,496,337,60,45,1,1,1,1
233,220000000,677,337,280,65,1,1,1,1
233,210000000,900,351,55,45,1,1,1,1
234,380000000,104,321,180,115,1,1,1,1
234,290000000,327,345,90,60,1,1,1,1
234,340000000,496,337,60,45,1,1,1,1
234,220000000,677,337,280,65,1,1,1,1
234,210000000,900,351,55,45,1,1,1,1
235,380000000,104,321,180,115,1,1,1,1
235,290000000,327,345,90,60,1,1,1,1
235,340000000,496,337,60,45,1,1,1,1
235,220000000,677,337,280,65,1,1,1,1
235,210000000,900,351,55,45,1,1,1,1
236,380000000,104,321,180,115,1,1,1,1
236,290000000,327,345,90,60,1,1,1,1
236,340000000,496,337,60,45,1,1,1,1
236,220000000,677,337,280,65,1,1,1,1
236,210000000,900,351,55,45,1,1,1,1
237,380000000,104,321,180,115,1,1,1,1
237,290000000,327,345,90,60,1,1,1,1
237,340000000,496,337,60,45,1,1,1,1
237,220000000,677,337,280,65,1,1,1,1
237,210000000,900,351,55,45,1,1,1,1
238,380000000,104,321,180,115,1,1,1,1
238,290000000,327,345,90,60,1,1,1,1
238,340000000,496,337,60,45,1,1,1,1
238,220000000,677,337,280,65,1,1,1,1
238,210000000,900,351,55,45,1,1,1,1
239,380000000,104,321,180,115,1,1,1,1
239,290000000,327,345,90,60,1,1,1,1
239,340000000,496,337,60,45,1,1,1,1
239,220000000,677,337,280,65,1,1,1,1
239,210000000,900,351,55,45,1,1,1,1
240,380000000,104,321,180,115,1,1,1,1
240,290000000,327,345,90,60,1,1,1,1
240,340000000,496,337,60,45,1,1,1,1
240,220000000,677,337,280,65,1,1,1,1
240,210000000,900,351,55,45,1,1,1,1
241,380000000,104,321,180,115,1,1,1,1
241,290000000,327,345,90,60,1,1,1,1
241,340000000,496,337,60,45,1,1,1,1
241,220000000,677,337,280,65,1,1,1,1
241,210000000,900,351,55,45,1,1,1,1
242,380000000,104,321,180,115,1,1,1,1
242,290000000,327,345,90,60,1,1,1,1
242,340000000,496,337,60,45,1,1,1,1
242,220000000,677,337,280,65,1,1,1,1
242,210000000,900,351,55,45,1,1,1,1
243,380000000,103,321,180,115,1,1,1,1
243,290000000,326,345,90,60,1,1,1,1
243,340000000,495,337,60,45,1,1,1,1
243,220000000,677,337,280,65,1,1,1,1
243,210000000,900,351,55,45,1,1,1,1
244,380000000,103,321,180,115,1,1,1,1
244,290000000,326,345,90,60,1,1,1,1
244,340000000,495,337,60,45,1,1,1,1
244,220000000,677,337,280,65,1,1,1,1
244,210000000,900,351,55,45,1,1,1,1
245,380000000,103,321,180,115,1,1,1,1
245,290000000,326,345,90,60,1,1,1,1
245,340000000,495,337,60,45,1,1,1,1
245,220000000,677,337,280,65,1,1,1,1
245,210000000,900,351,55,45,1,1,1,1
246,380000000,103,321,180,115,1,1,1,1
246,290000000,326,345,90,60,1,1,1,1
246,340000000,495,337,60,45,1,1,1,1
246,220000000,677,337,280,65,1,1,1,1
246,210000000,900,351,55,45,1,1,1,1
247,380000000,103,321,180,115,1,1,1,1
247,290000000,326,345,90,60,1,1,1,1
247,340000000,495,337,60,45,1,1,1,1
247,220000000,677,337,280,65,1,1,1,1
247,210000000,900,351,55,45,1,1,1,1
248,380000000,103,321,180,115,1,1,1,1
248,290000000,326,345,90,60,1,1,1,1
248,340000000,495,337,60,45,1,1,1,1
248,220000000,677,337,280,65,1,1,1,1
248,210000000,900,351,55,45,1,1,1,1
249,380000000,103,321,180,115,1,1,1,1
249,290000000,326,345,90,60,1,1,1,1
249,340000000,495,337,60,45,1,1,1,1
249,220000000,677,337,280,65,1,1,1,1
249,210000000,900,351,55,45,1,1,1,1
250,380000000,103,321,180,115,1,1,1,1
250,290000000,326,345,90,60,1,1,1,1
250,340000000,495,337,60,45,1,1,1,1
250,220000000,677,337,280,65,1,1,1,1
250,210000000,900,351,55,45,1,1,1,1
251,380000000,103,321,180,115,1,1,1,1
251,290000000,326,345,90,60,1,1,1,1
251,340000000,495,337,60,45,1,1,1,1
251,220000000,677,337,280,65,1,1,1,1
251,210000000,900,351,55,45,1,1,1,1
252,380000000,103,321,180,115,1,1,1,1
252,290000000,326,345,90,60,1,1,1,1
252,340000000,495,337,60,45,1,1,1,1
252,220000000,677,337,280,65,1,1,1,1
252,210000000,900,351,55,45,1,1,1,1
253,380000000,103,321,180,115,1,1,1,1
253,290000000,326,345,90,60,1,1,1,1
253,340000000,495,337,60,45,1,1,1,1
253,220000000,677,337,280,65,1,1,1,1
253,210000000,899,351,55,45,1,1,1,1
254,380000000,103,321,180,115,1,1,1,1
254,290000000,326,345,90,60,1,1,1,1
254,340000000,495,337,60,45,1,1,1,1
254,220000000,677,337,280,65,1,1,1,1
254,210000000,899,351,55,45,1,1,1,1
255,380000000,103,321,180,115,1,1,1,1
255,290000000,326,345,90,60,1,1,1,1
255,340000000,495,337,60,45,1,1,1,1
255,220000000,677,337,280,65,1,1,1,1
255,210000000,899,351,55,45,1,1,1,1
256,380000000,103,321,180,115,1,1,1,1
256,290000000,326,345,90,60,1,1,1,1
256,340000000,495,337,60,45,1,1,1,1
256,220000000,677,337,280,65,1,1,1,1
256,210000000,899,351,55,45,1,1,1,1
257,380000000,103,321,180,115,1,1,1,1
257,290000000,326,345,90,60,1,1,1,1
257,340000000,495,337,60,45,1,1,1,1
257,220000000,677,337,280,65,1,1,1,1
257,210000000,899,351,55,45,1,1,1,1
258,380000000,102,321,180,115,1,1,1,1
258,290000000,326,345,90,60,1,1,1,1
258,340000000,495,337,60,45,1,1,1,1
258,220000000,677,337,280,65,1,1,1,1
258,210000000,899,351,55,45,1,1,1,1
259,380000000,102,321,180,115,1,1,1,1
259,290000000,326,345,90,60,1,1,1,1
259,340000000,495,337,60,45,1,1,1,1
259,220000000,677,337,280,65,1,1,1,1
259,210000000,899,351,55,45,1,1,1,1
260,380000000,102,321,180,115,1,1,1,1
260,290000000,326,345,90,60,1,1,1,1
260,340000000,495,337,60,45,1,1,1,1
260,220000000,677,337,280,65,1,1,1,1
260,210000000,899,351,55,45,1,1,1,1
261,380000000,102,321,180,115,1,1,1,1
261,290000000,326,345,90,60,1,1,1,1
261,340000000,495,337,60,45,1,1,1,1
261,220000000,677,337,280,65,1,1,1,1
261,210000000,899,351,55,45,1,1,1,1
262,380000000,102,321,180,115,1,1,1,1
262,290000000,326,345,90,60,1,1,1,1
262,340000000,495,337,60,45,1,1,1,1
262,220000000,677,337,280,65,1,1,1,1
262,210000000,899,351,55,45,1,1,1,1
263,380000000,102,321,180,115,1,1,1,1
263,290000000,326,345,90,60,1,1,1,1
263,340000000,495,337,60,45,1,1,1,1
263,220000000,677,337,280,65,1,1,1,1
263,210000000,899,351,55,45,1,1,1,1
264,380000000,102,321,180,115,1,1,1,1
264,290000000,326,345,90,60,1,1,1,1
264,340000000,495,337,60,45,1,1,1,1
264,220000000,677,337,280,65,1,1,1,1
264,210000000,899,351,55,45,1,1,1,1
265,380000000,102,321,180,115,1,1,1,1
265,290000000,326,345,90,60,1,1,1,1
265,340000000,495,337,60,45,1,1,1,1
265,220000000,677,337,280,65,1,1,1,1
265,210000000,899,351,55,45,1,1,1,1
266,380000000,102,321,180,115,1,1,1,1
266,290000000,326,345,90,60,1,1,1,1
266,340000000,495,337,60,45,1,1,1,1
266,220000000,677,337,280,65,1,1,1,1
266,210000000,899,351,55,45,1,1,1,1
267,380000000,102,321,180,115,1,1,1,1
267,290000000,326,345,90,60,1,1,1,1
267,340000000,495,337,60,45,1,1,1,1
267,220000000,677,337,280,65,1,1,1,1
267,210000000,899,351,55,45,1,1,1,1
268,380000000,102,321,180,115,1,1,1,1
268,290000000,326,345,90,60,1,1,1,1
268,340000000,495,337,60,45,1,1,1,1
268,220000000,677,337,280,65,1,1,1,1
268,210000000,899,351,55,45,1,1,1,1
269,380000000,102,321,180,115,1,1,1,1
269,290000000,326,345,90,60,1,1,1,1
269,340000000,495,337,60,45,1,1,1,1
269,220000000,677,337,280,65,1,1,1,1
269,210000000,899,351,55,45,1,1,1,1
270,380000000,102,321,180,115,1,1,1,1
270,290000000,326,345,90,60,1,1,1,1
270,340000000,495,337,60,45,1,1,1,1
270,220000000,677,337,280,65,1,1,1,1
270,210000000,899,351,55,45,1,1,1,1
271,380000000,102,321,180,115,1,1,1,1
271,290000000,326,345,90,60,1,1,1,1
271,340000000,495,337,60,45,1,1,1,1
271,220000000,677,337,280,65,1,1,1,1
271,210000000,899,351,55,45,1,1,1,1
272,380000000,102,322,180,115,1,1,1,1
272,290000000,326,345,90,60,1,1,1,1
272,340000000,495,337,60,45,1,1,1,1
272,220000000,677,337,280,65,1,1,1,1
272,210000000,899,352,55,45,1,1,1,1
273,380000000,101,322,180,115,1,1,1,1
273,290000000,325,345,90,60,1,1,1,1
273,340000000,495,337,60,45,1,1,1,1
273,220000000,677,337,280,65,1,1,1,1
273,210000000,898,352,55,45,1,1,1,1
274,380000000,101,322,180,115,1,1,1,1
274,290000000,325,345,90,60,1,1,1,1
274,340000000,495,337,60,45,1,1,1,1
274,220000000,677,337,280,65,1,1,1,1
274,210000000,898,352,55,45,1,1,1,1
275,380000000,101,322,180,115,1,1,1,1
275,290000000,325,345,90,60,1,1,1,1
275,340000000,495,337,60,45,1,1,1,1
275,220000000,677,337,280,65,1,1,1,1
275,210000000,898,352,55,45,1,1,1,1
276,380000000,101,322,180,115,1,1,1,1
276,290000000,325,345,90,60,1,1,1,1
276,340000000,495,337,60,45,1,1,1,1
276,220000000,677,337,280,65,1,1,1,1
276,210000000,898,352,55,45,1,1,1,1
277,380000000,101,322,180,115,1,1,1,1
277,290000000,325,345,90,60,1,1,1,1
277,340000000,495,337,60,45,1,1,1,1
277,220000000,677,337,280,65,1,1,1,1
277,210000000,898,352,55,45,1,1,1,1
278,380000000,101,322,180,115,1,1,1,1
278,290000000,325,345,90,60,1,1,1,1
278,340000000,495,337,60,45,1,1,1,1
278,220000000,677,337,280,65,1,1,1,1
278,210000000,898,352,55,45,1,1,1,1
279,380000000,101,322,180,115,1,1,1,1
279,290000000,325,345,90,60,1,1,1,1
279,340000000,495,337,60,45,1,1,1,1
279,220000000,677,337,280,65,1,1,1,1
279,210000000,898,352,55,45,1,1,1,1
280,380000000,101,322,180,115,1,1,1,1
280,290000000,325,345,90,60,1,1,1,1
280,340000000,495,337,60,45,1,1,1,1
280,220000000,677,337,280,65,1,1,1,1
280,210000000,898,352,55,45,1,1,1,1
281,380000000,101,322,180,115,1,1,1,1
281,290000000,325,345,90,60,1,1,1,1
281,340000000,495,337,60,45,1,1,1,1
281,220000000,677,337,280,65,1,1,1,1
281,210000000,898,352,55,45,1,1,1,1
282,380000000,101,322,180,115,1,1,1,1
282,290000000,325,345,90,60,1,1,1,1
282,340000000,495,337,60,45,1,1,1,1
282,220000000,677,337,280,65,1,1,1,1
282,210000000,898,352,55,45,1,1,1,1
283,380000000,101,322,180,115,1,1,1,1
283,290000000,325,345,90,60,1,1,1,1
283,340000000,495,337,60,45,1,1,1,1
283,220000000,677,337,280,65,1,1,1,1
283,210000000,898,352,55,45,1,1,1,1
284,380000000,101,322,180,115,1,1,1,1
284,290000000,325,345,90,60,1,1,1,1
284,340000000,495,337,60,45,1,1,1,1
284,220000000,677,337,280,65,1,1,1,1
284,210000000,898,352,55,45,1,1,1,1
285,380000000,101,322,180,115,1,1,1,1
285,290000000,325,345,90,60,1,1,1,1
285,340000000,495,337,60,45,1,1,1,1
285,220000000,677,337,280,65,1,1,1,1
285,210000000,898,352,55,45,1,1,1,1
286,380000000,101,322,180,115,1,1,1,1
286,290000000,325,345,90,60,1,1,1,1
286,340000000,495,337,60,45,1,1,1,1
286,220000000,677,337,280,65,1,1,1,1
286,210000000,898,352,55,45,1,1,1,1
287,380000000,101,322,180,115,1,1,1,1
287,290000000,325,345,90,60,1,1,1,1
287,340000000,495,337,60,45,1,1,1,1
287,220000000,677,337,280,65,1,1,1,1
287,210000000,898,352,55,45,1,1,1,1
288,380000000,100,322,180,115,1,1,1,1
288,290000000,325,345,90,60,1,1,1,1
288,340000000,495,337,60,45,1,1,1,1
288,220000000,677,337,280,65,1,1,1,1
288,210000000,898,352,55,45,1,1,1,1
289,380000000,100,322,180,115,1,1,1,1
289,290000000,325,345,90,60,1,1,1,1
289,340000000,495,337,60,45,1,1,1,1
289,220000000,677,337,280,65,1,1,1,1
289,210000000,898,352,55,45,1,1,1,1
290,380000000,100,322,180,115,1,1,1,1
290,290000000,325,345,90,60,1,1,1,1
290,340000000,495,337,60,45,1,1,1,1
290,220000000,677,337,280,65,1,1,1,1
290,210000000,898,352,55,45,1,1,1,1
291,380000000,100,322,180,115,1,1,1,1
291,290000000,325,345,90,60,1,1,1,1
291,340000000,495,337,60,45,1,1,1,1
291,220000000,677,337,280,65,1,1,1,1
291,210000000,898,352,55,45,1,1,1,1
292,380000000,100,322,180,115,1,1,1,1
292,290000000,325,345,90,60,1,1,1,1
292,340000000,495,337,60,45,1,1,1,1
292,220000000,677,337,280,65,1,1,1,1
292,210000000,898,352,55,45,1,1,1,1
293,380000000,100,322,180,115,1,1,1,1
293,290000000,325,345,90,60,1,1,1,1
293,340000000,495,337,60,45,1,1,1,1
293,220000000,677,337,280,65,1,1,1,1
293,210000000,897,352,55,45,1,1,1,1
294,380000000,100,322,180,115,1,1,1,1
294,290000000,325,345,90,60,1,1,1,1
294,340000000,495,337,60,45,1,1,1,1
294,220000000,677,337,280,65,1,1,1,1
294,210000000,897,352,55,45,1,1,1,1
295,380000000,100,322,180,115,1,1,1,1
295,290000000,325,345,90,60,1,1,1,1
295,340000000,495,337,60,45,1,1,1,1
295,220000000,677,337,280,65,1,1,1,1
295,210000000,897,352,55,45,1,1,1,1
296,380000000,100,322,180,115,1,1,1,1
296,290000000,325,345,90,60,1,1,1,1
296,340000000,495,337,60,45,1,1,1,1
296,220000000,677,337,280,65,1,1,1,1
296,210000000,897,352,55,45,1,1,1,1
297,380000000,100,322,180,115,1,1,1,1
297,290000000,325,345,90,60,1,1,1,1
297,340000000,495,337,60,45,1,1,1,1
297,220000000,677,337,280,65,1,1,1,1
297,210000000,897,352,55,45,1,1,1,1
298,380000000,100,322,180,115,1,1,1,1
298,290000000,325,345,90,60,1,1,1,1
298,340000000,495,337,60,45,1,1,1,1
298,220000000,677,337,280,65,1,1,1,1
298,210000000,897,352,55,45,1,1,1,1
299,380000000,100,322,180,115,1,1,1,1
299,290000000,325,345,90,60,1,1,1,1
299,340000000,495,337,60,45,1,1,1,1
299,220000000,677,337,280,65,1,1,1,1
299,210000000,897,352,55,45,1,1,1,1
300,380000000,100,322,180,115,1,1,1,1
300,290000000,325,345,90,60,1,1,1,1
300,340000000,495,337,60,45,1,1,1,1
300,220000000,677,337,280,65,1,1,1,1
300,210000000,897,352,55,45,1,1,1,1
301,380000000,100,322,180,115,1,1,1,1
301,290000000,325,345,90,60,1,1,1,1
301,340000000,495,337,60,45,1,1,1,1
301,220000000,677,337,280,65,1,1,1,1
301,210000000,897,352,55,45,1,1,1,1
302,380000000,100,322,180,115,1,1,1,1
302,290000000,325,345,90,60,1,1,1,1
302,340000000,495,337,60,45,1,1,1,1
302,220000000,677,337,280,65,1,1,1,1
302,210000000,897,352,55,45,1,1,1,1
303,380000000,99,322,180,115,1,1,1,1
303,290000000,324,345,90,60,1,1,1,1
303,340000000,494,337,60,45,1,1,1,1
303,220000000,676,337,280,65,1,1,1,1
303,210000000,897,352,55,45,1,1,1,1
304,380000000,99,322,180,115,1,1,1,1
304,290000000,324,345,90,60,1,1,1,1
304,340000000,494,337,60,45,1,1,1,1
304,220000000,676,337,280,65,1,1,1,1
304,210000000,897,352,55,45,1,1,1,1
305,380000000,99,322,180,115,1,1,1,1
305,290000000,324,345,90,60,1,1,1,1
305,340000000,494,337,60,45,1,1,1,1
305,220000000,676,337,280,65,1,1,1,1
305,210000000,897,352,55,45,1,1,1,1
306,380000000,99,322,180,115,1,1,1,1
306,290000000,324,345,90,60,1,1,1,1
306,340000000,494,337,60,45,1,1,1,1
306,220000000,676,337,280,65,1,1,1,1
306,210000000,897,352,55,45,1,1,1,1
307,380000000,99,322,180,115,1,1,1,1
307,290000000,324,345,90,60,1,1,1,1
307,340000000,494,337,60,45,1,1,1,1
307,220000000,676,337,280,65,1,1,1,1
307,210000000,897,352,55,45,1,1,1,1
308,380000000,99,322,180,115,1,1,1,1
308,290000000,324,345,90,60,1,1,1,1
308,340000000,494,337,60,45,1,1,1,1
308,220000000,676,337,280,65,1,1,1,1
308,210000000,897,352,55,45,1,1,1,1
309,380000000,99,322,180,115,1,1,1,1
309,290000000,324,345,90,60,1,1,1,1
309,340000000,494,337,60,45,1,1,1,1
309,220000000,676,337,280,65,1,1,1,1
309,210000000,897,352,55,45,1,1,1,1
310,380000000,99,322,180,115,1,1,1,1
310,290000000,324,345,90,60,1,1,1,1
310,340000000,494,337,60,45,1,1,1,1
310,220000000,676,337,280,65,1,1,1,1
310,210000000,897,352,55,45,1,1,1,1
311,380000000,99,322,180,115,1,1,1,1
311,290000000,324,345,90,60,1,1,1,1
311,340000000,494,337,60,45,1,1,1,1
311,220000000,676,337,280,65,1,1,1,1
311,210000000,897,352,55,45,1,1,1,1
312,380000000,99,322,180,115,1,1,1,1
312,290000000,324,345,90,60,1,1,1,1
312,340000000,494,337,60,45,1,1,1,1
312,220000000,676,337,280,65,1,1,1,1
312,210000000,897,352,55,45,1,1,1,1
313,380000000,99,322,180,115,1,1,1,1
313,290000000,324,345,90,60,1,1,1,1
313,340000000,494,337,60,45,1,1,1,1
313,220000000,676,337,280,65,1,1,1,1
313,210000000,896,352,55,45,1,1,1,1
314,380000000,99,322,180,115,1,1,1,1
314,290000000,324,345,90,60,1,1,1,1
314,340000000,494,337,60,45,1,1,1,1
314,220000000,676,337,280,65,1,1,1,1
314,210000000,896,352,55,45,1,1,1,1
315,380000000,99,322,180,115,1,1,1,1
315,290000000,324,345,90,60,1,1,1,1
315,340000000,494,337,60,45,1,1,1,1
315,220000000,676,337,280,65,1,1,1,1
315,210000000,896,352,55,45,1,1,1,1
316,380000000,99,322,180,115,1,1,1,1
316,290000000,324,345,90,60,1,1,1,1
316,340000000,494,337,60,45,1,1,1,1
316,220000000,676,337,280,65,1,1,1,1
316,210000000,896,352,55,45,1,1,1,1
317,380000000,99,322,180,115,1,1,1,1
317,290000000,324,345,90,60,1,1,1,1
317,340000000,494,337,60,45,1,1,1,1
317,220000000,676,337,280,65,1,1,1,1
317,210000000,896,352,55,45,1,1,1,1
318,380000000,98,322,180,115,1,1,1,1
318,290000000,324,345,90,60,1,1,1,1
318,340000000,494,337,60,45,1,1,1,1
318,220000000,676,337,280,65,1,1,1,1
318,210000000,896,352,55,45,1,1,1,1
319,380000000,98,322,180,115,1,1,1,1
319,290000000,324,345,90,60,1,1,1,1
319,340000000,494,337,60,45,1,1,1,1
319,220000000,676,337,280,65,1,1,1,1
319,210000000,896,352,55,45,1,1,1,1
320,380000000,98,322,180,115,1,1,1,1
320,290000000,324,345,90,60,1,1,1,1
320,340000000,494,337,60,45,1,1,1,1
320,220000000,676,337,280,65,1,1,1,1
320,210000000,896,352,55,45,1,1,1,1
321,380000000,98,322,180,115,1,1,1,1
321,290000000,324,345,90,60,1,1,1,1
321,340000000,494,337,60,45,1,1,1,1
321,220000000,676,337,280,65,1,1,1,1
321,210000000,896,352,55,45,1,1,1,1
322,380000000,98,322,180,115,1,1,1,1
322,290000000,324,345,90,60,1,1,1,1
322,340000000,494,337,60,45,1,1,1,1
322,220000000,676,337,280,65,1,1,1,1
322,210000000,896,352,55,45,1,1,1,1
323,380000000,98,322,180,115,1,1,1,1
323,290000000,324,345,90,60,1,1,1,1
323,340000000,494,337,60,45,1,1,1,1
323,220000000,676,337,280,65,1,1,1,1
323,210000000,896,352,55,45,1,1,1,1
324,380000000,98,322,180,115,1,1,1,1
324,290000000,324,345,90,60,1,1,1,1
324,340000000,494,337,60,45,1,1,1,1
324,220000000,676,337,280,65,1,1,1,1
324,210000000,896,352,55,45,1,1,1,1
325,380000000,98,322,180,115,1,1,1,1
325,290000000,324,345,90,60,1,1,1,1
325,340000000,494,337,60,45,1,1,1,1
325,220000000,676,337,280,65,1,1,1,1
325,210000000,896,352,55,45,1,1,1,1
326,380000000,98,322,180,115,1,1,1,1
326,290000000,324,345,90,60,1,1,1,1
326,340000000,494,337,60,45,1,1,1,1
326,220000000,676,337,280,65,1,1,1,1
326,210000000,896,352,55,45,1,1,1,1
327,380000000,98,322,180,115,1,1,1,1
327,290000000,324,345,90,60,1,1,1,1
327,340000000,494,337,60,45,1,1,1,1
327,220000000,676,337,280,65,1,1,1,1
327,210000000,896,352,55,45,1,1,1,1
328,380000000,98,322,180,115,1,1,1,1
328,290000000,324,345,90,60,1,1,1,1
328,340000000,494,337,60,45,1,1,1,1
328,220000000,676,337,280,65,1,1,1,1
328,210000000,896,352,55,45,1,1,1,1
329,380000000,98,322,180,115,1,1,1,1
329,290000000,324,345,90,60,1,1,1,1
329,340000000,494,337,60,45,1,1,1,1
329,220000000,676,337,280,65,1,1,1,1
329,210000000,896,352,55,45,1,1,1,1
330,380000000,98,322,180,115,1,1,1,1
330,290000000,324,345,90,60,1,1,1,1
330,340000000,494,337,60,45,1,1,1,1
330,220000000,676,337,280,65,1,1,1,1
330,210000000,896,352,55,45,1,1,1,1
331,380000000,98,322,180,115,1,1,1,1
331,290000000,324,345,90,60,1,1,1,1
331,340000000,494,337,60,45,1,1,1,1
331,220000000,676,337,280,65,1,1,1,1
331,210000000,896,352,55,45,1,1,1,1
332,380000000,98,323,180,115,1,1,1,1
332,290000000,324,345,90,60,1,1,1,1
332,340000000,494,337,60,45,1,1,1,1
332,220000000,676,337,280,65,1,1,1,1
332,210000000,896,353,55,45,1,1,1,1
333,380000000,97,323,180,115,1,1,1,1
333,290000000,323,345,90,60,1,1,1,1
333,340000000,494,337,60,45,1,1,1,1
333,220000000,676,337,280,65,1,1,1,1
333,210000000,895,353,55,45,1,1,1,1
334,380000000,97,323,180,115,1,1,1,1
334,290000000,323,345,90,60,1,1,1,1
334,340000000,494,337,60,45,1,1,1,1
334,220000000,676,337,280,65,1,1,1,1
334,210000000,895,353,55,45,1,1,1,1
335,380000000,97,323,180,115,1,1,1,1
335,290000000,323,345,90,60,1,1,1,1
335,340000000,494,337,60,45,1,1,1,1
335,220000000,676,337,280,65,1,1,1,1
335,210000000,895,353,55,45,1,1,1,1
336,380000000,97,323,180,115,1,1,1,1
336,290000000,323,345,90,60,1,1,1,1
336,340000000,494,337,60,45,1,1,1,1
336,220000000,676,337,280,65,1,1,1,1
336,210000000,895,353,55,45,1,1,1,1
337,380000000,97,323,180,115,1,1,1,1
337,290000000,323,345,90,60,1,1,1,1
337,340000000,494,337,60,45,1,1,1,1
337,220000000,676,337,280,65,1,1,1,1
337,210000000,895,353,55,45,1,1,1,1
338,380000000,97,323,180,115,1,1,1,1
338,290000000,323,345,90,60,1,1,1,1
338,340000000,494,337,60,45,1,1,1,1
338,220000000,676,337,280,65,1,1,1,1
338,210000000,895,353,55,45,1,1,1,1
339,380000000,97,323,180,115,1,1,1,1
339,290000000,323,345,90,60,1,1,1,1
339,340000000,494,337,60,45,1,1,1,1
339,220000000,676,337,280,65,1,1,1,1
339,210000000,895,353,55,45,1,1,1,1
340,380000000,97,323,180,115,1,1,1,1
340,290000000,323,345,90,60,1,1,1,1
340,340000000,494,337,60,45,1,1,1,1
340,220000000,676,337,280,65,1,1,1,1
340,210000000,895,353,55,45,1,1,1,1
341,380000000,97,323,180,115,1,1,1,1
341,290000000,323,345,90,60,1,1,1,1
341,340000000,494,337,60,45,1,1,1,1
341,220000000,676,337,280,65,1,1,1,1
341,210000000,895,353,55,45,1,1,1,1
342,380000000,97,323,180,115,1,1,1,1
342,290000000,323,345,90,60,1,1,1,1
342,340000000,494,337,60,45,1,1,1,1
342,220000000,676,337,280,65,1,1,1,1
342,210000000,895,353,55,45,1,1,1,1
343,380000000,97,323,180,115,1,1,1,1
343,290000000,323,345,90,60,1,1,1,1
343,340000000,494,337,60,45,1,1,1,1
343,220000000,676,337,280,65,1,1,1,1
343,210000000,895,353,55,45,1,1,1,1
344,380000000,97,323,180,115,1,1,1,1
344,290000000,323,345,90,60,1,1,1,1
344,340000000,494,337,60,45,1,1,1,1
344,220000000,676,337,280,65,1,1,1,1
344,210000000,895,353,55,45,1,1,1,1
345,380000000,97,323,180,115,1,1,1,1
345,290000000,323,345,90,60,1,1,1,1
345,340000000,494,337,60,45,1,1,1,1
345,220000000,676,337,280,65,1,1,1,1
345,210000000,895,353,55,45,1,1,1,1
346,380000000,97,323,180,115,1,1,1,1
346,290000000,323,345,90,60,1,1,1,1
346,340000000,494,337,60,45,1,1,1,1
346,220000000,676,337,280,65,1,1,1,1
346,210000000,895,353,55,45,1,1,1,1
347,380000000,97,323,180,115,1,1,1,1
347,290000000,323,345,90,60,1,1,1,1
347,340000000,494,337,60,45,1,1,1,1
347,220000000,676,337,280,65,1,1,1,1
347,210000000,895,353,55,45,1,1,1,1
348,380000000,96,323,180,115,1,1,1,1
348,290000000,323,345,90,60,1,1,1,1
348,340000000,494,337,60,45,1,1,1,1
348,220000000,676,337,280,65,1,1,1,1
348,210000000,895,353,55,45,1,1,1,1
349,380000000,96,323,180,115,1,1,1,1
349,290000000,323,345,90,60,1,1,1,1
349,340000000,494,337,60,45,1,1,1,1
349,220000000,676,337,280,65,1,1,1,1
349,210000000,895,353,55,45,1,1,1,1
350,380000000,96,323,180,115,1,1,1,1
350,290000000,323,345,90,60,1,1,1,1
350,340000000,494,337,60,45,1,1,1,1
350,220000000,676,337,280,65,1,1,1,1
350,210000000,895,353,55,45,1,1,1,1
351,380000000,96,323,180,115,1,1,1,1
351,290000000,323,345,90,60,1,1,1,1
351,340000000,494,337,60,45,1,1,1,1
351,220000000,676,337,280,65,1,1,1,1
351,210000000,895,353,55,45,1,1,1,1
352,380000000,96,323,180,115,1,1,1,1
352,290000000,323,345,90,60,1,1,1,1
352,340000000,494,337,60,45,1,1,1,1
352,220000000,676,337,280,65,1,1,1,1
352,210000000,895,353,55,45,1,1,1,1
353,380000000,96,323,180,115,1,1,1,1
353,290000000,323,345,90,60,1,1,1,1
353,340000000,494,337,60,45,1,1,1,1
353,220000000,676,337,280,65,1,1,1,1
353,210000000,894,353,55,45,1,1,1,1
354,380000000,96,323,180,115,1,1,1,1
354,290000000,323,345,90,60,1,1,1,1
354,340000000,494,337,60,45,1,1,1,1
354,220000000,676,337,280,65,1,1,1,1
354,210000000,894,353,55,45,1,1,1,1
355,380000000,96,323,180,115,1,1,1,1
355,290000000,323,345,90,60,1,1,1,1
355,340000000,494,337,60,45,1,1,1,1
355,220000000,676,337,280,65,1,1,1,1
355,210000000,894,353,55,45,1,1,1,1
356,380000000,96,323,180,115,1,1,1,1
356,290000000,323,345,90,60,1,1,1,1
356,340000000,494,337,60,45,1,1,1,1
356,220000000,676,337,280,65,1,1,1,1
356,210000000,894,353,55,45,1,1,1,1
357,380000000,96,323,180,115,1,1,1,1
357,290000000,323,345,90,60,1,1,1,1
357,340000000,494,337,60,45,1,1,1,1
357,220000000,676,337,280,65,1,1,1,1
357,210000000,894,353,55,45,1,1,1,1
358,380000000,96,323,180,115,1,1,1,1
358,290000000,323,345,90,60,1,1,1,1
358,340000000,494,337,60,45,1,1,1,1
358,220000000,676,337,280,65,1,1,1,1
358,210000000,894,353,55,45,1,1,1,1
359,380000000,96,323,180,115,1,1,1,1
359,290000000,323,345,90,60,1,1,1,1
359,340000000,494,337,60,45,1,1,1,1
359,220000000,676,337,280,65,1,1,1,1
359,210000000,894,353,55,45,1,1,1,1
360,380000000,96,323,180,115,1,1,1,1
360,290000000,323,345,90,60,1,1,1,1
360,340000000,494,337,60,45,1,1,1,1
360,220000000,676,337,280,65,1,1,1,1
360,210000000,894,353,55,45,1,1,1,1
361,380000000,96,323,180,115,1,1,1,1
361,290000000,323,345,90,60,1,1,1,1
361,340000000,494,337,60,45,1,1,1,1
361,220000000,676,337,280,65,1,1,1,1
361,210000000,894,353,55,45,1,1,1,1
362,380000000,96,323,180,115,1,1,1,1
362,290000000,323,345,90,60,1,1,1,1
362,340000000,494,337,60,45,1,1,1,1
362,220000000,676,337,280,65,1,1,1,1
362,210000000,894,353,55,45,1,1,1,1
363,380000000,95,323,180,115,1,1,1,1
363,290000000,322,345,90,60,1,1,1,1
363,340000000,493,337,60,45,1,1,1,1
363,220000000,676,337,280,65,1,1,1,1
363,210000000,894,353,55,45,1,1,1,1
364,380000000,95,323,180,115,1,1,1,1
364,290000000,322,345,90,60,1,1,1,1
364,340000000,493,337,60,45,1,1,1,1
364,220000000,676,337,280,65,1,1,1,1
364,210000000,894,353,55,45,1,1,1,1
365,380000000,95,323,180,115,1,1,1,1
365,290000000,322,345,90,60,1,1,1,1
365,340000000,493,337,60,45,1,1,1,1
365,220000000,676,337,280,65,1,1,1,1
365,210000000,894,353,55,45,1,1,1,1
366,380000000,95,323,180,115,1,1,1,1
366,290000000,322,345,90,60,1,1,1,1
366,340000000,493,337,60,45,1,1,1,1
366,220000000,676,337,280,65,1,1,1,1
366,210000000,894,353,55,45,1,1,1,1
367,380000000,95,323,180,115,1,1,1,1
367,290000000,322,345,90,60,1,1,1,1
367,340000000,493,337,60,45,1,1,1,1
367,220000000,676,337,280,65,1,1,1,1
367,210000000,894,353,55,45,1,1,1,1
368,380000000,95,323,180,115,1,1,1,1
368,290000000,322,345,90,60,1,1,1,1
368,340000000,493,337,60,45,1,1,1,1
368,220000000,676,337,280,65,1,1,1,1
368,210000000,894,353,55,45,1,1,1,1
369,380000000,95,323,180,115,1,1,1,1
369,290000000,322,345,90,60,1,1,1,1
369,340000000,493,337,60,45,1,1,1,1
369,220000000,676,337,280,65,1,1,1,1
369,210000000,894,353,55,45,1,1,1,1
370,380000000,95,323,180,115,1,1,1,1
370,290000000,322,345,90,60,1,1,1,1
370,340000000,493,337,60,45,1,1,1,1
370,220000000,676,337,280,65,1,1,1,1
370,210000000,894,353,55,45,1,1,1,1
371,380000000,95,323,180,115,1,1,1,1
371,290000000,322,345,90,60,1,1,1,1
371,340000000,493,337,60,45,1,1,1,1
371,220000000,676,337,280,65,1,1,1,1
371,210000000,894,353,55,45,1,1,1,1
372,380000000,95,323,180,115,1,1,1,1
372,290000000,322,345,90,60,1,1,1,1
372,340000000,493,337,60,45,1,1,1,1
372,220000000,676,337,280,65,1,1,1,1
372,210000000,894,353,55,45,1,1,1,1
373,380000000,95,323,180,115,1,1,1,1
373,290000000,322,345,90,60,1,1,1,1
373,340000000,493,337,60,45,1,1,1,1
373,220000000,676,337,280,65,1,1,1,1
373,210000000,893,353,55,45,1,1,1,1
374,380000000,95,323,180,115,1,1,1,1
374,290000000,322,345,90,60,1,1,1,1
374,340000000,493,337,60,45,1,1,1,1
374,220000000,676,337,280,65,1,1,1,1
374,210000000,893,353,55,45,1,1,1,1
375,380000000,95,323,180,115,1,1,1,1
375,290000000,322,345,90,60,1,1,1,1
375,340000000,493,337,60,45,1,1,1,1
375,220000000,676,337,280,65,1,1,1,1
375,210000000,893,353,55,45,1,1,1,1
376,380000000,95,323,180,115,1,1,1,1
376,290000000,322,345,90,60,1,1,1,1
376,340000000,493,337,60,45,1,1,1,1
376,220000000,676,337,280,65,1,1,1,1
376,210000000,893,353,55,45,1,1,1,1
377,380000000,95,323,180,115,1,1,1,1
377,290000000,322,345,90,60,1,1,1,1
377,340000000,493,337,60,45,1,1,1,1
377,220000000,676,337,280,65,1,1,1,1
377,210000000,893,353,55,45,1,1,1,1
378,380000000,94,323,180,115,1,1,1,1
378,290000000,322,345,90,60,1,1,1,1
378,340000000,493,337,60,45,1,1,1,1
378,220000000,676,337,280,65,1,1,1,1
378,210000000,893,353,55,45,1,1,1,1
379,380000000,94,323,180,115,1,1,1,1
379,290000000,322,345,90,60,1,1,1,1
379,340000000,493,337,60,45,1,1,1,1
379,220000000,676,337,280,65,1,1,1,1
379,210000000,893,353,55,45,1,1,1,1
380,380000000,94,323,180,115,1,1,1,1
380,290000000,322,345,90,60,1,1,1,1
380,340000000,493,337,60,45,1,1,1,1
380,220000000,676,337,280,65,1,1,1,1
380,210000000,893,353,55,45,1,1,1,1
381,380000000,94,323,180,115,1,1,1,1
381,290000000,322,345,90,60,1,1,1,1
381,340000000,493,337,60,45,1,1,1,1
381,220000000,676,337,280,65,1,1,1,1
381,210000000,893,353,55,45,1,1,1,1
382,380000000,94,323,180,115,1,1,1,1
382,290000000,322,345,90,60,1,1,1,1
382,340000000,493,337,60,45,1,1,1,1
382,220000000,676,337,280,65,1,1,1,1
382,210000000,893,353,55,45,1,1,1,1
383,380000000,94,323,180,115,1,1,1,1
383,290000000,322,345,90,60,1,1,1,1
383,340000000,493,337,60,45,1,1,1,1
383,220000000,676,337,280,65,1,1,1,1
383,210000000,893,353,55,45,1,1,1,1
384,380000000,94,323,180,115,1,1,1,1
384,290000000,322,345,90,60,1,1,1,1
384,340000000,493,337,60,45,1,1,1,1
384,220000000,676,337,280,65,1,1,1,1
384,210000000,893,353,55,45,1,1,1,1
385,380000000,94,323,180,115,1,1,1,1
385,290000000,322,345,90,60,1,1,1,1
385,340000000,493,337,60,45,1,1,1,1
385,220000000,676,337,280,65,1,1,1,1
385,210000000,893,353,55,45,1,1,1,1
386,380000000,94,323,180,115,1,1,1,1
386,290000000,322,345,90,60,1,1,1,1
386,340000000,493,337,60,45,1,1,1,1
386,220000000,676,337,280,65,1,1,1,1
386,210000000,893,353,55,45,1,1,1,1
387,380000000,94,323,180,115,1,1,1,1
387,290000000,322,345,90,60,1,1,1,1
387,340000000,493,337,60,45,1,1,1,1
387,220000000,676,337,280,65,1,1,1,1
387,210000000,893,353,55,45,1,1,1,1
388,380000000,94,323,180,115,1,1,1,1
388,290000000,322,345,90,60,1,1,1,1
388,340000000,493,337,60,45,1,1,1,1
388,220000000,676,337,280,65,1,1,1,1
388,210000000,893,353,55,45,1,1,1,1
389,380000000,94,323,180,115,1,1,1,1
389,290000000,322,345,90,60,1,1,1,1
389,340000000,493,337,60,45,1,1,1,1
389,220000000,676,337,280,65,1,1,1,1
389,210000000,893,353,55,45,1,1,1,1
390,380000000,94,323,180,115,1,1,1,1
390,290000000,322,345,90,60,1,1,1,1
390,340000000,493,337,60,45,1,1,1,1
390,220000000,676,337,280,65,1,1,1,1
390,210000000,893,353,55,45,1,1,1,1
391,380000000,94,323,180,115,1,1,1,1
391,290000000,322,345,90,60,1,1,1,1
391,340000000,493,337,60,45,1,1,1,1
391,220000000,676,337,280,65,1,1,1,1
391,210000000,893,353,55,45,1,1,1,1
392,380000000,94,324,180,115,1,1,1,1
392,290000000,322,345,90,60,1,1,1,1
392,340000000,493,337,60,45,1,1,1,1
392,220000000,676,337,280,65,1,1,1,1
392,210000000,893,354,55,45,1,1,1,1
393,380000000,93,324,180,115,1,1,1,1
393,290000000,321,345,90,60,1,1,1,1
393,340000000,493,337,60,45,1,1,1,1
393,220000000,676,337,280,65,1,1,1,1
393,210000000,892,354,55,45,1,1,1,1
394,380000000,93,324,180,115,1,1,1,1
394,290000000,321,345,90,60,1,1,1,1
394,340000000,493,337,60,45,1,1,1,1
394,220000000,676,337,280,65,1,1,1,1
394,210000000,892,354,55,45,1,1,1,1
395,380000000,93,324,180,115,1,1,1,1
395,290000000,321,345,90,60,1,1,1,1
395,340000000,493,337,60,45,1,1,1,1
395,220000000,676,337,280,65,1,1,1,1
395,210000000,892,354,55,45,1,1,1,1
396,380000000,93,324,180,115,1,1,1,1
396,290000000,321,345,90,60,1,1,1,1
396,340000000,493,337,60,45,1,1,1,1
396,220000000,676,337,280,65,1,1,1,1
396,210000000,892,354,55,45,1,1,1,1
397,380000000,93,324,180,115,1,1,1,1
397,290000000,321,345,90,60,1,1,1,1
397,340000000,493,337,60,45,1,1,1,1
397,220000000,676,337,280,65,1,1,1,1
397,210000000,892,354,55,45,1,1,1,1
398,380000000,93,324,180,115,1,1,1,1
398,290000000,321,345,90,60,1,1,1,1
398,340000000,493,337,60,45,1,1,1,1
398,220000000,676,337,280,65,1,1,1,1
398,210000000,892,354,55,45,1,1,1,1
399,380000000,93,324,180,115,1,1,1,1
399,290000000,321,345,90,60,1,1,1,1
399,340000000,493,337,60,45,1,1,1,1
399,220000000,676,337,280,65,1,1,1,1
399,210000000,892,354,55,45,1,1,1,1
400,380000000,93,324,180,115,1,1,1,1
400,290000000,321,345,90,60,1,1,1,1
400,340000000,493,337,60,45,1,1,1,1
400,220000000,676,337,280,65,1,1,1,1
400,210000000,892,354,55,45,1,1,1,1
401,380000000,93,324,180,115,1,1,1,1
401,290000000,321,345,90,60,1,1,1,1
401,340000000,493,337,60,45,1,1,1,1
401,220000000,676,337,280,65,1,1,1,1
401,210000000,892,354,55,45,1,1,1,1
402,380000000,93,324,180,115,1,1,1,1
402,290000000,321,345,90,60,1,1,1,1
402,340000000,493,337,60,45,1,1,1,1
402,220000000,676,337,280,65,1,1,1,1
402,210000000,892,354,55,45,1,1,1,1
403,380000000,93,324,180,115,1,1,1,1
403,290000000,321,345,90,60,1,1,1,1
403,340000000,493,337,60,45,1,1,1,1
403,220000000,675,337,280,65,1,1,1,1
403,210000000,892,354,55,45,1,1,1,1
404,380000000,93,324,180,115,1,1,1,1
404,290000000,321,345,90,60,1,1,1,1
404,340000000,493,337,60,45,1,1,1,1
404,220000000,675,337,280,65,1,1,1,1
404,210000000,892,354,55,45,1,1,1,1
405,380000000,93,324,180,115,1,1,1,1
405,290000000,321,345,90,60,1,1,1,1
405,340000000,493,337,60,45,1,1,1,1
405,220000000,675,337,280,65,1,1,1,1
405,210000000,892,354,55,45,1,1,1,1
406,380000000,93,324,180,115,1,1,1,1
406,290000000,321,345,90,60,1,1,1,1
406,340000000,493,337,60,45,1,1,1,1
406,220000000,675,337,280,65,1,1,1,1
406,210000000,892,354,55,45,1,1,1,1
407,380000000,93,324,180,115,1,1,1,1
407,290000000,321,345,90,60,1,1,1,1
407,340000000,493,337,60,45,1,1,1,1
407,220000000,675,337,280,65,1,1,1,1
407,210000000,892,354,55,45,1,1,1,1
408,380000000,92,324,180,115,1,1,1,1
408,290000000,321,345,90,60,1,1,1,1
408,340000000,493,337,60,45,1,1,1,1
408,220000000,675,337,280,65,1,1,1,1
408,210000000,892,354,55,45,1,1,1,1
409,380000000,92,324,180,115,1,1,1,1
409,290000000,321,345,90,60,1,1,1,1
409,340000000,493,337,60,45,1,1,1,1
409,220000000,675,337,280,65,1,1,1,1
409,210000000,892,354,55,45,1,1,1,1
410,380000000,92,324,180,115,1,1,1,1
410,290000000,321,345,90,60,1,1,1,1
410,340000000,493,337,60,45,1,1,1,1
410,220000000,675,337,280,65,1,1,1,1
410,210000000,892,354,55,45,1,1,1,1
411,380000000,92,324,180,115,1,1,1,1
411,290000000,321,345,90,60,1,1,1,1
411,340000000,493,337,60,45,1,1,1,1
411,220000000,675,337,280,65,1,1,1,1
411,210000000,892,354,55,45,1,1,1,1
412,380000000,92,324,180,115,1,1,1,1
412,290000000,321,345,90,60,1,1,1,1
412,340000000,493,337,60,45,1,1,1,1
412,220000000,675,337,280,65,1,1,1,1
412,210000000,892,354,55,45,1,1,1,1
413,380000000,92,324,180,115,1,1,1,1
413,290000000,321,345,90,60,1,1,1,1
413,340000000,493,337,60,45,1,1,1,1
413,220000000,675,337,280,65,1,1,1,1
413,210000000,891,354,55,45,1,1,1,1
414,380000000,92,324,180,115,1,1,1,1
414,290000000,321,345,90,60,1,1,1,1
414,340000000,493,337,60,45,1,1,1,1
414,220000000,675,337,280,65,1,1,1,1
414,210000000,891,354,55,45,1,1,1,1
415,380000000,92,324,180,115,1,1,1,1
415,290000000,321,345,90,60,1,1,1,1
415,340000000,493,337,60,45,1,1,1,1
415,220000000,675,337,280,65,1,1,1,1
415,210000000,891,354,55,45,1,1,1,1
416,380000000,92,324,180,115,1,1,1,1
416,290000000,321,345,90,60,1,1,1,1
416,340000000,493,337,60,45,1,1,1,1
416,220000000,675,337,280,65,1,1,1,1
416,210000000,891,354,55,45,1,1,1,1
417,380000000,92,324,180,115,1,1,1,1
417,290000000,321,345,90,60,1,1,1,1
417,340000000,493,337,60,45,1,1,1,1
417,220000000,675,337,280,65,1,1,1,1
417,210000000,891,354,55,45,1,1,1,1
418,380000000,92,324,180,115,1,1,1,1
418,290000000,321,345,90,60,1,1,1,1
418,340000000,493,337,60,45,1,1,1,1
418,220000000,675,337,280,65,1,1,1,1
418,210000000,891,354,55,45,1,1,1,1
419,380000000,92,324,180,115,1,1,1,1
419,290000000,321,345,90,60,1,1,1,1
419,340000000,493,337,60,45,1,1,1,1
419,220000000,675,337,280,65,1,1,1,1
419,210000000,891,354,55,45,1,1,1,1
420,380000000,92,324,180,115,1,1,1,1
420,290000000,321,345,90,60,1,1,1,1
420,340000000,493,337,60,45,1,1,1,1
420,220000000,675,337,280,65,1,1,1,1
420,210000000,891,354,55,45,1,1,1,1
421,380000000,92,324,180,115,1,1,1,1
421,290000000,321,345,90,60,1,1,1,1
421,340000000,493,337,60,45,1,1,1,1
421,220000000,675,337,280,65,1,1,1,1
421,210000000,891,354,55,45,1,1,1,1
422,380000000,92,324,180,115,1,1,1,1
422,290000000,321,345,90,60,1,1,1,1
422,340000000,493,337,60,45,1,1,1,1
422,220000000,675,337,280,65,1,1,1,1
422,210000000,891,354,55,45,1,1,1,1
423,380000000,91,324,180,115,1,1,1,1
423,290000000,320,345,90,60,1,1,1,1
423,340000000,492,337,60,45,1,1,1,1
423,220000000,675,337,280,65,1,1,1,1
423,210000000,891,354,55,45,1,1,1,1
424,380000000,91,324,180,115,1,1,1,1
424,290000000,320,345,90,60,1,1,1,1
424,340000000,492,337,60,45,1,1,1,1
424,220000000,675,337,280,65,1,1,1,1
424,210000000,891,354,55,45,1,1,1,1
425,380000000,91,324,180,115,1,1,1,1
425,290000000,320,345,90,60,1,1,1,1
425,340000000,492,337,60,45,1,1,1,1
425,220000000,675,337,280,65,1,1,1,1
425,210000000,891,354,55,45,1,1,1,1
426,380000000,91,324,180,115,1,1,1,1
426,290000000,320,345,90,60,1,1,1,1
426,340000000,492,337,60,45,1,1,1,1
426,220000000,675,337,280,65,1,1,1,1
426,210000000,891,354,55,45,1,1,1,1
427,380000000,91,324,180,115,1,1,1,1
427,290000000,320,345,90,60,1,1,1,1
427,340000000,492,337,60,45,1,1,1,1
427,220000000,675,337,280,65,1,1,1,1
427,210000000,891,354,55,45,1,1,1,1
428,380000000,91,324,180,115,1,1,1,1
428,290000000,320,345,90,60,1,1,1,1
428,340000000,492,337,60,45,1,1,1,1
428,220000000,675,337,280,65,1,1,1,1
428,210000000,891,354,55,45,1,1,1,1
429,380000000,91,324,180,115,1,1,1,1
429,290000000,320,345,90,60,1,1,1,1
429,340000000,492,337,60,45,1,1,1,1
429,220000000,675,337,280,65,1,1,1,1
429,210000000,891,354,55,45,1,1,1,1
430,380000000,91,324,180,115,1,1,1,1
430,290000000,320,345,90,60,1,1,1,1
430,340000000,492,337,60,45,1,1,1,1
430,220000000,675,337,280,65,1,1,1,1
430,210000000,891,354,55,45,1,1,1,1
431,380000000,91,324,180,115,1,1,1,1
431,290000000,320,345,90,60,1,1,1,1
431,340000000,492,337,60,45,1,1,1,1
431,220000000,675,337,280,65,1,1,1,1
431,210000000,891,354,55,45,1,1,1,1
432,380000000,91,324,180,115,1,1,1,1
432,290000000,320,345,90,60,1,1,1,1
432,340000000,492,337,60,45,1,1,1,1
432,220000000,675,337,280,65,1,1,1,1
432,210000000,891,354,55,45,1,1,1,1
433,380000000,91,324,180,115,1,1,1,1
433,290000000,320,345,90,60,1,1,1,1
433,340000000,492,337,60,45,1,1,1,1
433,220000000,675,337,280,65,1,1,1,1
433,210000000,890,354,55,45,1,1,1,1
434,380000000,91,324,180,115,1,1,1,1
434,290000000,320,345,90,60,1,1,1,1
434,340000000,492,337,60,45,1,1,1,1
434,220000000,675,337,280,65,1,1,1,1
434,210000000,890,354,55,45,1,1,1,1
435,380000000,91,324,180,115,1,1,1,1
435,290000000,320,345,90,60,1,1,1,1
435,340000000,492,337,60,45,1,1,1,1
435,220000000,675,337,280,65,1,1,1,1
435,210000000,890,354,55,45,1,1,1,1
436,380000000,91,324,180,115,1,1,1,1
436,290000000,320,345,90,60,1,1,1,1
436,340000000,492,337,60,45,1,1,1,1
436,220000000,675,337,280,65,1,1,1,1
436,210000000,890,354,55,45,1,1,1,1
437,380000000,91,324,180,115,1,1,1,1
437,290000000,320,345,90,60,1,1,1,1
437,340000000,492,337,60,45,1,1,1,1
437,220000000,675,337,280,65,1,1,1,1
437,210000000,890,354,55,45,1,1,1,1
438,380000000,90,324,180,115,1,1,1,1
438,290000000,320,345,90,60,1,1,1,1
438,340000000,492,337,60,45,1,1,1,1
438,220000000,675,337,280,65,1,1,1,1
438,210000000,890,354,55,45,1,1,1,1
439,380000000,90,324,180,115,1,1,1,1
439,290000000,320,345,90,60,1,1,1,1
439,340000000,492,337,60,45,1,1,1,1
439,220000000,675,337,280,65,1,1,1,1
439,210000000,890,354,55,45,1,1,1,1
440,380000000,90,324,180,115,1,1,1,1
440,290000000,320,345,90,60,1,1,1,1
440,340000000,492,337,60,45,1,1,1,1
440,220000000,675,337,280,65,1,1,1,1
440,210000000,890,354,55,45,1,1,1,1
441,380000000,90,324,180,115,1,1,1,1
441,290000000,320,345,90,60,1,1,1,1
441,340000000,492,337,60,45,1,1,1,1
441,220000000,675,337,280,65,1,1,1,1
441,210000000,890,354,55,45,1,1,1,1
442,380000000,90,324,180,115,1,1,1,1
442,290000000,320,345,90,60,1,1,1,1
442,340000000,492,337,60,45,1,1,1,1
442,220000000,675,337,280,65,1,1,1,1
442,210000000,890,354,55,45,1,1,1,1
443,380000000,90,324,180,115,1,1,1,1
443,290000000,320,345,90,60,1,1,1,1
443,340000000,492,337,60,45,1,1,1,1
443,220000000,675,337,280,65,1,1,1,1
443,210000000,890,354,55,45,1,1,1,1
444,380000000,90,324,180,115,1,1,1,1
444,290000000,320,345,90,60,1,1,1,1
444,340000000,492,337,60,45,1,1,1,1
444,220000000,675,337,280,65,1,1,1,1
444,210000000,890,354,55,45,1,1,1,1
445,380000000,90,324,180,115,1,1,1,1
445,290000000,320,345,90,60,1,1,1,1
445,340000000,492,337,60,45,1,1,1,1
445,220000000,675,337,280,65,1,1,1,1
445,210000000,890,354,55,45,1,1,1,1
446,380000000,90,324,180,115,1,1,1,1
446,290000000,320,345,90,60,1,1,1,1
446,340000000,492,337,60,45,1,1,1,1
446,220000000,675,337,280,65,1,1,1,1
446,210000000,890,354,55,45,1,1,1,1
447,380000000,90,324,180,115,1,1,1,1
447,290000000,320,345,90,60,1,1,1,1
447,340000000,492,337,60,45,1,1,1,1
447,220000000,675,337,280,65,1,1,1,1
447,210000000,890,354,55,45,1,1,1,1
448,380000000,90,324,180,115,1,1,1,1
448,290000000,320,345,90,60,1,1,1,1
448,340000000,492,337,60,45,1,1,1,1
448,220000000,675,337,280,65,1,1,1,1
448,210000000,890,354,55,45,1,1,1,1
449,380000000,90,324,180,115,1,1,1,1
449,290000000,320,345,90,60,1,1,1,1
449,340000000,492,337,60,45,1,1,1,1
449,220000000,675,337,280,65,1,1,1,1
449,210000000,890,354,55,45,1,1,1,1
450,380000000,90,324,180,115,1,1,1,1
450,290000000,320,345,90,60,1,1,1,1
450,340000000,492,337,60,45,1,1,1,1
450,220000000,675,337,280,65,1,1,1,1
450,210000000,890,354,55,45,1,1,1,1
451,380000000,90,324,180,115,1,1,1,1
451,290000000,320,345,90,60,1,1,1,1
451,340000000,492,337,60,45,1,1,1,1
451,220000000,675,337,280,65,1,1,1,1
451,210000000,890,354,55,45,1,1,1,1
452,380000000,90,325,180,115,1,1,1,1
452,290000000,320,345,90,60,1,1,1,1
452,340000000,492,337,60,45,1,1,1,1
452,220000000,675,337,280,65,1,1,1,1
452,210000000,890,355,55,45,1,1,1,1
453,380000000,89,325,180,115,1,1,1,1
453,290000000,319,345,90,60,1,1,1,1
453,340000000,492,337,60,45,1,1,1,1
453,220000000,675,337,280,65,1,1,1,1
453,210000000,889,355,55,45,1,1,1,1
454,380000000,89,325,180,115,1,1,1,1
454,290000000,319,345,90,60,1,1,1,1
454,340000000,492,337,60,45,1,1,1,1
454,220000000,675,337,280,65,1,1,1,1
454,210000000,889,355,55,45,1,1,1,1
455,380000000,89,325,180,115,1,1,1,1
455,290000000,319,345,90,60,1,1,1,1
455,340000000,492,337,60,45,1,1,1,1
455,220000000,675,337,280,65,1,1,1,1
455,210000000,889,355,55,45,1,1,1,1
456,380000000,89,325,180,115,1,1,1,1
456,290000000,319,345,90,60,1,1,1,1
456,340000000,492,337,60,45,1,1,1,1
456,220000000,675,337,280,65,1,1,1,1
456,210000000,889,355,55,45,1,1,1,1
457,380000000,89,325,180,115,1,1,1,1
457,290000000,319,345,90,60,1,1,1,1
457,340000000,492,337,60,45,1,1,1,1
457,220000000,675,337,280,65,1,1,1,1
457,210000000,889,355,55,45,1,1,1,1
458,380000000,89,325,180,115,1,1,1,1
458,290000000,319,345,90,60,1,1,1,1
458,340000000,492,337,60,45,1,1,1,1
458,220000000,675,337,280,65,1,1,1,1
458,210000000,889,355,55,45,1,1,1,1
459,380000000,89,325,180,115,1,1,1,1
459,290000000,319,345,90,60,1,1,1,1
459,340000000,492,337,60,45,1,1,1,1
459,220000000,675,337,280,65,1,1,1,1
459,210000000,889,355,55,45,1,1,1,1
460,380000000,89,325,180,115,1,1,1,1
460,290000000,319,345,90,60,1,1,1,1
460,340000000,492,337,60,45,1,1,1,1
460,220000000,675,337,280,65,1,1,1,1
460,210000000,889,355,55,45,1,1,1,1
461,380000000,89,325,180,115,1,1,1,1
461,290000000,319,345,90,60,1,1,1,1
461,340000000,492,337,60,45,1,1,1,1
461,220000000,675,337,280,65,1,1,1,1
461,210000000,889,355,55,45,1,1,1,1
462,380000000,89,325,180,115,1,1,1,1
462,290000000,319,345,90,60,1,1,1,1
462,340000000,492,337,60,45,1,1,1,1
462,220000000,675,337,280,65,1,1,1,1
462,210000000,889,355,55,45,1,1,1,1
463,380000000,89,325,180,115,1,1,1,1
463,290000000,319,345,90,60,1,1,1,1
463,340000000,492,337,60,45,1,1,1,1
463,220000000,675,337,280,65,1,1,1,1
463,210000000,889,355,55,45,1,1,1,1
464,380000000,89,325,180,115,1,1,1,1
464,290000000,319,345,90,60,1,1,1,1
464,340000000,492,337,60,45,1,1,1,1
464,220000000,675,337,280,65,1,1,1,1
464,210000000,889,355,55,45,1,1,1,1
465,380000000,89,325,180,115,1,1,1,1
465,290000000,319,345,90,60,1,1,1,1
465,340000000,492,337,60,45,1,1,1,1
465,220000000,675,337,280,65,1,1,1,1
465,210000000,889,355,55,45,1,1,1,1
466,380000000,89,325,180,115,1,1,1,1
466,290000000,319,345,90,60,1,1,1,1
466,340000000,492,337,60,45,1,1,1,1
466,220000000,675,337,280,65,1,1,1,1
466,210000000,889,355,55,45,1,1,1,1
467,380000000,89,325,180,115,1,1,1,1
467,290000000,319,345,90,60,1,1,1,1
467,340000000,492,337,60,45,1,1,1,1
467,220000000,675,337,280,65,1,1,1,1
467,210000000,889,355,55,45,1,1,1,1
468,380000000,88,325,180,115,1,1,1,1
468,290000000,319,345,90,60,1,1,1,1
468,340000000,492,337,60,45,1,1,1,1
468,220000000,675,337,280,65,1,1,1,1
468,210000000,889,355,55,45,1,1,1,1
469,380000000,88,325,180,115,1,1,1,1
469,290000000,319,345,90,60,1,1,1,1
469,340000000,492,337,60,45,1,1,1,1
469,220000000,675,337,280,65,1,1,1,1
469,210000000,889,355,55,45,1,1,1,1
470,380000000,88,325,180,115,1,1,1,1
470,290000000,319,345,90,60,1,1,1,1
470,340000000,492,337,60,45,1,1,1,1
470,220000000,675,337,280,65,1,1,1,1
470,210000000,889,355,55,45,1,1,1,1
471,380000000,88,325,180,115,1,1,1,1
471,290000000,319,345,90,60,1,1,1,1
471,340000000,492,337,60,45,1,1,1,1
471,220000000,675,337,280,65,1,1,1,1
471,210000000,889,355,55,45,1,1,1,1
472,380000000,88,325,180,115,1,1,1,1
472,290000000,319,345,90,60,1,1,1,1
472,340000000,492,337,60,45,1,1,1,1
472,220000000,675,337,280,65,1,1,1,1
472,210000000,889,355,55,45,1,1,1,1
473,380000000,88,325,180,115,1,1,1,1
473,290000000,319,345,90,60,1,1,1,1
473,340000000,492,337,60,45,1,1,1,1
473,220000000,675,337,280,65,1,1,1,1
473,210000000,888,355,55,45,1,1,1,1
474,380000000,88,325,180,115,1,1,1,1
474,290000000,319,345,90,60,1,1,1,1
474,340000000,492,337,60,45,1,1,1,1
474,220000000,675,337,280,65,1,1,1,1
474,210000000,888,355,55,45,1,1,1,1
475,380000000,88,325,180,115,1,1,1,1
475,290000000,319,345,90,60,1,1,1,1
475,340000000,492,337,60,45,1,1,1,1
475,220000000,675,337,280,65,1,1,1,1
475,210000000,888,355,55,45,1,1,1,1
476,380000000,88,325,180,115,1,1,1,1
476,290000000,319,345,90,60,1,1,1,1
476,340000000,492,337,60,45,1,1,1,1
476,220000000,675,337,280,65,1,1,1,1
476,210000000,888,355,55,45,1,1,1,1
477,380000000,88,325,180,115,1,1,1,1
477,290000000,319,345,90,60,1,1,1,1
477,340000000,492,337,60,45,1,1,1,1
477,220000000,675,337,280,65,1,1,1,1
477,210000000,888,355,55,45,1,1,1,1
478,380000000,88,325,180,115,1,1,1,1
478,290000000,319,345,90,60,1,1,1,1
478,340000000,492,337,60,45,1,1,1,1
478,220000000,675,337,280,65,1,1,1,1
478,210000000,888,355,55,45,1,1,1,1
479,380000000,88,325,180,115,1,1,1,1
479,290000000,319,345,90,60,1,1,1,1
479,340000000,492,337,60,45,1,1,1,1
479,220000000,675,337,280,65,1,1,1,1
479,210000000,888,355,55,45,1,1,1,1
480,380000000,88,325,180,115,1,1,1,1
480,290000000,319,345,90,60,1,1,1,1
480,340000000,492,337,60,45,1,1,1,1
480,220000000,675,337,280,65,1,1,1,1
480,210000000,888,355,55,45,1,1,1,1
481,380000000,88,325,180,115,1,1,1,1
481,290000000,319,345,90,60,1,1,1,1
481,340000000,492,337,60,45,1,1,1,1
481,220000000,675,337,280,65,1,1,1,1
481,210000000,888,355,55,45,1,1,1,1
482,380000000,88,325,180,115,1,1,1,1
482,290000000,319,345,90,60,1,1,1,1
482,340000000,492,337,60,45,1,1,1,1
482,220000000,675,337,280,65,1,1,1,1
482,210000000,888,355,55,45,1,1,1,1
483,380000000,87,325,180,115,1,1,1,1
483,290000000,318,345,90,60,1,1,1,1
483,340000000,491,337,60,45,1,1,1,1
483,220000000,675,337,280,65,1,1,1,1
483,210000000,888,355,55,45,1,1,1,1
484,380000000,87,325,180,115,1,1,1,1
484,290000000,318,345,90,60,1,1,1,1
484,340000000,491,337,60,45,1,1,1,1
484,220000000,675,337,280,65,1,1,1,1
484,210000000,888,355,55,45,1,1,1,1
485,380000000,87,325,180,115,1,1,1,1
485,290000000,318,345,90,60,1,1,1,1
485,340000000,491,337,60,45,1,1,1,1
485,220000000,675,337,280,65,1,1,1,1
485,210000000,888,355,55,45,1,1,1,1
486,380000000,87,325,180,115,1,1,1,1
486,290000000,318,345,90,60,1,1,1,1
486,340000000,491,337,60,45,1,1,1,1
486,220000000,675,337,280,65,1,1,1,1
486,210000000,888,355,55,45,1,1,1,1
487,380000000,87,325,180,115,1,1,1,1
487,290000000,318,345,90,60,1,1,1,1
487,340000000,491,337,60,45,1,1,1,1
487,220000000,675,337,280,65,1,1,1,1
487,210000000,888,355,55,45,1,1,1,1
488,380000000,87,325,180,115,1,1,1,1
488,290000000,318,345,90,60,1,1,1,1
488,340000000,491,337,60,45,1,1,1,1
488,220000000,675,337,280,65,1,1,1,1
488,210000000,888,355,55,45,1,1,1,1
489,380000000,87,325,180,115,1,1,1,1
489,290000000,318,345,90,60,1,1,1,1
489,340000000,491,337,60,45,1,1,1,1
489,220000000,675,337,280,65,1,1,1,1
489,210000000,888,355,55,45,1,1,1,1
490,380000000,87,325,180,115,1,1,1,1
490,290000000,318,345,90,60,1,1,1,1
490,340000000,491,337,60,45,1,1,1,1
490,220000000,675,337,280,65,1,1,1,1
490,210000000,888,355,55,45,1,1,1,1
491,380000000,87,325,180,115,1,1,1,1
491,290000000,318,345,90,60,1,1,1,1
491,340000000,491,337,60,45,1,1,1,1
491,220000000,675,337,280,65,1,1,1,1
491,210000000,888,355,55,45,1,1,1,1
492,380000000,87,325,180,115,1,1,1,1
492,290000000,318,345,90,60,1,1,1,1
492,340000000,491,337,60,45,1,1,1,1
492,220000000,675,337,280,65,1,1,1,1
492,210000000,888,355,55,45,1,1,1,1
493,380000000,87,325,180,115,1,1,1,1
493,290000000,318,345,90,60,1,1,1,1
493,340000000,491,337,60,45,1,1,1,1
493,220000000,675,337,280,65,1,1,1,1
493,210000000,887,355,55,45,1,1,1,1
494,380000000,87,325,180,115,1,1,1,1
494,290000000,318,345,90,60,1,1,1,1
494,340000000,491,337,60,45,1,1,1,1
494,220000000,675,337,280,65,1,1,1,1
494,210000000,887,355,55,45,1,1,1,1
495,380000000,87,325,180,115,1,1,1,1
495,290000000,318,345,90,60,1,1,1,1
495,340000000,491,337,60,45,1,1,1,1
495,220000000,675,337,280,65,1,1,1,1
495,210000000,887,355,55,45,1,1,1,1
496,380000000,87,325,180,115,1,1,1,1
496,290000000,318,345,90,60,1,1,1,1
496,340000000,491,337,60,45,1,1,1,1
496,220000000,675,337,280,65,1,1,1,1
496,210000000,887,355,55,45,1,1,1,1
497,380000000,87,325,180,115,1,1,1,1
497,290000000,318,345,90,60,1,1,1,1
497,340000000,491,337,60,45,1,1,1,1
497,220000000,675,337,280,65,1,1,1,1
497,210000000,887,355,55,45,1,1,1,1
498,380000000,86,325,180,115,1,1,1,1
498,290000000,318,345,90,60,1,1,1,1
498,340000000,491,337,60,45,1,1,1,1
498,220000000,675,337,280,65,1,1,1,1
498,210000000,887,355,55,45,1,1,1,1
499,380000000,86,325,180,115,1,1,1,1
499,290000000,318,345,90,60,1,1,1,1
499,340000000,491,337,60,45,1,1,1,1
499,220000000,675,337,280,65,1,1,1,1
499,210000000,887,355,55,45,1,1,1,1
500,380000000,86,325,180,115,1,1,1,1
500,290000000,318,345,90,60,1,1,1,1
500,340000000,491,337,60,45,1,1,1,1
500,220000000,675,337,280,65,1,1,1,1
500,210000000,887,355,55,45,1,1,1,1
501,380000000,86,325,180,115,1,1,1,1
501,290000000,318,345,90,60,1,1,1,1
501,340000000,491,337,60,45,1,1,1,1
501,220000000,675,337,280,65,1,1,1,1
501,210000000,887,355,55,45,1,1,1,1
502,380000000,86,325,180,115,1,1,1,1
502,290000000,318,345,90,60,1,1,1,1
502,340000000,491,337,60,45,1,1,1,1
502,220000000,675,337,280,65,1,1,1,1
502,210000000,887,355,55,45,1,1,1,1
503,380000000,86,325,180,115,1,1,1,1
503,290000000,318,345,90,60,1,1,1,1
503,340000000,491,337,60,45,1,1,1,1
503,220000000,674,337,280,65,1,1,1,1
503,210000000,887,355,55,45,1,1,1,1
504,380000000,86,325,180,115,1,1,1,1
504,290000000,318,345,90,60,1,1,1,1
504,340000000,491,337,60,45,1,1,1,1
504,220000000,674,337,280,65,1,1,1,1
504,210000000,887,355,55,45,1,1,1,1
505,380000000,86,325,180,115,1,1,1,1
505,290000000,318,345,90,60,1,1,1,1
505,340000000,491,337,60,45,1,1,1,1
505,220000000,674,337,280,65,1,1,1,1
505,210000000,887,355,55,45,1,1,1,1
506,380000000,86,325,180,115,1,1,1,1
506,290000000,318,345,90,60,1,1,1,1
506,340000000,491,337,60,45,1,1,1,1
506,220000000,674,337,280,65,1,1,1,1
506,210000000,887,355,55,45,1,1,1,1
507,380000000,86,325,180,115,1,1,1,1
507,290000000,318,345,90,60,1,1,1,1
507,340000000,491,337,60,45,1,1,1,1
507,220000000,674,337,280,65,1,1,1,1
507,210000000,887,355,55,45,1,1,1,1
508,380000000,86,325,180,115,1,1,1,1
508,290000000,318,345,90,60,1,1,1,1
508,340000000,491,337,60,45,1,1,1,1
508,220000000,674,337,280,65,1,1,1,1
508,210000000,887,355,55,45,1,1,1,1
509,380000000,86,325,180,115,1,1,1,1
509,290000000,318,345,90,60,1,1,1,1
509,340000000,491,337,60,45,1,1,1,1
509,220000000,674,337,280,65,1,1,1,1
509,210000000,887,355,55,45,1,1,1,1
510,380000000,86,325,180,115,1,1,1,1
510,290000000,318,345,90,60,1,1,1,1
510,340000000,491,337,60,45,1,1,1,1
510,220000000,674,337,280,65,1,1,1,1
510,210000000,887,355,55,45,1,1,1,1
511,380000000,86,325,180,115,1,1,1,1
511,290000000,318,345,90,60,1,1,1,1
511,340000000,491,337,60,45,1,1,1,1
511,220000000,674,337,280,65,1,1,1,1
511,210000000,887,355,55,45,1,1,1,1
512,380000000,86,326,180,115,1,1,1,1
512,290000000,318,345,90,60,1,1,1,1
512,340000000,491,337,60,45,1,1,1,1
512,220000000,674,337,280,65,1,1,1,1
512,210000000,887,356,55,45,1,1,1,1
513,380000000,85,326,180,115,1,1,1,1
513,290000000,317,345,90,60,1,1,1,1
513,340000000,491,337,60,45,1,1,1,1
513,220000000,674,337,280,65,1,1,1,1
513,210000000,886,356,55,45,1,1,1,1
514,380000000,85,326,180,115,1,1,1,1
514,290000000,317,345,90,60,1,1,1,1
514,340000000,491,337,60,45,1,1,1,1
514,220000000,674,337,280,65,1,1,1,1
514,210000000,886,356,55,45,1,1,1,1
515,380000000,85,326,180,115,1,1,1,1
515,290000000,317,345,90,60,1,1,1,1
515,340000000,491,337,60,45,1,1,1,1
515,220000000,674,337,280,65,1,1,1,1
515,210000000,886,356,55,45,1,1,1,1
516,380000000,85,326,180,115,1,1,1,1
516,290000000,317,345,90,60,1,1,1,1
516,340000000,491,337,60,45,1,1,1,1
516,220000000,674,337,280,65,1,1,1,1
516,210000000,886,356,55,45,1,1,1,1
517,380000000,85,326,180,115,1,1,1,1
517,290000000,317,345,90,60,1,1,1,1
517,340000000,491,337,60,45,1,1,1,1
517,220000000,674,337,280,65,1,1,1,1
517,210000000,886,356,55,45,1,1,1,1
518,380000000,85,326,180,115,1,1,1,1
518,290000000,317,345,90,60,1,1,1,1
518,340000000,491,337,60,45,1,1,1,1
518,220000000,674,337,280,65,1,1,1,1
518,210000000,886,356,55,45,1,1,1,1
519,380000000,85,326,180,115,1,1,1,1
519,290000000,317,345,90,60,1,1,1,1
519,340000000,491,337,60,45,1,1,1,1
519,220000000,674,337,280,65,1,1,1,1
519,210000000,886,356,55,45,1,1,1,1
520,380000000,85,326,180,115,1,1,1,1
520,290000000,317,345,90,60,1,1,1,1
520,340000000,491,337,60,45,1,1,1,1
520,220000000,674,337,280,65,1,1,1,1
520,210000000,886,356,55,45,1,1,1,1
521,380000000,85,326,180,115,1,1,1,1
521,290000000,317,345,90,60,1,1,1,1
521,340000000,491,337,60,45,1,1,1,1
521,220000000,674,337,280,65,1,1,1,1
521,210000000,886,356,55,45,1,1,1,1
522,380000000,85,326,180,115,1,1,1,1
522,290000000,317,345,90,60,1,1,1,1
522,340000000,491,337,60,45,1,1,1,1
522,220000000,674,337,280,65,1,1,1,1
522,210000000,886,356,55,45,1,1,1,1
523,380000000,85,326,180,115,1,1,1,1
523,290000000,317,345,90,60,1,1,1,1
523,340000000,491,337,60,45,1,1,1,1
523,220000000,674,337,280,65,1,1,1,1
523,210000000,886,356,55,45,1,1,1,1
524,380000000,85,326,180,115,1,1,1,1
524,290000000,317,345,90,60,1,1,1,1
524,340000000,491,337,60,45,1,1,1,1
524,220000000,674,337,280,65,1,1,1,1
524,210000000,886,356,55,45,1,1,1,1
525,380000000,85,326,180,115,1,1,1,1
525,290000000,317,345,90,60,1,1,1,1
525,340000000,491,337,60,45,1,1,1,1
525,220000000,674,337,280,65,1,1,1,1
525,210000000,886,356,55,45,1,1,1,1
526,380000000,85,326,180,115,1,1,1,1
526,290000000,317,345,90,60,1,1,1,1
526,340000000,491,337,60,45,1,1,1,1
526,220000000,674,337,280,65,1,1,1,1
526,210000000,886,356,55,45,1,1,1,1
527,380000000,85,326,180,115,1,1,1,1
527,290000000,317,345,90,60,1,1,1,1
527,340000000,491,337,60,45,1,1,1,1
527,220000000,674,337,280,65,1,1,1,1
527,210000000,886,356,55,45,1,1,1,1
528,380000000,84,326,180,115,1,1,1,1
528,290000000,317,345,90,60,1,1,1,1
528,340000000,491,337,60,45,1,1,1,1
528,220000000,674,337,280,65,1,1,1,1
528,210000000,886,356,55,45,1,1,1,1
529,380000000,84,326,180,115,1,1,1,1
529,290000000,317,345,90,60,1,1,1,1
529,340000000,491,337,60,45,1,1,1,1
529,220000000,674,337,280,65,1,1,1,1
529,210000000,886,356,55,45,1,1,1,1
530,380000000,84,326,180,115,1,1,1,1
530,290000000,317,345,90,60,1,1,1,1
530,340000000,491,337,60,45,1,1,1,1
530,220000000,674,337,280,65,1,1,1,1
530,210000000,886,356,55,45,1,1,1,1
531,380000000,84,326,180,115,1,1,1,1
531,290000000,317,345,90,60,1,1,1,1
531,340000000,491,337,60,45,1,1,1,1
531,220000000,674,337,280,65,1,1,1,1
531,210000000,886,356,55,45,1,1,1,1
532,380000000,84,326,180,115,1,1,1,1
532,290000000,317,345,90,60,1,1,1,1
532,340000000,491,337,60,45,1,1,1,1
532,220000000,674,337,280,65,1,1,1,1
532,210000000,886,356,55,45,1,1,1,1
533,380000000,84,326,180,115,1,1,1,1
533,290000000,317,345,90,60,1,1,1,1
533,340000000,491,337,60,45,1,1,1,1
533,220000000,674,337,280,65,1,1,1,1
533,210000000,885,356,55,45,1,1,1,1
534,380000000,84,326,180,115,1,1,1,1
534,290000000,317,345,90,60,1,1,1,1
534,340000000,491,337,60,45,1,1,1,1
534,220000000,674,337,280,65,1,1,1,1
534,210000000,885,356,55,45,1,1,1,1
535,380000000,84,326,180,115,1,1,1,1
535,290000000,317,345,90,60,1,1,1,1
535,340000000,491,337,60,45,1,1,1,1
535,220000000,674,337,280,65,1,1,1,1
535,210000000,885,356,55,45,1,1,1,1
536,380000000,84,326,180,115,1,1,1,1
536,290000000,317,345,90,60,1,1,1,1
536,340000000,491,337,60,45,1,1,1,1
536,220000000,674,337,280,65,1,1,1,1
536,210000000,885,356,55,45,1,1,1,1
537,380000000,84,326,180,115,1,1,1,1
537,290000000,317,345,90,60,1,1,1,1
537,340000000,491,337,60,45,1,1,1,1
537,220000000,674,337,280,65,1,1,1,1
537,210000000,885,356,55,45,1,1,1,1
538,380000000,84,326,180,115,1,1,1,1
538,290000000,317,345,90,60,1,1,1,1
538,340000000,491,337,60,45,1,1,1,1
538,220000000,674,337,280,65,1,1,1,1
538,210000000,885,356,55,45,1,1,1,1
539,380000000,84,326,180,115,1,1,1,1
539,290000000,317,345,90,60,1,1,1,1
539,340000000,491,337,60,45,1,1,1,1
539,220000000,674,337,280,65,1,1,1,1
539,210000000,885,356,55,45,1,1,1,1
540,380000000,84,326,180,115,1,1,1,1
540,290000000,317,345,90,60,1,1,1,1
540,340000000,491,337,60,45,1,1,1,1
540,220000000,674,337,280,65,1,1,1,1
540,210000000,885,356,55,45,1,1,1,1
541,380000000,84,326,180,115,1,1,1,1
541,290000000,317,345,90,60,1,1,1,1
541,340000000,491,337,60,45,1,1,1,1
541,220000000,674,337,280,65,1,1,1,1
541,210000000,885,356,55,45,1,1,1,1
542,380000000,84,326,180,115,1,1,1,1
542,290000000,317,345,90,60,1,1,1,1
542,340000000,491,337,60,45,1,1,1,1
542,220000000,674,337,280,65,1,1,1,1
542,210000000,885,356,55,45,1,1,1,1
543,380000000,83,326,180,115,1,1,1,1
543,290000000,316,345,90,60,1,1,1,1
543,340000000,490,337,60,45,1,1,1,1
543,220000000,674,337,280,65,1,1,1,1
543,210000000,885,356,55,45,1,1,1,1
544,380000000,83,326,180,115,1,1,1,1
544,290000000,316,345,90,60,1,1,1,1
544,340000000,490,337,60,45,1,1,1,1
544,220000000,674,337,280,65,1,1,1,1
544,210000000,885,356,55,45,1,1,1,1
545,380000000,83,326,180,115,1,1,1,1
545,290000000,316,345,90,60,1,1,1,1
545,340000000,490,337,60,45,1,1,1,1
545,220000000,674,337,280,65,1,1,1,1
545,210000000,885,356,55,45,1,1,1,1
546,380000000,83,326,180,115,1,1,1,1
546,290000000,316,345,90,60,1,1,1,1
546,340000000,490,337,60,45,1,1,1,1
546,220000000,674,337,280,65,1,1,1,1
546,210000000,885,356,55,45,1,1,1,1
547,380000000,83,326,180,115,1,1,1,1
547,290000000,316,345,90,60,1,1,1,1
547,340000000,490,337,60,45,1,1,1,1
547,220000000,674,337,280,65,1,1,1,1
547,210000000,885,356,55,45,1,1,1,1
548,380000000,83,326,180,115,1,1,1,1
548,290000000,316,345,90,60,1,1,1,1
548,340000000,490,337,60,45,1,1,1,1
548,220000000,674,337,280,65,1,1,1,1
548,210000000,885,356,55,45,1,1,1,1
549,380000000,83,326,180,115,1,1,1,1
549,290000000,316,345,90,60,1,1,1,1
549,340000000,490,337,60,45,1,1,1,1
549,220000000,674,337,280,65,1,1,1,1
549,210000000,885,356,55,45,1,1,1,1
550,380000000,83,326,180,115,1,1,1,1
550,290000000,316,345,90,60,1,1,1,1
550,340000000,490,337,60,45,1,1,1,1
550,220000000,674,337,280,65,1,1,1,1
550,210000000,885,356,55,45,1,1,1,1
551,380000000,83,326,180,115,1,1,1,1
551,290000000,316,345,90,60,1,1,1,1
551,340000000,490,337,60,45,1,1,1,1
551,220000000,674,337,280,65,1,1,1,1
551,210000000,885,356,55,45,1,1,1,1
552,380000000,83,326,180,115,1,1,1,1
552,290000000,316,345,90,60,1,1,1,1
552,340000000,490,337,60,45,1,1,1,1
552,220000000,674,337,280,65,1,1,1,1
552,210000000,885,356,55,45,1,1,1,1
553,380000000,83,326,180,115,1,1,1,1
553,290000000,316,345,90,60,1,1,1,1
553,340000000,490,337,60,45,1,1,1,1
553,220000000,674,337,280,65,1,1,1,1
553,210000000,884,356,55,45,1,1,1,1
554,380000000,83,326,180,115,1,1,1,1
554,290000000,316,345,90,60,1,1,1,1
554,340000000,490,337,60,45,1,1,1,1
554,220000000,674,337,280,65,1,1,1,1
554,210000000,884,356,55,45,1,1,1,1
555,380000000,83,326,180,115,1,1,1,1
555,290000000,316,345,90,60,1,1,1,1
555,340000000,490,337,60,45,1,1,1,1
555,220000000,674,337,280,65,1,1,1,1
555,210000000,884,356,55,45,1,1,1,1
556,380000000,83,326,180,115,1,1,1,1
556,290000000,316,345,90,60,1,1,1,1
556,340000000,490,337,60,45,1,1,1,1
556,220000000,674,337,280,65,1,1,1,1
556,210000000,884,356,55,45,1,1,1,1
557,380000000,83,326,180,115,1,1,1,1
557,290000000,316,345,90,60,1,1,1,1
557,340000000,490,337,60,45,1,1,1,1
557,220000000,674,337,280,65,1,1,1,1
557,210000000,884,356,55,45,1,1,1,1
558,380000000,82,326,180,115,1,1,1,1
558,290000000,316,345,90,60,1,1,1,1
558,340000000,490,337,60,45,1,1,1,1
558,220000000,674,337,280,65,1,1,1,1
558,210000000,884,356,55,45,1,1,1,1
559,380000000,82,326,180,115,1,1,1,1
559,290000000,316,345,90,60,1,1,1,1
559,340000000,490,337,60,45,1,1,1,1
559,220000000,674,337,280,65,1,1,1,1
559,210000000,884,356,55,45,1,1,1,1
560,380000000,82,326,180,115,1,1,1,1
560,290000000,316,345,90,60,1,1,1,1
560,340000000,490,337,60,45,1,1,1,1
560,220000000,674,337,280,65,1,1,1,1
560,210000000,884,356,55,45,1,1,1,1
561,380000000,82,326,180,115,1,1,1,1
561,290000000,316,345,90,60,1,1,1,1
561,340000000,490,337,60,45,1,1,1,1
561,220000000,674,337,280,65,1,1,1,1
561,210000000,884,356,55,45,1,1,1,1
562,380000000,82,326,180,115,1,1,1,1
562,290000000,316,345,90,60,1,1,1,1
562,340000000,490,337,60,45,1,1,1,1
562,220000000,674,337,280,65,1,1,1,1
562,210000000,884,356,55,45,1,1,1,1
563,380000000,82,326,180,115,1,1,1,1
563,290000000,316,345,90,60,1,1,1,1
563,340000000,490,337,60,45,1,1,1,1
563,220000000,674,337,280,65,1,1,1,1
563,210000000,884,356,55,45,1,1,1,1
564,380000000,82,326,180,115,1,1,1,1
564,290000000,316,345,90,60,1,1,1,1
564,340000000,490,337,60,45,1,1,1,1
564,220000000,674,337,280,65,1,1,1,1
564,210000000,884,356,55,45,1,1,1,1
565,380000000,82,326,180,115,1,1,1,1
565,290000000,316,345,90,60,1,1,1,1
565,340000000,490,337,60,45,1,1,1,1
565,220000000,674,337,280,65,1,1,1,1
565,210000000,884,356,55,45,1,1,1,1
566,380000000,82,326,180,115,1,1,1,1
566,290000000,316,345,90,60,1,1,1,1
566,340000000,490,337,60,45,1,1,1,1
566,220000000,674,337,280,65,1,1,1,1
566,210000000,884,356,55,45,1,1,1,1
567,380000000,82,326,180,115,1,1,1,1
567,290000000,316,345,90,60,1,1,1,1
567,340000000,490,337,60,45,1,1,1,1
567,220000000,674,337,280,65,1,1,1,1
567,210000000,884,356,55,45,1,1,1,1
568,380000000,82,326,180,115,1,1,1,1
568,290000000,316,345,90,60,1,1,1,1
568,340000000,490,337,60,45,1,1,1,1
568,220000000,674,337,280,65,1,1,1,1
568,210000000,884,356,55,45,1,1,1,1
569,380000000,82,326,180,115,1,1,1,1
569,290000000,316,345,90,60,1,1,1,1
569,340000000,490,337,60,45,1,1,1,1
569,220000000,674,337,280,65,1,1,1,1
569,210000000,884,356,55,45,1,1,1,1
570,380000000,82,326,180,115,1,1,1,1
570,290000000,316,345,90,60,1,1,1,1
570,340000000,490,337,60,45,1,1,1,1
570,220000000,674,337,280,65,1,1,1,1
570,210000000,884,356,55,45,1,1,1,1
571,380000000,82,326,180,115,1,1,1,1
571,290000000,316,345,90,60,1,1,1,1
571,340000000,490,337,60,45,1,1,1,1
571,220000000,674,337,280,65,1,1,1,1
571,210000000,884,356,55,45,1,1,1,1
572,380000000,82,327,180,115,1,1,1,1
572,290000000,316,345,90,60,1,1,1,1
572,340000000,490,337,60,45,1,1,1,1
572,220000000,674,337,280,65,1,1,1,1
572,210000000,884,357,55,45,1,1,1,1
573,380000000,81,327,180,115,1,1,1,1
573,290000000,315,345,90,60,1,1,1,1
573,340000000,490,337,60,45,1,1,1,1
573,220000000,674,337,280,65,1,1,1,1
573,210000000,883,357,55,45,1,1,1,1
574,380000000,81,327,180,115,1,1,1,1
574,290000000,315,345,90,60,1,1,1,1
574,340000000,490,337,60,45,1,1,1,1
574,220000000,674,337,280,65,1,1,1,1
574,210000000,883,357,55,45,1,1,1,1
575,380000000,81,327,180,115,1,1,1,1
575,290000000,315,345,90,60,1,1,1,1
575,340000000,490,337,60,45,1,1,1,1
575,220000000,674,337,280,65,1,1,1,1
575,210000000,883,357,55,45,1,1,1,1
576,380000000,81,327,180,115,1,1,1,1
576,290000000,315,345,90,60,1,1,1,1
576,340000000,490,337,60,45,1,1,1,1
576,220000000,674,337,280,65,1,1,1,1
576,210000000,883,357,55,45,1,1,1,1
577,380000000,81,327,180,115,1,1,1,1
577,290000000,315,345,90,60,1,1,1,1
577,340000000,490,337,60,45,1,1,1,1
577,220000000,674,337,280,65,1,1,1,1
577,210000000,883,357,55,45,1,1,1,1
578,380000000,81,327,180,115,1,1,1,1
578,290000000,315,345,90,60,1,1,1,1
578,340000000,490,337,60,45,1,1,1,1
578,220000000,674,337,280,65,1,1,1,1
578,210000000,883,357,55,45,1,1,1,1
579,380000000,81,327,180,115,1,1,1,1
579,290000000,315,345,90,60,1,1,1,1
579,340000000,490,337,60,45,1,1,1,1
579,220000000,674,337,280,65,1,1,1,1
579,210000000,883,357,55,45,1,1,1,1
580,380000000,81,327,180,115,1,1,1,1
580,290000000,315,345,90,60,1,1,1,1
580,340000000,490,337,60,45,1,1,1,1
580,220000000,674,337,280,65,1,1,1,1
580,210000000,883,357,55,45,1,1,1,1
581,380000000,81,327,180,115,1,1,1,1
581,290000000,315,345,90,60,1,1,1,1
581,340000000,490,337,60,45,1,1,1,1
581,220000000,674,337,280,65,1,1,1,1
581,210000000,883,357,55,45,1,1,1,1
582,380000000,81,327,180,115,1,1,1,1
582,290000000,315,345,90,60,1,1,1,1
582,340000000,490,337,60,45,1,1,1,1
582,220000000,674,337,280,65,1,1,1,1
582,210000000,883,357,55,45,1,1,1,1
583,380000000,81,327,180,115,1,1,1,1
583,290000000,315,345,90,60,1,1,1,1
583,340000000,490,337,60,45,1,1,1,1
583,220000000,674,337,280,65,1,1,1,1
583,210000000,883,357,55,45,1,1,1,1
584,380000000,81,327,180,115,1,1,1,1
584,290000000,315,345,90,60,1,1,1,1
584,340000000,490,337,60,45,1,1,1,1
584,220000000,674,337,280,65,1,1,1,1
584,210000000,883,357,55,45,1,1,1,1
585,380000000,81,327,180,115,1,1,1,1
585,290000000,315,345,90,60,1,1,1,1
585,340000000,490,337,60,45,1,1,1,1
585,220000000,674,337,280,65,1,1,1,1
585,210000000,883,357,55,45,1,1,1,1
586,380000000,81,327,180,115,1,1,1,1
586,290000000,315,345,90,60,1,1,1,1
586,340000000,490,337,60,45,1,1,1,1
586,220000000,674,337,280,65,1,1,1,1
586,210000000,883,357,55,45,1,1,1,1
587,380000000,81,327,180,115,1,1,1,1
587,290000000,315,345,90,60,1,1,1,1
587,340000000,490,337,60,45,1,1,1,1
587,220000000,674,337,280,65,1,1,1,1
587,210000000,883,357,55,45,1,1,1,1
588,380000000,80,327,180,115,1,1,1,1
588,290000000,315,345,90,60,1,1,1,1
588,340000000,490,337,60,45,1,1,1,1
588,220000000,674,337,280,65,1,1,1,1
588,210000000,883,357,55,45,1,1,1,1
589,380000000,80,327,180,115,1,1,1,1
589,290000000,315,345,90,60,1,1,1,1
589,340000000,490,337,60,45,1,1,1,1
589,220000000,674,337,280,65,1,1,1,1
589,210000000,883,357,55,45,1,1,1,1
590,380000000,80,327,180,115,1,1,1,1
590,290000000,315,345,90,60,1,1,1,1
590,340000000,490,337,60,45,1,1,1,1
590,220000000,674,337,280,65,1,1,1,1
590,210000000,883,357,55,45,1,1,1,1
591,380000000,80,327,180,115,1,1,1,1
591,290000000,315,345,90,60,1,1,1,1
591,340000000,490,337,60,45,1,1,1,1
591,220000000,674,337,280,65,1,1,1,1
591,210000000,883,357,55,45,1,1,1,1
592,380000000,80,327,180,115,1,1,1,1
592,290000000,315,345,90,60,1,1,1,1
592,340000000,490,337,60,45,1,1,1,1
592,220000000,674,337,280,65,1,1,1,1
592,210000000,883,357,55,45,1,1,1,1
593,380000000,80,327,180,115,1,1,1,1
593,290000000,315,345,90,60,1,1,1,1
593,340000000,490,337,60,45,1,1,1,1
593,220000000,674,337,280,65,1,1,1,1
593,210000000,882,357,55,45,1,1,1,1
594,380000000,80,327,180,115,1,1,1,1
594,290000000,315,345,90,60,1,1,1,1
594,340000000,490,337,60,45,1,1,1,1
594,220000000,674,337,280,65,1,1,1,1
594,210000000,882,357,55,45,1,1,1,1
595,380000000,80,327,180,115,1,1,1,1
595,290000000,315,345,90,60,1,1,1,1
595,340000000,490,337,60,45,1,1,1,1
595,220000000,674,337,280,65,1,1,1,1
595,210000000,882,357,55,45,1,1,1,1
596,380000000,80,327,180,115,1,1,1,1
596,290000000,315,345,90,60,1,1,1,1
596,340000000,490,337,60,45,1,1,1,1
596,220000000,674,337,280,65,1,1,1,1
596,210000000,882,357,55,45,1,1,1,1
597,380000000,80,327,180,115,1,1,1,1
597,290000000,315,345,90,60,1,1,1,1
597,340000000,490,337,60,45,1,1,1,1
597,220000000,674,337,280,65,1,1,1,1
597,210000000,882,357,55,45,1,1,1,1
598,380000000,80,327,180,115,1,1,1,1
598,290000000,315,345,90,60,1,1,1,1
598,340000000,490,337,60,45,1,1,1,1
598,220000000,674,337,280,65,1,1,1,1
598,210000000,882,357,55,45,1,1,1,1
599,380000000,80,327,180,115,1,1,1,1
599,290000000,315,345,90,60,1,1,1,1
599,340000000,490,337,60,45,1,1,1,1
599,220000000,674,337,280,65,1,1,1,1
599,210000000,882,357,55,45,1,1,1,1
600,380000000,80,327,180,115,1,1,1,1
600,290000000,315,345,90,60,1,1,1,1
600,340000000,490,337,60,45,1,1,1,1
600,220000000,674,337,280,65,1,1,1,1
600,210000000,882,357,55,45,1,1,1,1
601,380000000,80,327,180,115,1,1,1,1
601,290000000,315,345,90,60,1,1,1,1
601,340000000,490,337,60,45,1,1,1,1
601,220000000,674,337,280,65,1,1,1,1
601,210000000,882,357,55,45,1,1,1,1
602,380000000,80,327,180,115,1,1,1,1
602,290000000,315,345,90,60,1,1,1,1
602,340000000,490,337,60,45,1,1,1,1
602,220000000,674,337,280,65,1,1,1,1
602,210000000,882,357,55,45,1,1,1,1
603,380000000,79,327,180,115,1,1,1,1
603,290000000,314,345,90,60,1,1,1,1
603,340000000,489,337,60,45,1,1,1,1
603,220000000,673,337,280,65,1,1,1,1
603,210000000,882,357,55,45,1,1,1,1
604,380000000,79,327,180,115,1,1,1,1
604,290000000,314,345,90,60,1,1,1,1
604,340000000,489,337,60,45,1,1,1,1
604,220000000,673,337,280,65,1,1,1,1
604,210000000,882,357,55,45,1,1,1,1
605,380000000,79,327,180,115,1,1,1,1
605,290000000,314,345,90,60,1,1,1,1
605,340000000,489,337,60,45,1,1,1,1
605,220000000,673,337,280,65,1,1,1,1
605,210000000,882,357,55,45,1,1,1,1
606,380000000,79,327,180,115,1,1,1,1
606,290000000,314,345,90,60,1,1,1,1
606,340000000,489,337,60,45,1,1,1,1
606,220000000,673,337,280,65,1,1,1,1
606,210000000,882,357,55,45,1,1,1,1
607,380000000,79,327,180,115,1,1,1,1
607,290000000,314,345,90,60,1,1,1,1
607,340000000,489,337,60,45,1,1,1,1
607,220000000,673,337,280,65,1,1,1,1
607,210000000,882,357,55,45,1,1,1,1
608,380000000,79,327,180,115,1,1,1,1
608,290000000,314,345,90,60,1,1,1,1
608,340000000,489,337,60,45,1,1,1,1
608,220000000,673,337,280,65,1,1,1,1
608,210000000,882,357,55,45,1,1,1,1
609,380000000,79,327,180,115,1,1,1,1
609,290000000,314,345,90,60,1,1,1,1
609,340000000,489,337,60,45,1,1,1,1
609,220000000,673,337,280,65,1,1,1,1
609,210000000,882,357,55,45,1,1,1,1
610,380000000,79,327,180,115,1,1,1,1
610,290000000,314,345,90,60,1,1,1,1
610,340000000,489,337,60,45,1,1,1,1
610,220000000,673,337,280,65,1,1,1,1
610,210000000,882,357,55,45,1,1,1,1
611,380000000,79,327,180,115,1,1,1,1
611,290000000,314,345,90,60,1,1,1,1
611,340000000,489,337,60,45,1,1,1,1
611,220000000,673,337,280,65,1,1,1,1
611,210000000,882,357,55,45,1,1,1,1
612,380000000,79,327,180,115,1,1,1,1
612,290000000,314,345,90,60,1,1,1,1
612,340000000,489,337,60,45,1,1,1,1
612,220000000,673,337,280,65,1,1,1,1
612,210000000,882,357,55,45,1,1,1,1
613,380000000,79,327,180,115,1,1,1,1
613,290000000,314,345,90,60,1,1,1,1
613,340000000,489,337,60,45,1,1,1,1
613,220000000,673,337,280,65,1,1,1,1
613,210000000,881,357,55,45,1,1,1,1
614,380000000,79,327,180,115,1,1,1,1
614,290000000,314,345,90,60,1,1,1,1
614,340000000,489,337,60,45,1,1,1,1
614,220000000,673,337,280,65,1,1,1,1
614,210000000,881,357,55,45,1,1,1,1
615,380000000,79,327,180,115,1,1,1,1
615,290000000,314,345,90,60,1,1,1,1
615,340000000,489,337,60,45,1,1,1,1
615,220000000,673,337,280,65,1,1,1,1
615,210000000,881,357,55,45,1,1,1,1
616,380000000,79,327,180,115,1,1,1,1
616,290000000,314,345,90,60,1,1,1,1
616,340000000,489,337,60,45,1,1,1,1
616,220000000,673,337,280,65,1,1,1,1
616,210000000,881,357,55,45,1,1,1,1
617,380000000,79,327,180,115,1,1,1,1
617,290000000,314,345,90,60,1,1,1,1
617,340000000,489,337,60,45,1,1,1,1
617,220000000,673,337,280,65,1,1,1,1
617,210000000,881,357,55,45,1,1,1,1
618,380000000,78,327,180,115,1,1,1,1
618,290000000,314,345,90,60,1,1,1,1
618,340000000,489,337,60,45,1,1,1,1
618,220000000,673,337,280,65,1,1,1,1
618,210000000,881,357,55,45,1,1,1,1
619,380000000,78,327,180,115,1,1,1,1
619,290000000,314,345,90,60,1,1,1,1
619,340000000,489,337,60,45,1,1,1,1
619,220000000,673,337,280,65,1,1,1,1
619,210000000,881,357,55,45,1,1,1,1
620,380000000,78,327,180,115,1,1,1,1
620,290000000,314,345,90,60,1,1,1,1
620,340000000,489,337,60,45,1,1,1,1
620,220000000,673,337,280,65,1,1,1,1
620,210000000,881,357,55,45,1,1,1,1
621,380000000,78,327,180,115,1,1,1,1
621,290000000,314,345,90,60,1,1,1,1
621,340000000,489,337,60,45,1,1,1,1
621,220000000,673,337,280,65,1,1,1,1
621,210000000,881,357,55,45,1,1,1,1
622,380000000,78,327,180,115,1,1,1,1
622,290000000,314,345,90,60,1,1,1,1
622,340000000,489,337,60,45,1,1,1,1
622,220000000,673,337,280,65,1,1,1,1
622,210000000,881,357,55,45,1,1,1,1
623,380000000,78,327,180,115,1,1,1,1
623,290000000,314,345,90,60,1,1,1,1
623,340000000,489,337,60,45,1,1,1,1
623,220000000,673,337,280,65,1,1,1,1
623,210000000,881,357,55,45,1,1,1,1
624,380000000,78,327,180,115,1,1,1,1
624,290000000,314,345,90,60,1,1,1,1
624,340000000,489,337,60,45,1,1,1,1
624,220000000,673,337,280,65,1,1,1,1
624,210000000,881,357,55,45,1,1,1,1
625,380000000,78,327,180,115,1,1,1,1
625,290000000,314,345,90,60,1,1,1,1
625,340000000,489,337,60,45,1,1,1,1
625,220000000,673,337,280,65,1,1,1,1
625,210000000,881,357,55,45,1,1,1,1
626,380000000,78,327,180,115,1,1,1,1
626,290000000,314,345,90,60,1,1,1,1
626,340000000,489,337,60,45,1,1,1,1
626,220000000,673,337,280,65,1,1,1,1
626,210000000,881,357,55,45,1,1,1,1
627,380000000,78,327,180,115,1,1,1,1
627,290000000,314,345,90,60,1,1,1,1
627,340000000,489,337,60,45,1,1,1,1
627,220000000,673,337,280,65,1,1,1,1
627,210000000,881,357,55,45,1,1,1,1
628,380000000,78,327,180,115,1,1,1,1
628,290000000,314,345,90,60,1,1,1,1
628,340000000,489,337,60,45,1,1,1,1
628,220000000,673,337,280,65,1,1,1,1
628,210000000,881,357,55,45,1,1,1,1
629,380000000,78,327,180,115,1,1,1,1
629,290000000,314,345,90,60,1,1,1,1
629,340000000,489,337,60,45,1,1,1,1
629,220000000,673,337,280,65,1,1,1,1
629,210000000,881,357,55,45,1,1,1,1
630,380000000,78,327,180,115,1,1,1,1
630,290000000,314,345,90,60,1,1,1,1
630,340000000,489,337,60,45,1,1,1,1
630,220000000,673,337,280,65,1,1,1,1
630,210000000,881,357,55,45,1,1,1,1
631,380000000,78,327,180,115,1,1,1,1
631,290000000,314,345,90,60,1,1,1,1
631,340000000,489,337,60,45,1,1,1,1
631,220000000,673,337,280,65,1,1,1,1
631,210000000,881,357,55,45,1,1,1,1
632,380000000,78,328,180,115,1,1,1,1
632,290000000,314,345,90,60,1,1,1,1
632,340000000,489,337,60,45,1,1,1,1
632,220000000,673,337,280,65,1,1,1,1
632,210000000,881,358,55,45,1,1,1,1
633,380000000,77,328,180,115,1,1,1,1
633,290000000,313,345,90,60,1,1,1,1
633,340000000,489,337,60,45,1,1,1,1
633,220000000,673,337,280,65,1,1,1,1
633,210000000,880,358,55,45,1,1,1,1
634,380000000,77,328,180,115,1,1,1,1
634,290000000,313,345,90,60,1,1,1,1
634,340000000,489,337,60,45,1,1,1,1
634,220000000,673,337,280,65,1,1,1,1
634,210000000,880,358,55,45,1,1,1,1
635,380000000,77,328,180,115,1,1,1,1
635,290000000,313,345,90,60,1,1,1,1
635,340000000,489,337,60,45,1,1,1,1
635,220000000,673,337,280,65,1,1,1,1
635,210000000,880,358,55,45,1,1,1,1
636,380000000,77,328,180,115,1,1,1,1
636,290000000,313,345,90,60,1,1,1,1
636,340000000,489,337,60,45,1,1,1,1
636,220000000,673,337,280,65,1,1,1,1
636,210000000,880,358,55,45,1,1,1,1
637,380000000,77,328,180,115,1,1,1,1
637,290000000,313,345,90,60,1,1,1,1
637,340000000,489,337,60,45,1,1,1,1
637,220000000,673,337,280,65,1,1,1,1
637,210000000,880,358,55,45,1,1,1,1
638,380000000,77,328,180,115,1,1,1,1
638,290000000,313,345,90,60,1,1,1,1
638,340000000,489,337,60,45,1,1,1,1
638,220000000,673,337,280,65,1,1,1,1
638,210000000,880,358,55,45,1,1,1,1
639,380000000,77,328,180,115,1,1,1,1
639,290000000,313,345,90,60,1,1,1,1
639,340000000,489,337,60,45,1,1,1,1
639,220000000,673,337,280,65,1,1,1,1
639,210000000,880,358,55,45,1,1,1,1
640,380000000,77,328,180,115,1,1,1,1
640,290000000,313,345,90,60,1,1,1,1
640,340000000,489,337,60,45,1,1,1,1
640,220000000,673,337,280,65,1,1,1,1
640,210000000,880,358,55,45,1,1,1,1
641,380000000,77,328,180,115,1,1,1,1
641,290000000,313,345,90,60,1,1,1,1
641,340000000,489,337,60,45,1,1,1,1
641,220000000,673,337,280,65,1,1,1,1
641,210000000,880,358,55,45,1,1,1,1
642,380000000,77,328,180,115,1,1,1,1
642,290000000,313,345,90,60,1,1,1,1
642,340000000,489,337,60,45,1,1,1,1
642,220000000,673,337,280,65,1,1,1,1
642,210000000,880,358,55,45,1,1,1,1
643,380000000,77,328,180,115,1,1,1,1
643,290000000,313,345,90,60,1,1,1,1
643,340000000,489,337,60,45,1,1,1,1
643,220000000,673,337,280,65,1,1,1,1
643,210000000,880,358,55,45,1,1,1,1
644,380000000,77,328,180,115,1,1,1,1
644,290000000,313,345,90,60,1,1,1,1
644,340000000,489,337,60,45,1,1,1,1
644,220000000,673,337,280,65,1,1,1,1
644,210000000,880,358,55,45,1,1,1,1
645,380000000,77,328,180,115,1,1,1,1
645,290000000,313,345,90,60,1,1,1,1
645,340000000,489,337,60,45,1,1,1,1
645,220000000,673,337,280,65,1,1,1,1
645,210000000,880,358,55,45,1,1,1,1
646,380000000,77,328,180,115,1,1,1,1
646,290000000,313,345,90,60,1,1,1,1
646,340000000,489,337,60,45,1,1,1,1
646,220000000,673,337,280,65,1,1,1,1
646,210000000,880,358,55,45,1,1,1,1
647,380000000,77,328,180,115,1,1,1,1
647,290000000,313,345,90,60,1,1,1,1
647,340000000,489,337,60,45,1,1,1,1
647,220000000,673,337,280,65,1,1,1,1
647,210000000,880,358,55,45,1,1,1,1
648,380000000,76,328,180,115,1,1,1,1
648,290000000,313,345,90,60,1,1,1,1
648,340000000,489,337,60,45,1,1,1,1
648,220000000,673,337,280,65,1,1,1,1
648,210000000,880,358,55,45,1,1,1,1
649,380000000,76,328,180,115,1,1,1,1
649,290000000,313,345,90,60,1,1,1,1
649,340000000,489,337,60,45,1,1,1,1
649,220000000,673,337,280,65,1,1,1,1
649,210000000,880,358,55,45,1,1,1,1
650,380000000,76,328,180,115,1,1,1,1
650,290000000,313,345,90,60,1,1,1,1
650,340000000,489,337,60,45,1,1,1,1
650,220000000,673,337,280,65,1,1,1,1
650,210000000,880,358,55,45,1,1,1,1
651,380000000,76,328,180,115,1,1,1,1
651,290000000,313,345,90,60,1,1,1,1
651,340000000,489,337,60,45,1,1,1,1
651,220000000,673,337,280,65,1,1,1,1
651,210000000,880,358,55,45,1,1,1,1
652,380000000,76,328,180,115,1,1,1,1
652,290000000,313,345,90,60,1,1,1,1
652,340000000,489,337,60,45,1,1,1,1
652,220000000,673,337,280,65,1,1,1,1
652,210000000,880,358,55,45,1,1,1,1
653,380000000,76,328,180,115,1,1,1,1
653,290000000,313,345,90,60,1,1,1,1
653,340000000,489,337,60,45,1,1,1,1
653,220000000,673,337,280,65,1,1,1,1
653,210000000,879,358,55,45,1,1,1,1
654,380000000,76,328,180,115,1,1,1,1
654,290000000,313,345,90,60,1,1,1,1
654,340000000,489,337,60,45,1,1,1,1
654,220000000,673,337,280,65,1,1,1,1
654,210000000,879,358,55,45,1,1,1,1
655,380000000,76,328,180,115,1,1,1,1
655,290000000,313,345,90,60,1,1,1,1
655,340000000,489,337,60,45,1,1,1,1
655,220000000,673,337,280,65,1,1,1,1
655,210000000,879,358,55,45,1,1,1,1
656,380000000,76,328,180,115,1,1,1,1
656,290000000,313,345,90,60,1,1,1,1
656,340000000,489,337,60,45,1,1,1,1
656,220000000,673,337,280,65,1,1,1,1
656,210000000,879,358,55,45,1,1,1,1
657,380000000,76,328,180,115,1,1,1,1
657,290000000,313,345,90,60,1,1,1,1
657,340000000,489,337,60,45,1,1,1,1
657,220000000,673,337,280,65,1,1,1,1
657,210000000,879,358,55,45,1,1,1,1
658,380000000,76,328,180,115,1,1,1,1
658,290000000,313,345,90,60,1,1,1,1
658,340000000,489,337,60,45,1,1,1,1
658,220000000,673,337,280,65,1,1,1,1
658,210000000,879,358,55,45,1,1,1,1
659,380000000,76,328,180,115,1,1,1,1
659,290000000,313,345,90,60,1,1,1,1
659,340000000,489,337,60,45,1,1,1,1
659,220000000,673,337,280,65,1,1,1,1
659,210000000,879,358,55,45,1,1,1,1
660,380000000,76,328,180,115,1,1,1,1
660,290000000,313,345,90,60,1,1,1,1
660,340000000,489,337,60,45,1,1,1,1
660,220000000,673,337,280,65,1,1,1,1
660,210000000,879,358,55,45,1,1,1,1
661,380000000,76,328,180,115,1,1,1,1
661,290000000,313,345,90,60,1,1,1,1
661,340000000,489,337,60,45,1,1,1,1
661,220000000,673,337,280,65,1,1,1,1
661,210000000,879,358,55,45,1,1,1,1
662,380000000,76,328,180,115,1,1,1,1
662,290000000,313,345,90,60,1,1,1,1
662,340000000,489,337,60,45,1,1,1,1
662,220000000,673,337,280,65,1,1,1,1
662,210000000,879,358,55,45,1,1,1,1
663,380000000,75,328,180,115,1,1,1,1
663,290000000,312,345,90,60,1,1,1,1
663,340000000,488,337,60,45,1,1,1,1
663,220000000,673,337,280,65,1,1,1,1
663,210000000,879,358,55,45,1,1,1,1
664,380000000,75,328,180,115,1,1,1,1
664,290000000,312,345,90,60,1,1,1,1
664,340000000,488,337,60,45,1,1,1,1
664,220000000,673,337,280,65,1,1,1,1
664,210000000,879,358,55,45,1,1,1,1
665,380000000,75,328,180,115,1,1,1,1
665,290000000,312,345,90,60,1,1,1,1
665,340000000,488,337,60,45,1,1,1,1
665,220000000,673,337,280,65,1,1,1,1
665,210000000,879,358,55,45,1,1,1,1
666,380000000,75,328,180,115,1,1,1,1
666,290000000,312,345,90,60,1,1,1,1
666,340000000,488,337,60,45,1,1,1,1
666,220000000,673,337,280,65,1,1,1,1
666,210000000,879,358,55,45,1,1,1,1
667,380000000,75,328,180,115,1,1,1,1
667,290000000,312,345,90,60,1,1,1,1
667,340000000,488,337,60,45,1,1,1,1
667,220000000,673,337,280,65,1,1,1,1
667,210000000,879,358,55,45,1,1,1,1
668,380000000,75,328,180,115,1,1,1,1
668,290000000,312,345,90,60,1,1,1,1
668,340000000,488,337,60,45,1,1,1,1
668,220000000,673,337,280,65,1,1,1,1
668,210000000,879,358,55,45,1,1,1,1
669,380000000,75,328,180,115,1,1,1,1
669,290000000,312,345,90,60,1,1,1,1
669,340000000,488,337,60,45,1,1,1,1
669,220000000,673,337,280,65,1,1,1,1
669,210000000,879,358,55,45,1,1,1,1
670,380000000,75,328,180,115,1,1,1,1
670,290000000,312,345,90,60,1,1,1,1
670,340000000,488,337,60,45,1,1,1,1
670,220000000,673,337,280,65,1,1,1,1
670,210000000,879,358,55,45,1,1,1,1
671,380000000,75,328,180,115,1,1,1,1
671,290000000,312,345,90,60,1,1,1,1
671,340000000,488,337,60,45,1,1,1,1
671,220000000,673,337,280,65,1,1,1,1
671,210000000,879,358,55,45,1,1,1,1
672,380000000,75,328,180,115,1,1,1,1
672,290000000,312,345,90,60,1,1,1,1
672,340000000,488,337,60,45,1,1,1,1
672,220000000,673,337,280,65,1,1,1,1
672,210000000,879,358,55,45,1,1,1,1
673,380000000,75,328,180,115,1,1,1,1
673,290000000,312,345,90,60,1,1,1,1
673,340000000,488,337,60,45,1,1,1,1
673,220000000,673,337,280,65,1,1,1,1
673,210000000,878,358,55,45,1,1,1,1
674,380000000,75,328,180,115,1,1,1,1
674,290000000,312,345,90,60,1,1,1,1
674,340000000,488,337,60,45,1,1,1,1
674,220000000,673,337,280,65,1,1,1,1
674,210000000,878,358,55,45,1,1,1,1
675,380000000,75,328,180,115,1,1,1,1
675,290000000,312,345,90,60,1,1,1,1
675,340000000,488,337,60,45,1,1,1,1
675,220000000,673,337,280,65,1,1,1,1
675,210000000,878,358,55,45,1,1,1,1
676,380000000,75,328,180,115,1,1,1,1
676,290000000,312,345,90,60,1,1,1,1
676,340000000,488,337,60,45,1,1,1,1
676,220000000,673,337,280,65,1,1,1,1
676,210000000,878,358,55,45,1,1,1,1
677,380000000,75,328,180,115,1,1,1,1
677,290000000,312,345,90,60,1,1,1,1
677,340000000,488,337,60,45,1,1,1,1
677,220000000,673,337,280,65,1,1,1,1
677,210000000,878,358,55,45,1,1,1,1
678,380000000,74,328,180,115,1,1,1,1
678,290000000,312,345,90,60,1,1,1,1
678,340000000,488,337,60,45,1,1,1,1
678,220000000,673,337,280,65,1,1,1,1
678,210000000,878,358,55,45,1,1,1,1
679,380000000,74,328,180,115,1,1,1,1
679,290000000,312,345,90,60,1,1,1,1
679,340000000,488,337,60,45,1,1,1,1
679,220000000,673,337,280,65,1,1,1,1
679,210000000,878,358,55,45,1,1,1,1
680,380000000,74,328,180,115,1,1,1,1
680,290000000,312,345,90,60,1,1,1,1
680,340000000,488,337,60,45,1,1,1,1
680,220000000,673,337,280,65,1,1,1,1
680,210000000,878,358,55,45,1,1,1,1
681,380000000,74,328,180,115,1,1,1,1
681,290000000,312,345,90,60,1,1,1,1
681,340000000,488,337,60,45,1,1,1,1
681,220000000,673,337,280,65,1,1,1,1
681,210000000,878,358,55,45,1,1,1,1
682,380000000,74,328,180,115,1,1,1,1
682,290000000,312,345,90,60,1,1,1,1
682,340000000,488,337,60,45,1,1,1,1
682,220000000,673,337,280,65,1,1,1,1
682,210000000,878,358,55,45,1,1,1,1
683,380000000,74,328,180,115,1,1,1,1
683,290000000,312,345,90,60,1,1,1,1
683,340000000,488,337,60,45,1,1,1,1
683,220000000,673,337,280,65,1,1,1,1
683,210000000,878,358,55,45,1,1,1,1
684,380000000,74,328,180,115,1,1,1,1
684,290000000,312,345,90,60,1,1,1,1
684,340000000,488,337,60,45,1,1,1,1
684,220000000,673,337,280,65,1,1,1,1
684,210000000,878,358,55,45,1,1,1,1
685,380000000,74,328,180,115,1,1,1,1
685,290000000,312,345,90,60,1,1,1,1
685,340000000,488,337,60,45,1,1,1,1
685,220000000,673,337,280,65,1,1,1,1
685,210000000,878,358,55,45,1,1,1,1
686,380000000,74,328,180,115,1,1,1,1
686,290000000,312,345,90,60,1,1,1,1
686,340000000,488,337,60,45,1,1,1,1
686,220000000,673,337,280,65,1,1,1,1
686,210000000,878,358,55,45,1,1,1,1
687,380000000,74,328,180,115,1,1,1,1
687,290000000,312,345,90,60,1,1,1,1
687,340000000,488,337,60,45,1,1,1,1
687,220000000,673,337,280,65,1,1,1,1
687,210000000,878,358,55,45,1,1,1,1
688,380000000,74,328,180,115,1,1,1,1
688,290000000,312,345,90,60,1,1,1,1
688,340000000,488,337,60,45,1,1,1,1
688,220000000,673,337,280,65,1,1,1,1
688,210000000,878,358,55,45,1,1,1,1
689,380000000,74,328,180,115,1,1,1,1
689,290000000,312,345,90,60,1,1,1,1
689,340000000,488,337,60,45,1,1,1,1
689,220000000,673,337,280,65,1,1,1,1
689,210000000,878,358,55,45,1,1,1,1
690,380000000,74,328,180,115,1,1,1,1
690,290000000,312,345,90,60,1,1,1,1
690,340000000,488,337,60,45,1,1,1,1
690,220000000,673,337,280,65,1,1,1,1
690,210000000,878,358,55,45,1,1,1,1
691,380000000,74,328,180,115,1,1,1,1
691,290000000,312,345,90,60,1,1,1,1
691,340000000,488,337,60,45,1,1,1,1
691,220000000,673,337,280,65,1,1,1,1
691,210000000,878,358,55,45,1,1,1,1
692,380000000,74,329,180,115,1,1,1,1
692,290000000,312,345,90,60,1,1,1,1
692,340000000,488,337,60,45,1,1,1,1
692,220000000,673,337,280,65,1,1,1,1
692,210000000,878,359,55,45,1,1,1,1
693,380000000,73,329,180,115,1,1,1,1
693,290000000,311,345,90,60,1,1,1,1
693,340000000,488,337,60,45,1,1,1,1
693,220000000,673,337,280,65,1,1,1,1
693,210000000,877,359,55,45,1,1,1,1
694,380000000,73,329,180,115,1,1,1,1
694,290000000,311,345,90,60,1,1,1,1
694,340000000,488,337,60,45,1,1,1,1
694,220000000,673,337,280,65,1,1,1,1
694,210000000,877,359,55,45,1,1,1,1
695,380000000,73,329,180,115,1,1,1,1
695,290000000,311,345,90,60,1,1,1,1
695,340000000,488,337,60,45,1,1,1,1
695,220000000,673,337,280,65,1,1,1,1
695,210000000,877,359,55,45,1,1,1,1
696,380000000,73,329,180,115,1,1,1,1
696,290000000,311,345,90,60,1,1,1,1
696,340000000,488,337,60,45,1,1,1,1
696,220000000,673,337,280,65,1,1,1,1
696,210000000,877,359,55,45,1,1,1,1
697,380000000,73,329,180,115,1,1,1,1
697,290000000,311,345,90,60,1,1,1,1
697,340000000,488,337,60,45,1,1,1,1
697,220000000,673,337,280,65,1,1,1,1
697,210000000,877,359,55,45,1,1,1,1
698,380000000,73,329,180,115,1,1,1,1
698,290000000,311,345,90,60,1,1,1,1
698,340000000,488,337,60,45,1,1,1,1
698,220000000,673,337,280,65,1,1,1,1
698,210000000,877,359,55,45,1,1,1,1
699,380000000,73,329,180,115,1,1,1,1
699,290000000,311,345,90,60,1,1,1,1
699,340000000,488,337,60,45,1,1,1,1
699,220000000,673,337,280,65,1,1,1,1
699,210000000,877,359,55,45,1,1,1,1
700,380000000,73,329,180,115,1,1,1,1
700,290000000,311,345,90,60,1,1,1,1
700,340000000,488,337,60,45,1,1,1,1
700,220000000,673,337,280,65,1,1,1,1
700,210000000,877,359,55,45,1,1,1,1
701,380000000,73,329,180,115,1,1,1,1
701,290000000,311,345,90,60,1,1,1,1
701,340000000,488,337,60,45,1,1,1,1
701,220000000,673,337,280,65,1,1,1,1
701,210000000,877,359,55,45,1,1,1,1
702,380000000,73,329,180,115,1,1,1,1
702,290000000,311,345,90,60,1,1,1,1
702,340000000,488,337,60,45,1,1,1,1
702,220000000,673,337,280,65,1,1,1,1
702,210000000,877,359,55,45,1,1,1,1
703,380000000,73,329,180,115,1,1,1,1
703,290000000,311,345,90,60,1,1,1,1
703,340000000,488,337,60,45,1,1,1,1
703,220000000,672,337,280,65,1,1,1,1
703,210000000,877,359,55,45,1,1,1,1
704,380000000,73,329,180,115,1,1,1,1
704,290000000,311,345,90,60,1,1,1,1
704,340000000,488,337,60,45,1,1,1,1
704,220000000,672,337,280,65,1,1,1,1
704,210000000,877,359,55,45,1,1,1,1
705,380000000,73,329,180,115,1,1,1,1
705,290000000,311,345,90,60,1,1,1,1
705,340000000,488,337,60,45,1,1,1,1
705,220000000,672,337,280,65,1,1,1,1
705,210000000,877,359,55,45,1,1,1,1
706,380000000,73,329,180,115,1,1,1,1
706,290000000,311,345,90,60,1,1,1,1
706,340000000,488,337,60,45,1,1,1,1
706,220000000,672,337,280,65,1,1,1,1
706,210000000,877,359,55,45,1,1,1,1
707,380000000,73,329,180,115,1,1,1,1
707,290000000,311,345,90,60,1,1,1,1
707,340000000,488,337,60,45,1,1,1,1
707,220000000,672,337,280,65,1,1,1,1
707,210000000,877,359,55,45,1,1,1,1
708,380000000,72,329,180,115,1,1,1,1
708,290000000,311,345,90,60,1,1,1,1
708,340000000,488,337,60,45,1,1,1,1
708,220000000,672,337,280,65,1,1,1,1
708,210000000,877,359,55,45,1,1,1,1
709,380000000,72,329,180,115,1,1,1,1
709,290000000,311,345,90,60,1,1,1,1
709,340000000,488,337,60,45,1,1,1,1
709,220000000,672,337,280,65,1,1,1,1
709,210000000,877,359,55,45,1,1,1,1
710,380000000,72,329,180,115,1,1,1,1
710,290000000,311,345,90,60,1,1,1,1
710,340000000,488,337,60,45,1,1,1,1
710,220000000,672,337,280,65,1,1,1,1
710,210000000,877,359,55,45,1,1,1,1
711,380000000,72,329,180,115,1,1,1,1
711,290000000,311,345,90,60,1,1,1,1
711,340000000,488,337,60,45,1,1,1,1
711,220000000,672,337,280,65,1,1,1,1
711,210000000,877,359,55,45,1,1,1,1
712,380000000,72,329,180,115,1,1,1,1
712,290000000,311,345,90,60,1,1,1,1
712,340000000,488,337,60,45,1,1,1,1
712,220000000,672,337,280,65,1,1,1,1
712,210000000,877,359,55,45,1,1,1,1
713,380000000,72,329,180,115,1,1,1,1
713,290000000,311,345,90,60,1,1,1,1
713,340000000,488,337,60,45,1,1,1,1
713,220000000,672,337,280,65,1,1,1,1
713,210000000,876,359,55,45,1,1,1,1
714,380000000,72,329,180,115,1,1,1,1
714,290000000,311,345,90,60,1,1,1,1
714,340000000,488,337,60,45,1,1,1,1
714,220000000,672,337,280,65,1,1,1,1
714,210000000,876,359,55,45,1,1,1,1
715,380000000,72,329,180,115,1,1,1,1
715,290000000,311,345,90,60,1,1,1,1
715,340000000,488,337,60,45,1,1,1,1
715,220000000,672,337,280,65,1,1,1,1
715,210000000,876,359,55,45,1,1,1,1
716,380000000,72,329,180,115,1,1,1,1
716,290000000,311,345,90,60,1,1,1,1
716,340000000,488,337,60,45,1,1,1,1
716,220000000,672,337,280,65,1,1,1,1
716,210000000,876,359,55,45,1,1,1,1
717,380000000,72,329,180,115,1,1,1,1
717,290000000,311,345,90,60,1,1,1,1
717,340000000,488,337,60,45,1,1,1,1
717,220000000,672,337,280,65,1,1,1,1
717,210000000,876,359,55,45,1,1,1,1
718,380000000,72,329,180,115,1,1,1,1
718,290000000,311,345,90,60,1,1,1,1
718,340000000,488,337,60,45,1,1,1,1
718,220000000,672,337,280,65,1,1,1,1
718,210000000,876,359,55,45,1,1,1,1
719,380000000,72,329,180,115,1,1,1,1
719,290000000,311,345,90,60,1,1,1,1
719,340000000,488,337,60,45,1,1,1,1
719,220000000,672,337,280,65,1,1,1,1
719,210000000,876,359,55,45,1,1,1,1
720,380000000,72,329,180,115,1,1,1,1
720,290000000,311,345,90,60,1,1,1,1
720,340000000,488,337,60,45,1,1,1,1
720,220000000,672,337,280,65,1,1,1,1
720,210000000,876,359,55,45,1,1,1,1
721,380000000,72,329,180,115,1,1,1,1
721,290000000,311,345,90,60,1,1,1,1
721,340000000,488,337,60,45,1,1,1,1
721,220000000,672,337,280,65,1,1,1,1
721,210000000,876,359,55,45,1,1,1,1
722,380000000,72,329,180,115,1,1,1,1
722,290000000,311,345,90,60,1,1,1,1
722,340000000,488,337,60,45,1,1,1,1
722,220000000,672,337,280,65,1,1,1,1
722,210000000,876,359,55,45,1,1,1,1
723,380000000,71,329,180,115,1,1,1,1
723,290000000,310,345,90,60,1,1,1,1
723,340000000,487,337,60,45,1,1,1,1
723,220000000,672,337,280,65,1,1,1,1
723,210000000,876,359,55,45,1,1,1,1
724,380000000,71,329,180,115,1,1,1,1
724,290000000,310,345,90,60,1,1,1,1
724,340000000,487,337,60,45,1,1,1,1
724,220000000,672,337,280,65,1,1,1,1
724,210000000,876,359,55,45,1,1,1,1
725,380000000,71,329,180,115,1,1,1,1
725,290000000,310,345,90,60,1,1,1,1
725,340000000,487,337,60,45,1,1,1,1
725,220000000,672,337,280,65,1,1,1,1
725,210000000,876,359,55,45,1,1,1,1
726,380000000,71,329,180,115,1,1,1,1
726,290000000,310,345,90,60,1,1,1,1
726,340000000,487,337,60,45,1,1,1,1
726,220000000,672,337,280,65,1,1,1,1
726,210000000,876,359,55,45,1,1,1,1
727,380000000,71,329,180,115,1,1,1,1
727,290000000,310,345,90,60,1,1,1,1
727,340000000,487,337,60,45,1,1,1,1
727,220000000,672,337,280,65,1,1,1,1
727,210000000,876,359,55,45,1,1,1,1
728,380000000,71,329,180,115,1,1,1,1
728,290000000,310,345,90,60,1,1,1,1
728,340000000,487,337,60,45,1,1,1,1
728,220000000,672,337,280,65,1,1,1,1
728,210000000,876,359,55,45,1,1,1,1
729,380000000,71,329,180,115,1,1,1,1
729,290000000,310,345,90,60,1,1,1,1
729,340000000,487,337,60,45,1,1,1,1
729,220000000,672,337,280,65,1,1,1,1
729,210000000,876,359,55,45,1,1,1,1
730,380000000,71,329,180,115,1,1,1,1
730,290000000,310,345,90,60,1,1,1,1
730,340000000,487,337,60,45,1,1,1,1
730,220000000,672,337,280,65,1,1,1,1
730,210000000,876,359,55,45,1,1,1,1
731,380000000,71,329,180,115,1,1,1,1
731,290000000,310,345,90,60,1,1,1,1
731,340000000,487,337,60,45,1,1,1,1
731,220000000,672,337,280,65,1,1,1,1
731,210000000,876,359,55,45,1,1,1,1
732,380000000,71,329,180,115,1,1,1,1
732,290000000,310,345,90,60,1,1,1,1
732,340000000,487,337,60,45,1,1,1,1
732,220000000,672,337,280,65,1,1,1,1
732,210000000,876,359,55,45,1,1,1,1
733,380000000,71,329,180,115,1,1,1,1
733,290000000,310,345,90,60,1,1,1,1
733,340000000,487,337,60,45,1,1,1,1
733,220000000,672,337,280,65,1,1,1,1
733,210000000,875,359,55,45,1,1,1,1
734,380000000,71,329,180,115,1,1,1,1
734,290000000,310,345,90,60,1,1,1,1
734,340000000,487,337,60,45,1,1,1,1
734,220000000,672,337,280,65,1,1,1,1
734,210000000,875,359,55,45,1,1,1,1
735,380000000,71,329,180,115,1,1,1,1
735,290000000,310,345,90,60,1,1,1,1
735,340000000,487,337,60,45,1,1,1,1
735,220000000,672,337,280,65,1,1,1,1
735,210000000,875,359,55,45,1,1,1,1
736,380000000,71,329,180,115,1,1,1,1
736,290000000,310,345,90,60,1,1,1,1
736,340000000,487,337,60,45,1,1,1,1
736,220000000,672,337,280,65,1,1,1,1
736,210000000,875,359,55,45,1,1,1,1
737,380000000,71,329,180,115,1,1,1,1
737,290000000,310,345,90,60,1,1,1,1
737,340000000,487,337,60,45,1,1,1,1
737,220000000,672,337,280,65,1,1,1,1
737,210000000,875,359,55,45,1,1,1,1
738,380000000,70,329,180,115,1,1,1,1
738,290000000,310,345,90,60,1,1,1,1
738,340000000,487,337,60,45,1,1,1,1
738,220000000,672,337,280,65,1,1,1,1
738,210000000,875,359,55,45,1,1,1,1
739,380000000,70,329,180,115,1,1,1,1
739,290000000,310,345,90,60,1,1,1,1
739,340000000,487,337,60,45,1,1,1,1
739,220000000,672,337,280,65,1,1,1,1
739,210000000,875,359,55,45,1,1,1,1
740,380000000,70,329,180,115,1,1,1,1
740,290000000,310,345,90,60,1,1,1,1
740,340000000,487,337,60,45,1,1,1,1
740,220000000,672,337,280,65,1,1,1,1
740,210000000,875,359,55,45,1,1,1,1
741,380000000,70,329,180,115,1,1,1,1
741,290000000,310,345,90,60,1,1,1,1
741,340000000,487,337,60,45,1,1,1,1
741,220000000,672,337,280,65,1,1,1,1
741,210000000,875,359,55,45,1,1,1,1
742,380000000,70,329,180,115,1,1,1,1
742,290000000,310,345,90,60,1,1,1,1
742,340000000,487,337,60,45,1,1,1,1
742,220000000,672,337,280,65,1,1,1,1
742,210000000,875,359,55,45,1,1,1,1
743,380000000,70,329,180,115,1,1,1,1
743,290000000,310,345,90,60,1,1,1,1
743,340000000,487,337,60,45,1,1,1,1
743,220000000,672,337,280,65,1,1,1,1
743,210000000,875,359,55,45,1,1,1,1
744,380000000,70,329,180,115,1,1,1,1
744,290000000,310,345,90,60,1,1,1,1
744,340000000,487,337,60,45,1,1,1,1
744,220000000,672,337,280,65,1,1,1,1
744,210000000,875,359,55,45,1,1,1,1
745,380000000,70,329,180,115,1,1,1,1
745,290000000,310,345,90,60,1,1,1,1
745,340000000,487,337,60,45,1,1,1,1
745,220000000,672,337,280,65,1,1,1,1
745,210000000,875,359,55,45,1,1,1,1
746,380000000,70,329,180,115,1,1,1,1
746,290000000,310,345,90,60,1,1,1,1
746,340000000,487,337,60,45,1,1,1,1
746,220000000,672,337,280,65,1,1,1,1
746,210000000,875,359,55,45,1,1,1,1
747,380000000,70,329,180,115,1,1,1,1
747,290000000,310,345,90,60,1,1,1,1
747,340000000,487,337,60,45,1,1,1,1
747,220000000,672,337,280,65,1,1,1,1
747,210000000,875,359,55,45,1,1,1,1
748,380000000,70,329,180,115,1,1,1,1
748,290000000,310,345,90,60,1,1,1,1
748,340000000,487,337,60,45,1,1,1,1
748,220000000,672,337,280,65,1,1,1,1
748,210000000,875,359,55,45,1,1,1,1
749,380000000,70,329,180,115,1,1,1,1
749,290000000,310,345,90,60,1,1,1,1
749,340000000,487,337,60,45,1,1,1,1
749,220000000,672,337,280,65,1,1,1,1
749,210000000,875,359,55,45,1,1,1,1
750,380000000,70,329,180,115,1,1,1,1
750,290000000,310,345,90,60,1,1,1,1
750,340000000,487,337,60,45,1,1,1,1
750,220000000,672,337,280,65,1,1,1,1
750,210000000,875,359,55,45,1,1,1,1
751,380000000,70,329,180,115,1,1,1,1
751,290000000,310,345,90,60,1,1,1,1
751,340000000,487,337,60,45,1,1,1,1
751,220000000,672,337,280,65,1,1,1,1
751,210000000,875,359,55,45,1,1,1,1
752,380000000,70,330,180,115,1,1,1,1
752,290000000,310,345,90,60,1,1,1,1
752,340000000,487,337,60,45,1,1,1,1
752,220000000,672,337,280,65,1,1,1,1
752,210000000,875,360,55,45,1,1,1,1
753,380000000,69,330,180,115,1,1,1,1
753,290000000,309,345,90,60,1,1,1,1
753,340000000,487,337,60,45,1,1,1,1
753,220000000,672,337,280,65,1,1,1,1
753,210000000,874,360,55,45,1,1,1,1
754,380000000,69,330,180,115,1,1,1,1
754,290000000,309,345,90,60,1,1,1,1
754,340000000,487,337,60,45,1,1,1,1
754,220000000,672,337,280,65,1,1,1,1
754,210000000,874,360,55,45,1,1,1,1
755,380000000,69,330,180,115,1,1,1,1
755,290000000,309,345,90,60,1,1,1,1
755,340000000,487,337,60,45,1,1,1,1
755,220000000,672,337,280,65,1,1,1,1
755,210000000,874,360,55,45,1,1,1,1
756,380000000,69,330,180,115,1,1,1,1
756,290000000,309,345,90,60,1,1,1,1
756,340000000,487,337,60,45,1,1,1,1
756,220000000,672,337,280,65,1,1,1,1
756,210000000,874,360,55,45,1,1,1,1
757,380000000,69,330,180,115,1,1,1,1
757,290000000,309,345,90,60,1,1,1,1
757,340000000,487,337,60,45,1,1,1,1
757,220000000,672,337,280,65,1,1,1,1
757,210000000,874,360,55,45,1,1,1,1
758,380000000,69,330,180,115,1,1,1,1
758,290000000,309,345,90,60,1,1,1,1
758,340000000,487,337,60,45,1,1,1,1
758,220000000,672,337,280,65,1,1,1,1
758,210000000,874,360,55,45,1,1,1,1
759,380000000,69,330,180,115,1,1,1,1
759,290000000,309,345,90,60,1,1,1,1
759,340000000,487,337,60,45,1,1,1,1
759,220000000,672,337,280,65,1,1,1,1
759,210000000,874,360,55,45,1,1,1,1
760,380000000,69,330,180,115,1,1,1,1
760,290000000,309,345,90,60,1,1,1,1
760,340000000,487,337,60,45,1,1,1,1
760,220000000,672,337,280,65,1,1,1,1
760,210000000,874,360,55,45,1,1,1,1
761,380000000,69,330,180,115,1,1,1,1
761,290000000,309,345,90,60,1,1,1,1
761,340000000,487,337,60,45,1,1,1,1
761,220000000,672,337,280,65,1,1,1,1
761,210000000,874,360,55,45,1,1,1,1
762,380000000,69,330,180,115,1,1,1,1
762,290000000,309,345,90,60,1,1,1,1
762,340000000,487,337,60,45,1,1,1,1
762,220000000,672,337,280,65,1,1,1,1
762,210000000,874,360,55,45,1,1,1,1
763,380000000,69,330,180,115,1,1,1,1
763,290000000,309,345,90,60,1,1,1,1
763,340000000,487,337,60,45,1,1,1,1
763,220000000,672,337,280,65,1,1,1,1
763,210000000,874,360,55,45,1,1,1,1
764,380000000,69,330,180,115,1,1,1,1
764,290000000,309,345,90,60,1,1,1,1
764,340000000,487,337,60,45,1,1,1,1
764,220000000,672,337,280,65,1,1,1,1
764,210000000,874,360,55,45,1,1,1,1
765,380000000,69,330,180,115,1,1,1,1
765,290000000,309,345,90,60,1,1,1,1
765,340000000,487,337,60,45,1,1,1,1
765,220000000,672,337,280,65,1,1,1,1
765,210000000,874,360,55,45,1,1,1,1
766,380000000,69,330,180,115,1,1,1,1
766,290000000,309,345,90,60,1,1,1,1
766,340000000,487,337,60,45,1,1,1,1
766,220000000,672,337,280,65,1,1,1,1
766,210000000,874,360,55,45,1,1,1,1
767,380000000,69,330,180,115,1,1,1,1
767,290000000,309,345,90,60,1,1,1,1
767,340000000,487,337,60,45,1,1,1,1
767,220000000,672,337,280,65,1,1,1,1
767,210000000,874,360,55,45,1,1,1,1
768,380000000,68,330,180,115,1,1,1,1
768,290000000,309,345,90,60,1,1,1,1
768,340000000,487,337,60,45,1,1,1,1
768,220000000,672,337,280,65,1,1,1,1
768,210000000,874,360,55,45,1,1,1,1
769,380000000,68,330,180,115,1,1,1,1
769,290000000,309,345,90,60,1,1,1,1
769,340000000,487,337,60,45,1,1,1,1
769,220000000,672,337,280,65,1,1,1,1
769,210000000,874,360,55,45,1,1,1,1
770,380000000,68,330,180,115,1,1,1,1
770,290000000,309,345,90,60,1,1,1,1
770,340000000,487,337,60,45,1,1,1,1
770,220000000,672,337,280,65,1,1,1,1
770,210000000,874,360,55,45,1,1,1,1
771,380000000,68,330,180,115,1,1,1,1
771,290000000,309,345,90,60,1,1,1,1
771,340000000,487,337,60,45,1,1,1,1
771,220000000,672,337,280,65,1,1,1,1
771,210000000,874,360,55,45,1,1,1,1
772,380000000,68,330,180,115,1,1,1,1
772,290000000,309,345,90,60,1,1,1,1
772,340000000,487,337,60,45,1,1,1,1
772,220000000,672,337,280,65,1,1,1,1
772,210000000,874,360,55,45,1,1,1,1
773,380000000,68,330,180,115,1,1,1,1
773,290000000,309,345,90,60,1,1,1,1
773,340000000,487,337,60,45,1,1,1,1
773,220000000,672,337,280,65,1,1,1,1
773,210000000,873,360,55,45,1,1,1,1
774,380000000,68,330,180,115,1,1,1,1
774,290000000,309,345,90,60,1,1,1,1
774,340000000,487,337,60,45,1,1,1,1
774,220000000,672,337,280,65,1,1,1,1
774,210000000,873,360,55,45,1,1,1,1
775,380000000,68,330,180,115,1,1,1,1
775,290000000,309,345,90,60,1,1,1,1
775,340000000,487,337,60,45,1,1,1,1
775,220000000,672,337,280,65,1,1,1,1
775,210000000,873,360,55,45,1,1,1,1
776,380000000,68,330,180,115,1,1,1,1
776,290000000,309,345,90,60,1,1,1,1
776,340000000,487,337,60,45,1,1,1,1
776,220000000,672,337,280,65,1,1,1,1
776,210000000,873,360,55,45,1,1,1,1
777,380000000,68,330,180,115,1,1,1,1
777,290000000,309,345,90,60,1,1,1,1
777,340000000,487,337,60,45,1,1,1,1
777,220000000,672,337,280,65,1,1,1,1
777,210000000,873,360,55,45,1,1,1,1
778,380000000,68,330,180,115,1,1,1,1
778,290000000,309,345,90,60,1,1,1,1
778,340000000,487,337,60,45,1,1,1,1
778,220000000,672,337,280,65,1,1,1,1
778,210000000,873,360,55,45,1,1,1,1
779,380000000,68,330,180,115,1,1,1,1
779,290000000,309,345,90,60,1,1,1,1
779,340000000,487,337,60,45,1,1,1,1
779,220000000,672,337,280,65,1,1,1,1
779,210000000,873,360,55,45,1,1,1,1
780,380000000,68,330,180,115,1,1,1,1
780,290000000,309,345,90,60,1,1,1,1
780,340000000,487,337,60,45,1,1,1,1
780,220000000,672,337,280,65,1,1,1,1
780,210000000,873,360,55,45,1,1,1,1
781,380000000,68,330,180,115,1,1,1,1
781,290000000,309,345,90,60,1,1,1,1
781,340000000,487,337,60,45,1,1,1,1
781,220000000,672,337,280,65,1,1,1,1
781,210000000,873,360,55,45,1,1,1,1
782,380000000,68,330,180,115,1,1,1,1
782,290000000,309,345,90,60,1,1,1,1
782,340000000,487,337,60,45,1,1,1,1
782,220000000,672,337,280,65,1,1,1,1
782,210000000,873,360,55,45,1,1,1,1
783,380000000,67,330,180,115,1,1,1,1
783,290000000,308,345,90,60,1,1,1,1
783,340000000,486,337,60,45,1,1,1,1
783,220000000,672,337,280,65,1,1,1,1
783,210000000,873,360,55,45,1,1,1,1
784,380000000,67,330,180,115,1,1,1,1
784,290000000,308,345,90,60,1,1,1,1
784,340000000,486,337,60,45,1,1,1,1
784,220000000,672,337,280,65,1,1,1,1
784,210000000,873,360,55,45,1,1,1,1
785,380000000,67,330,180,115,1,1,1,1
785,290000000,308,345,90,60,1,1,1,1
785,340000000,486,337,60,45,1,1,1,1
785,220000000,672,337,280,65,1,1,1,1
785,210000000,873,360,55,45,1,1,1,1
786,380000000,67,330,180,115,1,1,1,1
786,290000000,308,345,90,60,1,1,1,1
786,340000000,486,337,60,45,1,1,1,1
786,220000000,672,337,280,65,1,1,1,1
786,210000000,873,360,55,45,1,1,1,1
787,380000000,67,330,180,115,1,1,1,1
787,290000000,308,345,90,60,1,1,1,1
787,340000000,486,337,60,45,1,1,1,1
787,220000000,672,337,280,65,1,1,1,1
787,210000000,873,360,55,45,1,1,1,1
788,380000000,67,330,180,115,1,1,1,1
788,290000000,308,345,90,60,1,1,1,1
788,340000000,486,337,60,45,1,1,1,1
788,220000000,672,337,280,65,1,1,1,1
788,210000000,873,360,55,45,1,1,1,1
789,380000000,67,330,180,115,1,1,1,1
789,290000000,308,345,90,60,1,1,1,1
789,340000000,486,337,60,45,1,1,1,1
789,220000000,672,337,280,65,1,1,1,1
789,210000000,873,360,55,45,1,1,1,1
790,380000000,67,330,180,115,1,1,1,1
790,290000000,308,345,90,60,1,1,1,1
790,340000000,486,337,60,45,1,1,1,1
790,220000000,672,337,280,65,1,1,1,1
790,210000000,873,360,55,45,1,1,1,1
791,380000000,67,330,180,115,1,1,1,1
791,290000000,308,345,90,60,1,1,1,1
791,340000000,486,337,60,45,1,1,1,1
791,220000000,672,337,280,65,1,1,1,1
791,210000000,873,360,55,45,1,1,1,1
792,380000000,67,330,180,115,1,1,1,1
792,290000000,308,345,90,60,1,1,1,1
792,340000000,486,337,60,45,1,1,1,1
792,220000000,672,337,280,65,1,1,1,1
792,210000000,873,360,55,45,1,1,1,1
793,380000000,67,330,180,115,1,1,1,1
793,290000000,308,345,90,60,1,1,1,1
793,340000000,486,337,60,45,1,1,1,1
793,220000000,672,337,280,65,1,1,1,1
793,210000000,872,360,55,45,1,1,1,1
794,380000000,67,330,180,115,1,1,1,1
794,290000000,308,345,90,60,1,1,1,1
794,340000000,486,337,60,45,1,1,1,1
794,220000000,672,337,280,65,1,1,1,1
794,210000000,872,360,55,45,1,1,1,1
795,380000000,67,330,180,115,1,1,1,1
795,290000000,308,345,90,60,1,1,1,1
795,340000000,486,337,60,45,1,1,1,1
795,220000000,672,337,280,65,1,1,1,1
795,210000000,872,360,55,45,1,1,1,1
796,380000000,67,330,180,115,1,1,1,1
796,290000000,308,345,90,60,1,1,1,1
796,340000000,486,337,60,45,1,1,1,1
796,220000000,672,337,280,65,1,1,1,1
796,210000000,872,360,55,45,1,1,1,1
797,380000000,67,330,180,115,1,1,1,1
797,290000000,308,345,90,60,1,1,1,1
797,340000000,486,337,60,45,1,1,1,1
797,220000000,672,337,280,65,1,1,1,1
797,210000000,872,360,55,45,1,1,1,1
798,380000000,66,330,180,115,1,1,1,1
798,290000000,308,345,90,60,1,1,1,1
798,340000000,486,337,60,45,1,1,1,1
798,220000000,672,337,280,65,1,1,1,1
798,210000000,872,360,55,45,1,1,1,1
799,380000000,66,330,180,115,1,1,1,1
799,290000000,308,345,90,60,1,1,1,1
799,340000000,486,337,60,45,1,1,1,1
799,220000000,672,337,280,65,1,1,1,1
799,210000000,872,360,55,45,1,1,1,1
800,380000000,66,330,180,115,1,1,1,1
800,290000000,308,345,90,60,1,1,1,1
800,340000000,486,337,60,45,1,1,1,1
800,220000000,672,337,280,65,1,1,1,1
800,210000000,872,360,55,45,1,1,1,1
801,380000000,66,330,180,115,1,1,1,1
801,290000000,308,345,90,60,1,1,1,1
801,340000000,486,337,60,45,1,1,1,1
801,220000000,672,337,280,65,1,1,1,1
801,210000000,872,360,55,45,1,1,1,1
802,380000000,66,330,180,115,1,1,1,1
802,290000000,308,345,90,60,1,1,1,1
802,340000000,486,337,60,45,1,1,1,1
802,220000000,672,337,280,65,1,1,1,1
802,210000000,872,360,55,45,1,1,1,1
803,380000000,66,330,180,115,1,1,1,1
803,290000000,308,345,90,60,1,1,1,1
803,340000000,486,337,60,45,1,1,1,1
803,220000000,671,337,280,65,1,1,1,1
803,210000000,872,360,55,45,1,1,1,1
804,380000000,66,330,180,115,1,1,1,1
804,290000000,308,345,90,60,1,1,1,1
804,340000000,486,337,60,45,1,1,1,1
804,220000000,671,337,280,65,1,1,1,1
804,210000000,872,360,55,45,1,1,1,1
805,380000000,66,330,180,115,1,1,1,1
805,290000000,308,345,90,60,1,1,1,1
805,340000000,486,337,60,45,1,1,1,1
805,220000000,671,337,280,65,1,1,1,1
805,210000000,872,360,55,45,1,1,1,1
806,380000000,66,330,180,115,1,1,1,1
806,290000000,308,345,90,60,1,1,1,1
806,340000000,486,337,60,45,1,1,1,1
806,220000000,671,337,280,65,1,1,1,1
806,210000000,872,360,55,45,1,1,1,1
807,380000000,66,330,180,115,1,1,1,1
807,290000000,308,345,90,60,1,1,1,1
807,340000000,486,337,60,45,1,1,1,1
807,220000000,671,337,280,65,1,1,1,1
807,210000000,872,360,55,45,1,1,1,1
808,380000000,66,330,180,115,1,1,1,1
808,290000000,308,345,90,60,1,1,1,1
808,340000000,486,337,60,45,1,1,1,1
808,220000000,671,337,280,65,1,1,1,1
808,210000000,872,360,55,45,1,1,1,1
809,380000000,66,330,180,115,1,1,1,1
809,290000000,308,345,90,60,1,1,1,1
809,340000000,486,337,60,45,1,1,1,1
809,220000000,671,337,280,65,1,1,1,1
809,210000000,872,360,55,45,1,1,1,1
810,380000000,66,330,180,115,1,1,1,1
810,290000000,308,345,90,60,1,1,1,1
810,340000000,486,337,60,45,1,1,1,1
810,220000000,671,337,280,65,1,1,1,1
810,210000000,872,360,55,45,1,1,1,1
811,380000000,66,330,180,115,1,1,1,1
811,290000000,308,345,90,60,1,1,1,1
811,340000000,486,337,60,45,1,1,1,1
811,220000000,671,337,280,65,1,1,1,1
811,210000000,872,360,55,45,1,1,1,1
812,380000000,66,331,180,115,1,1,1,1
812,290000000,308,345,90,60,1,1,1,1
812,340000000,486,337,60,45,1,1,1,1
812,220000000,671,337,280,65,1,1,1,1
812,210000000,872,361,55,45,1,1,1,1
813,380000000,65,331,180,115,1,1,1,1
813,290000000,307,345,90,60,1,1,1,1
813,340000000,486,337,60,45,1,1,1,1
813,220000000,671,337,280,65,1,1,1,1
813,210000000,871,361,55,45,1,1,1,1
814,380000000,65,331,180,115,1,1,1,1
814,290000000,307,345,90,60,1,1,1,1
814,340000000,486,337,60,45,1,1,1,1
814,220000000,671,337,280,65,1,1,1,1
814,210000000,871,361,55,45,1,1,1,1
815,380000000,65,331,180,115,1,1,1,1
815,290000000,307,345,90,60,1,1,1,1
815,340000000,486,337,60,45,1,1,1,1
815,220000000,671,337,280,65,1,1,1,1
815,210000000,871,361,55,45,1,1,1,1
816,380000000,65,331,180,115,1,1,1,1
816,290000000,307,345,90,60,1,1,1,1
816,340000000,486,337,60,45,1,1,1,1
816,220000000,671,337,280,65,1,1,1,1
816,210000000,871,361,55,45,1,1,1,1
817,380000000,65,331,180,115,1,1,1,1
817,290000000,307,345,90,60,1,1,1,1
817,340000000,486,337,60,45,1,1,1,1
817,220000000,671,337,280,65,1,1,1,1
817,210000000,871,361,55,45,1,1,1,1
818,380000000,65,331,180,115,1,1,1,1
818,290000000,307,345,90,60,1,1,1,1
818,340000000,486,337,60,45,1,1,1,1
818,220000000,671,337,280,65,1,1,1,1
818,210000000,871,361,55,45,1,1,1,1
819,380000000,65,331,180,115,1,1,1,1
819,290000000,307,345,90,60,1,1,1,1
819,340000000,486,337,60,45,1,1,1,1
819,220000000,671,337,280,65,1,1,1,1
819,210000000,871,361,55,45,1,1,1,1
820,380000000,65,331,180,115,1,1,1,1
820,290000000,307,345,90,60,1,1,1,1
820,340000000,486,337,60,45,1,1,1,1
820,220000000,671,337,280,65,1,1,1,1
820,210000000,871,361,55,45,1,1,1,1
821,380000000,65,331,180,115,1,1,1,1
821,290000000,307,345,90,60,1,1,1,1
821,340000000,486,337,60,45,1,1,1,1
821,220000000,671,337,280,65,1,1,1,1
821,210000000,871,361,55,45,1,1,1,1
822,380000000,65,331,180,115,1,1,1,1
822,290000000,307,345,90,60,1,1,1,1
822,340000000,486,337,60,45,1,1,1,1
822,220000000,671,337,280,65,1,1,1,1
822,210000000,871,361,55,45,1,1,1,1
823,380000000,65,331,180,115,1,1,1,1
823,290000000,307,345,90,60,1,1,1,1
823,340000000,486,337,60,45,1,1,1,1
823,220000000,671,337,280,65,1,1,1,1
823,210000000,871,361,55,45,1,1,1,1
824,380000000,65,331,180,115,1,1,1,1
824,290000000,307,345,90,60,1,1,1,1
824,340000000,486,337,60,45,1,1,1,1
824,220000000,671,337,280,65,1,1,1,1
824,210000000,871,361,55,45,1,1,1,1
825,380000000,65,331,180,115,1,1,1,1
825,290000000,307,345,90,60,1,1,1,1
825,340000000,486,337,60,45,1,1,1,1
825,220000000,671,337,280,65,1,1,1,1
825,210000000,871,361,55,45,1,1,1,1
826,380000000,65,331,180,115,1,1,1,1
826,290000000,307,345,90,60,1,1,1,1
826,340000000,486,337,60,45,1,1,1,1
826,220000000,671,337,280,65,1,1,1,1
826,210000000,871,361,55,45,1,1,1,1
827,380000000,65,331,180,115,1,1,1,1
827,290000000,307,345,90,60,1,1,1,1
827,340000000,486,337,60,45,1,1,1,1
827,220000000,671,337,280,65,1,1,1,1
827,210000000,871,361,55,45,1,1,1,1
828,380000000,64,331,180,115,1,1,1,1
828,290000000,307,345,90,60,1,1,1,1
828,340000000,486,337,60,45,1,1,1,1
828,220000000,671,337,280,65,1,1,1,1
828,210000000,871,361,55,45,1,1,1,1
829,380000000,64,331,180,115,1,1,1,1
829,290000000,307,345,90,60,1,1,1,1
829,340000000,486,337,60,45,1,1,1,1
829,220000000,671,337,280,65,1,1,1,1
829,210000000,871,361,55,45,1,1,1,1
830,380000000,64,331,180,115,1,1,1,1
830,290000000,307,345,90,60,1,1,1,1
830,340000000,486,337,60,45,1,1,1,1
830,220000000,671,337,280,65,1,1,1,1
830,210000000,871,361,55,45,1,1,1,1
831,380000000,64,331,180,115,1,1,1,1
831,290000000,307,345,90,60,1,1,1,1
831,340000000,486,337,60,45,1,1,1,1
831,220000000,671,337,280,65,1,1,1,1
831,210000000,871,361,55,45,1,1,1,1
832,380000000,64,331,180,115,1,1,1,1
832,290000000,307,345,90,60,1,1,1,1
832,340000000,486,337,60,45,1,1,1,1
832,220000000,671,337,280,65,1,1,1,1
832,210000000,871,361,55,45,1,1,1,1
833,380000000,64,331,180,115,1,1,1,1
833,290000000,307,345,90,60,1,1,1,1
833,340000000,486,337,60,45,1,1,1,1
833,220000000,671,337,280,65,1,1,1,1
833,210000000,870,361,55,45,1,1,1,1
834,380000000,64,331,180,115,1,1,1,1
834,290000000,307,345,90,60,1,1,1,1
834,340000000,486,337,60,45,1,1,1,1
834,220000000,671,337,280,65,1,1,1,1
834,210000000,870,361,55,45,1,1,1,1
835,380000000,64,331,180,115,1,1,1,1
835,290000000,307,345,90,60,1,1,1,1
835,340000000,486,337,60,45,1,1,1,1
835,220000000,671,337,280,65,1,1,1,1
835,210000000,870,361,55,45,1,1,1,1
836,380000000,64,331,180,115,1,1,1,1
836,290000000,307,345,90,60,1,1,1,1
836,340000000,486,337,60,45,1,1,1,1
836,220000000,671,337,280,65,1,1,1,1
836,210000000,870,361,55,45,1,1,1,1
837,380000000,64,331,180,115,1,1,1,1
837,290000000,307,345,90,60,1,1,1,1
837,340000000,486,337,60,45,1,1,1,1
837,220000000,671,337,280,65,1,1,1,1
837,210000000,870,361,55,45,1,1,1,1
838,380000000,64,331,180,115,1,1,1,1
838,290000000,307,345,90,60,1,1,1,1
838,340000000,486,337,60,45,1,1,1,1
838,220000000,671,337,280,65,1,1,1,1
838,210000000,870,361,55,45,1,1,1,1
839,380000000,64,331,180,115,1,1,1,1
839,290000000,307,345,90,60,1,1,1,1
839,340000000,486,337,60,45,1,1,1,1
839,220000000,671,337,280,65,1,1,1,1
839,210000000,870,361,55,45,1,1,1,1
840,380000000,64,331,180,115,1,1,1,1
840,290000000,307,345,90,60,1,1,1,1
840,340000000,486,337,60,45,1,1,1,1
840,220000000,671,337,280,65,1,1,1,1
840,210000000,870,361,55,45,1,1,1,1
841,380000000,64,331,180,115,1,1,1,1
841,290000000,307,345,90,60,1,1,1,1
841,340000000,486,337,60,45,1,1,1,1
841,220000000,671,337,280,65,1,1,1,1
841,210000000,870,361,55,45,1,1,1,1
842,380000000,64,331,180,115,1,1,1,1
842,290000000,307,345,90,60,1,1,1,1
842,340000000,486,337,60,45,1,1,1,1
842,220000000,671,337,280,65,1,1,1,1
842,210000000,870,361,55,45,1,1,1,1
843,380000000,63,331,180,115,1,1,1,1
843,290000000,306,345,90,60,1,1,1,1
843,340000000,485,337,60,45,1,1,1,1
843,220000000,671,337,280,65,1,1,1,1
843,210000000,870,361,55,45,1,1,1,1
844,380000000,63,331,180,115,1,1,1,1
844,290000000,306,345,90,60,1,1,1,1
844,340000000,485,337,60,45,1,1,1,1
844,220000000,671,337,280,65,1,1,1,1
844,210000000,870,361,55,45,1,1,1,1
845,380000000,63,331,180,115,1,1,1,1
845,290000000,306,345,90,60,1,1,1,1
845,340000000,485,337,60,45,1,1,1,1
845,220000000,671,337,280,65,1,1,1,1
845,210000000,870,361,55,45,1,1,1,1
846,380000000,63,331,180,115,1,1,1,1
846,290000000,306,345,90,60,1,1,1,1
846,340000000,485,337,60,45,1,1,1,1
846,220000000,671,337,280,65,1,1,1,1
846,210000000,870,361,55,45,1,1,1,1
847,380000000,63,331,180,115,1,1,1,1
847,290000000,306,345,90,60,1,1,1,1
847,340000000,485,337,60,45,1,1,1,1
847,220000000,671,337,280,65,1,1,1,1
847,210000000,870,361,55,45,1,1,1,1
848,380000000,63,331,180,115,1,1,1,1
848,290000000,306,345,90,60,1,1,1,1
848,340000000,485,337,60,45,1,1,1,1
848,220000000,671,337,280,65,1,1,1,1
848,210000000,870,361,55,45,1,1,1,1
849,380000000,63,331,180,115,1,1,1,1
849,290000000,306,345,90,60,1,1,1,1
849,340000000,485,337,60,45,1,1,1,1
849,220000000,671,337,280,65,1,1,1,1
849,210000000,870,361,55,45,1,1,1,1
850,380000000,63,331,180,115,1,1,1,1
850,290000000,306,345,90,60,1,1,1,1
850,340000000,485,337,60,45,1,1,1,1
850,220000000,671,337,280,65,1,1,1,1
850,210000000,870,361,55,45,1,1,1,1
851,380000000,63,331,180,115,1,1,1,1
851,290000000,306,345,90,60,1,1,1,1
851,340000000,485,337,60,45,1,1,1,1
851,220000000,671,337,280,65,1,1,1,1
851,210000000,870,361,55,45,1,1,1,1
852,380000000,63,331,180,115,1,1,1,1
852,290000000,306,345,90,60,1,1,1,1
852,340000000,485,337,60,45,1,1,1,1
852,220000000,671,337,280,65,1,1,1,1
852,210000000,870,361,55,45,1,1,1,1
853,380000000,63,331,180,115,1,1,1,1
853,290000000,306,345,90,60,1,1,1,1
853,340000000,485,337,60,45,1,1,1,1
853,220000000,671,337,280,65,1,1,1,1
853,210000000,869,361,55,45,1,1,1,1
854,380000000,63,331,180,115,1,1,1,1
854,290000000,306,345,90,60,1,1,1,1
854,340000000,485,337,60,45,1,1,1,1
854,220000000,671,337,280,65,1,1,1,1
854,210000000,869,361,55,45,1,1,1,1
855,380000000,63,331,180,115,1,1,1,1
855,290000000,306,345,90,60,1,1,1,1
855,340000000,485,337,60,45,1,1,1,1
855,220000000,671,337,280,65,1,1,1,1
855,210000000,869,361,55,45,1,1,1,1
856,380000000,63,331,180,115,1,1,1,1
856,290000000,306,345,90,60,1,1,1,1
856,340000000,485,337,60,45,1,1,1,1
856,220000000,671,337,280,65,1,1,1,1
856,210000000,869,361,55,45,1,1,1,1
857,380000000,63,331,180,115,1,1,1,1
857,290000000,306,345,90,60,1,1,1,1
857,340000000,485,337,60,45,1,1,1,1
857,220000000,671,337,280,65,1,1,1,1
857,210000000,869,361,55,45,1,1,1,1
858,380000000,62,331,180,115,1,1,1,1
858,290000000,306,345,90,60,1,1,1,1
858,340000000,485,337,60,45,1,1,1,1
858,220000000,671,337,280,65,1,1,1,1
858,210000000,869,361,55,45,1,1,1,1
859,380000000,62,331,180,115,1,1,1,1
859,290000000,306,345,90,60,1,1,1,1
859,340000000,485,337,60,45,1,1,1,1
859,220000000,671,337,280,65,1,1,1,1
859,210000000,869,361,55,45,1,1,1,1
860,380000000,62,331,180,115,1,1,1,1
860,290000000,306,345,90,60,1,1,1,1
860,340000000,485,337,60,45,1,1,1,1
860,220000000,671,337,280,65,1,1,1,1
860,210000000,869,361,55,45,1,1,1,1
861,380000000,62,331,180,115,1,1,1,1
861,290000000,306,345,90,60,1,1,1,1
861,340000000,485,337,60,45,1,1,1,1
861,220000000,671,337,280,65,1,1,1,1
861,210000000,869,361,55,45,1,1,1,1
862,380000000,62,331,180,115,1,1,1,1
862,290000000,306,345,90,60,1,1,1,1
862,340000000,485,337,60,45,1,1,1,1
862,220000000,671,337,280,65,1,1,1,1
862,210000000,869,361,55,45,1,1,1,1
863,380000000,62,331,180,115,1,1,1,1
863,290000000,306,345,90,60,1,1,1,1
863,340000000,485,337,60,45,1,1,1,1
863,220000000,671,337,280,65,1,1,1,1
863,210000000,869,361,55,45,1,1,1,1
864,380000000,62,331,180,115,1,1,1,1
864,290000000,306,345,90,60,1,1,1,1
864,340000000,485,337,60,45,1,1,1,1
864,220000000,671,337,280,65,1,1,1,1
864,210000000,869,361,55,45,1,1,1,1
865,380000000,62,331,180,115,1,1,1,1
865,290000000,306,345,90,60,1,1,1,1
865,340000000,485,337,60,45,1,1,1,1
865,220000000,671,337,280,65,1,1,1,1
865,210000000,869,361,55,45,1,1,1,1
866,380000000,62,331,180,115,1,1,1,1
866,290000000,306,345,90,60,1,1,1,1
866,340000000,485,337,60,45,1,1,1,1
866,220000000,671,337,280,65,1,1,1,1
866,210000000,869,361,55,45,1,1,1,1
867,380000000,62,331,180,115,1,1,1,1
867,290000000,306,345,90,60,1,1,1,1
867,340000000,485,337,60,45,1,1,1,1
867,220000000,671,337,280,65,1,1,1,1
867,210000000,869,361,55,45,1,1,1,1
868,380000000,62,331,180,115,1,1,1,1
868,290000000,306,345,90,60,1,1,1,1
868,340000000,485,337,60,45,1,1,1,1
868,220000000,671,337,280,65,1,1,1,1
868,210000000,869,361,55,45,1,1,1,1
869,380000000,62,331,180,115,1,1,1,1
869,290000000,306,345,90,60,1,1,1,1
869,340000000,485,337,60,45,1,1,1,1
869,220000000,671,337,280,65,1,1,1,1
869,210000000,869,361,55,45,1,1,1,1
870,380000000,62,331,180,115,1,1,1,1
870,290000000,306,345,90,60,1,1,1,1
870,340000000,485,337,60,45,1,1,1,1
870,220000000,671,337,280,65,1,1,1,1
870,210000000,869,361,55,45,1,1,1,1
871,380000000,62,331,180,115,1,1,1,1
871,290000000,306,345,90,60,1,1,1,1
871,340000000,485,337,60,45,1,1,1,1
871,220000000,671,337,280,65,1,1,1,1
871,210000000,869,361,55,45,1,1,1,1
872,380000000,62,332,180,115,1,1,1,1
872,290000000,306,345,90,60,1,1,1,1
872,340000000,485,337,60,45,1,1,1,1
872,220000000,671,337,280,65,1,1,1,1
872,210000000,869,362,55,45,1,1,1,1
873,380000000,61,332,180,115,1,1,1,1
873,290000000,305,345,90,60,1,1,1,1
873,340000000,485,337,60,45,1,1,1,1
873,220000000,671,337,280,65,1,1,1,1
873,210000000,868,362,55,45,1,1,1,1
874,380000000,61,332,180,115,1,1,1,1
874,290000000,305,345,90,60,1,1,1,1
874,340000000,485,337,60,45,1,1,1,1
874,220000000,671,337,280,65,1,1,1,1
874,210000000,868,362,55,45,1,1,1,1
875,380000000,61,332,180,115,1,1,1,1
875,290000000,305,345,90,60,1,1,1,1
875,340000000,485,337,60,45,1,1,1,1
875,220000000,671,337,280,65,1,1,1,1
875,210000000,868,362,55,45,1,1,1,1
876,380000000,61,332,180,115,1,1,1,1
876,290000000,305,345,90,60,1,1,1,1
876,340000000,485,337,60,45,1,1,1,1
876,220000000,671,337,280,65,1,1,1,1
876,210000000,868,362,55,45,1,1,1,1
877,380000000,61,332,180,115,1,1,1,1
877,290000000,305,345,90,60,1,1,1,1
877,340000000,485,337,60,45,1,1,1,1
877,220000000,671,337,280,65,1,1,1,1
877,210000000,868,362,55,45,1,1,1,1
878,380000000,61,332,180,115,1,1,1,1
878,290000000,305,345,90,60,1,1,1,1
878,340000000,485,337,60,45,1,1,1,1
878,220000000,671,337,280,65,1,1,1,1
878,210000000,868,362,55,45,1,1,1,1
879,380000000,61,332,180,115,1,1,1,1
879,290000000,305,345,90,60,1,1,1,1
879,340000000,485,337,60,45,1,1,1,1
879,220000000,671,337,280,65,1,1,1,1
879,210000000,868,362,55,45,1,1,1,1
880,380000000,61,332,180,115,1,1,1,1
880,290000000,305,345,90,60,1,1,1,1
880,340000000,485,337,60,45,1,1,1,1
880,220000000,671,337,280,65,1,1,1,1
880,210000000,868,362,55,45,1,1,1,1
881,380000000,61,332,180,115,1,1,1,1
881,290000000,305,345,90,60,1,1,1,1
881,340000000,485,337,60,45,1,1,1,1
881,220000000,671,337,280,65,1,1,1,1
881,210000000,868,362,55,45,1,1,1,1
882,380000000,61,332,180,115,1,1,1,1
882,290000000,305,345,90,60,1,1,1,1
882,340000000,485,337,60,45,1,1,1,1
882,220000000,671,337,280,65,1,1,1,1
882,210000000,868,362,55,45,1,1,1,1
883,380000000,61,332,180,115,1,1,1,1
883,290000000,305,345,90,60,1,1,1,1
883,340000000,485,337,60,45,1,1,1,1
883,220000000,671,337,280,65,1,1,1,1
883,210000000,868,362,55,45,1,1,1,1
884,380000000,61,332,180,115,1,1,1,1
884,290000000,305,345,90,60,1,1,1,1
884,340000000,485,337,60,45,1,1,1,1
884,220000000,671,337,280,65,1,1,1,1
884,210000000,868,362,55,45,1,1,1,1
885,380000000,61,332,180,115,1,1,1,1
885,290000000,305,345,90,60,1,1,1,1
885,340000000,485,337,60,45,1,1,1,1
885,220000000,671,337,280,65,1,1,1,1
885,210000000,868,362,55,45,1,1,1,1
886,380000000,61,332,180,115,1,1,1,1
886,290000000,305,345,90,60,1,1,1,1
886,340000000,485,337,60,45,1,1,1,1
886,220000000,671,337,280,65,1,1,1,1
886,210000000,868,362,55,45,1,1,1,1
887,380000000,61,332,180,115,1,1,1,1
887,290000000,305,345,90,60,1,1,1,1
887,340000000,485,337,60,45,1,1,1,1
887,220000000,671,337,280,65,1,1,1,1
887,210000000,868,362,55,45,1,1,1,1
888,380000000,60,332,180,115,1,1,1,1
888,290000000,305,345,90,60,1,1,1,1
888,340000000,485,337,60,45,1,1,1,1
888,220000000,671,337,280,65,1,1,1,1
888,210000000,868,362,55,45,1,1,1,1
889,380000000,60,332,180,115,1,1,1,1
889,290000000,305,345,90,60,1,1,1,1
889,340000000,485,337,60,45,1,1,1,1
889,220000000,671,337,280,65,1,1,1,1
889,210000000,868,362,55,45,1,1,1,1
890,380000000,60,332,180,115,1,1,1,1
890,290000000,305,345,90,60,1,1,1,1
890,340000000,485,337,60,45,1,1,1,1
890,220000000,671,337,280,65,1,1,1,1
890,210000000,868,362,55,45,1,1,1,1
891,380000000,60,332,180,115,1,1,1,1
891,290000000,305,345,90,60,1,1,1,1
891,340000000,485,337,60,45,1,1,1,1
891,220000000,671,337,280,65,1,1,1,1
891,210000000,868,362,55,45,1,1,1,1
892,380000000,60,332,180,115,1,1,1,1
892,290000000,305,345,90,60,1,1,1,1
892,340000000,485,337,60,45,1,1,1,1
892,220000000,671,337,280,65,1,1,1,1
892,210000000,868,362,55,45,1,1,1,1
893,380000000,60,332,180,115,1,1,1,1
893,290000000,305,345,90,60,1,1,1,1
893,340000000,485,337,60,45,1,1,1,1
893,220000000,671,337,280,65,1,1,1,1
893,210000000,867,362,55,45,1,1,1,1
894,380000000,60,332,180,115,1,1,1,1
894,290000000,305,345,90,60,1,1,1,1
894,340000000,485,337,60,45,1,1,1,1
894,220000000,671,337,280,65,1,1,1,1
894,210000000,867,362,55,45,1,1,1,1
895,380000000,60,332,180,115,1,1,1,1
895,290000000,305,345,90,60,1,1,1,1
895,340000000,485,337,60,45,1,1,1,1
895,220000000,671,337,280,65,1,1,1,1
895,210000000,867,362,55,45,1,1,1,1
896,380000000,60,332,180,115,1,1,1,1
896,290000000,305,345,90,60,1,1,1,1
896,340000000,485,337,60,45,1,1,1,1
896,220000000,671,337,280,65,1,1,1,1
896,210000000,867,362,55,45,1,1,1,1
897,380000000,60,332,180,115,1,1,1,1
897,290000000,305,345,90,60,1,1,1,1
897,340000000,485,337,60,45,1,1,1,1
897,220000000,671,337,280,65,1,1,1,1
897,210000000,867,362,55,45,1,1,1,1
898,380000000,60,332,180,115,1,1,1,1
898,290000000,305,345,90,60,1,1,1,1
898,340000000,485,337,60,45,1,1,1,1
898,220000000,671,337,280,65,1,1,1,1
898,210000000,867,362,55,45,1,1,1,1
899,380000000,60,332,180,115,1,1,1,1
899,290000000,305,345,90,60,1,1,1,1
899,340000000,485,337,60,45,1,1,1,1
899,220000000,671,337,280,65,1,1,1,1
899,210000000,867,362,55,45,1,1,1,1
900,380000000,60,332,180,115,1,1,1,1
900,290000000,305,345,90,60,1,1,1,1
900,340000000,485,337,60,45,1,1,1,1
900,220000000,671,337,280,65,1,1,1,1
900,210000000,867,362,55,45,1,1,1,1
901,380000000,60,332,180,115,1,1,1,1
901,290000000,305,345,90,60,1,1,1,1
901,340000000,485,337,60,45,1,1,1,1
901,220000000,671,337,280,65,1,1,1,1
901,210000000,867,362,55,45,1,1,1,1
902,380000000,60,332,180,115,1,1,1,1
902,290000000,305,345,90,60,1,1,1,1
902,340000000,485,337,60,45,1,1,1,1
902,220000000,671,337,280,65,1,1,1,1
902,210000000,867,362,55,45,1,1,1,1
903,380000000,59,332,180,115,1,1,1,1
903,290000000,304,345,90,60,1,1,1,1
903,340000000,484,337,60,45,1,1,1,1
903,220000000,670,337,280,65,1,1,1,1
903,210000000,867,362,55,45,1,1,1,1
904,380000000,59,332,180,115,1,1,1,1
904,290000000,304,345,90,60,1,1,1,1
904,340000000,484,337,60,45,1,1,1,1
904,220000000,670,337,280,65,1,1,1,1
904,210000000,867,362,55,45,1,1,1,1
905,380000000,59,332,180,115,1,1,1,1
905,290000000,304,345,90,60,1,1,1,1
905,340000000,484,337,60,45,1,1,1,1
905,220000000,670,337,280,65,1,1,1,1
905,210000000,867,362,55,45,1,1,1,1
906,380000000,59,332,180,115,1,1,1,1
906,290000000,304,345,90,60,1,1,1,1
906,340000000,484,337,60,45,1,1,1,1
906,220000000,670,337,280,65,1,1,1,1
906,210000000,867,362,55,45,1,1,1,1
907,380000000,59,332,180,115,1,1,1,1
907,290000000,304,345,90,60,1,1,1,1
907,340000000,484,337,60,45,1,1,1,1
907,220000000,670,337,280,65,1,1,1,1
907,210000000,867,362,55,45,1,1,1,1
908,380000000,59,332,180,115,1,1,1,1
908,290000000,304,345,90,60,1,1,1,1
908,340000000,484,337,60,45,1,1,1,1
908,220000000,670,337,280,65,1,1,1,1
908,210000000,867,362,55,45,1,1,1,1
909,380000000,59,332,180,115,1,1,1,1
909,290000000,304,345,90,60,1,1,1,1
909,340000000,484,337,60,45,1,1,1,1
909,220000000,670,337,280,65,1,1,1,1
909,210000000,867,362,55,45,1,1,1,1
910,380000000,59,332,180,115,1,1,1,1
910,290000000,304,345,90,60,1,1,1,1
910,340000000,484,337,60,45,1,1,1,1
910,220000000,670,337,280,65,1,1,1,1
910,210000000,867,362,55,45,1,1,1,1
911,380000000,59,332,180,115,1,1,1,1
911,290000000,304,345,90,60,1,1,1,1
911,340000000,484,337,60,45,1,1,1,1
911,220000000,670,337,280,65,1,1,1,1
911,210000000,867,362,55,45,1,1,1,1
912,380000000,59,332,180,115,1,1,1,1
912,290000000,304,345,90,60,1,1,1,1
912,340000000,484,337,60,45,1,1,1,1
912,220000000,670,337,280,65,1,1,1,1
912,210000000,867,362,55,45,1,1,1,1
913,380000000,59,332,180,115,1,1,1,1
913,290000000,304,345,90,60,1,1,1,1
913,340000000,484,337,60,45,1,1,1,1
913,220000000,670,337,280,65,1,1,1,1
913,210000000,866,362,55,45,1,1,1,1
914,380000000,59,332,180,115,1,1,1,1
914,290000000,304,345,90,60,1,1,1,1
914,340000000,484,337,60,45,1,1,1,1
914,220000000,670,337,280,65,1,1,1,1
914,210000000,866,362,55,45,1,1,1,1
915,380000000,59,332,180,115,1,1,1,1
915,290000000,304,345,90,60,1,1,1,1
915,340000000,484,337,60,45,1,1,1,1
915,220000000,670,337,280,65,1,1,1,1
915,210000000,866,362,55,45,1,1,1,1
916,380000000,59,332,180,115,1,1,1,1
916,290000000,304,345,90,60,1,1,1,1
916,340000000,484,337,60,45,1,1,1,1
916,220000000,670,337,280,65,1,1,1,1
916,210000000,866,362,55,45,1,1,1,1
917,380000000,59,332,180,115,1,1,1,1
917,290000000,304,345,90,60,1,1,1,1
917,340000000,484,337,60,45,1,1,1,1
917,220000000,670,337,280,65,1,1,1,1
917,210000000,866,362,55,45,1,1,1,1
918,380000000,58,332,180,115,1,1,1,1
918,290000000,304,345,90,60,1,1,1,1
918,340000000,484,337,60,45,1,1,1,1
918,220000000,670,337,280,65,1,1,1,1
918,210000000,866,362,55,45,1,1,1,1
919,380000000,58,332,180,115,1,1,1,1
919,290000000,304,345,90,60,1,1,1,1
919,340000000,484,337,60,45,1,1,1,1
919,220000000,670,337,280,65,1,1,1,1
919,210000000,866,362,55,45,1,1,1,1
920,380000000,58,332,180,115,1,1,1,1
920,290000000,304,345,90,60,1,1,1,1
920,340000000,484,337,60,45,1,1,1,1
920,220000000,670,337,280,65,1,1,1,1
920,210000000,866,362,55,45,1,1,1,1
921,380000000,58,332,180,115,1,1,1,1
921,290000000,304,345,90,60,1,1,1,1
921,340000000,484,337,60,45,1,1,1,1
921,220000000,670,337,280,65,1,1,1,1
921,210000000,866,362,55,45,1,1,1,1
922,380000000,58,332,180,115,1,1,1,1
922,290000000,304,345,90,60,1,1,1,1
922,340000000,484,337,60,45,1,1,1,1
922,220000000,670,337,280,65,1,1,1,1
922,210000000,866,362,55,45,1,1,1,1
923,380000000,58,332,180,115,1,1,1,1
923,290000000,304,345,90,60,1,1,1,1
923,340000000,484,337,60,45,1,1,1,1
923,220000000,670,337,280,65,1,1,1,1
923,210000000,866,362,55,45,1,1,1,1
924,380000000,58,332,180,115,1,1,1,1
924,290000000,304,345,90,60,1,1,1,1
924,340000000,484,337,60,45,1,1,1,1
924,220000000,670,337,280,65,1,1,1,1
924,210000000,866,362,55,45,1,1,1,1
925,380000000,58,332,180,115,1,1,1,1
925,290000000,304,345,90,60,1,1,1,1
925,340000000,484,337,60,45,1,1,1,1
925,220000000,670,337,280,65,1,1,1,1
925,210000000,866,362,55,45,1,1,1,1
926,380000000,58,332,180,115,1,1,1,1
926,290000000,304,345,90,60,1,1,1,1
926,340000000,484,337,60,45,1,1,1,1
926,220000000,670,337,280,65,1,1,1,1
926,210000000,866,362,55,45,1,1,1,1
927,380000000,58,332,180,115,1,1,1,1
927,290000000,304,345,90,60,1,1,1,1
927,340000000,484,337,60,45,1,1,1,1
927,220000000,670,337,280,65,1,1,1,1
927,210000000,866,362,55,45,1,1,1,1
928,380000000,58,332,180,115,1,1,1,1
928,290000000,304,345,90,60,1,1,1,1
928,340000000,484,337,60,45,1,1,1,1
928,220000000,670,337,280,65,1,1,1,1
928,210000000,866,362,55,45,1,1,1,1
929,380000000,58,332,180,115,1,1,1,1
929,290000000,304,345,90,60,1,1,1,1
929,340000000,484,337,60,45,1,1,1,1
929,220000000,670,337,280,65,1,1,1,1
929,210000000,866,362,55,45,1,1,1,1
930,380000000,58,332,180,115,1,1,1,1
930,290000000,304,345,90,60,1,1,1,1
930,340000000,484,337,60,45,1,1,1,1
930,220000000,670,337,280,65,1,1,1,1
930,210000000,866,362,55,45,1,1,1,1
931,380000000,58,332,180,115,1,1,1,1
931,290000000,304,345,90,60,1,1,1,1
931,340000000,484,337,60,45,1,1,1,1
931,220000000,670,337,280,65,1,1,1,1
931,210000000,866,362,55,45,1,1,1,1
932,380000000,58,333,180,115,1,1,1,1
932,290000000,304,345,90,60,1,1,1,1
932,340000000,484,337,60,45,1,1,1,1
932,220000000,670,337,280,65,1,1,1,1
932,210000000,866,363,55,45,1,1,1,1
933,380000000,57,333,180,115,1,1,1,1
933,290000000,303,345,90,60,1,1,1,1
933,340000000,484,337,60,45,1,1,1,1
933,220000000,670,337,280,65,1,1,1,1
933,210000000,865,363,55,45,1,1,1,1
934,380000000,57,333,180,115,1,1,1,1
934,290000000,303,345,90,60,1,1,1,1
934,340000000,484,337,60,45,1,1,1,1
934,220000000,670,337,280,65,1,1,1,1
934,210000000,865,363,55,45,1,1,1,1
935,380000000,57,333,180,115,1,1,1,1
935,290000000,303,345,90,60,1,1,1,1
935,340000000,484,337,60,45,1,1,1,1
935,220000000,670,337,280,65,1,1,1,1
935,210000000,865,363,55,45,1,1,1,1
936,380000000,57,333,180,115,1,1,1,1
936,290000000,303,345,90,60,1,1,1,1
936,340000000,484,337,60,45,1,1,1,1
936,220000000,670,337,280,65,1,1,1,1
936,210000000,865,363,55,45,1,1,1,1
937,380000000,57,333,180,115,1,1,1,1
937,290000000,303,345,90,60,1,1,1,1
937,340000000,484,337,60,45,1,1,1,1
937,220000000,670,337,280,65,1,1,1,1
937,210000000,865,363,55,45,1,1,1,1
938,380000000,57,333,180,115,1,1,1,1
938,290000000,303,345,90,60,1,1,1,1
938,340000000,484,337,60,45,1,1,1,1
938,220000000,670,337,280,65,1,1,1,1
938,210000000,865,363,55,45,1,1,1,1
939,380000000,57,333,180,115,1,1,1,1
939,290000000,303,345,90,60,1,1,1,1
939,340000000,484,337,60,45,1,1,1,1
939,220000000,670,337,280,65,1,1,1,1
939,210000000,865,363,55,45,1,1,1,1
940,380000000,57,333,180,115,1,1,1,1
940,290000000,303,345,90,60,1,1,1,1
940,340000000,484,337,60,45,1,1,1,1
940,220000000,670,337,280,65,1,1,1,1
940,210000000,865,363,55,45,1,1,1,1
941,380000000,57,333,180,115,1,1,1,1
941,290000000,303,345,90,60,1,1,1,1
941,340000000,484,337,60,45,1,1,1,1
941,220000000,670,337,280,65,1,1,1,1
941,210000000,865,363,55,45,1,1,1,1
942,380000000,57,333,180,115,1,1,1,1
942,290000000,303,345,90,60,1,1,1,1
942,340000000,484,337,60,45,1,1,1,1
942,220000000,670,337,280,65,1,1,1,1
942,210000000,865,363,55,45,1,1,1,1
943,380000000,57,333,180,115,1,1,1,1
943,290000000,303,345,90,60,1,1,1,1
943,340000000,484,337,60,45,1,1,1,1
943,220000000,670,337,280,65,1,1,1,1
943,210000000,865,363,55,45,1,1,1,1
944,380000000,57,333,180,115,1,1,1,1
944,290000000,303,345,90,60,1,1,1,1
944,340000000,484,337,60,45,1,1,1,1
944,220000000,670,337,280,65,1,1,1,1
944,210000000,865,363,55,45,1,1,1,1
945,380000000,57,333,180,115,1,1,1,1
945,290000000,303,345,90,60,1,1,1,1
945,340000000,484,337,60,45,1,1,1,1
945,220000000,670,337,280,65,1,1,1,1
945,210000000,865,363,55,45,1,1,1,1
946,380000000,57,333,180,115,1,1,1,1
946,290000000,303,345,90,60,1,1,1,1
946,340000000,484,337,60,45,1,1,1,1
946,220000000,670,337,280,65,1,1,1,1
946,210000000,865,363,55,45,1,1,1,1
947,380000000,57,333,180,115,1,1,1,1
947,290000000,303,345,90,60,1,1,1,1
947,340000000,484,337,60,45,1,1,1,1
947,220000000,670,337,280,65,1,1,1,1
947,210000000,865,363,55,45,1,1,1,1
948,380000000,56,333,180,115,1,1,1,1
948,290000000,303,345,90,60,1,1,1,1
948,340000000,484,337,60,45,1,1,1,1
948,220000000,670,337,280,65,1,1,1,1
948,210000000,865,363,55,45,1,1,1,1
949,380000000,56,333,180,115,1,1,1,1
949,290000000,303,345,90,60,1,1,1,1
949,340000000,484,337,60,45,1,1,1,1
949,220000000,670,337,280,65,1,1,1,1
949,210000000,865,363,55,45,1,1,1,1
950,380000000,56,333,180,115,1,1,1,1
950,290000000,303,345,90,60,1,1,1,1
950,340000000,484,337,60,45,1,1,1,1
950,220000000,670,337,280,65,1,1,1,1
950,210000000,865,363,55,45,1,1,1,1
951,380000000,56,333,180,115,1,1,1,1
951,290000000,303,345,90,60,1,1,1,1
951,340000000,484,337,60,45,1,1,1,1
951,220000000,670,337,280,65,1,1,1,1
951,210000000,865,363,55,45,1,1,1,1
952,380000000,56,333,180,115,1,1,1,1
952,290000000,303,345,90,60,1,1,1,1
952,340000000,484,337,60,45,1,1,1,1
952,220000000,670,337,280,65,1,1,1,1
952,210000000,865,363,55,45,1,1,1,1
953,380000000,56,333,180,115,1,1,1,1
953,290000000,303,345,90,60,1,1,1,1
953,340000000,484,337,60,45,1,1,1,1
953,220000000,670,337,280,65,1,1,1,1
953,210000000,864,363,55,45,1,1,1,1
954,380000000,56,333,180,115,1,1,1,1
954,290000000,303,345,90,60,1,1,1,1
954,340000000,484,337,60,45,1,1,1,1
954,220000000,670,337,280,65,1,1,1,1
954,210000000,864,363,55,45,1,1,1,1
955,380000000,56,333,180,115,1,1,1,1
955,290000000,303,345,90,60,1,1,1,1
955,340000000,484,337,60,45,1,1,1,1
955,220000000,670,337,280,65,1,1,1,1
955,210000000,864,363,55,45,1,1,1,1
956,380000000,56,333,180,115,1,1,1,1
956,290000000,303,345,90,60,1,1,1,1
956,340000000,484,337,60,45,1,1,1,1
956,220000000,670,337,280,65,1,1,1,1
956,210000000,864,363,55,45,1,1,1,1
957,380000000,56,333,180,115,1,1,1,1
957,290000000,303,345,90,60,1,1,1,1
957,340000000,484,337,60,45,1,1,1,1
957,220000000,670,337,280,65,1,1,1,1
957,210000000,864,363,55,45,1,1,1,1
958,380000000,56,333,180,115,1,1,1,1
958,290000000,303,345,90,60,1,1,1,1
958,340000000,484,337,60,45,1,1,1,1
958,220000000,670,337,280,65,1,1,1,1
958,210000000,864,363,55,45,1,1,1,1
959,380000000,56,333,180,115,1,1,1,1
959,290000000,303,345,90,60,1,1,1,1
959,340000000,484,337,60,45,1,1,1,1
959,220000000,670,337,280,65,1,1,1,1
959,210000000,864,363,55,45,1,1,1,1
960,380000000,56,333,180,115,1,1,1,1
960,290000000,303,345,90,60,1,1,1,1
960,340000000,484,337,60,45,1,1,1,1
960,220000000,670,337,280,65,1,1,1,1
960,210000000,864,363,55,45,1,1,1,1
961,380000000,56,333,180,115,1,1,1,1
961,290000000,303,345,90,60,1,1,1,1
961,340000000,484,337,60,45,1,1,1,1
961,220000000,670,337,280,65,1,1,1,1
961,210000000,864,363,55,45,1,1,1,1
962,380000000,56,333,180,115,1,1,1,1
962,290000000,303,345,90,60,1,1,1,1
962,340000000,484,337,60,45,1,1,1,1
962,220000000,670,337,280,65,1,1,1,1
962,210000000,864,363,55,45,1,1,1,1
963,380000000,55,333,180,115,1,1,1,1
963,290000000,302,345,90,60,1,1,1,1
963,340000000,483,337,60,45,1,1,1,1
963,220000000,670,337,280,65,1,1,1,1
963,210000000,864,363,55,45,1,1,1,1
964,380000000,55,333,180,115,1,1,1,1
964,290000000,302,345,90,60,1,1,1,1
964,340000000,483,337,60,45,1,1,1,1
964,220000000,670,337,280,65,1,1,1,1
964,210000000,864,363,55,45,1,1,1,1
965,380000000,55,333,180,115,1,1,1,1
965,290000000,302,345,90,60,1,1,1,1
965,340000000,483,337,60,45,1,1,1,1
965,220000000,670,337,280,65,1,1,1,1
965,210000000,864,363,55,45,1,1,1,1
966,380000000,55,333,180,115,1,1,1,1
966,290000000,302,345,90,60,1,1,1,1
966,340000000,483,337,60,45,1,1,1,1
966,220000000,670,337,280,65,1,1,1,1
966,210000000,864,363,55,45,1,1,1,1
967,380000000,55,333,180,115,1,1,1,1
967,290000000,302,345,90,60,1,1,1,1
967,340000000,483,337,60,45,1,1,1,1
967,220000000,670,337,280,65,1,1,1,1
967,210000000,864,363,55,45,1,1,1,1
968,380000000,55,333,180,115,1,1,1,1
968,290000000,302,345,90,60,1,1,1,1
968,340000000,483,337,60,45,1,1,1,1
968,220000000,670,337,280,65,1,1,1,1
968,210000000,864,363,55,45,1,1,1,1
969,380000000,55,333,180,115,1,1,1,1
969,290000000,302,345,90,60,1,1,1,1
969,340000000,483,337,60,45,1,1,1,1
969,220000000,670,337,280,65,1,1,1,1
969,210000000,864,363,55,45,1,1,1,1
970,380000000,55,333,180,115,1,1,1,1
970,290000000,302,345,90,60,1,1,1,1
970,340000000,483,337,60,45,1,1,1,1
970,220000000,670,337,280,65,1,1,1,1
970,210000000,864,363,55,45,1,1,1,1
971,380000000,55,333,180,115,1,1,1,1
971,290000000,302,345,90,60,1,1,1,1
971,340000000,483,337,60,45,1,1,1,1
971,220000000,670,337,280,65,1,1,1,1
971,210000000,864,363,55,45,1,1,1,1
972,380000000,55,333,180,115,1,1,1,1
972,290000000,302,345,90,60,1,1,1,1
972,340000000,483,337,60,45,1,1,1,1
972,220000000,670,337,280,65,1,1,1,1
972,210000000,864,363,55,45,1,1,1,1
973,380000000,55,333,180,115,1,1,1,1
973,290000000,302,345,90,60,1,1,1,1
973,340000000,483,337,60,45,1,1,1,1
973,220000000,670,337,280,65,1,1,1,1
973,210000000,863,363,55,45,1,1,1,1
974,380000000,55,333,180,115,1,1,1,1
974,290000000,302,345,90,60,1,1,1,1
974,340000000,483,337,60,45,1,1,1,1
974,220000000,670,337,280,65,1,1,1,1
974,210000000,863,363,55,45,1,1,1,1
975,380000000,55,333,180,115,1,1,1,1
975,290000000,302,345,90,60,1,1,1,1
975,340000000,483,337,60,45,1,1,1,1
975,220000000,670,337,280,65,1,1,1,1
975,210000000,863,363,55,45,1,1,1,1
976,380000000,55,333,180,115,1,1,1,1
976,290000000,302,345,90,60,1,1,1,1
976,340000000,483,337,60,45,1,1,1,1
976,220000000,670,337,280,65,1,1,1,1
976,210000000,863,363,55,45,1,1,1,1
977,380000000,55,333,180,115,1,1,1,1
977,290000000,302,345,90,60,1,1,1,1
977,340000000,483,337,60,45,1,1,1,1
977,220000000,670,337,280,65,1,1,1,1
977,210000000,863,363,55,45,1,1,1,1
978,380000000,54,333,180,115,1,1,1,1
978,290000000,302,345,90,60,1,1,1,1
978,340000000,483,337,60,45,1,1,1,1
978,220000000,670,337,280,65,1,1,1,1
978,210000000,863,363,55,45,1,1,1,1
979,380000000,54,333,180,115,1,1,1,1
979,290000000,302,345,90,60,1,1,1,1
979,340000000,483,337,60,45,1,1,1,1
979,220000000,670,337,280,65,1,1,1,1
979,210000000,863,363,55,45,1,1,1,1
980,380000000,54,333,180,115,1,1,1,1
980,290000000,302,345,90,60,1,1,1,1
980,340000000,483,337,60,45,1,1,1,1
980,220000000,670,337,280,65,1,1,1,1
980,210000000,863,363,55,45,1,1,1,1
981,380000000,54,333,180,115,1,1,1,1
981,290000000,302,345,90,60,1,1,1,1
981,340000000,483,337,60,45,1,1,1,1
981,220000000,670,337,280,65,1,1,1,1
981,210000000,863,363,55,45,1,1,1,1
982,380000000,54,333,180,115,1,1,1,1
982,290000000,302,345,90,60,1,1,1,1
982,340000000,483,337,60,45,1,1,1,1
982,220000000,670,337,280,65,1,1,1,1
982,210000000,863,363,55,45,1,1,1,1
983,380000000,54,333,180,115,1,1,1,1
983,290000000,302,345,90,60,1,1,1,1
983,340000000,483,337,60,45,1,1,1,1
983,220000000,670,337,280,65,1,1,1,1
983,210000000,863,363,55,45,1,1,1,1
984,380000000,54,333,180,115,1,1,1,1
984,290000000,302,345,90,60,1,1,1,1
984,340000000,483,337,60,45,1,1,1,1
984,220000000,670,337,280,65,1,1,1,1
984,210000000,863,363,55,45,1,1,1,1
985,380000000,54,333,180,115,1,1,1,1
985,290000000,302,345,90,60,1,1,1,1
985,340000000,483,337,60,45,1,1,1,1
985,220000000,670,337,280,65,1,1,1,1
985,210000000,863,363,55,45,1,1,1,1
986,380000000,54,333,180,115,1,1,1,1
986,290000000,302,345,90,60,1,1,1,1
986,340000000,483,337,60,45,1,1,1,1
986,220000000,670,337,280,65,1,1,1,1
986,210000000,863,363,55,45,1,1,1,1
987,380000000,54,333,180,115,1,1,1,1
987,290000000,302,345,90,60,1,1,1,1
987,340000000,483,337,60,45,1,1,1,1
987,220000000,670,337,280,65,1,1,1,1
987,210000000,863,363,55,45,1,1,1,1
988,380000000,54,333,180,115,1,1,1,1
988,290000000,302,345,90,60,1,1,1,1
988,340000000,483,337,60,45,1,1,1,1
988,220000000,670,337,280,65,1,1,1,1
988,210000000,863,363,55,45,1,1,1,1
989,380000000,54,333,180,115,1,1,1,1
989,290000000,302,345,90,60,1,1,1,1
989,340000000,483,337,60,45,1,1,1,1
989,220000000,670,337,280,65,1,1,1,1
989,210000000,863,363,55,45,1,1,1,1
990,380000000,54,333,180,115,1,1,1,1
990,290000000,302,345,90,60,1,1,1,1
990,340000000,483,337,60,45,1,1,1,1
990,220000000,670,337,280,65,1,1,1,1
990,210000000,863,363,55,45,1,1,1,1
991,380000000,54,333,180,115,1,1,1,1
991,290000000,302,345,90,60,1,1,1,1
991,340000000,483,337,60,45,1,1,1,1
991,220000000,670,337,280,65,1,1,1,1
991,210000000,863,363,55,45,1,1,1,1
992,380000000,54,334,180,115,1,1,1,1
992,290000000,302,345,90,60,1,1,1,1
992,340000000,483,337,60,45,1,1,1,1
992,220000000,670,337,280,65,1,1,1,1
992,210000000,863,364,55,45,1,1,1,1
993,380000000,53,334,180,115,1,1,1,1
993,290000000,301,345,90,60,1,1,1,1
993,340000000,483,337,60,45,1,1,1,1
993,220000000,670,337,280,65,1,1,1,1
993,210000000,862,364,55,45,1,1,1,1
994,380000000,53,334,180,115,1,1,1,1
994,290000000,301,345,90,60,1,1,1,1
994,340000000,483,337,60,45,1,1,1,1
994,220000000,670,337,280,65,1,1,1,1
994,210000000,862,364,55,45,1,1,1,1
995,380000000,53,334,180,115,1,1,1,1
995,290000000,301,345,90,60,1,1,1,1
995,340000000,483,337,60,45,1,1,1,1
995,220000000,670,337,280,65,1,1,1,1
995,210000000,862,364,55,45,1,1,1,1
996,380000000,53,334,180,115,1,1,1,1
996,290000000,301,345,90,60,1,1,1,1
996,340000000,483,337,60,45,1,1,1,1
996,220000000,670,337,280,65,1,1,1,1
996,210000000,862,364,55,45,1,1,1,1
997,380000000,53,334,180,115,1,1,1,1
997,290000000,301,345,90,60,1,1,1,1
997,340000000,483,337,60,45,1,1,1,1
997,220000000,670,337,280,65,1,1,1,1
997,210000000,862,364,55,45,1,1,1,1
998,380000000,53,334,180,115,1,1,1,1
998,290000000,301,345,90,60,1,1,1,1
998,340000000,483,337,60,45,1,1,1,1
998,220000000,670,337,280,65,1,1,1,1
998,210000000,862,364,55,45,1,1,1,1
999,380000000,53,334,180,115,1,1,1,1
999,290000000,301,345,90,60,1,1,1,1
999,340000000,483,337,60,45,1,1,1,1
999,220000000,670,337,280,65,1,1,1,1
999,210000000,862,364,55,45,1,1,1,1
1000,380000000,53,334,180,115,1,1,1,1
1000,290000000,301,345,90,60,1,1,1,1
1000,340000000,483,337,60,45,1,1,1,1
1000,220000000,670,337,280,65,1,1,1,1
1000,210000000,862,364,55,45,1,1,1,1
1001,380000000,53,334,180,115,1,1,1,1
1001,290000000,301,345,90,60,1,1,1,1
1001,340000000,483,337,60,45,1,1,1,1
1001,220000000,670,337,280,65,1,1,1,1
1001,210000000,862,364,55,45,1,1,1,1
1002,380000000,53,334,180,115,1,1,1,1
1002,290000000,301,345,90,60,1,1,1,1
1002,340000000,483,337,60,45,1,1,1,1
1002,220000000,670,337,280,65,1,1,1,1
1002,210000000,862,364,55,45,1,1,1,1
1003,380000000,53,334,180,115,1,1,1,1
1003,290000000,301,345,90,60,1,1,1,1
1003,340000000,483,337,60,45,1,1,1,1
1003,220000000,669,337,280,65,1,1,1,1
1003,210000000,862,364,55,45,1,1,1,1
1004,380000000,53,334,180,115,1,1,1,1
1004,290000000,301,345,90,60,1,1,1,1
1004,340000000,483,337,60,45,1,1,1,1
1004,220000000,669,337,280,65,1,1,1,1
1004,210000000,862,364,55,45,1,1,1,1
1005,380000000,53,334,180,115,1,1,1,1
1005,290000000,301,345,90,60,1,1,1,1
1005,340000000,483,337,60,45,1,1,1,1
1005,220000000,669,337,280,65,1,1,1,1
1005,210000000,862,364,55,45,1,1,1,1
1006,380000000,53,334,180,115,1,1,1,1
1006,290000000,301,345,90,60,1,1,1,1
1006,340000000,483,337,60,45,1,1,1,1
1006,220000000,669,337,280,65,1,1,1,1
1006,210000000,862,364,55,45,1,1,1,1
1007,380000000,53,334,180,115,1,1,1,1
1007,290000000,301,345,90,60,1,1,1,1
1007,340000000,483,337,60,45,1,1,1,1
1007,220000000,669,337,280,65,1,1,1,1
1007,210000000,862,364,55,45,1,1,1,1
1008,380000000,52,334,180,115,1,1,1,1
1008,290000000,301,345,90,60,1,1,1,1
1008,340000000,483,337,60,45,1,1,1,1
1008,220000000,669,337,280,65,1,1,1,1
1008,210000000,862,364,55,45,1,1,1,1
1009,380000000,52,334,180,115,1,1,1,1
1009,290000000,301,345,90,60,1,1,1,1
1009,340000000,483,337,60,45,1,1,1,1
1009,220000000,669,337,280,65,1,1,1,1
1009,210000000,862,364,55,45,1,1,1,1
1010,380000000,52,334,180,115,1,1,1,1
1010,290000000,301,345,90,60,1,1,1,1
1010,340000000,483,337,60,45,1,1,1,1
1010,220000000,669,337,280,65,1,1,1,1
1010,210000000,862,364,55,45,1,1,1,1
1011,380000000,52,334,180,115,1,1,1,1
1011,290000000,301,345,90,60,1,1,1,1
1011,340000000,483,337,60,45,1,1,1,1
1011,220000000,669,337,280,65,1,1,1,1
1011,210000000,862,364,55,45,1,1,1,1
1012,380000000,52,334,180,115,1,1,1,1
1012,290000000,301,345,90,60,1,1,1,1
1012,340000000,483,337,60,45,1,1,1,1
1012,220000000,669,337,280,65,1,1,1,1
1012,210000000,862,364,55,45,1,1,1,1
1013,380000000,52,334,180,115,1,1,1,1
1013,290000000,301,345,90,60,1,1,1,1
1013,340000000,483,337,60,45,1,1,1,1
1013,220000000,669,337,280,65,1,1,1,1
1013,210000000,861,364,55,45,1,1,1,1
1014,380000000,52,334,180,115,1,1,1,1
1014,290000000,301,345,90,60,1,1,1,1
1014,340000000,483,337,60,45,1,1,1,1
1014,220000000,669,337,280,65,1,1,1,1
1014,210000000,861,364,55,45,1,1,1,1
1015,380000000,52,334,180,115,1,1,1,1
1015,290000000,301,345,90,60,1,1,1,1
1015,340000000,483,337,60,45,1,1,1,1
1015,220000000,669,337,280,65,1,1,1,1
1015,210000000,861,364,55,45,1,1,1,1
1016,380000000,52,334,180,115,1,1,1,1
1016,290000000,301,345,90,60,1,1,1,1
1016,340000000,483,337,60,45,1,1,1,1
1016,220000000,669,337,280,65,1,1,1,1
1016,210000000,861,364,55,45,1,1,1,1
1017,380000000,52,334,180,115,1,1,1,1
1017,290000000,301,345,90,60,1,1,1,1
1017,340000000,483,337,60,45,1,1,1,1
1017,220000000,669,337,280,65,1,1,1,1
1017,210000000,861,364,55,45,1,1,1,1
1018,380000000,52,334,180,115,1,1,1,1
1018,290000000,301,345,90,60,1,1,1,1
1018,340000000,483,337,60,45,1,1,1,1
1018,220000000,669,337,280,65,1,1,1,1
1018,210000000,861,364,55,45,1,1,1,1
1019,380000000,52,334,180,115,1,1,1,1
1019,290000000,301,345,90,60,1,1,1,1
1019,340000000,483,337,60,45,1,1,1,1
1019,220000000,669,337,280,65,1,1,1,1
1019,210000000,861,364,55,45,1,1,1,1
1020,380000000,52,334,180,115,1,1,1,1
1020,290000000,301,345,90,60,1,1,1,1
1020,340000000,483,337,60,45,1,1,1,1
1020,220000000,669,337,280,65,1,1,1,1
1020,210000000,861,364,55,45,1,1,1,1
1021,380000000,52,334,180,115,1,1,1,1
1021,290000000,301,345,90,60,1,1,1,1
1021,340000000,483,337,60,45,1,1,1,1
1021,220000000,669,337,280,65,1,1,1,1
1021,210000000,861,364,55,45,1,1,1,1
1022,380000000,52,334,180,115,1,1,1,1
1022,290000000,301,345,90,60,1,1,1,1
1022,340000000,483,337,60,45,1,1,1,1
1022,220000000,669,337,280,65,1,1,1,1
1022,210000000,861,364,55,45,1,1,1,1
1023,380000000,51,334,180,115,1,1,1,1
1023,290000000,300,345,90,60,1,1,1,1
1023,340000000,482,337,60,45,1,1,1,1
1023,220000000,669,337,280,65,1,1,1,1
1023,210000000,861,364,55,45,1,1,1,1
1024,380000000,51,334,180,115,1,1,1,1
1024,290000000,300,345,90,60,1,1,1,1
1024,340000000,482,337,60,45,1,1,1,1
1024,220000000,669,337,280,65,1,1,1,1
1024,210000000,861,364,55,45,1,1,1,1
1025,380000000,51,334,180,115,1,1,1,1
1025,290000000,300,345,90,60,1,1,1,1
1025,340000000,482,337,60,45,1,1,1,1
1025,220000000,669,337,280,65,1,1,1,1
1025,210000000,861,364,55,45,1,1,1,1
1026,380000000,51,334,180,115,1,1,1,1
1026,290000000,300,345,90,60,1,1,1,1
1026,340000000,482,337,60,45,1,1,1,1
1026,220000000,669,337,280,65,1,1,1,1
1026,210000000,861,364,55,45,1,1,1,1
1027,380000000,51,334,180,115,1,1,1,1
1027,290000000,300,345,90,60,1,1,1,1
1027,340000000,482,337,60,45,1,1,1,1
1027,220000000,669,337,280,65,1,1,1,1
1027,210000000,861,364,55,45,1,1,1,1
1028,380000000,51,334,180,115,1,1,1,1
1028,290000000,300,345,90,60,1,1,1,1
1028,340000000,482,337,60,45,1,1,1,1
1028,220000000,669,337,280,65,1,1,1,1
1028,210000000,861,364,55,45,1,1,1,1
1029,380000000,51,334,180,115,1,1,1,1
1029,290000000,300,345,90,60,1,1,1,1
1029,340000000,482,337,60,45,1,1,1,1
1029,220000000,669,337,280,65,1,1,1,1
1029,210000000,861,364,55,45,1,1,1,1
1030,380000000,51,334,180,115,1,1,1,1
1030,290000000,300,345,90,60,1,1,1,1
1030,340000000,482,337,60,45,1,1,1,1
1030,220000000,669,337,280,65,1,1,1,1
1030,210000000,861,364,55,45,1,1,1,1
1031,380000000,51,334,180,115,1,1,1,1
1031,290000000,300,345,90,60,1,1,1,1
1031,340000000,482,337,60,45,1,1,1,1
1031,220000000,669,337,280,65,1,1,1,1
1031,210000000,861,364,55,45,1,1,1,1
1032,380000000,51,334,180,115,1,1,1,1
1032,290000000,300,345,90,60,1,1,1,1
1032,340000000,482,337,60,45,1,1,1,1
1032,220000000,669,337,280,65,1,1,1,1
1032,210000000,861,364,55,45,1,1,1,1
1033,380000000,51,334,180,115,1,1,1,1
1033,290000000,300,345,90,60,1,1,1,1
1033,340000000,482,337,60,45,1,1,1,1
1033,220000000,669,337,280,65,1,1,1,1
1033,210000000,860,364,55,45,1,1,1,1
1034,380000000,51,334,180,115,1,1,1,1
1034,290000000,300,345,90,60,1,1,1,1
1034,340000000,482,337,60,45,1,1,1,1
1034,220000000,669,337,280,65,1,1,1,1
1034,210000000,860,364,55,45,1,1,1,1
1035,380000000,51,334,180,115,1,1,1,1
1035,290000000,300,345,90,60,1,1,1,1
1035,340000000,482,337,60,45,1,1,1,1
1035,220000000,669,337,280,65,1,1,1,1
1035,210000000,860,364,55,45,1,1,1,1
1036,380000000,51,334,180,115,1,1,1,1
1036,290000000,300,345,90,60,1,1,1,1
1036,340000000,482,337,60,45,1,1,1,1
1036,220000000,669,337,280,65,1,1,1,1
1036,210000000,860,364,55,45,1,1,1,1
1037,380000000,51,334,180,115,1,1,1,1
1037,290000000,300,345,90,60,1,1,1,1
1037,340000000,482,337,60,45,1,1,1,1
1037,220000000,669,337,280,65,1,1,1,1
1037,210000000,860,364,55,45,1,1,1,1
1038,380000000,50,334,180,115,1,1,1,1
1038,290000000,300,345,90,60,1,1,1,1
1038,340000000,482,337,60,45,1,1,1,1
1038,220000000,669,337,280,65,1,1,1,1
1038,210000000,860,364,55,45,1,1,1,1
1039,380000000,50,334,180,115,1,1,1,1
1039,290000000,300,345,90,60,1,1,1,1
1039,340000000,482,337,60,45,1,1,1,1
1039,220000000,669,337,280,65,1,1,1,1
1039,210000000,860,364,55,45,1,1,1,1
1040,380000000,50,334,180,115,1,1,1,1
1040,290000000,300,345,90,60,1,1,1,1
1040,340000000,482,337,60,45,1,1,1,1
1040,220000000,669,337,280,65,1,1,1,1
1040,210000000,860,364,55,45,1,1,1,1
1041,380000000,50,334,180,115,1,1,1,1
1041,290000000,300,345,90,60,1,1,1,1
1041,340000000,482,337,60,45,1,1,1,1
1041,220000000,669,337,280,65,1,1,1,1
1041,210000000,860,364,55,45,1,1,1,1
1042,380000000,50,334,180,115,1,1,1,1
1042,290000000,300,345,90,60,1,1,1,1
1042,340000000,482,337,60,45,1,1,1,1
1042,220000000,669,337,280,65,1,1,1,1
1042,210000000,860,364,55,45,1,1,1,1
1043,380000000,50,334,180,115,1,1,1,1
1043,290000000,300,345,90,60,1,1,1,1
1043,340000000,482,337,60,45,1,1,1,1
1043,220000000,669,337,280,65,1,1,1,1
1043,210000000,860,364,55,45,1,1,1,1
1044,380000000,50,334,180,115,1,1,1,1
1044,290000000,300,345,90,60,1,1,1,1
1044,340000000,482,337,60,45,1,1,1,1
1044,220000000,669,337,280,65,1,1,1,1
1044,210000000,860,364,55,45,1,1,1,1
1045,380000000,50,334,180,115,1,1,1,1
1045,290000000,300,345,90,60,1,1,1,1
1045,340000000,482,337,60,45,1,1,1,1
1045,220000000,669,337,280,65,1,1,1,1
1045,210000000,860,364,55,45,1,1,1,1
1046,380000000,50,334,180,115,1,1,1,1
1046,290000000,300,345,90,60,1,1,1,1
1046,340000000,482,337,60,45,1,1,1,1
1046,220000000,669,337,280,65,1,1,1,1
1046,210000000,860,364,55,45,1,1,1,1
1047,380000000,50,334,180,115,1,1,1,1
1047,290000000,300,345,90,60,1,1,1,1
1047,340000000,482,337,60,45,1,1,1,1
1047,220000000,669,337,280,65,1,1,1,1
1047,210000000,860,364,55,45,1,1,1,1
1048,380000000,50,334,180,115,1,1,1,1
1048,290000000,300,345,90,60,1,1,1,1
1048,340000000,482,337,60,45,1,1,1,1
1048,220000000,669,337,280,65,1,1,1,1
1048,210000000,860,364,55,45,1,1,1,1
1049,380000000,50,334,180,115,1,1,1,1
1049,290000000,300,345,90,60,1,1,1,1
1049,340000000,482,337,60,45,1,1,1,1
1049,220000000,669,337,280,65,1,1,1,1
1049,210000000,860,364,55,45,1,1,1,1
1050,380000000,50,334,180,115,1,1,1,1
1050,290000000,300,345,90,60,1,1,1,1
1050,340000000,482,337,60,45,1,1,1,1
1050,220000000,669,337,280,65,1,1,1,1
1050,210000000,860,364,55,45,1,1,1,1
1051,380000000,50,334,180,115,1,1,1,1
1051,290000000,300,345,90,60,1,1,1,1
1051,340000000,482,337,60,45,1,1,1,1
1051,220000000,669,337,280,65,1,1,1,1
1051,210000000,860,364,55,45,1,1,1,1
1052,380000000,50,335,180,115,1,1,1,1
1052,290000000,300,345,90,60,1,1,1,1
1052,340000000,482,337,60,45,1,1,1,1
1052,220000000,669,337,280,65,1,1,1,1
1052,210000000,860,365,55,45,1,1,1,1
1053,380000000,49,335,180,115,1,1,1,1
1053,290000000,299,345,90,60,1,1,1,1
1053,340000000,482,337,60,45,1,1,1,1
1053,220000000,669,337,280,65,1,1,1,1
1053,210000000,859,365,55,45,1,1,1,1
1054,380000000,49,335,180,115,1,1,1,1
1054,290000000,299,345,90,60,1,1,1,1
1054,340000000,482,337,60,45,1,1,1,1
1054,220000000,669,337,280,65,1,1,1,1
1054,210000000,859,365,55,45,1,1,1,1
1055,380000000,49,335,180,115,1,1,1,1
1055,290000000,299,345,90,60,1,1,1,1
1055,340000000,482,337,60,45,1,1,1,1
1055,220000000,669,337,280,65,1,1,1,1
1055,210000000,859,365,55,45,1,1,1,1
1056,380000000,49,335,180,115,1,1,1,1
1056,290000000,299,345,90,60,1,1,1,1
1056,340000000,482,337,60,45,1,1,1,1
1056,220000000,669,337,280,65,1,1,1,1
1056,210000000,859,365,55,45,1,1,1,1
1057,380000000,49,335,180,115,1,1,1,1
1057,290000000,299,345,90,60,1,1,1,1
1057,340000000,482,337,60,45,1,1,1,1
1057,220000000,669,337,280,65,1,1,1,1
1057,210000000,859,365,55,45,1,1,1,1
1058,380000000,49,335,180,115,1,1,1,1
1058,290000000,299,345,90,60,1,1,1,1
1058,340000000,482,337,60,45,1,1,1,1
1058,220000000,669,337,280,65,1,1,1,1
1058,210000000,859,365,55,45,1,1,1,1
1059,380000000,49,335,180,115,1,1,1,1
1059,290000000,299,345,90,60,1,1,1,1
1059,340000000,482,337,60,45,1,1,1,1
1059,220000000,669,337,280,65,1,1,1,1
1059,210000000,859,365,55,45,1,1,1,1
1060,380000000,49,335,180,115,1,1,1,1
1060,290000000,299,345,90,60,1,1,1,1
1060,340000000,482,337,60,45,1,1,1,1
1060,220000000,669,337,280,65,1,1,1,1
1060,210000000,859,365,55,45,1,1,1,1
1061,380000000,49,335,180,115,1,1,1,1
1061,290000000,299,345,90,60,1,1,1,1
1061,340000000,482,337,60,45,1,1,1,1
1061,220000000,669,337,280,65,1,1,1,1
1061,210000000,859,365,55,45,1,1,1,1
1062,380000000,49,335,180,115,1,1,1,1
1062,290000000,299,345,90,60,1,1,1,1
1062,340000000,482,337,60,45,1,1,1,1
1062,220000000,669,337,280,65,1,1,1,1
1062,210000000,859,365,55,45,1,1,1,1
1063,380000000,49,335,180,115,1,1,1,1
1063,290000000,299,345,90,60,1,1,1,1
1063,340000000,482,337,60,45,1,1,1,1
1063,220000000,669,337,280,65,1,1,1,1
1063,210000000,859,365,55,45,1,1,1,1
1064,380000000,49,335,180,115,1,1,1,1
1064,290000000,299,345,90,60,1,1,1,1
1064,340000000,482,337,60,45,1,1,1,1
1064,220000000,669,337,280,65,1,1,1,1
1064,210000000,859,365,55,45,1,1,1,1
1065,380000000,49,335,180,115,1,1,1,1
1065,290000000,299,345,90,60,1,1,1,1
1065,340000000,482,337,60,45,1,1,1,1
1065,220000000,669,337,280,65,1,1,1,1
1065,210000000,859,365,55,45,1,1,1,1
1066,380000000,49,335,180,115,1,1,1,1
1066,290000000,299,345,90,60,1,1,1,1
1066,340000000,482,337,60,45,1,1,1,1
1066,220000000,669,337,280,65,1,1,1,1
1066,210000000,859,365,55,45,1,1,1,1
1067,380000000,49,335,180,115,1,1,1,1
1067,290000000,299,345,90,60,1,1,1,1
1067,340000000,482,337,60,45,1,1,1,1
1067,220000000,669,337,280,65,1,1,1,1
1067,210000000,859,365,55,45,1,1,1,1
1068,380000000,48,335,180,115,1,1,1,1
1068,290000000,299,345,90,60,1,1,1,1
1068,340000000,482,337,60,45,1,1,1,1
1068,220000000,669,337,280,65,1,1,1,1
1068,210000000,859,365,55,45,1,1,1,1
1069,380000000,48,335,180,115,1,1,1,1
1069,290000000,299,345,90,60,1,1,1,1
1069,340000000,482,337,60,45,1,1,1,1
1069,220000000,669,337,280,65,1,1,1,1
1069,210000000,859,365,55,45,1,1,1,1
1070,380000000,48,335,180,115,1,1,1,1
1070,290000000,299,345,90,60,1,1,1,1
1070,340000000,482,337,60,45,1,1,1,1
1070,220000000,669,337,280,65,1,1,1,1
1070,210000000,859,365,55,45,1,1,1,1
1071,380000000,48,335,180,115,1,1,1,1
1071,290000000,299,345,90,60,1,1,1,1
1071,340000000,482,337,60,45,1,1,1,1
1071,220000000,669,337,280,65,1,1,1,1
1071,210000000,859,365,55,45,1,1,1,1
1072,380000000,48,335,180,115,1,1,1,1
1072,290000000,299,345,90,60,1,1,1,1
1072,340000000,482,337,60,45,1,1,1,1
1072,220000000,669,337,280,65,1,1,1,1
1072,210000000,859,365,55,45,1,1,1,1
1073,380000000,48,335,180,115,1,1,1,1
1073,290000000,299,345,90,60,1,1,1,1
1073,340000000,482,337,60,45,1,1,1,1
1073,220000000,669,337,280,65,1,1,1,1
1073,210000000,858,365,55,45,1,1,1,1
1074,380000000,48,335,180,115,1,1,1,1
1074,290000000,299,345,90,60,1,1,1,1
1074,340000000,482,337,60,45,1,1,1,1
1074,220000000,669,337,280,65,1,1,1,1
1074,210000000,858,365,55,45,1,1,1,1
1075,380000000,48,335,180,115,1,1,1,1
1075,290000000,299,345,90,60,1,1,1,1
1075,340000000,482,337,60,45,1,1,1,1
1075,220000000,669,337,280,65,1,1,1,1
1075,210000000,858,365,55,45,1,1,1,1
1076,380000000,48,335,180,115,1,1,1,1
1076,290000000,299,345,90,60,1,1,1,1
1076,340000000,482,337,60,45,1,1,1,1
1076,220000000,669,337,280,65,1,1,1,1
1076,210000000,858,365,55,45,1,1,1,1
1077,380000000,48,335,180,115,1,1,1,1
1077,290000000,299,345,90,60,1,1,1,1
1077,340000000,482,337,60,45,1,1,1,1
1077,220000000,669,337,280,65,1,1,1,1
1077,210000000,858,365,55,45,1,1,1,1
1078,380000000,48,335,180,115,1,1,1,1
1078,290000000,299,345,90,60,1,1,1,1
1078,340000000,482,337,60,45,1,1,1,1
1078,220000000,669,337,280,65,1,1,1,1
1078,210000000,858,365,55,45,1,1,1,1
1079,380000000,48,335,180,115,1,1,1,1
1079,290000000,299,345,90,60,1,1,1,1
1079,340000000,482,337,60,45,1,1,1,1
1079,220000000,669,337,280,65,1,1,1,1
1079,210000000,858,365,55,45,1,1,1,1
1080,380000000,48,335,180,115,1,1,1,1
1080,290000000,299,345,90,60,1,1,1,1
1080,340000000,482,337,60,45,1,1,1,1
1080,220000000,669,337,280,65,1,1,1,1
1080,210000000,858,365,55,45,1,1,1,1
1081,380000000,48,335,180,115,1,1,1,1
1081,290000000,299,345,90,60,1,1,1,1
1081,340000000,482,337,60,45,1,1,1,1
1081,220000000,669,337,280,65,1,1,1,1
1081,210000000,858,365,55,45,1,1,1,1
1082,380000000,48,335,180,115,1,1,1,1
1082,290000000,299,345,90,60,1,1,1,1
1082,340000000,482,337,60,45,1,1,1,1
1082,220000000,669,337,280,65,1,1,1,1
1082,210000000,858,365,55,45,1,1,1,1
1083,380000000,47,335,180,115,1,1,1,1
1083,290000000,298,345,90,60,1,1,1,1
1083,340000000,481,337,60,45,1,1,1,1
1083,220000000,669,337,280,65,1,1,1,1
1083,210000000,858,365,55,45,1,1,1,1
1084,380000000,47,335,180,115,1,1,1,1
1084,290000000,298,345,90,60,1,1,1,1
1084,340000000,481,337,60,45,1,1,1,1
1084,220000000,669,337,280,65,1,1,1,1
1084,210000000,858,365,55,45,1,1,1,1
1085,380000000,47,335,180,115,1,1,1,1
1085,290000000,298,345,90,60,1,1,1,1
1085,340000000,481,337,60,45,1,1,1,1
1085,220000000,669,337,280,65,1,1,1,1
1085,210000000,858,365,55,45,1,1,1,1
1086,380000000,47,335,180,115,1,1,1,1
1086,290000000,298,345,90,60,1,1,1,1
1086,340000000,481,337,60,45,1,1,1,1
1086,220000000,669,337,280,65,1,1,1,1
1086,210000000,858,365,55,45,1,1,1,1
1087,380000000,47,335,180,115,1,1,1,1
1087,290000000,298,345,90,60,1,1,1,1
1087,340000000,481,337,60,45,1,1,1,1
1087,220000000,669,337,280,65,1,1,1,1
1087,210000000,858,365,55,45,1,1,1,1
1088,380000000,47,335,180,115,1,1,1,1
1088,290000000,298,345,90,60,1,1,1,1
1088,340000000,481,337,60,45,1,1,1,1
1088,220000000,669,337,280,65,1,1,1,1
1088,210000000,858,365,55,45,1,1,1,1
1089,380000000,47,335,180,115,1,1,1,1
1089,290000000,298,345,90,60,1,1,1,1
1089,340000000,481,337,60,45,1,1,1,1
1089,220000000,669,337,280,65,1,1,1,1
1089,210000000,858,365,55,45,1,1,1,1
1090,380000000,47,335,180,115,1,1,1,1
1090,290000000,298,345,90,60,1,1,1,1
1090,340000000,481,337,60,45,1,1,1,1
1090,220000000,669,337,280,65,1,1,1,1
1090,210000000,858,365,55,45,1,1,1,1
1091,380000000,47,335,180,115,1,1,1,1
1091,290000000,298,345,90,60,1,1,1,1
1091,340000000,481,337,60,45,1,1,1,1
1091,220000000,669,337,280,65,1,1,1,1
1091,210000000,858,365,55,45,1,1,1,1
1092,380000000,47,335,180,115,1,1,1,1
1092,290000000,298,345,90,60,1,1,1,1
1092,340000000,481,337,60,45,1,1,1,1
1092,220000000,669,337,280,65,1,1,1,1
1092,210000000,858,365,55,45,1,1,1,1
1093,380000000,47,335,180,115,1,1,1,1
1093,290000000,298,345,90,60,1,1,1,1
1093,340000000,481,337,60,45,1,1,1,1
1093,220000000,669,337,280,65,1,1,1,1
1093,210000000,857,365,55,45,1,1,1,1
1094,380000000,47,335,180,115,1,1,1,1
1094,290000000,298,345,90,60,1,1,1,1
1094,340000000,481,337,60,45,1,1,1,1
1094,220000000,669,337,280,65,1,1,1,1
1094,210000000,857,365,55,45,1,1,1,1
1095,380000000,47,335,180,115,1,1,1,1
1095,290000000,298,345,90,60,1,1,1,1
1095,340000000,481,337,60,45,1,1,1,1
1095,220000000,669,337,280,65,1,1,1,1
1095,210000000,857,365,55,45,1,1,1,1
1096,380000000,47,335,180,115,1,1,1,1
1096,290000000,298,345,90,60,1,1,1,1
1096,340000000,481,337,60,45,1,1,1,1
1096,220000000,669,337,280,65,1,1,1,1
1096,210000000,857,365,55,45,1,1,1,1
1097,380000000,47,335,180,115,1,1,1,1
1097,290000000,298,345,90,60,1,1,1,1
1097,340000000,481,337,60,45,1,1,1,1
1097,220000000,669,337,280,65,1,1,1,1
1097,210000000,857,365,55,45,1,1,1,1
1098,380000000,46,335,180,115,1,1,1,1
1098,290000000,298,345,90,60,1,1,1,1
1098,340000000,481,337,60,45,1,1,1,1
1098,220000000,669,337,280,65,1,1,1,1
1098,210000000,857,365,55,45,1,1,1,1
1099,380000000,46,335,180,115,1,1,1,1
1099,290000000,298,345,90,60,1,1,1,1
1099,340000000,481,337,60,45,1,1,1,1
1099,220000000,669,337,280,65,1,1,1,1
1099,210000000,857,365,55,45,1,1,1,1
1100,380000000,46,335,180,115,1,1,1,1
1100,290000000,298,345,90,60,1,1,1,1
1100,340000000,481,337,60,45,1,1,1,1
1100,220000000,669,337,280,65,1,1,1,1
1100,210000000,857,365,55,45,1,1,1,1
1101,380000000,46,335,180,115,1,1,1,1
1101,290000000,298,345,90,60,1,1,1,1
1101,340000000,481,337,60,45,1,1,1,1
1101,220000000,669,337,280,65,1,1,1,1
1101,210000000,857,365,55,45,1,1,1,1
1102,380000000,46,335,180,115,1,1,1,1
1102,290000000,298,345,90,60,1,1,1,1
1102,340000000,481,337,60,45,1,1,1,1
1102,220000000,669,337,280,65,1,1,1,1
1102,210000000,857,365,55,45,1,1,1,1
1103,380000000,46,335,180,115,1,1,1,1
1103,290000000,298,345,90,60,1,1,1,1
1103,340000000,481,337,60,45,1,1,1,1
1103,220000000,668,337,280,65,1,1,1,1
1103,210000000,857,365,55,45,1,1,1,1
1104,380000000,46,335,180,115,1,1,1,1
1104,290000000,298,345,90,60,1,1,1,1
1104,340000000,481,337,60,45,1,1,1,1
1104,220000000,668,337,280,65,1,1,1,1
1104,210000000,857,365,55,45,1,1,1,1
1105,380000000,46,335,180,115,1,1,1,1
1105,290000000,298,345,90,60,1,1,1,1
1105,340000000,481,337,60,45,1,1,1,1
1105,220000000,668,337,280,65,1,1,1,1
1105,210000000,857,365,55,45,1,1,1,1
1106,380000000,46,335,180,115,1,1,1,1
1106,290000000,298,345,90,60,1,1,1,1
1106,340000000,481,337,60,45,1,1,1,1
1106,220000000,668,337,280,65,1,1,1,1
1106,210000000,857,365,55,45,1,1,1,1
1107,380000000,46,335,180,115,1,1,1,1
1107,290000000,298,345,90,60,1,1,1,1
1107,340000000,481,337,60,45,1,1,1,1
1107,220000000,668,337,280,65,1,1,1,1
1107,210000000,857,365,55,45,1,1,1,1
1108,380000000,46,335,180,115,1,1,1,1
1108,290000000,298,345,90,60,1,1,1,1
1108,340000000,481,337,60,45,1,1,1,1
1108,220000000,668,337,280,65,1,1,1,1
1108,210000000,857,365,55,45,1,1,1,1
1109,380000000,46,335,180,115,1,1,1,1
1109,290000000,298,345,90,60,1,1,1,1
1109,340000000,481,337,60,45,1,1,1,1
1109,220000000,668,337,280,65,1,1,1,1
1109,210000000,857,365,55,45,1,1,1,1
1110,380000000,46,335,180,115,1,1,1,1
1110,290000000,298,345,90,60,1,1,1,1
1110,340000000,481,337,60,45,1,1,1,1
1110,220000000,668,337,280,65,1,1,1,1
1110,210000000,857,365,55,45,1,1,1,1
1111,380000000,46,335,180,115,1,1,1,1
1111,290000000,298,345,90,60,1,1,1,1
1111,340000000,481,337,60,45,1,1,1,1
1111,220000000,668,337,280,65,1,1,1,1
1111,210000000,857,365,55,45,1,1,1,1
1112,380000000,46,336,180,115,1,1,1,1
1112,290000000,298,345,90,60,1,1,1,1
1112,340000000,481,337,60,45,1,1,1,1
1112,220000000,668,337,280,65,1,1,1,1
1112,210000000,857,366,55,45,1,1,1,1
1113,380000000,45,336,180,115,1,1,1,1
1113,290000000,297,345,90,60,1,1,1,1
1113,340000000,481,337,60,45,1,1,1,1
1113,220000000,668,337,280,65,1,1,1,1
1113,210000000,856,366,55,45,1,1,1,1
1114,380000000,45,336,180,115,1,1,1,1
1114,290000000,297,345,90,60,1,1,1,1
1114,340000000,481,337,60,45,1,1,1,1
1114,220000000,668,337,280,65,1,1,1,1
1114,210000000,856,366,55,45,1,1,1,1
1115,380000000,45,336,180,115,1,1,1,1
1115,290000000,297,345,90,60,1,1,1,1
1115,340000000,481,337,60,45,1,1,1,1
1115,220000000,668,337,280,65,1,1,1,1
1115,210000000,856,366,55,45,1,1,1,1
1116,380000000,45,336,180,115,1,1,1,1
1116,290000000,297,345,90,60,1,1,1,1
1116,340000000,481,337,60,45,1,1,1,1
1116,220000000,668,337,280,65,1,1,1,1
1116,210000000,856,366,55,45,1,1,1,1
1117,380000000,45,336,180,115,1,1,1,1
1117,290000000,297,345,90,60,1,1,1,1
1117,340000000,481,337,60,45,1,1,1,1
1117,220000000,668,337,280,65,1,1,1,1
1117,210000000,856,366,55,45,1,1,1,1
1118,380000000,45,336,180,115,1,1,1,1
1118,290000000,297,345,90,60,1,1,1,1
1118,340000000,481,337,60,45,1,1,1,1
1118,220000000,668,337,280,65,1,1,1,1
1118,210000000,856,366,55,45,1,1,1,1
1119,380000000,45,336,180,115,1,1,1,1
1119,290000000,297,345,90,60,1,1,1,1
1119,340000000,481,337,60,45,1,1,1,1
1119,220000000,668,337,280,65,1,1,1,1
1119,210000000,856,366,55,45,1,1,1,1
1120,380000000,45,336,180,115,1,1,1,1
1120,290000000,297,345,90,60,1,1,1,1
1120,340000000,481,337,60,45,1,1,1,1
1120,220000000,668,337,280,65,1,1,1,1
1120,210000000,856,366,55,45,1,1,1,1
1121,380000000,45,336,180,115,1,1,1,1
1121,290000000,297,345,90,60,1,1,1,1
1121,340000000,481,337,60,45,1,1,1,1
1121,220000000,668,337,280,65,1,1,1,1
1121,210000000,856,366,55,45,1,1,1,1
1122,380000000,45,336,180,115,1,1,1,1
1122,290000000,297,345,90,60,1,1,1,1
1122,340000000,481,337,60,45,1,1,1,1
1122,220000000,668,337,280,65,1,1,1,1
1122,210000000,856,366,55,45,1,1,1,1
1123,380000000,45,336,180,115,1,1,1,1
1123,290000000,297,345,90,60,1,1,1,1
1123,340000000,481,337,60,45,1,1,1,1
1123,220000000,668,337,280,65,1,1,1,1
1123,210000000,856,366,55,45,1,1,1,1
1124,380000000,45,336,180,115,1,1,1,1
1124,290000000,297,345,90,60,1,1,1,1
1124,340000000,481,337,60,45,1,1,1,1
1124,220000000,668,337,280,65,1,1,1,1
1124,210000000,856,366,55,45,1,1,1,1
1125,380000000,45,336,180,115,1,1,1,1
1125,290000000,297,345,90,60,1,1,1,1
1125,340000000,481,337,60,45,1,1,1,1
1125,220000000,668,337,280,65,1,1,1,1
1125,210000000,856,366,55,45,1,1,1,1
1126,380000000,45,336,180,115,1,1,1,1
1126,290000000,297,345,90,60,1,1,1,1
1126,340000000,481,337,60,45,1,1,1,1
1126,220000000,668,337,280,65,1,1,1,1
1126,210000000,856,366,55,45,1,1,1,1
1127,380000000,45,336,180,115,1,1,1,1
1127,290000000,297,345,90,60,1,1,1,1
1127,340000000,481,337,60,45,1,1,1,1
1127,220000000,668,337,280,65,1,1,1,1
1127,210000000,856,366,55,45,1,1,1,1
1128,380000000,44,336,180,115,1,1,1,1
1128,290000000,297,345,90,60,1,1,1,1
1128,340000000,481,337,60,45,1,1,1,1
1128,220000000,668,337,280,65,1,1,1,1
1128,210000000,856,366,55,45,1,1,1,1
1129,380000000,44,336,180,115,1,1,1,1
1129,290000000,297,345,90,60,1,1,1,1
1129,340000000,481,337,60,45,1,1,1,1
1129,220000000,668,337,280,65,1,1,1,1
1129,210000000,856,366,55,45,1,1,1,1
1130,380000000,44,336,180,115,1,1,1,1
1130,290000000,297,345,90,60,1,1,1,1
1130,340000000,481,337,60,45,1,1,1,1
1130,220000000,668,337,280,65,1,1,1,1
1130,210000000,856,366,55,45,1,1,1,1
1131,380000000,44,336,180,115,1,1,1,1
1131,290000000,297,345,90,60,1,1,1,1
1131,340000000,481,337,60,45,1,1,1,1
1131,220000000,668,337,280,65,1,1,1,1
1131,210000000,856,366,55,45,1,1,1,1
1132,380000000,44,336,180,115,1,1,1,1
1132,290000000,297,345,90,60,1,1,1,1
1132,340000000,481,337,60,45,1,1,1,1
1132,220000000,668,337,280,65,1,1,1,1
1132,210000000,856,366,55,45,1,1,1,1
1133,380000000,44,336,180,115,1,1,1,1
1133,290000000,297,345,90,60,1,1,1,1
1133,340000000,481,337,60,45,1,1,1,1
1133,220000000,668,337,280,65,1,1,1,1
1133,210000000,855,366,55,45,1,1,1,1
1134,380000000,44,336,180,115,1,1,1,1
1134,290000000,297,345,90,60,1,1,1,1
1134,340000000,481,337,60,45,1,1,1,1
1134,220000000,668,337,280,65,1,1,1,1
1134,210000000,855,366,55,45,1,1,1,1
1135,380000000,44,336,180,115,1,1,1,1
1135,290000000,297,345,90,60,1,1,1,1
1135,340000000,481,337,60,45,1,1,1,1
1135,220000000,668,337,280,65,1,1,1,1
1135,210000000,855,366,55,45,1,1,1,1
1136,380000000,44,336,180,115,1,1,1,1
1136,290000000,297,345,90,60,1,1,1,1
1136,340000000,481,337,60,45,1,1,1,1
1136,220000000,668,337,280,65,1,1,1,1
1136,210000000,855,366,55,45,1,1,1,1
1137,380000000,44,336,180,115,1,1,1,1
1137,290000000,297,345,90,60,1,1,1,1
1137,340000000,481,337,60,45,1,1,1,1
1137,220000000,668,337,280,65,1,1,1,1
1137,210000000,855,366,55,45,1,1,1,1
1138,380000000,44,336,180,115,1,1,1,1
1138,290000000,297,345,90,60,1,1,1,1
1138,340000000,481,337,60,45,1,1,1,1
1138,220000000,668,337,280,65,1,1,1,1
1138,210000000,855,366,55,45,1,1,1,1
1139,380000000,44,336,180,115,1,1,1,1
1139,290000000,297,345,90,60,1,1,1,1
1139,340000000,481,337,60,45,1,1,1,1
1139,220000000,668,337,280,65,1,1,1,1
1139,210000000,855,366,55,45,1,1,1,1
1140,380000000,44,336,180,115,1,1,1,1
1140,290000000,297,345,90,60,1,1,1,1
1140,340000000,481,337,60,45,1,1,1,1
1140,220000000,668,337,280,65,1,1,1,1
1140,210000000,855,366,55,45,1,1,1,1
1141,380000000,44,336,180,115,1,1,1,1
1141,290000000,297,345,90,60,1,1,1,1
1141,340000000,481,337,60,45,1,1,1,1
1141,220000000,668,337,280,65,1,1,1,1
1141,210000000,855,366,55,45,1,1,1,1
1142,380000000,44,336,180,115,1,1,1,1
1142,290000000,297,345,90,60,1,1,1,1
1142,340000000,481,337,60,45,1,1,1,1
1142,220000000,668,337,280,65,1,1,1,1
1142,210000000,855,366,55,45,1,1,1,1
1143,380000000,43,336,180,115,1,1,1,1
1143,290000000,296,345,90,60,1,1,1,1
1143,340000000,480,337,60,45,1,1,1,1
1143,220000000,668,337,280,65,1,1,1,1
1143,210000000,855,366,55,45,1,1,1,1
1144,380000000,43,336,180,115,1,1,1,1
1144,290000000,296,345,90,60,1,1,1,1
1144,340000000,480,337,60,45,1,1,1,1
1144,220000000,668,337,280,65,1,1,1,1
1144,210000000,855,366,55,45,1,1,1,1
1145,380000000,43,336,180,115,1,1,1,1
1145,290000000,296,345,90,60,1,1,1,1
1145,340000000,480,337,60,45,1,1,1,1
1145,220000000,668,337,280,65,1,1,1,1
1145,210000000,855,366,55,45,1,1,1,1
1146,380000000,43,336,180,115,1,1,1,1
1146,290000000,296,345,90,60,1,1,1,1
1146,340000000,480,337,60,45,1,1,1,1
1146,220000000,668,337,280,65,1,1,1,1
1146,210000000,855,366,55,45,1,1,1,1
1147,380000000,43,336,180,115,1,1,1,1
1147,290000000,296,345,90,60,1,1,1,1
1147,340000000,480,337,60,45,1,1,1,1
1147,220000000,668,337,280,65,1,1,1,1
1147,210000000,855,366,55,45,1,1,1,1
1148,380000000,43,336,180,115,1,1,1,1
1148,290000000,296,345,90,60,1,1,1,1
1148,340000000,480,337,60,45,1,1,1,1
1148,220000000,668,337,280,65,1,1,1,1
1148,210000000,855,366,55,45,1,1,1,1
1149,380000000,43,336,180,115,1,1,1,1
1149,290000000,296,345,90,60,1,1,1,1
1149,340000000,480,337,60,45,1,1,1,1
1149,220000000,668,337,280,65,1,1,1,1
1149,210000000,855,366,55,45,1,1,1,1
1150,380000000,43,336,180,115,1,1,1,1
1150,290000000,296,345,90,60,1,1,1,1
1150,340000000,480,337,60,45,1,1,1,1
1150,220000000,668,337,280,65,1,1,1,1
1150,210000000,855,366,55,45,1,1,1,1
1151,380000000,43,336,180,115,1,1,1,1
1151,290000000,296,345,90,60,1,1,1,1
1151,340000000,480,337,60,45,1,1,1,1
1151,220000000,668,337,280,65,1,1,1,1
1151,210000000,855,366,55,45,1,1,1,1
1152,380000000,43,336,180,115,1,1,1,1
1152,290000000,296,345,90,60,1,1,1,1
1152,340000000,480,337,60,45,1,1,1,1
1152,220000000,668,337,280,65,1,1,1,1
1152,210000000,855,366,55,45,1,1,1,1
1153,380000000,43,336,180,115,1,1,1,1
1153,290000000,296,345,90,60,1,1,1,1
1153,340000000,480,337,60,45,1,1,1,1
1153,220000000,668,337,280,65,1,1,1,1
1153,210000000,854,366,55,45,1,1,1,1
1154,380000000,43,336,180,115,1,1,1,1
1154,290000000,296,345,90,60,1,1,1,1
1154,340000000,480,337,60,45,1,1,1,1
1154,220000000,668,337,280,65,1,1,1,1
1154,210000000,854,366,55,45,1,1,1,1
1155,380000000,43,336,180,115,1,1,1,1
1155,290000000,296,345,90,60,1,1,1,1
1155,340000000,480,337,60,45,1,1,1,1
1155,220000000,668,337,280,65,1,1,1,1
1155,210000000,854,366,55,45,1,1,1,1
1156,380000000,43,336,180,115,1,1,1,1
1156,290000000,296,345,90,60,1,1,1,1
1156,340000000,480,337,60,45,1,1,1,1
1156,220000000,668,337,280,65,1,1,1,1
1156,210000000,854,366,55,45,1,1,1,1
1157,380000000,43,336,180,115,1,1,1,1
1157,290000000,296,345,90,60,1,1,1,1
1157,340000000,480,337,60,45,1,1,1,1
1157,220000000,668,337,280,65,1,1,1,1
1157,210000000,854,366,55,45,1,1,1,1
1158,380000000,42,336,180,115,1,1,1,1
1158,290000000,296,345,90,60,1,1,1,1
1158,340000000,480,337,60,45,1,1,1,1
1158,220000000,668,337,280,65,1,1,1,1
1158,210000000,854,366,55,45,1,1,1,1
1159,380000000,42,336,180,115,1,1,1,1
1159,290000000,296,345,90,60,1,1,1,1
1159,340000000,480,337,60,45,1,1,1,1
1159,220000000,668,337,280,65,1,1,1,1
1159,210000000,854,366,55,45,1,1,1,1
1160,380000000,42,336,180,115,1,1,1,1
1160,290000000,296,345,90,60,1,1,1,1
1160,340000000,480,337,60,45,1,1,1,1
1160,220000000,668,337,280,65,1,1,1,1
1160,210000000,854,366,55,45,1,1,1,1
1161,380000000,42,336,180,115,1,1,1,1
1161,290000000,296,345,90,60,1,1,1,1
1161,340000000,480,337,60,45,1,1,1,1
1161,220000000,668,337,280,65,1,1,1,1
1161,210000000,854,366,55,45,1,1,1,1
1162,380000000,42,336,180,115,1,1,1,1
1162,290000000,296,345,90,60,1,1,1,1
1162,340000000,480,337,60,45,1,1,1,1
1162,220000000,668,337,280,65,1,1,1,1
1162,210000000,854,366,55,45,1,1,1,1
1163,380000000,42,336,180,115,1,1,1,1
1163,290000000,296,345,90,60,1,1,1,1
1163,340000000,480,337,60,45,1,1,1,1
1163,220000000,668,337,280,65,1,1,1,1
1163,210000000,854,366,55,45,1,1,1,1
1164,380000000,42,336,180,115,1,1,1,1
1164,290000000,296,345,90,60,1,1,1,1
1164,340000000,480,337,60,45,1,1,1,1
1164,220000000,668,337,280,65,1,1,1,1
1164,210000000,854,366,55,45,1,1,1,1
1165,380000000,42,336,180,115,1,1,1,1
1165,290000000,296,345,90,60,1,1,1,1
1165,340000000,480,337,60,45,1,1,1,1
1165,220000000,668,337,280,65,1,1,1,1
1165,210000000,854,366,55,45,1,1,1,1
1166,380000000,42,336,180,115,1,1,1,1
1166,290000000,296,345,90,60,1,1,1,1
1166,340000000,480,337,60,45,1,1,1,1
1166,220000000,668,337,280,65,1,1,1,1
1166,210000000,854,366,55,45,1,1,1,1
1167,380000000,42,336,180,115,1,1,1,1
1167,290000000,296,345,90,60,1,1,1,1
1167,340000000,480,337,60,45,1,1,1,1
1167,220000000,668,337,280,65,1,1,1,1
1167,210000000,854,366,55,45,1,1,1,1
1168,380000000,42,336,180,115,1,1,1,1
1168,290000000,296,345,90,60,1,1,1,1
1168,340000000,480,337,60,45,1,1,1,1
1168,220000000,668,337,280,65,1,1,1,1
1168,210000000,854,366,55,45,1,1,1,1
1169,380000000,42,336,180,115,1,1,1,1
1169,290000000,296,345,90,60,1,1,1,1
1169,340000000,480,337,60,45,1,1,1,1
1169,220000000,668,337,280,65,1,1,1,1
1169,210000000,854,366,55,45,1,1,1,1
1170,380000000,42,336,180,115,1,1,1,1
1170,290000000,296,345,90,60,1,1,1,1
1170,340000000,480,337,60,45,1,1,1,1
1170,220000000,668,337,280,65,1,1,1,1
1170,210000000,854,366,55,45,1,1,1,1
1171,380000000,42,336,180,115,1,1,1,1
1171,290000000,296,345,90,60,1,1,1,1
1171,340000000,480,337,60,45,1,1,1,1
1171,220000000,668,337,280,65,1,1,1,1
1171,210000000,854,366,55,45,1,1,1,1
1172,380000000,42,337,180,115,1,1,1,1
1172,290000000,296,345,90,60,1,1,1,1
1172,340000000,480,337,60,45,1,1,1,1
1172,220000000,668,337,280,65,1,1,1,1
1172,210000000,854,367,55,45,1,1,1,1
1173,380000000,41,337,180,115,1,1,1,1
1173,290000000,295,345,90,60,1,1,1,1
1173,340000000,480,337,60,45,1,1,1,1
1173,220000000,668,337,280,65,1,1,1,1
1173,210000000,853,367,55,45,1,1,1,1
1174,380000000,41,337,180,115,1,1,1,1
1174,290000000,295,345,90,60,1,1,1,1
1174,340000000,480,337,60,45,1,1,1,1
1174,220000000,668,337,280,65,1,1,1,1
1174,210000000,853,367,55,45,1,1,1,1
1175,380000000,41,337,180,115,1,1,1,1
1175,290000000,295,345,90,60,1,1,1,1
1175,340000000,480,337,60,45,1,1,1,1
1175,220000000,668,337,280,65,1,1,1,1
1175,210000000,853,367,55,45,1,1,1,1
1176,380000000,41,337,180,115,1,1,1,1
1176,290000000,295,345,90,60,1,1,1,1
1176,340000000,480,337,60,45,1,1,1,1
1176,220000000,668,337,280,65,1,1,1,1
1176,210000000,853,367,55,45,1,1,1,1
1177,380000000,41,337,180,115,1,1,1,1
1177,290000000,295,345,90,60,1,1,1,1
1177,340000000,480,337,60,45,1,1,1,1
1177,220000000,668,337,280,65,1,1,1,1
1177,210000000,853,367,55,45,1,1,1,1
1178,380000000,41,337,180,115,1,1,1,1
1178,290000000,295,345,90,60,1,1,1,1
1178,340000000,480,337,60,45,1,1,1,1
1178,220000000,668,337,280,65,1,1,1,1
1178,210000000,853,367,55,45,1,1,1,1
1179,380000000,41,337,180,115,1,1,1,1
1179,290000000,295,345,90,60,1,1,1,1
1179,340000000,480,337,60,45,1,1,1,1
1179,220000000,668,337,280,65,1,1,1,1
1179,210000000,853,367,55,45,1,1,1,1
1180,380000000,41,337,180,115,1,1,1,1
1180,290000000,295,345,90,60,1,1,1,1
1180,340000000,480,337,60,45,1,1,1,1
1180,220000000,668,337,280,65,1,1,1,1
1180,210000000,853,367,55,45,1,1,1,1
1181,380000000,41,337,180,115,1,1,1,1
1181,290000000,295,345,90,60,1,1,1,1
1181,340000000,480,337,60,45,1,1,1,1
1181,220000000,668,337,280,65,1,1,1,1
1181,210000000,853,367,55,45,1,1,1,1
1182,380000000,41,337,180,115,1,1,1,1
1182,290000000,295,345,90,60,1,1,1,1
1182,340000000,480,337,60,45,1,1,1,1
1182,220000000,668,337,280,65,1,1,1,1
1182,210000000,853,367,55,45,1,1,1,1
1183,380000000,41,337,180,115,1,1,1,1
1183,290000000,295,345,90,60,1,1,1,1
1183,340000000,480,337,60,45,1,1,1,1
1183,220000000,668,337,280,65,1,1,1,1
1183,210000000,853,367,55,45,1,1,1,1
1184,380000000,41,337,180,115,1,1,1,1
1184,290000000,295,345,90,60,1,1,1,1
1184,340000000,480,337,60,45,1,1,1,1
1184,220000000,668,337,280,65,1,1,1,1
1184,210000000,853,367,55,45,1,1,1,1
1185,380000000,41,337,180,115,1,1,1,1
1185,290000000,295,345,90,60,1,1,1,1
1185,340000000,480,337,60,45,1,1,1,1
1185,220000000,668,337,280,65,1,1,1,1
1185,210000000,853,367,55,45,1,1,1,1
1186,380000000,41,337,180,115,1,1,1,1
1186,290000000,295,345,90,60,1,1,1,1
1186,340000000,480,337,60,45,1,1,1,1
1186,220000000,668,337,280,65,1,1,1,1
1186,210000000,853,367,55,45,1,1,1,1
1187,380000000,41,337,180,115,1,1,1,1
1187,290000000,295,345,90,60,1,1,1,1
1187,340000000,480,337,60,45,1,1,1,1
1187,220000000,668,337,280,65,1,1,1,1
1187,210000000,853,367,55,45,1,1,1,1
1188,380000000,40,337,180,115,1,1,1,1
1188,290000000,295,345,90,60,1,1,1,1
1188,340000000,480,337,60,45,1,1,1,1
1188,220000000,668,337,280,65,1,1,1,1
1188,210000000,853,367,55,45,1,1,1,1
1189,380000000,40,337,180,115,1,1,1,1
1189,290000000,295,345,90,60,1,1,1,1
1189,340000000,480,337,60,45,1,1,1,1
1189,220000000,668,337,280,65,1,1,1,1
1189,210000000,853,367,55,45,1,1,1,1
1190,380000000,40,337,180,115,1,1,1,1
1190,290000000,295,345,90,60,1,1,1,1
1190,340000000,480,337,60,45,1,1,1,1
1190,220000000,668,337,280,65,1,1,1,1
1190,210000000,853,367,55,45,1,1,1,1
1191,380000000,40,337,180,115,1,1,1,1
1191,290000000,295,345,90,60,1,1,1,1
1191,340000000,480,337,60,45,1,1,1,1
1191,220000000,668,337,280,65,1,1,1,1
1191,210000000,853,367,55,45,1,1,1,1
1192,380000000,40,337,180,115,1,1,1,1
1192,290000000,295,345,90,60,1,1,1,1
1192,340000000,480,337,60,45,1,1,1,1
1192,220000000,668,337,280,65,1,1,1,1
1192,210000000,853,367,55,45,1,1,1,1
1193,380000000,40,337,180,115,1,1,1,1
1193,290000000,295,345,90,60,1,1,1,1
1193,340000000,480,337,60,45,1,1,1,1
1193,220000000,668,337,280,65,1,1,1,1
1193,210000000,852,367,55,45,1,1,1,1
1194,380000000,40,337,180,115,1,1,1,1
1194,290000000,295,345,90,60,1,1,1,1
1194,340000000,480,337,60,45,1,1,1,1
1194,220000000,668,337,280,65,1,1,1,1
1194,210000000,852,367,55,45,1,1,1,1
1195,380000000,40,337,180,115,1,1,1,1
1195,290000000,295,345,90,60,1,1,1,1
1195,340000000,480,337,60,45,1,1,1,1
1195,220000000,668,337,280,65,1,1,1,1
1195,210000000,852,367,55,45,1,1,1,1
1196,380000000,40,337,180,115,1,1,1,1
1196,290000000,295,345,90,60,1,1,1,1
1196,340000000,480,337,60,45,1,1,1,1
1196,220000000,668,337,280,65,1,1,1,1
1196,210000000,852,367,55,45,1,1,1,1
1197,380000000,40,337,180,115,1,1,1,1
1197,290000000,295,345,90,60,1,1,1,1
1197,340000000,480,337,60,45,1,1,1,1
1197,220000000,668,337,280,65,1,1,1,1
1197,210000000,852,367,55,45,1,1,1,1
1198,380000000,40,337,180,115,1,1,1,1
1198,290000000,295,345,90,60,1,1,1,1
1198,340000000,480,337,60,45,1,1,1,1
1198,220000000,668,337,280,65,1,1,1,1
1198,210000000,852,367,55,45,1,1,1,1
1199,380000000,40,337,180,115,1,1,1,1
1199,290000000,295,345,90,60,1,1,1,1
1199,340000000,480,337,60,45,1,1,1,1
1199,220000000,668,337,280,65,1,1,1,1
1199,210000000,852,367,55,45,1,1,1,1
1200,380000000,40,337,180,115,1,1,1,1
1200,290000000,295,345,90,60,1,1,1,1
1200,340000000,480,337,60,45,1,1,1,1
1200,220000000,668,337,280,65,1,1,1,1
1200,210000000,852,367,55,45,1,1,1,1
1201,380000000,40,337,180,115,1,1,1,1
1201,290000000,295,345,90,60,1,1,1,1
1201,340000000,480,337,60,45,1,1,1,1
1201,220000000,668,337,280,65,1,1,1,1
1201,210000000,852,367,55,45,1,1,1,1
1202,380000000,40,337,180,115,1,1,1,1
1202,290000000,295,345,90,60,1,1,1,1
1202,340000000,480,337,60,45,1,1,1,1
1202,220000000,668,337,280,65,1,1,1,1
1202,210000000,852,367,55,45,1,1,1,1
1203,380000000,39,337,180,115,1,1,1,1
1203,290000000,294,345,90,60,1,1,1,1
1203,340000000,479,337,60,45,1,1,1,1
1203,220000000,667,337,280,65,1,1,1,1
1203,210000000,852,367,55,45,1,1,1,1
1204,380000000,39,337,180,115,1,1,1,1
1204,290000000,294,345,90,60,1,1,1,1
1204,340000000,479,337,60,45,1,1,1,1
1204,220000000,667,337,280,65,1,1,1,1
1204,210000000,852,367,55,45,1,1,1,1
1205,380000000,39,337,180,115,1,1,1,1
1205,290000000,294,345,90,60,1,1,1,1
1205,340000000,479,337,60,45,1,1,1,1
1205,220000000,667,337,280,65,1,1,1,1
1205,210000000,852,367,55,45,1,1,1,1
1206,380000000,39,337,180,115,1,1,1,1
1206,290000000,294,345,90,60,1,1,1,1
1206,340000000,479,337,60,45,1,1,1,1
1206,220000000,667,337,280,65,1,1,1,1
1206,210000000,852,367,55,45,1,1,1,1
1207,380000000,39,337,180,115,1,1,1,1
1207,290000000,294,345,90,60,1,1,1,1
1207,340000000,479,337,60,45,1,1,1,1
1207,220000000,667,337,280,65,1,1,1,1
1207,210000000,852,367,55,45,1,1,1,1
1208,380000000,39,337,180,115,1,1,1,1
1208,290000000,294,345,90,60,1,1,1,1
1208,340000000,479,337,60,45,1,1,1,1
1208,220000000,667,337,280,65,1,1,1,1
1208,210000000,852,367,55,45,1,1,1,1
1209,380000000,39,337,180,115,1,1,1,1
1209,290000000,294,345,90,60,1,1,1,1
1209,340000000,479,337,60,45,1,1,1,1
1209,220000000,667,337,280,65,1,1,1,1
1209,210000000,852,367,55,45,1,1,1,1
1210,380000000,39,337,180,115,1,1,1,1
1210,290000000,294,345,90,60,1,1,1,1
1210,340000000,479,337,60,45,1,1,1,1
1210,220000000,667,337,280,65,1,1,1,1
1210,210000000,852,367,55,45,1,1,1,1
1211,380000000,39,337,180,115,1,1,1,1
1211,290000000,294,345,90,60,1,1,1,1
1211,340000000,479,337,60,45,1,1,1,1
1211,220000000,667,337,280,65,1,1,1,1
1211,210000000,852,367,55,45,1,1,1,1
1212,380000000,39,337,180,115,1,1,1,1
1212,290000000,294,345,90,60,1,1,1,1
1212,340000000,479,337,60,45,1,1,1,1
1212,220000000,667,337,280,65,1,1,1,1
1212,210000000,852,367,55,45,1,1,1,1
1213,380000000,39,337,180,115,1,1,1,1
1213,290000000,294,345,90,60,1,1,1,1
1213,340000000,479,337,60,45,1,1,1,1
1213,220000000,667,337,280,65,1,1,1,1
1213,210000000,851,367,55,45,1,1,1,1
1214,380000000,39,337,180,115,1,1,1,1
1214,290000000,294,345,90,60,1,1,1,1
1214,340000000,479,337,60,45,1,1,1,1
1214,220000000,667,337,280,65,1,1,1,1
1214,210000000,851,367,55,45,1,1,1,1
1215,380000000,39,337,180,115,1,1,1,1
1215,290000000,294,345,90,60,1,1,1,1
1215,340000000,479,337,60,45,1,1,1,1
1215,220000000,667,337,280,65,1,1,1,1
1215,210000000,851,367,55,45,1,1,1,1
1216,380000000,39,337,180,115,1,1,1,1
1216,290000000,294,345,90,60,1,1,1,1
1216,340000000,479,337,60,45,1,1,1,1
1216,220000000,667,337,280,65,1,1,1,1
1216,210000000,851,367,55,45,1,1,1,1
1217,380000000,39,337,180,115,1,1,1,1
1217,290000000,294,345,90,60,1,1,1,1
1217,340000000,479,337,60,45,1,1,1,1
1217,220000000,667,337,280,65,1,1,1,1
1217,210000000,851,367,55,45,1,1,1,1
1218,380000000,38,337,180,115,1,1,1,1
1218,290000000,294,345,90,60,1,1,1,1
1218,340000000,479,337,60,45,1,1,1,1
1218,220000000,667,337,280,65,1,1,1,1
1218,210000000,851,367,55,45,1,1,1,1
1219,380000000,38,337,180,115,1,1,1,1
1219,290000000,294,345,90,60,1,1,1,1
1219,340000000,479,337,60,45,1,1,1,1
1219,220000000,667,337,280,65,1,1,1,1
1219,210000000,851,367,55,45,1,1,1,1
1220,380000000,38,337,180,115,1,1,1,1
1220,290000000,294,345,90,60,1,1,1,1
1220,340000000,479,337,60,45,1,1,1,1
1220,220000000,667,337,280,65,1,1,1,1
1220,210000000,851,367,55,45,1,1,1,1
1221,380000000,38,337,180,115,1,1,1,1
1221,290000000,294,345,90,60,1,1,1,1
1221,340000000,479,337,60,45,1,1,1,1
1221,220000000,667,337,280,65,1,1,1,1
1221,210000000,851,367,55,45,1,1,1,1
1222,380000000,38,337,180,115,1,1,1,1
1222,290000000,294,345,90,60,1,1,1,1
1222,340000000,479,337,60,45,1,1,1,1
1222,220000000,667,337,280,65,1,1,1,1
1222,210000000,851,367,55,45,1,1,1,1
1223,380000000,38,337,180,115,1,1,1,1
1223,290000000,294,345,90,60,1,1,1,1
1223,340000000,479,337,60,45,1,1,1,1
1223,220000000,667,337,280,65,1,1,1,1
1223,210000000,851,367,55,45,1,1,1,1
1224,380000000,38,337,180,115,1,1,1,1
1224,290000000,294,345,90,60,1,1,1,1
1224,340000000,479,337,60,45,1,1,1,1
1224,220000000,667,337,280,65,1,1,1,1
1224,210000000,851,367,55,45,1,1,1,1
1225,380000000,38,337,180,115,1,1,1,1
1225,290000000,294,345,90,60,1,1,1,1
1225,340000000,479,337,60,45,1,1,1,1
1225,220000000,667,337,280,65,1,1,1,1
1225,210000000,851,367,55,45,1,1,1,1
1226,380000000,38,337,180,115,1,1,1,1
1226,290000000,294,345,90,60,1,1,1,1
1226,340000000,479,337,60,45,1,1,1,1
1226,220000000,667,337,280,65,1,1,1,1
1226,210000000,851,367,55,45,1,1,1,1
1227,380000000,38,337,180,115,1,1,1,1
1227,290000000,294,345,90,60,1,1,1,1
1227,340000000,479,337,60,45,1,1,1,1
1227,220000000,667,337,280,65,1,1,1,1
1227,210000000,851,367,55,45,1,1,1,1
1228,380000000,38,337,180,115,1,1,1,1
1228,290000000,294,345,90,60,1,1,1,1
1228,340000000,479,337,60,45,1,1,1,1
1228,220000000,667,337,280,65,1,1,1,1
1228,210000000,851,367,55,45,1,1,1,1
1229,380000000,38,337,180,115,1,1,1,1
1229,290000000,294,345,90,60,1,1,1,1
1229,340000000,479,337,60,45,1,1,1,1
1229,220000000,667,337,280,65,1,1,1,1
1229,210000000,851,367,55,45,1,1,1,1
1230,380000000,38,337,180,115,1,1,1,1
1230,290000000,294,345,90,60,1,1,1,1
1230,340000000,479,337,60,45,1,1,1,1
1230,220000000,667,337,280,65,1,1,1,1
1230,210000000,851,367,55,45,1,1,1,1
1231,380000000,38,337,180,115,1,1,1,1
1231,290000000,294,345,90,60,1,1,1,1
1231,340000000,479,337,60,45,1,1,1,1
1231,220000000,667,337,280,65,1,1,1,1
1231,210000000,851,367,55,45,1,1,1,1
1232,380000000,38,338,180,115,1,1,1,1
1232,290000000,294,345,90,60,1,1,1,1
1232,340000000,479,337,60,45,1,1,1,1
1232,220000000,667,337,280,65,1,1,1,1
1232,210000000,851,368,55,45,1,1,1,1
1233,380000000,37,338,180,115,1,1,1,1
1233,290000000,293,345,90,60,1,1,1,1
1233,340000000,479,337,60,45,1,1,1,1
1233,220000000,667,337,280,65,1,1,1,1
1233,210000000,850,368,55,45,1,1,1,1
1234,380000000,37,338,180,115,1,1,1,1
1234,290000000,293,345,90,60,1,1,1,1
1234,340000000,479,337,60,45,1,1,1,1
1234,220000000,667,337,280,65,1,1,1,1
1234,210000000,850,368,55,45,1,1,1,1
1235,380000000,37,338,180,115,1,1,1,1
1235,290000000,293,345,90,60,1,1,1,1
1235,340000000,479,337,60,45,1,1,1,1
1235,220000000,667,337,280,65,1,1,1,1
1235,210000000,850,368,55,45,1,1,1,1
1236,380000000,37,338,180,115,1,1,1,1
1236,290000000,293,345,90,60,1,1,1,1
1236,340000000,479,337,60,45,1,1,1,1
1236,220000000,667,337,280,65,1,1,1,1
1236,210000000,850,368,55,45,1,1,1,1
1237,380000000,37,338,180,115,1,1,1,1
1237,290000000,293,345,90,60,1,1,1,1
1237,340000000,479,337,60,45,1,1,1,1
1237,220000000,667,337,280,65,1,1,1,1
1237,210000000,850,368,55,45,1,1,1,1
1238,380000000,37,338,180,115,1,1,1,1
1238,290000000,293,345,90,60,1,1,1,1
1238,340000000,479,337,60,45,1,1,1,1
1238,220000000,667,337,280,65,1,1,1,1
1238,210000000,850,368,55,45,1,1,1,1
1239,380000000,37,338,180,115,1,1,1,1
1239,290000000,293,345,90,60,1,1,1,1
1239,340000000,479,337,60,45,1,1,1,1
1239,220000000,667,337,280,65,1,1,1,1
1239,210000000,850,368,55,45,1,1,1,1
1240,380000000,37,338,180,115,1,1,1,1
1240,290000000,293,345,90,60,1,1,1,1
1240,340000000,479,337,60,45,1,1,1,1
1240,220000000,667,337,280,65,1,1,1,1
1240,210000000,850,368,55,45,1,1,1,1
1241,380000000,37,338,180,115,1,1,1,1
1241,290000000,293,345,90,60,1,1,1,1
1241,340000000,479,337,60,45,1,1,1,1
1241,220000000,667,337,280,65,1,1,1,1
1241,210000000,850,368,55,45,1,1,1,1
1242,380000000,37,338,180,115,1,1,1,1
1242,290000000,293,345,90,60,1,1,1,1
1242,340000000,479,337,60,45,1,1,1,1
1242,220000000,667,337,280,65,1,1,1,1
1242,210000000,850,368,55,45,1,1,1,1
1243,380000000,37,338,180,115,1,1,1,1
1243,290000000,293,345,90,60,1,1,1,1
1243,340000000,479,337,60,45,1,1,1,1
1243,220000000,667,337,280,65,1,1,1,1
1243,210000000,850,368,55,45,1,1,1,1
1244,380000000,37,338,180,115,1,1,1,1
1244,290000000,293,345,90,60,1,1,1,1
1244,340000000,479,337,60,45,1,1,1,1
1244,220000000,667,337,280,65,1,1,1,1
1244,210000000,850,368,55,45,1,1,1,1
1245,380000000,37,338,180,115,1,1,1,1
1245,290000000,293,345,90,60,1,1,1,1
1245,340000000,479,337,60,45,1,1,1,1
1245,220000000,667,337,280,65,1,1,1,1
1245,210000000,850,368,55,45,1,1,1,1
1246,380000000,37,338,180,115,1,1,1,1
1246,290000000,293,345,90,60,1,1,1,1
1246,340000000,479,337,60,45,1,1,1,1
1246,220000000,667,337,280,65,1,1,1,1
1246,210000000,850,368,55,45,1,1,1,1
1247,380000000,37,338,180,115,1,1,1,1
1247,290000000,293,345,90,60,1,1,1,1
1247,340000000,479,337,60,45,1,1,1,1
1247,220000000,667,337,280,65,1,1,1,1
1247,210000000,850,368,55,45,1,1,1,1
1248,380000000,36,338,180,115,1,1,1,1
1248,290000000,293,345,90,60,1,1,1,1
1248,340000000,479,337,60,45,1,1,1,1
1248,220000000,667,337,280,65,1,1,1,1
1248,210000000,850,368,55,45,1,1,1,1
1249,380000000,36,338,180,115,1,1,1,1
1249,290000000,293,345,90,60,1,1,1,1
1249,340000000,479,337,60,45,1,1,1,1
1249,220000000,667,337,280,65,1,1,1,1
1249,210000000,850,368,55,45,1,1,1,1
1250,380000000,36,338,180,115,1,1,1,1
1250,290000000,293,345,90,60,1,1,1,1
1250,340000000,479,337,60,45,1,1,1,1
1250,220000000,667,337,280,65,1,1,1,1
1250,210000000,850,368,55,45,1,1,1,1
1251,380000000,36,338,180,115,1,1,1,1
1251,290000000,293,345,90,60,1,1,1,1
1251,340000000,479,337,60,45,1,1,1,1
1251,220000000,667,337,280,65,1,1,1,1
1251,210000000,850,368,55,45,1,1,1,1
1252,380000000,36,338,180,115,1,1,1,1
1252,290000000,293,345,90,60,1,1,1,1
1252,340000000,479,337,60,45,1,1,1,1
1252,220000000,667,337,280,65,1,1,1,1
1252,210000000,850,368,55,45,1,1,1,1
1253,380000000,36,338,180,115,1,1,1,1
1253,290000000,293,345,90,60,1,1,1,1
1253,340000000,479,337,60,45,1,1,1,1
1253,220000000,667,337,280,65,1,1,1,1
1253,210000000,849,368,55,45,1,1,1,1
1254,380000000,36,338,180,115,1,1,1,1
1254,290000000,293,345,90,60,1,1,1,1
1254,340000000,479,337,60,45,1,1,1,1
1254,220000000,667,337,280,65,1,1,1,1
1254,210000000,849,368,55,45,1,1,1,1
1255,380000000,36,338,180,115,1,1,1,1
1255,290000000,293,345,90,60,1,1,1,1
1255,340000000,479,337,60,45,1,1,1,1
1255,220000000,667,337,280,65,1,1,1,1
1255,210000000,849,368,55,45,1,1,1,1
1256,380000000,36,338,180,115,1,1,1,1
1256,290000000,293,345,90,60,1,1,1,1
1256,340000000,479,337,60,45,1,1,1,1
1256,220000000,667,337,280,65,1,1,1,1
1256,210000000,849,368,55,45,1,1,1,1
1257,380000000,36,338,180,115,1,1,1,1
1257,290000000,293,345,90,60,1,1,1,1
1257,340000000,479,337,60,45,1,1,1,1
1257,220000000,667,337,280,65,1,1,1,1
1257,210000000,849,368,55,45,1,1,1,1
1258,380000000,36,338,180,115,1,1,1,1
1258,290000000,293,345,90,60,1,1,1,1
1258,340000000,479,337,60,45,1,1,1,1
1258,220000000,667,337,280,65,1,1,1,1
1258,210000000,849,368,55,45,1,1,1,1
1259,380000000,36,338,180,115,1,1,1,1
1259,290000000,293,345,90,60,1,1,1,1
1259,340000000,479,337,60,45,1,1,1,1
1259,220000000,667,337,280,65,1,1,1,1
1259,210000000,849,368,55,45,1,1,1,1
1260,380000000,36,338,180,115,1,1,1,1
1260,290000000,293,345,90,60,1,1,1,1
1260,340000000,479,337,60,45,1,1,1,1
1260,220000000,667,337,280,65,1,1,1,1
1260,210000000,849,368,55,45,1,1,1,1
1261,380000000,36,338,180,115,1,1,1,1
1261,290000000,293,345,90,60,1,1,1,1
1261,340000000,479,337,60,45,1,1,1,1
1261,220000000,667,337,280,65,1,1,1,1
1261,210000000,849,368,55,45,1,1,1,1
1262,380000000,36,338,180,115,1,1,1,1
1262,290000000,293,345,90,60,1,1,1,1
1262,340000000,479,337,60,45,1,1,1,1
1262,220000000,667,337,280,65,1,1,1,1
1262,210000000,849,368,55,45,1,1,1,1
1263,380000000,35,338,180,115,1,1,1,1
1263,290000000,292,345,90,60,1,1,1,1
1263,340000000,478,337,60,45,1,1,1,1
1263,220000000,667,337,280,65,1,1,1,1
1263,210000000,849,368,55,45,1,1,1,1
1264,380000000,35,338,180,115,1,1,1,1
1264,290000000,292,345,90,60,1,1,1,1
1264,340000000,478,337,60,45,1,1,1,1
1264,220000000,667,337,280,65,1,1,1,1
1264,210000000,849,368,55,45,1,1,1,1
1265,380000000,35,338,180,115,1,1,1,1
1265,290000000,292,345,90,60,1,1,1,1
1265,340000000,478,337,60,45,1,1,1,1
1265,220000000,667,337,280,65,1,1,1,1
1265,210000000,849,368,55,45,1,1,1,1
1266,380000000,35,338,180,115,1,1,1,1
1266,290000000,292,345,90,60,1,1,1,1
1266,340000000,478,337,60,45,1,1,1,1
1266,220000000,667,337,280,65,1,1,1,1
1266,210000000,849,368,55,45,1,1,1,1
1267,380000000,35,338,180,115,1,1,1,1
1267,290000000,292,345,90,60,1,1,1,1
1267,340000000,478,337,60,45,1,1,1,1
1267,220000000,667,337,280,65,1,1,1,1
1267,210000000,849,368,55,45,1,1,1,1
1268,380000000,35,338,180,115,1,1,1,1
1268,290000000,292,345,90,60,1,1,1,1
1268,340000000,478,337,60,45,1,1,1,1
1268,220000000,667,337,280,65,1,1,1,1
1268,210000000,849,368,55,45,1,1,1,1
1269,380000000,35,338,180,115,1,1,1,1
1269,290000000,292,345,90,60,1,1,1,1
1269,340000000,478,337,60,45,1,1,1,1
1269,220000000,667,337,280,65,1,1,1,1
1269,210000000,849,368,55,45,1,1,1,1
1270,380000000,35,338,180,115,1,1,1,1
1270,290000000,292,345,90,60,1,1,1,1
1270,340000000,478,337,60,45,1,1,1,1
1270,220000000,667,337,280,65,1,1,1,1
1270,210000000,849,368,55,45,1,1,1,1
1271,380000000,35,338,180,115,1,1,1,1
1271,290000000,292,345,90,60,1,1,1,1
1271,340000000,478,337,60,45,1,1,1,1
1271,220000000,667,337,280,65,1,1,1,1
1271,210000000,849,368,55,45,1,1,1,1
1272,380000000,35,338,180,115,1,1,1,1
1272,290000000,292,345,90,60,1,1,1,1
1272,340000000,478,337,60,45,1,1,1,1
1272,220000000,667,337,280,65,1,1,1,1
1272,210000000,849,368,55,45,1,1,1,1
1273,380000000,35,338,180,115,1,1,1,1
1273,290000000,292,345,90,60,1,1,1,1
1273,340000000,478,337,60,45,1,1,1,1
1273,220000000,667,337,280,65,1,1,1,1
1273,210000000,848,368,55,45,1,1,1,1
1274,380000000,35,338,180,115,1,1,1,1
1274,290000000,292,345,90,60,1,1,1,1
1274,340000000,478,337,60,45,1,1,1,1
1274,220000000,667,337,280,65,1,1,1,1
1274,210000000,848,368,55,45,1,1,1,1
1275,380000000,35,338,180,115,1,1,1,1
1275,290000000,292,345,90,60,1,1,1,1
1275,340000000,478,337,60,45,1,1,1,1
1275,220000000,667,337,280,65,1,1,1,1
1275,210000000,848,368,55,45,1,1,1,1
1276,380000000,35,338,180,115,1,1,1,1
1276,290000000,292,345,90,60,1,1,1,1
1276,340000000,478,337,60,45,1,1,1,1
1276,220000000,667,337,280,65,1,1,1,1
1276,210000000,848,368,55,45,1,1,1,1
1277,380000000,35,338,180,115,1,1,1,1
1277,290000000,292,345,90,60,1,1,1,1
1277,340000000,478,337,60,45,1,1,1,1
1277,220000000,667,337,280,65,1,1,1,1
1277,210000000,848,368,55,45,1,1,1,1
1278,380000000,34,338,180,115,1,1,1,1
1278,290000000,292,345,90,60,1,1,1,1
1278,340000000,478,337,60,45,1,1,1,1
1278,220000000,667,337,280,65,1,1,1,1
1278,210000000,848,368,55,45,1,1,1,1
1279,380000000,34,338,180,115,1,1,1,1
1279,290000000,292,345,90,60,1,1,1,1
1279,340000000,478,337,60,45,1,1,1,1
1279,220000000,667,337,280,65,1,1,1,1
1279,210000000,848,368,55,45,1,1,1,1
1280,380000000,34,338,180,115,1,1,1,1
1280,290000000,292,345,90,60,1,1,1,1
1280,340000000,478,337,60,45,1,1,1,1
1280,220000000,667,337,280,65,1,1,1,1
1280,210000000,848,368,55,45,1,1,1,1
1281,380000000,34,338,180,115,1,1,1,1
1281,290000000,292,345,90,60,1,1,1,1
1281,340000000,478,337,60,45,1,1,1,1
1281,220000000,667,337,280,65,1,1,1,1
1281,210000000,848,368,55,45,1,1,1,1
1282,380000000,34,338,180,115,1,1,1,1
1282,290000000,292,345,90,60,1,1,1,1
1282,340000000,478,337,60,45,1,1,1,1
1282,220000000,667,337,280,65,1,1,1,1
1282,210000000,848,368,55,45,1,1,1,1
1283,380000000,34,338,180,115,1,1,1,1
1283,290000000,292,345,90,60,1,1,1,1
1283,340000000,478,337,60,45,1,1,1,1
1283,220000000,667,337,280,65,1,1,1,1
1283,210000000,848,368,55,45,1,1,1,1
1284,380000000,34,338,180,115,1,1,1,1
1284,290000000,292,345,90,60,1,1,1,1
1284,340000000,478,337,60,45,1,1,1,1
1284,220000000,667,337,280,65,1,1,1,1
1284,210000000,848,368,55,45,1,1,1,1
1285,380000000,34,338,180,115,1,1,1,1
1285,290000000,292,345,90,60,1,1,1,1
1285,340000000,478,337,60,45,1,1,1,1
1285,220000000,667,337,280,65,1,1,1,1
1285,210000000,848,368,55,45,1,1,1,1
1286,380000000,34,338,180,115,1,1,1,1
1286,290000000,292,345,90,60,1,1,1,1
1286,340000000,478,337,60,45,1,1,1,1
1286,220000000,667,337,280,65,1,1,1,1
1286,210000000,848,368,55,45,1,1,1,1
1287,380000000,34,338,180,115,1,1,1,1
1287,290000000,292,345,90,60,1,1,1,1
1287,340000000,478,337,60,45,1,1,1,1
1287,220000000,667,337,280,65,1,1,1,1
1287,210000000,848,368,55,45,1,1,1,1
1288,380000000,34,338,180,115,1,1,1,1
1288,290000000,292,345,90,60,1,1,1,1
1288,340000000,478,337,60,45,1,1,1,1
1288,220000000,667,337,280,65,1,1,1,1
1288,210000000,848,368,55,45,1,1,1,1
1289,380000000,34,338,180,115,1,1,1,1
1289,290000000,292,345,90,60,1,1,1,1
1289,340000000,478,337,60,45,1,1,1,1
1289,220000000,667,337,280,65,1,1,1,1
1289,210000000,848,368,55,45,1,1,1,1
1290,380000000,34,338,180,115,1,1,1,1
1290,290000000,292,345,90,60,1,1,1,1
1290,340000000,478,337,60,45,1,1,1,1
1290,220000000,667,337,280,65,1,1,1,1
1290,210000000,848,368,55,45,1,1,1,1
1291,380000000,34,338,180,115,1,1,1,1
1291,290000000,292,345,90,60,1,1,1,1
1291,340000000,478,337,60,45,1,1,1,1
1291,220000000,667,337,280,65,1,1,1,1
1291,210000000,848,368,55,45,1,1,1,1
1292,380000000,34,339,180,115,1,1,1,1
1292,290000000,292,345,90,60,1,1,1,1
1292,340000000,478,337,60,45,1,1,1,1
1292,220000000,667,337,280,65,1,1,1,1
1292,210000000,848,369,55,45,1,1,1,1
1293,380000000,33,339,180,115,1,1,1,1
1293,290000000,291,345,90,60,1,1,1,1
1293,340000000,478,337,60,45,1,1,1,1
1293,220000000,667,337,280,65,1,1,1,1
1293,210000000,847,369,55,45,1,1,1,1
1294,380000000,33,339,180,115,1,1,1,1
1294,290000000,291,345,90,60,1,1,1,1
1294,340000000,478,337,60,45,1,1,1,1
1294,220000000,667,337,280,65,1,1,1,1
1294,210000000,847,369,55,45,1,1,1,1
1295,380000000,33,339,180,115,1,1,1,1
1295,290000000,291,345,90,60,1,1,1,1
1295,340000000,478,337,60,45,1,1,1,1
1295,220000000,667,337,280,65,1,1,1,1
1295,210000000,847,369,55,45,1,1,1,1
1296,380000000,33,339,180,115,1,1,1,1
1296,290000000,291,345,90,60,1,1,1,1
1296,340000000,478,337,60,45,1,1,1,1
1296,220000000,667,337,280,65,1,1,1,1
1296,210000000,847,369,55,45,1,1,1,1
1297,380000000,33,339,180,115,1,1,1,1
1297,290000000,291,345,90,60,1,1,1,1
1297,340000000,478,337,60,45,1,1,1,1
1297,220000000,667,337,280,65,1,1,1,1
1297,210000000,847,369,55,45,1,1,1,1
1298,380000000,33,339,180,115,1,1,1,1
1298,290000000,291,345,90,60,1,1,1,1
1298,340000000,478,337,60,45,1,1,1,1
1298,220000000,667,337,280,65,1,1,1,1
1298,210000000,847,369,55,45,1,1,1,1
1299,380000000,33,339,180,115,1,1,1,1
1299,290000000,291,345,90,60,1,1,1,1
1299,340000000,478,337,60,45,1,1,1,1
1299,220000000,667,337,280,65,1,1,1,1
1299,210000000,847,369,55,45,1,1,1,1
1300,380000000,33,339,180,115,1,1,1,1
1300,290000000,291,345,90,60,1,1,1,1
1300,340000000,478,337,60,45,1,1,1,1
1300,220000000,667,337,280,65,1,1,1,1
1300,210000000,847,369,55,45,1,1,1,1
1301,380000000,33,339,180,115,1,1,1,1
1301,290000000,291,345,90,60,1,1,1,1
1301,340000000,478,337,60,45,1,1,1,1
1301,220000000,667,337,280,65,1,1,1,1
1301,210000000,847,369,55,45,1,1,1,1
1302,380000000,33,339,180,115,1,1,1,1
1302,290000000,291,345,90,60,1,1,1,1
1302,340000000,478,337,60,45,1,1,1,1
1302,220000000,667,337,280,65,1,1,1,1
1302,210000000,847,369,55,45,1,1,1,1
1303,380000000,33,339,180,115,1,1,1,1
1303,290000000,291,345,90,60,1,1,1,1
1303,340000000,478,337,60,45,1,1,1,1
1303,220000000,666,337,280,65,1,1,1,1
1303,210000000,847,369,55,45,1,1,1,1
1304,380000000,33,339,180,115,1,1,1,1
1304,290000000,291,345,90,60,1,1,1,1
1304,340000000,478,337,60,45,1,1,1,1
1304,220000000,666,337,280,65,1,1,1,1
1304,210000000,847,369,55,45,1,1,1,1
1305,380000000,33,339,180,115,1,1,1,1
1305,290000000,291,345,90,60,1,1,1,1
1305,340000000,478,337,60,45,1,1,1,1
1305,220000000,666,337,280,65,1,1,1,1
1305,210000000,847,369,55,45,1,1,1,1
1306,380000000,33,339,180,115,1,1,1,1
1306,290000000,291,345,90,60,1,1,1,1
1306,340000000,478,337,60,45,1,1,1,1
1306,220000000,666,337,280,65,1,1,1,1
1306,210000000,847,369,55,45,1,1,1,1
1307,380000000,33,339,180,115,1,1,1,1
1307,290000000,291,345,90,60,1,1,1,1
1307,340000000,478,337,60,45,1,1,1,1
1307,220000000,666,337,280,65,1,1,1,1
1307,210000000,847,369,55,45,1,1,1,1
1308,380000000,32,339,180,115,1,1,1,1
1308,290000000,291,345,90,60,1,1,1,1
1308,340000000,478,337,60,45,1,1,1,1
1308,220000000,666,337,280,65,1,1,1,1
1308,210000000,847,369,55,45,1,1,1,1
1309,380000000,32,339,180,115,1,1,1,1
1309,290000000,291,345,90,60,1,1,1,1
1309,340000000,478,337,60,45,1,1,1,1
1309,220000000,666,337,280,65,1,1,1,1
1309,210000000,847,369,55,45,1,1,1,1
1310,380000000,32,339,180,115,1,1,1,1
1310,290000000,291,345,90,60,1,1,1,1
1310,340000000,478,337,60,45,1,1,1,1
1310,220000000,666,337,280,65,1,1,1,1
1310,210000000,847,369,55,45,1,1,1,1
1311,380000000,32,339,180,115,1,1,1,1
1311,290000000,291,345,90,60,1,1,1,1
1311,340000000,478,337,60,45,1,1,1,1
1311,220000000,666,337,280,65,1,1,1,1
1311,210000000,847,369,55,45,1,1,1,1
1312,380000000,32,339,180,115,1,1,1,1
1312,290000000,291,345,90,60,1,1,1,1
1312,340000000,478,337,60,45,1,1,1,1
1312,220000000,666,337,280,65,1,1,1,1
1312,210000000,847,369,55,45,1,1,1,1
1313,380000000,32,339,180,115,1,1,1,1
1313,290000000,291,345,90,60,1,1,1,1
1313,340000000,478,337,60,45,1,1,1,1
1313,220000000,666,337,280,65,1,1,1,1
1313,210000000,846,369,55,45,1,1,1,1
1314,380000000,32,339,180,115,1,1,1,1
1314,290000000,291,345,90,60,1,1,1,1
1314,340000000,478,337,60,45,1,1,1,1
1314,220000000,666,337,280,65,1,1,1,1
1314,210000000,846,369,55,45,1,1,1,1
1315,380000000,32,339,180,115,1,1,1,1
1315,290000000,291,345,90,60,1,1,1,1
1315,340000000,478,337,60,45,1,1,1,1
1315,220000000,666,337,280,65,1,1,1,1
1315,210000000,846,369,55,45,1,1,1,1
1316,380000000,32,339,180,115,1,1,1,1
1316,290000000,291,345,90,60,1,1,1,1
1316,340000000,478,337,60,45,1,1,1,1
1316,220000000,666,337,280,65,1,1,1,1
1316,210000000,846,369,55,45,1,1,1,1
1317,380000000,32,339,180,115,1,1,1,1
1317,290000000,291,345,90,60,1,1,1,1
1317,340000000,478,337,60,45,1,1,1,1
1317,220000000,666,337,280,65,1,1,1,1
1317,210000000,846,369,55,45,1,1,1,1
1318,380000000,32,339,180,115,1,1,1,1
1318,290000000,291,345,90,60,1,1,1,1
1318,340000000,478,337,60,45,1,1,1,1
1318,220000000,666,337,280,65,1,1,1,1
1318,210000000,846,369,55,45,1,1,1,1
1319,380000000,32,339,180,115,1,1,1,1
1319,290000000,291,345,90,60,1,1,1,1
1319,340000000,478,337,60,45,1,1,1,1
1319,220000000,666,337,280,65,1,1,1,1
1319,210000000,846,369,55,45,1,1,1,1
1320,380000000,32,339,180,115,1,1,1,1
1320,290000000,291,345,90,60,1,1,1,1
1320,340000000,478,337,60,45,1,1,1,1
1320,220000000,666,337,280,65,1,1,1,1
1320,210000000,846,369,55,45,1,1,1,1
1321,380000000,32,339,180,115,1,1,1,1
1321,290000000,291,345,90,60,1,1,1,1
1321,340000000,478,337,60,45,1,1,1,1
1321,220000000,666,337,280,65,1,1,1,1
1321,210000000,846,369,55,45,1,1,1,1
1322,380000000,32,339,180,115,1,1,1,1
1322,290000000,291,345,90,60,1,1,1,1
1322,340000000,478,337,60,45,1,1,1,1
1322,220000000,666,337,280,65,1,1,1,1
1322,210000000,846,369,55,45,1,1,1,1
1323,380000000,31,339,180,115,1,1,1,1
1323,290000000,290,345,90,60,1,1,1,1
1323,340000000,477,337,60,45,1,1,1,1
1323,220000000,666,337,280,65,1,1,1,1
1323,210000000,846,369,55,45,1,1,1,1
1324,380000000,31,339,180,115,1,1,1,1
1324,290000000,290,345,90,60,1,1,1,1
1324,340000000,477,337,60,45,1,1,1,1
1324,220000000,666,337,280,65,1,1,1,1
1324,210000000,846,369,55,45,1,1,1,1
1325,380000000,31,339,180,115,1,1,1,1
1325,290000000,290,345,90,60,1,1,1,1
1325,340000000,477,337,60,45,1,1,1,1
1325,220000000,666,337,280,65,1,1,1,1
1325,210000000,846,369,55,45,1,1,1,1
1326,380000000,31,339,180,115,1,1,1,1
1326,290000000,290,345,90,60,1,1,1,1
1326,340000000,477,337,60,45,1,1,1,1
1326,220000000,666,337,280,65,1,1,1,1
1326,210000000,846,369,55,45,1,1,1,1
1327,380000000,31,339,180,115,1,1,1,1
1327,290000000,290,345,90,60,1,1,1,1
1327,340000000,477,337,60,45,1,1,1,1
1327,220000000,666,337,280,65,1,1,1,1
1327,210000000,846,369,55,45,1,1,1,1
1328,380000000,31,339,180,115,1,1,1,1
1328,290000000,290,345,90,60,1,1,1,1
1328,340000000,477,337,60,45,1,1,1,1
1328,220000000,666,337,280,65,1,1,1,1
1328,210000000,846,369,55,45,1,1,1,1
1329,380000000,31,339,180,115,1,1,1,1
1329,290000000,290,345,90,60,1,1,1,1
1329,340000000,477,337,60,45,1,1,1,1
1329,220000000,666,337,280,65,1,1,1,1
1329,210000000,846,369,55,45,1,1,1,1
1330,380000000,31,339,180,115,1,1,1,1
1330,290000000,290,345,90,60,1,1,1,1
1330,340000000,477,337,60,45,1,1,1,1
1330,220000000,666,337,280,65,1,1,1,1
1330,210000000,846,369,55,45,1,1,1,1
1331,380000000,31,339,180,115,1,1,1,1
1331,290000000,290,345,90,60,1,1,1,1
1331,340000000,477,337,60,45,1,1,1,1
1331,220000000,666,337,280,65,1,1,1,1
1331,210000000,846,369,55,45,1,1,1,1
1332,380000000,31,339,180,115,1,1,1,1
1332,290000000,290,345,90,60,1,1,1,1
1332,340000000,477,337,60,45,1,1,1,1
1332,220000000,666,337,280,65,1,1,1,1
1332,210000000,846,369,55,45,1,1,1,1
1333,380000000,31,339,180,115,1,1,1,1
1333,290000000,290,345,90,60,1,1,1,1
1333,340000000,477,337,60,45,1,1,1,1
1333,220000000,666,337,280,65,1,1,1,1
1333,210000000,845,369,55,45,1,1,1,1
1334,380000000,31,339,180,115,1,1,1,1
1334,290000000,290,345,90,60,1,1,1,1
1334,340000000,477,337,60,45,1,1,1,1
1334,220000000,666,337,280,65,1,1,1,1
1334,210000000,845,369,55,45,1,1,1,1
1335,380000000,31,339,180,115,1,1,1,1
1335,290000000,290,345,90,60,1,1,1,1
1335,340000000,477,337,60,45,1,1,1,1
1335,220000000,666,337,280,65,1,1,1,1
1335,210000000,845,369,55,45,1,1,1,1
1336,380000000,31,339,180,115,1,1,1,1
1336,290000000,290,345,90,60,1,1,1,1
1336,340000000,477,337,60,45,1,1,1,1
1336,220000000,666,337,280,65,1,1,1,1
1336,210000000,845,369,55,45,1,1,1,1
1337,380000000,31,339,180,115,1,1,1,1
1337,290000000,290,345,90,60,1,1,1,1
1337,340000000,477,337,60,45,1,1,1,1
1337,220000000,666,337,280,65,1,1,1,1
1337,210000000,845,369,55,45,1,1,1,1
1338,380000000,30,339,180,115,1,1,1,1
1338,290000000,290,345,90,60,1,1,1,1
1338,340000000,477,337,60,45,1,1,1,1
1338,220000000,666,337,280,65,1,1,1,1
1338,210000000,845,369,55,45,1,1,1,1
1339,380000000,30,339,180,115,1,1,1,1
1339,290000000,290,345,90,60,1,1,1,1
1339,340000000,477,337,60,45,1,1,1,1
1339,220000000,666,337,280,65,1,1,1,1
1339,210000000,845,369,55,45,1,1,1,1
1340,380000000,30,339,180,115,1,1,1,1
1340,290000000,290,345,90,60,1,1,1,1
1340,340000000,477,337,60,45,1,1,1,1
1340,220000000,666,337,280,65,1,1,1,1
1340,210000000,845,369,55,45,1,1,1,1
1341,380000000,30,339,180,115,1,1,1,1
1341,290000000,290,345,90,60,1,1,1,1
1341,340000000,477,337,60,45,1,1,1,1
1341,220000000,666,337,280,65,1,1,1,1
1341,210000000,845,369,55,45,1,1,1,1
1342,380000000,30,339,180,115,1,1,1,1
1342,290000000,290,345,90,60,1,1,1,1
1342,340000000,477,337,60,45,1,1,1,1
1342,220000000,666,337,280,65,1,1,1,1
1342,210000000,845,369,55,45,1,1,1,1
1343,380000000,30,339,180,115,1,1,1,1
1343,290000000,290,345,90,60,1,1,1,1
1343,340000000,477,337,60,45,1,1,1,1
1343,220000000,666,337,280,65,1,1,1,1
1343,210000000,845,369,55,45,1,1,1,1
1344,380000000,30,339,180,115,1,1,1,1
1344,290000000,290,345,90,60,1,1,1,1
1344,340000000,477,337,60,45,1,1,1,1
1344,220000000,666,337,280,65,1,1,1,1
1344,210000000,845,369,55,45,1,1,1,1
1345,380000000,30,339,180,115,1,1,1,1
1345,290000000,290,345,90,60,1,1,1,1
1345,340000000,477,337,60,45,1,1,1,1
1345,220000000,666,337,280,65,1,1,1,1
1345,210000000,845,369,55,45,1,1,1,1
1346,380000000,30,339,180,115,1,1,1,1
1346,290000000,290,345,90,60,1,1,1,1
1346,340000000,477,337,60,45,1,1,1,1
1346,220000000,666,337,280,65,1,1,1,1
1346,210000000,845,369,55,45,1,1,1,1
1347,380000000,30,339,180,115,1,1,1,1
1347,290000000,290,345,90,60,1,1,1,1
1347,340000000,477,337,60,45,1,1,1,1
1347,220000000,666,337,280,65,1,1,1,1
1347,210000000,845,369,55,45,1,1,1,1
1348,380000000,30,339,180,115,1,1,1,1
1348,290000000,290,345,90,60,1,1,1,1
1348,340000000,477,337,60,45,1,1,1,1
1348,220000000,666,337,280,65,1,1,1,1
1348,210000000,845,369,55,45,1,1,1,1
1349,380000000,30,339,180,115,1,1,1,1
1349,290000000,290,345,90,60,1,1,1,1
1349,340000000,477,337,60,45,1,1,1,1
1349,220000000,666,337,280,65,1,1,1,1
1349,210000000,845,369,55,45,1,1,1,1
1350,380000000,30,339,180,115,1,1,1,1
1350,290000000,290,345,90,60,1,1,1,1
1350,340000000,477,337,60,45,1,1,1,1
1350,220000000,666,337,280,65,1,1,1,1
1350,210000000,845,369,55,45,1,1,1,1
1351,380000000,30,339,180,115,1,1,1,1
1351,290000000,290,345,90,60,1,1,1,1
1351,340000000,477,337,60,45,1,1,1,1
1351,220000000,666,337,280,65,1,1,1,1
1351,210000000,845,369,55,45,1,1,1,1
1352,380000000,30,340,180,115,1,1,1,1
1352,290000000,290,345,90,60,1,1,1,1
1352,340000000,477,337,60,45,1,1,1,1
1352,220000000,666,337,280,65,1,1,1,1
1352,210000000,845,370,55,45,1,1,1,1
1353,380000000,29,340,180,115,1,1,1,1
1353,290000000,289,345,90,60,1,1,1,1
1353,340000000,477,337,60,45,1,1,1,1
1353,220000000,666,337,280,65,1,1,1,1
1353,210000000,844,370,55,45,1,1,1,1
1354,380000000,29,340,180,115,1,1,1,1
1354,290000000,289,345,90,60,1,1,1,1
1354,340000000,477,337,60,45,1,1,1,1
1354,220000000,666,337,280,65,1,1,1,1
1354,210000000,844,370,55,45,1,1,1,1
1355,380000000,29,340,180,115,1,1,1,1
1355,290000000,289,345,90,60,1,1,1,1
1355,340000000,477,337,60,45,1,1,1,1
1355,220000000,666,337,280,65,1,1,1,1
1355,210000000,844,370,55,45,1,1,1,1
1356,380000000,29,340,180,115,1,1,1,1
1356,290000000,289,345,90,60,1,1,1,1
1356,340000000,477,337,60,45,1,1,1,1
1356,220000000,666,337,280,65,1,1,1,1
1356,210000000,844,370,55,45,1,1,1,1
1357,380000000,29,340,180,115,1,1,1,1
1357,290000000,289,345,90,60,1,1,1,1
1357,340000000,477,337,60,45,1,1,1,1
1357,220000000,666,337,280,65,1,1,1,1
1357,210000000,844,370,55,45,1,1,1,1
1358,380000000,29,340,180,115,1,1,1,1
1358,290000000,289,345,90,60,1,1,1,1
1358,340000000,477,337,60,45,1,1,1,1
1358,220000000,666,337,280,65,1,1,1,1
1358,210000000,844,370,55,45,1,1,1,1
1359,380000000,29,340,180,115,1,1,1,1
1359,290000000,289,345,90,60,1,1,1,1
1359,340000000,477,337,60,45,1,1,1,1
1359,220000000,666,337,280,65,1,1,1,1
1359,210000000,844,370,55,45,1,1,1,1
1360,380000000,29,340,180,115,1,1,1,1
1360,290000000,289,345,90,60,1,1,1,1
1360,340000000,477,337,60,45,1,1,1,1
1360,220000000,666,337,280,65,1,1,1,1
1360,210000000,844,370,55,45,1,1,1,1
1361,380000000,29,340,180,115,1,1,1,1
1361,290000000,289,345,90,60,1,1,1,1
1361,340000000,477,337,60,45,1,1,1,1
1361,220000000,666,337,280,65,1,1,1,1
1361,210000000,844,370,55,45,1,1,1,1
1362,380000000,29,340,180,115,1,1,1,1
1362,290000000,289,345,90,60,1,1,1,1
1362,340000000,477,337,60,45,1,1,1,1
1362,220000000,666,337,280,65,1,1,1,1
1362,210000000,844,370,55,45,1,1,1,1
1363,380000000,29,340,180,115,1,1,1,1
1363,290000000,289,345,90,60,1,1,1,1
1363,340000000,477,337,60,45,1,1,1,1
1363,220000000,666,337,280,65,1,1,1,1
1363,210000000,844,370,55,45,1,1,1,1
1364,380000000,29,340,180,115,1,1,1,1
1364,290000000,289,345,90,60,1,1,1,1
1364,340000000,477,337,60,45,1,1,1,1
1364,220000000,666,337,280,65,1,1,1,1
1364,210000000,844,370,55,45,1,1,1,1
1365,380000000,29,340,180,115,1,1,1,1
1365,290000000,289,345,90,60,1,1,1,1
1365,340000000,477,337,60,45,1,1,1,1
1365,220000000,666,337,280,65,1,1,1,1
1365,210000000,844,370,55,45,1,1,1,1
1366,380000000,29,340,180,115,1,1,1,1
1366,290000000,289,345,90,60,1,1,1,1
1366,340000000,477,337,60,45,1,1,1,1
1366,220000000,666,337,280,65,1,1,1,1
1366,210000000,844,370,55,45,1,1,1,1
1367,380000000,29,340,180,115,1,1,1,1
1367,290000000,289,345,90,60,1,1,1,1
1367,340000000,477,337,60,45,1,1,1,1
1367,220000000,666,337,280,65,1,1,1,1
1367,210000000,844,370,55,45,1,1,1,1
1368,380000000,28,340,180,115,1,1,1,1
1368,290000000,289,345,90,60,1,1,1,1
1368,340000000,477,337,60,45,1,1,1,1
1368,220000000,666,337,280,65,1,1,1,1
1368,210000000,844,370,55,45,1,1,1,1
1369,380000000,28,340,180,115,1,1,1,1
1369,290000000,289,345,90,60,1,1,1,1
1369,340000000,477,337,60,45,1,1,1,1
1369,220000000,666,337,280,65,1,1,1,1
1369,210000000,844,370,55,45,1,1,1,1
1370,380000000,28,340,180,115,1,1,1,1
1370,290000000,289,345,90,60,1,1,1,1
1370,340000000,477,337,60,45,1,1,1,1
1370,220000000,666,337,280,65,1,1,1,1
1370,210000000,844,370,55,45,1,1,1,1
1371,380000000,28,340,180,115,1,1,1,1
1371,290000000,289,345,90,60,1,1,1,1
1371,340000000,477,337,60,45,1,1,1,1
1371,220000000,666,337,280,65,1,1,1,1
1371,210000000,844,370,55,45,1,1,1,1
1372,380000000,28,340,180,115,1,1,1,1
1372,290000000,289,345,90,60,1,1,1,1
1372,340000000,477,337,60,45,1,1,1,1
1372,220000000,666,337,280,65,1,1,1,1
1372,210000000,844,370,55,45,1,1,1,1
1373,380000000,28,340,180,115,1,1,1,1
1373,290000000,289,345,90,60,1,1,1,1
1373,340000000,477,337,60,45,1,1,1,1
1373,220000000,666,337,280,65,1,1,1,1
1373,210000000,843,370,55,45,1,1,1,1
1374,380000000,28,340,180,115,1,1,1,1
1374,290000000,289,345,90,60,1,1,1,1
1374,340000000,477,337,60,45,1,1,1,1
1374,220000000,666,337,280,65,1,1,1,1
1374,210000000,843,370,55,45,1,1,1,1
1375,380000000,28,340,180,115,1,1,1,1
1375,290000000,289,345,90,60,1,1,1,1
1375,340000000,477,337,60,45,1,1,1,1
1375,220000000,666,337,280,65,1,1,1,1
1375,210000000,843,370,55,45,1,1,1,1
1376,380000000,28,340,180,115,1,1,1,1
1376,290000000,289,345,90,60,1,1,1,1
1376,340000000,477,337,60,45,1,1,1,1
1376,220000000,666,337,280,65,1,1,1,1
1376,210000000,843,370,55,45,1,1,1,1
1377,380000000,28,340,180,115,1,1,1,1
1377,290000000,289,345,90,60,1,1,1,1
1377,340000000,477,337,60,45,1,1,1,1
1377,220000000,666,337,280,65,1,1,1,1
1377,210000000,843,370,55,45,1,1,1,1
1378,380000000,28,340,180,115,1,1,1,1
1378,290000000,289,345,90,60,1,1,1,1
1378,340000000,477,337,60,45,1,1,1,1
1378,220000000,666,337,280,65,1,1,1,1
1378,210000000,843,370,55,45,1,1,1,1
1379,380000000,28,340,180,115,1,1,1,1
1379,290000000,289,345,90,60,1,1,1,1
1379,340000000,477,337,60,45,1,1,1,1
1379,220000000,666,337,280,65,1,1,1,1
1379,210000000,843,370,55,45,1,1,1,1
1380,380000000,28,340,180,115,1,1,1,1
1380,290000000,289,345,90,60,1,1,1,1
1380,340000000,477,337,60,45,1,1,1,1
1380,220000000,666,337,280,65,1,1,1,1
1380,210000000,843,370,55,45,1,1,1,1
1381,380000000,28,340,180,115,1,1,1,1
1381,290000000,289,345,90,60,1,1,1,1
1381,340000000,477,337,60,45,1,1,1,1
1381,220000000,666,337,280,65,1,1,1,1
1381,210000000,843,370,55,45,1,1,1,1
1382,380000000,28,340,180,115,1,1,1,1
1382,290000000,289,345,90,60,1,1,1,1
1382,340000000,477,337,60,45,1,1,1,1
1382,220000000,666,337,280,65,1,1,1,1
1382,210000000,843,370,55,45,1,1,1,1
1383,380000000,27,340,180,115,1,1,1,1
1383,290000000,288,345,90,60,1,1,1,1
1383,340000000,476,337,60,45,1,1,1,1
1383,220000000,666,337,280,65,1,1,1,1
1383,210000000,843,370,55,45,1,1,1,1
1384,380000000,27,340,180,115,1,1,1,1
1384,290000000,288,345,90,60,1,1,1,1
1384,340000000,476,337,60,45,1,1,1,1
1384,220000000,666,337,280,65,1,1,1,1
1384,210000000,843,370,55,45,1,1,1,1
1385,380000000,27,340,180,115,1,1,1,1
1385,290000000,288,345,90,60,1,1,1,1
1385,340000000,476,337,60,45,1,1,1,1
1385,220000000,666,337,280,65,1,1,1,1
1385,210000000,843,370,55,45,1,1,1,1
1386,380000000,27,340,180,115,1,1,1,1
1386,290000000,288,345,90,60,1,1,1,1
1386,340000000,476,337,60,45,1,1,1,1
1386,220000000,666,337,280,65,1,1,1,1
1386,210000000,843,370,55,45,1,1,1,1
1387,380000000,27,340,180,115,1,1,1,1
1387,290000000,288,345,90,60,1,1,1,1
1387,340000000,476,337,60,45,1,1,1,1
1387,220000000,666,337,280,65,1,1,1,1
1387,210000000,843,370,55,45,1,1,1,1
1388,380000000,27,340,180,115,1,1,1,1
1388,290000000,288,345,90,60,1,1,1,1
1388,340000000,476,337,60,45,1,1,1,1
1388,220000000,666,337,280,65,1,1,1,1
1388,210000000,843,370,55,45,1,1,1,1
1389,380000000,27,340,180,115,1,1,1,1
1389,290000000,288,345,90,60,1,1,1,1
1389,340000000,476,337,60,45,1,1,1,1
1389,220000000,666,337,280,65,1,1,1,1
1389,210000000,843,370,55,45,1,1,1,1
1390,380000000,27,340,180,115,1,1,1,1
1390,290000000,288,345,90,60,1,1,1,1
1390,340000000,476,337,60,45,1,1,1,1
1390,220000000,666,337,280,65,1,1,1,1
1390,210000000,843,370,55,45,1,1,1,1
1391,380000000,27,340,180,115,1,1,1,1
1391,290000000,288,345,90,60,1,1,1,1
1391,340000000,476,337,60,45,1,1,1,1
1391,220000000,666,337,280,65,1,1,1,1
1391,210000000,843,370,55,45,1,1,1,1
1392,380000000,27,340,180,115,1,1,1,1
1392,290000000,288,345,90,60,1,1,1,1
1392,340000000,476,337,60,45,1,1,1,1
1392,220000000,666,337,280,65,1,1,1,1
1392,210000000,843,370,55,45,1,1,1,1
1393,380000000,27,340,180,115,1,1,1,1
1393,290000000,288,345,90,60,1,1,1,1
1393,340000000,476,337,60,45,1,1,1,1
1393,220000000,666,337,280,65,1,1,1,1
1393,210000000,842,370,55,45,1,1,1,1
1394,380000000,27,340,180,115,1,1,1,1
1394,290000000,288,345,90,60,1,1,1,1
1394,340000000,476,337,60,45,1,1,1,1
1394,220000000,666,337,280,65,1,1,1,1
1394,210000000,842,370,55,45,1,1,1,1
1395,380000000,27,340,180,115,1,1,1,1
1395,290000000,288,345,90,60,1,1,1,1
1395,340000000,476,337,60,45,1,1,1,1
1395,220000000,666,337,280,65,1,1,1,1
1395,210000000,842,370,55,45,1,1,1,1
1396,380000000,27,340,180,115,1,1,1,1
1396,290000000,288,345,90,60,1,1,1,1
1396,340000000,476,337,60,45,1,1,1,1
1396,220000000,666,337,280,65,1,1,1,1
1396,210000000,842,370,55,45,1,1,1,1
1397,380000000,27,340,180,115,1,1,1,1
1397,290000000,288,345,90,60,1,1,1,1
1397,340000000,476,337,60,45,1,1,1,1
1397,220000000,666,337,280,65,1,1,1,1
1397,210000000,842,370,55,45,1,1,1,1
1398,380000000,26,340,180,115,1,1,1,1
1398,290000000,288,345,90,60,1,1,1,1
1398,340000000,476,337,60,45,1,1,1,1
1398,220000000,666,337,280,65,1,1,1,1
1398,210000000,842,370,55,45,1,1,1,1
1399,380000000,26,340,180,115,1,1,1,1
1399,290000000,288,345,90,60,1,1,1,1
1399,340000000,476,337,60,45,1,1,1,1
1399,220000000,666,337,280,65,1,1,1,1
1399,210000000,842,370,55,45,1,1,1,1
1400,380000000,26,340,180,115,1,1,1,1
1400,290000000,288,345,90,60,1,1,1,1
1400,340000000,476,337,60,45,1,1,1,1
1400,220000000,666,337,280,65,1,1,1,1
1400,210000000,842,370,55,45,1,1,1,1
1401,380000000,26,340,180,115,1,1,1,1
1401,290000000,288,345,90,60,1,1,1,1
1401,340000000,476,337,60,45,1,1,1,1
1401,220000000,666,337,280,65,1,1,1,1
1401,210000000,842,370,55,45,1,1,1,1
1402,380000000,26,340,180,115,1,1,1,1
1402,290000000,288,345,90,60,1,1,1,1
1402,340000000,476,337,60,45,1,1,1,1
1402,220000000,666,337,280,65,1,1,1,1
1402,210000000,842,370,55,45,1,1,1,1
1403,380000000,26,340,180,115,1,1,1,1
1403,290000000,288,345,90,60,1,1,1,1
1403,340000000,476,337,60,45,1,1,1,1
1403,220000000,665,337,280,65,1,1,1,1
1403,210000000,842,370,55,45,1,1,1,1
1404,380000000,26,340,180,115,1,1,1,1
1404,290000000,288,345,90,60,1,1,1,1
1404,340000000,476,337,60,45,1,1,1,1
1404,220000000,665,337,280,65,1,1,1,1
1404,210000000,842,370,55,45,1,1,1,1
1405,380000000,26,340,180,115,1,1,1,1
1405,290000000,288,345,90,60,1,1,1,1
1405,340000000,476,337,60,45,1,1,1,1
1405,220000000,665,337,280,65,1,1,1,1
1405,210000000,842,370,55,45,1,1,1,1
1406,380000000,26,340,180,115,1,1,1,1
1406,290000000,288,345,90,60,1,1,1,1
1406,340000000,476,337,60,45,1,1,1,1
1406,220000000,665,337,280,65,1,1,1,1
1406,210000000,842,370,55,45,1,1,1,1
1407,380000000,26,340,180,115,1,1,1,1
1407,290000000,288,345,90,60,1,1,1,1
1407,340000000,476,337,60,45,1,1,1,1
1407,220000000,665,337,280,65,1,1,1,1
1407,210000000,842,370,55,45,1,1,1,1
1408,380000000,26,340,180,115,1,1,1,1
1408,290000000,288,345,90,60,1,1,1,1
1408,340000000,476,337,60,45,1,1,1,1
1408,220000000,665,337,280,65,1,1,1,1
1408,210000000,842,370,55,45,1,1,1,1
1409,380000000,26,340,180,115,1,1,1,1
1409,290000000,288,345,90,60,1,1,1,1
1409,340000000,476,337,60,45,1,1,1,1
1409,220000000,665,337,280,65,1,1,1,1
1409,210000000,842,370,55,45,1,1,1,1
1410,380000000,26,340,180,115,1,1,1,1
1410,290000000,288,345,90,60,1,1,1,1
1410,340000000,476,337,60,45,1,1,1,1
1410,220000000,665,337,280,65,1,1,1,1
1410,210000000,842,370,55,45,1,1,1,1
1411,380000000,26,340,180,115,1,1,1,1
1411,290000000,288,345,90,60,1,1,1,1
1411,340000000,476,337,60,45,1,1,1,1
1411,220000000,665,337,280,65,1,1,1,1
1411,210000000,842,370,55,45,1,1,1,1
1412,380000000,26,341,180,115,1,1,1,1
1412,290000000,288,345,90,60,1,1,1,1
1412,340000000,476,337,60,45,1,1,1,1
1412,220000000,665,337,280,65,1,1,1,1
1412,210000000,842,371,55,45,1,1,1,1
1413,380000000,25,341,180,115,1,1,1,1
1413,290000000,287,345,90,60,1,1,1,1
1413,340000000,476,337,60,45,1,1,1,1
1413,220000000,665,337,280,65,1,1,1,1
1413,210000000,841,371,55,45,1,1,1,1
1414,380000000,25,341,180,115,1,1,1,1
1414,290000000,287,345,90,60,1,1,1,1
1414,340000000,476,337,60,45,1,1,1,1
1414,220000000,665,337,280,65,1,1,1,1
1414,210000000,841,371,55,45,1,1,1,1
1415,380000000,25,341,180,115,1,1,1,1
1415,290000000,287,345,90,60,1,1,1,1
1415,340000000,476,337,60,45,1,1,1,1
1415,220000000,665,337,280,65,1,1,1,1
1415,210000000,841,371,55,45,1,1,1,1
1416,380000000,25,341,180,115,1,1,1,1
1416,290000000,287,345,90,60,1,1,1,1
1416,340000000,476,337,60,45,1,1,1,1
1416,220000000,665,337,280,65,1,1,1,1
1416,210000000,841,371,55,45,1,1,1,1
1417,380000000,25,341,180,115,1,1,1,1
1417,290000000,287,345,90,60,1,1,1,1
1417,340000000,476,337,60,45,1,1,1,1
1417,220000000,665,337,280,65,1,1,1,1
1417,210000000,841,371,55,45,1,1,1,1
1418,380000000,25,341,180,115,1,1,1,1
1418,290000000,287,345,90,60,1,1,1,1
1418,340000000,476,337,60,45,1,1,1,1
1418,220000000,665,337,280,65,1,1,1,1
1418,210000000,841,371,55,45,1,1,1,1
1419,380000000,25,341,180,115,1,1,1,1
1419,290000000,287,345,90,60,1,1,1,1
1419,340000000,476,337,60,45,1,1,1,1
1419,220000000,665,337,280,65,1,1,1,1
1419,210000000,841,371,55,45,1,1,1,1
1420,380000000,25,341,180,115,1,1,1,1
1420,290000000,287,345,90,60,1,1,1,1
1420,340000000,476,337,60,45,1,1,1,1
1420,220000000,665,337,280,65,1,1,1,1
1420,210000000,841,371,55,45,1,1,1,1
1421,380000000,25,341,180,115,1,1,1,1
1421,290000000,287,345,90,60,1,1,1,1
1421,340000000,476,337,60,45,1,1,1,1
1421,220000000,665,337,280,65,1,1,1,1
1421,210000000,841,371,55,45,1,1,1,1
1422,380000000,25,341,180,115,1,1,1,1
1422,290000000,287,345,90,60,1,1,1,1
1422,340000000,476,337,60,45,1,1,1,1
1422,220000000,665,337,280,65,1,1,1,1
1422,210000000,841,371,55,45,1,1,1,1
1423,380000000,25,341,180,115,1,1,1,1
1423,290000000,287,345,90,60,1,1,1,1
1423,340000000,476,337,60,45,1,1,1,1
1423,220000000,665,337,280,65,1,1,1,1
1423,210000000,841,371,55,45,1,1,1,1
1424,380000000,25,341,180,115,1,1,1,1
1424,290000000,287,345,90,60,1,1,1,1
1424,340000000,476,337,60,45,1,1,1,1
1424,220000000,665,337,280,65,1,1,1,1
1424,210000000,841,371,55,45,1,1,1,1
1425,380000000,25,341,180,115,1,1,1,1
1425,290000000,287,345,90,60,1,1,1,1
1425,340000000,476,337,60,45,1,1,1,1
1425,220000000,665,337,280,65,1,1,1,1
1425,210000000,841,371,55,45,1,1,1,1
1426,380000000,25,341,180,115,1,1,1,1
1426,290000000,287,345,90,60,1,1,1,1
1426,340000000,476,337,60,45,1,1,1,1
1426,220000000,665,337,280,65,1,1,1,1
1426,210000000,841,371,55,45,1,1,1,1
1427,380000000,25,341,180,115,1,1,1,1
1427,290000000,287,345,90,60,1,1,1,1
1427,340000000,476,337,60,45,1,1,1,1
1427,220000000,665,337,280,65,1,1,1,1
1427,210000000,841,371,55,45,1,1,1,1
1428,380000000,24,341,180,115,1,1,1,1
1428,290000000,287,345,90,60,1,1,1,1
1428,340000000,476,337,60,45,1,1,1,1
1428,220000000,665,337,280,65,1,1,1,1
1428,210000000,841,371,55,45,1,1,1,1
1429,380000000,24,341,180,115,1,1,1,1
1429,290000000,287,345,90,60,1,1,1,1
1429,340000000,476,337,60,45,1,1,1,1
1429,220000000,665,337,280,65,1,1,1,1
1429,210000000,841,371,55,45,1,1,1,1
1430,380000000,24,341,180,115,1,1,1,1
1430,290000000,287,345,90,60,1,1,1,1
1430,340000000,476,337,60,45,1,1,1,1
1430,220000000,665,337,280,65,1,1,1,1
1430,210000000,841,371,55,45,1,1,1,1
1431,380000000,24,341,180,115,1,1,1,1
1431,290000000,287,345,90,60,1,1,1,1
1431,340000000,476,337,60,45,1,1,1,1
1431,220000000,665,337,280,65,1,1,1,1
1431,210000000,841,371,55,45,1,1,1,1
1432,380000000,24,341,180,115,1,1,1,1
1432,290000000,287,345,90,60,1,1,1,1
1432,340000000,476,337,60,45,1,1,1,1
1432,220000000,665,337,280,65,1,1,1,1
1432,210000000,841,371,55,45,1,1,1,1
1433,380000000,24,341,180,115,1,1,1,1
1433,290000000,287,345,90,60,1,1,1,1
1433,340000000,476,337,60,45,1,1,1,1
1433,220000000,665,337,280,65,1,1,1,1
1433,210000000,840,371,55,45,1,1,1,1
1434,380000000,24,341,180,115,1,1,1,1
1434,290000000,287,345,90,60,1,1,1,1
1434,340000000,476,337,60,45,1,1,1,1
1434,220000000,665,337,280,65,1,1,1,1
1434,210000000,840,371,55,45,1,1,1,1
1435,380000000,24,341,180,115,1,1,1,1
1435,290000000,287,345,90,60,1,1,1,1
1435,340000000,476,337,60,45,1,1,1,1
1435,220000000,665,337,280,65,1,1,1,1
1435,210000000,840,371,55,45,1,1,1,1
1436,380000000,24,341,180,115,1,1,1,1
1436,290000000,287,345,90,60,1,1,1,1
1436,340000000,476,337,60,45,1,1,1,1
1436,220000000,665,337,280,65,1,1,1,1
1436,210000000,840,371,55,45,1,1,1,1
1437,380000000,24,341,180,115,1,1,1,1
1437,290000000,287,345,90,60,1,1,1,1
1437,340000000,476,337,60,45,1,1,1,1
1437,220000000,665,337,280,65,1,1,1,1
1437,210000000,840,371,55,45,1,1,1,1
1438,380000000,24,341,180,115,1,1,1,1
1438,290000000,287,345,90,60,1,1,1,1
1438,340000000,476,337,60,45,1,1,1,1
1438,220000000,665,337,280,65,1,1,1,1
1438,210000000,840,371,55,45,1,1,1,1
1439,380000000,24,341,180,115,1,1,1,1
1439,290000000,287,345,90,60,1,1,1,1
1439,340000000,476,337,60,45,1,1,1,1
1439,220000000,665,337,280,65,1,1,1,1
1439,210000000,840,371,55,45,1,1,1,1
1440,380000000,24,341,180,115,1,1,1,1
1440,290000000,287,345,90,60,1,1,1,1
1440,340000000,476,337,60,45,1,1,1,1
1440,220000000,665,337,280,65,1,1,1,1
1440,210000000,840,371,55,45,1,1,1,1
1441,380000000,24,341,180,115,1,1,1,1
1441,290000000,287,345,90,60,1,1,1,1
1441,340000000,476,337,60,45,1,1,1,1
1441,220000000,665,337,280,65,1,1,1,1
1441,210000000,840,371,55,45,1,1,1,1
1442,380000000,24,341,180,115,1,1,1,1
1442,290000000,287,345,90,60,1,1,1,1
1442,340000000,476,337,60,45,1,1,1,1
1442,220000000,665,337,280,65,1,1,1,1
1442,210000000,840,371,55,45,1,1,1,1
1443,380000000,23,341,180,115,1,1,1,1
1443,290000000,286,345,90,60,1,1,1,1
1443,340000000,475,337,60,45,1,1,1,1
1443,220000000,665,337,280,65,1,1,1,1
1443,210000000,840,371,55,45,1,1,1,1
1444,380000000,23,341,180,115,1,1,1,1
1444,290000000,286,345,90,60,1,1,1,1
1444,340000000,475,337,60,45,1,1,1,1
1444,220000000,665,337,280,65,1,1,1,1
1444,210000000,840,371,55,45,1,1,1,1
1445,380000000,23,341,180,115,1,1,1,1
1445,290000000,286,345,90,60,1,1,1,1
1445,340000000,475,337,60,45,1,1,1,1
1445,220000000,665,337,280,65,1,1,1,1
1445,210000000,840,371,55,45,1,1,1,1
1446,380000000,23,341,180,115,1,1,1,1
1446,290000000,286,345,90,60,1,1,1,1
1446,340000000,475,337,60,45,1,1,1,1
1446,220000000,665,337,280,65,1,1,1,1
1446,210000000,840,371,55,45,1,1,1,1
1447,380000000,23,341,180,115,1,1,1,1
1447,290000000,286,345,90,60,1,1,1,1
1447,340000000,475,337,60,45,1,1,1,1
1447,220000000,665,337,280,65,1,1,1,1
1447,210000000,840,371,55,45,1,1,1,1
1448,380000000,23,341,180,115,1,1,1,1
1448,290000000,286,345,90,60,1,1,1,1
1448,340000000,475,337,60,45,1,1,1,1
1448,220000000,665,337,280,65,1,1,1,1
1448,210000000,840,371,55,45,1,1,1,1
1449,380000000,23,341,180,115,1,1,1,1
1449,290000000,286,345,90,60,1,1,1,1
1449,340000000,475,337,60,45,1,1,1,1
1449,220000000,665,337,280,65,1,1,1,1
1449,210000000,840,371,55,45,1,1,1,1
1450,380000000,23,341,180,115,1,1,1,1
1450,290000000,286,345,90,60,1,1,1,1
1450,340000000,475,337,60,45,1,1,1,1
1450,220000000,665,337,280,65,1,1,1,1
1450,210000000,840,371,55,45,1,1,1,1
1451,380000000,23,341,180,115,1,1,1,1
1451,290000000,286,345,90,60,1,1,1,1
1451,340000000,475,337,60,45,1,1,1,1
1451,220000000,665,337,280,65,1,1,1,1
1451,210000000,840,371,55,45,1,1,1,1
1452,380000000,23,341,180,115,1,1,1,1
1452,290000000,286,345,90,60,1,1,1,1
1452,340000000,475,337,60,45,1,1,1,1
1452,220000000,665,337,280,65,1,1,1,1
1452,210000000,840,371,55,45,1,1,1,1
1453,380000000,23,341,180,115,1,1,1,1
1453,290000000,286,345,90,60,1,1,1,1
1453,340000000,475,337,60,45,1,1,1,1
1453,220000000,665,337,280,65,1,1,1,1
1453,210000000,839,371,55,45,1,1,1,1
1454,380000000,23,341,180,115,1,1,1,1
1454,290000000,286,345,90,60,1,1,1,1
1454,340000000,475,337,60,45,1,1,1,1
1454,220000000,665,337,280,65,1,1,1,1
1454,210000000,839,371,55,45,1,1,1,1
1455,380000000,23,341,180,115,1,1,1,1
1455,290000000,286,345,90,60,1,1,1,1
1455,340000000,475,337,60,45,1,1,1,1
1455,220000000,665,337,280,65,1,1,1,1
1455,210000000,839,371,55,45,1,1,1,1
1456,380000000,23,341,180,115,1,1,1,1
1456,290000000,286,345,90,60,1,1,1,1
1456,340000000,475,337,60,45,1,1,1,1
1456,220000000,665,337,280,65,1,1,1,1
1456,210000000,839,371,55,45,1,1,1,1
1457,380000000,23,341,180,115,1,1,1,1
1457,290000000,286,345,90,60,1,1,1,1
1457,340000000,475,337,60,45,1,1,1,1
1457,220000000,665,337,280,65,1,1,1,1
1457,210000000,839,371,55,45,1,1,1,1
1458,380000000,22,341,180,115,1,1,1,1
1458,290000000,286,345,90,60,1,1,1,1
1458,340000000,475,337,60,45,1,1,1,1
1458,220000000,665,337,280,65,1,1,1,1
1458,210000000,839,371,55,45,1,1,1,1
1459,380000000,22,341,180,115,1,1,1,1
1459,290000000,286,345,90,60,1,1,1,1
1459,340000000,475,337,60,45,1,1,1,1
1459,220000000,665,337,280,65,1,1,1,1
1459,210000000,839,371,55,45,1,1,1,1
1460,380000000,22,341,180,115,1,1,1,1
1460,290000000,286,345,90,60,1,1,1,1
1460,340000000,475,337,60,45,1,1,1,1
1460,220000000,665,337,280,65,1,1,1,1
1460,210000000,839,371,55,45,1,1,1,1
1461,380000000,22,341,180,115,1,1,1,1
1461,290000000,286,345,90,60,1,1,1,1
1461,340000000,475,337,60,45,1,1,1,1
1461,220000000,665,337,280,65,1,1,1,1
1461,210000000,839,371,55,45,1,1,1,1
1462,380000000,22,341,180,115,1,1,1,1
1462,290000000,286,345,90,60,1,1,1,1
1462,340000000,475,337,60,45,1,1,1,1
1462,220000000,665,337,280,65,1,1,1,1
1462,210000000,839,371,55,45,1,1,1,1
1463,380000000,22,341,180,115,1,1,1,1
1463,290000000,286,345,90,60,1,1,1,1
1463,340000000,475,337,60,45,1,1,1,1
1463,220000000,665,337,280,65,1,1,1,1
1463,210000000,839,371,55,45,1,1,1,1
1464,380000000,22,341,180,115,1,1,1,1
1464,290000000,286,345,90,60,1,1,1,1
1464,340000000,475,337,60,45,1,1,1,1
1464,220000000,665,337,280,65,1,1,1,1
1464,210000000,839,371,55,45,1,1,1,1
1465,380000000,22,341,180,115,1,1,1,1
1465,290000000,286,345,90,60,1,1,1,1
1465,340000000,475,337,60,45,1,1,1,1
1465,220000000,665,337,280,65,1,1,1,1
1465,210000000,839,371,55,45,1,1,1,1
1466,380000000,22,341,180,115,1,1,1,1
1466,290000000,286,345,90,60,1,1,1,1
1466,340000000,475,337,60,45,1,1,1,1
1466,220000000,665,337,280,65,1,1,1,1
1466,210000000,839,371,55,45,1,1,1,1
1467,380000000,22,341,180,115,1,1,1,1
1467,290000000,286,345,90,60,1,1,1,1
1467,340000000,475,337,60,45,1,1,1,1
1467,220000000,665,337,280,65,1,1,1,1
1467,210000000,839,371,55,45,1,1,1,1
1468,380000000,22,341,180,115,1,1,1,1
1468,290000000,286,345,90,60,1,1,1,1
1468,340000000,475,337,60,45,1,1,1,1
1468,220000000,665,337,280,65,1,1,1,1
1468,210000000,839,371,55,45,1,1,1,1
1469,380000000,22,341,180,115,1,1,1,1
1469,290000000,286,345,90,60,1,1,1,1
1469,340000000,475,337,60,45,1,1,1,1
1469,220000000,665,337,280,65,1,1,1,1
1469,210000000,839,371,55,45,1,1,1,1
1470,380000000,22,341,180,115,1,1,1,1
1470,290000000,286,345,90,60,1,1,1,1
1470,340000000,475,337,60,45,1,1,1,1
1470,220000000,665,337,280,65,1,1,1,1
1470,210000000,839,371,55,45,1,1,1,1
1471,380000000,22,341,180,115,1,1,1,1
1471,290000000,286,345,90,60,1,1,1,1
1471,340000000,475,337,60,45,1,1,1,1
1471,220000000,665,337,280,65,1,1,1,1
1471,210000000,839,371,55,45,1,1,1,1
1472,380000000,22,342,180,115,1,1,1,1
1472,290000000,286,345,90,60,1,1,1,1
1472,340000000,475,337,60,45,1,1,1,1
1472,220000000,665,337,280,65,1,1,1,1
1472,210000000,839,372,55,45,1,1,1,1
1473,380000000,21,342,180,115,1,1,1,1
1473,290000000,285,345,90,60,1,1,1,1
1473,340000000,475,337,60,45,1,1,1,1
1473,220000000,665,337,280,65,1,1,1,1
1473,210000000,838,372,55,45,1,1,1,1
1474,380000000,21,342,180,115,1,1,1,1
1474,290000000,285,345,90,60,1,1,1,1
1474,340000000,475,337,60,45,1,1,1,1
1474,220000000,665,337,280,65,1,1,1,1
1474,210000000,838,372,55,45,1,1,1,1
1475,380000000,21,342,180,115,1,1,1,1
1475,290000000,285,345,90,60,1,1,1,1
1475,340000000,475,337,60,45,1,1,1,1
1475,220000000,665,337,280,65,1,1,1,1
1475,210000000,838,372,55,45,1,1,1,1
1476,380000000,21,342,180,115,1,1,1,1
1476,290000000,285,345,90,60,1,1,1,1
1476,340000000,475,337,60,45,1,1,1,1
1476,220000000,665,337,280,65,1,1,1,1
1476,210000000,838,372,55,45,1,1,1,1
1477,380000000,21,342,180,115,1,1,1,1
1477,290000000,285,345,90,60,1,1,1,1
1477,340000000,475,337,60,45,1,1,1,1
1477,220000000,665,337,280,65,1,1,1,1
1477,210000000,838,372,55,45,1,1,1,1
1478,380000000,21,342,180,115,1,1,1,1
1478,290000000,285,345,90,60,1,1,1,1
1478,340000000,475,337,60,45,1,1,1,1
1478,220000000,665,337,280,65,1,1,1,1
1478,210000000,838,372,55,45,1,1,1,1
1479,380000000,21,342,180,115,1,1,1,1
1479,290000000,285,345,90,60,1,1,1,1
1479,340000000,475,337,60,45,1,1,1,1
1479,220000000,665,337,280,65,1,1,1,1
1479,210000000,838,372,55,45,1,1,1,1
1480,380000000,21,342,180,115,1,1,1,1
1480,290000000,285,345,90,60,1,1,1,1
1480,340000000,475,337,60,45,1,1,1,1
1480,220000000,665,337,280,65,1,1,1,1
1480,210000000,838,372,55,45,1,1,1,1
1481,380000000,21,342,180,115,1,1,1,1
1481,290000000,285,345,90,60,1,1,1,1
1481,340000000,475,337,60,45,1,1,1,1
1481,220000000,665,337,280,65,1,1,1,1
1481,210000000,838,372,55,45,1,1,1,1
1482,380000000,21,342,180,115,1,1,1,1
1482,290000000,285,345,90,60,1,1,1,1
1482,340000000,475,337,60,45,1,1,1,1
1482,220000000,665,337,280,65,1,1,1,1
1482,210000000,838,372,55,45,1,1,1,1
1483,380000000,21,342,180,115,1,1,1,1
1483,290000000,285,345,90,60,1,1,1,1
1483,340000000,475,337,60,45,1,1,1,1
1483,220000000,665,337,280,65,1,1,1,1
1483,210000000,838,372,55,45,1,1,1,1
1484,380000000,21,342,180,115,1,1,1,1
1484,290000000,285,345,90,60,1,1,1,1
1484,340000000,475,337,60,45,1,1,1,1
1484,220000000,665,337,280,65,1,1,1,1
1484,210000000,838,372,55,45,1,1,1,1
1485,380000000,21,342,180,115,1,1,1,1
1485,290000000,285,345,90,60,1,1,1,1
1485,340000000,475,337,60,45,1,1,1,1
1485,220000000,665,337,280,65,1,1,1,1
1485,210000000,838,372,55,45,1,1,1,1
1486,380000000,21,342,180,115,1,1,1,1
1486,290000000,285,345,90,60,1,1,1,1
1486,340000000,475,337,60,45,1,1,1,1
1486,220000000,665,337,280,65,1,1,1,1
1486,210000000,838,372,55,45,1,1,1,1
1487,380000000,21,342,180,115,1,1,1,1
1487,290000000,285,345,90,60,1,1,1,1
1487,340000000,475,337,60,45,1,1,1,1
1487,220000000,665,337,280,65,1,1,1,1
1487,210000000,838,372,55,45,1,1,1,1
1488,380000000,20,342,180,115,1,1,1,1
1488,290000000,285,345,90,60,1,1,1,1
1488,340000000,475,337,60,45,1,1,1,1
1488,220000000,665,337,280,65,1,1,1,1
1488,210000000,838,372,55,45,1,1,1,1
1489,380000000,20,342,180,115,1,1,1,1
1489,290000000,285,345,90,60,1,1,1,1
1489,340000000,475,337,60,45,1,1,1,1
1489,220000000,665,337,280,65,1,1,1,1
1489,210000000,838,372,55,45,1,1,1,1
1490,380000000,20,342,180,115,1,1,1,1
1490,290000000,285,345,90,60,1,1,1,1
1490,340000000,475,337,60,45,1,1,1,1
1490,220000000,665,337,280,65,1,1,1,1
1490,210000000,838,372,55,45,1,1,1,1
1491,380000000,20,342,180,115,1,1,1,1
1491,290000000,285,345,90,60,1,1,1,1
1491,340000000,475,337,60,45,1,1,1,1
1491,220000000,665,337,280,65,1,1,1,1
1491,210000000,838,372,55,45,1,1,1,1
1492,380000000,20,342,180,115,1,1,1,1
1492,290000000,285,345,90,60,1,1,1,1
1492,340000000,475,337,60,45,1,1,1,1
1492,220000000,665,337,280,65,1,1,1,1
1492,210000000,838,372,55,45,1,1,1,1
1493,380000000,20,342,180,115,1,1,1,1
1493,290000000,285,345,90,60,1,1,1,1
1493,340000000,475,337,60,45,1,1,1,1
1493,220000000,665,337,280,65,1,1,1,1
1493,210000000,837,372,55,45,1,1,1,1
1494,380000000,20,342,180,115,1,1,1,1
1494,290000000,285,345,90,60,1,1,1,1
1494,340000000,475,337,60,45,1,1,1,1
1494,220000000,665,337,280,65,1,1,1,1
1494,210000000,837,372,55,45,1,1,1,1
1495,380000000,20,342,180,115,1,1,1,1
1495,290000000,285,345,90,60,1,1,1,1
1495,340000000,475,337,60,45,1,1,1,1
1495,220000000,665,337,280,65,1,1,1,1
1495,210000000,837,372,55,45,1,1,1,1
1496,380000000,20,342,180,115,1,1,1,1
1496,290000000,285,345,90,60,1,1,1,1
1496,340000000,475,337,60,45,1,1,1,1
1496,220000000,665,337,280,65,1,1,1,1
1496,210000000,837,372,55,45,1,1,1,1
1497,380000000,20,342,180,115,1,1,1,1
1497,290000000,285,345,90,60,1,1,1,1
1497,340000000,475,337,60,45,1,1,1,1
1497,220000000,665,337,280,65,1,1,1,1
1497,210000000,837,372,55,45,1,1,1,1
1498,380000000,20,342,180,115,1,1,1,1
1498,290000000,285,345,90,60,1,1,1,1
1498,340000000,475,337,60,45,1,1,1,1
1498,220000000,665,337,280,65,1,1,1,1
1498,210000000,837,372,55,45,1,1,1,1
1499,380000000,20,342,180,115,1,1,1,1
1499,290000000,285,345,90,60,1,1,1,1
1499,340000000,475,337,60,45,1,1,1,1
1499,220000000,665,337,280,65,1,1,1,1
1499,210000000,837,372,55,45,1,1,1,1
1500,380000000,20,342,180,115,1,1,1,1
1500,290000000,285,345,90,60,1,1,1,1
1500,340000000,475,337,60,45,1,1,1,1
1500,220000000,665,337,280,65,1,1,1,1
1500,210000000,837,372,55,45,1,1,1,1
1501,380000000,20,342,180,115,1,1,1,1
1501,290000000,285,345,90,60,1,1,1,1
1501,340000000,475,337,60,45,1,1,1,1
1501,220000000,665,337,280,65,1,1,1,1
1501,210000000,837,372,55,45,1,1,1,1
1502,380000000,20,342,180,115,1,1,1,1
1502,290000000,285,345,90,60,1,1,1,1
1502,340000000,475,337,60,45,1,1,1,1
1502,220000000,665,337,280,65,1,1,1,1
1502,210000000,837,372,55,45,1,1,1,1
1503,380000000,19,342,180,115,1,1,1,1
1503,290000000,284,345,90,60,1,1,1,1
1503,340000000,474,337,60,45,1,1,1,1
1503,220000000,664,337,280,65,1,1,1,1
1503,210000000,837,372,55,45,1,1,1,1
1504,380000000,19,342,180,115,1,1,1,1
1504,290000000,284,345,90,60,1,1,1,1
1504,340000000,474,337,60,45,1,1,1,1
1504,220000000,664,337,280,65,1,1,1,1
1504,210000000,837,372,55,45,1,1,1,1
1505,380000000,19,342,180,115,1,1,1,1
1505,290000000,284,345,90,60,1,1,1,1
1505,340000000,474,337,60,45,1,1,1,1
1505,220000000,664,337,280,65,1,1,1,1
1505,210000000,837,372,55,45,1,1,1,1
1506,380000000,19,342,180,115,1,1,1,1
1506,290000000,284,345,90,60,1,1,1,1
1506,340000000,474,337,60,45,1,1,1,1
1506,220000000,664,337,280,65,1,1,1,1
1506,210000000,837,372,55,45,1,1,1,1
1507,380000000,19,342,180,115,1,1,1,1
1507,290000000,284,345,90,60,1,1,1,1
1507,340000000,474,337,60,45,1,1,1,1
1507,220000000,664,337,280,65,1,1,1,1
1507,210000000,837,372,55,45,1,1,1,1
1508,380000000,19,342,180,115,1,1,1,1
1508,290000000,284,345,90,60,1,1,1,1
1508,340000000,474,337,60,45,1,1,1,1
1508,220000000,664,337,280,65,1,1,1,1
1508,210000000,837,372,55,45,1,1,1,1
1509,380000000,19,342,180,115,1,1,1,1
1509,290000000,284,345,90,60,1,1,1,1
1509,340000000,474,337,60,45,1,1,1,1
1509,220000000,664,337,280,65,1,1,1,1
1509,210000000,837,372,55,45,1,1,1,1
1510,380000000,19,342,180,115,1,1,1,1
1510,290000000,284,345,90,60,1,1,1,1
1510,340000000,474,337,60,45,1,1,1,1
1510,220000000,664,337,280,65,1,1,1,1
1510,210000000,837,372,55,45,1,1,1,1
1511,380000000,19,342,180,115,1,1,1,1
1511,290000000,284,345,90,60,1,1,1,1
1511,340000000,474,337,60,45,1,1,1,1
1511,220000000,664,337,280,65,1,1,1,1
1511,210000000,837,372,55,45,1,1,1,1
1512,380000000,19,342,180,115,1,1,1,1
1512,290000000,284,345,90,60,1,1,1,1
1512,340000000,474,337,60,45,1,1,1,1
1512,220000000,664,337,280,65,1,1,1,1
1512,210000000,837,372,55,45,1,1,1,1
1513,380000000,19,342,180,115,1,1,1,1
1513,290000000,284,345,90,60,1,1,1,1
1513,340000000,474,337,60,45,1,1,1,1
1513,220000000,664,337,280,65,1,1,1,1
1513,210000000,836,372,55,45,1,1,1,1
1514,380000000,19,342,180,115,1,1,1,1
1514,290000000,284,345,90,60,1,1,1,1
1514,340000000,474,337,60,45,1,1,1,1
1514,220000000,664,337,280,65,1,1,1,1
1514,210000000,836,372,55,45,1,1,1,1
1515,380000000,19,342,180,115,1,1,1,1
1515,290000000,284,345,90,60,1,1,1,1
1515,340000000,474,337,60,45,1,1,1,1
1515,220000000,664,337,280,65,1,1,1,1
1515,210000000,836,372,55,45,1,1,1,1
1516,380000000,19,342,180,115,1,1,1,1
1516,290000000,284,345,90,60,1,1,1,1
1516,340000000,474,337,60,45,1,1,1,1
1516,220000000,664,337,280,65,1,1,1,1
1516,210000000,836,372,55,45,1,1,1,1
1517,380000000,19,342,180,115,1,1,1,1
1517,290000000,284,345,90,60,1,1,1,1
1517,340000000,474,337,60,45,1,1,1,1
1517,220000000,664,337,280,65,1,1,1,1
1517,210000000,836,372,55,45,1,1,1,1
1518,380000000,18,342,180,115,1,1,1,1
1518,290000000,284,345,90,60,1,1,1,1
1518,340000000,474,337,60,45,1,1,1,1
1518,220000000,664,337,280,65,1,1,1,1
1518,210000000,836,372,55,45,1,1,1,1
1519,380000000,18,342,180,115,1,1,1,1
1519,290000000,284,345,90,60,1,1,1,1
1519,340000000,474,337,60,45,1,1,1,1
1519,220000000,664,337,280,65,1,1,1,1
1519,210000000,836,372,55,45,1,1,1,1
1520,380000000,18,342,180,115,1,1,1,1
1520,290000000,284,345,90,60,1,1,1,1
1520,340000000,474,337,60,45,1,1,1,1
1520,220000000,664,337,280,65,1,1,1,1
1520,210000000,836,372,55,45,1,1,1,1
1521,380000000,18,342,180,115,1,1,1,1
1521,290000000,284,345,90,60,1,1,1,1
1521,340000000,474,337,60,45,1,1,1,1
1521,220000000,664,337,280,65,1,1,1,1
1521,210000000,836,372,55,45,1,1,1,1
1522,380000000,18,342,180,115,1,1,1,1
1522,290000000,284,345,90,60,1,1,1,1
1522,340000000,474,337,60,45,1,1,1,1
1522,220000000,664,337,280,65,1,1,1,1
1522,210000000,836,372,55,45,1,1,1,1
1523,380000000,18,342,180,115,1,1,1,1
1523,290000000,284,345,90,60,1,1,1,1
1523,340000000,474,337,60,45,1,1,1,1
1523,220000000,664,337,280,65,1,1,1,1
1523,210000000,836,372,55,45,1,1,1,1
1524,380000000,18,342,180,115,1,1,1,1
1524,290000000,284,345,90,60,1,1,1,1
1524,340000000,474,337,60,45,1,1,1,1
1524,220000000,664,337,280,65,1,1,1,1
1524,210000000,836,372,55,45,1,1,1,1
1525,380000000,18,342,180,115,1,1,1,1
1525,290000000,284,345,90,60,1,1,1,1
1525,340000000,474,337,60,45,1,1,1,1
1525,220000000,664,337,280,65,1,1,1,1
1525,210000000,836,372,55,45,1,1,1,1
1526,380000000,18,342,180,115,1,1,1,1
1526,290000000,284,345,90,60,1,1,1,1
1526,340000000,474,337,60,45,1,1,1,1
1526,220000000,664,337,280,65,1,1,1,1
1526,210000000,836,372,55,45,1,1,1,1
1527,380000000,18,342,180,115,1,1,1,1
1527,290000000,284,345,90,60,1,1,1,1
1527,340000000,474,337,60,45,1,1,1,1
1527,220000000,664,337,280,65,1,1,1,1
1527,210000000,836,372,55,45,1,1,1,1
1528,380000000,18,342,180,115,1,1,1,1
1528,290000000,284,345,90,60,1,1,1,1
1528,340000000,474,337,60,45,1,1,1,1
1528,220000000,664,337,280,65,1,1,1,1
1528,210000000,836,372,55,45,1,1,1,1
1529,380000000,18,342,180,115,1,1,1,1
1529,290000000,284,345,90,60,1,1,1,1
1529,340000000,474,337,60,45,1,1,1,1
1529,220000000,664,337,280,65,1,1,1,1
1529,210000000,836,372,55,45,1,1,1,1
1530,380000000,18,342,180,115,1,1,1,1
1530,290000000,284,345,90,60,1,1,1,1
1530,340000000,474,337,60,45,1,1,1,1
1530,220000000,664,337,280,65,1,1,1,1
1530,210000000,836,372,55,45,1,1,1,1
1531,380000000,18,342,180,115,1,1,1,1
1531,290000000,284,345,90,60,1,1,1,1
1531,340000000,474,337,60,45,1,1,1,1
1531,220000000,664,337,280,65,1,1,1,1
1531,210000000,836,372,55,45,1,1,1,1
1532,380000000,18,343,180,115,1,1,1,1
1532,290000000,284,345,90,60,1,1,1,1
1532,340000000,474,337,60,45,1,1,1,1
1532,220000000,664,337,280,65,1,1,1,1
1532,210000000,836,373,55,45,1,1,1,1
1533,380000000,17,343,180,115,1,1,1,1
1533,290000000,283,345,90,60,1,1,1,1
1533,340000000,474,337,60,45,1,1,1,1
1533,220000000,664,337,280,65,1,1,1,1
1533,210000000,835,373,55,45,1,1,1,1
1534,380000000,17,343,180,115,1,1,1,1
1534,290000000,283,345,90,60,1,1,1,1
1534,340000000,474,337,60,45,1,1,1,1
1534,220000000,664,337,280,65,1,1,1,1
1534,210000000,835,373,55,45,1,1,1,1
1535,380000000,17,343,180,115,1,1,1,1
1535,290000000,283,345,90,60,1,1,1,1
1535,340000000,474,337,60,45,1,1,1,1
1535,220000000,664,337,280,65,1,1,1,1
1535,210000000,835,373,55,45,1,1,1,1
1536,380000000,17,343,180,115,1,1,1,1
1536,290000000,283,345,90,60,1,1,1,1
1536,340000000,474,337,60,45,1,1,1,1
1536,220000000,664,337,280,65,1,1,1,1
1536,210000000,835,373,55,45,1,1,1,1
1537,380000000,17,343,180,115,1,1,1,1
1537,290000000,283,345,90,60,1,1,1,1
1537,340000000,474,337,60,45,1,1,1,1
1537,220000000,664,337,280,65,1,1,1,1
1537,210000000,835,373,55,45,1,1,1,1
1538,380000000,17,343,180,115,1,1,1,1
1538,290000000,283,345,90,60,1,1,1,1
1538,340000000,474,337,60,45,1,1,1,1
1538,220000000,664,337,280,65,1,1,1,1
1538,210000000,835,373,55,45,1,1,1,1
1539,380000000,17,343,180,115,1,1,1,1
1539,290000000,283,345,90,60,1,1,1,1
1539,340000000,474,337,60,45,1,1,1,1
1539,220000000,664,337,280,65,1,1,1,1
1539,210000000,835,373,55,45,1,1,1,1
1540,380000000,17,343,180,115,1,1,1,1
1540,290000000,283,345,90,60,1,1,1,1
1540,340000000,474,337,60,45,1,1,1,1
1540,220000000,664,337,280,65,1,1,1,1
1540,210000000,835,373,55,45,1,1,1,1
1541,380000000,17,343,180,115,1,1,1,1
1541,290000000,283,345,90,60,1,1,1,1
1541,340000000,474,337,60,45,1,1,1,1
1541,220000000,664,337,280,65,1,1,1,1
1541,210000000,835,373,55,45,1,1,1,1
1542,380000000,17,343,180,115,1,1,1,1
1542,290000000,283,345,90,60,1,1,1,1
1542,340000000,474,337,60,45,1,1,1,1
1542,220000000,664,337,280,65,1,1,1,1
1542,210000000,835,373,55,45,1,1,1,1
1543,380000000,17,343,180,115,1,1,1,1
1543,290000000,283,345,90,60,1,1,1,1
1543,340000000,474,337,60,45,1,1,1,1
1543,220000000,664,337,280,65,1,1,1,1
1543,210000000,835,373,55,45,1,1,1,1
1544,380000000,17,343,180,115,1,1,1,1
1544,290000000,283,345,90,60,1,1,1,1
1544,340000000,474,337,60,45,1,1,1,1
1544,220000000,664,337,280,65,1,1,1,1
1544,210000000,835,373,55,45,1,1,1,1
1545,380000000,17,343,180,115,1,1,1,1
1545,290000000,283,345,90,60,1,1,1,1
1545,340000000,474,337,60,45,1,1,1,1
1545,220000000,664,337,280,65,1,1,1,1
1545,210000000,835,373,55,45,1,1,1,1
1546,380000000,17,343,180,115,1,1,1,1
1546,290000000,283,345,90,60,1,1,1,1
1546,340000000,474,337,60,45,1,1,1,1
1546,220000000,664,337,280,65,1,1,1,1
1546,210000000,835,373,55,45,1,1,1,1
1547,380000000,17,343,180,115,1,1,1,1
1547,290000000,283,345,90,60,1,1,1,1
1547,340000000,474,337,60,45,1,1,1,1
1547,220000000,664,337,280,65,1,1,1,1
1547,210000000,835,373,55,45,1,1,1,1
1548,380000000,16,343,180,115,1,1,1,1
1548,290000000,283,345,90,60,1,1,1,1
1548,340000000,474,337,60,45,1,1,1,1
1548,220000000,664,337,280,65,1,1,1,1
1548,210000000,835,373,55,45,1,1,1,1
1549,380000000,16,343,180,115,1,1,1,1
1549,290000000,283,345,90,60,1,1,1,1
1549,340000000,474,337,60,45,1,1,1,1
1549,220000000,664,337,280,65,1,1,1,1
1549,210000000,835,373,55,45,1,1,1,1
1550,380000000,16,343,180,115,1,1,1,1
1550,290000000,283,345,90,60,1,1,1,1
1550,340000000,474,337,60,45,1,1,1,1
1550,220000000,664,337,280,65,1,1,1,1
1550,210000000,835,373,55,45,1,1,1,1
1551,380000000,16,343,180,115,1,1,1,1
1551,290000000,283,345,90,60,1,1,1,1
1551,340000000,474,337,60,45,1,1,1,1
1551,220000000,664,337,280,65,1,1,1,1
1551,210000000,835,373,55,45,1,1,1,1
1552,380000000,16,343,180,115,1,1,1,1
1552,290000000,283,345,90,60,1,1,1,1
1552,340000000,474,337,60,45,1,1,1,1
1552,220000000,664,337,280,65,1,1,1,1
1552,210000000,835,373,55,45,1,1,1,1
1553,380000000,16,343,180,115,1,1,1,1
1553,290000000,283,345,90,60,1,1,1,1
1553,340000000,474,337,60,45,1,1,1,1
1553,220000000,664,337,280,65,1,1,1,1
1553,210000000,834,373,55,45,1,1,1,1
1554,380000000,16,343,180,115,1,1,1,1
1554,290000000,283,345,90,60,1,1,1,1
1554,340000000,474,337,60,45,1,1,1,1
1554,220000000,664,337,280,65,1,1,1,1
1554,210000000,834,373,55,45,1,1,1,1
1555,380000000,16,343,180,115,1,1,1,1
1555,290000000,283,345,90,60,1,1,1,1
1555,340000000,474,337,60,45,1,1,1,1
1555,220000000,664,337,280,65,1,1,1,1
1555,210000000,834,373,55,45,1,1,1,1
1556,380000000,16,343,180,115,1,1,1,1
1556,290000000,283,345,90,60,1,1,1,1
1556,340000000,474,337,60,45,1,1,1,1
1556,220000000,664,337,280,65,1,1,1,1
1556,210000000,834,373,55,45,1,1,1,1
1557,380000000,16,343,180,115,1,1,1,1
1557,290000000,283,345,90,60,1,1,1,1
1557,340000000,474,337,60,45,1,1,1,1
1557,220000000,664,337,280,65,1,1,1,1
1557,210000000,834,373,55,45,1,1,1,1
1558,380000000,16,343,180,115,1,1,1,1
1558,290000000,283,345,90,60,1,1,1,1
1558,340000000,474,337,60,45,1,1,1,1
1558,220000000,664,337,280,65,1,1,1,1
1558,210000000,834,373,55,45,1,1,1,1
1559,380000000,16,343,180,115,1,1,1,1
1559,290000000,283,345,90,60,1,1,1,1
1559,340000000,474,337,60,45,1,1,1,1
1559,220000000,664,337,280,65,1,1,1,1
1559,210000000,834,373,55,45,1,1,1,1
1560,380000000,16,343,180,115,1,1,1,1
1560,290000000,283,345,90,60,1,1,1,1
1560,340000000,474,337,60,45,1,1,1,1
1560,220000000,664,337,280,65,1,1,1,1
1560,210000000,834,373,55,45,1,1,1,1
1561,380000000,16,343,180,115,1,1,1,1
1561,290000000,283,345,90,60,1,1,1,1
1561,340000000,474,337,60,45,1,1,1,1
1561,220000000,664,337,280,65,1,1,1,1
1561,210000000,834,373,55,45,1,1,1,1
1562,380000000,16,343,180,115,1,1,1,1
1562,290000000,283,345,90,60,1,1,1,1
1562,340000000,474,337,60,45,1,1,1,1
1562,220000000,664,337,280,65,1,1,1,1
1562,210000000,834,373,55,45,1,1,1,1
1563,380000000,15,343,180,115,1,1,1,1
1563,290000000,282,345,90,60,1,1,1,1
1563,340000000,473,337,60,45,1,1,1,1
1563,220000000,664,337,280,65,1,1,1,1
1563,210000000,834,373,55,45,1,1,1,1
1564,380000000,15,343,180,115,1,1,1,1
1564,290000000,282,345,90,60,1,1,1,1
1564,340000000,473,337,60,45,1,1,1,1
1564,220000000,664,337,280,65,1,1,1,1
1564,210000000,834,373,55,45,1,1,1,1
1565,380000000,15,343,180,115,1,1,1,1
1565,290000000,282,345,90,60,1,1,1,1
1565,340000000,473,337,60,45,1,1,1,1
1565,220000000,664,337,280,65,1,1,1,1
1565,210000000,834,373,55,45,1,1,1,1
1566,380000000,15,343,180,115,1,1,1,1
1566,290000000,282,345,90,60,1,1,1,1
1566,340000000,473,337,60,45,1,1,1,1
1566,220000000,664,337,280,65,1,1,1,1
1566,210000000,834,373,55,45,1,1,1,1
1567,380000000,15,343,180,115,1,1,1,1
1567,290000000,282,345,90,60,1,1,1,1
1567,340000000,473,337,60,45,1,1,1,1
1567,220000000,664,337,280,65,1,1,1,1
1567,210000000,834,373,55,45,1,1,1,1
1568,380000000,15,343,180,115,1,1,1,1
1568,290000000,282,345,90,60,1,1,1,1
1568,340000000,473,337,60,45,1,1,1,1
1568,220000000,664,337,280,65,1,1,1,1
1568,210000000,834,373,55,45,1,1,1,1
1569,380000000,15,343,180,115,1,1,1,1
1569,290000000,282,345,90,60,1,1,1,1
1569,340000000,473,337,60,45,1,1,1,1
1569,220000000,664,337,280,65,1,1,1,1
1569,210000000,834,373,55,45,1,1,1,1
1570,380000000,15,343,180,115,1,1,1,1
1570,290000000,282,345,90,60,1,1,1,1
1570,340000000,473,337,60,45,1,1,1,1
1570,220000000,664,337,280,65,1,1,1,1
1570,210000000,834,373,55,45,1,1,1,1
1571,380000000,15,343,180,115,1,1,1,1
1571,290000000,282,345,90,60,1,1,1,1
1571,340000000,473,337,60,45,1,1,1,1
1571,220000000,664,337,280,65,1,1,1,1
1571,210000000,834,373,55,45,1,1,1,1
1572,380000000,15,343,180,115,1,1,1,1
1572,290000000,282,345,90,60,1,1,1,1
1572,340000000,473,337,60,45,1,1,1,1
1572,220000000,664,337,280,65,1,1,1,1
1572,210000000,834,373,55,45,1,1,1,1
1573,380000000,15,343,180,115,1,1,1,1
1573,290000000,282,345,90,60,1,1,1,1
1573,340000000,473,337,60,45,1,1,1,1
1573,220000000,664,337,280,65,1,1,1,1
1573,210000000,833,373,55,45,1,1,1,1
1574,380000000,15,343,180,115,1,1,1,1
1574,290000000,282,345,90,60,1,1,1,1
1574,340000000,473,337,60,45,1,1,1,1
1574,220000000,664,337,280,65,1,1,1,1
1574,210000000,833,373,55,45,1,1,1,1
1575,380000000,15,343,180,115,1,1,1,1
1575,290000000,282,345,90,60,1,1,1,1
1575,340000000,473,337,60,45,1,1,1,1
1575,220000000,664,337,280,65,1,1,1,1
1575,210000000,833,373,55,45,1,1,1,1
1576,380000000,15,343,180,115,1,1,1,1
1576,290000000,282,345,90,60,1,1,1,1
1576,340000000,473,337,60,45,1,1,1,1
1576,220000000,664,337,280,65,1,1,1,1
1576,210000000,833,373,55,45,1,1,1,1
1577,380000000,15,343,180,115,1,1,1,1
1577,290000000,282,345,90,60,1,1,1,1
1577,340000000,473,337,60,45,1,1,1,1
1577,220000000,664,337,280,65,1,1,1,1
1577,210000000,833,373,55,45,1,1,1,1
1578,380000000,14,343,180,115,1,1,1,1
1578,290000000,282,345,90,60,1,1,1,1
1578,340000000,473,337,60,45,1,1,1,1
1578,220000000,664,337,280,65,1,1,1,1
1578,210000000,833,373,55,45,1,1,1,1
1579,380000000,14,343,180,115,1,1,1,1
1579,290000000,282,345,90,60,1,1,1,1
1579,340000000,473,337,60,45,1,1,1,1
1579,220000000,664,337,280,65,1,1,1,1
1579,210000000,833,373,55,45,1,1,1,1
1580,380000000,14,343,180,115,1,1,1,1
1580,290000000,282,345,90,60,1,1,1,1
1580,340000000,473,337,60,45,1,1,1,1
1580,220000000,664,337,280,65,1,1,1,1
1580,210000000,833,373,55,45,1,1,1,1
1581,380000000,14,343,180,115,1,1,1,1
1581,290000000,282,345,90,60,1,1,1,1
1581,340000000,473,337,60,45,1,1,1,1
1581,220000000,664,337,280,65,1,1,1,1
1581,210000000,833,373,55,45,1,1,1,1
1582,380000000,14,343,180,115,1,1,1,1
1582,290000000,282,345,90,60,1,1,1,1
1582,340000000,473,337,60,45,1,1,1,1
1582,220000000,664,337,280,65,1,1,1,1
1582,210000000,833,373,55,45,1,1,1,1
1583,380000000,14,343,180,115,1,1,1,1
1583,290000000,282,345,90,60,1,1,1,1
1583,340000000,473,337,60,45,1,1,1,1
1583,220000000,664,337,280,65,1,1,1,1
1583,210000000,833,373,55,45,1,1,1,1
1584,380000000,14,343,180,115,1,1,1,1
1584,290000000,282,345,90,60,1,1,1,1
1584,340000000,473,337,60,45,1,1,1,1
1584,220000000,664,337,280,65,1,1,1,1
1584,210000000,833,373,55,45,1,1,1,1
1585,380000000,14,343,180,115,1,1,1,1
1585,290000000,282,345,90,60,1,1,1,1
1585,340000000,473,337,60,45,1,1,1,1
1585,220000000,664,337,280,65,1,1,1,1
1585,210000000,833,373,55,45,1,1,1,1
1586,380000000,14,343,180,115,1,1,1,1
1586,290000000,282,345,90,60,1,1,1,1
1586,340000000,473,337,60,45,1,1,1,1
1586,220000000,664,337,280,65,1,1,1,1
1586,210000000,833,373,55,45,1,1,1,1
1587,380000000,14,343,180,115,1,1,1,1
1587,290000000,282,345,90,60,1,1,1,1
1587,340000000,473,337,60,45,1,1,1,1
1587,220000000,664,337,280,65,1,1,1,1
1587,210000000,833,373,55,45,1,1,1,1
1588,380000000,14,343,180,115,1,1,1,1
1588,290000000,282,345,90,60,1,1,1,1
1588,340000000,473,337,60,45,1,1,1,1
1588,220000000,664,337,280,65,1,1,1,1
1588,210000000,833,373,55,45,1,1,1,1
1589,380000000,14,343,180,115,1,1,1,1
1589,290000000,282,345,90,60,1,1,1,1
1589,340000000,473,337,60,45,1,1,1,1
1589,220000000,664,337,280,65,1,1,1,1
1589,210000000,833,373,55,45,1,1,1,1
1590,380000000,14,343,180,115,1,1,1,1
1590,290000000,282,345,90,60,1,1,1,1
1590,340000000,473,337,60,45,1,1,1,1
1590,220000000,664,337,280,65,1,1,1,1
1590,210000000,833,373,55,45,1,1,1,1
1591,380000000,14,343,180,115,1,1,1,1
1591,290000000,282,345,90,60,1,1,1,1
1591,340000000,473,337,60,45,1,1,1,1
1591,220000000,664,337,280,65,1,1,1,1
1591,210000000,833,373,55,45,1,1,1,1
1592,380000000,14,344,180,115,1,1,1,1
1592,290000000,282,345,90,60,1,1,1,1
1592,340000000,473,337,60,45,1,1,1,1
1592,220000000,664,337,280,65,1,1,1,1
1592,210000000,833,374,55,45,1,1,1,1
1593,380000000,13,344,180,115,1,1,1,1
1593,290000000,281,345,90,60,1,1,1,1
1593,340000000,473,337,60,45,1,1,1,1
1593,220000000,664,337,280,65,1,1,1,1
1593,210000000,832,374,55,45,1,1,1,1
1594,380000000,13,344,180,115,1,1,1,1
1594,290000000,281,345,90,60,1,1,1,1
1594,340000000,473,337,60,45,1,1,1,1
1594,220000000,664,337,280,65,1,1,1,1
1594,210000000,832,374,55,45,1,1,1,1
1595,380000000,13,344,180,115,1,1,1,1
1595,290000000,281,345,90,60,1,1,1,1
1595,340000000,473,337,60,45,1,1,1,1
1595,220000000,664,337,280,65,1,1,1,1
1595,210000000,832,374,55,45,1,1,1,1
1596,380000000,13,344,180,115,1,1,1,1
1596,290000000,281,345,90,60,1,1,1,1
1596,340000000,473,337,60,45,1,1,1,1
1596,220000000,664,337,280,65,1,1,1,1
1596,210000000,832,374,55,45,1,1,1,1
1597,380000000,13,344,180,115,1,1,1,1
1597,290000000,281,345,90,60,1,1,1,1
1597,340000000,473,337,60,45,1,1,1,1
1597,220000000,664,337,280,65,1,1,1,1
1597,210000000,832,374,55,45,1,1,1,1
1598,380000000,13,344,180,115,1,1,1,1
1598,290000000,281,345,90,60,1,1,1,1
1598,340000000,473,337,60,45,1,1,1,1
1598,220000000,664,337,280,65,1,1,1,1
1598,210000000,832,374,55,45,1,1,1,1
1599,380000000,13,344,180,115,1,1,1,1
1599,290000000,281,345,90,60,1,1,1,1
1599,340000000,473,337,60,45,1,1,1,1
1599,220000000,664,337,280,65,1,1,1,1
1599,210000000,832,374,55,45,1,1,1,1
1600,380000000,13,344,180,115,1,1,1,1
1600,290000000,281,345,90,60,1,1,1,1
1600,340000000,473,337,60,45,1,1,1,1
1600,220000000,664,337,280,65,1,1,1,1
1600,210000000,832,374,55,45,1,1,1,1
1601,380000000,13,344,180,115,1,1,1,1
1601,290000000,281,345,90,60,1,1,1,1
1601,340000000,473,337,60,45,1,1,1,1
1601,220000000,664,337,280,65,1,1,1,1
1601,210000000,832,374,55,45,1,1,1,1
1602,380000000,13,344,180,115,1,1,1,1
1602,290000000,281,345,90,60,1,1,1,1
1602,340000000,473,337,60,45,1,1,1,1
1602,220000000,664,337,280,65,1,1,1,1
1602,210000000,832,374,55,45,1,1,1,1
1603,380000000,13,344,180,115,1,1,1,1
1603,290000000,281,345,90,60,1,1,1,1
1603,340000000,473,337,60,45,1,1,1,1
1603,220000000,663,337,280,65,1,1,1,1
1603,210000000,832,374,55,45,1,1,1,1
1604,380000000,13,344,180,115,1,1,1,1
1604,290000000,281,345,90,60,1,1,1,1
1604,340000000,473,337,60,45,1,1,1,1
1604,220000000,663,337,280,65,1,1,1,1
1604,210000000,832,374,55,45,1,1,1,1
1605,380000000,13,344,180,115,1,1,1,1
1605,290000000,281,345,90,60,1,1,1,1
1605,340000000,473,337,60,45,1,1,1,1
1605,220000000,663,337,280,65,1,1,1,1
1605,210000000,832,374,55,45,1,1,1,1
1606,380000000,13,344,180,115,1,1,1,1
1606,290000000,281,345,90,60,1,1,1,1
1606,340000000,473,337,60,45,1,1,1,1
1606,220000000,663,337,280,65,1,1,1,1
1606,210000000,832,374,55,45,1,1,1,1
1607,380000000,13,344,180,115,1,1,1,1
1607,290000000,281,345,90,60,1,1,1,1
1607,340000000,473,337,60,45,1,1,1,1
1607,220000000,663,337,280,65,1,1,1,1
1607,210000000,832,374,55,45,1,1,1,1
1608,380000000,12,344,180,115,1,1,1,1
1608,290000000,281,345,90,60,1,1,1,1
1608,340000000,473,337,60,45,1,1,1,1
1608,220000000,663,337,280,65,1,1,1,1
1608,210000000,832,374,55,45,1,1,1,1
1609,380000000,12,344,180,115,1,1,1,1
1609,290000000,281,345,90,60,1,1,1,1
1609,340000000,473,337,60,45,1,1,1,1
1609,220000000,663,337,280,65,1,1,1,1
1609,210000000,832,374,55,45,1,1,1,1
1610,380000000,12,344,180,115,1,1,1,1
1610,290000000,281,345,90,60,1,1,1,1
1610,340000000,473,337,60,45,1,1,1,1
1610,220000000,663,337,280,65,1,1,1,1
1610,210000000,832,374,55,45,1,1,1,1
1611,380000000,12,344,180,115,1,1,1,1
1611,290000000,281,345,90,60,1,1,1,1
1611,340000000,473,337,60,45,1,1,1,1
1611,220000000,663,337,280,65,1,1,1,1
1611,210000000,832,374,55,45,1,1,1,1
1612,380000000,12,344,180,115,1,1,1,1
1612,290000000,281,345,90,60,1,1,1,1
1612,340000000,473,337,60,45,1,1,1,1
1612,220000000,663,337,280,65,1,1,1,1
1612,210000000,832,374,55,45,1,1,1,1
1613,380000000,12,344,180,115,1,1,1,1
1613,290000000,281,345,90,60,1,1,1,1
1613,340000000,473,337,60,45,1,1,1,1
1613,220000000,663,337,280,65,1,1,1,1
1613,210000000,831,374,55,45,1,1,1,1
1614,380000000,12,344,180,115,1,1,1,1
1614,290000000,281,345,90,60,1,1,1,1
1614,340000000,473,337,60,45,1,1,1,1
1614,220000000,663,337,280,65,1,1,1,1
1614,210000000,831,374,55,45,1,1,1,1
1615,380000000,12,344,180,115,1,1,1,1
1615,290000000,281,345,90,60,1,1,1,1
1615,340000000,473,337,60,45,1,1,1,1
1615,220000000,663,337,280,65,1,1,1,1
1615,210000000,831,374,55,45,1,1,1,1
1616,380000000,12,344,180,115,1,1,1,1
1616,290000000,281,345,90,60,1,1,1,1
1616,340000000,473,337,60,45,1,1,1,1
1616,220000000,663,337,280,65,1,1,1,1
1616,210000000,831,374,55,45,1,1,1,1
1617,380000000,12,344,180,115,1,1,1,1
1617,290000000,281,345,90,60,1,1,1,1
1617,340000000,473,337,60,45,1,1,1,1
1617,220000000,663,337,280,65,1,1,1,1
1617,210000000,831,374,55,45,1,1,1,1
1618,380000000,12,344,180,115,1,1,1,1
1618,290000000,281,345,90,60,1,1,1,1
1618,340000000,473,337,60,45,1,1,1,1
1618,220000000,663,337,280,65,1,1,1,1
1618,210000000,831,374,55,45,1,1,1,1
1619,380000000,12,344,180,115,1,1,1,1
1619,290000000,281,345,90,60,1,1,1,1
1619,340000000,473,337,60,45,1,1,1,1
1619,220000000,663,337,280,65,1,1,1,1
1619,210000000,831,374,55,45,1,1,1,1
1620,380000000,12,344,180,115,1,1,1,1
1620,290000000,281,345,90,60,1,1,1,1
1620,340000000,473,337,60,45,1,1,1,1
1620,220000000,663,337,280,65,1,1,1,1
1620,210000000,831,374,55,45,1,1,1,1
1621,380000000,12,344,180,115,1,1,1,1
1621,290000000,281,345,90,60,1,1,1,1
1621,340000000,473,337,60,45,1,1,1,1
1621,220000000,663,337,280,65,1,1,1,1
1621,210000000,831,374,55,45,1,1,1,1
1622,380000000,12,344,180,115,1,1,1,1
1622,290000000,281,345,90,60,1,1,1,1
1622,340000000,473,337,60,45,1,1,1,1
1622,220000000,663,337,280,65,1,1,1,1
1622,210000000,831,374,55,45,1,1,1,1
1623,380000000,11,344,180,115,1,1,1,1
1623,290000000,280,345,90,60,1,1,1,1
1623,340000000,472,337,60,45,1,1,1,1
1623,220000000,663,337,280,65,1,1,1,1
1623,210000000,831,374,55,45,1,1,1,1
1624,380000000,11,344,180,115,1,1,1,1
1624,290000000,280,345,90,60,1,1,1,1
1624,340000000,472,337,60,45,1,1,1,1
1624,220000000,663,337,280,65,1,1,1,1
1624,210000000,831,374,55,45,1,1,1,1
1625,380000000,11,344,180,115,1,1,1,1
1625,290000000,280,345,90,60,1,1,1,1
1625,340000000,472,337,60,45,1,1,1,1
1625,220000000,663,337,280,65,1,1,1,1
1625,210000000,831,374,55,45,1,1,1,1
1626,380000000,11,344,180,115,1,1,1,1
1626,290000000,280,345,90,60,1,1,1,1
1626,340000000,472,337,60,45,1,1,1,1
1626,220000000,663,337,280,65,1,1,1,1
1626,210000000,831,374,55,45,1,1,1,1
1627,380000000,11,344,180,115,1,1,1,1
1627,290000000,280,345,90,60,1,1,1,1
1627,340000000,472,337,60,45,1,1,1,1
1627,220000000,663,337,280,65,1,1,1,1
1627,210000000,831,374,55,45,1,1,1,1
1628,380000000,11,344,180,115,1,1,1,1
1628,290000000,280,345,90,60,1,1,1,1
1628,340000000,472,337,60,45,1,1,1,1
1628,220000000,663,337,280,65,1,1,1,1
1628,210000000,831,374,55,45,1,1,1,1
1629,380000000,11,344,180,115,1,1,1,1
1629,290000000,280,345,90,60,1,1,1,1
1629,340000000,472,337,60,45,1,1,1,1
1629,220000000,663,337,280,65,1,1,1,1
1629,210000000,831,374,55,45,1,1,1,1
1630,380000000,11,344,180,115,1,1,1,1
1630,290000000,280,345,90,60,1,1,1,1
1630,340000000,472,337,60,45,1,1,1,1
1630,220000000,663,337,280,65,1,1,1,1
1630,210000000,831,374,55,45,1,1,1,1
1631,380000000,11,344,180,115,1,1,1,1
1631,290000000,280,345,90,60,1,1,1,1
1631,340000000,472,337,60,45,1,1,1,1
1631,220000000,663,337,280,65,1,1,1,1
1631,210000000,831,374,55,45,1,1,1,1
1632,380000000,11,344,180,115,1,1,1,1
1632,290000000,280,345,90,60,1,1,1,1
1632,340000000,472,337,60,45,1,1,1,1
1632,220000000,663,337,280,65,1,1,1,1
1632,210000000,831,374,55,45,1,1,1,1
1633,380000000,11,344,180,115,1,1,1,1
1633,290000000,280,345,90,60,1,1,1,1
1633,340000000,472,337,60,45,1,1,1,1
1633,220000000,663,337,280,65,1,1,1,1
1633,210000000,830,374,55,45,1,1,1,1
1634,380000000,11,344,180,115,1,1,1,1
1634,290000000,280,345,90,60,1,1,1,1
1634,340000000,472,337,60,45,1,1,1,1
1634,220000000,663,337,280,65,1,1,1,1
1634,210000000,830,374,55,45,1,1,1,1
1635,380000000,11,344,180,115,1,1,1,1
1635,290000000,280,345,90,60,1,1,1,1
1635,340000000,472,337,60,45,1,1,1,1
1635,220000000,663,337,280,65,1,1,1,1
1635,210000000,830,374,55,45,1,1,1,1
1636,380000000,11,344,180,115,1,1,1,1
1636,290000000,280,345,90,60,1,1,1,1
1636,340000000,472,337,60,45,1,1,1,1
1636,220000000,663,337,280,65,1,1,1,1
1636,210000000,830,374,55,45,1,1,1,1
1637,380000000,11,344,180,115,1,1,1,1
1637,290000000,280,345,90,60,1,1,1,1
1637,340000000,472,337,60,45,1,1,1,1
1637,220000000,663,337,280,65,1,1,1,1
1637,210000000,830,374,55,45,1,1,1,1
1638,380000000,10,344,180,115,1,1,1,1
1638,290000000,280,345,90,60,1,1,1,1
1638,340000000,472,337,60,45,1,1,1,1
1638,220000000,663,337,280,65,1,1,1,1
1638,210000000,830,374,55,45,1,1,1,1
1639,380000000,10,344,180,115,1,1,1,1
1639,290000000,280,345,90,60,1,1,1,1
1639,340000000,472,337,60,45,1,1,1,1
1639,220000000,663,337,280,65,1,1,1,1
1639,210000000,830,374,55,45,1,1,1,1
1640,380000000,10,344,180,115,1,1,1,1
1640,290000000,280,345,90,60,1,1,1,1
1640,340000000,472,337,60,45,1,1,1,1
1640,220000000,663,337,280,65,1,1,1,1
1640,210000000,830,374,55,45,1,1,1,1
1641,380000000,10,344,180,115,1,1,1,1
1641,290000000,280,345,90,60,1,1,1,1
1641,340000000,472,337,60,45,1,1,1,1
1641,220000000,663,337,280,65,1,1,1,1
1641,210000000,830,374,55,45,1,1,1,1
1642,380000000,10,344,180,115,1,1,1,1
1642,290000000,280,345,90,60,1,1,1,1
1642,340000000,472,337,60,45,1,1,1,1
1642,220000000,663,337,280,65,1,1,1,1
1642,210000000,830,374,55,45,1,1,1,1
1643,380000000,10,344,180,115,1,1,1,1
1643,290000000,280,345,90,60,1,1,1,1
1643,340000000,472,337,60,45,1,1,1,1
1643,220000000,663,337,280,65,1,1,1,1
1643,210000000,830,374,55,45,1,1,1,1
1644,380000000,10,344,180,115,1,1,1,1
1644,290000000,280,345,90,60,1,1,1,1
1644,340000000,472,337,60,45,1,1,1,1
1644,220000000,663,337,280,65,1,1,1,1
1644,210000000,830,374,55,45,1,1,1,1
1645,380000000,10,344,180,115,1,1,1,1
1645,290000000,280,345,90,60,1,1,1,1
1645,340000000,472,337,60,45,1,1,1,1
1645,220000000,663,337,280,65,1,1,1,1
1645,210000000,830,374,55,45,1,1,1,1
1646,380000000,10,344,180,115,1,1,1,1
1646,290000000,280,345,90,60,1,1,1,1
1646,340000000,472,337,60,45,1,1,1,1
1646,220000000,663,337,280,65,1,1,1,1
1646,210000000,830,374,55,45,1,1,1,1
1647,380000000,10,344,180,115,1,1,1,1
1647,290000000,280,345,90,60,1,1,1,1
1647,340000000,472,337,60,45,1,1,1,1
1647,220000000,663,337,280,65,1,1,1,1
1647,210000000,830,374,55,45,1,1,1,1
1648,380000000,10,344,180,115,1,1,1,1
1648,290000000,280,345,90,60,1,1,1,1
1648,340000000,472,337,60,45,1,1,1,1
1648,220000000,663,337,280,65,1,1,1,1
1648,210000000,830,374,55,45,1,1,1,1
1649,380000000,10,344,180,115,1,1,1,1
1649,290000000,280,345,90,60,1,1,1,1
1649,340000000,472,337,60,45,1,1,1,1
1649,220000000,663,337,280,65,1,1,1,1
1649,210000000,830,374,55,45,1,1,1,1
1650,380000000,10,344,180,115,1,1,1,1
1650,290000000,280,345,90,60,1,1,1,1
1650,340000000,472,337,60,45,1,1,1,1
1650,220000000,663,337,280,65,1,1,1,1
1650,210000000,830,374,55,45,1,1,1,1
1651,380000000,10,344,180,115,1,1,1,1
1651,290000000,280,345,90,60,1,1,1,1
1651,340000000,472,337,60,45,1,1,1,1
1651,220000000,663,337,280,65,1,1,1,1
1651,210000000,830,374,55,45,1,1,1,1
1652,380000000,10,345,180,115,1,1,1,1
1652,290000000,280,345,90,60,1,1,1,1
1652,340000000,472,337,60,45,1,1,1,1
1652,220000000,663,337,280,65,1,1,1,1
1652,210000000,830,375,55,45,1,1,1,1
1653,380000000,9,345,180,115,1,1,1,1
1653,290000000,279,345,90,60,1,1,1,1
1653,340000000,472,337,60,45,1,1,1,1
1653,220000000,663,337,280,65,1,1,1,1
1653,210000000,829,375,55,45,1,1,1,1
1654,380000000,9,345,180,115,1,1,1,1
1654,290000000,279,345,90,60,1,1,1,1
1654,340000000,472,337,60,45,1,1,1,1
1654,220000000,663,337,280,65,1,1,1,1
1654,210000000,829,375,55,45,1,1,1,1
1655,380000000,9,345,180,115,1,1,1,1
1655,290000000,279,345,90,60,1,1,1,1
1655,340000000,472,337,60,45,1,1,1,1
1655,220000000,663,337,280,65,1,1,1,1
1655,210000000,829,375,55,45,1,1,1,1
1656,380000000,9,345,180,115,1,1,1,1
1656,290000000,279,345,90,60,1,1,1,1
1656,340000000,472,337,60,45,1,1,1,1
1656,220000000,663,337,280,65,1,1,1,1
1656,210000000,829,375,55,45,1,1,1,1
1657,380000000,9,345,180,115,1,1,1,1
1657,290000000,279,345,90,60,1,1,1,1
1657,340000000,472,337,60,45,1,1,1,1
1657,220000000,663,337,280,65,1,1,1,1
1657,210000000,829,375,55,45,1,1,1,1
1658,380000000,9,345,180,115,1,1,1,1
1658,290000000,279,345,90,60,1,1,1,1
1658,340000000,472,337,60,45,1,1,1,1
1658,220000000,663,337,280,65,1,1,1,1
1658,210000000,829,375,55,45,1,1,1,1
1659,380000000,9,345,180,115,1,1,1,1
1659,290000000,279,345,90,60,1,1,1,1
1659,340000000,472,337,60,45,1,1,1,1
1659,220000000,663,337,280,65,1,1,1,1
1659,210000000,829,375,55,45,1,1,1,1
1660,380000000,9,345,180,115,1,1,1,1
1660,290000000,279,345,90,60,1,1,1,1
1660,340000000,472,337,60,45,1,1,1,1
1660,220000000,663,337,280,65,1,1,1,1
1660,210000000,829,375,55,45,1,1,1,1
1661,380000000,9,345,180,115,1,1,1,1
1661,290000000,279,345,90,60,1,1,1,1
1661,340000000,472,337,60,45,1,1,1,1
1661,220000000,663,337,280,65,1,1,1,1
1661,210000000,829,375,55,45,1,1,1,1
1662,380000000,9,345,180,115,1,1,1,1
1662,290000000,279,345,90,60,1,1,1,1
1662,340000000,472,337,60,45,1,1,1,1
1662,220000000,663,337,280,65,1,1,1,1
1662,210000000,829,375,55,45,1,1,1,1
1663,380000000,9,345,180,115,1,1,1,1
1663,290000000,279,345,90,60,1,1,1,1
1663,340000000,472,337,60,45,1,1,1,1
1663,220000000,663,337,280,65,1,1,1,1
1663,210000000,829,375,55,45,1,1,1,1
1664,380000000,9,345,180,115,1,1,1,1
1664,290000000,279,345,90,60,1,1,1,1
1664,340000000,472,337,60,45,1,1,1,1
1664,220000000,663,337,280,65,1,1,1,1
1664,210000000,829,375,55,45,1,1,1,1
1665,380000000,9,345,180,115,1,1,1,1
1665,290000000,279,345,90,60,1,1,1,1
1665,340000000,472,337,60,45,1,1,1,1
1665,220000000,663,337,280,65,1,1,1,1
1665,210000000,829,375,55,45,1,1,1,1
1666,380000000,9,345,180,115,1,1,1,1
1666,290000000,279,345,90,60,1,1,1,1
1666,340000000,472,337,60,45,1,1,1,1
1666,220000000,663,337,280,65,1,1,1,1
1666,210000000,829,375,55,45,1,1,1,1
1667,380000000,9,345,180,115,1,1,1,1
1667,290000000,279,345,90,60,1,1,1,1
1667,340000000,472,337,60,45,1,1,1,1
1667,220000000,663,337,280,65,1,1,1,1
1667,210000000,829,375,55,45,1,1,1,1
1668,380000000,8,345,180,115,1,1,1,1
1668,290000000,279,345,90,60,1,1,1,1
1668,340000000,472,337,60,45,1,1,1,1
1668,220000000,663,337,280,65,1,1,1,1
1668,210000000,829,375,55,45,1,1,1,1
1669,380000000,8,345,180,115,1,1,1,1
1669,290000000,279,345,90,60,1,1,1,1
1669,340000000,472,337,60,45,1,1,1,1
1669,220000000,663,337,280,65,1,1,1,1
1669,210000000,829,375,55,45,1,1,1,1
1670,380000000,8,345,180,115,1,1,1,1
1670,290000000,279,345,90,60,1,1,1,1
1670,340000000,472,337,60,45,1,1,1,1
1670,220000000,663,337,280,65,1,1,1,1
1670,210000000,829,375,55,45,1,1,1,1
1671,380000000,8,345,180,115,1,1,1,1
1671,290000000,279,345,90,60,1,1,1,1
1671,340000000,472,337,60,45,1,1,1,1
1671,220000000,663,337,280,65,1,1,1,1
1671,210000000,829,375,55,45,1,1,1,1
1672,380000000,8,345,180,115,1,1,1,1
1672,290000000,279,345,90,60,1,1,1,1
1672,340000000,472,337,60,45,1,1,1,1
1672,220000000,663,337,280,65,1,1,1,1
1672,210000000,829,375,55,45,1,1,1,1
1673,380000000,8,345,180,115,1,1,1,1
1673,290000000,279,345,90,60,1,1,1,1
1673,340000000,472,337,60,45,1,1,1,1
1673,220000000,663,337,280,65,1,1,1,1
1673,210000000,828,375,55,45,1,1,1,1
1674,380000000,8,345,180,115,1,1,1,1
1674,290000000,279,345,90,60,1,1,1,1
1674,340000000,472,337,60,45,1,1,1,1
1674,220000000,663,337,280,65,1,1,1,1
1674,210000000,828,375,55,45,1,1,1,1
1675,380000000,8,345,180,115,1,1,1,1
1675,290000000,279,345,90,60,1,1,1,1
1675,340000000,472,337,60,45,1,1,1,1
1675,220000000,663,337,280,65,1,1,1,1
1675,210000000,828,375,55,45,1,1,1,1
1676,380000000,8,345,180,115,1,1,1,1
1676,290000000,279,345,90,60,1,1,1,1
1676,340000000,472,337,60,45,1,1,1,1
1676,220000000,663,337,280,65,1,1,1,1
1676,210000000,828,375,55,45,1,1,1,1
1677,380000000,8,345,180,115,1,1,1,1
1677,290000000,279,345,90,60,1,1,1,1
1677,340000000,472,337,60,45,1,1,1,1
1677,220000000,663,337,280,65,1,1,1,1
1677,210000000,828,375,55,45,1,1,1,1
1678,380000000,8,345,180,115,1,1,1,1
1678,290000000,279,345,90,60,1,1,1,1
1678,340000000,472,337,60,45,1,1,1,1
1678,220000000,663,337,280,65,1,1,1,1
1678,210000000,828,375,55,45,1,1,1,1
1679,380000000,8,345,180,115,1,1,1,1
1679,290000000,279,345,90,60,1,1,1,1
1679,340000000,472,337,60,45,1,1,1,1
1679,220000000,663,337,280,65,1,1,1,1
1679,210000000,828,375,55,45,1,1,1,1
1680,380000000,8,345,180,115,1,1,1,1
1680,290000000,279,345,90,60,1,1,1,1
1680,340000000,472,337,60,45,1,1,1,1
1680,220000000,663,337,280,65,1,1,1,1
1680,210000000,828,375,55,45,1,1,1,1
1681,380000000,8,345,180,115,1,1,1,1
1681,290000000,279,345,90,60,1,1,1,1
1681,340000000,472,337,60,45,1,1,1,1
1681,220000000,663,337,280,65,1,1,1,1
1681,210000000,828,375,55,45,1,1,1,1
1682,380000000,8,345,180,115,1,1,1,1
1682,290000000,279,345,90,60,1,1,1,1
1682,340000000,472,337,60,45,1,1,1,1
1682,220000000,663,337,280,65,1,1,1,1
1682,210000000,828,375,55,45,1,1,1,1
1683,380000000,7,345,180,115,1,1,1,1
1683,290000000,278,345,90,60,1,1,1,1
1683,340000000,471,337,60,45,1,1,1,1
1683,220000000,663,337,280,65,1,1,1,1
1683,210000000,828,375,55,45,1,1,1,1
1684,380000000,7,345,180,115,1,1,1,1
1684,290000000,278,345,90,60,1,1,1,1
1684,340000000,471,337,60,45,1,1,1,1
1684,220000000,663,337,280,65,1,1,1,1
1684,210000000,828,375,55,45,1,1,1,1
1685,380000000,7,345,180,115,1,1,1,1
1685,290000000,278,345,90,60,1,1,1,1
1685,340000000,471,337,60,45,1,1,1,1
1685,220000000,663,337,280,65,1,1,1,1
1685,210000000,828,375,55,45,1,1,1,1
1686,380000000,7,345,180,115,1,1,1,1
1686,290000000,278,345,90,60,1,1,1,1
1686,340000000,471,337,60,45,1,1,1,1
1686,220000000,663,337,280,65,1,1,1,1
1686,210000000,828,375,55,45,1,1,1,1
1687,380000000,7,345,180,115,1,1,1,1
1687,290000000,278,345,90,60,1,1,1,1
1687,340000000,471,337,60,45,1,1,1,1
1687,220000000,663,337,280,65,1,1,1,1
1687,210000000,828,375,55,45,1,1,1,1
1688,380000000,7,345,180,115,1,1,1,1
1688,290000000,278,345,90,60,1,1,1,1
1688,340000000,471,337,60,45,1,1,1,1
1688,220000000,663,337,280,65,1,1,1,1
1688,210000000,828,375,55,45,1,1,1,1
1689,380000000,7,345,180,115,1,1,1,1
1689,290000000,278,345,90,60,1,1,1,1
1689,340000000,471,337,60,45,1,1,1,1
1689,220000000,663,337,280,65,1,1,1,1
1689,210000000,828,375,55,45,1,1,1,1
1690,380000000,7,345,180,115,1,1,1,1
1690,290000000,278,345,90,60,1,1,1,1
1690,340000000,471,337,60,45,1,1,1,1
1690,220000000,663,337,280,65,1,1,1,1
1690,210000000,828,375,55,45,1,1,1,1
1691,380000000,7,345,180,115,1,1,1,1
1691,290000000,278,345,90,60,1,1,1,1
1691,340000000,471,337,60,45,1,1,1,1
1691,220000000,663,337,280,65,1,1,1,1
1691,210000000,828,375,55,45,1,1,1,1
1692,380000000,7,345,180,115,1,1,1,1
1692,290000000,278,345,90,60,1,1,1,1
1692,340000000,471,337,60,45,1,1,1,1
1692,220000000,663,337,280,65,1,1,1,1
1692,210000000,828,375,55,45,1,1,1,1
1693,380000000,7,345,180,115,1,1,1,1
1693,290000000,278,345,90,60,1,1,1,1
1693,340000000,471,337,60,45,1,1,1,1
1693,220000000,663,337,280,65,1,1,1,1
1693,210000000,827,375,55,45,1,1,1,1
1694,380000000,7,345,180,115,1,1,1,1
1694,290000000,278,345,90,60,1,1,1,1
1694,340000000,471,337,60,45,1,1,1,1
1694,220000000,663,337,280,65,1,1,1,1
1694,210000000,827,375,55,45,1,1,1,1
1695,380000000,7,345,180,115,1,1,1,1
1695,290000000,278,345,90,60,1,1,1,1
1695,340000000,471,337,60,45,1,1,1,1
1695,220000000,663,337,280,65,1,1,1,1
1695,210000000,827,375,55,45,1,1,1,1
1696,380000000,7,345,180,115,1,1,1,1
1696,290000000,278,345,90,60,1,1,1,1
1696,340000000,471,337,60,45,1,1,1,1
1696,220000000,663,337,280,65,1,1,1,1
1696,210000000,827,375,55,45,1,1,1,1
1697,380000000,7,345,180,115,1,1,1,1
1697,290000000,278,345,90,60,1,1,1,1
1697,340000000,471,337,60,45,1,1,1,1
1697,220000000,663,337,280,65,1,1,1,1
1697,210000000,827,375,55,45,1,1,1,1
1698,380000000,6,345,180,115,1,1,1,1
1698,290000000,278,345,90,60,1,1,1,1
1698,340000000,471,337,60,45,1,1,1,1
1698,220000000,663,337,280,65,1,1,1,1
1698,210000000,827,375,55,45,1,1,1,1
1699,380000000,6,345,180,115,1,1,1,1
1699,290000000,278,345,90,60,1,1,1,1
1699,340000000,471,337,60,45,1,1,1,1
1699,220000000,663,337,280,65,1,1,1,1
1699,210000000,827,375,55,45,1,1,1,1
1700,380000000,6,345,180,115,1,1,1,1
1700,290000000,278,345,90,60,1,1,1,1
1700,340000000,471,337,60,45,1,1,1,1
1700,220000000,663,337,280,65,1,1,1,1
1700,210000000,827,375,55,45,1,1,1,1
1701,380000000,6,345,180,115,1,1,1,1
1701,290000000,278,345,90,60,1,1,1,1
1701,340000000,471,337,60,45,1,1,1,1
1701,220000000,663,337,280,65,1,1,1,1
1701,210000000,827,375,55,45,1,1,1,1
1702,380000000,6,345,180,115,1,1,1,1
1702,290000000,278,345,90,60,1,1,1,1
1702,340000000,471,337,60,45,1,1,1,1
1702,220000000,663,337,280,65,1,1,1,1
1702,210000000,827,375,55,45,1,1,1,1
1703,380000000,6,345,180,115,1,1,1,1
1703,290000000,278,345,90,60,1,1,1,1
1703,340000000,471,337,60,45,1,1,1,1
1703,220000000,662,337,280,65,1,1,1,1
1703,210000000,827,375,55,45,1,1,1,1
1704,380000000,6,345,180,115,1,1,1,1
1704,290000000,278,345,90,60,1,1,1,1
1704,340000000,471,337,60,45,1,1,1,1
1704,220000000,662,337,280,65,1,1,1,1
1704,210000000,827,375,55,45,1,1,1,1
1705,380000000,6,345,180,115,1,1,1,1
1705,290000000,278,345,90,60,1,1,1,1
1705,340000000,471,337,60,45,1,1,1,1
1705,220000000,662,337,280,65,1,1,1,1
1705,210000000,827,375,55,45,1,1,1,1
1706,380000000,6,345,180,115,1,1,1,1
1706,290000000,278,345,90,60,1,1,1,1
1706,340000000,471,337,60,45,1,1,1,1
1706,220000000,662,337,280,65,1,1,1,1
1706,210000000,827,375,55,45,1,1,1,1
1707,380000000,6,345,180,115,1,1,1,1
1707,290000000,278,345,90,60,1,1,1,1
1707,340000000,471,337,60,45,1,1,1,1
1707,220000000,662,337,280,65,1,1,1,1
1707,210000000,827,375,55,45,1,1,1,1
1708,380000000,6,345,180,115,1,1,1,1
1708,290000000,278,345,90,60,1,1,1,1
1708,340000000,471,337,60,45,1,1,1,1
1708,220000000,662,337,280,65,1,1,1,1
1708,210000000,827,375,55,45,1,1,1,1
1709,380000000,6,345,180,115,1,1,1,1
1709,290000000,278,345,90,60,1,1,1,1
1709,340000000,471,337,60,45,1,1,1,1
1709,220000000,662,337,280,65,1,1,1,1
1709,210000000,827,375,55,45,1,1,1,1
1710,380000000,6,345,180,115,1,1,1,1
1710,290000000,278,345,90,60,1,1,1,1
1710,340000000,471,337,60,45,1,1,1,1
1710,220000000,662,337,280,65,1,1,1,1
1710,210000000,827,375,55,45,1,1,1,1
1711,380000000,6,345,180,115,1,1,1,1
1711,290000000,278,345,90,60,1,1,1,1
1711,340000000,471,337,60,45,1,1,1,1
1711,220000000,662,337,280,65,1,1,1,1
1711,210000000,827,375,55,45,1,1,1,1
1712,380000000,6,346,180,115,1,1,1,1
1712,290000000,278,345,90,60,1,1,1,1
1712,340000000,471,337,60,45,1,1,1,1
1712,220000000,662,337,280,65,1,1,1,1
1712,210000000,827,376,55,45,1,1,1,1
1713,380000000,5,346,180,115,1,1,1,1
1713,290000000,277,345,90,60,1,1,1,1
1713,340000000,471,337,60,45,1,1,1,1
1713,220000000,662,337,280,65,1,1,1,1
1713,210000000,826,376,55,45,1,1,1,1
1714,380000000,5,346,180,115,1,1,1,1
1714,290000000,277,345,90,60,1,1,1,1
1714,340000000,471,337,60,45,1,1,1,1
1714,220000000,662,337,280,65,1,1,1,1
1714,210000000,826,376,55,45,1,1,1,1
1715,380000000,5,346,180,115,1,1,1,1
1715,290000000,277,345,90,60,1,1,1,1
1715,340000000,471,337,60,45,1,1,1,1
1715,220000000,662,337,280,65,1,1,1,1
1715,210000000,826,376,55,45,1,1,1,1
1716,380000000,5,346,180,115,1,1,1,1
1716,290000000,277,345,90,60,1,1,1,1
1716,340000000,471,337,60,45,1,1,1,1
1716,220000000,662,337,280,65,1,1,1,1
1716,210000000,826,376,55,45,1,1,1,1
1717,380000000,5,346,180,115,1,1,1,1
1717,290000000,277,345,90,60,1,1,1,1
1717,340000000,471,337,60,45,1,1,1,1
1717,220000000,662,337,280,65,1,1,1,1
1717,210000000,826,376,55,45,1,1,1,1
1718,380000000,5,346,180,115,1,1,1,1
1718,290000000,277,345,90,60,1,1,1,1
1718,340000000,471,337,60,45,1,1,1,1
1718,220000000,662,337,280,65,1,1,1,1
1718,210000000,826,376,55,45,1,1,1,1
1719,380000000,5,346,180,115,1,1,1,1
1719,290000000,277,345,90,60,1,1,1,1
1719,340000000,471,337,60,45,1,1,1,1
1719,220000000,662,337,280,65,1,1,1,1
1719,210000000,826,376,55,45,1,1,1,1
1720,380000000,5,346,180,115,1,1,1,1
1720,290000000,277,345,90,60,1,1,1,1
1720,340000000,471,337,60,45,1,1,1,1
1720,220000000,662,337,280,65,1,1,1,1
1720,210000000,826,376,55,45,1,1,1,1
1721,380000000,5,346,180,115,1,1,1,1
1721,290000000,277,345,90,60,1,1,1,1
1721,340000000,471,337,60,45,1,1,1,1
1721,220000000,662,337,280,65,1,1,1,1
1721,210000000,826,376,55,45,1,1,1,1
1722,380000000,5,346,180,115,1,1,1,1
1722,290000000,277,345,90,60,1,1,1,1
1722,340000000,471,337,60,45,1,1,1,1
1722,220000000,662,337,280,65,1,1,1,1
1722,210000000,826,376,55,45,1,1,1,1
1723,380000000,5,346,180,115,1,1,1,1
1723,290000000,277,345,90,60,1,1,1,1
1723,340000000,471,337,60,45,1,1,1,1
1723,220000000,662,337,280,65,1,1,1,1
1723,210000000,826,376,55,45,1,1,1,1
1724,380000000,5,346,180,115,1,1,1,1
1724,290000000,277,345,90,60,1,1,1,1
1724,340000000,471,337,60,45,1,1,1,1
1724,220000000,662,337,280,65,1,1,1,1
1724,210000000,826,376,55,45,1,1,1,1
1725,380000000,5,346,180,115,1,1,1,1
1725,290000000,277,345,90,60,1,1,1,1
1725,340000000,471,337,60,45,1,1,1,1
1725,220000000,662,337,280,65,1,1,1,1
1725,210000000,826,376,55,45,1,1,1,1
1726,380000000,5,346,180,115,1,1,1,1
1726,290000000,277,345,90,60,1,1,1,1
1726,340000000,471,337,60,45,1,1,1,1
1726,220000000,662,337,280,65,1,1,1,1
1726,210000000,826,376,55,45,1,1,1,1
1727,380000000,5,346,180,115,1,1,1,1
1727,290000000,277,345,90,60,1,1,1,1
1727,340000000,471,337,60,45,1,1,1,1
1727,220000000,662,337,280,65,1,1,1,1
1727,210000000,826,376,55,45,1,1,1,1
1728,380000000,4,346,180,115,1,1,1,1
1728,290000000,277,345,90,60,1,1,1,1
1728,340000000,471,337,60,45,1,1,1,1
1728,220000000,662,337,280,65,1,1,1,1
1728,210000000,826,376,55,45,1,1,1,1
1729,380000000,4,346,180,115,1,1,1,1
1729,290000000,277,345,90,60,1,1,1,1
1729,340000000,471,337,60,45,1,1,1,1
1729,220000000,662,337,280,65,1,1,1,1
1729,210000000,826,376,55,45,1,1,1,1
1730,380000000,4,346,180,115,1,1,1,1
1730,290000000,277,345,90,60,1,1,1,1
1730,340000000,471,337,60,45,1,1,1,1
1730,220000000,662,337,280,65,1,1,1,1
1730,210000000,826,376,55,45,1,1,1,1
1731,380000000,4,346,180,115,1,1,1,1
1731,290000000,277,345,90,60,1,1,1,1
1731,340000000,471,337,60,45,1,1,1,1
1731,220000000,662,337,280,65,1,1,1,1
1731,210000000,826,376,55,45,1,1,1,1
1732,380000000,4,346,180,115,1,1,1,1
1732,290000000,277,345,90,60,1,1,1,1
1732,340000000,471,337,60,45,1,1,1,1
1732,220000000,662,337,280,65,1,1,1,1
1732,210000000,826,376,55,45,1,1,1,1
1733,380000000,4,346,180,115,1,1,1,1
1733,290000000,277,345,90,60,1,1,1,1
1733,340000000,471,337,60,45,1,1,1,1
1733,220000000,662,337,280,65,1,1,1,1
1733,210000000,825,376,55,45,1,1,1,1
1734,380000000,4,346,180,115,1,1,1,1
1734,290000000,277,345,90,60,1,1,1,1
1734,340000000,471,337,60,45,1,1,1,1
1734,220000000,662,337,280,65,1,1,1,1
1734,210000000,825,376,55,45,1,1,1,1
1735,380000000,4,346,180,115,1,1,1,1
1735,290000000,277,345,90,60,1,1,1,1
1735,340000000,471,337,60,45,1,1,1,1
1735,220000000,662,337,280,65,1,1,1,1
1735,210000000,825,376,55,45,1,1,1,1
1736,380000000,4,346,180,115,1,1,1,1
1736,290000000,277,345,90,60,1,1,1,1
1736,340000000,471,337,60,45,1,1,1,1
1736,220000000,662,337,280,65,1,1,1,1
1736,210000000,825,376,55,45,1,1,1,1
1737,380000000,4,346,180,115,1,1,1,1
1737,290000000,277,345,90,60,1,1,1,1
1737,340000000,471,337,60,45,1,1,1,1
1737,220000000,662,337,280,65,1,1,1,1
1737,210000000,825,376,55,45,1,1,1,1
1738,380000000,4,346,180,115,1,1,1,1
1738,290000000,277,345,90,60,1,1,1,1
1738,340000000,471,337,60,45,1,1,1,1
1738,220000000,662,337,280,65,1,1,1,1
1738,210000000,825,376,55,45,1,1,1,1
1739,380000000,4,346,180,115,1,1,1,1
1739,290000000,277,345,90,60,1,1,1,1
1739,340000000,471,337,60,45,1,1,1,1
1739,220000000,662,337,280,65,1,1,1,1
1739,210000000,825,376,55,45,1,1,1,1
1740,380000000,4,346,180,115,1,1,1,1
1740,290000000,277,345,90,60,1,1,1,1
1740,340000000,471,337,60,45,1,1,1,1
1740,220000000,662,337,280,65,1,1,1,1
1740,210000000,825,376,55,45,1,1,1,1
1741,380000000,4,346,180,115,1,1,1,1
1741,290000000,277,345,90,60,1,1,1,1
1741,340000000,471,337,60,45,1,1,1,1
1741,220000000,662,337,280,65,1,1,1,1
1741,210000000,825,376,55,45,1,1,1,1
1742,380000000,4,346,180,115,1,1,1,1
1742,290000000,277,345,90,60,1,1,1,1
1742,340000000,471,337,60,45,1,1,1,1
1742,220000000,662,337,280,65,1,1,1,1
1742,210000000,825,376,55,45,1,1,1,1
1743,380000000,3,346,180,115,1,1,1,1
1743,290000000,276,345,90,60,1,1,1,1
1743,340000000,470,337,60,45,1,1,1,1
1743,220000000,662,337,280,65,1,1,1,1
1743,210000000,825,376,55,45,1,1,1,1
1744,380000000,3,346,180,115,1,1,1,1
1744,290000000,276,345,90,60,1,1,1,1
1744,340000000,470,337,60,45,1,1,1,1
1744,220000000,662,337,280,65,1,1,1,1
1744,210000000,825,376,55,45,1,1,1,1
1745,380000000,3,346,180,115,1,1,1,1
1745,290000000,276,345,90,60,1,1,1,1
1745,340000000,470,337,60,45,1,1,1,1
1745,220000000,662,337,280,65,1,1,1,1
1745,210000000,825,376,55,45,1,1,1,1
1746,380000000,3,346,180,115,1,1,1,1
1746,290000000,276,345,90,60,1,1,1,1
1746,340000000,470,337,60,45,1,1,1,1
1746,220000000,662,337,280,65,1,1,1,1
1746,210000000,825,376,55,45,1,1,1,1
1747,380000000,3,346,180,115,1,1,1,1
1747,290000000,276,345,90,60,1,1,1,1
1747,340000000,470,337,60,45,1,1,1,1
1747,220000000,662,337,280,65,1,1,1,1
1747,210000000,825,376,55,45,1,1,1,1
1748,380000000,3,346,180,115,1,1,1,1
1748,290000000,276,345,90,60,1,1,1,1
1748,340000000,470,337,60,45,1,1,1,1
1748,220000000,662,337,280,65,1,1,1,1
1748,210000000,825,376,55,45,1,1,1,1
1749,380000000,3,346,180,115,1,1,1,1
1749,290000000,276,345,90,60,1,1,1,1
1749,340000000,470,337,60,45,1,1,1,1
1749,220000000,662,337,280,65,1,1,1,1
1749,210000000,825,376,55,45,1,1,1,1
1750,380000000,3,346,180,115,1,1,1,1
1750,290000000,276,345,90,60,1,1,1,1
1750,340000000,470,337,60,45,1,1,1,1
1750,220000000,662,337,280,65,1,1,1,1
1750,210000000,825,376,55,45,1,1,1,1
1751,380000000,3,346,180,115,1,1,1,1
1751,290000000,276,345,90,60,1,1,1,1
1751,340000000,470,337,60,45,1,1,1,1
1751,220000000,662,337,280,65,1,1,1,1
1751,210000000,825,376,55,45,1,1,1,1
1752,380000000,3,346,180,115,1,1,1,1
1752,290000000,276,345,90,60,1,1,1,1
1752,340000000,470,337,60,45,1,1,1,1
1752,220000000,662,337,280,65,1,1,1,1
1752,210000000,825,376,55,45,1,1,1,1
1753,380000000,3,346,180,115,1,1,1,1
1753,290000000,276,345,90,60,1,1,1,1
1753,340000000,470,337,60,45,1,1,1,1
1753,220000000,662,337,280,65,1,1,1,1
1753,210000000,824,376,55,45,1,1,1,1
1754,380000000,3,346,180,115,1,1,1,1
1754,290000000,276,345,90,60,1,1,1,1
1754,340000000,470,337,60,45,1,1,1,1
1754,220000000,662,337,280,65,1,1,1,1
1754,210000000,824,376,55,45,1,1,1,1
1755,380000000,3,346,180,115,1,1,1,1
1755,290000000,276,345,90,60,1,1,1,1
1755,340000000,470,337,60,45,1,1,1,1
1755,220000000,662,337,280,65,1,1,1,1
1755,210000000,824,376,55,45,1,1,1,1
1756,380000000,3,346,180,115,1,1,1,1
1756,290000000,276,345,90,60,1,1,1,1
1756,340000000,470,337,60,45,1,1,1,1
1756,220000000,662,337,280,65,1,1,1,1
1756,210000000,824,376,55,45,1,1,1,1
1757,380000000,3,346,180,115,1,1,1,1
1757,290000000,276,345,90,60,1,1,1,1
1757,340000000,470,337,60,45,1,1,1,1
1757,220000000,662,337,280,65,1,1,1,1
1757,210000000,824,376,55,45,1,1,1,1
1758,380000000,2,346,180,115,1,1,1,1
1758,290000000,276,345,90,60,1,1,1,1
1758,340000000,470,337,60,45,1,1,1,1
1758,220000000,662,337,280,65,1,1,1,1
1758,210000000,824,376,55,45,1,1,1,1
1759,380000000,2,346,180,115,1,1,1,1
1759,290000000,276,345,90,60,1,1,1,1
1759,340000000,470,337,60,45,1,1,1,1
1759,220000000,662,337,280,65,1,1,1,1
1759,210000000,824,376,55,45,1,1,1,1
1760,380000000,2,346,180,115,1,1,1,1
1760,290000000,276,345,90,60,1,1,1,1
1760,340000000,470,337,60,45,1,1,1,1
1760,220000000,662,337,280,65,1,1,1,1
1760,210000000,824,376,55,45,1,1,1,1
1761,380000000,2,346,180,115,1,1,1,1
1761,290000000,276,345,90,60,1,1,1,1
1761,340000000,470,337,60,45,1,1,1,1
1761,220000000,662,337,280,65,1,1,1,1
1761,210000000,824,376,55,45,1,1,1,1
1762,380000000,2,346,180,115,1,1,1,1
1762,290000000,276,345,90,60,1,1,1,1
1762,340000000,470,337,60,45,1,1,1,1
1762,220000000,662,337,280,65,1,1,1,1
1762,210000000,824,376,55,45,1,1,1,1
1763,380000000,2,346,180,115,1,1,1,1
1763,290000000,276,345,90,60,1,1,1,1
1763,340000000,470,337,60,45,1,1,1,1
1763,220000000,662,337,280,65,1,1,1,1
1763,210000000,824,376,55,45,1,1,1,1
1764,380000000,2,346,180,115,1,1,1,1
1764,290000000,276,345,90,60,1,1,1,1
1764,340000000,470,337,60,45,1,1,1,1
1764,220000000,662,337,280,65,1,1,1,1
1764,210000000,824,376,55,45,1,1,1,1
1765,380000000,2,346,180,115,1,1,1,1
1765,290000000,276,345,90,60,1,1,1,1
1765,340000000,470,337,60,45,1,1,1,1
1765,220000000,662,337,280,65,1,1,1,1
1765,210000000,824,376,55,45,1,1,1,1
1766,380000000,2,346,180,115,1,1,1,1
1766,290000000,276,345,90,60,1,1,1,1
1766,340000000,470,337,60,45,1,1,1,1
1766,220000000,662,337,280,65,1,1,1,1
1766,210000000,824,376,55,45,1,1,1,1
1767,380000000,2,346,180,115,1,1,1,1
1767,290000000,276,345,90,60,1,1,1,1
1767,340000000,470,337,60,45,1,1,1,1
1767,220000000,662,337,280,65,1,1,1,1
1767,210000000,824,376,55,45,1,1,1,1
1768,380000000,2,346,180,115,1,1,1,1
1768,290000000,276,345,90,60,1,1,1,1
1768,340000000,470,337,60,45,1,1,1,1
1768,220000000,662,337,280,65,1,1,1,1
1768,210000000,824,376,55,45,1,1,1,1
1769,380000000,2,346,180,115,1,1,1,1
1769,290000000,276,345,90,60,1,1,1,1
1769,340000000,470,337,60,45,1,1,1,1
1769,220000000,662,337,280,65,1,1,1,1
1769,210000000,824,376,55,45,1,1,1,1
1770,380000000,2,346,180,115,1,1,1,1
1770,290000000,276,345,90,60,1,1,1,1
1770,340000000,470,337,60,45,1,1,1,1
1770,220000000,662,337,280,65,1,1,1,1
1770,210000000,824,376,55,45,1,1,1,1
1771,380000000,2,346,180,115,1,1,1,1
1771,290000000,276,345,90,60,1,1,1,1
1771,340000000,470,337,60,45,1,1,1,1
1771,220000000,662,337,280,65,1,1,1,1
1771,210000000,824,376,55,45,1,1,1,1
1772,380000000,2,347,180,115,1,1,1,1
1772,290000000,276,345,90,60,1,1,1,1
1772,340000000,470,337,60,45,1,1,1,1
1772,220000000,662,337,280,65,1,1,1,1
1772,210000000,824,377,55,45,1,1,1,1
1773,380000000,1,347,180,115,1,1,1,1
1773,290000000,275,345,90,60,1,1,1,1
1773,340000000,470,337,60,45,1,1,1,1
1773,220000000,662,337,280,65,1,1,1,1
1773,210000000,823,377,55,45,1,1,1,1
1774,380000000,1,347,180,115,1,1,1,1
1774,290000000,275,345,90,60,1,1,1,1
1774,340000000,470,337,60,45,1,1,1,1
1774,220000000,662,337,280,65,1,1,1,1
1774,210000000,823,377,55,45,1,1,1,1
1775,380000000,1,347,180,115,1,1,1,1
1775,290000000,275,345,90,60,1,1,1,1
1775,340000000,470,337,60,45,1,1,1,1
1775,220000000,662,337,280,65,1,1,1,1
1775,210000000,823,377,55,45,1,1,1,1
1776,380000000,1,347,180,115,1,1,1,1
1776,290000000,275,345,90,60,1,1,1,1
1776,340000000,470,337,60,45,1,1,1,1
1776,220000000,662,337,280,65,1,1,1,1
1776,210000000,823,377,55,45,1,1,1,1
1777,380000000,1,347,180,115,1,1,1,1
1777,290000000,275,345,90,60,1,1,1,1
1777,340000000,470,337,60,45,1,1,1,1
1777,220000000,662,337,280,65,1,1,1,1
1777,210000000,823,377,55,45,1,1,1,1
1778,380000000,1,347,180,115,1,1,1,1
1778,290000000,275,345,90,60,1,1,1,1
1778,340000000,470,337,60,45,1,1,1,1
1778,220000000,662,337,280,65,1,1,1,1
1778,210000000,823,377,55,45,1,1,1,1
1779,380000000,1,347,180,115,1,1,1,1
1779,290000000,275,345,90,60,1,1,1,1
1779,340000000,470,337,60,45,1,1,1,1
1779,220000000,662,337,280,65,1,1,1,1
1779,210000000,823,377,55,45,1,1,1,1
1780,380000000,1,347,180,115,1,1,1,1
1780,290000000,275,345,90,60,1,1,1,1
1780,340000000,470,337,60,45,1,1,1,1
1780,220000000,662,337,280,65,1,1,1,1
1780,210000000,823,377,55,45,1,1,1,1
1781,380000000,1,347,180,115,1,1,1,1
1781,290000000,275,345,90,60,1,1,1,1
1781,340000000,470,337,60,45,1,1,1,1
1781,220000000,662,337,280,65,1,1,1,1
1781,210000000,823,377,55,45,1,1,1,1
1782,380000000,1,347,180,115,1,1,1,1
1782,290000000,275,345,90,60,1,1,1,1
1782,340000000,470,337,60,45,1,1,1,1
1782,220000000,662,337,280,65,1,1,1,1
1782,210000000,823,377,55,45,1,1,1,1
1783,380000000,1,347,180,115,1,1,1,1
1783,290000000,275,345,90,60,1,1,1,1
1783,340000000,470,337,60,45,1,1,1,1
1783,220000000,662,337,280,65,1,1,1,1
1783,210000000,823,377,55,45,1,1,1,1
1784,380000000,1,347,180,115,1,1,1,1
1784,290000000,275,345,90,60,1,1,1,1
1784,340000000,470,337,60,45,1,1,1,1
1784,220000000,662,337,280,65,1,1,1,1
1784,210000000,823,377,55,45,1,1,1,1
1785,380000000,1,347,180,115,1,1,1,1
1785,290000000,275,345,90,60,1,1,1,1
1785,340000000,470,337,60,45,1,1,1,1
1785,220000000,662,337,280,65,1,1,1,1
1785,210000000,823,377,55,45,1,1,1,1
1786,380000000,1,347,180,115,1,1,1,1
1786,290000000,275,345,90,60,1,1,1,1
1786,340000000,470,337,60,45,1,1,1,1
1786,220000000,662,337,280,65,1,1,1,1
1786,210000000,823,377,55,45,1,1,1,1
1787,380000000,1,347,180,115,1,1,1,1
1787,290000000,275,345,90,60,1,1,1,1
1787,340000000,470,337,60,45,1,1,1,1
1787,220000000,662,337,280,65,1,1,1,1
1787,210000000,823,377,55,45,1,1,1,1
1788,380000000,0,347,180,115,1,1,1,1
1788,290000000,275,345,90,60,1,1,1,1
1788,340000000,470,337,60,45,1,1,1,1
1788,220000000,662,337,280,65,1,1,1,1
1788,210000000,823,377,55,45,1,1,1,1
1789,380000000,0,347,180,115,1,1,1,1
1789,290000000,275,345,90,60,1,1,1,1
1789,340000000,470,337,60,45,1,1,1,1
1789,220000000,662,337,280,65,1,1,1,1
1789,210000000,823,377,55,45,1,1,1,1
1790,380000000,0,347,180,115,1,1,1,1
1790,290000000,275,345,90,60,1,1,1,1
1790,340000000,470,337,60,45,1,1,1,1
1790,220000000,662,337,280,65,1,1,1,1
1790,210000000,823,377,55,45,1,1,1,1
1791,380000000,0,347,180,115,1,1,1,1
1791,290000000,275,345,90,60,1,1,1,1
1791,340000000,470,337,60,45,1,1,1,1
1791,220000000,662,337,280,65,1,1,1,1
1791,210000000,823,377,55,45,1,1,1,1
1792,380000000,0,347,180,115,1,1,1,1
1792,290000000,275,345,90,60,1,1,1,1
1792,340000000,470,337,60,45,1,1,1,1
1792,220000000,662,337,280,65,1,1,1,1
1792,210000000,823,377,55,45,1,1,1,1
1793,380000000,0,347,180,115,1,1,1,1
1793,290000000,275,345,90,60,1,1,1,1
1793,340000000,470,337,60,45,1,1,1,1
1793,220000000,662,337,280,65,1,1,1,1
1793,210000000,822,377,55,45,1,1,1,1
1794,380000000,0,347,180,115,1,1,1,1
1794,290000000,275,345,90,60,1,1,1,1
1794,340000000,470,337,60,45,1,1,1,1
1794,220000000,662,337,280,65,1,1,1,1
1794,210000000,822,377,55,45,1,1,1,1
1795,380000000,0,347,180,115,1,1,1,1
1795,290000000,275,345,90,60,1,1,1,1
1795,340000000,470,337,60,45,1,1,1,1
1795,220000000,662,337,280,65,1,1,1,1
1795,210000000,822,377,55,45,1,1,1,1
1796,380000000,0,347,180,115,1,1,1,1
1796,290000000,275,345,90,60,1,1,1,1
1796,340000000,470,337,60,45,1,1,1,1
1796,220000000,662,337,280,65,1,1,1,1
1796,210000000,822,377,55,45,1,1,1,1
1797,380000000,0,347,180,115,1,1,1,1
1797,290000000,275,345,90,60,1,1,1,1
1797,340000000,470,337,60,45,1,1,1,1
1797,220000000,662,337,280,65,1,1,1,1
1797,210000000,822,377,55,45,1,1,1,1
1798,380000000,0,347,180,115,1,1,1,1
1798,290000000,275,345,90,60,1,1,1,1
1798,340000000,470,337,60,45,1,1,1,1
1798,220000000,662,337,280,65,1,1,1,1
1798,210000000,822,377,55,45,1,1,1,1
1799,380000000,0,347,180,115,1,1,1,1
1799,290000000,275,345,90,60,1,1,1,1
1799,340000000,470,337,60,45,1,1,1,1
1799,220000000,662,337,280,65,1,1,1,1
1799,210000000,822,377,55,45,1,1,1,1
1800,380000000,0,347,180,115,1,1,1,1
1800,290000000,275,345,90,60,1,1,1,1
1800,340000000,470,337,60,45,1,1,1,1
1800,220000000,662,337,280,65,1,1,1,1
1800,210000000,822,377,55,45,1,1,1,1
1801,380000000,0,347,180,115,1,1,1,1
1801,290000000,275,345,90,60,1,1,1,1
1801,340000000,470,337,60,45,1,1,1,1
1801,220000000,662,337,280,65,1,1,1,1
1801,210000000,822,377,55,45,1,1,1,1
1802,380000000,0,347,180,115,1,1,1,1
1802,290000000,275,345,90,60,1,1,1,1
1802,340000000,470,337,60,45,1,1,1,1
1802,220000000,662,337,280,65,1,1,1,1
1802,210000000,822,377,55,45,1,1,1,1
1803,380000000,0,347,180,115,1,1,1,1
1803,290000000,274,345,90,60,1,1,1,1
1803,340000000,469,337,60,45,1,1,1,1
1803,220000000,661,337,280,65,1,1,1,1
1803,210000000,822,377,55,45,1,1,1,1
1804,380000000,0,347,180,115,1,1,1,1
1804,290000000,274,345,90,60,1,1,1,1
1804,340000000,469,337,60,45,1,1,1,1
1804,220000000,661,337,280,65,1,1,1,1
1804,210000000,822,377,55,45,1,1,1,1
1805,380000000,0,347,180,115,1,1,1,1
1805,290000000,274,345,90,60,1,1,1,1
1805,340000000,469,337,60,45,1,1,1,1
1805,220000000,661,337,280,65,1,1,1,1
1805,210000000,822,377,55,45,1,1,1,1
1806,380000000,0,347,180,115,1,1,1,1
1806,290000000,274,345,90,60,1,1,1,1
1806,340000000,469,337,60,45,1,1,1,1
1806,220000000,661,337,280,65,1,1,1,1
1806,210000000,822,377,55,45,1,1,1,1
1807,380000000,0,347,180,115,1,1,1,1
1807,290000000,274,345,90,60,1,1,1,1
1807,340000000,469,337,60,45,1,1,1,1
1807,220000000,661,337,280,65,1,1,1,1
1807,210000000,822,377,55,45,1,1,1,1
1808,380000000,0,347,180,115,1,1,1,1
1808,290000000,274,345,90,60,1,1,1,1
1808,340000000,469,337,60,45,1,1,1,1
1808,220000000,661,337,280,65,1,1,1,1
1808,210000000,822,377,55,45,1,1,1,1
1809,380000000,0,347,180,115,1,1,1,1
1809,290000000,274,345,90,60,1,1,1,1
1809,340000000,469,337,60,45,1,1,1,1
1809,220000000,661,337,280,65,1,1,1,1
1809,210000000,822,377,55,45,1,1,1,1
1810,380000000,0,347,180,115,1,1,1,1
1810,290000000,274,345,90,60,1,1,1,1
1810,340000000,469,337,60,45,1,1,1,1
1810,220000000,661,337,280,65,1,1,1,1
1810,210000000,822,377,55,45,1,1,1,1
1811,380000000,0,347,180,115,1,1,1,1
1811,290000000,274,345,90,60,1,1,1,1
1811,340000000,469,337,60,45,1,1,1,1
1811,220000000,661,337,280,65,1,1,1,1
1811,210000000,822,377,55,45,1,1,1,1
1812,380000000,0,347,180,115,1,1,1,1
1812,290000000,274,345,90,60,1,1,1,1
1812,340000000,469,337,60,45,1,1,1,1
1812,220000000,661,337,280,65,1,1,1,1
1812,210000000,822,377,55,45,1,1,1,1
1813,380000000,0,347,180,115,1,1,1,1
1813,290000000,274,345,90,60,1,1,1,1
1813,340000000,469,337,60,45,1,1,1,1
1813,220000000,661,337,280,65,1,1,1,1
1813,210000000,821,377,55,45,1,1,1,1
1814,380000000,0,347,180,115,1,1,1,1
1814,290000000,274,345,90,60,1,1,1,1
1814,340000000,469,337,60,45,1,1,1,1
1814,220000000,661,337,280,65,1,1,1,1
1814,210000000,821,377,55,45,1,1,1,1
1815,380000000,0,347,180,115,1,1,1,1
1815,290000000,274,345,90,60,1,1,1,1
1815,340000000,469,337,60,45,1,1,1,1
1815,220000000,661,337,280,65,1,1,1,1
1815,210000000,821,377,55,45,1,1,1,1
1816,380000000,0,347,180,115,1,1,1,1
1816,290000000,274,345,90,60,1,1,1,1
1816,340000000,469,337,60,45,1,1,1,1
1816,220000000,661,337,280,65,1,1,1,1
1816,210000000,821,377,55,45,1,1,1,1
1817,380000000,-1,347,180,115,1,1,1,1
1817,290000000,274,345,90,60,1,1,1,1
1817,340000000,469,337,60,45,1,1,1,1
1817,220000000,661,337,280,65,1,1,1,1
1817,210000000,821,377,55,45,1,1,1,1
1818,380000000,-1,347,180,115,1,1,1,1
1818,290000000,274,345,90,60,1,1,1,1
1818,340000000,469,337,60,45,1,1,1,1
1818,220000000,661,337,280,65,1,1,1,1
1818,210000000,821,377,55,45,1,1,1,1
1819,380000000,-1,347,180,115,1,1,1,1
1819,290000000,274,345,90,60,1,1,1,1
1819,340000000,469,337,60,45,1,1,1,1
1819,220000000,661,337,280,65,1,1,1,1
1819,210000000,821,377,55,45,1,1,1,1
1820,380000000,-1,347,180,115,1,1,1,1
1820,290000000,274,345,90,60,1,1,1,1
1820,340000000,469,337,60,45,1,1,1,1
1820,220000000,661,337,280,65,1,1,1,1
1820,210000000,821,377,55,45,1,1,1,1
1821,380000000,-1,347,180,115,1,1,1,1
1821,290000000,274,345,90,60,1,1,1,1
1821,340000000,469,337,60,45,1,1,1,1
1821,220000000,661,337,280,65,1,1,1,1
1821,210000000,821,377,55,45,1,1,1,1
1822,380000000,-1,347,180,115,1,1,1,1
1822,290000000,274,345,90,60,1,1,1,1
1822,340000000,469,337,60,45,1,1,1,1
1822,220000000,661,337,280,65,1,1,1,1
1822,210000000,821,377,55,45,1,1,1,1
1823,380000000,-1,347,180,115,1,1,1,1
1823,290000000,274,345,90,60,1,1,1,1
1823,340000000,469,337,60,45,1,1,1,1
1823,220000000,661,337,280,65,1,1,1,1
1823,210000000,821,377,55,45,1,1,1,1
1824,380000000,-1,347,180,115,1,1,1,1
1824,290000000,274,345,90,60,1,1,1,1
1824,340000000,469,337,60,45,1,1,1,1
1824,220000000,661,337,280,65,1,1,1,1
1824,210000000,821,377,55,45,1,1,1,1
1825,380000000,-1,347,180,115,1,1,1,1
1825,290000000,274,345,90,60,1,1,1,1
1825,340000000,469,337,60,45,1,1,1,1
1825,220000000,661,337,280,65,1,1,1,1
1825,210000000,821,377,55,45,1,1,1,1
1826,380000000,-1,347,180,115,1,1,1,1
1826,290000000,274,345,90,60,1,1,1,1
1826,340000000,469,337,60,45,1,1,1,1
1826,220000000,661,337,280,65,1,1,1,1
1826,210000000,821,377,55,45,1,1,1,1
1827,380000000,-1,347,180,115,1,1,1,1
1827,290000000,274,345,90,60,1,1,1,1
1827,340000000,469,337,60,45,1,1,1,1
1827,220000000,661,337,280,65,1,1,1,1
1827,210000000,821,377,55,45,1,1,1,1
1828,380000000,-1,347,180,115,1,1,1,1
1828,290000000,274,345,90,60,1,1,1,1
1828,340000000,469,337,60,45,1,1,1,1
1828,220000000,661,337,280,65,1,1,1,1
1828,210000000,821,377,55,45,1,1,1,1
1829,380000000,-1,347,180,115,1,1,1,1
1829,290000000,274,345,90,60,1,1,1,1
1829,340000000,469,337,60,45,1,1,1,1
1829,220000000,661,337,280,65,1,1,1,1
1829,210000000,821,377,55,45,1,1,1,1
1830,380000000,-1,347,180,115,1,1,1,1
1830,290000000,274,345,90,60,1,1,1,1
1830,340000000,469,337,60,45,1,1,1,1
1830,220000000,661,337,280,65,1,1,1,1
1830,210000000,821,377,55,45,1,1,1,1
1831,380000000,-1,347,180,115,1,1,1,1
1831,290000000,274,345,90,60,1,1,1,1
1831,340000000,469,337,60,45,1,1,1,1
1831,220000000,661,337,280,65,1,1,1,1
1831,210000000,821,377,55,45,1,1,1,1
1832,380000000,-2,348,180,115,1,1,1,1
1832,290000000,274,345,90,60,1,1,1,1
1832,340000000,469,337,60,45,1,1,1,1
1832,220000000,661,337,280,65,1,1,1,1
1832,210000000,821,378,55,45,1,1,1,1
1833,380000000,-2,348,180,115,1,1,1,1
1833,290000000,273,345,90,60,1,1,1,1
1833,340000000,469,337,60,45,1,1,1,1
1833,220000000,661,337,280,65,1,1,1,1
1833,210000000,820,378,55,45,1,1,1,1
1834,380000000,-2,348,180,115,1,1,1,1
1834,290000000,273,345,90,60,1,1,1,1
1834,340000000,469,337,60,45,1,1,1,1
1834,220000000,661,337,280,65,1,1,1,1
1834,210000000,820,378,55,45,1,1,1,1
1835,380000000,-2,348,180,115,1,1,1,1
1835,290000000,273,345,90,60,1,1,1,1
1835,340000000,469,337,60,45,1,1,1,1
1835,220000000,661,337,280,65,1,1,1,1
1835,210000000,820,378,55,45,1,1,1,1
1836,380000000,-2,348,180,115,1,1,1,1
1836,290000000,273,345,90,60,1,1,1,1
1836,340000000,469,337,60,45,1,1,1,1
1836,220000000,661,337,280,65,1,1,1,1
1836,210000000,820,378,55,45,1,1,1,1
1837,380000000,-2,348,180,115,1,1,1,1
1837,290000000,273,345,90,60,1,1,1,1
1837,340000000,469,337,60,45,1,1,1,1
1837,220000000,661,337,280,65,1,1,1,1
1837,210000000,820,378,55,45,1,1,1,1
1838,380000000,-2,348,180,115,1,1,1,1
1838,290000000,273,345,90,60,1,1,1,1
1838,340000000,469,337,60,45,1,1,1,1
1838,220000000,661,337,280,65,1,1,1,1
1838,210000000,820,378,55,45,1,1,1,1
1839,380000000,-2,348,180,115,1,1,1,1
1839,290000000,273,345,90,60,1,1,1,1
1839,340000000,469,337,60,45,1,1,1,1
1839,220000000,661,337,280,65,1,1,1,1
1839,210000000,820,378,55,45,1,1,1,1
1840,380000000,-2,348,180,115,1,1,1,1
1840,290000000,273,345,90,60,1,1,1,1
1840,340000000,469,337,60,45,1,1,1,1
1840,220000000,661,337,280,65,1,1,1,1
1840,210000000,820,378,55,45,1,1,1,1
1841,380000000,-2,348,180,115,1,1,1,1
1841,290000000,273,345,90,60,1,1,1,1
1841,340000000,469,337,60,45,1,1,1,1
1841,220000000,661,337,280,65,1,1,1,1
1841,210000000,820,378,55,45,1,1,1,1
1842,380000000,-2,348,180,115,1,1,1,1
1842,290000000,273,345,90,60,1,1,1,1
1842,340000000,469,337,60,45,1,1,1,1
1842,220000000,661,337,280,65,1,1,1,1
1842,210000000,820,378,55,45,1,1,1,1
1843,380000000,-2,348,180,115,1,1,1,1
1843,290000000,273,345,90,60,1,1,1,1
1843,340000000,469,337,60,45,1,1,1,1
1843,220000000,661,337,280,65,1,1,1,1
1843,210000000,820,378,55,45,1,1,1,1
1844,380000000,-2,348,180,115,1,1,1,1
1844,290000000,273,345,90,60,1,1,1,1
1844,340000000,469,337,60,45,1,1,1,1
1844,220000000,661,337,280,65,1,1,1,1
1844,210000000,820,378,55,45,1,1,1,1
1845,380000000,-2,348,180,115,1,1,1,1
1845,290000000,273,345,90,60,1,1,1,1
1845,340000000,469,337,60,45,1,1,1,1
1845,220000000,661,337,280,65,1,1,1,1
1845,210000000,820,378,55,45,1,1,1,1
1846,380000000,-2,348,180,115,1,1,1,1
1846,290000000,273,345,90,60,1,1,1,1
1846,340000000,469,337,60,45,1,1,1,1
1846,220000000,661,337,280,65,1,1,1,1
1846,210000000,820,378,55,45,1,1,1,1
1847,380000000,-3,348,180,115,1,1,1,1
1847,290000000,273,345,90,60,1,1,1,1
1847,340000000,469,337,60,45,1,1,1,1
1847,220000000,661,337,280,65,1,1,1,1
1847,210000000,820,378,55,45,1,1,1,1
1848,380000000,-3,348,180,115,1,1,1,1
1848,290000000,273,345,90,60,1,1,1,1
1848,340000000,469,337,60,45,1,1,1,1
1848,220000000,661,337,280,65,1,1,1,1
1848,210000000,820,378,55,45,1,1,1,1
1849,380000000,-3,348,180,115,1,1,1,1
1849,290000000,273,345,90,60,1,1,1,1
1849,340000000,469,337,60,45,1,1,1,1
1849,220000000,661,337,280,65,1,1,1,1
1849,210000000,820,378,55,45,1,1,1,1
1850,380000000,-3,348,180,115,1,1,1,1
1850,290000000,273,345,90,60,1,1,1,1
1850,340000000,469,337,60,45,1,1,1,1
1850,220000000,661,337,280,65,1,1,1,1
1850,210000000,820,378,55,45,1,1,1,1
1851,380000000,-3,348,180,115,1,1,1,1
1851,290000000,273,345,90,60,1,1,1,1
1851,340000000,469,337,60,45,1,1,1,1
1851,220000000,661,337,280,65,1,1,1,1
1851,210000000,820,378,55,45,1,1,1,1
1852,380000000,-3,348,180,115,1,1,1,1
1852,290000000,273,345,90,60,1,1,1,1
1852,340000000,469,337,60,45,1,1,1,1
1852,220000000,661,337,280,65,1,1,1,1
1852,210000000,820,378,55,45,1,1,1,1
1853,380000000,-3,348,180,115,1,1,1,1
1853,290000000,273,345,90,60,1,1,1,1
1853,340000000,469,337,60,45,1,1,1,1
1853,220000000,661,337,280,65,1,1,1,1
1853,210000000,819,378,55,45,1,1,1,1
1854,380000000,-3,348,180,115,1,1,1,1
1854,290000000,273,345,90,60,1,1,1,1
1854,340000000,469,337,60,45,1,1,1,1
1854,220000000,661,337,280,65,1,1,1,1
1854,210000000,819,378,55,45,1,1,1,1
1855,380000000,-3,348,180,115,1,1,1,1
1855,290000000,273,345,90,60,1,1,1,1
1855,340000000,469,337,60,45,1,1,1,1
1855,220000000,661,337,280,65,1,1,1,1
1855,210000000,819,378,55,45,1,1,1,1
1856,380000000,-3,348,180,115,1,1,1,1
1856,290000000,273,345,90,60,1,1,1,1
1856,340000000,469,337,60,45,1,1,1,1
1856,220000000,661,337,280,65,1,1,1,1
1856,210000000,819,378,55,45,1,1,1,1
1857,380000000,-3,348,180,115,1,1,1,1
1857,290000000,273,345,90,60,1,1,1,1
1857,340000000,469,337,60,45,1,1,1,1
1857,220000000,661,337,280,65,1,1,1,1
1857,210000000,819,378,55,45,1,1,1,1
1858,380000000,-3,348,180,115,1,1,1,1
1858,290000000,273,345,90,60,1,1,1,1
1858,340000000,469,337,60,45,1,1,1,1
1858,220000000,661,337,280,65,1,1,1,1
1858,210000000,819,378,55,45,1,1,1,1
1859,380000000,-3,348,180,115,1,1,1,1
1859,290000000,273,345,90,60,1,1,1,1
1859,340000000,469,337,60,45,1,1,1,1
1859,220000000,661,337,280,65,1,1,1,1
1859,210000000,819,378,55,45,1,1,1,1
1860,380000000,-3,348,180,115,1,1,1,1
1860,290000000,273,345,90,60,1,1,1,1
1860,340000000,469,337,60,45,1,1,1,1
1860,220000000,661,337,280,65,1,1,1,1
1860,210000000,819,378,55,45,1,1,1,1
1861,380000000,-3,348,180,115,1,1,1,1
1861,290000000,273,345,90,60,1,1,1,1
1861,340000000,469,337,60,45,1,1,1,1
1861,220000000,661,337,280,65,1,1,1,1
1861,210000000,819,378,55,45,1,1,1,1
1862,380000000,-4,348,180,115,1,1,1,1
1862,290000000,273,345,90,60,1,1,1,1
1862,340000000,469,337,60,45,1,1,1,1
1862,220000000,661,337,280,65,1,1,1,1
1862,210000000,819,378,55,45,1,1,1,1
1863,380000000,-4,348,180,115,1,1,1,1
1863,290000000,272,345,90,60,1,1,1,1
1863,340000000,468,337,60,45,1,1,1,1
1863,220000000,661,337,280,65,1,1,1,1
1863,210000000,819,378,55,45,1,1,1,1
1864,380000000,-4,348,180,115,1,1,1,1
1864,290000000,272,345,90,60,1,1,1,1
1864,340000000,468,337,60,45,1,1,1,1
1864,220000000,661,337,280,65,1,1,1,1
1864,210000000,819,378,55,45,1,1,1,1
1865,380000000,-4,348,180,115,1,1,1,1
1865,290000000,272,345,90,60,1,1,1,1
1865,340000000,468,337,60,45,1,1,1,1
1865,220000000,661,337,280,65,1,1,1,1
1865,210000000,819,378,55,45,1,1,1,1
1866,380000000,-4,348,180,115,1,1,1,1
1866,290000000,272,345,90,60,1,1,1,1
1866,340000000,468,337,60,45,1,1,1,1
1866,220000000,661,337,280,65,1,1,1,1
1866,210000000,819,378,55,45,1,1,1,1
1867,380000000,-4,348,180,115,1,1,1,1
1867,290000000,272,345,90,60,1,1,1,1
1867,340000000,468,337,60,45,1,1,1,1
1867,220000000,661,337,280,65,1,1,1,1
1867,210000000,819,378,55,45,1,1,1,1
1868,380000000,-4,348,180,115,1,1,1,1
1868,290000000,272,345,90,60,1,1,1,1
1868,340000000,468,337,60,45,1,1,1,1
1868,220000000,661,337,280,65,1,1,1,1
1868,210000000,819,378,55,45,1,1,1,1
1869,380000000,-4,348,180,115,1,1,1,1
1869,290000000,272,345,90,60,1,1,1,1
1869,340000000,468,337,60,45,1,1,1,1
1869,220000000,661,337,280,65,1,1,1,1
1869,210000000,819,378,55,45,1,1,1,1
1870,380000000,-4,348,180,115,1,1,1,1
1870,290000000,272,345,90,60,1,1,1,1
1870,340000000,468,337,60,45,1,1,1,1
1870,220000000,661,337,280,65,1,1,1,1
1870,210000000,819,378,55,45,1,1,1,1
1871,380000000,-4,348,180,115,1,1,1,1
1871,290000000,272,345,90,60,1,1,1,1
1871,340000000,468,337,60,45,1,1,1,1
1871,220000000,661,337,280,65,1,1,1,1
1871,210000000,819,378,55,45,1,1,1,1
1872,380000000,-4,348,180,115,1,1,1,1
1872,290000000,272,345,90,60,1,1,1,1
1872,340000000,468,337,60,45,1,1,1,1
1872,220000000,661,337,280,65,1,1,1,1
1872,210000000,819,378,55,45,1,1,1,1
1873,380000000,-4,348,180,115,1,1,1,1
1873,290000000,272,345,90,60,1,1,1,1
1873,340000000,468,337,60,45,1,1,1,1
1873,220000000,661,337,280,65,1,1,1,1
1873,210000000,818,378,55,45,1,1,1,1
1874,380000000,-4,348,180,115,1,1,1,1
1874,290000000,272,345,90,60,1,1,1,1
1874,340000000,468,337,60,45,1,1,1,1
1874,220000000,661,337,280,65,1,1,1,1
1874,210000000,818,378,55,45,1,1,1,1
1875,380000000,-4,348,180,115,1,1,1,1
1875,290000000,272,345,90,60,1,1,1,1
1875,340000000,468,337,60,45,1,1,1,1
1875,220000000,661,337,280,65,1,1,1,1
1875,210000000,818,378,55,45,1,1,1,1
1876,380000000,-4,348,180,115,1,1,1,1
1876,290000000,272,345,90,60,1,1,1,1
1876,340000000,468,337,60,45,1,1,1,1
1876,220000000,661,337,280,65,1,1,1,1
1876,210000000,818,378,55,45,1,1,1,1
1877,380000000,-5,348,180,115,1,1,1,1
1877,290000000,272,345,90,60,1,1,1,1
1877,340000000,468,337,60,45,1,1,1,1
1877,220000000,661,337,280,65,1,1,1,1
1877,210000000,818,378,55,45,1,1,1,1
1878,380000000,-5,348,180,115,1,1,1,1
1878,290000000,272,345,90,60,1,1,1,1
1878,340000000,468,337,60,45,1,1,1,1
1878,220000000,661,337,280,65,1,1,1,1
1878,210000000,818,378,55,45,1,1,1,1
1879,380000000,-5,348,180,115,1,1,1,1
1879,290000000,272,345,90,60,1,1,1,1
1879,340000000,468,337,60,45,1,1,1,1
1879,220000000,661,337,280,65,1,1,1,1
1879,210000000,818,378,55,45,1,1,1,1
1880,380000000,-5,348,180,115,1,1,1,1
1880,290000000,272,345,90,60,1,1,1,1
1880,340000000,468,337,60,45,1,1,1,1
1880,220000000,661,337,280,65,1,1,1,1
1880,210000000,818,378,55,45,1,1,1,1
1881,380000000,-5,348,180,115,1,1,1,1
1881,290000000,272,345,90,60,1,1,1,1
1881,340000000,468,337,60,45,1,1,1,1
1881,220000000,661,337,280,65,1,1,1,1
1881,210000000,818,378,55,45,1,1,1,1
1882,380000000,-5,348,180,115,1,1,1,1
1882,290000000,272,345,90,60,1,1,1,1
1882,340000000,468,337,60,45,1,1,1,1
1882,220000000,661,337,280,65,1,1,1,1
1882,210000000,818,378,55,45,1,1,1,1
1883,380000000,-5,348,180,115,1,1,1,1
1883,290000000,272,345,90,60,1,1,1,1
1883,340000000,468,337,60,45,1,1,1,1
1883,220000000,661,337,280,65,1,1,1,1
1883,210000000,818,378,55,45,1,1,1,1
1884,380000000,-5,348,180,115,1,1,1,1
1884,290000000,272,345,90,60,1,1,1,1
1884,340000000,468,337,60,45,1,1,1,1
1884,220000000,661,337,280,65,1,1,1,1
1884,210000000,818,378,55,45,1,1,1,1
1885,380000000,-5,348,180,115,1,1,1,1
1885,290000000,272,345,90,60,1,1,1,1
1885,340000000,468,337,60,45,1,1,1,1
1885,220000000,661,337,280,65,1,1,1,1
1885,210000000,818,378,55,45,1,1,1,1
1886,380000000,-5,348,180,115,1,1,1,1
1886,290000000,272,345,90,60,1,1,1,1
1886,340000000,468,337,60,45,1,1,1,1
1886,220000000,661,337,280,65,1,1,1,1
1886,210000000,818,378,55,45,1,1,1,1
1887,380000000,-5,348,180,115,1,1,1,1
1887,290000000,272,345,90,60,1,1,1,1
1887,340000000,468,337,60,45,1,1,1,1
1887,220000000,661,337,280,65,1,1,1,1
1887,210000000,818,378,55,45,1,1,1,1
1888,380000000,-5,348,180,115,1,1,1,1
1888,290000000,272,345,90,60,1,1,1,1
1888,340000000,468,337,60,45,1,1,1,1
1888,220000000,661,337,280,65,1,1,1,1
1888,210000000,818,378,55,45,1,1,1,1
1889,380000000,-5,348,180,115,1,1,1,1
1889,290000000,272,345,90,60,1,1,1,1
1889,340000000,468,337,60,45,1,1,1,1
1889,220000000,661,337,280,65,1,1,1,1
1889,210000000,818,378,55,45,1,1,1,1
1890,380000000,-5,348,180,115,1,1,1,1
1890,290000000,272,345,90,60,1,1,1,1
1890,340000000,468,337,60,45,1,1,1,1
1890,220000000,661,337,280,65,1,1,1,1
1890,210000000,818,378,55,45,1,1,1,1
1891,380000000,-5,348,180,115,1,1,1,1
1891,290000000,272,345,90,60,1,1,1,1
1891,340000000,468,337,60,45,1,1,1,1
1891,220000000,661,337,280,65,1,1,1,1
1891,210000000,818,378,55,45,1,1,1,1
1892,380000000,-6,349,180,115,1,1,1,1
1892,290000000,272,345,90,60,1,1,1,1
1892,340000000,468,337,60,45,1,1,1,1
1892,220000000,661,337,280,65,1,1,1,1
1892,210000000,818,379,55,45,1,1,1,1
1893,380000000,-6,349,180,115,1,1,1,1
1893,290000000,271,345,90,60,1,1,1,1
1893,340000000,468,337,60,45,1,1,1,1
1893,220000000,661,337,280,65,1,1,1,1
1893,210000000,817,379,55,45,1,1,1,1
1894,380000000,-6,349,180,115,1,1,1,1
1894,290000000,271,345,90,60,1,1,1,1
1894,340000000,468,337,60,45,1,1,1,1
1894,220000000,661,337,280,65,1,1,1,1
1894,210000000,817,379,55,45,1,1,1,1
1895,380000000,-6,349,180,115,1,1,1,1
1895,290000000,271,345,90,60,1,1,1,1
1895,340000000,468,337,60,45,1,1,1,1
1895,220000000,661,337,280,65,1,1,1,1
1895,210000000,817,379,55,45,1,1,1,1
1896,380000000,-6,349,180,115,1,1,1,1
1896,290000000,271,345,90,60,1,1,1,1
1896,340000000,468,337,60,45,1,1,1,1
1896,220000000,661,337,280,65,1,1,1,1
1896,210000000,817,379,55,45,1,1,1,1
1897,380000000,-6,349,180,115,1,1,1,1
1897,290000000,271,345,90,60,1,1,1,1
1897,340000000,468,337,60,45,1,1,1,1
1897,220000000,661,337,280,65,1,1,1,1
1897,210000000,817,379,55,45,1,1,1,1
1898,380000000,-6,349,180,115,1,1,1,1
1898,290000000,271,345,90,60,1,1,1,1
1898,340000000,468,337,60,45,1,1,1,1
1898,220000000,661,337,280,65,1,1,1,1
1898,210000000,817,379,55,45,1,1,1,1
1899,380000000,-6,349,180,115,1,1,1,1
1899,290000000,271,345,90,60,1,1,1,1
1899,340000000,468,337,60,45,1,1,1,1
1899,220000000,661,337,280,65,1,1,1,1
1899,210000000,817,379,55,45,1,1,1,1
1900,380000000,-6,349,180,115,1,1,1,1
1900,290000000,271,345,90,60,1,1,1,1
1900,340000000,468,337,60,45,1,1,1,1
1900,220000000,661,337,280,65,1,1,1,1
1900,210000000,817,379,55,45,1,1,1,1
1901,380000000,-6,349,180,115,1,1,1,1
1901,290000000,271,345,90,60,1,1,1,1
1901,340000000,468,337,60,45,1,1,1,1
1901,220000000,661,337,280,65,1,1,1,1
1901,210000000,817,379,55,45,1,1,1,1
1902,380000000,-6,349,180,115,1,1,1,1
1902,290000000,271,345,90,60,1,1,1,1
1902,340000000,468,337,60,45,1,1,1,1
1902,220000000,661,337,280,65,1,1,1,1
1902,210000000,817,379,55,45,1,1,1,1
1903,380000000,-6,349,180,115,1,1,1,1
1903,290000000,271,345,90,60,1,1,1,1
1903,340000000,468,337,60,45,1,1,1,1
1903,220000000,660,337,280,65,1,1,1,1
1903,210000000,817,379,55,45,1,1,1,1
1904,380000000,-6,349,180,115,1,1,1,1
1904,290000000,271,345,90,60,1,1,1,1
1904,340000000,468,337,60,45,1,1,1,1
1904,220000000,660,337,280,65,1,1,1,1
1904,210000000,817,379,55,45,1,1,1,1
1905,380000000,-6,349,180,115,1,1,1,1
1905,290000000,271,345,90,60,1,1,1,1
1905,340000000,468,337,60,45,1,1,1,1
1905,220000000,660,337,280,65,1,1,1,1
1905,210000000,817,379,55,45,1,1,1,1
1906,380000000,-6,349,180,115,1,1,1,1
1906,290000000,271,345,90,60,1,1,1,1
1906,340000000,468,337,60,45,1,1,1,1
1906,220000000,660,337,280,65,1,1,1,1
1906,210000000,817,379,55,45,1,1,1,1
1907,380000000,-7,349,180,115,1,1,1,1
1907,290000000,271,345,90,60,1,1,1,1
1907,340000000,468,337,60,45,1,1,1,1
1907,220000000,660,337,280,65,1,1,1,1
1907,210000000,817,379,55,45,1,1,1,1
1908,380000000,-7,349,180,115,1,1,1,1
1908,290000000,271,345,90,60,1,1,1,1
1908,340000000,468,337,60,45,1,1,1,1
1908,220000000,660,337,280,65,1,1,1,1
1908,210000000,817,379,55,45,1,1,1,1
1909,380000000,-7,349,180,115,1,1,1,1
1909,290000000,271,345,90,60,1,1,1,1
1909,340000000,468,337,60,45,1,1,1,1
1909,220000000,660,337,280,65,1,1,1,1
1909,210000000,817,379,55,45,1,1,1,1
1910,380000000,-7,349,180,115,1,1,1,1
1910,290000000,271,345,90,60,1,1,1,1
1910,340000000,468,337,60,45,1,1,1,1
1910,220000000,660,337,280,65,1,1,1,1
1910,210000000,817,379,55,45,1,1,1,1
1911,380000000,-7,349,180,115,1,1,1,1
1911,290000000,271,345,90,60,1,1,1,1
1911,340000000,468,337,60,45,1,1,1,1
1911,220000000,660,337,280,65,1,1,1,1
1911,210000000,817,379,55,45,1,1,1,1
1912,380000000,-7,349,180,115,1,1,1,1
1912,290000000,271,345,90,60,1,1,1,1
1912,340000000,468,337,60,45,1,1,1,1
1912,220000000,660,337,280,65,1,1,1,1
1912,210000000,817,379,55,45,1,1,1,1
1913,380000000,-7,349,180,115,1,1,1,1
1913,290000000,271,345,90,60,1,1,1,1
1913,340000000,468,337,60,45,1,1,1,1
1913,220000000,660,337,280,65,1,1,1,1
1913,210000000,816,379,55,45,1,1,1,1
1914,380000000,-7,349,180,115,1,1,1,1
1914,290000000,271,345,90,60,1,1,1,1
1914,340000000,468,337,60,45,1,1,1,1
1914,220000000,660,337,280,65,1,1,1,1
1914,210000000,816,379,55,45,1,1,1,1
1915,380000000,-7,349,180,115,1,1,1,1
1915,290000000,271,345,90,60,1,1,1,1
1915,340000000,468,337,60,45,1,1,1,1
1915,220000000,660,337,280,65,1,1,1,1
1915,210000000,816,379,55,45,1,1,1,1
1916,380000000,-7,349,180,115,1,1,1,1
1916,290000000,271,345,90,60,1,1,1,1
1916,340000000,468,337,60,45,1,1,1,1
1916,220000000,660,337,280,65,1,1,1,1
1916,210000000,816,379,55,45,1,1,1,1
1917,380000000,-7,349,180,115,1,1,1,1
1917,290000000,271,345,90,60,1,1,1,1
1917,340000000,468,337,60,45,1,1,1,1
1917,220000000,660,337,280,65,1,1,1,1
1917,210000000,816,379,55,45,1,1,1,1
1918,380000000,-7,349,180,115,1,1,1,1
1918,290000000,271,345,90,60,1,1,1,1
1918,340000000,468,337,60,45,1,1,1,1
1918,220000000,660,337,280,65,1,1,1,1
1918,210000000,816,379,55,45,1,1,1,1
1919,380000000,-7,349,180,115,1,1,1,1
1919,290000000,271,345,90,60,1,1,1,1
1919,340000000,468,337,60,45,1,1,1,1
1919,220000000,660,337,280,65,1,1,1,1
1919,210000000,816,379,55,45,1,1,1,1
1920,380000000,-7,349,180,115,1,1,1,1
1920,290000000,271,345,90,60,1,1,1,1
1920,340000000,468,337,60,45,1,1,1,1
1920,220000000,660,337,280,65,1,1,1,1
1920,210000000,816,379,55,45,1,1,1,1
1921,380000000,-7,349,180,115,1,1,1,1
1921,290000000,271,345,90,60,1,1,1,1
1921,340000000,468,337,60,45,1,1,1,1
1921,220000000,660,337,280,65,1,1,1,1
1921,210000000,816,379,55,45,1,1,1,1
1922,380000000,-8,349,180,115,1,1,1,1
1922,290000000,271,345,90,60,1,1,1,1
1922,340000000,468,337,60,45,1,1,1,1
1922,220000000,660,337,280,65,1,1,1,1
1922,210000000,816,379,55,45,1,1,1,1
1923,380000000,-8,349,180,115,1,1,1,1
1923,290000000,270,345,90,60,1,1,1,1
1923,340000000,467,337,60,45,1,1,1,1
1923,220000000,660,337,280,65,1,1,1,1
1923,210000000,816,379,55,45,1,1,1,1
1924,380000000,-8,349,180,115,1,1,1,1
1924,290000000,270,345,90,60,1,1,1,1
1924,340000000,467,337,60,45,1,1,1,1
1924,220000000,660,337,280,65,1,1,1,1
1924,210000000,816,379,55,45,1,1,1,1
1925,380000000,-8,349,180,115,1,1,1,1
1925,290000000,270,345,90,60,1,1,1,1
1925,340000000,467,337,60,45,1,1,1,1
1925,220000000,660,337,280,65,1,1,1,1
1925,210000000,816,379,55,45,1,1,1,1
1926,380000000,-8,349,180,115,1,1,1,1
1926,290000000,270,345,90,60,1,1,1,1
1926,340000000,467,337,60,45,1,1,1,1
1926,220000000,660,337,280,65,1,1,1,1
1926,210000000,816,379,55,45,1,1,1,1
1927,380000000,-8,349,180,115,1,1,1,1
1927,290000000,270,345,90,60,1,1,1,1
1927,340000000,467,337,60,45,1,1,1,1
1927,220000000,660,337,280,65,1,1,1,1
1927,210000000,816,379,55,45,1,1,1,1
1928,380000000,-8,349,180,115,1,1,1,1
1928,290000000,270,345,90,60,1,1,1,1
1928,340000000,467,337,60,45,1,1,1,1
1928,220000000,660,337,280,65,1,1,1,1
1928,210000000,816,379,55,45,1,1,1,1
1929,380000000,-8,349,180,115,1,1,1,1
1929,290000000,270,345,90,60,1,1,1,1
1929,340000000,467,337,60,45,1,1,1,1
1929,220000000,660,337,280,65,1,1,1,1
1929,210000000,816,379,55,45,1,1,1,1
1930,380000000,-8,349,180,115,1,1,1,1
1930,290000000,270,345,90,60,1,1,1,1
1930,340000000,467,337,60,45,1,1,1,1
1930,220000000,660,337,280,65,1,1,1,1
1930,210000000,816,379,55,45,1,1,1,1
1931,380000000,-8,349,180,115,1,1,1,1
1931,290000000,270,345,90,60,1,1,1,1
1931,340000000,467,337,60,45,1,1,1,1
1931,220000000,660,337,280,65,1,1,1,1
1931,210000000,816,379,55,45,1,1,1,1
1932,380000000,-8,349,180,115,1,1,1,1
1932,290000000,270,345,90,60,1,1,1,1
1932,340000000,467,337,60,45,1,1,1,1
1932,220000000,660,337,280,65,1,1,1,1
1932,210000000,816,379,55,45,1,1,1,1
1933,380000000,-8,349,180,115,1,1,1,1
1933,290000000,270,345,90,60,1,1,1,1
1933,340000000,467,337,60,45,1,1,1,1
1933,220000000,660,337,280,65,1,1,1,1
1933,210000000,815,379,55,45,1,1,1,1
1934,380000000,-8,349,180,115,1,1,1,1
1934,290000000,270,345,90,60,1,1,1,1
1934,340000000,467,337,60,45,1,1,1,1
1934,220000000,660,337,280,65,1,1,1,1
1934,210000000,815,379,55,45,1,1,1,1
1935,380000000,-8,349,180,115,1,1,1,1
1935,290000000,270,345,90,60,1,1,1,1
1935,340000000,467,337,60,45,1,1,1,1
1935,220000000,660,337,280,65,1,1,1,1
1935,210000000,815,379,55,45,1,1,1,1
1936,380000000,-8,349,180,115,1,1,1,1
1936,290000000,270,345,90,60,1,1,1,1
1936,340000000,467,337,60,45,1,1,1,1
1936,220000000,660,337,280,65,1,1,1,1
1936,210000000,815,379,55,45,1,1,1,1
1937,380000000,-9,349,180,115,1,1,1,1
1937,290000000,270,345,90,60,1,1,1,1
1937,340000000,467,337,60,45,1,1,1,1
1937,220000000,660,337,280,65,1,1,1,1
1937,210000000,815,379,55,45,1,1,1,1
1938,380000000,-9,349,180,115,1,1,1,1
1938,290000000,270,345,90,60,1,1,1,1
1938,340000000,467,337,60,45,1,1,1,1
1938,220000000,660,337,280,65,1,1,1,1
1938,210000000,815,379,55,45,1,1,1,1
1939,380000000,-9,349,180,115,1,1,1,1
1939,290000000,270,345,90,60,1,1,1,1
1939,340000000,467,337,60,45,1,1,1,1
1939,220000000,660,337,280,65,1,1,1,1
1939,210000000,815,379,55,45,1,1,1,1
1940,380000000,-9,349,180,115,1,1,1,1
1940,290000000,270,345,90,60,1,1,1,1
1940,340000000,467,337,60,45,1,1,1,1
1940,220000000,660,337,280,65,1,1,1,1
1940,210000000,815,379,55,45,1,1,1,1
1941,380000000,-9,349,180,115,1,1,1,1
1941,290000000,270,345,90,60,1,1,1,1
1941,340000000,467,337,60,45,1,1,1,1
1941,220000000,660,337,280,65,1,1,1,1
1941,210000000,815,379,55,45,1,1,1,1
1942,380000000,-9,349,180,115,1,1,1,1
1942,290000000,270,345,90,60,1,1,1,1
1942,340000000,467,337,60,45,1,1,1,1
1942,220000000,660,337,280,65,1,1,1,1
1942,210000000,815,379,55,45,1,1,1,1
1943,380000000,-9,349,180,115,1,1,1,1
1943,290000000,270,345,90,60,1,1,1,1
1943,340000000,467,337,60,45,1,1,1,1
1943,220000000,660,337,280,65,1,1,1,1
1943,210000000,815,379,55,45,1,1,1,1
1944,380000000,-9,349,180,115,1,1,1,1
1944,290000000,270,345,90,60,1,1,1,1
1944,340000000,467,337,60,45,1,1,1,1
1944,220000000,660,337,280,65,1,1,1,1
1944,210000000,815,379,55,45,1,1,1,1
1945,380000000,-9,349,180,115,1,1,1,1
1945,290000000,270,345,90,60,1,1,1,1
1945,340000000,467,337,60,45,1,1,1,1
1945,220000000,660,337,280,65,1,1,1,1
1945,210000000,815,379,55,45,1,1,1,1
1946,380000000,-9,349,180,115,1,1,1,1
1946,290000000,270,345,90,60,1,1,1,1
1946,340000000,467,337,60,45,1,1,1,1
1946,220000000,660,337,280,65,1,1,1,1
1946,210000000,815,379,55,45,1,1,1,1
1947,380000000,-9,349,180,115,1,1,1,1
1947,290000000,270,345,90,60,1,1,1,1
1947,340000000,467,337,60,45,1,1,1,1
1947,220000000,660,337,280,65,1,1,1,1
1947,210000000,815,379,55,45,1,1,1,1
1948,380000000,-9,349,180,115,1,1,1,1
1948,290000000,270,345,90,60,1,1,1,1
1948,340000000,467,337,60,45,1,1,1,1
1948,220000000,660,337,280,65,1,1,1,1
1948,210000000,815,379,55,45,1,1,1,1
1949,380000000,-9,349,180,115,1,1,1,1
1949,290000000,270,345,90,60,1,1,1,1
1949,340000000,467,337,60,45,1,1,1,1
1949,220000000,660,337,280,65,1,1,1,1
1949,210000000,815,379,55,45,1,1,1,1
1950,380000000,-9,349,180,115,1,1,1,1
1950,290000000,270,345,90,60,1,1,1,1
1950,340000000,467,337,60,45,1,1,1,1
1950,220000000,660,337,280,65,1,1,1,1
1950,210000000,815,379,55,45,1,1,1,1
1951,380000000,-9,349,180,115,1,1,1,1
1951,290000000,270,345,90,60,1,1,1,1
1951,340000000,467,337,60,45,1,1,1,1
1951,220000000,660,337,280,65,1,1,1,1
1951,210000000,815,379,55,45,1,1,1,1
1952,380000000,-10,350,180,115,1,1,1,1
1952,290000000,270,345,90,60,1,1,1,1
1952,340000000,467,337,60,45,1,1,1,1
1952,220000000,660,337,280,65,1,1,1,1
1952,210000000,815,380,55,45,1,1,1,1
1953,380000000,-10,350,180,115,1,1,1,1
1953,290000000,269,345,90,60,1,1,1,1
1953,340000000,467,337,60,45,1,1,1,1
1953,220000000,660,337,280,65,1,1,1,1
1953,210000000,814,380,55,45,1,1,1,1
1954,380000000,-10,350,180,115,1,1,1,1
1954,290000000,269,345,90,60,1,1,1,1
1954,340000000,467,337,60,45,1,1,1,1
1954,220000000,660,337,280,65,1,1,1,1
1954,210000000,814,380,55,45,1,1,1,1
1955,380000000,-10,350,180,115,1,1,1,1
1955,290000000,269,345,90,60,1,1,1,1
1955,340000000,467,337,60,45,1,1,1,1
1955,220000000,660,337,280,65,1,1,1,1
1955,210000000,814,380,55,45,1,1,1,1
1956,380000000,-10,350,180,115,1,1,1,1
1956,290000000,269,345,90,60,1,1,1,1
1956,340000000,467,337,60,45,1,1,1,1
1956,220000000,660,337,280,65,1,1,1,1
1956,210000000,814,380,55,45,1,1,1,1
1957,380000000,-10,350,180,115,1,1,1,1
1957,290000000,269,345,90,60,1,1,1,1
1957,340000000,467,337,60,45,1,1,1,1
1957,220000000,660,337,280,65,1,1,1,1
1957,210000000,814,380,55,45,1,1,1,1
1958,380000000,-10,350,180,115,1,1,1,1
1958,290000000,269,345,90,60,1,1,1,1
1958,340000000,467,337,60,45,1,1,1,1
1958,220000000,660,337,280,65,1,1,1,1
1958,210000000,814,380,55,45,1,1,1,1
1959,380000000,-10,350,180,115,1,1,1,1
1959,290000000,269,345,90,60,1,1,1,1
1959,340000000,467,337,60,45,1,1,1,1
1959,220000000,660,337,280,65,1,1,1,1
1959,210000000,814,380,55,45,1,1,1,1
1960,380000000,-10,350,180,115,1,1,1,1
1960,290000000,269,345,90,60,1,1,1,1
1960,340000000,467,337,60,45,1,1,1,1
1960,220000000,660,337,280,65,1,1,1,1
1960,210000000,814,380,55,45,1,1,1,1
1961,380000000,-10,350,180,115,1,1,1,1
1961,290000000,269,345,90,60,1,1,1,1
1961,340000000,467,337,60,45,1,1,1,1
1961,220000000,660,337,280,65,1,1,1,1
1961,210000000,814,380,55,45,1,1,1,1
1962,380000000,-10,350,180,115,1,1,1,1
1962,290000000,269,345,90,60,1,1,1,1
1962,340000000,467,337,60,45,1,1,1,1
1962,220000000,660,337,280,65,1,1,1,1
1962,210000000,814,380,55,45,1,1,1,1
1963,380000000,-10,350,180,115,1,1,1,1
1963,290000000,269,345,90,60,1,1,1,1
1963,340000000,467,337,60,45,1,1,1,1
1963,220000000,660,337,280,65,1,1,1,1
1963,210000000,814,380,55,45,1,1,1,1
1964,380000000,-10,350,180,115,1,1,1,1
1964,290000000,269,345,90,60,1,1,1,1
1964,340000000,467,337,60,45,1,1,1,1
1964,220000000,660,337,280,65,1,1,1,1
1964,210000000,814,380,55,45,1,1,1,1
1965,380000000,-10,350,180,115,1,1,1,1
1965,290000000,269,345,90,60,1,1,1,1
1965,340000000,467,337,60,45,1,1,1,1
1965,220000000,660,337,280,65,1,1,1,1
1965,210000000,814,380,55,45,1,1,1,1
1966,380000000,-10,350,180,115,1,1,1,1
1966,290000000,269,345,90,60,1,1,1,1
1966,340000000,467,337,60,45,1,1,1,1
1966,220000000,660,337,280,65,1,1,1,1
1966,210000000,814,380,55,45,1,1,1,1
1967,380000000,-11,350,180,115,1,1,1,1
1967,290000000,269,345,90,60,1,1,1,1
1967,340000000,467,337,60,45,1,1,1,1
1967,220000000,660,337,280,65,1,1,1,1
1967,210000000,814,380,55,45,1,1,1,1
1968,380000000,-11,350,180,115,1,1,1,1
1968,290000000,269,345,90,60,1,1,1,1
1968,340000000,467,337,60,45,1,1,1,1
1968,220000000,660,337,280,65,1,1,1,1
1968,210000000,814,380,55,45,1,1,1,1
1969,380000000,-11,350,180,115,1,1,1,1
1969,290000000,269,345,90,60,1,1,1,1
1969,340000000,467,337,60,45,1,1,1,1
1969,220000000,660,337,280,65,1,1,1,1
1969,210000000,814,380,55,45,1,1,1,1
1970,380000000,-11,350,180,115,1,1,1,1
1970,290000000,269,345,90,60,1,1,1,1
1970,340000000,467,337,60,45,1,1,1,1
1970,220000000,660,337,280,65,1,1,1,1
1970,210000000,814,380,55,45,1,1,1,1
1971,380000000,-11,350,180,115,1,1,1,1
1971,290000000,269,345,90,60,1,1,1,1
1971,340000000,467,337,60,45,1,1,1,1
1971,220000000,660,337,280,65,1,1,1,1
1971,210000000,814,380,55,45,1,1,1,1
1972,380000000,-11,350,180,115,1,1,1,1
1972,290000000,269,345,90,60,1,1,1,1
1972,340000000,467,337,60,45,1,1,1,1
1972,220000000,660,337,280,65,1,1,1,1
1972,210000000,814,380,55,45,1,1,1,1
1973,380000000,-11,350,180,115,1,1,1,1
1973,290000000,269,345,90,60,1,1,1,1
1973,340000000,467,337,60,45,1,1,1,1
1973,220000000,660,337,280,65,1,1,1,1
1973,210000000,813,380,55,45,1,1,1,1
1974,380000000,-11,350,180,115,1,1,1,1
1974,290000000,269,345,90,60,1,1,1,1
1974,340000000,467,337,60,45,1,1,1,1
1974,220000000,660,337,280,65,1,1,1,1
1974,210000000,813,380,55,45,1,1,1,1
1975,380000000,-11,350,180,115,1,1,1,1
1975,290000000,269,345,90,60,1,1,1,1
1975,340000000,467,337,60,45,1,1,1,1
1975,220000000,660,337,280,65,1,1,1,1
1975,210000000,813,380,55,45,1,1,1,1
1976,380000000,-11,350,180,115,1,1,1,1
1976,290000000,269,345,90,60,1,1,1,1
1976,340000000,467,337,60,45,1,1,1,1
1976,220000000,660,337,280,65,1,1,1,1
1976,210000000,813,380,55,45,1,1,1,1
1977,380000000,-11,350,180,115,1,1,1,1
1977,290000000,269,345,90,60,1,1,1,1
1977,340000000,467,337,60,45,1,1,1,1
1977,220000000,660,337,280,65,1,1,1,1
1977,210000000,813,380,55,45,1,1,1,1
1978,380000000,-11,350,180,115,1,1,1,1
1978,290000000,269,345,90,60,1,1,1,1
1978,340000000,467,337,60,45,1,1,1,1
1978,220000000,660,337,280,65,1,1,1,1
1978,210000000,813,380,55,45,1,1,1,1
1979,380000000,-11,350,180,115,1,1,1,1
1979,290000000,269,345,90,60,1,1,1,1
1979,340000000,467,337,60,45,1,1,1,1
1979,220000000,660,337,280,65,1,1,1,1
1979,210000000,813,380,55,45,1,1,1,1
1980,380000000,-11,350,180,115,1,1,1,1
1980,290000000,269,345,90,60,1,1,1,1
1980,340000000,467,337,60,45,1,1,1,1
1980,220000000,660,337,280,65,1,1,1,1
1980,210000000,813,380,55,45,1,1,1,1
1981,380000000,-11,350,180,115,1,1,1,1
1981,290000000,269,345,90,60,1,1,1,1
1981,340000000,467,337,60,45,1,1,1,1
1981,220000000,660,337,280,65,1,1,1,1
1981,210000000,813,380,55,45,1,1,1,1
1982,380000000,-12,350,180,115,1,1,1,1
1982,290000000,269,345,90,60,1,1,1,1
1982,340000000,467,337,60,45,1,1,1,1
1982,220000000,660,337,280,65,1,1,1,1
1982,210000000,813,380,55,45,1,1,1,1
1983,380000000,-12,350,180,115,1,1,1,1
1983,290000000,268,345,90,60,1,1,1,1
1983,340000000,466,337,60,45,1,1,1,1
1983,220000000,660,337,280,65,1,1,1,1
1983,210000000,813,380,55,45,1,1,1,1
1984,380000000,-12,350,180,115,1,1,1,1
1984,290000000,268,345,90,60,1,1,1,1
1984,340000000,466,337,60,45,1,1,1,1
1984,220000000,660,337,280,65,1,1,1,1
1984,210000000,813,380,55,45,1,1,1,1
1985,380000000,-12,350,180,115,1,1,1,1
1985,290000000,268,345,90,60,1,1,1,1
1985,340000000,466,337,60,45,1,1,1,1
1985,220000000,660,337,280,65,1,1,1,1
1985,210000000,813,380,55,45,1,1,1,1
1986,380000000,-12,350,180,115,1,1,1,1
1986,290000000,268,345,90,60,1,1,1,1
1986,340000000,466,337,60,45,1,1,1,1
1986,220000000,660,337,280,65,1,1,1,1
1986,210000000,813,380,55,45,1,1,1,1
1987,380000000,-12,350,180,115,1,1,1,1
1987,290000000,268,345,90,60,1,1,1,1
1987,340000000,466,337,60,45,1,1,1,1
1987,220000000,660,337,280,65,1,1,1,1
1987,210000000,813,380,55,45,1,1,1,1
1988,380000000,-12,350,180,115,1,1,1,1
1988,290000000,268,345,90,60,1,1,1,1
1988,340000000,466,337,60,45,1,1,1,1
1988,220000000,660,337,280,65,1,1,1,1
1988,210000000,813,380,55,45,1,1,1,1
1989,380000000,-12,350,180,115,1,1,1,1
1989,290000000,268,345,90,60,1,1,1,1
1989,340000000,466,337,60,45,1,1,1,1
1989,220000000,660,337,280,65,1,1,1,1
1989,210000000,813,380,55,45,1,1,1,1
1990,380000000,-12,350,180,115,1,1,1,1
1990,290000000,268,345,90,60,1,1,1,1
1990,340000000,466,337,60,45,1,1,1,1
1990,220000000,660,337,280,65,1,1,1,1
1990,210000000,813,380,55,45,1,1,1,1
1991,380000000,-12,350,180,115,1,1,1,1
1991,290000000,268,345,90,60,1,1,1,1
1991,340000000,466,337,60,45,1,1,1,1
1991,220000000,660,337,280,65,1,1,1,1
1991,210000000,813,380,55,45,1,1,1,1
1992,380000000,-12,350,180,115,1,1,1,1
1992,290000000,268,345,90,60,1,1,1,1
1992,340000000,466,337,60,45,1,1,1,1
1992,220000000,660,337,280,65,1,1,1,1
1992,210000000,813,380,55,45,1,1,1,1
1993,380000000,-12,350,180,115,1,1,1,1
1993,290000000,268,345,90,60,1,1,1,1
1993,340000000,466,337,60,45,1,1,1,1
1993,220000000,660,337,280,65,1,1,1,1
1993,210000000,812,380,55,45,1,1,1,1
1994,380000000,-12,350,180,115,1,1,1,1
1994,290000000,268,345,90,60,1,1,1,1
1994,340000000,466,337,60,45,1,1,1,1
1994,220000000,660,337,280,65,1,1,1,1
1994,210000000,812,380,55,45,1,1,1,1
1995,380000000,-12,350,180,115,1,1,1,1
1995,290000000,268,345,90,60,1,1,1,1
1995,340000000,466,337,60,45,1,1,1,1
1995,220000000,660,337,280,65,1,1,1,1
1995,210000000,812,380,55,45,1,1,1,1
1996,380000000,-12,350,180,115,1,1,1,1
1996,290000000,268,345,90,60,1,1,1,1
1996,340000000,466,337,60,45,1,1,1,1
1996,220000000,660,337,280,65,1,1,1,1
1996,210000000,812,380,55,45,1,1,1,1
1997,380000000,-13,350,180,115,1,1,1,1
1997,290000000,268,345,90,60,1,1,1,1
1997,340000000,466,337,60,45,1,1,1,1
1997,220000000,660,337,280,65,1,1,1,1
1997,210000000,812,380,55,45,1,1,1,1
1998,380000000,-13,350,180,115,1,1,1,1
1998,290000000,268,345,90,60,1,1,1,1
1998,340000000,466,337,60,45,1,1,1,1
1998,220000000,660,337,280,65,1,1,1,1
1998,210000000,812,380,55,45,1,1,1,1
1999,380000000,-13,350,180,115,1,1,1,1
1999,290000000,268,345,90,60,1,1,1,1
1999,340000000,466,337,60,45,1,1,1,1
1999,220000000,660,337,280,65,1,1,1,1
1999,210000000,812,380,55,45,1,1,1,1
2000,380000000,-13,350,180,115,1,1,1,1
2000,290000000,268,345,90,60,1,1,1,1
2000,340000000,466,337,60,45,1,1,1,1
2000,220000000,660,337,280,65,1,1,1,1
2000,210000000,812,380,55,45,1,1,1,1
2001,380000000,-13,350,180,115,1,1,1,1
2001,290000000,268,345,90,60,1,1,1,1
2001,340000000,466,337,60,45,1,1,1,1
2001,220000000,660,337,280,65,1,1,1,1
2001,210000000,812,380,55,45,1,1,1,1
2002,380000000,-13,350,180,115,1,1,1,1
2002,290000000,268,345,90,60,1,1,1,1
2002,340000000,466,337,60,45,1,1,1,1
2002,220000000,660,337,280,65,1,1,1,1
2002,210000000,812,380,55,45,1,1,1,1
2003,380000000,-13,350,180,115,1,1,1,1
2003,290000000,268,345,90,60,1,1,1,1
2003,340000000,466,337,60,45,1,1,1,1
2003,220000000,659,337,280,65,1,1,1,1
2003,210000000,812,380,55,45,1,1,1,1
2004,380000000,-13,350,180,115,1,1,1,1
2004,290000000,268,345,90,60,1,1,1,1
2004,340000000,466,337,60,45,1,1,1,1
2004,220000000,659,337,280,65,1,1,1,1
2004,210000000,812,380,55,45,1,1,1,1
2005,380000000,-13,350,180,115,1,1,1,1
2005,290000000,268,345,90,60,1,1,1,1
2005,340000000,466,337,60,45,1,1,1,1
2005,220000000,659,337,280,65,1,1,1,1
2005,210000000,812,380,55,45,1,1,1,1
2006,380000000,-13,350,180,115,1,1,1,1
2006,290000000,268,345,90,60,1,1,1,1
2006,340000000,466,337,60,45,1,1,1,1
2006,220000000,659,337,280,65,1,1,1,1
2006,210000000,812,380,55,45,1,1,1,1
2007,380000000,-13,350,180,115,1,1,1,1
2007,290000000,268,345,90,60,1,1,1,1
2007,340000000,466,337,60,45,1,1,1,1
2007,220000000,659,337,280,65,1,1,1,1
2007,210000000,812,380,55,45,1,1,1,1
2008,380000000,-13,350,180,115,1,1,1,1
2008,290000000,268,345,90,60,1,1,1,1
2008,340000000,466,337,60,45,1,1,1,1
2008,220000000,659,337,280,65,1,1,1,1
2008,210000000,812,380,55,45,1,1,1,1
2009,380000000,-13,350,180,115,1,1,1,1
2009,290000000,268,345,90,60,1,1,1,1
2009,340000000,466,337,60,45,1,1,1,1
2009,220000000,659,337,280,65,1,1,1,1
2009,210000000,812,380,55,45,1,1,1,1
2010,380000000,-13,350,180,115,1,1,1,1
2010,290000000,268,345,90,60,1,1,1,1
2010,340000000,466,337,60,45,1,1,1,1
2010,220000000,659,337,280,65,1,1,1,1
2010,210000000,812,380,55,45,1,1,1,1
2011,380000000,-13,350,180,115,1,1,1,1
2011,290000000,268,345,90,60,1,1,1,1
2011,340000000,466,337,60,45,1,1,1,1
2011,220000000,659,337,280,65,1,1,1,1
2011,210000000,812,380,55,45,1,1,1,1
2012,380000000,-14,351,180,115,1,1,1,1
2012,290000000,268,345,90,60,1,1,1,1
2012,340000000,466,337,60,45,1,1,1,1
2012,220000000,659,337,280,65,1,1,1,1
2012,210000000,812,381,55,45,1,1,1,1
2013,380000000,-14,351,180,115,1,1,1,1
2013,290000000,267,345,90,60,1,1,1,1
2013,340000000,466,337,60,45,1,1,1,1
2013,220000000,659,337,280,65,1,1,1,1
2013,210000000,811,381,55,45,1,1,1,1
2014,380000000,-14,351,180,115,1,1,1,1
2014,290000000,267,345,90,60,1,1,1,1
2014,340000000,466,337,60,45,1,1,1,1
2014,220000000,659,337,280,65,1,1,1,1
2014,210000000,811,381,55,45,1,1,1,1
2015,380000000,-14,351,180,115,1,1,1,1
2015,290000000,267,345,90,60,1,1,1,1
2015,340000000,466,337,60,45,1,1,1,1
2015,220000000,659,337,280,65,1,1,1,1
2015,210000000,811,381,55,45,1,1,1,1
2016,380000000,-14,351,180,115,1,1,1,1
2016,290000000,267,345,90,60,1,1,1,1
2016,340000000,466,337,60,45,1,1,1,1
2016,220000000,659,337,280,65,1,1,1,1
2016,210000000,811,381,55,45,1,1,1,1
2017,380000000,-14,351,180,115,1,1,1,1
2017,290000000,267,345,90,60,1,1,1,1
2017,340000000,466,337,60,45,1,1,1,1
2017,220000000,659,337,280,65,1,1,1,1
2017,210000000,811,381,55,45,1,1,1,1
2018,380000000,-14,351,180,115,1,1,1,1
2018,290000000,267,345,90,60,1,1,1,1
2018,340000000,466,337,60,45,1,1,1,1
2018,220000000,659,337,280,65,1,1,1,1
2018,210000000,811,381,55,45,1,1,1,1
2019,380000000,-14,351,180,115,1,1,1,1
2019,290000000,267,345,90,60,1,1,1,1
2019,340000000,466,337,60,45,1,1,1,1
2019,220000000,659,337,280,65,1,1,1,1
2019,210000000,811,381,55,45,1,1,1,1
2020,380000000,-14,351,180,115,1,1,1,1
2020,290000000,267,345,90,60,1,1,1,1
2020,340000000,466,337,60,45,1,1,1,1
2020,220000000,659,337,280,65,1,1,1,1
2020,210000000,811,381,55,45,1,1,1,1
2021,380000000,-14,351,180,115,1,1,1,1
2021,290000000,267,345,90,60,1,1,1,1
2021,340000000,466,337,60,45,1,1,1,1
2021,220000000,659,337,280,65,1,1,1,1
2021,210000000,811,381,55,45,1,1,1,1
2022,380000000,-14,351,180,115,1,1,1,1
2022,290000000,267,345,90,60,1,1,1,1
2022,340000000,466,337,60,45,1,1,1,1
2022,220000000,659,337,280,65,1,1,1,1
2022,210000000,811,381,55,45,1,1,1,1
2023,380000000,-14,351,180,115,1,1,1,1
2023,290000000,267,345,90,60,1,1,1,1
2023,340000000,466,337,60,45,1,1,1,1
2023,220000000,659,337,280,65,1,1,1,1
2023,210000000,811,381,55,45,1,1,1,1
2024,380000000,-14,351,180,115,1,1,1,1
2024,290000000,267,345,90,60,1,1,1,1
2024,340000000,466,337,60,45,1,1,1,1
2024,220000000,659,337,280,65,1,1,1,1
2024,210000000,811,381,55,45,1,1,1,1
2025,380000000,-14,351,180,115,1,1,1,1
2025,290000000,267,345,90,60,1,1,1,1
2025,340000000,466,337,60,45,1,1,1,1
2025,220000000,659,337,280,65,1,1,1,1
2025,210000000,811,381,55,45,1,1,1,1
2026,380000000,-14,351,180,115,1,1,1,1
2026,290000000,267,345,90,60,1,1,1,1
2026,340000000,466,337,60,45,1,1,1,1
2026,220000000,659,337,280,65,1,1,1,1
2026,210000000,811,381,55,45,1,1,1,1
2027,380000000,-15,351,180,115,1,1,1,1
2027,290000000,267,345,90,60,1,1,1,1
2027,340000000,466,337,60,45,1,1,1,1
2027,220000000,659,337,280,65,1,1,1,1
2027,210000000,811,381,55,45,1,1,1,1
2028,380000000,-15,351,180,115,1,1,1,1
2028,290000000,267,345,90,60,1,1,1,1
2028,340000000,466,337,60,45,1,1,1,1
2028,220000000,659,337,280,65,1,1,1,1
2028,210000000,811,381,55,45,1,1,1,1
2029,380000000,-15,351,180,115,1,1,1,1
2029,290000000,267,345,90,60,1,1,1,1
2029,340000000,466,337,60,45,1,1,1,1
2029,220000000,659,337,280,65,1,1,1,1
2029,210000000,811,381,55,45,1,1,1,1
2030,380000000,-15,351,180,115,1,1,1,1
2030,290000000,267,345,90,60,1,1,1,1
2030,340000000,466,337,60,45,1,1,1,1
2030,220000000,659,337,280,65,1,1,1,1
2030,210000000,811,381,55,45,1,1,1,1
2031,380000000,-15,351,180,115,1,1,1,1
2031,290000000,267,345,90,60,1,1,1,1
2031,340000000,466,337,60,45,1,1,1,1
2031,220000000,659,337,280,65,1,1,1,1
2031,210000000,811,381,55,45,1,1,1,1
2032,380000000,-15,351,180,115,1,1,1,1
2032,290000000,267,345,90,60,1,1,1,1
2032,340000000,466,337,60,45,1,1,1,1
2032,220000000,659,337,280,65,1,1,1,1
2032,210000000,811,381,55,45,1,1,1,1
2033,380000000,-15,351,180,115,1,1,1,1
2033,290000000,267,345,90,60,1,1,1,1
2033,340000000,466,337,60,45,1,1,1,1
2033,220000000,659,337,280,65,1,1,1,1
2033,210000000,810,381,55,45,1,1,1,1
2034,380000000,-15,351,180,115,1,1,1,1
2034,290000000,267,345,90,60,1,1,1,1
2034,340000000,466,337,60,45,1,1,1,1
2034,220000000,659,337,280,65,1,1,1,1
2034,210000000,810,381,55,45,1,1,1,1
2035,380000000,-15,351,180,115,1,1,1,1
2035,290000000,267,345,90,60,1,1,1,1
2035,340000000,466,337,60,45,1,1,1,1
2035,220000000,659,337,280,65,1,1,1,1
2035,210000000,810,381,55,45,1,1,1,1
2036,380000000,-15,351,180,115,1,1,1,1
2036,290000000,267,345,90,60,1,1,1,1
2036,340000000,466,337,60,45,1,1,1,1
2036,220000000,659,337,280,65,1,1,1,1
2036,210000000,810,381,55,45,1,1,1,1
2037,380000000,-15,351,180,115,1,1,1,1
2037,290000000,267,345,90,60,1,1,1,1
2037,340000000,466,337,60,45,1,1,1,1
2037,220000000,659,337,280,65,1,1,1,1
2037,210000000,810,381,55,45,1,1,1,1
2038,380000000,-15,351,180,115,1,1,1,1
2038,290000000,267,345,90,60,1,1,1,1
2038,340000000,466,337,60,45,1,1,1,1
2038,220000000,659,337,280,65,1,1,1,1
2038,210000000,810,381,55,45,1,1,1,1
2039,380000000,-15,351,180,115,1,1,1,1
2039,290000000,267,345,90,60,1,1,1,1
2039,340000000,466,337,60,45,1,1,1,1
2039,220000000,659,337,280,65,1,1,1,1
2039,210000000,810,381,55,45,1,1,1,1
2040,380000000,-15,351,180,115,1,1,1,1
2040,290000000,267,345,90,60,1,1,1,1
2040,340000000,466,337,60,45,1,1,1,1
2040,220000000,659,337,280,65,1,1,1,1
2040,210000000,810,381,55,45,1,1,1,1
2041,380000000,-15,351,180,115,1,1,1,1
2041,290000000,267,345,90,60,1,1,1,1
2041,340000000,466,337,60,45,1,1,1,1
2041,220000000,659,337,280,65,1,1,1,1
2041,210000000,810,381,55,45,1,1,1,1
2042,380000000,-16,351,180,115,1,1,1,1
2042,290000000,267,345,90,60,1,1,1,1
2042,340000000,466,337,60,45,1,1,1,1
2042,220000000,659,337,280,65,1,1,1,1
2042,210000000,810,381,55,45,1,1,1,1
2043,380000000,-16,351,180,115,1,1,1,1
2043,290000000,266,345,90,60,1,1,1,1
2043,340000000,465,337,60,45,1,1,1,1
2043,220000000,659,337,280,65,1,1,1,1
2043,210000000,810,381,55,45,1,1,1,1
2044,380000000,-16,351,180,115,1,1,1,1
2044,290000000,266,345,90,60,1,1,1,1
2044,340000000,465,337,60,45,1,1,1,1
2044,220000000,659,337,280,65,1,1,1,1
2044,210000000,810,381,55,45,1,1,1,1
2045,380000000,-16,351,180,115,1,1,1,1
2045,290000000,266,345,90,60,1,1,1,1
2045,340000000,465,337,60,45,1,1,1,1
2045,220000000,659,337,280,65,1,1,1,1
2045,210000000,810,381,55,45,1,1,1,1
2046,380000000,-16,351,180,115,1,1,1,1
2046,290000000,266,345,90,60,1,1,1,1
2046,340000000,465,337,60,45,1,1,1,1
2046,220000000,659,337,280,65,1,1,1,1
2046,210000000,810,381,55,45,1,1,1,1
2047,380000000,-16,351,180,115,1,1,1,1
2047,290000000,266,345,90,60,1,1,1,1
2047,340000000,465,337,60,45,1,1,1,1
2047,220000000,659,337,280,65,1,1,1,1
2047,210000000,810,381,55,45,1,1,1,1
2048,380000000,-16,351,180,115,1,1,1,1
2048,290000000,266,345,90,60,1,1,1,1
2048,340000000,465,337,60,45,1,1,1,1
2048,220000000,659,337,280,65,1,1,1,1
2048,210000000,810,381,55,45,1,1,1,1
2049,380000000,-16,351,180,115,1,1,1,1
2049,290000000,266,345,90,60,1,1,1,1
2049,340000000,465,337,60,45,1,1,1,1
2049,220000000,659,337,280,65,1,1,1,1
2049,210000000,810,381,55,45,1,1,1,1
2050,380000000,-16,351,180,115,1,1,1,1
2050,290000000,266,345,90,60,1,1,1,1
2050,340000000,465,337,60,45,1,1,1,1
2050,220000000,659,337,280,65,1,1,1,1
2050,210000000,810,381,55,45,1,1,1,1
2051,380000000,-16,351,180,115,1,1,1,1
2051,290000000,266,345,90,60,1,1,1,1
2051,340000000,465,337,60,45,1,1,1,1
2051,220000000,659,337,280,65,1,1,1,1
2051,210000000,810,381,55,45,1,1,1,1
2052,380000000,-16,351,180,115,1,1,1,1
2052,290000000,266,345,90,60,1,1,1,1
2052,340000000,465,337,60,45,1,1,1,1
2052,220000000,659,337,280,65,1,1,1,1
2052,210000000,810,381,55,45,1,1,1,1
2053,380000000,-16,351,180,115,1,1,1,1
2053,290000000,266,345,90,60,1,1,1,1
2053,340000000,465,337,60,45,1,1,1,1
2053,220000000,659,337,280,65,1,1,1,1
2053,210000000,809,381,55,45,1,1,1,1
2054,380000000,-16,351,180,115,1,1,1,1
2054,290000000,266,345,90,60,1,1,1,1
2054,340000000,465,337,60,45,1,1,1,1
2054,220000000,659,337,280,65,1,1,1,1
2054,210000000,809,381,55,45,1,1,1,1
2055,380000000,-16,351,180,115,1,1,1,1
2055,290000000,266,345,90,60,1,1,1,1
2055,340000000,465,337,60,45,1,1,1,1
2055,220000000,659,337,280,65,1,1,1,1
2055,210000000,809,381,55,45,1,1,1,1
2056,380000000,-16,351,180,115,1,1,1,1
2056,290000000,266,345,90,60,1,1,1,1
2056,340000000,465,337,60,45,1,1,1,1
2056,220000000,659,337,280,65,1,1,1,1
2056,210000000,809,381,55,45,1,1,1,1
2057,380000000,-17,351,180,115,1,1,1,1
2057,290000000,266,345,90,60,1,1,1,1
2057,340000000,465,337,60,45,1,1,1,1
2057,220000000,659,337,280,65,1,1,1,1
2057,210000000,809,381,55,45,1,1,1,1
2058,380000000,-17,351,180,115,1,1,1,1
2058,290000000,266,345,90,60,1,1,1,1
2058,340000000,465,337,60,45,1,1,1,1
2058,220000000,659,337,280,65,1,1,1,1
2058,210000000,809,381,55,45,1,1,1,1
2059,380000000,-17,351,180,115,1,1,1,1
2059,290000000,266,345,90,60,1,1,1,1
2059,340000000,465,337,60,45,1,1,1,1
2059,220000000,659,337,280,65,1,1,1,1
2059,210000000,809,381,55,45,1,1,1,1
2060,380000000,-17,351,180,115,1,1,1,1
2060,290000000,266,345,90,60,1,1,1,1
2060,340000000,465,337,60,45,1,1,1,1
2060,220000000,659,337,280,65,1,1,1,1
2060,210000000,809,381,55,45,1,1,1,1
2061,380000000,-17,351,180,115,1,1,1,1
2061,290000000,266,345,90,60,1,1,1,1
2061,340000000,465,337,60,45,1,1,1,1
2061,220000000,659,337,280,65,1,1,1,1
2061,210000000,809,381,55,45,1,1,1,1
2062,380000000,-17,351,180,115,1,1,1,1
2062,290000000,266,345,90,60,1,1,1,1
2062,340000000,465,337,60,45,1,1,1,1
2062,220000000,659,337,280,65,1,1,1,1
2062,210000000,809,381,55,45,1,1,1,1
2063,380000000,-17,351,180,115,1,1,1,1
2063,290000000,266,345,90,60,1,1,1,1
2063,340000000,465,337,60,45,1,1,1,1
2063,220000000,659,337,280,65,1,1,1,1
2063,210000000,809,381,55,45,1,1,1,1
2064,380000000,-17,351,180,115,1,1,1,1
2064,290000000,266,345,90,60,1,1,1,1
2064,340000000,465,337,60,45,1,1,1,1
2064,220000000,659,337,280,65,1,1,1,1
2064,210000000,809,381,55,45,1,1,1,1
2065,380000000,-17,351,180,115,1,1,1,1
2065,290000000,266,345,90,60,1,1,1,1
2065,340000000,465,337,60,45,1,1,1,1
2065,220000000,659,337,280,65,1,1,1,1
2065,210000000,809,381,55,45,1,1,1,1
2066,380000000,-17,351,180,115,1,1,1,1
2066,290000000,266,345,90,60,1,1,1,1
2066,340000000,465,337,60,45,1,1,1,1
2066,220000000,659,337,280,65,1,1,1,1
2066,210000000,809,381,55,45,1,1,1,1
2067,380000000,-17,351,180,115,1,1,1,1
2067,290000000,266,345,90,60,1,1,1,1
2067,340000000,465,337,60,45,1,1,1,1
2067,220000000,659,337,280,65,1,1,1,1
2067,210000000,809,381,55,45,1,1,1,1
2068,380000000,-17,351,180,115,1,1,1,1
2068,290000000,266,345,90,60,1,1,1,1
2068,340000000,465,337,60,45,1,1,1,1
2068,220000000,659,337,280,65,1,1,1,1
2068,210000000,809,381,55,45,1,1,1,1
2069,380000000,-17,351,180,115,1,1,1,1
2069,290000000,266,345,90,60,1,1,1,1
2069,340000000,465,337,60,45,1,1,1,1
2069,220000000,659,337,280,65,1,1,1,1
2069,210000000,809,381,55,45,1,1,1,1
2070,380000000,-17,351,180,115,1,1,1,1
2070,290000000,266,345,90,60,1,1,1,1
2070,340000000,465,337,60,45,1,1,1,1
2070,220000000,659,337,280,65,1,1,1,1
2070,210000000,809,381,55,45,1,1,1,1
2071,380000000,-17,351,180,115,1,1,1,1
2071,290000000,266,345,90,60,1,1,1,1
2071,340000000,465,337,60,45,1,1,1,1
2071,220000000,659,337,280,65,1,1,1,1
2071,210000000,809,381,55,45,1,1,1,1
2072,380000000,-18,352,180,115,1,1,1,1
2072,290000000,266,345,90,60,1,1,1,1
2072,340000000,465,337,60,45,1,1,1,1
2072,220000000,659,337,280,65,1,1,1,1
2072,210000000,809,382,55,45,1,1,1,1
2073,380000000,-18,352,180,115,1,1,1,1
2073,290000000,265,345,90,60,1,1,1,1
2073,340000000,465,337,60,45,1,1,1,1
2073,220000000,659,337,280,65,1,1,1,1
2073,210000000,808,382,55,45,1,1,1,1
2074,380000000,-18,352,180,115,1,1,1,1
2074,290000000,265,345,90,60,1,1,1,1
2074,340000000,465,337,60,45,1,1,1,1
2074,220000000,659,337,280,65,1,1,1,1
2074,210000000,808,382,55,45,1,1,1,1
2075,380000000,-18,352,180,115,1,1,1,1
2075,290000000,265,345,90,60,1,1,1,1
2075,340000000,465,337,60,45,1,1,1,1
2075,220000000,659,337,280,65,1,1,1,1
2075,210000000,808,382,55,45,1,1,1,1
2076,380000000,-18,352,180,115,1,1,1,1
2076,290000000,265,345,90,60,1,1,1,1
2076,340000000,465,337,60,45,1,1,1,1
2076,220000000,659,337,280,65,1,1,1,1
2076,210000000,808,382,55,45,1,1,1,1
2077,380000000,-18,352,180,115,1,1,1,1
2077,290000000,265,345,90,60,1,1,1,1
2077,340000000,465,337,60,45,1,1,1,1
2077,220000000,659,337,280,65,1,1,1,1
2077,210000000,808,382,55,45,1,1,1,1
2078,380000000,-18,352,180,115,1,1,1,1
2078,290000000,265,345,90,60,1,1,1,1
2078,340000000,465,337,60,45,1,1,1,1
2078,220000000,659,337,280,65,1,1,1,1
2078,210000000,808,382,55,45,1,1,1,1
2079,380000000,-18,352,180,115,1,1,1,1
2079,290000000,265,345,90,60,1,1,1,1
2079,340000000,465,337,60,45,1,1,1,1
2079,220000000,659,337,280,65,1,1,1,1
2079,210000000,808,382,55,45,1,1,1,1
2080,380000000,-18,352,180,115,1,1,1,1
2080,290000000,265,345,90,60,1,1,1,1
2080,340000000,465,337,60,45,1,1,1,1
2080,220000000,659,337,280,65,1,1,1,1
2080,210000000,808,382,55,45,1,1,1,1
2081,380000000,-18,352,180,115,1,1,1,1
2081,290000000,265,345,90,60,1,1,1,1
2081,340000000,465,337,60,45,1,1,1,1
2081,220000000,659,337,280,65,1,1,1,1
2081,210000000,808,382,55,45,1,1,1,1
2082,380000000,-18,352,180,115,1,1,1,1
2082,290000000,265,345,90,60,1,1,1,1
2082,340000000,465,337,60,45,1,1,1,1
2082,220000000,659,337,280,65,1,1,1,1
2082,210000000,808,382,55,45,1,1,1,1
2083,380000000,-18,352,180,115,1,1,1,1
2083,290000000,265,345,90,60,1,1,1,1
2083,340000000,465,337,60,45,1,1,1,1
2083,220000000,659,337,280,65,1,1,1,1
2083,210000000,808,382,55,45,1,1,1,1
2084,380000000,-18,352,180,115,1,1,1,1
2084,290000000,265,345,90,60,1,1,1,1
2084,340000000,465,337,60,45,1,1,1,1
2084,220000000,659,337,280,65,1,1,1,1
2084,210000000,808,382,55,45,1,1,1,1
2085,380000000,-18,352,180,115,1,1,1,1
2085,290000000,265,345,90,60,1,1,1,1
2085,340000000,465,337,60,45,1,1,1,1
2085,220000000,659,337,280,65,1,1,1,1
2085,210000000,808,382,55,45,1,1,1,1
2086,380000000,-18,352,180,115,1,1,1,1
2086,290000000,265,345,90,60,1,1,1,1
2086,340000000,465,337,60,45,1,1,1,1
2086,220000000,659,337,280,65,1,1,1,1
2086,210000000,808,382,55,45,1,1,1,1
2087,380000000,-19,352,180,115,1,1,1,1
2087,290000000,265,345,90,60,1,1,1,1
2087,340000000,465,337,60,45,1,1,1,1
2087,220000000,659,337,280,65,1,1,1,1
2087,210000000,808,382,55,45,1,1,1,1
2088,380000000,-19,352,180,115,1,1,1,1
2088,290000000,265,345,90,60,1,1,1,1
2088,340000000,465,337,60,45,1,1,1,1
2088,220000000,659,337,280,65,1,1,1,1
2088,210000000,808,382,55,45,1,1,1,1
2089,380000000,-19,352,180,115,1,1,1,1
2089,290000000,265,345,90,60,1,1,1,1
2089,340000000,465,337,60,45,1,1,1,1
2089,220000000,659,337,280,65,1,1,1,1
2089,210000000,808,382,55,45,1,1,1,1
2090,380000000,-19,352,180,115,1,1,1,1
2090,290000000,265,345,90,60,1,1,1,1
2090,340000000,465,337,60,45,1,1,1,1
2090,220000000,659,337,280,65,1,1,1,1
2090,210000000,808,382,55,45,1,1,1,1
2091,380000000,-19,352,180,115,1,1,1,1
2091,290000000,265,345,90,60,1,1,1,1
2091,340000000,465,337,60,45,1,1,1,1
2091,220000000,659,337,280,65,1,1,1,1
2091,210000000,808,382,55,45,1,1,1,1
2092,380000000,-19,352,180,115,1,1,1,1
2092,290000000,265,345,90,60,1,1,1,1
2092,340000000,465,337,60,45,1,1,1,1
2092,220000000,659,337,280,65,1,1,1,1
2092,210000000,808,382,55,45,1,1,1,1
2093,380000000,-19,352,180,115,1,1,1,1
2093,290000000,265,345,90,60,1,1,1,1
2093,340000000,465,337,60,45,1,1,1,1
2093,220000000,659,337,280,65,1,1,1,1
2093,210000000,807,382,55,45,1,1,1,1
2094,380000000,-19,352,180,115,1,1,1,1
2094,290000000,265,345,90,60,1,1,1,1
2094,340000000,465,337,60,45,1,1,1,1
2094,220000000,659,337,280,65,1,1,1,1
2094,210000000,807,382,55,45,1,1,1,1
2095,380000000,-19,352,180,115,1,1,1,1
2095,290000000,265,345,90,60,1,1,1,1
2095,340000000,465,337,60,45,1,1,1,1
2095,220000000,659,337,280,65,1,1,1,1
2095,210000000,807,382,55,45,1,1,1,1
2096,380000000,-19,352,180,115,1,1,1,1
2096,290000000,265,345,90,60,1,1,1,1
2096,340000000,465,337,60,45,1,1,1,1
2096,220000000,659,337,280,65,1,1,1,1
2096,210000000,807,382,55,45,1,1,1,1
2097,380000000,-19,352,180,115,1,1,1,1
2097,290000000,265,345,90,60,1,1,1,1
2097,340000000,465,337,60,45,1,1,1,1
2097,220000000,659,337,280,65,1,1,1,1
2097,210000000,807,382,55,45,1,1,1,1
2098,380000000,-19,352,180,115,1,1,1,1
2098,290000000,265,345,90,60,1,1,1,1
2098,340000000,465,337,60,45,1,1,1,1
2098,220000000,659,337,280,65,1,1,1,1
2098,210000000,807,382,55,45,1,1,1,1
2099,380000000,-19,352,180,115,1,1,1,1
2099,290000000,265,345,90,60,1,1,1,1
2099,340000000,465,337,60,45,1,1,1,1
2099,220000000,659,337,280,65,1,1,1,1
2099,210000000,807,382,55,45,1,1,1,1
2100,380000000,-19,352,180,115,1,1,1,1
2100,290000000,265,345,90,60,1,1,1,1
2100,340000000,465,337,60,45,1,1,1,1
2100,220000000,659,337,280,65,1,1,1,1
2100,210000000,807,382,55,45,1,1,1,1
2101,380000000,-19,352,180,115,1,1,1,1
2101,290000000,265,345,90,60,1,1,1,1
2101,340000000,465,337,60,45,1,1,1,1
2101,220000000,659,337,280,65,1,1,1,1
2101,210000000,807,382,55,45,1,1,1,1
2102,380000000,-20,352,180,115,1,1,1,1
2102,290000000,265,345,90,60,1,1,1,1
2102,340000000,465,337,60,45,1,1,1,1
2102,220000000,659,337,280,65,1,1,1,1
2102,210000000,807,382,55,45,1,1,1,1
2103,380000000,-20,352,180,115,1,1,1,1
2103,290000000,264,345,90,60,1,1,1,1
2103,340000000,464,337,60,45,1,1,1,1
2103,220000000,658,337,280,65,1,1,1,1
2103,210000000,807,382,55,45,1,1,1,1
2104,380000000,-20,352,180,115,1,1,1,1
2104,290000000,264,345,90,60,1,1,1,1
2104,340000000,464,337,60,45,1,1,1,1
2104,220000000,658,337,280,65,1,1,1,1
2104,210000000,807,382,55,45,1,1,1,1
2105,380000000,-20,352,180,115,1,1,1,1
2105,290000000,264,345,90,60,1,1,1,1
2105,340000000,464,337,60,45,1,1,1,1
2105,220000000,658,337,280,65,1,1,1,1
2105,210000000,807,382,55,45,1,1,1,1
2106,380000000,-20,352,180,115,1,1,1,1
2106,290000000,264,345,90,60,1,1,1,1
2106,340000000,464,337,60,45,1,1,1,1
2106,220000000,658,337,280,65,1,1,1,1
2106,210000000,807,382,55,45,1,1,1,1
2107,380000000,-20,352,180,115,1,1,1,1
2107,290000000,264,345,90,60,1,1,1,1
2107,340000000,464,337,60,45,1,1,1,1
2107,220000000,658,337,280,65,1,1,1,1
2107,210000000,807,382,55,45,1,1,1,1
2108,380000000,-20,352,180,115,1,1,1,1
2108,290000000,264,345,90,60,1,1,1,1
2108,340000000,464,337,60,45,1,1,1,1
2108,220000000,658,337,280,65,1,1,1,1
2108,210000000,807,382,55,45,1,1,1,1
2109,380000000,-20,352,180,115,1,1,1,1
2109,290000000,264,345,90,60,1,1,1,1
2109,340000000,464,337,60,45,1,1,1,1
2109,220000000,658,337,280,65,1,1,1,1
2109,210000000,807,382,55,45,1,1,1,1
2110,380000000,-20,352,180,115,1,1,1,1
2110,290000000,264,345,90,60,1,1,1,1
2110,340000000,464,337,60,45,1,1,1,1
2110,220000000,658,337,280,65,1,1,1,1
2110,210000000,807,382,55,45,1,1,1,1
2111,380000000,-20,352,180,115,1,1,1,1
2111,290000000,264,345,90,60,1,1,1,1
2111,340000000,464,337,60,45,1,1,1,1
2111,220000000,658,337,280,65,1,1,1,1
2111,210000000,807,382,55,45,1,1,1,1
2112,380000000,-20,352,180,115,1,1,1,1
2112,290000000,264,345,90,60,1,1,1,1
2112,340000000,464,337,60,45,1,1,1,1
2112,220000000,658,337,280,65,1,1,1,1
2112,210000000,807,382,55,45,1,1,1,1
2113,380000000,-20,352,180,115,1,1,1,1
2113,290000000,264,345,90,60,1,1,1,1
2113,340000000,464,337,60,45,1,1,1,1
2113,220000000,658,337,280,65,1,1,1,1
2113,210000000,806,382,55,45,1,1,1,1
2114,380000000,-20,352,180,115,1,1,1,1
2114,290000000,264,345,90,60,1,1,1,1
2114,340000000,464,337,60,45,1,1,1,1
2114,220000000,658,337,280,65,1,1,1,1
2114,210000000,806,382,55,45,1,1,1,1
2115,380000000,-20,352,180,115,1,1,1,1
2115,290000000,264,345,90,60,1,1,1,1
2115,340000000,464,337,60,45,1,1,1,1
2115,220000000,658,337,280,65,1,1,1,1
2115,210000000,806,382,55,45,1,1,1,1
2116,380000000,-20,352,180,115,1,1,1,1
2116,290000000,264,345,90,60,1,1,1,1
2116,340000000,464,337,60,45,1,1,1,1
2116,220000000,658,337,280,65,1,1,1,1
2116,210000000,806,382,55,45,1,1,1,1
2117,380000000,-21,352,180,115,1,1,1,1
2117,290000000,264,345,90,60,1,1,1,1
2117,340000000,464,337,60,45,1,1,1,1
2117,220000000,658,337,280,65,1,1,1,1
2117,210000000,806,382,55,45,1,1,1,1
2118,380000000,-21,352,180,115,1,1,1,1
2118,290000000,264,345,90,60,1,1,1,1
2118,340000000,464,337,60,45,1,1,1,1
2118,220000000,658,337,280,65,1,1,1,1
2118,210000000,806,382,55,45,1,1,1,1
2119,380000000,-21,352,180,115,1,1,1,1
2119,290000000,264,345,90,60,1,1,1,1
2119,340000000,464,337,60,45,1,1,1,1
2119,220000000,658,337,280,65,1,1,1,1
2119,210000000,806,382,55,45,1,1,1,1
2120,380000000,-21,352,180,115,1,1,1,1
2120,290000000,264,345,90,60,1,1,1,1
2120,340000000,464,337,60,45,1,1,1,1
2120,220000000,658,337,280,65,1,1,1,1
2120,210000000,806,382,55,45,1,1,1,1
2121,380000000,-21,352,180,115,1,1,1,1
2121,290000000,264,345,90,60,1,1,1,1
2121,340000000,464,337,60,45,1,1,1,1
2121,220000000,658,337,280,65,1,1,1,1
2121,210000000,806,382,55,45,1,1,1,1
2122,380000000,-21,352,180,115,1,1,1,1
2122,290000000,264,345,90,60,1,1,1,1
2122,340000000,464,337,60,45,1,1,1,1
2122,220000000,658,337,280,65,1,1,1,1
2122,210000000,806,382,55,45,1,1,1,1
2123,380000000,-21,352,180,115,1,1,1,1
2123,290000000,264,345,90,60,1,1,1,1
2123,340000000,464,337,60,45,1,1,1,1
2123,220000000,658,337,280,65,1,1,1,1
2123,210000000,806,382,55,45,1,1,1,1
2124,380000000,-21,352,180,115,1,1,1,1
2124,290000000,264,345,90,60,1,1,1,1
2124,340000000,464,337,60,45,1,1,1,1
2124,220000000,658,337,280,65,1,1,1,1
2124,210000000,806,382,55,45,1,1,1,1
2125,380000000,-21,352,180,115,1,1,1,1
2125,290000000,264,345,90,60,1,1,1,1
2125,340000000,464,337,60,45,1,1,1,1
2125,220000000,658,337,280,65,1,1,1,1
2125,210000000,806,382,55,45,1,1,1,1
2126,380000000,-21,352,180,115,1,1,1,1
2126,290000000,264,345,90,60,1,1,1,1
2126,340000000,464,337,60,45,1,1,1,1
2126,220000000,658,337,280,65,1,1,1,1
2126,210000000,806,382,55,45,1,1,1,1
2127,380000000,-21,352,180,115,1,1,1,1
2127,290000000,264,345,90,60,1,1,1,1
2127,340000000,464,337,60,45,1,1,1,1
2127,220000000,658,337,280,65,1,1,1,1
2127,210000000,806,382,55,45,1,1,1,1
2128,380000000,-21,352,180,115,1,1,1,1
2128,290000000,264,345,90,60,1,1,1,1
2128,340000000,464,337,60,45,1,1,1,1
2128,220000000,658,337,280,65,1,1,1,1
2128,210000000,806,382,55,45,1,1,1,1
2129,380000000,-21,352,180,115,1,1,1,1
2129,290000000,264,345,90,60,1,1,1,1
2129,340000000,464,337,60,45,1,1,1,1
2129,220000000,658,337,280,65,1,1,1,1
2129,210000000,806,382,55,45,1,1,1,1
2130,380000000,-21,352,180,115,1,1,1,1
2130,290000000,264,345,90,60,1,1,1,1
2130,340000000,464,337,60,45,1,1,1,1
2130,220000000,658,337,280,65,1,1,1,1
2130,210000000,806,382,55,45,1,1,1,1
2131,380000000,-21,352,180,115,1,1,1,1
2131,290000000,264,345,90,60,1,1,1,1
2131,340000000,464,337,60,45,1,1,1,1
2131,220000000,658,337,280,65,1,1,1,1
2131,210000000,806,382,55,45,1,1,1,1
2132,380000000,-22,353,180,115,1,1,1,1
2132,290000000,264,345,90,60,1,1,1,1
2132,340000000,464,337,60,45,1,1,1,1
2132,220000000,658,337,280,65,1,1,1,1
2132,210000000,806,383,55,45,1,1,1,1
2133,380000000,-22,353,180,115,1,1,1,1
2133,290000000,263,345,90,60,1,1,1,1
2133,340000000,464,337,60,45,1,1,1,1
2133,220000000,658,337,280,65,1,1,1,1
2133,210000000,805,383,55,45,1,1,1,1
2134,380000000,-22,353,180,115,1,1,1,1
2134,290000000,263,345,90,60,1,1,1,1
2134,340000000,464,337,60,45,1,1,1,1
2134,220000000,658,337,280,65,1,1,1,1
2134,210000000,805,383,55,45,1,1,1,1
2135,380000000,-22,353,180,115,1,1,1,1
2135,290000000,263,345,90,60,1,1,1,1
2135,340000000,464,337,60,45,1,1,1,1
2135,220000000,658,337,280,65,1,1,1,1
2135,210000000,805,383,55,45,1,1,1,1
2136,380000000,-22,353,180,115,1,1,1,1
2136,290000000,263,345,90,60,1,1,1,1
2136,340000000,464,337,60,45,1,1,1,1
2136,220000000,658,337,280,65,1,1,1,1
2136,210000000,805,383,55,45,1,1,1,1
2137,380000000,-22,353,180,115,1,1,1,1
2137,290000000,263,345,90,60,1,1,1,1
2137,340000000,464,337,60,45,1,1,1,1
2137,220000000,658,337,280,65,1,1,1,1
2137,210000000,805,383,55,45,1,1,1,1
2138,380000000,-22,353,180,115,1,1,1,1
2138,290000000,263,345,90,60,1,1,1,1
2138,340000000,464,337,60,45,1,1,1,1
2138,220000000,658,337,280,65,1,1,1,1
2138,210000000,805,383,55,45,1,1,1,1
2139,380000000,-22,353,180,115,1,1,1,1
2139,290000000,263,345,90,60,1,1,1,1
2139,340000000,464,337,60,45,1,1,1,1
2139,220000000,658,337,280,65,1,1,1,1
2139,210000000,805,383,55,45,1,1,1,1
2140,380000000,-22,353,180,115,1,1,1,1
2140,290000000,263,345,90,60,1,1,1,1
2140,340000000,464,337,60,45,1,1,1,1
2140,220000000,658,337,280,65,1,1,1,1
2140,210000000,805,383,55,45,1,1,1,1
2141,380000000,-22,353,180,115,1,1,1,1
2141,290000000,263,345,90,60,1,1,1,1
2141,340000000,464,337,60,45,1,1,1,1
2141,220000000,658,337,280,65,1,1,1,1
2141,210000000,805,383,55,45,1,1,1,1
2142,380000000,-22,353,180,115,1,1,1,1
2142,290000000,263,345,90,60,1,1,1,1
2142,340000000,464,337,60,45,1,1,1,1
2142,220000000,658,337,280,65,1,1,1,1
2142,210000000,805,383,55,45,1,1,1,1
2143,380000000,-22,353,180,115,1,1,1,1
2143,290000000,263,345,90,60,1,1,1,1
2143,340000000,464,337,60,45,1,1,1,1
2143,220000000,658,337,280,65,1,1,1,1
2143,210000000,805,383,55,45,1,1,1,1
2144,380000000,-22,353,180,115,1,1,1,1
2144,290000000,263,345,90,60,1,1,1,1
2144,340000000,464,337,60,45,1,1,1,1
2144,220000000,658,337,280,65,1,1,1,1
2144,210000000,805,383,55,45,1,1,1,1
2145,380000000,-22,353,180,115,1,1,1,1
2145,290000000,263,345,90,60,1,1,1,1
2145,340000000,464,337,60,45,1,1,1,1
2145,220000000,658,337,280,65,1,1,1,1
2145,210000000,805,383,55,45,1,1,1,1
2146,380000000,-22,353,180,115,1,1,1,1
2146,290000000,263,345,90,60,1,1,1,1
2146,340000000,464,337,60,45,1,1,1,1
2146,220000000,658,337,280,65,1,1,1,1
2146,210000000,805,383,55,45,1,1,1,1
2147,380000000,-23,353,180,115,1,1,1,1
2147,290000000,263,345,90,60,1,1,1,1
2147,340000000,464,337,60,45,1,1,1,1
2147,220000000,658,337,280,65,1,1,1,1
2147,210000000,805,383,55,45,1,1,1,1
2148,380000000,-23,353,180,115,1,1,1,1
2148,290000000,263,345,90,60,1,1,1,1
2148,340000000,464,337,60,45,1,1,1,1
2148,220000000,658,337,280,65,1,1,1,1
2148,210000000,805,383,55,45,1,1,1,1
2149,380000000,-23,353,180,115,1,1,1,1
2149,290000000,263,345,90,60,1,1,1,1
2149,340000000,464,337,60,45,1,1,1,1
2149,220000000,658,337,280,65,1,1,1,1
2149,210000000,805,383,55,45,1,1,1,1
2150,380000000,-23,353,180,115,1,1,1,1
2150,290000000,263,345,90,60,1,1,1,1
2150,340000000,464,337,60,45,1,1,1,1
2150,220000000,658,337,280,65,1,1,1,1
2150,210000000,805,383,55,45,1,1,1,1
2151,380000000,-23,353,180,115,1,1,1,1
2151,290000000,263,345,90,60,1,1,1,1
2151,340000000,464,337,60,45,1,1,1,1
2151,220000000,658,337,280,65,1,1,1,1
2151,210000000,805,383,55,45,1,1,1,1
2152,380000000,-23,353,180,115,1,1,1,1
2152,290000000,263,345,90,60,1,1,1,1
2152,340000000,464,337,60,45,1,1,1,1
2152,220000000,658,337,280,65,1,1,1,1
2152,210000000,805,383,55,45,1,1,1,1
2153,380000000,-23,353,180,115,1,1,1,1
2153,290000000,263,345,90,60,1,1,1,1
2153,340000000,464,337,60,45,1,1,1,1
2153,220000000,658,337,280,65,1,1,1,1
2153,210000000,804,383,55,45,1,1,1,1
2154,380000000,-23,353,180,115,1,1,1,1
2154,290000000,263,345,90,60,1,1,1,1
2154,340000000,464,337,60,45,1,1,1,1
2154,220000000,658,337,280,65,1,1,1,1
2154,210000000,804,383,55,45,1,1,1,1
2155,380000000,-23,353,180,115,1,1,1,1
2155,290000000,263,345,90,60,1,1,1,1
2155,340000000,464,337,60,45,1,1,1,1
2155,220000000,658,337,280,65,1,1,1,1
2155,210000000,804,383,55,45,1,1,1,1
2156,380000000,-23,353,180,115,1,1,1,1
2156,290000000,263,345,90,60,1,1,1,1
2156,340000000,464,337,60,45,1,1,1,1
2156,220000000,658,337,280,65,1,1,1,1
2156,210000000,804,383,55,45,1,1,1,1
2157,380000000,-23,353,180,115,1,1,1,1
2157,290000000,263,345,90,60,1,1,1,1
2157,340000000,464,337,60,45,1,1,1,1
2157,220000000,658,337,280,65,1,1,1,1
2157,210000000,804,383,55,45,1,1,1,1
2158,380000000,-23,353,180,115,1,1,1,1
2158,290000000,263,345,90,60,1,1,1,1
2158,340000000,464,337,60,45,1,1,1,1
2158,220000000,658,337,280,65,1,1,1,1
2158,210000000,804,383,55,45,1,1,1,1
2159,380000000,-23,353,180,115,1,1,1,1
2159,290000000,263,345,90,60,1,1,1,1
2159,340000000,464,337,60,45,1,1,1,1
2159,220000000,658,337,280,65,1,1,1,1
2159,210000000,804,383,55,45,1,1,1,1
2160,380000000,-23,353,180,115,1,1,1,1
2160,290000000,263,345,90,60,1,1,1,1
2160,340000000,464,337,60,45,1,1,1,1
2160,220000000,658,337,280,65,1,1,1,1
2160,210000000,804,383,55,45,1,1,1,1
2161,380000000,-23,353,180,115,1,1,1,1
2161,290000000,263,345,90,60,1,1,1,1
2161,340000000,464,337,60,45,1,1,1,1
2161,220000000,658,337,280,65,1,1,1,1
2161,210000000,804,383,55,45,1,1,1,1
2162,380000000,-24,353,180,115,1,1,1,1
2162,290000000,263,345,90,60,1,1,1,1
2162,340000000,464,337,60,45,1,1,1,1
2162,220000000,658,337,280,65,1,1,1,1
2162,210000000,804,383,55,45,1,1,1,1
2163,380000000,-24,353,180,115,1,1,1,1
2163,290000000,262,345,90,60,1,1,1,1
2163,340000000,463,337,60,45,1,1,1,1
2163,220000000,658,337,280,65,1,1,1,1
2163,210000000,804,383,55,45,1,1,1,1
2164,380000000,-24,353,180,115,1,1,1,1
2164,290000000,262,345,90,60,1,1,1,1
2164,340000000,463,337,60,45,1,1,1,1
2164,220000000,658,337,280,65,1,1,1,1
2164,210000000,804,383,55,45,1,1,1,1
2165,380000000,-24,353,180,115,1,1,1,1
2165,290000000,262,345,90,60,1,1,1,1
2165,340000000,463,337,60,45,1,1,1,1
2165,220000000,658,337,280,65,1,1,1,1
2165,210000000,804,383,55,45,1,1,1,1
2166,380000000,-24,353,180,115,1,1,1,1
2166,290000000,262,345,90,60,1,1,1,1
2166,340000000,463,337,60,45,1,1,1,1
2166,220000000,658,337,280,65,1,1,1,1
2166,210000000,804,383,55,45,1,1,1,1
2167,380000000,-24,353,180,115,1,1,1,1
2167,290000000,262,345,90,60,1,1,1,1
2167,340000000,463,337,60,45,1,1,1,1
2167,220000000,658,337,280,65,1,1,1,1
2167,210000000,804,383,55,45,1,1,1,1
2168,380000000,-24,353,180,115,1,1,1,1
2168,290000000,262,345,90,60,1,1,1,1
2168,340000000,463,337,60,45,1,1,1,1
2168,220000000,658,337,280,65,1,1,1,1
2168,210000000,804,383,55,45,1,1,1,1
2169,380000000,-24,353,180,115,1,1,1,1
2169,290000000,262,345,90,60,1,1,1,1
2169,340000000,463,337,60,45,1,1,1,1
2169,220000000,658,337,280,65,1,1,1,1
2169,210000000,804,383,55,45,1,1,1,1
2170,380000000,-24,353,180,115,1,1,1,1
2170,290000000,262,345,90,60,1,1,1,1
2170,340000000,463,337,60,45,1,1,1,1
2170,220000000,658,337,280,65,1,1,1,1
2170,210000000,804,383,55,45,1,1,1,1
2171,380000000,-24,353,180,115,1,1,1,1
2171,290000000,262,345,90,60,1,1,1,1
2171,340000000,463,337,60,45,1,1,1,1
2171,220000000,658,337,280,65,1,1,1,1
2171,210000000,804,383,55,45,1,1,1,1
2172,380000000,-24,353,180,115,1,1,1,1
2172,290000000,262,345,90,60,1,1,1,1
2172,340000000,463,337,60,45,1,1,1,1
2172,220000000,658,337,280,65,1,1,1,1
2172,210000000,804,383,55,45,1,1,1,1
2173,380000000,-24,353,180,115,1,1,1,1
2173,290000000,262,345,90,60,1,1,1,1
2173,340000000,463,337,60,45,1,1,1,1
2173,220000000,658,337,280,65,1,1,1,1
2173,210000000,803,383,55,45,1,1,1,1
2174,380000000,-24,353,180,115,1,1,1,1
2174,290000000,262,345,90,60,1,1,1,1
2174,340000000,463,337,60,45,1,1,1,1
2174,220000000,658,337,280,65,1,1,1,1
2174,210000000,803,383,55,45,1,1,1,1
2175,380000000,-24,353,180,115,1,1,1,1
2175,290000000,262,345,90,60,1,1,1,1
2175,340000000,463,337,60,45,1,1,1,1
2175,220000000,658,337,280,65,1,1,1,1
2175,210000000,803,383,55,45,1,1,1,1
2176,380000000,-24,353,180,115,1,1,1,1
2176,290000000,262,345,90,60,1,1,1,1
2176,340000000,463,337,60,45,1,1,1,1
2176,220000000,658,337,280,65,1,1,1,1
2176,210000000,803,383,55,45,1,1,1,1
2177,380000000,-25,353,180,115,1,1,1,1
2177,290000000,262,345,90,60,1,1,1,1
2177,340000000,463,337,60,45,1,1,1,1
2177,220000000,658,337,280,65,1,1,1,1
2177,210000000,803,383,55,45,1,1,1,1
2178,380000000,-25,353,180,115,1,1,1,1
2178,290000000,262,345,90,60,1,1,1,1
2178,340000000,463,337,60,45,1,1,1,1
2178,220000000,658,337,280,65,1,1,1,1
2178,210000000,803,383,55,45,1,1,1,1
2179,380000000,-25,353,180,115,1,1,1,1
2179,290000000,262,345,90,60,1,1,1,1
2179,340000000,463,337,60,45,1,1,1,1
2179,220000000,658,337,280,65,1,1,1,1
2179,210000000,803,383,55,45,1,1,1,1
2180,380000000,-25,353,180,115,1,1,1,1
2180,290000000,262,345,90,60,1,1,1,1
2180,340000000,463,337,60,45,1,1,1,1
2180,220000000,658,337,280,65,1,1,1,1
2180,210000000,803,383,55,45,1,1,1,1
2181,380000000,-25,353,180,115,1,1,1,1
2181,290000000,262,345,90,60,1,1,1,1
2181,340000000,463,337,60,45,1,1,1,1
2181,220000000,658,337,280,65,1,1,1,1
2181,210000000,803,383,55,45,1,1,1,1
2182,380000000,-25,353,180,115,1,1,1,1
2182,290000000,262,345,90,60,1,1,1,1
2182,340000000,463,337,60,45,1,1,1,1
2182,220000000,658,337,280,65,1,1,1,1
2182,210000000,803,383,55,45,1,1,1,1
2183,380000000,-25,353,180,115,1,1,1,1
2183,290000000,262,345,90,60,1,1,1,1
2183,340000000,463,337,60,45,1,1,1,1
2183,220000000,658,337,280,65,1,1,1,1
2183,210000000,803,383,55,45,1,1,1,1
2184,380000000,-25,353,180,115,1,1,1,1
2184,290000000,262,345,90,60,1,1,1,1
2184,340000000,463,337,60,45,1,1,1,1
2184,220000000,658,337,280,65,1,1,1,1
2184,210000000,803,383,55,45,1,1,1,1
2185,380000000,-25,353,180,115,1,1,1,1
2185,290000000,262,345,90,60,1,1,1,1
2185,340000000,463,337,60,45,1,1,1,1
2185,220000000,658,337,280,65,1,1,1,1
2185,210000000,803,383,55,45,1,1,1,1
2186,380000000,-25,353,180,115,1,1,1,1
2186,290000000,262,345,90,60,1,1,1,1
2186,340000000,463,337,60,45,1,1,1,1
2186,220000000,658,337,280,65,1,1,1,1
2186,210000000,803,383,55,45,1,1,1,1
2187,380000000,-25,353,180,115,1,1,1,1
2187,290000000,262,345,90,60,1,1,1,1
2187,340000000,463,337,60,45,1,1,1,1
2187,220000000,658,337,280,65,1,1,1,1
2187,210000000,803,383,55,45,1,1,1,1
2188,380000000,-25,353,180,115,1,1,1,1
2188,290000000,262,345,90,60,1,1,1,1
2188,340000000,463,337,60,45,1,1,1,1
2188,220000000,658,337,280,65,1,1,1,1
2188,210000000,803,383,55,45,1,1,1,1
2189,380000000,-25,353,180,115,1,1,1,1
2189,290000000,262,345,90,60,1,1,1,1
2189,340000000,463,337,60,45,1,1,1,1
2189,220000000,658,337,280,65,1,1,1,1
2189,210000000,803,383,55,45,1,1,1,1
2190,380000000,-25,353,180,115,1,1,1,1
2190,290000000,262,345,90,60,1,1,1,1
2190,340000000,463,337,60,45,1,1,1,1
2190,220000000,658,337,280,65,1,1,1,1
2190,210000000,803,383,55,45,1,1,1,1
2191,380000000,-25,353,180,115,1,1,1,1
2191,290000000,262,345,90,60,1,1,1,1
2191,340000000,463,337,60,45,1,1,1,1
2191,220000000,658,337,280,65,1,1,1,1
2191,210000000,803,383,55,45,1,1,1,1
2192,380000000,-26,354,180,115,1,1,1,1
2192,290000000,262,345,90,60,1,1,1,1
2192,340000000,463,337,60,45,1,1,1,1
2192,220000000,658,337,280,65,1,1,1,1
2192,210000000,803,384,55,45,1,1,1,1
2193,380000000,-26,354,180,115,1,1,1,1
2193,290000000,261,345,90,60,1,1,1,1
2193,340000000,463,337,60,45,1,1,1,1
2193,220000000,658,337,280,65,1,1,1,1
2193,210000000,802,384,55,45,1,1,1,1
2194,380000000,-26,354,180,115,1,1,1,1
2194,290000000,261,345,90,60,1,1,1,1
2194,340000000,463,337,60,45,1,1,1,1
2194,220000000,658,337,280,65,1,1,1,1
2194,210000000,802,384,55,45,1,1,1,1
2195,380000000,-26,354,180,115,1,1,1,1
2195,290000000,261,345,90,60,1,1,1,1
2195,340000000,463,337,60,45,1,1,1,1
2195,220000000,658,337,280,65,1,1,1,1
2195,210000000,802,384,55,45,1,1,1,1
2196,380000000,-26,354,180,115,1,1,1,1
2196,290000000,261,345,90,60,1,1,1,1
2196,340000000,463,337,60,45,1,1,1,1
2196,220000000,658,337,280,65,1,1,1,1
2196,210000000,802,384,55,45,1,1,1,1
2197,380000000,-26,354,180,115,1,1,1,1
2197,290000000,261,345,90,60,1,1,1,1
2197,340000000,463,337,60,45,1,1,1,1
2197,220000000,658,337,280,65,1,1,1,1
2197,210000000,802,384,55,45,1,1,1,1
2198,380000000,-26,354,180,115,1,1,1,1
2198,290000000,261,345,90,60,1,1,1,1
2198,340000000,463,337,60,45,1,1,1,1
2198,220000000,658,337,280,65,1,1,1,1
2198,210000000,802,384,55,45,1,1,1,1
2199,380000000,-26,354,180,115,1,1,1,1
2199,290000000,261,345,90,60,1,1,1,1
2199,340000000,463,337,60,45,1,1,1,1
2199,220000000,658,337,280,65,1,1,1,1
2199,210000000,802,384,55,45,1,1,1,1
2200,380000000,-26,354,180,115,1,1,1,1
2200,290000000,261,345,90,60,1,1,1,1
2200,340000000,463,337,60,45,1,1,1,1
2200,220000000,658,337,280,65,1,1,1,1
2200,210000000,802,384,55,45,1,1,1,1
2201,380000000,-26,354,180,115,1,1,1,1
2201,290000000,261,345,90,60,1,1,1,1
2201,340000000,463,337,60,45,1,1,1,1
2201,220000000,658,337,280,65,1,1,1,1
2201,210000000,802,384,55,45,1,1,1,1
2202,380000000,-26,354,180,115,1,1,1,1
2202,290000000,261,345,90,60,1,1,1,1
2202,340000000,463,337,60,45,1,1,1,1
2202,220000000,658,337,280,65,1,1,1,1
2202,210000000,802,384,55,45,1,1,1,1
2203,380000000,-26,354,180,115,1,1,1,1
2203,290000000,261,345,90,60,1,1,1,1
2203,340000000,463,337,60,45,1,1,1,1
2203,220000000,657,337,280,65,1,1,1,1
2203,210000000,802,384,55,45,1,1,1,1
2204,380000000,-26,354,180,115,1,1,1,1
2204,290000000,261,345,90,60,1,1,1,1
2204,340000000,463,337,60,45,1,1,1,1
2204,220000000,657,337,280,65,1,1,1,1
2204,210000000,802,384,55,45,1,1,1,1
2205,380000000,-26,354,180,115,1,1,1,1
2205,290000000,261,345,90,60,1,1,1,1
2205,340000000,463,337,60,45,1,1,1,1
2205,220000000,657,337,280,65,1,1,1,1
2205,210000000,802,384,55,45,1,1,1,1
2206,380000000,-26,354,180,115,1,1,1,1
2206,290000000,261,345,90,60,1,1,1,1
2206,340000000,463,337,60,45,1,1,1,1
2206,220000000,657,337,280,65,1,1,1,1
2206,210000000,802,384,55,45,1,1,1,1
2207,380000000,-27,354,180,115,1,1,1,1
2207,290000000,261,345,90,60,1,1,1,1
2207,340000000,463,337,60,45,1,1,1,1
2207,220000000,657,337,280,65,1,1,1,1
2207,210000000,802,384,55,45,1,1,1,1
2208,380000000,-27,354,180,115,1,1,1,1
2208,290000000,261,345,90,60,1,1,1,1
2208,340000000,463,337,60,45,1,1,1,1
2208,220000000,657,337,280,65,1,1,1,1
2208,210000000,802,384,55,45,1,1,1,1
2209,380000000,-27,354,180,115,1,1,1,1
2209,290000000,261,345,90,60,1,1,1,1
2209,340000000,463,337,60,45,1,1,1,1
2209,220000000,657,337,280,65,1,1,1,1
2209,210000000,802,384,55,45,1,1,1,1
2210,380000000,-27,354,180,115,1,1,1,1
2210,290000000,261,345,90,60,1,1,1,1
2210,340000000,463,337,60,45,1,1,1,1
2210,220000000,657,337,280,65,1,1,1,1
2210,210000000,802,384,55,45,1,1,1,1
2211,380000000,-27,354,180,115,1,1,1,1
2211,290000000,261,345,90,60,1,1,1,1
2211,340000000,463,337,60,45,1,1,1,1
2211,220000000,657,337,280,65,1,1,1,1
2211,210000000,802,384,55,45,1,1,1,1
2212,380000000,-27,354,180,115,1,1,1,1
2212,290000000,261,345,90,60,1,1,1,1
2212,340000000,463,337,60,45,1,1,1,1
2212,220000000,657,337,280,65,1,1,1,1
2212,210000000,802,384,55,45,1,1,1,1
2213,380000000,-27,354,180,115,1,1,1,1
2213,290000000,261,345,90,60,1,1,1,1
2213,340000000,463,337,60,45,1,1,1,1
2213,220000000,657,337,280,65,1,1,1,1
2213,210000000,801,384,55,45,1,1,1,1
2214,380000000,-27,354,180,115,1,1,1,1
2214,290000000,261,345,90,60,1,1,1,1
2214,340000000,463,337,60,45,1,1,1,1
2214,220000000,657,337,280,65,1,1,1,1
2214,210000000,801,384,55,45,1,1,1,1
2215,380000000,-27,354,180,115,1,1,1,1
2215,290000000,261,345,90,60,1,1,1,1
2215,340000000,463,337,60,45,1,1,1,1
2215,220000000,657,337,280,65,1,1,1,1
2215,210000000,801,384,55,45,1,1,1,1
2216,380000000,-27,354,180,115,1,1,1,1
2216,290000000,261,345,90,60,1,1,1,1
2216,340000000,463,337,60,45,1,1,1,1
2216,220000000,657,337,280,65,1,1,1,1
2216,210000000,801,384,55,45,1,1,1,1
2217,380000000,-27,354,180,115,1,1,1,1
2217,290000000,261,345,90,60,1,1,1,1
2217,340000000,463,337,60,45,1,1,1,1
2217,220000000,657,337,280,65,1,1,1,1
2217,210000000,801,384,55,45,1,1,1,1
2218,380000000,-27,354,180,115,1,1,1,1
2218,290000000,261,345,90,60,1,1,1,1
2218,340000000,463,337,60,45,1,1,1,1
2218,220000000,657,337,280,65,1,1,1,1
2218,210000000,801,384,55,45,1,1,1,1
2219,380000000,-27,354,180,115,1,1,1,1
2219,290000000,261,345,90,60,1,1,1,1
2219,340000000,463,337,60,45,1,1,1,1
2219,220000000,657,337,280,65,1,1,1,1
2219,210000000,801,384,55,45,1,1,1,1
2220,380000000,-27,354,180,115,1,1,1,1
2220,290000000,261,345,90,60,1,1,1,1
2220,340000000,463,337,60,45,1,1,1,1
2220,220000000,657,337,280,65,1,1,1,1
2220,210000000,801,384,55,45,1,1,1,1
2221,380000000,-27,354,180,115,1,1,1,1
2221,290000000,261,345,90,60,1,1,1,1
2221,340000000,463,337,60,45,1,1,1,1
2221,220000000,657,337,280,65,1,1,1,1
2221,210000000,801,384,55,45,1,1,1,1
2222,380000000,-28,354,180,115,1,1,1,1
2222,290000000,261,345,90,60,1,1,1,1
2222,340000000,463,337,60,45,1,1,1,1
2222,220000000,657,337,280,65,1,1,1,1
2222,210000000,801,384,55,45,1,1,1,1
2223,380000000,-28,354,180,115,1,1,1,1
2223,290000000,260,345,90,60,1,1,1,1
2223,340000000,462,337,60,45,1,1,1,1
2223,220000000,657,337,280,65,1,1,1,1
2223,210000000,801,384,55,45,1,1,1,1
2224,380000000,-28,354,180,115,1,1,1,1
2224,290000000,260,345,90,60,1,1,1,1
2224,340000000,462,337,60,45,1,1,1,1
2224,220000000,657,337,280,65,1,1,1,1
2224,210000000,801,384,55,45,1,1,1,1
2225,380000000,-28,354,180,115,1,1,1,1
2225,290000000,260,345,90,60,1,1,1,1
2225,340000000,462,337,60,45,1,1,1,1
2225,220000000,657,337,280,65,1,1,1,1
2225,210000000,801,384,55,45,1,1,1,1
2226,380000000,-28,354,180,115,1,1,1,1
2226,290000000,260,345,90,60,1,1,1,1
2226,340000000,462,337,60,45,1,1,1,1
2226,220000000,657,337,280,65,1,1,1,1
2226,210000000,801,384,55,45,1,1,1,1
2227,380000000,-28,354,180,115,1,1,1,1
2227,290000000,260,345,90,60,1,1,1,1
2227,340000000,462,337,60,45,1,1,1,1
2227,220000000,657,337,280,65,1,1,1,1
2227,210000000,801,384,55,45,1,1,1,1
2228,380000000,-28,354,180,115,1,1,1,1
2228,290000000,260,345,90,60,1,1,1,1
2228,340000000,462,337,60,45,1,1,1,1
2228,220000000,657,337,280,65,1,1,1,1
2228,210000000,801,384,55,45,1,1,1,1
2229,380000000,-28,354,180,115,1,1,1,1
2229,290000000,260,345,90,60,1,1,1,1
2229,340000000,462,337,60,45,1,1,1,1
2229,220000000,657,337,280,65,1,1,1,1
2229,210000000,801,384,55,45,1,1,1,1
2230,380000000,-28,354,180,115,1,1,1,1
2230,290000000,260,345,90,60,1,1,1,1
2230,340000000,462,337,60,45,1,1,1,1
2230,220000000,657,337,280,65,1,1,1,1
2230,210000000,801,384,55,45,1,1,1,1
2231,380000000,-28,354,180,115,1,1,1,1
2231,290000000,260,345,90,60,1,1,1,1
2231,340000000,462,337,60,45,1,1,1,1
2231,220000000,657,337,280,65,1,1,1,1
2231,210000000,801,384,55,45,1,1,1,1
2232,380000000,-28,354,180,115,1,1,1,1
2232,290000000,260,345,90,60,1,1,1,1
2232,340000000,462,337,60,45,1,1,1,1
2232,220000000,657,337,280,65,1,1,1,1
2232,210000000,801,384,55,45,1,1,1,1
2233,380000000,-28,354,180,115,1,1,1,1
2233,290000000,260,345,90,60,1,1,1,1
2233,340000000,462,337,60,45,1,1,1,1
2233,220000000,657,337,280,65,1,1,1,1
2233,210000000,800,384,55,45,1,1,1,1
2234,380000000,-28,354,180,115,1,1,1,1
2234,290000000,260,345,90,60,1,1,1,1
2234,340000000,462,337,60,45,1,1,1,1
2234,220000000,657,337,280,65,1,1,1,1
2234,210000000,800,384,55,45,1,1,1,1
2235,380000000,-28,354,180,115,1,1,1,1
2235,290000000,260,345,90,60,1,1,1,1
2235,340000000,462,337,60,45,1,1,1,1
2235,220000000,657,337,280,65,1,1,1,1
2235,210000000,800,384,55,45,1,1,1,1
2236,380000000,-28,354,180,115,1,1,1,1
2236,290000000,260,345,90,60,1,1,1,1
2236,340000000,462,337,60,45,1,1,1,1
2236,220000000,657,337,280,65,1,1,1,1
2236,210000000,800,384,55,45,1,1,1,1
2237,380000000,-29,354,180,115,1,1,1,1
2237,290000000,260,345,90,60,1,1,1,1
2237,340000000,462,337,60,45,1,1,1,1
2237,220000000,657,337,280,65,1,1,1,1
2237,210000000,800,384,55,45,1,1,1,1
2238,380000000,-29,354,180,115,1,1,1,1
2238,290000000,260,345,90,60,1,1,1,1
2238,340000000,462,337,60,45,1,1,1,1
2238,220000000,657,337,280,65,1,1,1,1
2238,210000000,800,384,55,45,1,1,1,1
2239,380000000,-29,354,180,115,1,1,1,1
2239,290000000,260,345,90,60,1,1,1,1
2239,340000000,462,337,60,45,1,1,1,1
2239,220000000,657,337,280,65,1,1,1,1
2239,210000000,800,384,55,45,1,1,1,1
2240,380000000,-29,354,180,115,1,1,1,1
2240,290000000,260,345,90,60,1,1,1,1
2240,340000000,462,337,60,45,1,1,1,1
2240,220000000,657,337,280,65,1,1,1,1
2240,210000000,800,384,55,45,1,1,1,1
2241,380000000,-29,354,180,115,1,1,1,1
2241,290000000,260,345,90,60,1,1,1,1
2241,340000000,462,337,60,45,1,1,1,1
2241,220000000,657,337,280,65,1,1,1,1
2241,210000000,800,384,55,45,1,1,1,1
2242,380000000,-29,354,180,115,1,1,1,1
2242,290000000,260,345,90,60,1,1,1,1
2242,340000000,462,337,60,45,1,1,1,1
2242,220000000,657,337,280,65,1,1,1,1
2242,210000000,800,384,55,45,1,1,1,1
2243,380000000,-29,354,180,115,1,1,1,1
2243,290000000,260,345,90,60,1,1,1,1
2243,340000000,462,337,60,45,1,1,1,1
2243,220000000,657,337,280,65,1,1,1,1
2243,210000000,800,384,55,45,1,1,1,1
2244,380000000,-29,354,180,115,1,1,1,1
2244,290000000,260,345,90,60,1,1,1,1
2244,340000000,462,337,60,45,1,1,1,1
2244,220000000,657,337,280,65,1,1,1,1
2244,210000000,800,384,55,45,1,1,1,1
2245,380000000,-29,354,180,115,1,1,1,1
2245,290000000,260,345,90,60,1,1,1,1
2245,340000000,462,337,60,45,1,1,1,1
2245,220000000,657,337,280,65,1,1,1,1
2245,210000000,800,384,55,45,1,1,1,1
2246,380000000,-29,354,180,115,1,1,1,1
2246,290000000,260,345,90,60,1,1,1,1
2246,340000000,462,337,60,45,1,1,1,1
2246,220000000,657,337,280,65,1,1,1,1
2246,210000000,800,384,55,45,1,1,1,1
2247,380000000,-29,354,180,115,1,1,1,1
2247,290000000,260,345,90,60,1,1,1,1
2247,340000000,462,337,60,45,1,1,1,1
2247,220000000,657,337,280,65,1,1,1,1
2247,210000000,800,384,55,45,1,1,1,1
2248,380000000,-29,354,180,115,1,1,1,1
2248,290000000,260,345,90,60,1,1,1,1
2248,340000000,462,337,60,45,1,1,1,1
2248,220000000,657,337,280,65,1,1,1,1
2248,210000000,800,384,55,45,1,1,1,1
2249,380000000,-29,354,180,115,1,1,1,1
2249,290000000,260,345,90,60,1,1,1,1
2249,340000000,462,337,60,45,1,1,1,1
2249,220000000,657,337,280,65,1,1,1,1
2249,210000000,800,384,55,45,1,1,1,1
2250,380000000,-29,354,180,115,1,1,1,1
2250,290000000,260,345,90,60,1,1,1,1
2250,340000000,462,337,60,45,1,1,1,1
2250,220000000,657,337,280,65,1,1,1,1
2250,210000000,800,384,55,45,1,1,1,1
2251,380000000,-29,354,180,115,1,1,1,1
2251,290000000,260,345,90,60,1,1,1,1
2251,340000000,462,337,60,45,1,1,1,1
2251,220000000,657,337,280,65,1,1,1,1
2251,210000000,800,384,55,45,1,1,1,1
2252,380000000,-30,355,180,115,1,1,1,1
2252,290000000,260,345,90,60,1,1,1,1
2252,340000000,462,337,60,45,1,1,1,1
2252,220000000,657,337,280,65,1,1,1,1
2252,210000000,800,385,55,45,1,1,1,1
2253,380000000,-30,355,180,115,1,1,1,1
2253,290000000,259,345,90,60,1,1,1,1
2253,340000000,462,337,60,45,1,1,1,1
2253,220000000,657,337,280,65,1,1,1,1
2253,210000000,799,385,55,45,1,1,1,1
2254,380000000,-30,355,180,115,1,1,1,1
2254,290000000,259,345,90,60,1,1,1,1
2254,340000000,462,337,60,45,1,1,1,1
2254,220000000,657,337,280,65,1,1,1,1
2254,210000000,799,385,55,45,1,1,1,1
2255,380000000,-30,355,180,115,1,1,1,1
2255,290000000,259,345,90,60,1,1,1,1
2255,340000000,462,337,60,45,1,1,1,1
2255,220000000,657,337,280,65,1,1,1,1
2255,210000000,799,385,55,45,1,1,1,1
2256,380000000,-30,355,180,115,1,1,1,1
2256,290000000,259,345,90,60,1,1,1,1
2256,340000000,462,337,60,45,1,1,1,1
2256,220000000,657,337,280,65,1,1,1,1
2256,210000000,799,385,55,45,1,1,1,1
2257,380000000,-30,355,180,115,1,1,1,1
2257,290000000,259,345,90,60,1,1,1,1
2257,340000000,462,337,60,45,1,1,1,1
2257,220000000,657,337,280,65,1,1,1,1
2257,210000000,799,385,55,45,1,1,1,1
2258,380000000,-30,355,180,115,1,1,1,1
2258,290000000,259,345,90,60,1,1,1,1
2258,340000000,462,337,60,45,1,1,1,1
2258,220000000,657,337,280,65,1,1,1,1
2258,210000000,799,385,55,45,1,1,1,1
2259,380000000,-30,355,180,115,1,1,1,1
2259,290000000,259,345,90,60,1,1,1,1
2259,340000000,462,337,60,45,1,1,1,1
2259,220000000,657,337,280,65,1,1,1,1
2259,210000000,799,385,55,45,1,1,1,1
2260,380000000,-30,355,180,115,1,1,1,1
2260,290000000,259,345,90,60,1,1,1,1
2260,340000000,462,337,60,45,1,1,1,1
2260,220000000,657,337,280,65,1,1,1,1
2260,210000000,799,385,55,45,1,1,1,1
2261,380000000,-30,355,180,115,1,1,1,1
2261,290000000,259,345,90,60,1,1,1,1
2261,340000000,462,337,60,45,1,1,1,1
2261,220000000,657,337,280,65,1,1,1,1
2261,210000000,799,385,55,45,1,1,1,1
2262,380000000,-30,355,180,115,1,1,1,1
2262,290000000,259,345,90,60,1,1,1,1
2262,340000000,462,337,60,45,1,1,1,1
2262,220000000,657,337,280,65,1,1,1,1
2262,210000000,799,385,55,45,1,1,1,1
2263,380000000,-30,355,180,115,1,1,1,1
2263,290000000,259,345,90,60,1,1,1,1
2263,340000000,462,337,60,45,1,1,1,1
2263,220000000,657,337,280,65,1,1,1,1
2263,210000000,799,385,55,45,1,1,1,1
2264,380000000,-30,355,180,115,1,1,1,1
2264,290000000,259,345,90,60,1,1,1,1
2264,340000000,462,337,60,45,1,1,1,1
2264,220000000,657,337,280,65,1,1,1,1
2264,210000000,799,385,55,45,1,1,1,1
2265,380000000,-30,355,180,115,1,1,1,1
2265,290000000,259,345,90,60,1,1,1,1
2265,340000000,462,337,60,45,1,1,1,1
2265,220000000,657,337,280,65,1,1,1,1
2265,210000000,799,385,55,45,1,1,1,1
2266,380000000,-30,355,180,115,1,1,1,1
2266,290000000,259,345,90,60,1,1,1,1
2266,340000000,462,337,60,45,1,1,1,1
2266,220000000,657,337,280,65,1,1,1,1
2266,210000000,799,385,55,45,1,1,1,1
2267,380000000,-31,355,180,115,1,1,1,1
2267,290000000,259,345,90,60,1,1,1,1
2267,340000000,462,337,60,45,1,1,1,1
2267,220000000,657,337,280,65,1,1,1,1
2267,210000000,799,385,55,45,1,1,1,1
2268,380000000,-31,355,180,115,1,1,1,1
2268,290000000,259,345,90,60,1,1,1,1
2268,340000000,462,337,60,45,1,1,1,1
2268,220000000,657,337,280,65,1,1,1,1
2268,210000000,799,385,55,45,1,1,1,1
2269,380000000,-31,355,180,115,1,1,1,1
2269,290000000,259,345,90,60,1,1,1,1
2269,340000000,462,337,60,45,1,1,1,1
2269,220000000,657,337,280,65,1,1,1,1
2269,210000000,799,385,55,45,1,1,1,1
2270,380000000,-31,355,180,115,1,1,1,1
2270,290000000,259,345,90,60,1,1,1,1
2270,340000000,462,337,60,45,1,1,1,1
2270,220000000,657,337,280,65,1,1,1,1
2270,210000000,799,385,55,45,1,1,1,1
2271,380000000,-31,355,180,115,1,1,1,1
2271,290000000,259,345,90,60,1,1,1,1
2271,340000000,462,337,60,45,1,1,1,1
2271,220000000,657,337,280,65,1,1,1,1
2271,210000000,799,385,55,45,1,1,1,1
2272,380000000,-31,355,180,115,1,1,1,1
2272,290000000,259,345,90,60,1,1,1,1
2272,340000000,462,337,60,45,1,1,1,1
2272,220000000,657,337,280,65,1,1,1,1
2272,210000000,799,385,55,45,1,1,1,1
2273,380000000,-31,355,180,115,1,1,1,1
2273,290000000,259,345,90,60,1,1,1,1
2273,340000000,462,337,60,45,1,1,1,1
2273,220000000,657,337,280,65,1,1,1,1
2273,210000000,798,385,55,45,1,1,1,1
2274,380000000,-31,355,180,115,1,1,1,1
2274,290000000,259,345,90,60,1,1,1,1
2274,340000000,462,337,60,45,1,1,1,1
2274,220000000,657,337,280,65,1,1,1,1
2274,210000000,798,385,55,45,1,1,1,1
2275,380000000,-31,355,180,115,1,1,1,1
2275,290000000,259,345,90,60,1,1,1,1
2275,340000000,462,337,60,45,1,1,1,1
2275,220000000,657,337,280,65,1,1,1,1
2275,210000000,798,385,55,45,1,1,1,1
2276,380000000,-31,355,180,115,1,1,1,1
2276,290000000,259,345,90,60,1,1,1,1
2276,340000000,462,337,60,45,1,1,1,1
2276,220000000,657,337,280,65,1,1,1,1
2276,210000000,798,385,55,45,1,1,1,1
2277,380000000,-31,355,180,115,1,1,1,1
2277,290000000,259,345,90,60,1,1,1,1
2277,340000000,462,337,60,45,1,1,1,1
2277,220000000,657,337,280,65,1,1,1,1
2277,210000000,798,385,55,45,1,1,1,1
2278,380000000,-31,355,180,115,1,1,1,1
2278,290000000,259,345,90,60,1,1,1,1
2278,340000000,462,337,60,45,1,1,1,1
2278,220000000,657,337,280,65,1,1,1,1
2278,210000000,798,385,55,45,1,1,1,1
2279,380000000,-31,355,180,115,1,1,1,1
2279,290000000,259,345,90,60,1,1,1,1
2279,340000000,462,337,60,45,1,1,1,1
2279,220000000,657,337,280,65,1,1,1,1
2279,210000000,798,385,55,45,1,1,1,1
2280,380000000,-31,355,180,115,1,1,1,1
2280,290000000,259,345,90,60,1,1,1,1
2280,340000000,462,337,60,45,1,1,1,1
2280,220000000,657,337,280,65,1,1,1,1
2280,210000000,798,385,55,45,1,1,1,1
2281,380000000,-31,355,180,115,1,1,1,1
2281,290000000,259,345,90,60,1,1,1,1
2281,340000000,462,337,60,45,1,1,1,1
2281,220000000,657,337,280,65,1,1,1,1
2281,210000000,798,385,55,45,1,1,1,1
2282,380000000,-32,355,180,115,1,1,1,1
2282,290000000,259,345,90,60,1,1,1,1
2282,340000000,462,337,60,45,1,1,1,1
2282,220000000,657,337,280,65,1,1,1,1
2282,210000000,798,385,55,45,1,1,1,1
2283,380000000,-32,355,180,115,1,1,1,1
2283,290000000,258,345,90,60,1,1,1,1
2283,340000000,461,337,60,45,1,1,1,1
2283,220000000,657,337,280,65,1,1,1,1
2283,210000000,798,385,55,45,1,1,1,1
2284,380000000,-32,355,180,115,1,1,1,1
2284,290000000,258,345,90,60,1,1,1,1
2284,340000000,461,337,60,45,1,1,1,1
2284,220000000,657,337,280,65,1,1,1,1
2284,210000000,798,385,55,45,1,1,1,1
2285,380000000,-32,355,180,115,1,1,1,1
2285,290000000,258,345,90,60,1,1,1,1
2285,340000000,461,337,60,45,1,1,1,1
2285,220000000,657,337,280,65,1,1,1,1
2285,210000000,798,385,55,45,1,1,1,1
2286,380000000,-32,355,180,115,1,1,1,1
2286,290000000,258,345,90,60,1,1,1,1
2286,340000000,461,337,60,45,1,1,1,1
2286,220000000,657,337,280,65,1,1,1,1
2286,210000000,798,385,55,45,1,1,1,1
2287,380000000,-32,355,180,115,1,1,1,1
2287,290000000,258,345,90,60,1,1,1,1
2287,340000000,461,337,60,45,1,1,1,1
2287,220000000,657,337,280,65,1,1,1,1
2287,210000000,798,385,55,45,1,1,1,1
2288,380000000,-32,355,180,115,1,1,1,1
2288,290000000,258,345,90,60,1,1,1,1
2288,340000000,461,337,60,45,1,1,1,1
2288,220000000,657,337,280,65,1,1,1,1
2288,210000000,798,385,55,45,1,1,1,1
2289,380000000,-32,355,180,115,1,1,1,1
2289,290000000,258,345,90,60,1,1,1,1
2289,340000000,461,337,60,45,1,1,1,1
2289,220000000,657,337,280,65,1,1,1,1
2289,210000000,798,385,55,45,1,1,1,1
2290,380000000,-32,355,180,115,1,1,1,1
2290,290000000,258,345,90,60,1,1,1,1
2290,340000000,461,337,60,45,1,1,1,1
2290,220000000,657,337,280,65,1,1,1,1
2290,210000000,798,385,55,45,1,1,1,1
2291,380000000,-32,355,180,115,1,1,1,1
2291,290000000,258,345,90,60,1,1,1,1
2291,340000000,461,337,60,45,1,1,1,1
2291,220000000,657,337,280,65,1,1,1,1
2291,210000000,798,385,55,45,1,1,1,1
2292,380000000,-32,355,180,115,1,1,1,1
2292,290000000,258,345,90,60,1,1,1,1
2292,340000000,461,337,60,45,1,1,1,1
2292,220000000,657,337,280,65,1,1,1,1
2292,210000000,798,385,55,45,1,1,1,1
2293,380000000,-32,355,180,115,1,1,1,1
2293,290000000,258,345,90,60,1,1,1,1
2293,340000000,461,337,60,45,1,1,1,1
2293,220000000,657,337,280,65,1,1,1,1
2293,210000000,797,385,55,45,1,1,1,1
2294,380000000,-32,355,180,115,1,1,1,1
2294,290000000,258,345,90,60,1,1,1,1
2294,340000000,461,337,60,45,1,1,1,1
2294,220000000,657,337,280,65,1,1,1,1
2294,210000000,797,385,55,45,1,1,1,1
2295,380000000,-32,355,180,115,1,1,1,1
2295,290000000,258,345,90,60,1,1,1,1
2295,340000000,461,337,60,45,1,1,1,1
2295,220000000,657,337,280,65,1,1,1,1
2295,210000000,797,385,55,45,1,1,1,1
2296,380000000,-32,355,180,115,1,1,1,1
2296,290000000,258,345,90,60,1,1,1,1
2296,340000000,461,337,60,45,1,1,1,1
2296,220000000,657,337,280,65,1,1,1,1
2296,210000000,797,385,55,45,1,1,1,1
2297,380000000,-33,355,180,115,1,1,1,1
2297,290000000,258,345,90,60,1,1,1,1
2297,340000000,461,337,60,45,1,1,1,1
2297,220000000,657,337,280,65,1,1,1,1
2297,210000000,797,385,55,45,1,1,1,1
2298,380000000,-33,355,180,115,1,1,1,1
2298,290000000,258,345,90,60,1,1,1,1
2298,340000000,461,337,60,45,1,1,1,1
2298,220000000,657,337,280,65,1,1,1,1
2298,210000000,797,385,55,45,1,1,1,1
2299,380000000,-33,355,180,115,1,1,1,1
2299,290000000,258,345,90,60,1,1,1,1
2299,340000000,461,337,60,45,1,1,1,1
2299,220000000,657,337,280,65,1,1,1,1
2299,210000000,797,385,55,45,1,1,1,1
2300,380000000,-33,355,180,115,1,1,1,1
2300,290000000,258,345,90,60,1,1,1,1
2300,340000000,461,337,60,45,1,1,1,1
2300,220000000,657,337,280,65,1,1,1,1
2300,210000000,797,385,55,45,1,1,1,1
2301,380000000,-33,355,180,115,1,1,1,1
2301,290000000,258,345,90,60,1,1,1,1
2301,340000000,461,337,60,45,1,1,1,1
2301,220000000,657,337,280,65,1,1,1,1
2301,210000000,797,385,55,45,1,1,1,1
2302,380000000,-33,355,180,115,1,1,1,1
2302,290000000,258,345,90,60,1,1,1,1
2302,340000000,461,337,60,45,1,1,1,1
2302,220000000,657,337,280,65,1,1,1,1
2302,210000000,797,385,55,45,1,1,1,1
2303,380000000,-33,355,180,115,1,1,1,1
2303,290000000,258,345,90,60,1,1,1,1
2303,340000000,461,337,60,45,1,1,1,1
2303,220000000,656,337,280,65,1,1,1,1
2303,210000000,797,385,55,45,1,1,1,1
2304,380000000,-33,355,180,115,1,1,1,1
2304,290000000,258,345,90,60,1,1,1,1
2304,340000000,461,337,60,45,1,1,1,1
2304,220000000,656,337,280,65,1,1,1,1
2304,210000000,797,385,55,45,1,1,1,1
2305,380000000,-33,355,180,115,1,1,1,1
2305,290000000,258,345,90,60,1,1,1,1
2305,340000000,461,337,60,45,1,1,1,1
2305,220000000,656,337,280,65,1,1,1,1
2305,210000000,797,385,55,45,1,1,1,1
2306,380000000,-33,355,180,115,1,1,1,1
2306,290000000,258,345,90,60,1,1,1,1
2306,340000000,461,337,60,45,1,1,1,1
2306,220000000,656,337,280,65,1,1,1,1
2306,210000000,797,385,55,45,1,1,1,1
2307,380000000,-33,355,180,115,1,1,1,1
2307,290000000,258,345,90,60,1,1,1,1
2307,340000000,461,337,60,45,1,1,1,1
2307,220000000,656,337,280,65,1,1,1,1
2307,210000000,797,385,55,45,1,1,1,1
2308,380000000,-33,355,180,115,1,1,1,1
2308,290000000,258,345,90,60,1,1,1,1
2308,340000000,461,337,60,45,1,1,1,1
2308,220000000,656,337,280,65,1,1,1,1
2308,210000000,797,385,55,45,1,1,1,1
2309,380000000,-33,355,180,115,1,1,1,1
2309,290000000,258,345,90,60,1,1,1,1
2309,340000000,461,337,60,45,1,1,1,1
2309,220000000,656,337,280,65,1,1,1,1
2309,210000000,797,385,55,45,1,1,1,1
2310,380000000,-33,355,180,115,1,1,1,1
2310,290000000,258,345,90,60,1,1,1,1
2310,340000000,461,337,60,45,1,1,1,1
2310,220000000,656,337,280,65,1,1,1,1
2310,210000000,797,385,55,45,1,1,1,1
2311,380000000,-33,355,180,115,1,1,1,1
2311,290000000,258,345,90,60,1,1,1,1
2311,340000000,461,337,60,45,1,1,1,1
2311,220000000,656,337,280,65,1,1,1,1
2311,210000000,797,385,55,45,1,1,1,1
2312,380000000,-34,356,180,115,1,1,1,1
2312,290000000,258,345,90,60,1,1,1,1
2312,340000000,461,337,60,45,1,1,1,1
2312,220000000,656,337,280,65,1,1,1,1
2312,210000000,797,386,55,45,1,1,1,1
2313,380000000,-34,356,180,115,1,1,1,1
2313,290000000,257,345,90,60,1,1,1,1
2313,340000000,461,337,60,45,1,1,1,1
2313,220000000,656,337,280,65,1,1,1,1
2313,210000000,796,386,55,45,1,1,1,1
2314,380000000,-34,356,180,115,1,1,1,1
2314,290000000,257,345,90,60,1,1,1,1
2314,340000000,461,337,60,45,1,1,1,1
2314,220000000,656,337,280,65,1,1,1,1
2314,210000000,796,386,55,45,1,1,1,1
2315,380000000,-34,356,180,115,1,1,1,1
2315,290000000,257,345,90,60,1,1,1,1
2315,340000000,461,337,60,45,1,1,1,1
2315,220000000,656,337,280,65,1,1,1,1
2315,210000000,796,386,55,45,1,1,1,1
2316,380000000,-34,356,180,115,1,1,1,1
2316,290000000,257,345,90,60,1,1,1,1
2316,340000000,461,337,60,45,1,1,1,1
2316,220000000,656,337,280,65,1,1,1,1
2316,210000000,796,386,55,45,1,1,1,1
2317,380000000,-34,356,180,115,1,1,1,1
2317,290000000,257,345,90,60,1,1,1,1
2317,340000000,461,337,60,45,1,1,1,1
2317,220000000,656,337,280,65,1,1,1,1
2317,210000000,796,386,55,45,1,1,1,1
2318,380000000,-34,356,180,115,1,1,1,1
2318,290000000,257,345,90,60,1,1,1,1
2318,340000000,461,337,60,45,1,1,1,1
2318,220000000,656,337,280,65,1,1,1,1
2318,210000000,796,386,55,45,1,1,1,1
2319,380000000,-34,356,180,115,1,1,1,1
2319,290000000,257,345,90,60,1,1,1,1
2319,340000000,461,337,60,45,1,1,1,1
2319,220000000,656,337,280,65,1,1,1,1
2319,210000000,796,386,55,45,1,1,1,1
2320,380000000,-34,356,180,115,1,1,1,1
2320,290000000,257,345,90,60,1,1,1,1
2320,340000000,461,337,60,45,1,1,1,1
2320,220000000,656,337,280,65,1,1,1,1
2320,210000000,796,386,55,45,1,1,1,1
2321,380000000,-34,356,180,115,1,1,1,1
2321,290000000,257,345,90,60,1,1,1,1
2321,340000000,461,337,60,45,1,1,1,1
2321,220000000,656,337,280,65,1,1,1,1
2321,210000000,796,386,55,45,1,1,1,1
2322,380000000,-34,356,180,115,1,1,1,1
2322,290000000,257,345,90,60,1,1,1,1
2322,340000000,461,337,60,45,1,1,1,1
2322,220000000,656,337,280,65,1,1,1,1
2322,210000000,796,386,55,45,1,1,1,1
2323,380000000,-34,356,180,115,1,1,1,1
2323,290000000,257,345,90,60,1,1,1,1
2323,340000000,461,337,60,45,1,1,1,1
2323,220000000,656,337,280,65,1,1,1,1
2323,210000000,796,386,55,45,1,1,1,1
2324,380000000,-34,356,180,115,1,1,1,1
2324,290000000,257,345,90,60,1,1,1,1
2324,340000000,461,337,60,45,1,1,1,1
2324,220000000,656,337,280,65,1,1,1,1
2324,210000000,796,386,55,45,1,1,1,1
2325,380000000,-34,356,180,115,1,1,1,1
2325,290000000,257,345,90,60,1,1,1,1
2325,340000000,461,337,60,45,1,1,1,1
2325,220000000,656,337,280,65,1,1,1,1
2325,210000000,796,386,55,45,1,1,1,1
2326,380000000,-34,356,180,115,1,1,1,1
2326,290000000,257,345,90,60,1,1,1,1
2326,340000000,461,337,60,45,1,1,1,1
2326,220000000,656,337,280,65,1,1,1,1
2326,210000000,796,386,55,45,1,1,1,1
2327,380000000,-35,356,180,115,1,1,1,1
2327,290000000,257,345,90,60,1,1,1,1
2327,340000000,461,337,60,45,1,1,1,1
2327,220000000,656,337,280,65,1,1,1,1
2327,210000000,796,386,55,45,1,1,1,1
2328,380000000,-35,356,180,115,1,1,1,1
2328,290000000,257,345,90,60,1,1,1,1
2328,340000000,461,337,60,45,1,1,1,1
2328,220000000,656,337,280,65,1,1,1,1
2328,210000000,796,386,55,45,1,1,1,1
2329,380000000,-35,356,180,115,1,1,1,1
2329,290000000,257,345,90,60,1,1,1,1
2329,340000000,461,337,60,45,1,1,1,1
2329,220000000,656,337,280,65,1,1,1,1
2329,210000000,796,386,55,45,1,1,1,1
2330,380000000,-35,356,180,115,1,1,1,1
2330,290000000,257,345,90,60,1,1,1,1
2330,340000000,461,337,60,45,1,1,1,1
2330,220000000,656,337,280,65,1,1,1,1
2330,210000000,796,386,55,45,1,1,1,1
2331,380000000,-35,356,180,115,1,1,1,1
2331,290000000,257,345,90,60,1,1,1,1
2331,340000000,461,337,60,45,1,1,1,1
2331,220000000,656,337,280,65,1,1,1,1
2331,210000000,796,386,55,45,1,1,1,1
2332,380000000,-35,356,180,115,1,1,1,1
2332,290000000,257,345,90,60,1,1,1,1
2332,340000000,461,337,60,45,1,1,1,1
2332,220000000,656,337,280,65,1,1,1,1
2332,210000000,796,386,55,45,1,1,1,1
2333,380000000,-35,356,180,115,1,1,1,1
2333,290000000,257,345,90,60,1,1,1,1
2333,340000000,461,337,60,45,1,1,1,1
2333,220000000,656,337,280,65,1,1,1,1
2333,210000000,795,386,55,45,1,1,1,1
2334,380000000,-35,356,180,115,1,1,1,1
2334,290000000,257,345,90,60,1,1,1,1
2334,340000000,461,337,60,45,1,1,1,1
2334,220000000,656,337,280,65,1,1,1,1
2334,210000000,795,386,55,45,1,1,1,1
2335,380000000,-35,356,180,115,1,1,1,1
2335,290000000,257,345,90,60,1,1,1,1
2335,340000000,461,337,60,45,1,1,1,1
2335,220000000,656,337,280,65,1,1,1,1
2335,210000000,795,386,55,45,1,1,1,1
2336,380000000,-35,356,180,115,1,1,1,1
2336,290000000,257,345,90,60,1,1,1,1
2336,340000000,461,337,60,45,1,1,1,1
2336,220000000,656,337,280,65,1,1,1,1
2336,210000000,795,386,55,45,1,1,1,1
2337,380000000,-35,356,180,115,1,1,1,1
2337,290000000,257,345,90,60,1,1,1,1
2337,340000000,461,337,60,45,1,1,1,1
2337,220000000,656,337,280,65,1,1,1,1
2337,210000000,795,386,55,45,1,1,1,1
2338,380000000,-35,356,180,115,1,1,1,1
2338,290000000,257,345,90,60,1,1,1,1
2338,340000000,461,337,60,45,1,1,1,1
2338,220000000,656,337,280,65,1,1,1,1
2338,210000000,795,386,55,45,1,1,1,1
2339,380000000,-35,356,180,115,1,1,1,1
2339,290000000,257,345,90,60,1,1,1,1
2339,340000000,461,337,60,45,1,1,1,1
2339,220000000,656,337,280,65,1,1,1,1
2339,210000000,795,386,55,45,1,1,1,1
2340,380000000,-35,356,180,115,1,1,1,1
2340,290000000,257,345,90,60,1,1,1,1
2340,340000000,461,337,60,45,1,1,1,1
2340,220000000,656,337,280,65,1,1,1,1
2340,210000000,795,386,55,45,1,1,1,1
2341,380000000,-35,356,180,115,1,1,1,1
2341,290000000,257,345,90,60,1,1,1,1
2341,340000000,461,337,60,45,1,1,1,1
2341,220000000,656,337,280,65,1,1,1,1
2341,210000000,795,386,55,45,1,1,1,1
2342,380000000,-36,356,180,115,1,1,1,1
2342,290000000,257,345,90,60,1,1,1,1
2342,340000000,461,337,60,45,1,1,1,1
2342,220000000,656,337,280,65,1,1,1,1
2342,210000000,795,386,55,45,1,1,1,1
2343,380000000,-36,356,180,115,1,1,1,1
2343,290000000,256,345,90,60,1,1,1,1
2343,340000000,460,337,60,45,1,1,1,1
2343,220000000,656,337,280,65,1,1,1,1
2343,210000000,795,386,55,45,1,1,1,1
2344,380000000,-36,356,180,115,1,1,1,1
2344,290000000,256,345,90,60,1,1,1,1
2344,340000000,460,337,60,45,1,1,1,1
2344,220000000,656,337,280,65,1,1,1,1
2344,210000000,795,386,55,45,1,1,1,1
2345,380000000,-36,356,180,115,1,1,1,1
2345,290000000,256,345,90,60,1,1,1,1
2345,340000000,460,337,60,45,1,1,1,1
2345,220000000,656,337,280,65,1,1,1,1
2345,210000000,795,386,55,45,1,1,1,1
2346,380000000,-36,356,180,115,1,1,1,1
2346,290000000,256,345,90,60,1,1,1,1
2346,340000000,460,337,60,45,1,1,1,1
2346,220000000,656,337,280,65,1,1,1,1
2346,210000000,795,386,55,45,1,1,1,1
2347,380000000,-36,356,180,115,1,1,1,1
2347,290000000,256,345,90,60,1,1,1,1
2347,340000000,460,337,60,45,1,1,1,1
2347,220000000,656,337,280,65,1,1,1,1
2347,210000000,795,386,55,45,1,1,1,1
2348,380000000,-36,356,180,115,1,1,1,1
2348,290000000,256,345,90,60,1,1,1,1
2348,340000000,460,337,60,45,1,1,1,1
2348,220000000,656,337,280,65,1,1,1,1
2348,210000000,795,386,55,45,1,1,1,1
2349,380000000,-36,356,180,115,1,1,1,1
2349,290000000,256,345,90,60,1,1,1,1
2349,340000000,460,337,60,45,1,1,1,1
2349,220000000,656,337,280,65,1,1,1,1
2349,210000000,795,386,55,45,1,1,1,1
2350,380000000,-36,356,180,115,1,1,1,1
2350,290000000,256,345,90,60,1,1,1,1
2350,340000000,460,337,60,45,1,1,1,1
2350,220000000,656,337,280,65,1,1,1,1
2350,210000000,795,386,55,45,1,1,1,1
2351,380000000,-36,356,180,115,1,1,1,1
2351,290000000,256,345,90,60,1,1,1,1
2351,340000000,460,337,60,45,1,1,1,1
2351,220000000,656,337,280,65,1,1,1,1
2351,210000000,795,386,55,45,1,1,1,1
2352,380000000,-36,356,180,115,1,1,1,1
2352,290000000,256,345,90,60,1,1,1,1
2352,340000000,460,337,60,45,1,1,1,1
2352,220000000,656,337,280,65,1,1,1,1
2352,210000000,795,386,55,45,1,1,1,1
2353,380000000,-36,356,180,115,1,1,1,1
2353,290000000,256,345,90,60,1,1,1,1
2353,340000000,460,337,60,45,1,1,1,1
2353,220000000,656,337,280,65,1,1,1,1
2353,210000000,794,386,55,45,1,1,1,1
2354,380000000,-36,356,180,115,1,1,1,1
2354,290000000,256,345,90,60,1,1,1,1
2354,340000000,460,337,60,45,1,1,1,1
2354,220000000,656,337,280,65,1,1,1,1
2354,210000000,794,386,55,45,1,1,1,1
2355,380000000,-36,356,180,115,1,1,1,1
2355,290000000,256,345,90,60,1,1,1,1
2355,340000000,460,337,60,45,1,1,1,1
2355,220000000,656,337,280,65,1,1,1,1
2355,210000000,794,386,55,45,1,1,1,1
2356,380000000,-36,356,180,115,1,1,1,1
2356,290000000,256,345,90,60,1,1,1,1
2356,340000000,460,337,60,45,1,1,1,1
2356,220000000,656,337,280,65,1,1,1,1
2356,210000000,794,386,55,45,1,1,1,1
2357,380000000,-37,356,180,115,1,1,1,1
2357,290000000,256,345,90,60,1,1,1,1
2357,340000000,460,337,60,45,1,1,1,1
2357,220000000,656,337,280,65,1,1,1,1
2357,210000000,794,386,55,45,1,1,1,1
2358,380000000,-37,356,180,115,1,1,1,1
2358,290000000,256,345,90,60,1,1,1,1
2358,340000000,460,337,60,45,1,1,1,1
2358,220000000,656,337,280,65,1,1,1,1
2358,210000000,794,386,55,45,1,1,1,1
2359,380000000,-37,356,180,115,1,1,1,1
2359,290000000,256,345,90,60,1,1,1,1
2359,340000000,460,337,60,45,1,1,1,1
2359,220000000,656,337,280,65,1,1,1,1
2359,210000000,794,386,55,45,1,1,1,1
2360,380000000,-37,356,180,115,1,1,1,1
2360,290000000,256,345,90,60,1,1,1,1
2360,340000000,460,337,60,45,1,1,1,1
2360,220000000,656,337,280,65,1,1,1,1
2360,210000000,794,386,55,45,1,1,1,1
2361,380000000,-37,356,180,115,1,1,1,1
2361,290000000,256,345,90,60,1,1,1,1
2361,340000000,460,337,60,45,1,1,1,1
2361,220000000,656,337,280,65,1,1,1,1
2361,210000000,794,386,55,45,1,1,1,1
2362,380000000,-37,356,180,115,1,1,1,1
2362,290000000,256,345,90,60,1,1,1,1
2362,340000000,460,337,60,45,1,1,1,1
2362,220000000,656,337,280,65,1,1,1,1
2362,210000000,794,386,55,45,1,1,1,1
2363,380000000,-37,356,180,115,1,1,1,1
2363,290000000,256,345,90,60,1,1,1,1
2363,340000000,460,337,60,45,1,1,1,1
2363,220000000,656,337,280,65,1,1,1,1
2363,210000000,794,386,55,45,1,1,1,1
2364,380000000,-37,356,180,115,1,1,1,1
2364,290000000,256,345,90,60,1,1,1,1
2364,340000000,460,337,60,45,1,1,1,1
2364,220000000,656,337,280,65,1,1,1,1
2364,210000000,794,386,55,45,1,1,1,1
2365,380000000,-37,356,180,115,1,1,1,1
2365,290000000,256,345,90,60,1,1,1,1
2365,340000000,460,337,60,45,1,1,1,1
2365,220000000,656,337,280,65,1,1,1,1
2365,210000000,794,386,55,45,1,1,1,1
2366,380000000,-37,356,180,115,1,1,1,1
2366,290000000,256,345,90,60,1,1,1,1
2366,340000000,460,337,60,45,1,1,1,1
2366,220000000,656,337,280,65,1,1,1,1
2366,210000000,794,386,55,45,1,1,1,1
2367,380000000,-37,356,180,115,1,1,1,1
2367,290000000,256,345,90,60,1,1,1,1
2367,340000000,460,337,60,45,1,1,1,1
2367,220000000,656,337,280,65,1,1,1,1
2367,210000000,794,386,55,45,1,1,1,1
2368,380000000,-37,356,180,115,1,1,1,1
2368,290000000,256,345,90,60,1,1,1,1
2368,340000000,460,337,60,45,1,1,1,1
2368,220000000,656,337,280,65,1,1,1,1
2368,210000000,794,386,55,45,1,1,1,1
2369,380000000,-37,356,180,115,1,1,1,1
2369,290000000,256,345,90,60,1,1,1,1
2369,340000000,460,337,60,45,1,1,1,1
2369,220000000,656,337,280,65,1,1,1,1
2369,210000000,794,386,55,45,1,1,1,1
2370,380000000,-37,356,180,115,1,1,1,1
2370,290000000,256,345,90,60,1,1,1,1
2370,340000000,460,337,60,45,1,1,1,1
2370,220000000,656,337,280,65,1,1,1,1
2370,210000000,794,386,55,45,1,1,1,1
2371,380000000,-37,356,180,115,1,1,1,1
2371,290000000,256,345,90,60,1,1,1,1
2371,340000000,460,337,60,45,1,1,1,1
2371,220000000,656,337,280,65,1,1,1,1
2371,210000000,794,386,55,45,1,1,1,1
2372,380000000,-38,357,180,115,1,1,1,1
2372,290000000,256,345,90,60,1,1,1,1
2372,340000000,460,337,60,45,1,1,1,1
2372,220000000,656,337,280,65,1,1,1,1
2372,210000000,794,387,55,45,1,1,1,1
2373,380000000,-38,357,180,115,1,1,1,1
2373,290000000,255,345,90,60,1,1,1,1
2373,340000000,460,337,60,45,1,1,1,1
2373,220000000,656,337,280,65,1,1,1,1
2373,210000000,793,387,55,45,1,1,1,1
2374,380000000,-38,357,180,115,1,1,1,1
2374,290000000,255,345,90,60,1,1,1,1
2374,340000000,460,337,60,45,1,1,1,1
2374,220000000,656,337,280,65,1,1,1,1
2374,210000000,793,387,55,45,1,1,1,1
2375,380000000,-38,357,180,115,1,1,1,1
2375,290000000,255,345,90,60,1,1,1,1
2375,340000000,460,337,60,45,1,1,1,1
2375,220000000,656,337,280,65,1,1,1,1
2375,210000000,793,387,55,45,1,1,1,1
2376,380000000,-38,357,180,115,1,1,1,1
2376,290000000,255,345,90,60,1,1,1,1
2376,340000000,460,337,60,45,1,1,1,1
2376,220000000,656,337,280,65,1,1,1,1
2376,210000000,793,387,55,45,1,1,1,1
2377,380000000,-38,357,180,115,1,1,1,1
2377,290000000,255,345,90,60,1,1,1,1
2377,340000000,460,337,60,45,1,1,1,1
2377,220000000,656,337,280,65,1,1,1,1
2377,210000000,793,387,55,45,1,1,1,1
2378,380000000,-38,357,180,115,1,1,1,1
2378,290000000,255,345,90,60,1,1,1,1
2378,340000000,460,337,60,45,1,1,1,1
2378,220000000,656,337,280,65,1,1,1,1
2378,210000000,793,387,55,45,1,1,1,1
2379,380000000,-38,357,180,115,1,1,1,1
2379,290000000,255,345,90,60,1,1,1,1
2379,340000000,460,337,60,45,1,1,1,1
2379,220000000,656,337,280,65,1,1,1,1
2379,210000000,793,387,55,45,1,1,1,1
2380,380000000,-38,357,180,115,1,1,1,1
2380,290000000,255,345,90,60,1,1,1,1
2380,340000000,460,337,60,45,1,1,1,1
2380,220000000,656,337,280,65,1,1,1,1
2380,210000000,793,387,55,45,1,1,1,1
2381,380000000,-38,357,180,115,1,1,1,1
2381,290000000,255,345,90,60,1,1,1,1
2381,340000000,460,337,60,45,1,1,1,1
2381,220000000,656,337,280,65,1,1,1,1
2381,210000000,793,387,55,45,1,1,1,1
2382,380000000,-38,357,180,115,1,1,1,1
2382,290000000,255,345,90,60,1,1,1,1
2382,340000000,460,337,60,45,1,1,1,1
2382,220000000,656,337,280,65,1,1,1,1
2382,210000000,793,387,55,45,1,1,1,1
2383,380000000,-38,357,180,115,1,1,1,1
2383,290000000,255,345,90,60,1,1,1,1
2383,340000000,460,337,60,45,1,1,1,1
2383,220000000,656,337,280,65,1,1,1,1
2383,210000000,793,387,55,45,1,1,1,1
2384,380000000,-38,357,180,115,1,1,1,1
2384,290000000,255,345,90,60,1,1,1,1
2384,340000000,460,337,60,45,1,1,1,1
2384,220000000,656,337,280,65,1,1,1,1
2384,210000000,793,387,55,45,1,1,1,1
2385,380000000,-38,357,180,115,1,1,1,1
2385,290000000,255,345,90,60,1,1,1,1
2385,340000000,460,337,60,45,1,1,1,1
2385,220000000,656,337,280,65,1,1,1,1
2385,210000000,793,387,55,45,1,1,1,1
2386,380000000,-38,357,180,115,1,1,1,1
2386,290000000,255,345,90,60,1,1,1,1
2386,340000000,460,337,60,45,1,1,1,1
2386,220000000,656,337,280,65,1,1,1,1
2386,210000000,793,387,55,45,1,1,1,1
2387,380000000,-39,357,180,115,1,1,1,1
2387,290000000,255,345,90,60,1,1,1,1
2387,340000000,460,337,60,45,1,1,1,1
2387,220000000,656,337,280,65,1,1,1,1
2387,210000000,793,387,55,45,1,1,1,1
2388,380000000,-39,357,180,115,1,1,1,1
2388,290000000,255,345,90,60,1,1,1,1
2388,340000000,460,337,60,45,1,1,1,1
2388,220000000,656,337,280,65,1,1,1,1
2388,210000000,793,387,55,45,1,1,1,1
2389,380000000,-39,357,180,115,1,1,1,1
2389,290000000,255,345,90,60,1,1,1,1
2389,340000000,460,337,60,45,1,1,1,1
2389,220000000,656,337,280,65,1,1,1,1
2389,210000000,793,387,55,45,1,1,1,1
2390,380000000,-39,357,180,115,1,1,1,1
2390,290000000,255,345,90,60,1,1,1,1
2390,340000000,460,337,60,45,1,1,1,1
2390,220000000,656,337,280,65,1,1,1,1
2390,210000000,793,387,55,45,1,1,1,1
2391,380000000,-39,357,180,115,1,1,1,1
2391,290000000,255,345,90,60,1,1,1,1
2391,340000000,460,337,60,45,1,1,1,1
2391,220000000,656,337,280,65,1,1,1,1
2391,210000000,793,387,55,45,1,1,1,1
2392,380000000,-39,357,180,115,1,1,1,1
2392,290000000,255,345,90,60,1,1,1,1
2392,340000000,460,337,60,45,1,1,1,1
2392,220000000,656,337,280,65,1,1,1,1
2392,210000000,793,387,55,45,1,1,1,1
2393,380000000,-39,357,180,115,1,1,1,1
2393,290000000,255,345,90,60,1,1,1,1
2393,340000000,460,337,60,45,1,1,1,1
2393,220000000,656,337,280,65,1,1,1,1
2393,210000000,792,387,55,45,1,1,1,1
2394,380000000,-39,357,180,115,1,1,1,1
2394,290000000,255,345,90,60,1,1,1,1
2394,340000000,460,337,60,45,1,1,1,1
2394,220000000,656,337,280,65,1,1,1,1
2394,210000000,792,387,55,45,1,1,1,1
2395,380000000,-39,357,180,115,1,1,1,1
2395,290000000,255,345,90,60,1,1,1,1
2395,340000000,460,337,60,45,1,1,1,1
2395,220000000,656,337,280,65,1,1,1,1
2395,210000000,792,387,55,45,1,1,1,1
2396,380000000,-39,357,180,115,1,1,1,1
2396,290000000,255,345,90,60,1,1,1,1
2396,340000000,460,337,60,45,1,1,1,1
2396,220000000,656,337,280,65,1,1,1,1
2396,210000000,792,387,55,45,1,1,1,1
2397,380000000,-39,357,180,115,1,1,1,1
2397,290000000,255,345,90,60,1,1,1,1
2397,340000000,460,337,60,45,1,1,1,1
2397,220000000,656,337,280,65,1,1,1,1
2397,210000000,792,387,55,45,1,1,1,1
2398,380000000,-39,357,180,115,1,1,1,1
2398,290000000,255,345,90,60,1,1,1,1
2398,340000000,460,337,60,45,1,1,1,1
2398,220000000,656,337,280,65,1,1,1,1
2398,210000000,792,387,55,45,1,1,1,1
2399,380000000,-39,357,180,115,1,1,1,1
2399,290000000,255,345,90,60,1,1,1,1
2399,340000000,460,337,60,45,1,1,1,1
2399,220000000,656,337,280,65,1,1,1,1
2399,210000000,792,387,55,45,1,1,1,1
2400,380000000,-39,357,180,115,1,1,1,1
2400,290000000,255,345,90,60,1,1,1,1
2400,340000000,460,337,60,45,1,1,1,1
2400,220000000,656,337,280,65,1,1,1,1
2400,210000000,792,387,55,45,1,1,1,1
2401,380000000,-39,357,180,115,1,1,1,1
2401,290000000,255,345,90,60,1,1,1,1
2401,340000000,460,337,60,45,1,1,1,1
2401,220000000,656,337,280,65,1,1,1,1
2401,210000000,792,387,55,45,1,1,1,1
2402,380000000,-40,357,180,115,1,1,1,1
2402,290000000,255,345,90,60,1,1,1,1
2402,340000000,460,337,60,45,1,1,1,1
2402,220000000,656,337,280,65,1,1,1,1
2402,210000000,792,387,55,45,1,1,1,1
2403,380000000,-40,357,180,115,1,1,1,1
2403,290000000,254,345,90,60,1,1,1,1
2403,340000000,459,337,60,45,1,1,1,1
2403,220000000,655,337,280,65,1,1,1,1
2403,210000000,792,387,55,45,1,1,1,1
2404,380000000,-40,357,180,115,1,1,1,1
2404,290000000,254,345,90,60,1,1,1,1
2404,340000000,459,337,60,45,1,1,1,1
2404,220000000,655,337,280,65,1,1,1,1
2404,210000000,792,387,55,45,1,1,1,1
2405,380000000,-40,357,180,115,1,1,1,1
2405,290000000,254,345,90,60,1,1,1,1
2405,340000000,459,337,60,45,1,1,1,1
2405,220000000,655,337,280,65,1,1,1,1
2405,210000000,792,387,55,45,1,1,1,1
2406,380000000,-40,357,180,115,1,1,1,1
2406,290000000,254,345,90,60,1,1,1,1
2406,340000000,459,337,60,45,1,1,1,1
2406,220000000,655,337,280,65,1,1,1,1
2406,210000000,792,387,55,45,1,1,1,1
2407,380000000,-40,357,180,115,1,1,1,1
2407,290000000,254,345,90,60,1,1,1,1
2407,340000000,459,337,60,45,1,1,1,1
2407,220000000,655,337,280,65,1,1,1,1
2407,210000000,792,387,55,45,1,1,1,1
2408,380000000,-40,357,180,115,1,1,1,1
2408,290000000,254,345,90,60,1,1,1,1
2408,340000000,459,337,60,45,1,1,1,1
2408,220000000,655,337,280,65,1,1,1,1
2408,210000000,792,387,55,45,1,1,1,1
2409,380000000,-40,357,180,115,1,1,1,1
2409,290000000,254,345,90,60,1,1,1,1
2409,340000000,459,337,60,45,1,1,1,1
2409,220000000,655,337,280,65,1,1,1,1
2409,210000000,792,387,55,45,1,1,1,1
2410,380000000,-40,357,180,115,1,1,1,1
2410,290000000,254,345,90,60,1,1,1,1
2410,340000000,459,337,60,45,1,1,1,1
2410,220000000,655,337,280,65,1,1,1,1
2410,210000000,792,387,55,45,1,1,1,1
2411,380000000,-40,357,180,115,1,1,1,1
2411,290000000,254,345,90,60,1,1,1,1
2411,340000000,459,337,60,45,1,1,1,1
2411,220000000,655,337,280,65,1,1,1,1
2411,210000000,792,387,55,45,1,1,1,1
2412,380000000,-40,357,180,115,1,1,1,1
2412,290000000,254,345,90,60,1,1,1,1
2412,340000000,459,337,60,45,1,1,1,1
2412,220000000,655,337,280,65,1,1,1,1
2412,210000000,792,387,55,45,1,1,1,1
2413,380000000,-40,357,180,115,1,1,1,1
2413,290000000,254,345,90,60,1,1,1,1
2413,340000000,459,337,60,45,1,1,1,1
2413,220000000,655,337,280,65,1,1,1,1
2413,210000000,791,387,55,45,1,1,1,1
2414,380000000,-40,357,180,115,1,1,1,1
2414,290000000,254,345,90,60,1,1,1,1
2414,340000000,459,337,60,45,1,1,1,1
2414,220000000,655,337,280,65,1,1,1,1
2414,210000000,791,387,55,45,1,1,1,1
2415,380000000,-40,357,180,115,1,1,1,1
2415,290000000,254,345,90,60,1,1,1,1
2415,340000000,459,337,60,45,1,1,1,1
2415,220000000,655,337,280,65,1,1,1,1
2415,210000000,791,387,55,45,1,1,1,1
2416,380000000,-40,357,180,115,1,1,1,1
2416,290000000,254,345,90,60,1,1,1,1
2416,340000000,459,337,60,45,1,1,1,1
2416,220000000,655,337,280,65,1,1,1,1
2416,210000000,791,387,55,45,1,1,1,1
2417,380000000,-41,357,180,115,1,1,1,1
2417,290000000,254,345,90,60,1,1,1,1
2417,340000000,459,337,60,45,1,1,1,1
2417,220000000,655,337,280,65,1,1,1,1
2417,210000000,791,387,55,45,1,1,1,1
2418,380000000,-41,357,180,115,1,1,1,1
2418,290000000,254,345,90,60,1,1,1,1
2418,340000000,459,337,60,45,1,1,1,1
2418,220000000,655,337,280,65,1,1,1,1
2418,210000000,791,387,55,45,1,1,1,1
2419,380000000,-41,357,180,115,1,1,1,1
2419,290000000,254,345,90,60,1,1,1,1
2419,340000000,459,337,60,45,1,1,1,1
2419,220000000,655,337,280,65,1,1,1,1
2419,210000000,791,387,55,45,1,1,1,1
2420,380000000,-41,357,180,115,1,1,1,1
2420,290000000,254,345,90,60,1,1,1,1
2420,340000000,459,337,60,45,1,1,1,1
2420,220000000,655,337,280,65,1,1,1,1
2420,210000000,791,387,55,45,1,1,1,1
2421,380000000,-41,357,180,115,1,1,1,1
2421,290000000,254,345,90,60,1,1,1,1
2421,340000000,459,337,60,45,1,1,1,1
2421,220000000,655,337,280,65,1,1,1,1
2421,210000000,791,387,55,45,1,1,1,1
2422,380000000,-41,357,180,115,1,1,1,1
2422,290000000,254,345,90,60,1,1,1,1
2422,340000000,459,337,60,45,1,1,1,1
2422,220000000,655,337,280,65,1,1,1,1
2422,210000000,791,387,55,45,1,1,1,1
2423,380000000,-41,357,180,115,1,1,1,1
2423,290000000,254,345,90,60,1,1,1,1
2423,340000000,459,337,60,45,1,1,1,1
2423,220000000,655,337,280,65,1,1,1,1
2423,210000000,791,387,55,45,1,1,1,1
2424,380000000,-41,357,180,115,1,1,1,1
2424,290000000,254,345,90,60,1,1,1,1
2424,340000000,459,337,60,45,1,1,1,1
2424,220000000,655,337,280,65,1,1,1,1
2424,210000000,791,387,55,45,1,1,1,1
2425,380000000,-41,357,180,115,1,1,1,1
2425,290000000,254,345,90,60,1,1,1,1
2425,340000000,459,337,60,45,1,1,1,1
2425,220000000,655,337,280,65,1,1,1,1
2425,210000000,791,387,55,45,1,1,1,1
2426,380000000,-41,357,180,115,1,1,1,1
2426,290000000,254,345,90,60,1,1,1,1
2426,340000000,459,337,60,45,1,1,1,1
2426,220000000,655,337,280,65,1,1,1,1
2426,210000000,791,387,55,45,1,1,1,1
2427,380000000,-41,357,180,115,1,1,1,1
2427,290000000,254,345,90,60,1,1,1,1
2427,340000000,459,337,60,45,1,1,1,1
2427,220000000,655,337,280,65,1,1,1,1
2427,210000000,791,387,55,45,1,1,1,1
2428,380000000,-41,357,180,115,1,1,1,1
2428,290000000,254,345,90,60,1,1,1,1
2428,340000000,459,337,60,45,1,1,1,1
2428,220000000,655,337,280,65,1,1,1,1
2428,210000000,791,387,55,45,1,1,1,1
2429,380000000,-41,357,180,115,1,1,1,1
2429,290000000,254,345,90,60,1,1,1,1
2429,340000000,459,337,60,45,1,1,1,1
2429,220000000,655,337,280,65,1,1,1,1
2429,210000000,791,387,55,45,1,1,1,1
2430,380000000,-41,357,180,115,1,1,1,1
2430,290000000,254,345,90,60,1,1,1,1
2430,340000000,459,337,60,45,1,1,1,1
2430,220000000,655,337,280,65,1,1,1,1
2430,210000000,791,387,55,45,1,1,1,1
2431,380000000,-41,357,180,115,1,1,1,1
2431,290000000,254,345,90,60,1,1,1,1
2431,340000000,459,337,60,45,1,1,1,1
2431,220000000,655,337,280,65,1,1,1,1
2431,210000000,791,387,55,45,1,1,1,1
2432,380000000,-42,358,180,115,1,1,1,1
2432,290000000,254,345,90,60,1,1,1,1
2432,340000000,459,337,60,45,1,1,1,1
2432,220000000,655,337,280,65,1,1,1,1
2432,210000000,791,388,55,45,1,1,1,1
2433,380000000,-42,358,180,115,1,1,1,1
2433,290000000,253,345,90,60,1,1,1,1
2433,340000000,459,337,60,45,1,1,1,1
2433,220000000,655,337,280,65,1,1,1,1
2433,210000000,790,388,55,45,1,1,1,1
2434,380000000,-42,358,180,115,1,1,1,1
2434,290000000,253,345,90,60,1,1,1,1
2434,340000000,459,337,60,45,1,1,1,1
2434,220000000,655,337,280,65,1,1,1,1
2434,210000000,790,388,55,45,1,1,1,1
2435,380000000,-42,358,180,115,1,1,1,1
2435,290000000,253,345,90,60,1,1,1,1
2435,340000000,459,337,60,45,1,1,1,1
2435,220000000,655,337,280,65,1,1,1,1
2435,210000000,790,388,55,45,1,1,1,1
2436,380000000,-42,358,180,115,1,1,1,1
2436,290000000,253,345,90,60,1,1,1,1
2436,340000000,459,337,60,45,1,1,1,1
2436,220000000,655,337,280,65,1,1,1,1
2436,210000000,790,388,55,45,1,1,1,1
2437,380000000,-42,358,180,115,1,1,1,1
2437,290000000,253,345,90,60,1,1,1,1
2437,340000000,459,337,60,45,1,1,1,1
2437,220000000,655,337,280,65,1,1,1,1
2437,210000000,790,388,55,45,1,1,1,1
2438,380000000,-42,358,180,115,1,1,1,1
2438,290000000,253,345,90,60,1,1,1,1
2438,340000000,459,337,60,45,1,1,1,1
2438,220000000,655,337,280,65,1,1,1,1
2438,210000000,790,388,55,45,1,1,1,1
2439,380000000,-42,358,180,115,1,1,1,1
2439,290000000,253,345,90,60,1,1,1,1
2439,340000000,459,337,60,45,1,1,1,1
2439,220000000,655,337,280,65,1,1,1,1
2439,210000000,790,388,55,45,1,1,1,1
2440,380000000,-42,358,180,115,1,1,1,1
2440,290000000,253,345,90,60,1,1,1,1
2440,340000000,459,337,60,45,1,1,1,1
2440,220000000,655,337,280,65,1,1,1,1
2440,210000000,790,388,55,45,1,1,1,1
2441,380000000,-42,358,180,115,1,1,1,1
2441,290000000,253,345,90,60,1,1,1,1
2441,340000000,459,337,60,45,1,1,1,1
2441,220000000,655,337,280,65,1,1,1,1
2441,210000000,790,388,55,45,1,1,1,1
2442,380000000,-42,358,180,115,1,1,1,1
2442,290000000,253,345,90,60,1,1,1,1
2442,340000000,459,337,60,45,1,1,1,1
2442,220000000,655,337,280,65,1,1,1,1
2442,210000000,790,388,55,45,1,1,1,1
2443,380000000,-42,358,180,115,1,1,1,1
2443,290000000,253,345,90,60,1,1,1,1
2443,340000000,459,337,60,45,1,1,1,1
2443,220000000,655,337,280,65,1,1,1,1
2443,210000000,790,388,55,45,1,1,1,1
2444,380000000,-42,358,180,115,1,1,1,1
2444,290000000,253,345,90,60,1,1,1,1
2444,340000000,459,337,60,45,1,1,1,1
2444,220000000,655,337,280,65,1,1,1,1
2444,210000000,790,388,55,45,1,1,1,1
2445,380000000,-42,358,180,115,1,1,1,1
2445,290000000,253,345,90,60,1,1,1,1
2445,340000000,459,337,60,45,1,1,1,1
2445,220000000,655,337,280,65,1,1,1,1
2445,210000000,790,388,55,45,1,1,1,1
2446,380000000,-42,358,180,115,1,1,1,1
2446,290000000,253,345,90,60,1,1,1,1
2446,340000000,459,337,60,45,1,1,1,1
2446,220000000,655,337,280,65,1,1,1,1
2446,210000000,790,388,55,45,1,1,1,1
2447,380000000,-43,358,180,115,1,1,1,1
2447,290000000,253,345,90,60,1,1,1,1
2447,340000000,459,337,60,45,1,1,1,1
2447,220000000,655,337,280,65,1,1,1,1
2447,210000000,790,388,55,45,1,1,1,1
2448,380000000,-43,358,180,115,1,1,1,1
2448,290000000,253,345,90,60,1,1,1,1
2448,340000000,459,337,60,45,1,1,1,1
2448,220000000,655,337,280,65,1,1,1,1
2448,210000000,790,388,55,45,1,1,1,1
2449,380000000,-43,358,180,115,1,1,1,1
2449,290000000,253,345,90,60,1,1,1,1
2449,340000000,459,337,60,45,1,1,1,1
2449,220000000,655,337,280,65,1,1,1,1
2449,210000000,790,388,55,45,1,1,1,1
2450,380000000,-43,358,180,115,1,1,1,1
2450,290000000,253,345,90,60,1,1,1,1
2450,340000000,459,337,60,45,1,1,1,1
2450,220000000,655,337,280,65,1,1,1,1
2450,210000000,790,388,55,45,1,1,1,1
2451,380000000,-43,358,180,115,1,1,1,1
2451,290000000,253,345,90,60,1,1,1,1
2451,340000000,459,337,60,45,1,1,1,1
2451,220000000,655,337,280,65,1,1,1,1
2451,210000000,790,388,55,45,1,1,1,1
2452,380000000,-43,358,180,115,1,1,1,1
2452,290000000,253,345,90,60,1,1,1,1
2452,340000000,459,337,60,45,1,1,1,1
2452,220000000,655,337,280,65,1,1,1,1
2452,210000000,790,388,55,45,1,1,1,1
2453,380000000,-43,358,180,115,1,1,1,1
2453,290000000,253,345,90,60,1,1,1,1
2453,340000000,459,337,60,45,1,1,1,1
2453,220000000,655,337,280,65,1,1,1,1
2453,210000000,789,388,55,45,1,1,1,1
2454,380000000,-43,358,180,115,1,1,1,1
2454,290000000,253,345,90,60,1,1,1,1
2454,340000000,459,337,60,45,1,1,1,1
2454,220000000,655,337,280,65,1,1,1,1
2454,210000000,789,388,55,45,1,1,1,1
2455,380000000,-43,358,180,115,1,1,1,1
2455,290000000,253,345,90,60,1,1,1,1
2455,340000000,459,337,60,45,1,1,1,1
2455,220000000,655,337,280,65,1,1,1,1
2455,210000000,789,388,55,45,1,1,1,1
2456,380000000,-43,358,180,115,1,1,1,1
2456,290000000,253,345,90,60,1,1,1,1
2456,340000000,459,337,60,45,1,1,1,1
2456,220000000,655,337,280,65,1,1,1,1
2456,210000000,789,388,55,45,1,1,1,1
2457,380000000,-43,358,180,115,1,1,1,1
2457,290000000,253,345,90,60,1,1,1,1
2457,340000000,459,337,60,45,1,1,1,1
2457,220000000,655,337,280,65,1,1,1,1
2457,210000000,789,388,55,45,1,1,1,1
2458,380000000,-43,358,180,115,1,1,1,1
2458,290000000,253,345,90,60,1,1,1,1
2458,340000000,459,337,60,45,1,1,1,1
2458,220000000,655,337,280,65,1,1,1,1
2458,210000000,789,388,55,45,1,1,1,1
2459,380000000,-43,358,180,115,1,1,1,1
2459,290000000,253,345,90,60,1,1,1,1
2459,340000000,459,337,60,45,1,1,1,1
2459,220000000,655,337,280,65,1,1,1,1
2459,210000000,789,388,55,45,1,1,1,1
2460,380000000,-43,358,180,115,1,1,1,1
2460,290000000,253,345,90,60,1,1,1,1
2460,340000000,459,337,60,45,1,1,1,1
2460,220000000,655,337,280,65,1,1,1,1
2460,210000000,789,388,55,45,1,1,1,1
2461,380000000,-43,358,180,115,1,1,1,1
2461,290000000,253,345,90,60,1,1,1,1
2461,340000000,459,337,60,45,1,1,1,1
2461,220000000,655,337,280,65,1,1,1,1
2461,210000000,789,388,55,45,1,1,1,1
2462,380000000,-44,358,180,115,1,1,1,1
2462,290000000,253,345,90,60,1,1,1,1
2462,340000000,459,337,60,45,1,1,1,1
2462,220000000,655,337,280,65,1,1,1,1
2462,210000000,789,388,55,45,1,1,1,1
2463,380000000,-44,358,180,115,1,1,1,1
2463,290000000,252,345,90,60,1,1,1,1
2463,340000000,458,337,60,45,1,1,1,1
2463,220000000,655,337,280,65,1,1,1,1
2463,210000000,789,388,55,45,1,1,1,1
2464,380000000,-44,358,180,115,1,1,1,1
2464,290000000,252,345,90,60,1,1,1,1
2464,340000000,458,337,60,45,1,1,1,1
2464,220000000,655,337,280,65,1,1,1,1
2464,210000000,789,388,55,45,1,1,1,1
2465,380000000,-44,358,180,115,1,1,1,1
2465,290000000,252,345,90,60,1,1,1,1
2465,340000000,458,337,60,45,1,1,1,1
2465,220000000,655,337,280,65,1,1,1,1
2465,210000000,789,388,55,45,1,1,1,1
2466,380000000,-44,358,180,115,1,1,1,1
2466,290000000,252,345,90,60,1,1,1,1
2466,340000000,458,337,60,45,1,1,1,1
2466,220000000,655,337,280,65,1,1,1,1
2466,210000000,789,388,55,45,1,1,1,1
2467,380000000,-44,358,180,115,1,1,1,1
2467,290000000,252,345,90,60,1,1,1,1
2467,340000000,458,337,60,45,1,1,1,1
2467,220000000,655,337,280,65,1,1,1,1
2467,210000000,789,388,55,45,1,1,1,1
2468,380000000,-44,358,180,115,1,1,1,1
2468,290000000,252,345,90,60,1,1,1,1
2468,340000000,458,337,60,45,1,1,1,1
2468,220000000,655,337,280,65,1,1,1,1
2468,210000000,789,388,55,45,1,1,1,1
2469,380000000,-44,358,180,115,1,1,1,1
2469,290000000,252,345,90,60,1,1,1,1
2469,340000000,458,337,60,45,1,1,1,1
2469,220000000,655,337,280,65,1,1,1,1
2469,210000000,789,388,55,45,1,1,1,1
2470,380000000,-44,358,180,115,1,1,1,1
2470,290000000,252,345,90,60,1,1,1,1
2470,340000000,458,337,60,45,1,1,1,1
2470,220000000,655,337,280,65,1,1,1,1
2470,210000000,789,388,55,45,1,1,1,1
2471,380000000,-44,358,180,115,1,1,1,1
2471,290000000,252,345,90,60,1,1,1,1
2471,340000000,458,337,60,45,1,1,1,1
2471,220000000,655,337,280,65,1,1,1,1
2471,210000000,789,388,55,45,1,1,1,1
2472,380000000,-44,358,180,115,1,1,1,1
2472,290000000,252,345,90,60,1,1,1,1
2472,340000000,458,337,60,45,1,1,1,1
2472,220000000,655,337,280,65,1,1,1,1
2472,210000000,789,388,55,45,1,1,1,1
2473,380000000,-44,358,180,115,1,1,1,1
2473,290000000,252,345,90,60,1,1,1,1
2473,340000000,458,337,60,45,1,1,1,1
2473,220000000,655,337,280,65,1,1,1,1
2473,210000000,788,388,55,45,1,1,1,1
2474,380000000,-44,358,180,115,1,1,1,1
2474,290000000,252,345,90,60,1,1,1,1
2474,340000000,458,337,60,45,1,1,1,1
2474,220000000,655,337,280,65,1,1,1,1
2474,210000000,788,388,55,45,1,1,1,1
2475,380000000,-44,358,180,115,1,1,1,1
2475,290000000,252,345,90,60,1,1,1,1
2475,340000000,458,337,60,45,1,1,1,1
2475,220000000,655,337,280,65,1,1,1,1
2475,210000000,788,388,55,45,1,1,1,1
2476,380000000,-44,358,180,115,1,1,1,1
2476,290000000,252,345,90,60,1,1,1,1
2476,340000000,458,337,60,45,1,1,1,1
2476,220000000,655,337,280,65,1,1,1,1
2476,210000000,788,388,55,45,1,1,1,1
2477,380000000,-45,358,180,115,1,1,1,1
2477,290000000,252,345,90,60,1,1,1,1
2477,340000000,458,337,60,45,1,1,1,1
2477,220000000,655,337,280,65,1,1,1,1
2477,210000000,788,388,55,45,1,1,1,1
2478,380000000,-45,358,180,115,1,1,1,1
2478,290000000,252,345,90,60,1,1,1,1
2478,340000000,458,337,60,45,1,1,1,1
2478,220000000,655,337,280,65,1,1,1,1
2478,210000000,788,388,55,45,1,1,1,1
2479,380000000,-45,358,180,115,1,1,1,1
2479,290000000,252,345,90,60,1,1,1,1
2479,340000000,458,337,60,45,1,1,1,1
2479,220000000,655,337,280,65,1,1,1,1
2479,210000000,788,388,55,45,1,1,1,1
2480,380000000,-45,358,180,115,1,1,1,1
2480,290000000,252,345,90,60,1,1,1,1
2480,340000000,458,337,60,45,1,1,1,1
2480,220000000,655,337,280,65,1,1,1,1
2480,210000000,788,388,55,45,1,1,1,1
2481,380000000,-45,358,180,115,1,1,1,1
2481,290000000,252,345,90,60,1,1,1,1
2481,340000000,458,337,60,45,1,1,1,1
2481,220000000,655,337,280,65,1,1,1,1
2481,210000000,788,388,55,45,1,1,1,1
2482,380000000,-45,358,180,115,1,1,1,1
2482,290000000,252,345,90,60,1,1,1,1
2482,340000000,458,337,60,45,1,1,1,1
2482,220000000,655,337,280,65,1,1,1,1
2482,210000000,788,388,55,45,1,1,1,1
2483,380000000,-45,358,180,115,1,1,1,1
2483,290000000,252,345,90,60,1,1,1,1
2483,340000000,458,337,60,45,1,1,1,1
2483,220000000,655,337,280,65,1,1,1,1
2483,210000000,788,388,55,45,1,1,1,1
2484,380000000,-45,358,180,115,1,1,1,1
2484,290000000,252,345,90,60,1,1,1,1
2484,340000000,458,337,60,45,1,1,1,1
2484,220000000,655,337,280,65,1,1,1,1
2484,210000000,788,388,55,45,1,1,1,1
2485,380000000,-45,358,180,115,1,1,1,1
2485,290000000,252,345,90,60,1,1,1,1
2485,340000000,458,337,60,45,1,1,1,1
2485,220000000,655,337,280,65,1,1,1,1
2485,210000000,788,388,55,45,1,1,1,1
2486,380000000,-45,358,180,115,1,1,1,1
2486,290000000,252,345,90,60,1,1,1,1
2486,340000000,458,337,60,45,1,1,1,1
2486,220000000,655,337,280,65,1,1,1,1
2486,210000000,788,388,55,45,1,1,1,1
2487,380000000,-45,358,180,115,1,1,1,1
2487,290000000,252,345,90,60,1,1,1,1
2487,340000000,458,337,60,45,1,1,1,1
2487,220000000,655,337,280,65,1,1,1,1
2487,210000000,788,388,55,45,1,1,1,1
2488,380000000,-45,358,180,115,1,1,1,1
2488,290000000,252,345,90,60,1,1,1,1
2488,340000000,458,337,60,45,1,1,1,1
2488,220000000,655,337,280,65,1,1,1,1
2488,210000000,788,388,55,45,1,1,1,1
2489,380000000,-45,358,180,115,1,1,1,1
2489,290000000,252,345,90,60,1,1,1,1
2489,340000000,458,337,60,45,1,1,1,1
2489,220000000,655,337,280,65,1,1,1,1
2489,210000000,788,388,55,45,1,1,1,1
2490,380000000,-45,358,180,115,1,1,1,1
2490,290000000,252,345,90,60,1,1,1,1
2490,340000000,458,337,60,45,1,1,1,1
2490,220000000,655,337,280,65,1,1,1,1
2490,210000000,788,388,55,45,1,1,1,1
2491,380000000,-45,358,180,115,1,1,1,1
2491,290000000,252,345,90,60,1,1,1,1
2491,340000000,458,337,60,45,1,1,1,1
2491,220000000,655,337,280,65,1,1,1,1
2491,210000000,788,388,55,45,1,1,1,1
2492,380000000,-46,359,180,115,1,1,1,1
2492,290000000,252,345,90,60,1,1,1,1
2492,340000000,458,337,60,45,1,1,1,1
2492,220000000,655,337,280,65,1,1,1,1
2492,210000000,788,389,55,45,1,1,1,1
2493,380000000,-46,359,180,115,1,1,1,1
2493,290000000,251,345,90,60,1,1,1,1
2493,340000000,458,337,60,45,1,1,1,1
2493,220000000,655,337,280,65,1,1,1,1
2493,210000000,787,389,55,45,1,1,1,1
2494,380000000,-46,359,180,115,1,1,1,1
2494,290000000,251,345,90,60,1,1,1,1
2494,340000000,458,337,60,45,1,1,1,1
2494,220000000,655,337,280,65,1,1,1,1
2494,210000000,787,389,55,45,1,1,1,1
2495,380000000,-46,359,180,115,1,1,1,1
2495,290000000,251,345,90,60,1,1,1,1
2495,340000000,458,337,60,45,1,1,1,1
2495,220000000,655,337,280,65,1,1,1,1
2495,210000000,787,389,55,45,1,1,1,1
2496,380000000,-46,359,180,115,1,1,1,1
2496,290000000,251,345,90,60,1,1,1,1
2496,340000000,458,337,60,45,1,1,1,1
2496,220000000,655,337,280,65,1,1,1,1
2496,210000000,787,389,55,45,1,1,1,1
2497,380000000,-46,359,180,115,1,1,1,1
2497,290000000,251,345,90,60,1,1,1,1
2497,340000000,458,337,60,45,1,1,1,1
2497,220000000,655,337,280,65,1,1,1,1
2497,210000000,787,389,55,45,1,1,1,1
2498,380000000,-46,359,180,115,1,1,1,1
2498,290000000,251,345,90,60,1,1,1,1
2498,340000000,458,337,60,45,1,1,1,1
2498,220000000,655,337,280,65,1,1,1,1
2498,210000000,787,389,55,45,1,1,1,1
2499,380000000,-46,359,180,115,1,1,1,1
2499,290000000,251,345,90,60,1,1,1,1
2499,340000000,458,337,60,45,1,1,1,1
2499,220000000,655,337,280,65,1,1,1,1
2499,210000000,787,389,55,45,1,1,1,1
2500,380000000,-46,359,180,115,1,1,1,1
2500,290000000,251,345,90,60,1,1,1,1
2500,340000000,458,337,60,45,1,1,1,1
2500,220000000,655,337,280,65,1,1,1,1
2500,210000000,787,389,55,45,1,1,1,1
2501,380000000,-46,359,180,115,1,1,1,1
2501,290000000,251,345,90,60,1,1,1,1
2501,340000000,458,337,60,45,1,1,1,1
2501,220000000,655,337,280,65,1,1,1,1
2501,210000000,787,389,55,45,1,1,1,1
2502,380000000,-46,359,180,115,1,1,1,1
2502,290000000,251,345,90,60,1,1,1,1
2502,340000000,458,337,60,45,1,1,1,1
2502,220000000,655,337,280,65,1,1,1,1
2502,210000000,787,389,55,45,1,1,1,1
2503,380000000,-46,359,180,115,1,1,1,1
2503,290000000,251,345,90,60,1,1,1,1
2503,340000000,458,337,60,45,1,1,1,1
2503,220000000,654,337,280,65,1,1,1,1
2503,210000000,787,389,55,45,1,1,1,1
2504,380000000,-46,359,180,115,1,1,1,1
2504,290000000,251,345,90,60,1,1,1,1
2504,340000000,458,337,60,45,1,1,1,1
2504,220000000,654,337,280,65,1,1,1,1
2504,210000000,787,389,55,45,1,1,1,1
2505,380000000,-46,359,180,115,1,1,1,1
2505,290000000,251,345,90,60,1,1,1,1
2505,340000000,458,337,60,45,1,1,1,1
2505,220000000,654,337,280,65,1,1,1,1
2505,210000000,787,389,55,45,1,1,1,1
2506,380000000,-46,359,180,115,1,1,1,1
2506,290000000,251,345,90,60,1,1,1,1
2506,340000000,458,337,60,45,1,1,1,1
2506,220000000,654,337,280,65,1,1,1,1
2506,210000000,787,389,55,45,1,1,1,1
2507,380000000,-47,359,180,115,1,1,1,1
2507,290000000,251,345,90,60,1,1,1,1
2507,340000000,458,337,60,45,1,1,1,1
2507,220000000,654,337,280,65,1,1,1,1
2507,210000000,787,389,55,45,1,1,1,1
2508,380000000,-47,359,180,115,1,1,1,1
2508,290000000,251,345,90,60,1,1,1,1
2508,340000000,458,337,60,45,1,1,1,1
2508,220000000,654,337,280,65,1,1,1,1
2508,210000000,787,389,55,45,1,1,1,1
2509,380000000,-47,359,180,115,1,1,1,1
2509,290000000,251,345,90,60,1,1,1,1
2509,340000000,458,337,60,45,1,1,1,1
2509,220000000,654,337,280,65,1,1,1,1
2509,210000000,787,389,55,45,1,1,1,1
2510,380000000,-47,359,180,115,1,1,1,1
2510,290000000,251,345,90,60,1,1,1,1
2510,340000000,458,337,60,45,1,1,1,1
2510,220000000,654,337,280,65,1,1,1,1
2510,210000000,787,389,55,45,1,1,1,1
2511,380000000,-47,359,180,115,1,1,1,1
2511,290000000,251,345,90,60,1,1,1,1
2511,340000000,458,337,60,45,1,1,1,1
2511,220000000,654,337,280,65,1,1,1,1
2511,210000000,787,389,55,45,1,1,1,1
2512,380000000,-47,359,180,115,1,1,1,1
2512,290000000,251,345,90,60,1,1,1,1
2512,340000000,458,337,60,45,1,1,1,1
2512,220000000,654,337,280,65,1,1,1,1
2512,210000000,787,389,55,45,1,1,1,1
2513,380000000,-47,359,180,115,1,1,1,1
2513,290000000,251,345,90,60,1,1,1,1
2513,340000000,458,337,60,45,1,1,1,1
2513,220000000,654,337,280,65,1,1,1,1
2513,210000000,786,389,55,45,1,1,1,1
2514,380000000,-47,359,180,115,1,1,1,1
2514,290000000,251,345,90,60,1,1,1,1
2514,340000000,458,337,60,45,1,1,1,1
2514,220000000,654,337,280,65,1,1,1,1
2514,210000000,786,389,55,45,1,1,1,1
2515,380000000,-47,359,180,115,1,1,1,1
2515,290000000,251,345,90,60,1,1,1,1
2515,340000000,458,337,60,45,1,1,1,1
2515,220000000,654,337,280,65,1,1,1,1
2515,210000000,786,389,55,45,1,1,1,1
2516,380000000,-47,359,180,115,1,1,1,1
2516,290000000,251,345,90,60,1,1,1,1
2516,340000000,458,337,60,45,1,1,1,1
2516,220000000,654,337,280,65,1,1,1,1
2516,210000000,786,389,55,45,1,1,1,1
2517,380000000,-47,359,180,115,1,1,1,1
2517,290000000,251,345,90,60,1,1,1,1
2517,340000000,458,337,60,45,1,1,1,1
2517,220000000,654,337,280,65,1,1,1,1
2517,210000000,786,389,55,45,1,1,1,1
2518,380000000,-47,359,180,115,1,1,1,1
2518,290000000,251,345,90,60,1,1,1,1
2518,340000000,458,337,60,45,1,1,1,1
2518,220000000,654,337,280,65,1,1,1,1
2518,210000000,786,389,55,45,1,1,1,1
2519,380000000,-47,359,180,115,1,1,1,1
2519,290000000,251,345,90,60,1,1,1,1
2519,340000000,458,337,60,45,1,1,1,1
2519,220000000,654,337,280,65,1,1,1,1
2519,210000000,786,389,55,45,1,1,1,1
2520,380000000,-47,359,180,115,1,1,1,1
2520,290000000,251,345,90,60,1,1,1,1
2520,340000000,458,337,60,45,1,1,1,1
2520,220000000,654,337,280,65,1,1,1,1
2520,210000000,786,389,55,45,1,1,1,1
2521,380000000,-47,359,180,115,1,1,1,1
2521,290000000,251,345,90,60,1,1,1,1
2521,340000000,458,337,60,45,1,1,1,1
2521,220000000,654,337,280,65,1,1,1,1
2521,210000000,786,389,55,45,1,1,1,1
2522,380000000,-48,359,180,115,1,1,1,1
2522,290000000,251,345,90,60,1,1,1,1
2522,340000000,458,337,60,45,1,1,1,1
2522,220000000,654,337,280,65,1,1,1,1
2522,210000000,786,389,55,45,1,1,1,1
2523,380000000,-48,359,180,115,1,1,1,1
2523,290000000,250,345,90,60,1,1,1,1
2523,340000000,457,337,60,45,1,1,1,1
2523,220000000,654,337,280,65,1,1,1,1
2523,210000000,786,389,55,45,1,1,1,1
2524,380000000,-48,359,180,115,1,1,1,1
2524,290000000,250,345,90,60,1,1,1,1
2524,340000000,457,337,60,45,1,1,1,1
2524,220000000,654,337,280,65,1,1,1,1
2524,210000000,786,389,55,45,1,1,1,1
2525,380000000,-48,359,180,115,1,1,1,1
2525,290000000,250,345,90,60,1,1,1,1
2525,340000000,457,337,60,45,1,1,1,1
2525,220000000,654,337,280,65,1,1,1,1
2525,210000000,786,389,55,45,1,1,1,1
2526,380000000,-48,359,180,115,1,1,1,1
2526,290000000,250,345,90,60,1,1,1,1
2526,340000000,457,337,60,45,1,1,1,1
2526,220000000,654,337,280,65,1,1,1,1
2526,210000000,786,389,55,45,1,1,1,1
2527,380000000,-48,359,180,115,1,1,1,1
2527,290000000,250,345,90,60,1,1,1,1
2527,340000000,457,337,60,45,1,1,1,1
2527,220000000,654,337,280,65,1,1,1,1
2527,210000000,786,389,55,45,1,1,1,1
2528,380000000,-48,359,180,115,1,1,1,1
2528,290000000,250,345,90,60,1,1,1,1
2528,340000000,457,337,60,45,1,1,1,1
2528,220000000,654,337,280,65,1,1,1,1
2528,210000000,786,389,55,45,1,1,1,1
2529,380000000,-48,359,180,115,1,1,1,1
2529,290000000,250,345,90,60,1,1,1,1
2529,340000000,457,337,60,45,1,1,1,1
2529,220000000,654,337,280,65,1,1,1,1
2529,210000000,786,389,55,45,1,1,1,1
2530,380000000,-48,359,180,115,1,1,1,1
2530,290000000,250,345,90,60,1,1,1,1
2530,340000000,457,337,60,45,1,1,1,1
2530,220000000,654,337,280,65,1,1,1,1
2530,210000000,786,389,55,45,1,1,1,1
2531,380000000,-48,359,180,115,1,1,1,1
2531,290000000,250,345,90,60,1,1,1,1
2531,340000000,457,337,60,45,1,1,1,1
2531,220000000,654,337,280,65,1,1,1,1
2531,210000000,786,389,55,45,1,1,1,1
2532,380000000,-48,359,180,115,1,1,1,1
2532,290000000,250,345,90,60,1,1,1,1
2532,340000000,457,337,60,45,1,1,1,1
2532,220000000,654,337,280,65,1,1,1,1
2532,210000000,786,389,55,45,1,1,1,1
2533,380000000,-48,359,180,115,1,1,1,1
2533,290000000,250,345,90,60,1,1,1,1
2533,340000000,457,337,60,45,1,1,1,1
2533,220000000,654,337,280,65,1,1,1,1
2533,210000000,785,389,55,45,1,1,1,1
2534,380000000,-48,359,180,115,1,1,1,1
2534,290000000,250,345,90,60,1,1,1,1
2534,340000000,457,337,60,45,1,1,1,1
2534,220000000,654,337,280,65,1,1,1,1
2534,210000000,785,389,55,45,1,1,1,1
2535,380000000,-48,359,180,115,1,1,1,1
2535,290000000,250,345,90,60,1,1,1,1
2535,340000000,457,337,60,45,1,1,1,1
2535,220000000,654,337,280,65,1,1,1,1
2535,210000000,785,389,55,45,1,1,1,1
2536,380000000,-48,359,180,115,1,1,1,1
2536,290000000,250,345,90,60,1,1,1,1
2536,340000000,457,337,60,45,1,1,1,1
2536,220000000,654,337,280,65,1,1,1,1
2536,210000000,785,389,55,45,1,1,1,1
2537,380000000,-49,359,180,115,1,1,1,1
2537,290000000,250,345,90,60,1,1,1,1
2537,340000000,457,337,60,45,1,1,1,1
2537,220000000,654,337,280,65,1,1,1,1
2537,210000000,785,389,55,45,1,1,1,1
2538,380000000,-49,359,180,115,1,1,1,1
2538,290000000,250,345,90,60,1,1,1,1
2538,340000000,457,337,60,45,1,1,1,1
2538,220000000,654,337,280,65,1,1,1,1
2538,210000000,785,389,55,45,1,1,1,1
2539,380000000,-49,359,180,115,1,1,1,1
2539,290000000,250,345,90,60,1,1,1,1
2539,340000000,457,337,60,45,1,1,1,1
2539,220000000,654,337,280,65,1,1,1,1
2539,210000000,785,389,55,45,1,1,1,1
2540,380000000,-49,359,180,115,1,1,1,1
2540,290000000,250,345,90,60,1,1,1,1
2540,340000000,457,337,60,45,1,1,1,1
2540,220000000,654,337,280,65,1,1,1,1
2540,210000000,785,389,55,45,1,1,1,1
2541,380000000,-49,359,180,115,1,1,1,1
2541,290000000,250,345,90,60,1,1,1,1
2541,340000000,457,337,60,45,1,1,1,1
2541,220000000,654,337,280,65,1,1,1,1
2541,210000000,785,389,55,45,1,1,1,1
2542,380000000,-49,359,180,115,1,1,1,1
2542,290000000,250,345,90,60,1,1,1,1
2542,340000000,457,337,60,45,1,1,1,1
2542,220000000,654,337,280,65,1,1,1,1
2542,210000000,785,389,55,45,1,1,1,1
2543,380000000,-49,359,180,115,1,1,1,1
2543,290000000,250,345,90,60,1,1,1,1
2543,340000000,457,337,60,45,1,1,1,1
2543,220000000,654,337,280,65,1,1,1,1
2543,210000000,785,389,55,45,1,1,1,1
2544,380000000,-49,359,180,115,1,1,1,1
2544,290000000,250,345,90,60,1,1,1,1
2544,340000000,457,337,60,45,1,1,1,1
2544,220000000,654,337,280,65,1,1,1,1
2544,210000000,785,389,55,45,1,1,1,1
2545,380000000,-49,359,180,115,1,1,1,1
2545,290000000,250,345,90,60,1,1,1,1
2545,340000000,457,337,60,45,1,1,1,1
2545,220000000,654,337,280,65,1,1,1,1
2545,210000000,785,389,55,45,1,1,1,1
2546,380000000,-49,359,180,115,1,1,1,1
2546,290000000,250,345,90,60,1,1,1,1
2546,340000000,457,337,60,45,1,1,1,1
2546,220000000,654,337,280,65,1,1,1,1
2546,210000000,785,389,55,45,1,1,1,1
2547,380000000,-49,359,180,115,1,1,1,1
2547,290000000,250,345,90,60,1,1,1,1
2547,340000000,457,337,60,45,1,1,1,1
2547,220000000,654,337,280,65,1,1,1,1
2547,210000000,785,389,55,45,1,1,1,1
2548,380000000,-49,359,180,115,1,1,1,1
2548,290000000,250,345,90,60,1,1,1,1
2548,340000000,457,337,60,45,1,1,1,1
2548,220000000,654,337,280,65,1,1,1,1
2548,210000000,785,389,55,45,1,1,1,1
2549,380000000,-49,359,180,115,1,1,1,1
2549,290000000,250,345,90,60,1,1,1,1
2549,340000000,457,337,60,45,1,1,1,1
2549,220000000,654,337,280,65,1,1,1,1
2549,210000000,785,389,55,45,1,1,1,1
2550,380000000,-49,359,180,115,1,1,1,1
2550,290000000,250,345,90,60,1,1,1,1
2550,340000000,457,337,60,45,1,1,1,1
2550,220000000,654,337,280,65,1,1,1,1
2550,210000000,785,389,55,45,1,1,1,1
2551,380000000,-49,359,180,115,1,1,1,1
2551,290000000,250,345,90,60,1,1,1,1
2551,340000000,457,337,60,45,1,1,1,1
2551,220000000,654,337,280,65,1,1,1,1
2551,210000000,785,389,55,45,1,1,1,1
2552,380000000,-50,360,180,115,1,1,1,1
2552,290000000,250,345,90,60,1,1,1,1
2552,340000000,457,337,60,45,1,1,1,1
2552,220000000,654,337,280,65,1,1,1,1
2552,210000000,785,390,55,45,1,1,1,1
2553,380000000,-50,360,180,115,1,1,1,1
2553,290000000,249,345,90,60,1,1,1,1
2553,340000000,457,337,60,45,1,1,1,1
2553,220000000,654,337,280,65,1,1,1,1
2553,210000000,784,390,55,45,1,1,1,1
2554,380000000,-50,360,180,115,1,1,1,1
2554,290000000,249,345,90,60,1,1,1,1
2554,340000000,457,337,60,45,1,1,1,1
2554,220000000,654,337,280,65,1,1,1,1
2554,210000000,784,390,55,45,1,1,1,1
2555,380000000,-50,360,180,115,1,1,1,1
2555,290000000,249,345,90,60,1,1,1,1
2555,340000000,457,337,60,45,1,1,1,1
2555,220000000,654,337,280,65,1,1,1,1
2555,210000000,784,390,55,45,1,1,1,1
2556,380000000,-50,360,180,115,1,1,1,1
2556,290000000,249,345,90,60,1,1,1,1
2556,340000000,457,337,60,45,1,1,1,1
2556,220000000,654,337,280,65,1,1,1,1
2556,210000000,784,390,55,45,1,1,1,1
2557,380000000,-50,360,180,115,1,1,1,1
2557,290000000,249,345,90,60,1,1,1,1
2557,340000000,457,337,60,45,1,1,1,1
2557,220000000,654,337,280,65,1,1,1,1
2557,210000000,784,390,55,45,1,1,1,1
2558,380000000,-50,360,180,115,1,1,1,1
2558,290000000,249,345,90,60,1,1,1,1
2558,340000000,457,337,60,45,1,1,1,1
2558,220000000,654,337,280,65,1,1,1,1
2558,210000000,784,390,55,45,1,1,1,1
2559,380000000,-50,360,180,115,1,1,1,1
2559,290000000,249,345,90,60,1,1,1,1
2559,340000000,457,337,60,45,1,1,1,1
2559,220000000,654,337,280,65,1,1,1,1
2559,210000000,784,390,55,45,1,1,1,1
2560,380000000,-50,360,180,115,1,1,1,1
2560,290000000,249,345,90,60,1,1,1,1
2560,340000000,457,337,60,45,1,1,1,1
2560,220000000,654,337,280,65,1,1,1,1
2560,210000000,784,390,55,45,1,1,1,1
2561,380000000,-50,360,180,115,1,1,1,1
2561,290000000,249,345,90,60,1,1,1,1
2561,340000000,457,337,60,45,1,1,1,1
2561,220000000,654,337,280,65,1,1,1,1
2561,210000000,784,390,55,45,1,1,1,1
2562,380000000,-50,360,180,115,1,1,1,1
2562,290000000,249,345,90,60,1,1,1,1
2562,340000000,457,337,60,45,1,1,1,1
2562,220000000,654,337,280,65,1,1,1,1
2562,210000000,784,390,55,45,1,1,1,1
2563,380000000,-50,360,180,115,1,1,1,1
2563,290000000,249,345,90,60,1,1,1,1
2563,340000000,457,337,60,45,1,1,1,1
2563,220000000,654,337,280,65,1,1,1,1
2563,210000000,784,390,55,45,1,1,1,1
2564,380000000,-50,360,180,115,1,1,1,1
2564,290000000,249,345,90,60,1,1,1,1
2564,340000000,457,337,60,45,1,1,1,1
2564,220000000,654,337,280,65,1,1,1,1
2564,210000000,784,390,55,45,1,1,1,1
2565,380000000,-50,360,180,115,1,1,1,1
2565,290000000,249,345,90,60,1,1,1,1
2565,340000000,457,337,60,45,1,1,1,1
2565,220000000,654,337,280,65,1,1,1,1
2565,210000000,784,390,55,45,1,1,1,1
2566,380000000,-50,360,180,115,1,1,1,1
2566,290000000,249,345,90,60,1,1,1,1
2566,340000000,457,337,60,45,1,1,1,1
2566,220000000,654,337,280,65,1,1,1,1
2566,210000000,784,390,55,45,1,1,1,1
2567,380000000,-51,360,180,115,1,1,1,1
2567,290000000,249,345,90,60,1,1,1,1
2567,340000000,457,337,60,45,1,1,1,1
2567,220000000,654,337,280,65,1,1,1,1
2567,210000000,784,390,55,45,1,1,1,1
2568,380000000,-51,360,180,115,1,1,1,1
2568,290000000,249,345,90,60,1,1,1,1
2568,340000000,457,337,60,45,1,1,1,1
2568,220000000,654,337,280,65,1,1,1,1
2568,210000000,784,390,55,45,1,1,1,1
2569,380000000,-51,360,180,115,1,1,1,1
2569,290000000,249,345,90,60,1,1,1,1
2569,340000000,457,337,60,45,1,1,1,1
2569,220000000,654,337,280,65,1,1,1,1
2569,210000000,784,390,55,45,1,1,1,1
2570,380000000,-51,360,180,115,1,1,1,1
2570,290000000,249,345,90,60,1,1,1,1
2570,340000000,457,337,60,45,1,1,1,1
2570,220000000,654,337,280,65,1,1,1,1
2570,210000000,784,390,55,45,1,1,1,1
2571,380000000,-51,360,180,115,1,1,1,1
2571,290000000,249,345,90,60,1,1,1,1
2571,340000000,457,337,60,45,1,1,1,1
2571,220000000,654,337,280,65,1,1,1,1
2571,210000000,784,390,55,45,1,1,1,1
2572,380000000,-51,360,180,115,1,1,1,1
2572,290000000,249,345,90,60,1,1,1,1
2572,340000000,457,337,60,45,1,1,1,1
2572,220000000,654,337,280,65,1,1,1,1
2572,210000000,784,390,55,45,1,1,1,1
2573,380000000,-51,360,180,115,1,1,1,1
2573,290000000,249,345,90,60,1,1,1,1
2573,340000000,457,337,60,45,1,1,1,1
2573,220000000,654,337,280,65,1,1,1,1
2573,210000000,783,390,55,45,1,1,1,1
2574,380000000,-51,360,180,115,1,1,1,1
2574,290000000,249,345,90,60,1,1,1,1
2574,340000000,457,337,60,45,1,1,1,1
2574,220000000,654,337,280,65,1,1,1,1
2574,210000000,783,390,55,45,1,1,1,1
2575,380000000,-51,360,180,115,1,1,1,1
2575,290000000,249,345,90,60,1,1,1,1
2575,340000000,457,337,60,45,1,1,1,1
2575,220000000,654,337,280,65,1,1,1,1
2575,210000000,783,390,55,45,1,1,1,1
2576,380000000,-51,360,180,115,1,1,1,1
2576,290000000,249,345,90,60,1,1,1,1
2576,340000000,457,337,60,45,1,1,1,1
2576,220000000,654,337,280,65,1,1,1,1
2576,210000000,783,390,55,45,1,1,1,1
2577,380000000,-51,360,180,115,1,1,1,1
2577,290000000,249,345,90,60,1,1,1,1
2577,340000000,457,337,60,45,1,1,1,1
2577,220000000,654,337,280,65,1,1,1,1
2577,210000000,783,390,55,45,1,1,1,1
2578,380000000,-51,360,180,115,1,1,1,1
2578,290000000,249,345,90,60,1,1,1,1
2578,340000000,457,337,60,45,1,1,1,1
2578,220000000,654,337,280,65,1,1,1,1
2578,210000000,783,390,55,45,1,1,1,1
2579,380000000,-51,360,180,115,1,1,1,1
2579,290000000,249,345,90,60,1,1,1,1
2579,340000000,457,337,60,45,1,1,1,1
2579,220000000,654,337,280,65,1,1,1,1
2579,210000000,783,390,55,45,1,1,1,1
2580,380000000,-51,360,180,115,1,1,1,1
2580,290000000,249,345,90,60,1,1,1,1
2580,340000000,457,337,60,45,1,1,1,1
2580,220000000,654,337,280,65,1,1,1,1
2580,210000000,783,390,55,45,1,1,1,1
2581,380000000,-51,360,180,115,1,1,1,1
2581,290000000,249,345,90,60,1,1,1,1
2581,340000000,457,337,60,45,1,1,1,1
2581,220000000,654,337,280,65,1,1,1,1
2581,210000000,783,390,55,45,1,1,1,1
2582,380000000,-52,360,180,115,1,1,1,1
2582,290000000,249,345,90,60,1,1,1,1
2582,340000000,457,337,60,45,1,1,1,1
2582,220000000,654,337,280,65,1,1,1,1
2582,210000000,783,390,55,45,1,1,1,1
2583,380000000,-52,360,180,115,1,1,1,1
2583,290000000,248,345,90,60,1,1,1,1
2583,340000000,456,337,60,45,1,1,1,1
2583,220000000,654,337,280,65,1,1,1,1
2583,210000000,783,390,55,45,1,1,1,1
2584,380000000,-52,360,180,115,1,1,1,1
2584,290000000,248,345,90,60,1,1,1,1
2584,340000000,456,337,60,45,1,1,1,1
2584,220000000,654,337,280,65,1,1,1,1
2584,210000000,783,390,55,45,1,1,1,1
2585,380000000,-52,360,180,115,1,1,1,1
2585,290000000,248,345,90,60,1,1,1,1
2585,340000000,456,337,60,45,1,1,1,1
2585,220000000,654,337,280,65,1,1,1,1
2585,210000000,783,390,55,45,1,1,1,1
2586,380000000,-52,360,180,115,1,1,1,1
2586,290000000,248,345,90,60,1,1,1,1
2586,340000000,456,337,60,45,1,1,1,1
2586,220000000,654,337,280,65,1,1,1,1
2586,210000000,783,390,55,45,1,1,1,1
2587,380000000,-52,360,180,115,1,1,1,1
2587,290000000,248,345,90,60,1,1,1,1
2587,340000000,456,337,60,45,1,1,1,1
2587,220000000,654,337,280,65,1,1,1,1
2587,210000000,783,390,55,45,1,1,1,1
2588,380000000,-52,360,180,115,1,1,1,1
2588,290000000,248,345,90,60,1,1,1,1
2588,340000000,456,337,60,45,1,1,1,1
2588,220000000,654,337,280,65,1,1,1,1
2588,210000000,783,390,55,45,1,1,1,1
2589,380000000,-52,360,180,115,1,1,1,1
2589,290000000,248,345,90,60,1,1,1,1
2589,340000000,456,337,60,45,1,1,1,1
2589,220000000,654,337,280,65,1,1,1,1
2589,210000000,783,390,55,45,1,1,1,1
2590,380000000,-52,360,180,115,1,1,1,1
2590,290000000,248,345,90,60,1,1,1,1
2590,340000000,456,337,60,45,1,1,1,1
2590,220000000,654,337,280,65,1,1,1,1
2590,210000000,783,390,55,45,1,1,1,1
2591,380000000,-52,360,180,115,1,1,1,1
2591,290000000,248,345,90,60,1,1,1,1
2591,340000000,456,337,60,45,1,1,1,1
2591,220000000,654,337,280,65,1,1,1,1
2591,210000000,783,390,55,45,1,1,1,1
2592,380000000,-52,360,180,115,1,1,1,1
2592,290000000,248,345,90,60,1,1,1,1
2592,340000000,456,337,60,45,1,1,1,1
2592,220000000,654,337,280,65,1,1,1,1
2592,210000000,783,390,55,45,1,1,1,1
2593,380000000,-52,360,180,115,1,1,1,1
2593,290000000,248,345,90,60,1,1,1,1
2593,340000000,456,337,60,45,1,1,1,1
2593,220000000,654,337,280,65,1,1,1,1
2593,210000000,782,390,55,45,1,1,1,1
2594,380000000,-52,360,180,115,1,1,1,1
2594,290000000,248,345,90,60,1,1,1,1
2594,340000000,456,337,60,45,1,1,1,1
2594,220000000,654,337,280,65,1,1,1,1
2594,210000000,782,390,55,45,1,1,1,1
2595,380000000,-52,360,180,115,1,1,1,1
2595,290000000,248,345,90,60,1,1,1,1
2595,340000000,456,337,60,45,1,1,1,1
2595,220000000,654,337,280,65,1,1,1,1
2595,210000000,782,390,55,45,1,1,1,1
2596,380000000,-52,360,180,115,1,1,1,1
2596,290000000,248,345,90,60,1,1,1,1
2596,340000000,456,337,60,45,1,1,1,1
2596,220000000,654,337,280,65,1,1,1,1
2596,210000000,782,390,55,45,1,1,1,1
2597,380000000,-53,360,180,115,1,1,1,1
2597,290000000,248,345,90,60,1,1,1,1
2597,340000000,456,337,60,45,1,1,1,1
2597,220000000,654,337,280,65,1,1,1,1
2597,210000000,782,390,55,45,1,1,1,1
2598,380000000,-53,360,180,115,1,1,1,1
2598,290000000,248,345,90,60,1,1,1,1
2598,340000000,456,337,60,45,1,1,1,1
2598,220000000,654,337,280,65,1,1,1,1
2598,210000000,782,390,55,45,1,1,1,1
2599,380000000,-53,360,180,115,1,1,1,1
2599,290000000,248,345,90,60,1,1,1,1
2599,340000000,456,337,60,45,1,1,1,1
2599,220000000,654,337,280,65,1,1,1,1
2599,210000000,782,390,55,45,1,1,1,1
2600,380000000,-53,360,180,115,1,1,1,1
2600,290000000,248,345,90,60,1,1,1,1
2600,340000000,456,337,60,45,1,1,1,1
2600,220000000,654,337,280,65,1,1,1,1
2600,210000000,782,390,55,45,1,1,1,1
2601,380000000,-53,360,180,115,1,1,1,1
2601,290000000,248,345,90,60,1,1,1,1
2601,340000000,456,337,60,45,1,1,1,1
2601,220000000,654,337,280,65,1,1,1,1
2601,210000000,782,390,55,45,1,1,1,1
2602,380000000,-53,360,180,115,1,1,1,1
2602,290000000,248,345,90,60,1,1,1,1
2602,340000000,456,337,60,45,1,1,1,1
2602,220000000,654,337,280,65,1,1,1,1
2602,210000000,782,390,55,45,1,1,1,1
2603,380000000,-53,360,180,115,1,1,1,1
2603,290000000,248,345,90,60,1,1,1,1
2603,340000000,456,337,60,45,1,1,1,1
2603,220000000,653,337,280,65,1,1,1,1
2603,210000000,782,390,55,45,1,1,1,1
2604,380000000,-53,360,180,115,1,1,1,1
2604,290000000,248,345,90,60,1,1,1,1
2604,340000000,456,337,60,45,1,1,1,1
2604,220000000,653,337,280,65,1,1,1,1
2604,210000000,782,390,55,45,1,1,1,1
2605,380000000,-53,360,180,115,1,1,1,1
2605,290000000,248,345,90,60,1,1,1,1
2605,340000000,456,337,60,45,1,1,1,1
2605,220000000,653,337,280,65,1,1,1,1
2605,210000000,782,390,55,45,1,1,1,1
2606,380000000,-53,360,180,115,1,1,1,1
2606,290000000,248,345,90,60,1,1,1,1
2606,340000000,456,337,60,45,1,1,1,1
2606,220000000,653,337,280,65,1,1,1,1
2606,210000000,782,390,55,45,1,1,1,1
2607,380000000,-53,360,180,115,1,1,1,1
2607,290000000,248,345,90,60,1,1,1,1
2607,340000000,456,337,60,45,1,1,1,1
2607,220000000,653,337,280,65,1,1,1,1
2607,210000000,782,390,55,45,1,1,1,1
2608,380000000,-53,360,180,115,1,1,1,1
2608,290000000,248,345,90,60,1,1,1,1
2608,340000000,456,337,60,45,1,1,1,1
2608,220000000,653,337,280,65,1,1,1,1
2608,210000000,782,390,55,45,1,1,1,1
2609,380000000,-53,360,180,115,1,1,1,1
2609,290000000,248,345,90,60,1,1,1,1
2609,340000000,456,337,60,45,1,1,1,1
2609,220000000,653,337,280,65,1,1,1,1
2609,210000000,782,390,55,45,1,1,1,1
2610,380000000,-53,360,180,115,1,1,1,1
2610,290000000,248,345,90,60,1,1,1,1
2610,340000000,456,337,60,45,1,1,1,1
2610,220000000,653,337,280,65,1,1,1,1
2610,210000000,782,390,55,45,1,1,1,1
2611,380000000,-53,360,180,115,1,1,1,1
2611,290000000,248,345,90,60,1,1,1,1
2611,340000000,456,337,60,45,1,1,1,1
2611,220000000,653,337,280,65,1,1,1,1
2611,210000000,782,390,55,45,1,1,1,1
2612,380000000,-54,361,180,115,1,1,1,1
2612,290000000,248,345,90,60,1,1,1,1
2612,340000000,456,337,60,45,1,1,1,1
2612,220000000,653,337,280,65,1,1,1,1
2612,210000000,782,391,55,45,1,1,1,1
2613,380000000,-54,361,180,115,1,1,1,1
2613,290000000,247,345,90,60,1,1,1,1
2613,340000000,456,337,60,45,1,1,1,1
2613,220000000,653,337,280,65,1,1,1,1
2613,210000000,781,391,55,45,1,1,1,1
2614,380000000,-54,361,180,115,1,1,1,1
2614,290000000,247,345,90,60,1,1,1,1
2614,340000000,456,337,60,45,1,1,1,1
2614,220000000,653,337,280,65,1,1,1,1
2614,210000000,781,391,55,45,1,1,1,1
2615,380000000,-54,361,180,115,1,1,1,1
2615,290000000,247,345,90,60,1,1,1,1
2615,340000000,456,337,60,45,1,1,1,1
2615,220000000,653,337,280,65,1,1,1,1
2615,210000000,781,391,55,45,1,1,1,1
2616,380000000,-54,361,180,115,1,1,1,1
2616,290000000,247,345,90,60,1,1,1,1
2616,340000000,456,337,60,45,1,1,1,1
2616,220000000,653,337,280,65,1,1,1,1
2616,210000000,781,391,55,45,1,1,1,1
2617,380000000,-54,361,180,115,1,1,1,1
2617,290000000,247,345,90,60,1,1,1,1
2617,340000000,456,337,60,45,1,1,1,1
2617,220000000,653,337,280,65,1,1,1,1
2617,210000000,781,391,55,45,1,1,1,1
2618,380000000,-54,361,180,115,1,1,1,1
2618,290000000,247,345,90,60,1,1,1,1
2618,340000000,456,337,60,45,1,1,1,1
2618,220000000,653,337,280,65,1,1,1,1
2618,210000000,781,391,55,45,1,1,1,1
2619,380000000,-54,361,180,115,1,1,1,1
2619,290000000,247,345,90,60,1,1,1,1
2619,340000000,456,337,60,45,1,1,1,1
2619,220000000,653,337,280,65,1,1,1,1
2619,210000000,781,391,55,45,1,1,1,1
2620,380000000,-54,361,180,115,1,1,1,1
2620,290000000,247,345,90,60,1,1,1,1
2620,340000000,456,337,60,45,1,1,1,1
2620,220000000,653,337,280,65,1,1,1,1
2620,210000000,781,391,55,45,1,1,1,1
2621,380000000,-54,361,180,115,1,1,1,1
2621,290000000,247,345,90,60,1,1,1,1
2621,340000000,456,337,60,45,1,1,1,1
2621,220000000,653,337,280,65,1,1,1,1
2621,210000000,781,391,55,45,1,1,1,1
2622,380000000,-54,361,180,115,1,1,1,1
2622,290000000,247,345,90,60,1,1,1,1
2622,340000000,456,337,60,45,1,1,1,1
2622,220000000,653,337,280,65,1,1,1,1
2622,210000000,781,391,55,45,1,1,1,1
2623,380000000,-54,361,180,115,1,1,1,1
2623,290000000,247,345,90,60,1,1,1,1
2623,340000000,456,337,60,45,1,1,1,1
2623,220000000,653,337,280,65,1,1,1,1
2623,210000000,781,391,55,45,1,1,1,1
2624,380000000,-54,361,180,115,1,1,1,1
2624,290000000,247,345,90,60,1,1,1,1
2624,340000000,456,337,60,45,1,1,1,1
2624,220000000,653,337,280,65,1,1,1,1
2624,210000000,781,391,55,45,1,1,1,1
2625,380000000,-54,361,180,115,1,1,1,1
2625,290000000,247,345,90,60,1,1,1,1
2625,340000000,456,337,60,45,1,1,1,1
2625,220000000,653,337,280,65,1,1,1,1
2625,210000000,781,391,55,45,1,1,1,1
2626,380000000,-54,361,180,115,1,1,1,1
2626,290000000,247,345,90,60,1,1,1,1
2626,340000000,456,337,60,45,1,1,1,1
2626,220000000,653,337,280,65,1,1,1,1
2626,210000000,781,391,55,45,1,1,1,1
2627,380000000,-55,361,180,115,1,1,1,1
2627,290000000,247,345,90,60,1,1,1,1
2627,340000000,456,337,60,45,1,1,1,1
2627,220000000,653,337,280,65,1,1,1,1
2627,210000000,781,391,55,45,1,1,1,1
2628,380000000,-55,361,180,115,1,1,1,1
2628,290000000,247,345,90,60,1,1,1,1
2628,340000000,456,337,60,45,1,1,1,1
2628,220000000,653,337,280,65,1,1,1,1
2628,210000000,781,391,55,45,1,1,1,1
2629,380000000,-55,361,180,115,1,1,1,1
2629,290000000,247,345,90,60,1,1,1,1
2629,340000000,456,337,60,45,1,1,1,1
2629,220000000,653,337,280,65,1,1,1,1
2629,210000000,781,391,55,45,1,1,1,1
2630,380000000,-55,361,180,115,1,1,1,1
2630,290000000,247,345,90,60,1,1,1,1
2630,340000000,456,337,60,45,1,1,1,1
2630,220000000,653,337,280,65,1,1,1,1
2630,210000000,781,391,55,45,1,1,1,1
2631,380000000,-55,361,180,115,1,1,1,1
2631,290000000,247,345,90,60,1,1,1,1
2631,340000000,456,337,60,45,1,1,1,1
2631,220000000,653,337,280,65,1,1,1,1
2631,210000000,781,391,55,45,1,1,1,1
2632,380000000,-55,361,180,115,1,1,1,1
2632,290000000,247,345,90,60,1,1,1,1
2632,340000000,456,337,60,45,1,1,1,1
2632,220000000,653,337,280,65,1,1,1,1
2632,210000000,781,391,55,45,1,1,1,1
2633,380000000,-55,361,180,115,1,1,1,1
2633,290000000,247,345,90,60,1,1,1,1
2633,340000000,456,337,60,45,1,1,1,1
2633,220000000,653,337,280,65,1,1,1,1
2633,210000000,780,391,55,45,1,1,1,1
2634,380000000,-55,361,180,115,1,1,1,1
2634,290000000,247,345,90,60,1,1,1,1
2634,340000000,456,337,60,45,1,1,1,1
2634,220000000,653,337,280,65,1,1,1,1
2634,210000000,780,391,55,45,1,1,1,1
2635,380000000,-55,361,180,115,1,1,1,1
2635,290000000,247,345,90,60,1,1,1,1
2635,340000000,456,337,60,45,1,1,1,1
2635,220000000,653,337,280,65,1,1,1,1
2635,210000000,780,391,55,45,1,1,1,1
2636,380000000,-55,361,180,115,1,1,1,1
2636,290000000,247,345,90,60,1,1,1,1
2636,340000000,456,337,60,45,1,1,1,1
2636,220000000,653,337,280,65,1,1,1,1
2636,210000000,780,391,55,45,1,1,1,1
2637,380000000,-55,361,180,115,1,1,1,1
2637,290000000,247,345,90,60,1,1,1,1
2637,340000000,456,337,60,45,1,1,1,1
2637,220000000,653,337,280,65,1,1,1,1
2637,210000000,780,391,55,45,1,1,1,1
2638,380000000,-55,361,180,115,1,1,1,1
2638,290000000,247,345,90,60,1,1,1,1
2638,340000000,456,337,60,45,1,1,1,1
2638,220000000,653,337,280,65,1,1,1,1
2638,210000000,780,391,55,45,1,1,1,1
2639,380000000,-55,361,180,115,1,1,1,1
2639,290000000,247,345,90,60,1,1,1,1
2639,340000000,456,337,60,45,1,1,1,1
2639,220000000,653,337,280,65,1,1,1,1
2639,210000000,780,391,55,45,1,1,1,1
2640,380000000,-55,361,180,115,1,1,1,1
2640,290000000,247,345,90,60,1,1,1,1
2640,340000000,456,337,60,45,1,1,1,1
2640,220000000,653,337,280,65,1,1,1,1
2640,210000000,780,391,55,45,1,1,1,1
2641,380000000,-55,361,180,115,1,1,1,1
2641,290000000,247,345,90,60,1,1,1,1
2641,340000000,456,337,60,45,1,1,1,1
2641,220000000,653,337,280,65,1,1,1,1
2641,210000000,780,391,55,45,1,1,1,1
2642,380000000,-56,361,180,115,1,1,1,1
2642,290000000,247,345,90,60,1,1,1,1
2642,340000000,456,337,60,45,1,1,1,1
2642,220000000,653,337,280,65,1,1,1,1
2642,210000000,780,391,55,45,1,1,1,1
2643,380000000,-56,361,180,115,1,1,1,1
2643,290000000,246,345,90,60,1,1,1,1
2643,340000000,455,337,60,45,1,1,1,1
2643,220000000,653,337,280,65,1,1,1,1
2643,210000000,780,391,55,45,1,1,1,1
2644,380000000,-56,361,180,115,1,1,1,1
2644,290000000,246,345,90,60,1,1,1,1
2644,340000000,455,337,60,45,1,1,1,1
2644,220000000,653,337,280,65,1,1,1,1
2644,210000000,780,391,55,45,1,1,1,1
2645,380000000,-56,361,180,115,1,1,1,1
2645,290000000,246,345,90,60,1,1,1,1
2645,340000000,455,337,60,45,1,1,1,1
2645,220000000,653,337,280,65,1,1,1,1
2645,210000000,780,391,55,45,1,1,1,1
2646,380000000,-56,361,180,115,1,1,1,1
2646,290000000,246,345,90,60,1,1,1,1
2646,340000000,455,337,60,45,1,1,1,1
2646,220000000,653,337,280,65,1,1,1,1
2646,210000000,780,391,55,45,1,1,1,1
2647,380000000,-56,361,180,115,1,1,1,1
2647,290000000,246,345,90,60,1,1,1,1
2647,340000000,455,337,60,45,1,1,1,1
2647,220000000,653,337,280,65,1,1,1,1
2647,210000000,780,391,55,45,1,1,1,1
2648,380000000,-56,361,180,115,1,1,1,1
2648,290000000,246,345,90,60,1,1,1,1
2648,340000000,455,337,60,45,1,1,1,1
2648,220000000,653,337,280,65,1,1,1,1
2648,210000000,780,391,55,45,1,1,1,1
2649,380000000,-56,361,180,115,1,1,1,1
2649,290000000,246,345,90,60,1,1,1,1
2649,340000000,455,337,60,45,1,1,1,1
2649,220000000,653,337,280,65,1,1,1,1
2649,210000000,780,391,55,45,1,1,1,1
2650,380000000,-56,361,180,115,1,1,1,1
2650,290000000,246,345,90,60,1,1,1,1
2650,340000000,455,337,60,45,1,1,1,1
2650,220000000,653,337,280,65,1,1,1,1
2650,210000000,780,391,55,45,1,1,1,1
2651,380000000,-56,361,180,115,1,1,1,1
2651,290000000,246,345,90,60,1,1,1,1
2651,340000000,455,337,60,45,1,1,1,1
2651,220000000,653,337,280,65,1,1,1,1
2651,210000000,780,391,55,45,1,1,1,1
2652,380000000,-56,361,180,115,1,1,1,1
2652,290000000,246,345,90,60,1,1,1,1
2652,340000000,455,337,60,45,1,1,1,1
2652,220000000,653,337,280,65,1,1,1,1
2652,210000000,780,391,55,45,1,1,1,1
2653,380000000,-56,361,180,115,1,1,1,1
2653,290000000,246,345,90,60,1,1,1,1
2653,340000000,455,337,60,45,1,1,1,1
2653,220000000,653,337,280,65,1,1,1,1
2653,210000000,779,391,55,45,1,1,1,1
2654,380000000,-56,361,180,115,1,1,1,1
2654,290000000,246,345,90,60,1,1,1,1
2654,340000000,455,337,60,45,1,1,1,1
2654,220000000,653,337,280,65,1,1,1,1
2654,210000000,779,391,55,45,1,1,1,1
2655,380000000,-56,361,180,115,1,1,1,1
2655,290000000,246,345,90,60,1,1,1,1
2655,340000000,455,337,60,45,1,1,1,1
2655,220000000,653,337,280,65,1,1,1,1
2655,210000000,779,391,55,45,1,1,1,1
2656,380000000,-56,361,180,115,1,1,1,1
2656,290000000,246,345,90,60,1,1,1,1
2656,340000000,455,337,60,45,1,1,1,1
2656,220000000,653,337,280,65,1,1,1,1
2656,210000000,779,391,55,45,1,1,1,1
2657,380000000,-57,361,180,115,1,1,1,1
2657,290000000,246,345,90,60,1,1,1,1
2657,340000000,455,337,60,45,1,1,1,1
2657,220000000,653,337,280,65,1,1,1,1
2657,210000000,779,391,55,45,1,1,1,1
2658,380000000,-57,361,180,115,1,1,1,1
2658,290000000,246,345,90,60,1,1,1,1
2658,340000000,455,337,60,45,1,1,1,1
2658,220000000,653,337,280,65,1,1,1,1
2658,210000000,779,391,55,45,1,1,1,1
2659,380000000,-57,361,180,115,1,1,1,1
2659,290000000,246,345,90,60,1,1,1,1
2659,340000000,455,337,60,45,1,1,1,1
2659,220000000,653,337,280,65,1,1,1,1
2659,210000000,779,391,55,45,1,1,1,1
2660,380000000,-57,361,180,115,1,1,1,1
2660,290000000,246,345,90,60,1,1,1,1
2660,340000000,455,337,60,45,1,1,1,1
2660,220000000,653,337,280,65,1,1,1,1
2660,210000000,779,391,55,45,1,1,1,1
2661,380000000,-57,361,180,115,1,1,1,1
2661,290000000,246,345,90,60,1,1,1,1
2661,340000000,455,337,60,45,1,1,1,1
2661,220000000,653,337,280,65,1,1,1,1
2661,210000000,779,391,55,45,1,1,1,1
2662,380000000,-57,361,180,115,1,1,1,1
2662,290000000,246,345,90,60,1,1,1,1
2662,340000000,455,337,60,45,1,1,1,1
2662,220000000,653,337,280,65,1,1,1,1
2662,210000000,779,391,55,45,1,1,1,1
2663,380000000,-57,361,180,115,1,1,1,1
2663,290000000,246,345,90,60,1,1,1,1
2663,340000000,455,337,60,45,1,1,1,1
2663,220000000,653,337,280,65,1,1,1,1
2663,210000000,779,391,55,45,1,1,1,1
2664,380000000,-57,361,180,115,1,1,1,1
2664,290000000,246,345,90,60,1,1,1,1
2664,340000000,455,337,60,45,1,1,1,1
2664,220000000,653,337,280,65,1,1,1,1
2664,210000000,779,391,55,45,1,1,1,1
2665,380000000,-57,361,180,115,1,1,1,1
2665,290000000,246,345,90,60,1,1,1,1
2665,340000000,455,337,60,45,1,1,1,1
2665,220000000,653,337,280,65,1,1,1,1
2665,210000000,779,391,55,45,1,1,1,1
2666,380000000,-57,361,180,115,1,1,1,1
2666,290000000,246,345,90,60,1,1,1,1
2666,340000000,455,337,60,45,1,1,1,1
2666,220000000,653,337,280,65,1,1,1,1
2666,210000000,779,391,55,45,1,1,1,1
2667,380000000,-57,361,180,115,1,1,1,1
2667,290000000,246,345,90,60,1,1,1,1
2667,340000000,455,337,60,45,1,1,1,1
2667,220000000,653,337,280,65,1,1,1,1
2667,210000000,779,391,55,45,1,1,1,1
2668,380000000,-57,361,180,115,1,1,1,1
2668,290000000,246,345,90,60,1,1,1,1
2668,340000000,455,337,60,45,1,1,1,1
2668,220000000,653,337,280,65,1,1,1,1
2668,210000000,779,391,55,45,1,1,1,1
2669,380000000,-57,361,180,115,1,1,1,1
2669,290000000,246,345,90,60,1,1,1,1
2669,340000000,455,337,60,45,1,1,1,1
2669,220000000,653,337,280,65,1,1,1,1
2669,210000000,779,391,55,45,1,1,1,1
2670,380000000,-57,361,180,115,1,1,1,1
2670,290000000,246,345,90,60,1,1,1,1
2670,340000000,455,337,60,45,1,1,1,1
2670,220000000,653,337,280,65,1,1,1,1
2670,210000000,779,391,55,45,1,1,1,1
2671,380000000,-57,361,180,115,1,1,1,1
2671,290000000,246,345,90,60,1,1,1,1
2671,340000000,455,337,60,45,1,1,1,1
2671,220000000,653,337,280,65,1,1,1,1
2671,210000000,779,391,55,45,1,1,1,1
2672,380000000,-58,362,180,115,1,1,1,1
2672,290000000,246,345,90,60,1,1,1,1
2672,340000000,455,337,60,45,1,1,1,1
2672,220000000,653,337,280,65,1,1,1,1
2672,210000000,779,392,55,45,1,1,1,1
2673,380000000,-58,362,180,115,1,1,1,1
2673,290000000,245,345,90,60,1,1,1,1
2673,340000000,455,337,60,45,1,1,1,1
2673,220000000,653,337,280,65,1,1,1,1
2673,210000000,778,392,55,45,1,1,1,1
2674,380000000,-58,362,180,115,1,1,1,1
2674,290000000,245,345,90,60,1,1,1,1
2674,340000000,455,337,60,45,1,1,1,1
2674,220000000,653,337,280,65,1,1,1,1
2674,210000000,778,392,55,45,1,1,1,1
2675,380000000,-58,362,180,115,1,1,1,1
2675,290000000,245,345,90,60,1,1,1,1
2675,340000000,455,337,60,45,1,1,1,1
2675,220000000,653,337,280,65,1,1,1,1
2675,210000000,778,392,55,45,1,1,1,1
2676,380000000,-58,362,180,115,1,1,1,1
2676,290000000,245,345,90,60,1,1,1,1
2676,340000000,455,337,60,45,1,1,1,1
2676,220000000,653,337,280,65,1,1,1,1
2676,210000000,778,392,55,45,1,1,1,1
2677,380000000,-58,362,180,115,1,1,1,1
2677,290000000,245,345,90,60,1,1,1,1
2677,340000000,455,337,60,45,1,1,1,1
2677,220000000,653,337,280,65,1,1,1,1
2677,210000000,778,392,55,45,1,1,1,1
2678,380000000,-58,362,180,115,1,1,1,1
2678,290000000,245,345,90,60,1,1,1,1
2678,340000000,455,337,60,45,1,1,1,1
2678,220000000,653,337,280,65,1,1,1,1
2678,210000000,778,392,55,45,1,1,1,1
2679,380000000,-58,362,180,115,1,1,1,1
2679,290000000,245,345,90,60,1,1,1,1
2679,340000000,455,337,60,45,1,1,1,1
2679,220000000,653,337,280,65,1,1,1,1
2679,210000000,778,392,55,45,1,1,1,1
2680,380000000,-58,362,180,115,1,1,1,1
2680,290000000,245,345,90,60,1,1,1,1
2680,340000000,455,337,60,45,1,1,1,1
2680,220000000,653,337,280,65,1,1,1,1
2680,210000000,778,392,55,45,1,1,1,1
2681,380000000,-58,362,180,115,1,1,1,1
2681,290000000,245,345,90,60,1,1,1,1
2681,340000000,455,337,60,45,1,1,1,1
2681,220000000,653,337,280,65,1,1,1,1
2681,210000000,778,392,55,45,1,1,1,1
2682,380000000,-58,362,180,115,1,1,1,1
2682,290000000,245,345,90,60,1,1,1,1
2682,340000000,455,337,60,45,1,1,1,1
2682,220000000,653,337,280,65,1,1,1,1
2682,210000000,778,392,55,45,1,1,1,1
2683,380000000,-58,362,180,115,1,1,1,1
2683,290000000,245,345,90,60,1,1,1,1
2683,340000000,455,337,60,45,1,1,1,1
2683,220000000,653,337,280,65,1,1,1,1
2683,210000000,778,392,55,45,1,1,1,1
2684,380000000,-58,362,180,115,1,1,1,1
2684,290000000,245,345,90,60,1,1,1,1
2684,340000000,455,337,60,45,1,1,1,1
2684,220000000,653,337,280,65,1,1,1,1
2684,210000000,778,392,55,45,1,1,1,1
2685,380000000,-58,362,180,115,1,1,1,1
2685,290000000,245,345,90,60,1,1,1,1
2685,340000000,455,337,60,45,1,1,1,1
2685,220000000,653,337,280,65,1,1,1,1
2685,210000000,778,392,55,45,1,1,1,1
2686,380000000,-58,362,180,115,1,1,1,1
2686,290000000,245,345,90,60,1,1,1,1
2686,340000000,455,337,60,45,1,1,1,1
2686,220000000,653,337,280,65,1,1,1,1
2686,210000000,778,392,55,45,1,1,1,1
2687,380000000,-59,362,180,115,1,1,1,1
2687,290000000,245,345,90,60,1,1,1,1
2687,340000000,455,337,60,45,1,1,1,1
2687,220000000,653,337,280,65,1,1,1,1
2687,210000000,778,392,55,45,1,1,1,1
2688,380000000,-59,362,180,115,1,1,1,1
2688,290000000,245,345,90,60,1,1,1,1
2688,340000000,455,337,60,45,1,1,1,1
2688,220000000,653,337,280,65,1,1,1,1
2688,210000000,778,392,55,45,1,1,1,1
2689,380000000,-59,362,180,115,1,1,1,1
2689,290000000,245,345,90,60,1,1,1,1
2689,340000000,455,337,60,45,1,1,1,1
2689,220000000,653,337,280,65,1,1,1,1
2689,210000000,778,392,55,45,1,1,1,1
2690,380000000,-59,362,180,115,1,1,1,1
2690,290000000,245,345,90,60,1,1,1,1
2690,340000000,455,337,60,45,1,1,1,1
2690,220000000,653,337,280,65,1,1,1,1
2690,210000000,778,392,55,45,1,1,1,1
2691,380000000,-59,362,180,115,1,1,1,1
2691,290000000,245,345,90,60,1,1,1,1
2691,340000000,455,337,60,45,1,1,1,1
2691,220000000,653,337,280,65,1,1,1,1
2691,210000000,778,392,55,45,1,1,1,1
2692,380000000,-59,362,180,115,1,1,1,1
2692,290000000,245,345,90,60,1,1,1,1
2692,340000000,455,337,60,45,1,1,1,1
2692,220000000,653,337,280,65,1,1,1,1
2692,210000000,778,392,55,45,1,1,1,1
2693,380000000,-59,362,180,115,1,1,1,1
2693,290000000,245,345,90,60,1,1,1,1
2693,340000000,455,337,60,45,1,1,1,1
2693,220000000,653,337,280,65,1,1,1,1
2693,210000000,777,392,55,45,1,1,1,1
2694,380000000,-59,362,180,115,1,1,1,1
2694,290000000,245,345,90,60,1,1,1,1
2694,340000000,455,337,60,45,1,1,1,1
2694,220000000,653,337,280,65,1,1,1,1
2694,210000000,777,392,55,45,1,1,1,1
2695,380000000,-59,362,180,115,1,1,1,1
2695,290000000,245,345,90,60,1,1,1,1
2695,340000000,455,337,60,45,1,1,1,1
2695,220000000,653,337,280,65,1,1,1,1
2695,210000000,777,392,55,45,1,1,1,1
2696,380000000,-59,362,180,115,1,1,1,1
2696,290000000,245,345,90,60,1,1,1,1
2696,340000000,455,337,60,45,1,1,1,1
2696,220000000,653,337,280,65,1,1,1,1
2696,210000000,777,392,55,45,1,1,1,1
2697,380000000,-59,362,180,115,1,1,1,1
2697,290000000,245,345,90,60,1,1,1,1
2697,340000000,455,337,60,45,1,1,1,1
2697,220000000,653,337,280,65,1,1,1,1
2697,210000000,777,392,55,45,1,1,1,1
2698,380000000,-59,362,180,115,1,1,1,1
2698,290000000,245,345,90,60,1,1,1,1
2698,340000000,455,337,60,45,1,1,1,1
2698,220000000,653,337,280,65,1,1,1,1
2698,210000000,777,392,55,45,1,1,1,1
2699,380000000,-59,362,180,115,1,1,1,1
2699,290000000,245,345,90,60,1,1,1,1
2699,340000000,455,337,60,45,1,1,1,1
2699,220000000,653,337,280,65,1,1,1,1
2699,210000000,777,392,55,45,1,1,1,1
2700,380000000,-59,362,180,115,1,1,1,1
2700,290000000,245,345,90,60,1,1,1,1
2700,340000000,455,337,60,45,1,1,1,1
2700,220000000,653,337,280,65,1,1,1,1
2700,210000000,777,392,55,45,1,1,1,1
2701,380000000,-59,362,180,115,1,1,1,1
2701,290000000,245,345,90,60,1,1,1,1
2701,340000000,455,337,60,45,1,1,1,1
2701,220000000,653,337,280,65,1,1,1,1
2701,210000000,777,392,55,45,1,1,1,1
2702,380000000,-60,362,180,115,1,1,1,1
2702,290000000,245,345,90,60,1,1,1,1
2702,340000000,455,337,60,45,1,1,1,1
2702,220000000,653,337,280,65,1,1,1,1
2702,210000000,777,392,55,45,1,1,1,1
2703,380000000,-60,362,180,115,1,1,1,1
2703,290000000,244,345,90,60,1,1,1,1
2703,340000000,454,337,60,45,1,1,1,1
2703,220000000,652,337,280,65,1,1,1,1
2703,210000000,777,392,55,45,1,1,1,1
2704,380000000,-60,362,180,115,1,1,1,1
2704,290000000,244,345,90,60,1,1,1,1
2704,340000000,454,337,60,45,1,1,1,1
2704,220000000,652,337,280,65,1,1,1,1
2704,210000000,777,392,55,45,1,1,1,1
2705,380000000,-60,362,180,115,1,1,1,1
2705,290000000,244,345,90,60,1,1,1,1
2705,340000000,454,337,60,45,1,1,1,1
2705,220000000,652,337,280,65,1,1,1,1
2705,210000000,777,392,55,45,1,1,1,1
2706,380000000,-60,362,180,115,1,1,1,1
2706,290000000,244,345,90,60,1,1,1,1
2706,340000000,454,337,60,45,1,1,1,1
2706,220000000,652,337,280,65,1,1,1,1
2706,210000000,777,392,55,45,1,1,1,1
2707,380000000,-60,362,180,115,1,1,1,1
2707,290000000,244,345,90,60,1,1,1,1
2707,340000000,454,337,60,45,1,1,1,1
2707,220000000,652,337,280,65,1,1,1,1
2707,210000000,777,392,55,45,1,1,1,1
2708,380000000,-60,362,180,115,1,1,1,1
2708,290000000,244,345,90,60,1,1,1,1
2708,340000000,454,337,60,45,1,1,1,1
2708,220000000,652,337,280,65,1,1,1,1
2708,210000000,777,392,55,45,1,1,1,1
2709,380000000,-60,362,180,115,1,1,1,1
2709,290000000,244,345,90,60,1,1,1,1
2709,340000000,454,337,60,45,1,1,1,1
2709,220000000,652,337,280,65,1,1,1,1
2709,210000000,777,392,55,45,1,1,1,1
2710,380000000,-60,362,180,115,1,1,1,1
2710,290000000,244,345,90,60,1,1,1,1
2710,340000000,454,337,60,45,1,1,1,1
2710,220000000,652,337,280,65,1,1,1,1
2710,210000000,777,392,55,45,1,1,1,1
2711,380000000,-60,362,180,115,1,1,1,1
2711,290000000,244,345,90,60,1,1,1,1
2711,340000000,454,337,60,45,1,1,1,1
2711,220000000,652,337,280,65,1,1,1,1
2711,210000000,777,392,55,45,1,1,1,1
2712,380000000,-60,362,180,115,1,1,1,1
2712,290000000,244,345,90,60,1,1,1,1
2712,340000000,454,337,60,45,1,1,1,1
2712,220000000,652,337,280,65,1,1,1,1
2712,210000000,777,392,55,45,1,1,1,1
2713,380000000,-60,362,180,115,1,1,1,1
2713,290000000,244,345,90,60,1,1,1,1
2713,340000000,454,337,60,45,1,1,1,1
2713,220000000,652,337,280,65,1,1,1,1
2713,210000000,776,392,55,45,1,1,1,1
2714,380000000,-60,362,180,115,1,1,1,1
2714,290000000,244,345,90,60,1,1,1,1
2714,340000000,454,337,60,45,1,1,1,1
2714,220000000,652,337,280,65,1,1,1,1
2714,210000000,776,392,55,45,1,1,1,1
2715,380000000,-60,362,180,115,1,1,1,1
2715,290000000,244,345,90,60,1,1,1,1
2715,340000000,454,337,60,45,1,1,1,1
2715,220000000,652,337,280,65,1,1,1,1
2715,210000000,776,392,55,45,1,1,1,1
2716,380000000,-60,362,180,115,1,1,1,1
2716,290000000,244,345,90,60,1,1,1,1
2716,340000000,454,337,60,45,1,1,1,1
2716,220000000,652,337,280,65,1,1,1,1
2716,210000000,776,392,55,45,1,1,1,1
2717,380000000,-61,362,180,115,1,1,1,1
2717,290000000,244,345,90,60,1,1,1,1
2717,340000000,454,337,60,45,1,1,1,1
2717,220000000,652,337,280,65,1,1,1,1
2717,210000000,776,392,55,45,1,1,1,1
2718,380000000,-61,362,180,115,1,1,1,1
2718,290000000,244,345,90,60,1,1,1,1
2718,340000000,454,337,60,45,1,1,1,1
2718,220000000,652,337,280,65,1,1,1,1
2718,210000000,776,392,55,45,1,1,1,1
2719,380000000,-61,362,180,115,1,1,1,1
2719,290000000,244,345,90,60,1,1,1,1
2719,340000000,454,337,60,45,1,1,1,1
2719,220000000,652,337,280,65,1,1,1,1
2719,210000000,776,392,55,45,1,1,1,1
2720,380000000,-61,362,180,115,1,1,1,1
2720,290000000,244,345,90,60,1,1,1,1
2720,340000000,454,337,60,45,1,1,1,1
2720,220000000,652,337,280,65,1,1,1,1
2720,210000000,776,392,55,45,1,1,1,1
2721,380000000,-61,362,180,115,1,1,1,1
2721,290000000,244,345,90,60,1,1,1,1
2721,340000000,454,337,60,45,1,1,1,1
2721,220000000,652,337,280,65,1,1,1,1
2721,210000000,776,392,55,45,1,1,1,1
2722,380000000,-61,362,180,115,1,1,1,1
2722,290000000,244,345,90,60,1,1,1,1
2722,340000000,454,337,60,45,1,1,1,1
2722,220000000,652,337,280,65,1,1,1,1
2722,210000000,776,392,55,45,1,1,1,1
2723,380000000,-61,362,180,115,1,1,1,1
2723,290000000,244,345,90,60,1,1,1,1
2723,340000000,454,337,60,45,1,1,1,1
2723,220000000,652,337,280,65,1,1,1,1
2723,210000000,776,392,55,45,1,1,1,1
2724,380000000,-61,362,180,115,1,1,1,1
2724,290000000,244,345,90,60,1,1,1,1
2724,340000000,454,337,60,45,1,1,1,1
2724,220000000,652,337,280,65,1,1,1,1
2724,210000000,776,392,55,45,1,1,1,1
2725,380000000,-61,362,180,115,1,1,1,1
2725,290000000,244,345,90,60,1,1,1,1
2725,340000000,454,337,60,45,1,1,1,1
2725,220000000,652,337,280,65,1,1,1,1
2725,210000000,776,392,55,45,1,1,1,1
2726,380000000,-61,362,180,115,1,1,1,1
2726,290000000,244,345,90,60,1,1,1,1
2726,340000000,454,337,60,45,1,1,1,1
2726,220000000,652,337,280,65,1,1,1,1
2726,210000000,776,392,55,45,1,1,1,1
2727,380000000,-61,362,180,115,1,1,1,1
2727,290000000,244,345,90,60,1,1,1,1
2727,340000000,454,337,60,45,1,1,1,1
2727,220000000,652,337,280,65,1,1,1,1
2727,210000000,776,392,55,45,1,1,1,1
2728,380000000,-61,362,180,115,1,1,1,1
2728,290000000,244,345,90,60,1,1,1,1
2728,340000000,454,337,60,45,1,1,1,1
2728,220000000,652,337,280,65,1,1,1,1
2728,210000000,776,392,55,45,1,1,1,1
2729,380000000,-61,362,180,115,1,1,1,1
2729,290000000,244,345,90,60,1,1,1,1
2729,340000000,454,337,60,45,1,1,1,1
2729,220000000,652,337,280,65,1,1,1,1
2729,210000000,776,392,55,45,1,1,1,1
2730,380000000,-61,362,180,115,1,1,1,1
2730,290000000,244,345,90,60,1,1,1,1
2730,340000000,454,337,60,45,1,1,1,1
2730,220000000,652,337,280,65,1,1,1,1
2730,210000000,776,392,55,45,1,1,1,1
2731,380000000,-61,362,180,115,1,1,1,1
2731,290000000,244,345,90,60,1,1,1,1
2731,340000000,454,337,60,45,1,1,1,1
2731,220000000,652,337,280,65,1,1,1,1
2731,210000000,776,392,55,45,1,1,1,1
2732,380000000,-62,363,180,115,1,1,1,1
2732,290000000,244,345,90,60,1,1,1,1
2732,340000000,454,337,60,45,1,1,1,1
2732,220000000,652,337,280,65,1,1,1,1
2732,210000000,776,393,55,45,1,1,1,1
2733,380000000,-62,363,180,115,1,1,1,1
2733,290000000,243,345,90,60,1,1,1,1
2733,340000000,454,337,60,45,1,1,1,1
2733,220000000,652,337,280,65,1,1,1,1
2733,210000000,775,393,55,45,1,1,1,1
2734,380000000,-62,363,180,115,1,1,1,1
2734,290000000,243,345,90,60,1,1,1,1
2734,340000000,454,337,60,45,1,1,1,1
2734,220000000,652,337,280,65,1,1,1,1
2734,210000000,775,393,55,45,1,1,1,1
2735,380000000,-62,363,180,115,1,1,1,1
2735,290000000,243,345,90,60,1,1,1,1
2735,340000000,454,337,60,45,1,1,1,1
2735,220000000,652,337,280,65,1,1,1,1
2735,210000000,775,393,55,45,1,1,1,1
2736,380000000,-62,363,180,115,1,1,1,1
2736,290000000,243,345,90,60,1,1,1,1
2736,340000000,454,337,60,45,1,1,1,1
2736,220000000,652,337,280,65,1,1,1,1
2736,210000000,775,393,55,45,1,1,1,1
2737,380000000,-62,363,180,115,1,1,1,1
2737,290000000,243,345,90,60,1,1,1,1
2737,340000000,454,337,60,45,1,1,1,1
2737,220000000,652,337,280,65,1,1,1,1
2737,210000000,775,393,55,45,1,1,1,1
2738,380000000,-62,363,180,115,1,1,1,1
2738,290000000,243,345,90,60,1,1,1,1
2738,340000000,454,337,60,45,1,1,1,1
2738,220000000,652,337,280,65,1,1,1,1
2738,210000000,775,393,55,45,1,1,1,1
2739,380000000,-62,363,180,115,1,1,1,1
2739,290000000,243,345,90,60,1,1,1,1
2739,340000000,454,337,60,45,1,1,1,1
2739,220000000,652,337,280,65,1,1,1,1
2739,210000000,775,393,55,45,1,1,1,1
2740,380000000,-62,363,180,115,1,1,1,1
2740,290000000,243,345,90,60,1,1,1,1
2740,340000000,454,337,60,45,1,1,1,1
2740,220000000,652,337,280,65,1,1,1,1
2740,210000000,775,393,55,45,1,1,1,1
2741,380000000,-62,363,180,115,1,1,1,1
2741,290000000,243,345,90,60,1,1,1,1
2741,340000000,454,337,60,45,1,1,1,1
2741,220000000,652,337,280,65,1,1,1,1
2741,210000000,775,393,55,45,1,1,1,1
2742,380000000,-62,363,180,115,1,1,1,1
2742,290000000,243,345,90,60,1,1,1,1
2742,340000000,454,337,60,45,1,1,1,1
2742,220000000,652,337,280,65,1,1,1,1
2742,210000000,775,393,55,45,1,1,1,1
2743,380000000,-62,363,180,115,1,1,1,1
2743,290000000,243,345,90,60,1,1,1,1
2743,340000000,454,337,60,45,1,1,1,1
2743,220000000,652,337,280,65,1,1,1,1
2743,210000000,775,393,55,45,1,1,1,1
2744,380000000,-62,363,180,115,1,1,1,1
2744,290000000,243,345,90,60,1,1,1,1
2744,340000000,454,337,60,45,1,1,1,1
2744,220000000,652,337,280,65,1,1,1,1
2744,210000000,775,393,55,45,1,1,1,1
2745,380000000,-62,363,180,115,1,1,1,1
2745,290000000,243,345,90,60,1,1,1,1
2745,340000000,454,337,60,45,1,1,1,1
2745,220000000,652,337,280,65,1,1,1,1
2745,210000000,775,393,55,45,1,1,1,1
2746,380000000,-62,363,180,115,1,1,1,1
2746,290000000,243,345,90,60,1,1,1,1
2746,340000000,454,337,60,45,1,1,1,1
2746,220000000,652,337,280,65,1,1,1,1
2746,210000000,775,393,55,45,1,1,1,1
2747,380000000,-63,363,180,115,1,1,1,1
2747,290000000,243,345,90,60,1,1,1,1
2747,340000000,454,337,60,45,1,1,1,1
2747,220000000,652,337,280,65,1,1,1,1
2747,210000000,775,393,55,45,1,1,1,1
2748,380000000,-63,363,180,115,1,1,1,1
2748,290000000,243,345,90,60,1,1,1,1
2748,340000000,454,337,60,45,1,1,1,1
2748,220000000,652,337,280,65,1,1,1,1
2748,210000000,775,393,55,45,1,1,1,1
2749,380000000,-63,363,180,115,1,1,1,1
2749,290000000,243,345,90,60,1,1,1,1
2749,340000000,454,337,60,45,1,1,1,1
2749,220000000,652,337,280,65,1,1,1,1
2749,210000000,775,393,55,45,1,1,1,1
2750,380000000,-63,363,180,115,1,1,1,1
2750,290000000,243,345,90,60,1,1,1,1
2750,340000000,454,337,60,45,1,1,1,1
2750,220000000,652,337,280,65,1,1,1,1
2750,210000000,775,393,55,45,1,1,1,1
2751,380000000,-63,363,180,115,1,1,1,1
2751,290000000,243,345,90,60,1,1,1,1
2751,340000000,454,337,60,45,1,1,1,1
2751,220000000,652,337,280,65,1,1,1,1
2751,210000000,775,393,55,45,1,1,1,1
2752,380000000,-63,363,180,115,1,1,1,1
2752,290000000,243,345,90,60,1,1,1,1
2752,340000000,454,337,60,45,1,1,1,1
2752,220000000,652,337,280,65,1,1,1,1
2752,210000000,775,393,55,45,1,1,1,1
2753,380000000,-63,363,180,115,1,1,1,1
2753,290000000,243,345,90,60,1,1,1,1
2753,340000000,454,337,60,45,1,1,1,1
2753,220000000,652,337,280,65,1,1,1,1
2753,210000000,774,393,55,45,1,1,1,1
2754,380000000,-63,363,180,115,1,1,1,1
2754,290000000,243,345,90,60,1,1,1,1
2754,340000000,454,337,60,45,1,1,1,1
2754,220000000,652,337,280,65,1,1,1,1
2754,210000000,774,393,55,45,1,1,1,1
2755,380000000,-63,363,180,115,1,1,1,1
2755,290000000,243,345,90,60,1,1,1,1
2755,340000000,454,337,60,45,1,1,1,1
2755,220000000,652,337,280,65,1,1,1,1
2755,210000000,774,393,55,45,1,1,1,1
2756,380000000,-63,363,180,115,1,1,1,1
2756,290000000,243,345,90,60,1,1,1,1
2756,340000000,454,337,60,45,1,1,1,1
2756,220000000,652,337,280,65,1,1,1,1
2756,210000000,774,393,55,45,1,1,1,1
2757,380000000,-63,363,180,115,1,1,1,1
2757,290000000,243,345,90,60,1,1,1,1
2757,340000000,454,337,60,45,1,1,1,1
2757,220000000,652,337,280,65,1,1,1,1
2757,210000000,774,393,55,45,1,1,1,1
2758,380000000,-63,363,180,115,1,1,1,1
2758,290000000,243,345,90,60,1,1,1,1
2758,340000000,454,337,60,45,1,1,1,1
2758,220000000,652,337,280,65,1,1,1,1
2758,210000000,774,393,55,45,1,1,1,1
2759,380000000,-63,363,180,115,1,1,1,1
2759,290000000,243,345,90,60,1,1,1,1
2759,340000000,454,337,60,45,1,1,1,1
2759,220000000,652,337,280,65,1,1,1,1
2759,210000000,774,393,55,45,1,1,1,1
2760,380000000,-63,363,180,115,1,1,1,1
2760,290000000,243,345,90,60,1,1,1,1
2760,340000000,454,337,60,45,1,1,1,1
2760,220000000,652,337,280,65,1,1,1,1
2760,210000000,774,393,55,45,1,1,1,1
2761,380000000,-63,363,180,115,1,1,1,1
2761,290000000,243,345,90,60,1,1,1,1
2761,340000000,454,337,60,45,1,1,1,1
2761,220000000,652,337,280,65,1,1,1,1
2761,210000000,774,393,55,45,1,1,1,1
2762,380000000,-64,363,180,115,1,1,1,1
2762,290000000,243,345,90,60,1,1,1,1
2762,340000000,454,337,60,45,1,1,1,1
2762,220000000,652,337,280,65,1,1,1,1
2762,210000000,774,393,55,45,1,1,1,1
2763,380000000,-64,363,180,115,1,1,1,1
2763,290000000,242,345,90,60,1,1,1,1
2763,340000000,453,337,60,45,1,1,1,1
2763,220000000,652,337,280,65,1,1,1,1
2763,210000000,774,393,55,45,1,1,1,1
2764,380000000,-64,363,180,115,1,1,1,1
2764,290000000,242,345,90,60,1,1,1,1
2764,340000000,453,337,60,45,1,1,1,1
2764,220000000,652,337,280,65,1,1,1,1
2764,210000000,774,393,55,45,1,1,1,1
2765,380000000,-64,363,180,115,1,1,1,1
2765,290000000,242,345,90,60,1,1,1,1
2765,340000000,453,337,60,45,1,1,1,1
2765,220000000,652,337,280,65,1,1,1,1
2765,210000000,774,393,55,45,1,1,1,1
2766,380000000,-64,363,180,115,1,1,1,1
2766,290000000,242,345,90,60,1,1,1,1
2766,340000000,453,337,60,45,1,1,1,1
2766,220000000,652,337,280,65,1,1,1,1
2766,210000000,774,393,55,45,1,1,1,1
2767,380000000,-64,363,180,115,1,1,1,1
2767,290000000,242,345,90,60,1,1,1,1
2767,340000000,453,337,60,45,1,1,1,1
2767,220000000,652,337,280,65,1,1,1,1
2767,210000000,774,393,55,45,1,1,1,1
2768,380000000,-64,363,180,115,1,1,1,1
2768,290000000,242,345,90,60,1,1,1,1
2768,340000000,453,337,60,45,1,1,1,1
2768,220000000,652,337,280,65,1,1,1,1
2768,210000000,774,393,55,45,1,1,1,1
2769,380000000,-64,363,180,115,1,1,1,1
2769,290000000,242,345,90,60,1,1,1,1
2769,340000000,453,337,60,45,1,1,1,1
2769,220000000,652,337,280,65,1,1,1,1
2769,210000000,774,393,55,45,1,1,1,1
2770,380000000,-64,363,180,115,1,1,1,1
2770,290000000,242,345,90,60,1,1,1,1
2770,340000000,453,337,60,45,1,1,1,1
2770,220000000,652,337,280,65,1,1,1,1
2770,210000000,774,393,55,45,1,1,1,1
2771,380000000,-64,363,180,115,1,1,1,1
2771,290000000,242,345,90,60,1,1,1,1
2771,340000000,453,337,60,45,1,1,1,1
2771,220000000,652,337,280,65,1,1,1,1
2771,210000000,774,393,55,45,1,1,1,1
2772,380000000,-64,363,180,115,1,1,1,1
2772,290000000,242,345,90,60,1,1,1,1
2772,340000000,453,337,60,45,1,1,1,1
2772,220000000,652,337,280,65,1,1,1,1
2772,210000000,774,393,55,45,1,1,1,1
2773,380000000,-64,363,180,115,1,1,1,1
2773,290000000,242,345,90,60,1,1,1,1
2773,340000000,453,337,60,45,1,1,1,1
2773,220000000,652,337,280,65,1,1,1,1
2773,210000000,773,393,55,45,1,1,1,1
2774,380000000,-64,363,180,115,1,1,1,1
2774,290000000,242,345,90,60,1,1,1,1
2774,340000000,453,337,60,45,1,1,1,1
2774,220000000,652,337,280,65,1,1,1,1
2774,210000000,773,393,55,45,1,1,1,1
2775,380000000,-64,363,180,115,1,1,1,1
2775,290000000,242,345,90,60,1,1,1,1
2775,340000000,453,337,60,45,1,1,1,1
2775,220000000,652,337,280,65,1,1,1,1
2775,210000000,773,393,55,45,1,1,1,1
2776,380000000,-64,363,180,115,1,1,1,1
2776,290000000,242,345,90,60,1,1,1,1
2776,340000000,453,337,60,45,1,1,1,1
2776,220000000,652,337,280,65,1,1,1,1
2776,210000000,773,393,55,45,1,1,1,1
2777,380000000,-65,363,180,115,1,1,1,1
2777,290000000,242,345,90,60,1,1,1,1
2777,340000000,453,337,60,45,1,1,1,1
2777,220000000,652,337,280,65,1,1,1,1
2777,210000000,773,393,55,45,1,1,1,1
2778,380000000,-65,363,180,115,1,1,1,1
2778,290000000,242,345,90,60,1,1,1,1
2778,340000000,453,337,60,45,1,1,1,1
2778,220000000,652,337,280,65,1,1,1,1
2778,210000000,773,393,55,45,1,1,1,1
2779,380000000,-65,363,180,115,1,1,1,1
2779,290000000,242,345,90,60,1,1,1,1
2779,340000000,453,337,60,45,1,1,1,1
2779,220000000,652,337,280,65,1,1,1,1
2779,210000000,773,393,55,45,1,1,1,1
2780,380000000,-65,363,180,115,1,1,1,1
2780,290000000,242,345,90,60,1,1,1,1
2780,340000000,453,337,60,45,1,1,1,1
2780,220000000,652,337,280,65,1,1,1,1
2780,210000000,773,393,55,45,1,1,1,1
2781,380000000,-65,363,180,115,1,1,1,1
2781,290000000,242,345,90,60,1,1,1,1
2781,340000000,453,337,60,45,1,1,1,1
2781,220000000,652,337,280,65,1,1,1,1
2781,210000000,773,393,55,45,1,1,1,1
2782,380000000,-65,363,180,115,1,1,1,1
2782,290000000,242,345,90,60,1,1,1,1
2782,340000000,453,337,60,45,1,1,1,1
2782,220000000,652,337,280,65,1,1,1,1
2782,210000000,773,393,55,45,1,1,1,1
2783,380000000,-65,363,180,115,1,1,1,1
2783,290000000,242,345,90,60,1,1,1,1
2783,340000000,453,337,60,45,1,1,1,1
2783,220000000,652,337,280,65,1,1,1,1
2783,210000000,773,393,55,45,1,1,1,1
2784,380000000,-65,363,180,115,1,1,1,1
2784,290000000,242,345,90,60,1,1,1,1
2784,340000000,453,337,60,45,1,1,1,1
2784,220000000,652,337,280,65,1,1,1,1
2784,210000000,773,393,55,45,1,1,1,1
2785,380000000,-65,363,180,115,1,1,1,1
2785,290000000,242,345,90,60,1,1,1,1
2785,340000000,453,337,60,45,1,1,1,1
2785,220000000,652,337,280,65,1,1,1,1
2785,210000000,773,393,55,45,1,1,1,1
2786,380000000,-65,363,180,115,1,1,1,1
2786,290000000,242,345,90,60,1,1,1,1
2786,340000000,453,337,60,45,1,1,1,1
2786,220000000,652,337,280,65,1,1,1,1
2786,210000000,773,393,55,45,1,1,1,1
2787,380000000,-65,363,180,115,1,1,1,1
2787,290000000,242,345,90,60,1,1,1,1
2787,340000000,453,337,60,45,1,1,1,1
2787,220000000,652,337,280,65,1,1,1,1
2787,210000000,773,393,55,45,1,1,1,1
2788,380000000,-65,363,180,115,1,1,1,1
2788,290000000,242,345,90,60,1,1,1,1
2788,340000000,453,337,60,45,1,1,1,1
2788,220000000,652,337,280,65,1,1,1,1
2788,210000000,773,393,55,45,1,1,1,1
2789,380000000,-65,363,180,115,1,1,1,1
2789,290000000,242,345,90,60,1,1,1,1
2789,340000000,453,337,60,45,1,1,1,1
2789,220000000,652,337,280,65,1,1,1,1
2789,210000000,773,393,55,45,1,1,1,1
2790,380000000,-65,363,180,115,1,1,1,1
2790,290000000,242,345,90,60,1,1,1,1
2790,340000000,453,337,60,45,1,1,1,1
2790,220000000,652,337,280,65,1,1,1,1
2790,210000000,773,393,55,45,1,1,1,1
2791,380000000,-65,363,180,115,1,1,1,1
2791,290000000,242,345,90,60,1,1,1,1
2791,340000000,453,337,60,45,1,1,1,1
2791,220000000,652,337,280,65,1,1,1,1
2791,210000000,773,393,55,45,1,1,1,1
2792,380000000,-66,364,180,115,1,1,1,1
2792,290000000,242,345,90,60,1,1,1,1
2792,340000000,453,337,60,45,1,1,1,1
2792,220000000,652,337,280,65,1,1,1,1
2792,210000000,773,394,55,45,1,1,1,1
2793,380000000,-66,364,180,115,1,1,1,1
2793,290000000,241,345,90,60,1,1,1,1
2793,340000000,453,337,60,45,1,1,1,1
2793,220000000,652,337,280,65,1,1,1,1
2793,210000000,772,394,55,45,1,1,1,1
2794,380000000,-66,364,180,115,1,1,1,1
2794,290000000,241,345,90,60,1,1,1,1
2794,340000000,453,337,60,45,1,1,1,1
2794,220000000,652,337,280,65,1,1,1,1
2794,210000000,772,394,55,45,1,1,1,1
2795,380000000,-66,364,180,115,1,1,1,1
2795,290000000,241,345,90,60,1,1,1,1
2795,340000000,453,337,60,45,1,1,1,1
2795,220000000,652,337,280,65,1,1,1,1
2795,210000000,772,394,55,45,1,1,1,1
2796,380000000,-66,364,180,115,1,1,1,1
2796,290000000,241,345,90,60,1,1,1,1
2796,340000000,453,337,60,45,1,1,1,1
2796,220000000,652,337,280,65,1,1,1,1
2796,210000000,772,394,55,45,1,1,1,1
2797,380000000,-66,364,180,115,1,1,1,1
2797,290000000,241,345,90,60,1,1,1,1
2797,340000000,453,337,60,45,1,1,1,1
2797,220000000,652,337,280,65,1,1,1,1
2797,210000000,772,394,55,45,1,1,1,1
2798,380000000,-66,364,180,115,1,1,1,1
2798,290000000,241,345,90,60,1,1,1,1
2798,340000000,453,337,60,45,1,1,1,1
2798,220000000,652,337,280,65,1,1,1,1
2798,210000000,772,394,55,45,1,1,1,1
2799,380000000,-66,364,180,115,1,1,1,1
2799,290000000,241,345,90,60,1,1,1,1
2799,340000000,453,337,60,45,1,1,1,1
2799,220000000,652,337,280,65,1,1,1,1
2799,210000000,772,394,55,45,1,1,1,1
2800,380000000,-66,364,180,115,1,1,1,1
2800,290000000,241,345,90,60,1,1,1,1
2800,340000000,453,337,60,45,1,1,1,1
2800,220000000,652,337,280,65,1,1,1,1
2800,210000000,772,394,55,45,1,1,1,1
2801,380000000,-66,364,180,115,1,1,1,1
2801,290000000,241,345,90,60,1,1,1,1
2801,340000000,453,337,60,45,1,1,1,1
2801,220000000,652,337,280,65,1,1,1,1
2801,210000000,772,394,55,45,1,1,1,1
2802,380000000,-66,364,180,115,1,1,1,1
2802,290000000,241,345,90,60,1,1,1,1
2802,340000000,453,337,60,45,1,1,1,1
2802,220000000,652,337,280,65,1,1,1,1
2802,210000000,772,394,55,45,1,1,1,1
2803,380000000,-66,364,180,115,1,1,1,1
2803,290000000,241,345,90,60,1,1,1,1
2803,340000000,453,337,60,45,1,1,1,1
2803,220000000,651,337,280,65,1,1,1,1
2803,210000000,772,394,55,45,1,1,1,1
2804,380000000,-66,364,180,115,1,1,1,1
2804,290000000,241,345,90,60,1,1,1,1
2804,340000000,453,337,60,45,1,1,1,1
2804,220000000,651,337,280,65,1,1,1,1
2804,210000000,772,394,55,45,1,1,1,1
2805,380000000,-66,364,180,115,1,1,1,1
2805,290000000,241,345,90,60,1,1,1,1
2805,340000000,453,337,60,45,1,1,1,1
2805,220000000,651,337,280,65,1,1,1,1
2805,210000000,772,394,55,45,1,1,1,1
2806,380000000,-66,364,180,115,1,1,1,1
2806,290000000,241,345,90,60,1,1,1,1
2806,340000000,453,337,60,45,1,1,1,1
2806,220000000,651,337,280,65,1,1,1,1
2806,210000000,772,394,55,45,1,1,1,1
2807,380000000,-67,364,180,115,1,1,1,1
2807,290000000,241,345,90,60,1,1,1,1
2807,340000000,453,337,60,45,1,1,1,1
2807,220000000,651,337,280,65,1,1,1,1
2807,210000000,772,394,55,45,1,1,1,1
2808,380000000,-67,364,180,115,1,1,1,1
2808,290000000,241,345,90,60,1,1,1,1
2808,340000000,453,337,60,45,1,1,1,1
2808,220000000,651,337,280,65,1,1,1,1
2808,210000000,772,394,55,45,1,1,1,1
2809,380000000,-67,364,180,115,1,1,1,1
2809,290000000,241,345,90,60,1,1,1,1
2809,340000000,453,337,60,45,1,1,1,1
2809,220000000,651,337,280,65,1,1,1,1
2809,210000000,772,394,55,45,1,1,1,1
2810,380000000,-67,364,180,115,1,1,1,1
2810,290000000,241,345,90,60,1,1,1,1
2810,340000000,453,337,60,45,1,1,1,1
2810,220000000,651,337,280,65,1,1,1,1
2810,210000000,772,394,55,45,1,1,1,1
2811,380000000,-67,364,180,115,1,1,1,1
2811,290000000,241,345,90,60,1,1,1,1
2811,340000000,453,337,60,45,1,1,1,1
2811,220000000,651,337,280,65,1,1,1,1
2811,210000000,772,394,55,45,1,1,1,1
2812,380000000,-67,364,180,115,1,1,1,1
2812,290000000,241,345,90,60,1,1,1,1
2812,340000000,453,337,60,45,1,1,1,1
2812,220000000,651,337,280,65,1,1,1,1
2812,210000000,772,394,55,45,1,1,1,1
2813,380000000,-67,364,180,115,1,1,1,1
2813,290000000,241,345,90,60,1,1,1,1
2813,340000000,453,337,60,45,1,1,1,1
2813,220000000,651,337,280,65,1,1,1,1
2813,210000000,771,394,55,45,1,1,1,1
2814,380000000,-67,364,180,115,1,1,1,1
2814,290000000,241,345,90,60,1,1,1,1
2814,340000000,453,337,60,45,1,1,1,1
2814,220000000,651,337,280,65,1,1,1,1
2814,210000000,771,394,55,45,1,1,1,1
2815,380000000,-67,364,180,115,1,1,1,1
2815,290000000,241,345,90,60,1,1,1,1
2815,340000000,453,337,60,45,1,1,1,1
2815,220000000,651,337,280,65,1,1,1,1
2815,210000000,771,394,55,45,1,1,1,1
2816,380000000,-67,364,180,115,1,1,1,1
2816,290000000,241,345,90,60,1,1,1,1
2816,340000000,453,337,60,45,1,1,1,1
2816,220000000,651,337,280,65,1,1,1,1
2816,210000000,771,394,55,45,1,1,1,1
2817,380000000,-67,364,180,115,1,1,1,1
2817,290000000,241,345,90,60,1,1,1,1
2817,340000000,453,337,60,45,1,1,1,1
2817,220000000,651,337,280,65,1,1,1,1
2817,210000000,771,394,55,45,1,1,1,1
2818,380000000,-67,364,180,115,1,1,1,1
2818,290000000,241,345,90,60,1,1,1,1
2818,340000000,453,337,60,45,1,1,1,1
2818,220000000,651,337,280,65,1,1,1,1
2818,210000000,771,394,55,45,1,1,1,1
2819,380000000,-67,364,180,115,1,1,1,1
2819,290000000,241,345,90,60,1,1,1,1
2819,340000000,453,337,60,45,1,1,1,1
2819,220000000,651,337,280,65,1,1,1,1
2819,210000000,771,394,55,45,1,1,1,1
2820,380000000,-67,364,180,115,1,1,1,1
2820,290000000,241,345,90,60,1,1,1,1
2820,340000000,453,337,60,45,1,1,1,1
2820,220000000,651,337,280,65,1,1,1,1
2820,210000000,771,394,55,45,1,1,1,1
2821,380000000,-67,364,180,115,1,1,1,1
2821,290000000,241,345,90,60,1,1,1,1
2821,340000000,453,337,60,45,1,1,1,1
2821,220000000,651,337,280,65,1,1,1,1
2821,210000000,771,394,55,45,1,1,1,1
2822,380000000,-68,364,180,115,1,1,1,1
2822,290000000,241,345,90,60,1,1,1,1
2822,340000000,453,337,60,45,1,1,1,1
2822,220000000,651,337,280,65,1,1,1,1
2822,210000000,771,394,55,45,1,1,1,1
2823,380000000,-68,364,180,115,1,1,1,1
2823,290000000,240,345,90,60,1,1,1,1
2823,340000000,452,337,60,45,1,1,1,1
2823,220000000,651,337,280,65,1,1,1,1
2823,210000000,771,394,55,45,1,1,1,1
2824,380000000,-68,364,180,115,1,1,1,1
2824,290000000,240,345,90,60,1,1,1,1
2824,340000000,452,337,60,45,1,1,1,1
2824,220000000,651,337,280,65,1,1,1,1
2824,210000000,771,394,55,45,1,1,1,1
2825,380000000,-68,364,180,115,1,1,1,1
2825,290000000,240,345,90,60,1,1,1,1
2825,340000000,452,337,60,45,1,1,1,1
2825,220000000,651,337,280,65,1,1,1,1
2825,210000000,771,394,55,45,1,1,1,1
2826,380000000,-68,364,180,115,1,1,1,1
2826,290000000,240,345,90,60,1,1,1,1
2826,340000000,452,337,60,45,1,1,1,1
2826,220000000,651,337,280,65,1,1,1,1
2826,210000000,771,394,55,45,1,1,1,1
2827,380000000,-68,364,180,115,1,1,1,1
2827,290000000,240,345,90,60,1,1,1,1
2827,340000000,452,337,60,45,1,1,1,1
2827,220000000,651,337,280,65,1,1,1,1
2827,210000000,771,394,55,45,1,1,1,1
2828,380000000,-68,364,180,115,1,1,1,1
2828,290000000,240,345,90,60,1,1,1,1
2828,340000000,452,337,60,45,1,1,1,1
2828,220000000,651,337,280,65,1,1,1,1
2828,210000000,771,394,55,45,1,1,1,1
2829,380000000,-68,364,180,115,1,1,1,1
2829,290000000,240,345,90,60,1,1,1,1
2829,340000000,452,337,60,45,1,1,1,1
2829,220000000,651,337,280,65,1,1,1,1
2829,210000000,771,394,55,45,1,1,1,1
2830,380000000,-68,364,180,115,1,1,1,1
2830,290000000,240,345,90,60,1,1,1,1
2830,340000000,452,337,60,45,1,1,1,1
2830,220000000,651,337,280,65,1,1,1,1
2830,210000000,771,394,55,45,1,1,1,1
2831,380000000,-68,364,180,115,1,1,1,1
2831,290000000,240,345,90,60,1,1,1,1
2831,340000000,452,337,60,45,1,1,1,1
2831,220000000,651,337,280,65,1,1,1,1
2831,210000000,771,394,55,45,1,1,1,1
2832,380000000,-68,364,180,115,1,1,1,1
2832,290000000,240,345,90,60,1,1,1,1
2832,340000000,452,337,60,45,1,1,1,1
2832,220000000,651,337,280,65,1,1,1,1
2832,210000000,771,394,55,45,1,1,1,1
2833,380000000,-68,364,180,115,1,1,1,1
2833,290000000,240,345,90,60,1,1,1,1
2833,340000000,452,337,60,45,1,1,1,1
2833,220000000,651,337,280,65,1,1,1,1
2833,210000000,770,394,55,45,1,1,1,1
2834,380000000,-68,364,180,115,1,1,1,1
2834,290000000,240,345,90,60,1,1,1,1
2834,340000000,452,337,60,45,1,1,1,1
2834,220000000,651,337,280,65,1,1,1,1
2834,210000000,770,394,55,45,1,1,1,1
2835,380000000,-68,364,180,115,1,1,1,1
2835,290000000,240,345,90,60,1,1,1,1
2835,340000000,452,337,60,45,1,1,1,1
2835,220000000,651,337,280,65,1,1,1,1
2835,210000000,770,394,55,45,1,1,1,1
2836,380000000,-68,364,180,115,1,1,1,1
2836,290000000,240,345,90,60,1,1,1,1
2836,340000000,452,337,60,45,1,1,1,1
2836,220000000,651,337,280,65,1,1,1,1
2836,210000000,770,394,55,45,1,1,1,1
2837,380000000,-69,364,180,115,1,1,1,1
2837,290000000,240,345,90,60,1,1,1,1
2837,340000000,452,337,60,45,1,1,1,1
2837,220000000,651,337,280,65,1,1,1,1
2837,210000000,770,394,55,45,1,1,1,1
2838,380000000,-69,364,180,115,1,1,1,1
2838,290000000,240,345,90,60,1,1,1,1
2838,340000000,452,337,60,45,1,1,1,1
2838,220000000,651,337,280,65,1,1,1,1
2838,210000000,770,394,55,45,1,1,1,1
2839,380000000,-69,364,180,115,1,1,1,1
2839,290000000,240,345,90,60,1,1,1,1
2839,340000000,452,337,60,45,1,1,1,1
2839,220000000,651,337,280,65,1,1,1,1
2839,210000000,770,394,55,45,1,1,1,1
2840,380000000,-69,364,180,115,1,1,1,1
2840,290000000,240,345,90,60,1,1,1,1
2840,340000000,452,337,60,45,1,1,1,1
2840,220000000,651,337,280,65,1,1,1,1
2840,210000000,770,394,55,45,1,1,1,1
2841,380000000,-69,364,180,115,1,1,1,1
2841,290000000,240,345,90,60,1,1,1,1
2841,340000000,452,337,60,45,1,1,1,1
2841,220000000,651,337,280,65,1,1,1,1
2841,210000000,770,394,55,45,1,1,1,1
2842,380000000,-69,364,180,115,1,1,1,1
2842,290000000,240,345,90,60,1,1,1,1
2842,340000000,452,337,60,45,1,1,1,1
2842,220000000,651,337,280,65,1,1,1,1
2842,210000000,770,394,55,45,1,1,1,1
2843,380000000,-69,364,180,115,1,1,1,1
2843,290000000,240,345,90,60,1,1,1,1
2843,340000000,452,337,60,45,1,1,1,1
2843,220000000,651,337,280,65,1,1,1,1
2843,210000000,770,394,55,45,1,1,1,1
2844,380000000,-69,364,180,115,1,1,1,1
2844,290000000,240,345,90,60,1,1,1,1
2844,340000000,452,337,60,45,1,1,1,1
2844,220000000,651,337,280,65,1,1,1,1
2844,210000000,770,394,55,45,1,1,1,1
2845,380000000,-69,364,180,115,1,1,1,1
2845,290000000,240,345,90,60,1,1,1,1
2845,340000000,452,337,60,45,1,1,1,1
2845,220000000,651,337,280,65,1,1,1,1
2845,210000000,770,394,55,45,1,1,1,1
2846,380000000,-69,364,180,115,1,1,1,1
2846,290000000,240,345,90,60,1,1,1,1
2846,340000000,452,337,60,45,1,1,1,1
2846,220000000,651,337,280,65,1,1,1,1
2846,210000000,770,394,55,45,1,1,1,1
2847,380000000,-69,364,180,115,1,1,1,1
2847,290000000,240,345,90,60,1,1,1,1
2847,340000000,452,337,60,45,1,1,1,1
2847,220000000,651,337,280,65,1,1,1,1
2847,210000000,770,394,55,45,1,1,1,1
2848,380000000,-69,364,180,115,1,1,1,1
2848,290000000,240,345,90,60,1,1,1,1
2848,340000000,452,337,60,45,1,1,1,1
2848,220000000,651,337,280,65,1,1,1,1
2848,210000000,770,394,55,45,1,1,1,1
2849,380000000,-69,364,180,115,1,1,1,1
2849,290000000,240,345,90,60,1,1,1,1
2849,340000000,452,337,60,45,1,1,1,1
2849,220000000,651,337,280,65,1,1,1,1
2849,210000000,770,394,55,45,1,1,1,1
2850,380000000,-69,364,180,115,1,1,1,1
2850,290000000,240,345,90,60,1,1,1,1
2850,340000000,452,337,60,45,1,1,1,1
2850,220000000,651,337,280,65,1,1,1,1
2850,210000000,770,394,55,45,1,1,1,1
2851,380000000,-69,364,180,115,1,1,1,1
2851,290000000,240,345,90,60,1,1,1,1
2851,340000000,452,337,60,45,1,1,1,1
2851,220000000,651,337,280,65,1,1,1,1
2851,210000000,770,394,55,45,1,1,1,1
2852,380000000,-70,365,180,115,1,1,1,1
2852,290000000,240,345,90,60,1,1,1,1
2852,340000000,452,337,60,45,1,1,1,1
2852,220000000,651,337,280,65,1,1,1,1
2852,210000000,770,395,55,45,1,1,1,1
2853,380000000,-70,365,180,115,1,1,1,1
2853,290000000,239,345,90,60,1,1,1,1
2853,340000000,452,337,60,45,1,1,1,1
2853,220000000,651,337,280,65,1,1,1,1
2853,210000000,769,395,55,45,1,1,1,1
2854,380000000,-70,365,180,115,1,1,1,1
2854,290000000,239,345,90,60,1,1,1,1
2854,340000000,452,337,60,45,1,1,1,1
2854,220000000,651,337,280,65,1,1,1,1
2854,210000000,769,395,55,45,1,1,1,1
2855,380000000,-70,365,180,115,1,1,1,1
2855,290000000,239,345,90,60,1,1,1,1
2855,340000000,452,337,60,45,1,1,1,1
2855,220000000,651,337,280,65,1,1,1,1
2855,210000000,769,395,55,45,1,1,1,1
2856,380000000,-70,365,180,115,1,1,1,1
2856,290000000,239,345,90,60,1,1,1,1
2856,340000000,452,337,60,45,1,1,1,1
2856,220000000,651,337,280,65,1,1,1,1
2856,210000000,769,395,55,45,1,1,1,1
2857,380000000,-70,365,180,115,1,1,1,1
2857,290000000,239,345,90,60,1,1,1,1
2857,340000000,452,337,60,45,1,1,1,1
2857,220000000,651,337,280,65,1,1,1,1
2857,210000000,769,395,55,45,1,1,1,1
2858,380000000,-70,365,180,115,1,1,1,1
2858,290000000,239,345,90,60,1,1,1,1
2858,340000000,452,337,60,45,1,1,1,1
2858,220000000,651,337,280,65,1,1,1,1
2858,210000000,769,395,55,45,1,1,1,1
2859,380000000,-70,365,180,115,1,1,1,1
2859,290000000,239,345,90,60,1,1,1,1
2859,340000000,452,337,60,45,1,1,1,1
2859,220000000,651,337,280,65,1,1,1,1
2859,210000000,769,395,55,45,1,1,1,1
2860,380000000,-70,365,180,115,1,1,1,1
2860,290000000,239,345,90,60,1,1,1,1
2860,340000000,452,337,60,45,1,1,1,1
2860,220000000,651,337,280,65,1,1,1,1
2860,210000000,769,395,55,45,1,1,1,1
2861,380000000,-70,365,180,115,1,1,1,1
2861,290000000,239,345,90,60,1,1,1,1
2861,340000000,452,337,60,45,1,1,1,1
2861,220000000,651,337,280,65,1,1,1,1
2861,210000000,769,395,55,45,1,1,1,1
2862,380000000,-70,365,180,115,1,1,1,1
2862,290000000,239,345,90,60,1,1,1,1
2862,340000000,452,337,60,45,1,1,1,1
2862,220000000,651,337,280,65,1,1,1,1
2862,210000000,769,395,55,45,1,1,1,1
2863,380000000,-70,365,180,115,1,1,1,1
2863,290000000,239,345,90,60,1,1,1,1
2863,340000000,452,337,60,45,1,1,1,1
2863,220000000,651,337,280,65,1,1,1,1
2863,210000000,769,395,55,45,1,1,1,1
2864,380000000,-70,365,180,115,1,1,1,1
2864,290000000,239,345,90,60,1,1,1,1
2864,340000000,452,337,60,45,1,1,1,1
2864,220000000,651,337,280,65,1,1,1,1
2864,210000000,769,395,55,45,1,1,1,1
2865,380000000,-70,365,180,115,1,1,1,1
2865,290000000,239,345,90,60,1,1,1,1
2865,340000000,452,337,60,45,1,1,1,1
2865,220000000,651,337,280,65,1,1,1,1
2865,210000000,769,395,55,45,1,1,1,1
2866,380000000,-70,365,180,115,1,1,1,1
2866,290000000,239,345,90,60,1,1,1,1
2866,340000000,452,337,60,45,1,1,1,1
2866,220000000,651,337,280,65,1,1,1,1
2866,210000000,769,395,55,45,1,1,1,1
2867,380000000,-71,365,180,115,1,1,1,1
2867,290000000,239,345,90,60,1,1,1,1
2867,340000000,452,337,60,45,1,1,1,1
2867,220000000,651,337,280,65,1,1,1,1
2867,210000000,769,395,55,45,1,1,1,1
2868,380000000,-71,365,180,115,1,1,1,1
2868,290000000,239,345,90,60,1,1,1,1
2868,340000000,452,337,60,45,1,1,1,1
2868,220000000,651,337,280,65,1,1,1,1
2868,210000000,769,395,55,45,1,1,1,1
2869,380000000,-71,365,180,115,1,1,1,1
2869,290000000,239,345,90,60,1,1,1,1
2869,340000000,452,337,60,45,1,1,1,1
2869,220000000,651,337,280,65,1,1,1,1
2869,210000000,769,395,55,45,1,1,1,1
2870,380000000,-71,365,180,115,1,1,1,1
2870,290000000,239,345,90,60,1,1,1,1
2870,340000000,452,337,60,45,1,1,1,1
2870,220000000,651,337,280,65,1,1,1,1
2870,210000000,769,395,55,45,1,1,1,1
2871,380000000,-71,365,180,115,1,1,1,1
2871,290000000,239,345,90,60,1,1,1,1
2871,340000000,452,337,60,45,1,1,1,1
2871,220000000,651,337,280,65,1,1,1,1
2871,210000000,769,395,55,45,1,1,1,1
2872,380000000,-71,365,180,115,1,1,1,1
2872,290000000,239,345,90,60,1,1,1,1
2872,340000000,452,337,60,45,1,1,1,1
2872,220000000,651,337,280,65,1,1,1,1
2872,210000000,769,395,55,45,1,1,1,1
2873,380000000,-71,365,180,115,1,1,1,1
2873,290000000,239,345,90,60,1,1,1,1
2873,340000000,452,337,60,45,1,1,1,1
2873,220000000,651,337,280,65,1,1,1,1
2873,210000000,768,395,55,45,1,1,1,1
2874,380000000,-71,365,180,115,1,1,1,1
2874,290000000,239,345,90,60,1,1,1,1
2874,340000000,452,337,60,45,1,1,1,1
2874,220000000,651,337,280,65,1,1,1,1
2874,210000000,768,395,55,45,1,1,1,1
2875,380000000,-71,365,180,115,1,1,1,1
2875,290000000,239,345,90,60,1,1,1,1
2875,340000000,452,337,60,45,1,1,1,1
2875,220000000,651,337,280,65,1,1,1,1
2875,210000000,768,395,55,45,1,1,1,1
2876,380000000,-71,365,180,115,1,1,1,1
2876,290000000,239,345,90,60,1,1,1,1
2876,340000000,452,337,60,45,1,1,1,1
2876,220000000,651,337,280,65,1,1,1,1
2876,210000000,768,395,55,45,1,1,1,1
2877,380000000,-71,365,180,115,1,1,1,1
2877,290000000,239,345,90,60,1,1,1,1
2877,340000000,452,337,60,45,1,1,1,1
2877,220000000,651,337,280,65,1,1,1,1
2877,210000000,768,395,55,45,1,1,1,1
2878,380000000,-71,365,180,115,1,1,1,1
2878,290000000,239,345,90,60,1,1,1,1
2878,340000000,452,337,60,45,1,1,1,1
2878,220000000,651,337,280,65,1,1,1,1
2878,210000000,768,395,55,45,1,1,1,1
2879,380000000,-71,365,180,115,1,1,1,1
2879,290000000,239,345,90,60,1,1,1,1
2879,340000000,452,337,60,45,1,1,1,1
2879,220000000,651,337,280,65,1,1,1,1
2879,210000000,768,395,55,45,1,1,1,1
2880,380000000,-71,365,180,115,1,1,1,1
2880,290000000,239,345,90,60,1,1,1,1
2880,340000000,452,337,60,45,1,1,1,1
2880,220000000,651,337,280,65,1,1,1,1
2880,210000000,768,395,55,45,1,1,1,1
2881,380000000,-71,365,180,115,1,1,1,1
2881,290000000,239,345,90,60,1,1,1,1
2881,340000000,452,337,60,45,1,1,1,1
2881,220000000,651,337,280,65,1,1,1,1
2881,210000000,768,395,55,45,1,1,1,1
2882,380000000,-72,365,180,115,1,1,1,1
2882,290000000,239,345,90,60,1,1,1,1
2882,340000000,452,337,60,45,1,1,1,1
2882,220000000,651,337,280,65,1,1,1,1
2882,210000000,768,395,55,45,1,1,1,1
2883,380000000,-72,365,180,115,1,1,1,1
2883,290000000,238,345,90,60,1,1,1,1
2883,340000000,451,337,60,45,1,1,1,1
2883,220000000,651,337,280,65,1,1,1,1
2883,210000000,768,395,55,45,1,1,1,1
2884,380000000,-72,365,180,115,1,1,1,1
2884,290000000,238,345,90,60,1,1,1,1
2884,340000000,451,337,60,45,1,1,1,1
2884,220000000,651,337,280,65,1,1,1,1
2884,210000000,768,395,55,45,1,1,1,1
2885,380000000,-72,365,180,115,1,1,1,1
2885,290000000,238,345,90,60,1,1,1,1
2885,340000000,451,337,60,45,1,1,1,1
2885,220000000,651,337,280,65,1,1,1,1
2885,210000000,768,395,55,45,1,1,1,1
2886,380000000,-72,365,180,115,1,1,1,1
2886,290000000,238,345,90,60,1,1,1,1
2886,340000000,451,337,60,45,1,1,1,1
2886,220000000,651,337,280,65,1,1,1,1
2886,210000000,768,395,55,45,1,1,1,1
2887,380000000,-72,365,180,115,1,1,1,1
2887,290000000,238,345,90,60,1,1,1,1
2887,340000000,451,337,60,45,1,1,1,1
2887,220000000,651,337,280,65,1,1,1,1
2887,210000000,768,395,55,45,1,1,1,1
2888,380000000,-72,365,180,115,1,1,1,1
2888,290000000,238,345,90,60,1,1,1,1
2888,340000000,451,337,60,45,1,1,1,1
2888,220000000,651,337,280,65,1,1,1,1
2888,210000000,768,395,55,45,1,1,1,1
2889,380000000,-72,365,180,115,1,1,1,1
2889,290000000,238,345,90,60,1,1,1,1
2889,340000000,451,337,60,45,1,1,1,1
2889,220000000,651,337,280,65,1,1,1,1
2889,210000000,768,395,55,45,1,1,1,1
2890,380000000,-72,365,180,115,1,1,1,1
2890,290000000,238,345,90,60,1,1,1,1
2890,340000000,451,337,60,45,1,1,1,1
2890,220000000,651,337,280,65,1,1,1,1
2890,210000000,768,395,55,45,1,1,1,1
2891,380000000,-72,365,180,115,1,1,1,1
2891,290000000,238,345,90,60,1,1,1,1
2891,340000000,451,337,60,45,1,1,1,1
2891,220000000,651,337,280,65,1,1,1,1
2891,210000000,768,395,55,45,1,1,1,1
2892,380000000,-72,365,180,115,1,1,1,1
2892,290000000,238,345,90,60,1,1,1,1
2892,340000000,451,337,60,45,1,1,1,1
2892,220000000,651,337,280,65,1,1,1,1
2892,210000000,768,395,55,45,1,1,1,1
2893,380000000,-72,365,180,115,1,1,1,1
2893,290000000,238,345,90,60,1,1,1,1
2893,340000000,451,337,60,45,1,1,1,1
2893,220000000,651,337,280,65,1,1,1,1
2893,210000000,767,395,55,45,1,1,1,1
2894,380000000,-72,365,180,115,1,1,1,1
2894,290000000,238,345,90,60,1,1,1,1
2894,340000000,451,337,60,45,1,1,1,1
2894,220000000,651,337,280,65,1,1,1,1
2894,210000000,767,395,55,45,1,1,1,1
2895,380000000,-72,365,180,115,1,1,1,1
2895,290000000,238,345,90,60,1,1,1,1
2895,340000000,451,337,60,45,1,1,1,1
2895,220000000,651,337,280,65,1,1,1,1
2895,210000000,767,395,55,45,1,1,1,1
2896,380000000,-72,365,180,115,1,1,1,1
2896,290000000,238,345,90,60,1,1,1,1
2896,340000000,451,337,60,45,1,1,1,1
2896,220000000,651,337,280,65,1,1,1,1
2896,210000000,767,395,55,45,1,1,1,1
2897,380000000,-73,365,180,115,1,1,1,1
2897,290000000,238,345,90,60,1,1,1,1
2897,340000000,451,337,60,45,1,1,1,1
2897,220000000,651,337,280,65,1,1,1,1
2897,210000000,767,395,55,45,1,1,1,1
2898,380000000,-73,365,180,115,1,1,1,1
2898,290000000,238,345,90,60,1,1,1,1
2898,340000000,451,337,60,45,1,1,1,1
2898,220000000,651,337,280,65,1,1,1,1
2898,210000000,767,395,55,45,1,1,1,1
2899,380000000,-73,365,180,115,1,1,1,1
2899,290000000,238,345,90,60,1,1,1,1
2899,340000000,451,337,60,45,1,1,1,1
2899,220000000,651,337,280,65,1,1,1,1
2899,210000000,767,395,55,45,1,1,1,1
2900,380000000,-73,365,180,115,1,1,1,1
2900,290000000,238,345,90,60,1,1,1,1
2900,340000000,451,337,60,45,1,1,1,1
2900,220000000,651,337,280,65,1,1,1,1
2900,210000000,767,395,55,45,1,1,1,1
2901,380000000,-73,365,180,115,1,1,1,1
2901,290000000,238,345,90,60,1,1,1,1
2901,340000000,451,337,60,45,1,1,1,1
2901,220000000,651,337,280,65,1,1,1,1
2901,210000000,767,395,55,45,1,1,1,1
2902,380000000,-73,365,180,115,1,1,1,1
2902,290000000,238,345,90,60,1,1,1,1
2902,340000000,451,337,60,45,1,1,1,1
2902,220000000,651,337,280,65,1,1,1,1
2902,210000000,767,395,55,45,1,1,1,1
2903,380000000,-73,365,180,115,1,1,1,1
2903,290000000,238,345,90,60,1,1,1,1
2903,340000000,451,337,60,45,1,1,1,1
2903,220000000,650,337,280,65,1,1,1,1
2903,210000000,767,395,55,45,1,1,1,1
2904,380000000,-73,365,180,115,1,1,1,1
2904,290000000,238,345,90,60,1,1,1,1
2904,340000000,451,337,60,45,1,1,1,1
2904,220000000,650,337,280,65,1,1,1,1
2904,210000000,767,395,55,45,1,1,1,1
2905,380000000,-73,365,180,115,1,1,1,1
2905,290000000,238,345,90,60,1,1,1,1
2905,340000000,451,337,60,45,1,1,1,1
2905,220000000,650,337,280,65,1,1,1,1
2905,210000000,767,395,55,45,1,1,1,1
2906,380000000,-73,365,180,115,1,1,1,1
2906,290000000,238,345,90,60,1,1,1,1
2906,340000000,451,337,60,45,1,1,1,1
2906,220000000,650,337,280,65,1,1,1,1
2906,210000000,767,395,55,45,1,1,1,1
2907,380000000,-73,365,180,115,1,1,1,1
2907,290000000,238,345,90,60,1,1,1,1
2907,340000000,451,337,60,45,1,1,1,1
2907,220000000,650,337,280,65,1,1,1,1
2907,210000000,767,395,55,45,1,1,1,1
2908,380000000,-73,365,180,115,1,1,1,1
2908,290000000,238,345,90,60,1,1,1,1
2908,340000000,451,337,60,45,1,1,1,1
2908,220000000,650,337,280,65,1,1,1,1
2908,210000000,767,395,55,45,1,1,1,1
2909,380000000,-73,365,180,115,1,1,1,1
2909,290000000,238,345,90,60,1,1,1,1
2909,340000000,451,337,60,45,1,1,1,1
2909,220000000,650,337,280,65,1,1,1,1
2909,210000000,767,395,55,45,1,1,1,1
2910,380000000,-73,365,180,115,1,1,1,1
2910,290000000,238,345,90,60,1,1,1,1
2910,340000000,451,337,60,45,1,1,1,1
2910,220000000,650,337,280,65,1,1,1,1
2910,210000000,767,395,55,45,1,1,1,1
2911,380000000,-73,365,180,115,1,1,1,1
2911,290000000,238,345,90,60,1,1,1,1
2911,340000000,451,337,60,45,1,1,1,1
2911,220000000,650,337,280,65,1,1,1,1
2911,210000000,767,395,55,45,1,1,1,1
2912,380000000,-74,366,180,115,1,1,1,1
2912,290000000,238,345,90,60,1,1,1,1
2912,340000000,451,337,60,45,1,1,1,1
2912,220000000,650,337,280,65,1,1,1,1
2912,210000000,767,396,55,45,1,1,1,1
2913,380000000,-74,366,180,115,1,1,1,1
2913,290000000,237,345,90,60,1,1,1,1
2913,340000000,451,337,60,45,1,1,1,1
2913,220000000,650,337,280,65,1,1,1,1
2913,210000000,766,396,55,45,1,1,1,1
2914,380000000,-74,366,180,115,1,1,1,1
2914,290000000,237,345,90,60,1,1,1,1
2914,340000000,451,337,60,45,1,1,1,1
2914,220000000,650,337,280,65,1,1,1,1
2914,210000000,766,396,55,45,1,1,1,1
2915,380000000,-74,366,180,115,1,1,1,1
2915,290000000,237,345,90,60,1,1,1,1
2915,340000000,451,337,60,45,1,1,1,1
2915,220000000,650,337,280,65,1,1,1,1
2915,210000000,766,396,55,45,1,1,1,1
2916,380000000,-74,366,180,115,1,1,1,1
2916,290000000,237,345,90,60,1,1,1,1
2916,340000000,451,337,60,45,1,1,1,1
2916,220000000,650,337,280,65,1,1,1,1
2916,210000000,766,396,55,45,1,1,1,1
2917,380000000,-74,366,180,115,1,1,1,1
2917,290000000,237,345,90,60,1,1,1,1
2917,340000000,451,337,60,45,1,1,1,1
2917,220000000,650,337,280,65,1,1,1,1
2917,210000000,766,396,55,45,1,1,1,1
2918,380000000,-74,366,180,115,1,1,1,1
2918,290000000,237,345,90,60,1,1,1,1
2918,340000000,451,337,60,45,1,1,1,1
2918,220000000,650,337,280,65,1,1,1,1
2918,210000000,766,396,55,45,1,1,1,1
2919,380000000,-74,366,180,115,1,1,1,1
2919,290000000,237,345,90,60,1,1,1,1
2919,340000000,451,337,60,45,1,1,1,1
2919,220000000,650,337,280,65,1,1,1,1
2919,210000000,766,396,55,45,1,1,1,1
2920,380000000,-74,366,180,115,1,1,1,1
2920,290000000,237,345,90,60,1,1,1,1
2920,340000000,451,337,60,45,1,1,1,1
2920,220000000,650,337,280,65,1,1,1,1
2920,210000000,766,396,55,45,1,1,1,1
2921,380000000,-74,366,180,115,1,1,1,1
2921,290000000,237,345,90,60,1,1,1,1
2921,340000000,451,337,60,45,1,1,1,1
2921,220000000,650,337,280,65,1,1,1,1
2921,210000000,766,396,55,45,1,1,1,1
2922,380000000,-74,366,180,115,1,1,1,1
2922,290000000,237,345,90,60,1,1,1,1
2922,340000000,451,337,60,45,1,1,1,1
2922,220000000,650,337,280,65,1,1,1,1
2922,210000000,766,396,55,45,1,1,1,1
2923,380000000,-74,366,180,115,1,1,1,1
2923,290000000,237,345,90,60,1,1,1,1
2923,340000000,451,337,60,45,1,1,1,1
2923,220000000,650,337,280,65,1,1,1,1
2923,210000000,766,396,55,45,1,1,1,1
2924,380000000,-74,366,180,115,1,1,1,1
2924,290000000,237,345,90,60,1,1,1,1
2924,340000000,451,337,60,45,1,1,1,1
2924,220000000,650,337,280,65,1,1,1,1
2924,210000000,766,396,55,45,1,1,1,1
2925,380000000,-74,366,180,115,1,1,1,1
2925,290000000,237,345,90,60,1,1,1,1
2925,340000000,451,337,60,45,1,1,1,1
2925,220000000,650,337,280,65,1,1,1,1
2925,210000000,766,396,55,45,1,1,1,1
2926,380000000,-74,366,180,115,1,1,1,1
2926,290000000,237,345,90,60,1,1,1,1
2926,340000000,451,337,60,45,1,1,1,1
2926,220000000,650,337,280,65,1,1,1,1
2926,210000000,766,396,55,45,1,1,1,1
2927,380000000,-75,366,180,115,1,1,1,1
2927,290000000,237,345,90,60,1,1,1,1
2927,340000000,451,337,60,45,1,1,1,1
2927,220000000,650,337,280,65,1,1,1,1
2927,210000000,766,396,55,45,1,1,1,1
2928,380000000,-75,366,180,115,1,1,1,1
2928,290000000,237,345,90,60,1,1,1,1
2928,340000000,451,337,60,45,1,1,1,1
2928,220000000,650,337,280,65,1,1,1,1
2928,210000000,766,396,55,45,1,1,1,1
2929,380000000,-75,366,180,115,1,1,1,1
2929,290000000,237,345,90,60,1,1,1,1
2929,340000000,451,337,60,45,1,1,1,1
2929,220000000,650,337,280,65,1,1,1,1
2929,210000000,766,396,55,45,1,1,1,1
2930,380000000,-75,366,180,115,1,1,1,1
2930,290000000,237,345,90,60,1,1,1,1
2930,340000000,451,337,60,45,1,1,1,1
2930,220000000,650,337,280,65,1,1,1,1
2930,210000000,766,396,55,45,1,1,1,1
2931,380000000,-75,366,180,115,1,1,1,1
2931,290000000,237,345,90,60,1,1,1,1
2931,340000000,451,337,60,45,1,1,1,1
2931,220000000,650,337,280,65,1,1,1,1
2931,210000000,766,396,55,45,1,1,1,1
2932,380000000,-75,366,180,115,1,1,1,1
2932,290000000,237,345,90,60,1,1,1,1
2932,340000000,451,337,60,45,1,1,1,1
2932,220000000,650,337,280,65,1,1,1,1
2932,210000000,766,396,55,45,1,1,1,1
2933,380000000,-75,366,180,115,1,1,1,1
2933,290000000,237,345,90,60,1,1,1,1
2933,340000000,451,337,60,45,1,1,1,1
2933,220000000,650,337,280,65,1,1,1,1
2933,210000000,765,396,55,45,1,1,1,1
2934,380000000,-75,366,180,115,1,1,1,1
2934,290000000,237,345,90,60,1,1,1,1
2934,340000000,451,337,60,45,1,1,1,1
2934,220000000,650,337,280,65,1,1,1,1
2934,210000000,765,396,55,45,1,1,1,1
2935,380000000,-75,366,180,115,1,1,1,1
2935,290000000,237,345,90,60,1,1,1,1
2935,340000000,451,337,60,45,1,1,1,1
2935,220000000,650,337,280,65,1,1,1,1
2935,210000000,765,396,55,45,1,1,1,1
2936,380000000,-75,366,180,115,1,1,1,1
2936,290000000,237,345,90,60,1,1,1,1
2936,340000000,451,337,60,45,1,1,1,1
2936,220000000,650,337,280,65,1,1,1,1
2936,210000000,765,396,55,45,1,1,1,1
2937,380000000,-75,366,180,115,1,1,1,1
2937,290000000,237,345,90,60,1,1,1,1
2937,340000000,451,337,60,45,1,1,1,1
2937,220000000,650,337,280,65,1,1,1,1
2937,210000000,765,396,55,45,1,1,1,1
2938,380000000,-75,366,180,115,1,1,1,1
2938,290000000,237,345,90,60,1,1,1,1
2938,340000000,451,337,60,45,1,1,1,1
2938,220000000,650,337,280,65,1,1,1,1
2938,210000000,765,396,55,45,1,1,1,1
2939,380000000,-75,366,180,115,1,1,1,1
2939,290000000,237,345,90,60,1,1,1,1
2939,340000000,451,337,60,45,1,1,1,1
2939,220000000,650,337,280,65,1,1,1,1
2939,210000000,765,396,55,45,1,1,1,1
2940,380000000,-75,366,180,115,1,1,1,1
2940,290000000,237,345,90,60,1,1,1,1
2940,340000000,451,337,60,45,1,1,1,1
2940,220000000,650,337,280,65,1,1,1,1
2940,210000000,765,396,55,45,1,1,1,1
2941,380000000,-75,366,180,115,1,1,1,1
2941,290000000,237,345,90,60,1,1,1,1
2941,340000000,451,337,60,45,1,1,1,1
2941,220000000,650,337,280,65,1,1,1,1
2941,210000000,765,396,55,45,1,1,1,1
2942,380000000,-76,366,180,115,1,1,1,1
2942,290000000,237,345,90,60,1,1,1,1
2942,340000000,451,337,60,45,1,1,1,1
2942,220000000,650,337,280,65,1,1,1,1
2942,210000000,765,396,55,45,1,1,1,1
2943,380000000,-76,366,180,115,1,1,1,1
2943,290000000,236,345,90,60,1,1,1,1
2943,340000000,450,337,60,45,1,1,1,1
2943,220000000,650,337,280,65,1,1,1,1
2943,210000000,765,396,55,45,1,1,1,1
2944,380000000,-76,366,180,115,1,1,1,1
2944,290000000,236,345,90,60,1,1,1,1
2944,340000000,450,337,60,45,1,1,1,1
2944,220000000,650,337,280,65,1,1,1,1
2944,210000000,765,396,55,45,1,1,1,1
2945,380000000,-76,366,180,115,1,1,1,1
2945,290000000,236,345,90,60,1,1,1,1
2945,340000000,450,337,60,45,1,1,1,1
2945,220000000,650,337,280,65,1,1,1,1
2945,210000000,765,396,55,45,1,1,1,1
2946,380000000,-76,366,180,115,1,1,1,1
2946,290000000,236,345,90,60,1,1,1,1
2946,340000000,450,337,60,45,1,1,1,1
2946,220000000,650,337,280,65,1,1,1,1
2946,210000000,765,396,55,45,1,1,1,1
2947,380000000,-76,366,180,115,1,1,1,1
2947,290000000,236,345,90,60,1,1,1,1
2947,340000000,450,337,60,45,1,1,1,1
2947,220000000,650,337,280,65,1,1,1,1
2947,210000000,765,396,55,45,1,1,1,1
2948,380000000,-76,366,180,115,1,1,1,1
2948,290000000,236,345,90,60,1,1,1,1
2948,340000000,450,337,60,45,1,1,1,1
2948,220000000,650,337,280,65,1,1,1,1
2948,210000000,765,396,55,45,1,1,1,1
2949,380000000,-76,366,180,115,1,1,1,1
2949,290000000,236,345,90,60,1,1,1,1
2949,340000000,450,337,60,45,1,1,1,1
2949,220000000,650,337,280,65,1,1,1,1
2949,210000000,765,396,55,45,1,1,1,1
2950,380000000,-76,366,180,115,1,1,1,1
2950,290000000,236,345,90,60,1,1,1,1
2950,340000000,450,337,60,45,1,1,1,1
2950,220000000,650,337,280,65,1,1,1,1
2950,210000000,765,396,55,45,1,1,1,1
2951,380000000,-76,366,180,115,1,1,1,1
2951,290000000,236,345,90,60,1,1,1,1
2951,340000000,450,337,60,45,1,1,1,1
2951,220000000,650,337,280,65,1,1,1,1
2951,210000000,765,396,55,45,1,1,1,1
2952,380000000,-76,366,180,115,1,1,1,1
2952,290000000,236,345,90,60,1,1,1,1
2952,340000000,450,337,60,45,1,1,1,1
2952,220000000,650,337,280,65,1,1,1,1
2952,210000000,765,396,55,45,1,1,1,1
2953,380000000,-76,366,180,115,1,1,1,1
2953,290000000,236,345,90,60,1,1,1,1
2953,340000000,450,337,60,45,1,1,1,1
2953,220000000,650,337,280,65,1,1,1,1
2953,210000000,764,396,55,45,1,1,1,1
2954,380000000,-76,366,180,115,1,1,1,1
2954,290000000,236,345,90,60,1,1,1,1
2954,340000000,450,337,60,45,1,1,1,1
2954,220000000,650,337,280,65,1,1,1,1
2954,210000000,764,396,55,45,1,1,1,1
2955,380000000,-76,366,180,115,1,1,1,1
2955,290000000,236,345,90,60,1,1,1,1
2955,340000000,450,337,60,45,1,1,1,1
2955,220000000,650,337,280,65,1,1,1,1
2955,210000000,764,396,55,45,1,1,1,1
2956,380000000,-76,366,180,115,1,1,1,1
2956,290000000,236,345,90,60,1,1,1,1
2956,340000000,450,337,60,45,1,1,1,1
2956,220000000,650,337,280,65,1,1,1,1
2956,210000000,764,396,55,45,1,1,1,1
2957,380000000,-77,366,180,115,1,1,1,1
2957,290000000,236,345,90,60,1,1,1,1
2957,340000000,450,337,60,45,1,1,1,1
2957,220000000,650,337,280,65,1,1,1,1
2957,210000000,764,396,55,45,1,1,1,1
2958,380000000,-77,366,180,115,1,1,1,1
2958,290000000,236,345,90,60,1,1,1,1
2958,340000000,450,337,60,45,1,1,1,1
2958,220000000,650,337,280,65,1,1,1,1
2958,210000000,764,396,55,45,1,1,1,1
2959,380000000,-77,366,180,115,1,1,1,1
2959,290000000,236,345,90,60,1,1,1,1
2959,340000000,450,337,60,45,1,1,1,1
2959,220000000,650,337,280,65,1,1,1,1
2959,210000000,764,396,55,45,1,1,1,1
2960,380000000,-77,366,180,115,1,1,1,1
2960,290000000,236,345,90,60,1,1,1,1
2960,340000000,450,337,60,45,1,1,1,1
2960,220000000,650,337,280,65,1,1,1,1
2960,210000000,764,396,55,45,1,1,1,1
2961,380000000,-77,366,180,115,1,1,1,1
2961,290000000,236,345,90,60,1,1,1,1
2961,340000000,450,337,60,45,1,1,1,1
2961,220000000,650,337,280,65,1,1,1,1
2961,210000000,764,396,55,45,1,1,1,1
2962,380000000,-77,366,180,115,1,1,1,1
2962,290000000,236,345,90,60,1,1,1,1
2962,340000000,450,337,60,45,1,1,1,1
2962,220000000,650,337,280,65,1,1,1,1
2962,210000000,764,396,55,45,1,1,1,1
2963,380000000,-77,366,180,115,1,1,1,1
2963,290000000,236,345,90,60,1,1,1,1
2963,340000000,450,337,60,45,1,1,1,1
2963,220000000,650,337,280,65,1,1,1,1
2963,210000000,764,396,55,45,1,1,1,1
2964,380000000,-77,366,180,115,1,1,1,1
2964,290000000,236,345,90,60,1,1,1,1
2964,340000000,450,337,60,45,1,1,1,1
2964,220000000,650,337,280,65,1,1,1,1
2964,210000000,764,396,55,45,1,1,1,1
2965,380000000,-77,366,180,115,1,1,1,1
2965,290000000,236,345,90,60,1,1,1,1
2965,340000000,450,337,60,45,1,1,1,1
2965,220000000,650,337,280,65,1,1,1,1
2965,210000000,764,396,55,45,1,1,1,1
2966,380000000,-77,366,180,115,1,1,1,1
2966,290000000,236,345,90,60,1,1,1,1
2966,340000000,450,337,60,45,1,1,1,1
2966,220000000,650,337,280,65,1,1,1,1
2966,210000000,764,396,55,45,1,1,1,1
2967,380000000,-77,366,180,115,1,1,1,1
2967,290000000,236,345,90,60,1,1,1,1
2967,340000000,450,337,60,45,1,1,1,1
2967,220000000,650,337,280,65,1,1,1,1
2967,210000000,764,396,55,45,1,1,1,1
2968,380000000,-77,366,180,115,1,1,1,1
2968,290000000,236,345,90,60,1,1,1,1
2968,340000000,450,337,60,45,1,1,1,1
2968,220000000,650,337,280,65,1,1,1,1
2968,210000000,764,396,55,45,1,1,1,1
2969,380000000,-77,366,180,115,1,1,1,1
2969,290000000,236,345,90,60,1,1,1,1
2969,340000000,450,337,60,45,1,1,1,1
2969,220000000,650,337,280,65,1,1,1,1
2969,210000000,764,396,55,45,1,1,1,1
2970,380000000,-77,366,180,115,1,1,1,1
2970,290000000,236,345,90,60,1,1,1,1
2970,340000000,450,337,60,45,1,1,1,1
2970,220000000,650,337,280,65,1,1,1,1
2970,210000000,764,396,55,45,1,1,1,1
2971,380000000,-77,366,180,115,1,1,1,1
2971,290000000,236,345,90,60,1,1,1,1
2971,340000000,450,337,60,45,1,1,1,1
2971,220000000,650,337,280,65,1,1,1,1
2971,210000000,764,396,55,45,1,1,1,1
2972,380000000,-78,367,180,115,1,1,1,1
2972,290000000,236,345,90,60,1,1,1,1
2972,340000000,450,337,60,45,1,1,1,1
2972,220000000,650,337,280,65,1,1,1,1
2972,210000000,764,397,55,45,1,1,1,1
2973,380000000,-78,367,180,115,1,1,1,1
2973,290000000,235,345,90,60,1,1,1,1
2973,340000000,450,337,60,45,1,1,1,1
2973,220000000,650,337,280,65,1,1,1,1
2973,210000000,763,397,55,45,1,1,1,1
2974,380000000,-78,367,180,115,1,1,1,1
2974,290000000,235,345,90,60,1,1,1,1
2974,340000000,450,337,60,45,1,1,1,1
2974,220000000,650,337,280,65,1,1,1,1
2974,210000000,763,397,55,45,1,1,1,1
2975,380000000,-78,367,180,115,1,1,1,1
2975,290000000,235,345,90,60,1,1,1,1
2975,340000000,450,337,60,45,1,1,1,1
2975,220000000,650,337,280,65,1,1,1,1
2975,210000000,763,397,55,45,1,1,1,1
2976,380000000,-78,367,180,115,1,1,1,1
2976,290000000,235,345,90,60,1,1,1,1
2976,340000000,450,337,60,45,1,1,1,1
2976,220000000,650,337,280,65,1,1,1,1
2976,210000000,763,397,55,45,1,1,1,1
2977,380000000,-78,367,180,115,1,1,1,1
2977,290000000,235,345,90,60,1,1,1,1
2977,340000000,450,337,60,45,1,1,1,1
2977,220000000,650,337,280,65,1,1,1,1
2977,210000000,763,397,55,45,1,1,1,1
2978,380000000,-78,367,180,115,1,1,1,1
2978,290000000,235,345,90,60,1,1,1,1
2978,340000000,450,337,60,45,1,1,1,1
2978,220000000,650,337,280,65,1,1,1,1
2978,210000000,763,397,55,45,1,1,1,1
2979,380000000,-78,367,180,115,1,1,1,1
2979,290000000,235,345,90,60,1,1,1,1
2979,340000000,450,337,60,45,1,1,1,1
2979,220000000,650,337,280,65,1,1,1,1
2979,210000000,763,397,55,45,1,1,1,1
2980,380000000,-78,367,180,115,1,1,1,1
2980,290000000,235,345,90,60,1,1,1,1
2980,340000000,450,337,60,45,1,1,1,1
2980,220000000,650,337,280,65,1,1,1,1
2980,210000000,763,397,55,45,1,1,1,1
2981,380000000,-78,367,180,115,1,1,1,1
2981,290000000,235,345,90,60,1,1,1,1
2981,340000000,450,337,60,45,1,1,1,1
2981,220000000,650,337,280,65,1,1,1,1
2981,210000000,763,397,55,45,1,1,1,1
2982,380000000,-78,367,180,115,1,1,1,1
2982,290000000,235,345,90,60,1,1,1,1
2982,340000000,450,337,60,45,1,1,1,1
2982,220000000,650,337,280,65,1,1,1,1
2982,210000000,763,397,55,45,1,1,1,1
2983,380000000,-78,367,180,115,1,1,1,1
2983,290000000,235,345,90,60,1,1,1,1
2983,340000000,450,337,60,45,1,1,1,1
2983,220000000,650,337,280,65,1,1,1,1
2983,210000000,763,397,55,45,1,1,1,1
2984,380000000,-78,367,180,115,1,1,1,1
2984,290000000,235,345,90,60,1,1,1,1
2984,340000000,450,337,60,45,1,1,1,1
2984,220000000,650,337,280,65,1,1,1,1
2984,210000000,763,397,55,45,1,1,1,1
2985,380000000,-78,367,180,115,1,1,1,1
2985,290000000,235,345,90,60,1,1,1,1
2985,340000000,450,337,60,45,1,1,1,1
2985,220000000,650,337,280,65,1,1,1,1
2985,210000000,763,397,55,45,1,1,1,1
2986,380000000,-78,367,180,115,1,1,1,1
2986,290000000,235,345,90,60,1,1,1,1
2986,340000000,450,337,60,45,1,1,1,1
2986,220000000,650,337,280,65,1,1,1,1
2986,210000000,763,397,55,45,1,1,1,1
2987,380000000,-79,367,180,115,1,1,1,1
2987,290000000,235,345,90,60,1,1,1,1
2987,340000000,450,337,60,45,1,1,1,1
2987,220000000,650,337,280,65,1,1,1,1
2987,210000000,763,397,55,45,1,1,1,1
2988,380000000,-79,367,180,115,1,1,1,1
2988,290000000,235,345,90,60,1,1,1,1
2988,340000000,450,337,60,45,1,1,1,1
2988,220000000,650,337,280,65,1,1,1,1
2988,210000000,763,397,55,45,1,1,1,1
2989,380000000,-79,367,180,115,1,1,1,1
2989,290000000,235,345,90,60,1,1,1,1
2989,340000000,450,337,60,45,1,1,1,1
2989,220000000,650,337,280,65,1,1,1,1
2989,210000000,763,397,55,45,1,1,1,1
2990,380000000,-79,367,180,115,1,1,1,1
2990,290000000,235,345,90,60,1,1,1,1
2990,340000000,450,337,60,45,1,1,1,1
2990,220000000,650,337,280,65,1,1,1,1
2990,210000000,763,397,55,45,1,1,1,1
2991,380000000,-79,367,180,115,1,1,1,1
2991,290000000,235,345,90,60,1,1,1,1
2991,340000000,450,337,60,45,1,1,1,1
2991,220000000,650,337,280,65,1,1,1,1
2991,210000000,763,397,55,45,1,1,1,1
2992,380000000,-79,367,180,115,1,1,1,1
2992,290000000,235,345,90,60,1,1,1,1
2992,340000000,450,337,60,45,1,1,1,1
2992,220000000,650,337,280,65,1,1,1,1
2992,210000000,763,397,55,45,1,1,1,1
2993,380000000,-79,367,180,115,1,1,1,1
2993,290000000,235,345,90,60,1,1,1,1
2993,340000000,450,337,60,45,1,1,1,1
2993,220000000,650,337,280,65,1,1,1,1
2993,210000000,762,397,55,45,1,1,1,1
2994,380000000,-79,367,180,115,1,1,1,1
2994,290000000,235,345,90,60,1,1,1,1
2994,340000000,450,337,60,45,1,1,1,1
2994,220000000,650,337,280,65,1,1,1,1
2994,210000000,762,397,55,45,1,1,1,1
2995,380000000,-79,367,180,115,1,1,1,1
2995,290000000,235,345,90,60,1,1,1,1
2995,340000000,450,337,60,45,1,1,1,1
2995,220000000,650,337,280,65,1,1,1,1
2995,210000000,762,397,55,45,1,1,1,1
2996,380000000,-79,367,180,115,1,1,1,1
2996,290000000,235,345,90,60,1,1,1,1
2996,340000000,450,337,60,45,1,1,1,1
2996,220000000,650,337,280,65,1,1,1,1
2996,210000000,762,397,55,45,1,1,1,1
2997,380000000,-79,367,180,115,1,1,1,1
2997,290000000,235,345,90,60,1,1,1,1
2997,340000000,450,337,60,45,1,1,1,1
2997,220000000,650,337,280,65,1,1,1,1
2997,210000000,762,397,55,45,1,1,1,1
2998,380000000,-79,367,180,115,1,1,1,1
2998,290000000,235,345,90,60,1,1,1,1
2998,340000000,450,337,60,45,1,1,1,1
2998,220000000,650,337,280,65,1,1,1,1
2998,210000000,762,397,55,45,1,1,1,1
2999,380000000,-79,367,180,115,1,1,1,1
2999,290000000,235,345,90,60,1,1,1,1
2999,340000000,450,337,60,45,1,1,1,1
2999,220000000,650,337,280,65,1,1,1,1
2999,210000000,762,397,55,45,1,1,1,1
3000,380000000,-79,367,180,115,1,1,1,1
3000,290000000,235,345,90,60,1,1,1,1
3000,340000000,450,337,60,45,1,1,1,1
3000,220000000,650,337,280,65,1,1,1,1
3000,210000000,762,397,55,45,1,1,1,1
3001,380000000,-79,367,180,115,1,1,1,1
3001,290000000,235,345,90,60,1,1,1,1
3001,340000000,450,337,60,45,1,1,1,1
3001,220000000,650,337,280,65,1,1,1,1
3001,210000000,762,397,55,45,1,1,1,1
3002,380000000,-80,367,180,115,1,1,1,1
3002,290000000,235,345,90,60,1,1,1,1
3002,340000000,450,337,60,45,1,1,1,1
3002,220000000,650,337,280,65,1,1,1,1
3002,210000000,762,397,55,45,1,1,1,1
3003,380000000,-80,367,180,115,1,1,1,1
3003,290000000,234,345,90,60,1,1,1,1
3003,340000000,449,337,60,45,1,1,1,1
3003,220000000,649,337,280,65,1,1,1,1
3003,210000000,762,397,55,45,1,1,1,1
3004,380000000,-80,367,180,115,1,1,1,1
3004,290000000,234,345,90,60,1,1,1,1
3004,340000000,449,337,60,45,1,1,1,1
3004,220000000,649,337,280,65,1,1,1,1
3004,210000000,762,397,55,45,1,1,1,1
3005,380000000,-80,367,180,115,1,1,1,1
3005,290000000,234,345,90,60,1,1,1,1
3005,340000000,449,337,60,45,1,1,1,1
3005,220000000,649,337,280,65,1,1,1,1
3005,210000000,762,397,55,45,1,1,1,1
3006,380000000,-80,367,180,115,1,1,1,1
3006,290000000,234,345,90,60,1,1,1,1
3006,340000000,449,337,60,45,1,1,1,1
3006,220000000,649,337,280,65,1,1,1,1
3006,210000000,762,397,55,45,1,1,1,1
3007,380000000,-80,367,180,115,1,1,1,1
3007,290000000,234,345,90,60,1,1,1,1
3007,340000000,449,337,60,45,1,1,1,1
3007,220000000,649,337,280,65,1,1,1,1
3007,210000000,762,397,55,45,1,1,1,1
3008,380000000,-80,367,180,115,1,1,1,1
3008,290000000,234,345,90,60,1,1,1,1
3008,340000000,449,337,60,45,1,1,1,1
3008,220000000,649,337,280,65,1,1,1,1
3008,210000000,762,397,55,45,1,1,1,1
3009,380000000,-80,367,180,115,1,1,1,1
3009,290000000,234,345,90,60,1,1,1,1
3009,340000000,449,337,60,45,1,1,1,1
3009,220000000,649,337,280,65,1,1,1,1
3009,210000000,762,397,55,45,1,1,1,1
3010,380000000,-80,367,180,115,1,1,1,1
3010,290000000,234,345,90,60,1,1,1,1
3010,340000000,449,337,60,45,1,1,1,1
3010,220000000,649,337,280,65,1,1,1,1
3010,210000000,762,397,55,45,1,1,1,1
3011,380000000,-80,367,180,115,1,1,1,1
3011,290000000,234,345,90,60,1,1,1,1
3011,340000000,449,337,60,45,1,1,1,1
3011,220000000,649,337,280,65,1,1,1,1
3011,210000000,762,397,55,45,1,1,1,1
3012,380000000,-80,367,180,115,1,1,1,1
3012,290000000,234,345,90,60,1,1,1,1
3012,340000000,449,337,60,45,1,1,1,1
3012,220000000,649,337,280,65,1,1,1,1
3012,210000000,762,397,55,45,1,1,1,1
3013,380000000,-80,367,180,115,1,1,1,1
3013,290000000,234,345,90,60,1,1,1,1
3013,340000000,449,337,60,45,1,1,1,1
3013,220000000,649,337,280,65,1,1,1,1
3013,210000000,761,397,55,45,1,1,1,1
3014,380000000,-80,367,180,115,1,1,1,1
3014,290000000,234,345,90,60,1,1,1,1
3014,340000000,449,337,60,45,1,1,1,1
3014,220000000,649,337,280,65,1,1,1,1
3014,210000000,761,397,55,45,1,1,1,1
3015,380000000,-80,367,180,115,1,1,1,1
3015,290000000,234,345,90,60,1,1,1,1
3015,340000000,449,337,60,45,1,1,1,1
3015,220000000,649,337,280,65,1,1,1,1
3015,210000000,761,397,55,45,1,1,1,1
3016,380000000,-80,367,180,115,1,1,1,1
3016,290000000,234,345,90,60,1,1,1,1
3016,340000000,449,337,60,45,1,1,1,1
3016,220000000,649,337,280,65,1,1,1,1
3016,210000000,761,397,55,45,1,1,1,1
3017,380000000,-81,367,180,115,1,1,1,1
3017,290000000,234,345,90,60,1,1,1,1
3017,340000000,449,337,60,45,1,1,1,1
3017,220000000,649,337,280,65,1,1,1,1
3017,210000000,761,397,55,45,1,1,1,1
3018,380000000,-81,367,180,115,1,1,1,1
3018,290000000,234,345,90,60,1,1,1,1
3018,340000000,449,337,60,45,1,1,1,1
3018,220000000,649,337,280,65,1,1,1,1
3018,210000000,761,397,55,45,1,1,1,1
3019,380000000,-81,367,180,115,1,1,1,1
3019,290000000,234,345,90,60,1,1,1,1
3019,340000000,449,337,60,45,1,1,1,1
3019,220000000,649,337,280,65,1,1,1,1
3019,210000000,761,397,55,45,1,1,1,1
3020,380000000,-81,367,180,115,1,1,1,1
3020,290000000,234,345,90,60,1,1,1,1
3020,340000000,449,337,60,45,1,1,1,1
3020,220000000,649,337,280,65,1,1,1,1
3020,210000000,761,397,55,45,1,1,1,1
3021,380000000,-81,367,180,115,1,1,1,1
3021,290000000,234,345,90,60,1,1,1,1
3021,340000000,449,337,60,45,1,1,1,1
3021,220000000,649,337,280,65,1,1,1,1
3021,210000000,761,397,55,45,1,1,1,1
3022,380000000,-81,367,180,115,1,1,1,1
3022,290000000,234,345,90,60,1,1,1,1
3022,340000000,449,337,60,45,1,1,1,1
3022,220000000,649,337,280,65,1,1,1,1
3022,210000000,761,397,55,45,1,1,1,1
3023,380000000,-81,367,180,115,1,1,1,1
3023,290000000,234,345,90,60,1,1,1,1
3023,340000000,449,337,60,45,1,1,1,1
3023,220000000,649,337,280,65,1,1,1,1
3023,210000000,761,397,55,45,1,1,1,1
3024,380000000,-81,367,180,115,1,1,1,1
3024,290000000,234,345,90,60,1,1,1,1
3024,340000000,449,337,60,45,1,1,1,1
3024,220000000,649,337,280,65,1,1,1,1
3024,210000000,761,397,55,45,1,1,1,1
3025,380000000,-81,367,180,115,1,1,1,1
3025,290000000,234,345,90,60,1,1,1,1
3025,340000000,449,337,60,45,1,1,1,1
3025,220000000,649,337,280,65,1,1,1,1
3025,210000000,761,397,55,45,1,1,1,1
3026,380000000,-81,367,180,115,1,1,1,1
3026,290000000,234,345,90,60,1,1,1,1
3026,340000000,449,337,60,45,1,1,1,1
3026,220000000,649,337,280,65,1,1,1,1
3026,210000000,761,397,55,45,1,1,1,1
3027,380000000,-81,367,180,115,1,1,1,1
3027,290000000,234,345,90,60,1,1,1,1
3027,340000000,449,337,60,45,1,1,1,1
3027,220000000,649,337,280,65,1,1,1,1
3027,210000000,761,397,55,45,1,1,1,1
3028,380000000,-81,367,180,115,1,1,1,1
3028,290000000,234,345,90,60,1,1,1,1
3028,340000000,449,337,60,45,1,1,1,1
3028,220000000,649,337,280,65,1,1,1,1
3028,210000000,761,397,55,45,1,1,1,1
3029,380000000,-81,367,180,115,1,1,1,1
3029,290000000,234,345,90,60,1,1,1,1
3029,340000000,449,337,60,45,1,1,1,1
3029,220000000,649,337,280,65,1,1,1,1
3029,210000000,761,397,55,45,1,1,1,1
3030,380000000,-81,367,180,115,1,1,1,1
3030,290000000,234,345,90,60,1,1,1,1
3030,340000000,449,337,60,45,1,1,1,1
3030,220000000,649,337,280,65,1,1,1,1
3030,210000000,761,397,55,45,1,1,1,1
3031,380000000,-81,367,180,115,1,1,1,1
3031,290000000,234,345,90,60,1,1,1,1
3031,340000000,449,337,60,45,1,1,1,1
3031,220000000,649,337,280,65,1,1,1,1
3031,210000000,761,397,55,45,1,1,1,1
3032,380000000,-82,368,180,115,1,1,1,1
3032,290000000,234,345,90,60,1,1,1,1
3032,340000000,449,337,60,45,1,1,1,1
3032,220000000,649,337,280,65,1,1,1,1
3032,210000000,761,398,55,45,1,1,1,1
3033,380000000,-82,368,180,115,1,1,1,1
3033,290000000,233,345,90,60,1,1,1,1
3033,340000000,449,337,60,45,1,1,1,1
3033,220000000,649,337,280,65,1,1,1,1
3033,210000000,760,398,55,45,1,1,1,1
3034,380000000,-82,368,180,115,1,1,1,1
3034,290000000,233,345,90,60,1,1,1,1
3034,340000000,449,337,60,45,1,1,1,1
3034,220000000,649,337,280,65,1,1,1,1
3034,210000000,760,398,55,45,1,1,1,1
3035,380000000,-82,368,180,115,1,1,1,1
3035,290000000,233,345,90,60,1,1,1,1
3035,340000000,449,337,60,45,1,1,1,1
3035,220000000,649,337,280,65,1,1,1,1
3035,210000000,760,398,55,45,1,1,1,1
3036,380000000,-82,368,180,115,1,1,1,1
3036,290000000,233,345,90,60,1,1,1,1
3036,340000000,449,337,60,45,1,1,1,1
3036,220000000,649,337,280,65,1,1,1,1
3036,210000000,760,398,55,45,1,1,1,1
3037,380000000,-82,368,180,115,1,1,1,1
3037,290000000,233,345,90,60,1,1,1,1
3037,340000000,449,337,60,45,1,1,1,1
3037,220000000,649,337,280,65,1,1,1,1
3037,210000000,760,398,55,45,1,1,1,1
3038,380000000,-82,368,180,115,1,1,1,1
3038,290000000,233,345,90,60,1,1,1,1
3038,340000000,449,337,60,45,1,1,1,1
3038,220000000,649,337,280,65,1,1,1,1
3038,210000000,760,398,55,45,1,1,1,1
3039,380000000,-82,368,180,115,1,1,1,1
3039,290000000,233,345,90,60,1,1,1,1
3039,340000000,449,337,60,45,1,1,1,1
3039,220000000,649,337,280,65,1,1,1,1
3039,210000000,760,398,55,45,1,1,1,1
3040,380000000,-82,368,180,115,1,1,1,1
3040,290000000,233,345,90,60,1,1,1,1
3040,340000000,449,337,60,45,1,1,1,1
3040,220000000,649,337,280,65,1,1,1,1
3040,210000000,760,398,55,45,1,1,1,1
3041,380000000,-82,368,180,115,1,1,1,1
3041,290000000,233,345,90,60,1,1,1,1
3041,340000000,449,337,60,45,1,1,1,1
3041,220000000,649,337,280,65,1,1,1,1
3041,210000000,760,398,55,45,1,1,1,1
3042,380000000,-82,368,180,115,1,1,1,1
3042,290000000,233,345,90,60,1,1,1,1
3042,340000000,449,337,60,45,1,1,1,1
3042,220000000,649,337,280,65,1,1,1,1
3042,210000000,760,398,55,45,1,1,1,1
3043,380000000,-82,368,180,115,1,1,1,1
3043,290000000,233,345,90,60,1,1,1,1
3043,340000000,449,337,60,45,1,1,1,1
3043,220000000,649,337,280,65,1,1,1,1
3043,210000000,760,398,55,45,1,1,1,1
3044,380000000,-82,368,180,115,1,1,1,1
3044,290000000,233,345,90,60,1,1,1,1
3044,340000000,449,337,60,45,1,1,1,1
3044,220000000,649,337,280,65,1,1,1,1
3044,210000000,760,398,55,45,1,1,1,1
3045,380000000,-82,368,180,115,1,1,1,1
3045,290000000,233,345,90,60,1,1,1,1
3045,340000000,449,337,60,45,1,1,1,1
3045,220000000,649,337,280,65,1,1,1,1
3045,210000000,760,398,55,45,1,1,1,1
3046,380000000,-82,368,180,115,1,1,1,1
3046,290000000,233,345,90,60,1,1,1,1
3046,340000000,449,337,60,45,1,1,1,1
3046,220000000,649,337,280,65,1,1,1,1
3046,210000000,760,398,55,45,1,1,1,1
3047,380000000,-83,368,180,115,1,1,1,1
3047,290000000,233,345,90,60,1,1,1,1
3047,340000000,449,337,60,45,1,1,1,1
3047,220000000,649,337,280,65,1,1,1,1
3047,210000000,760,398,55,45,1,1,1,1
3048,380000000,-83,368,180,115,1,1,1,1
3048,290000000,233,345,90,60,1,1,1,1
3048,340000000,449,337,60,45,1,1,1,1
3048,220000000,649,337,280,65,1,1,1,1
3048,210000000,760,398,55,45,1,1,1,1
3049,380000000,-83,368,180,115,1,1,1,1
3049,290000000,233,345,90,60,1,1,1,1
3049,340000000,449,337,60,45,1,1,1,1
3049,220000000,649,337,280,65,1,1,1,1
3049,210000000,760,398,55,45,1,1,1,1
3050,380000000,-83,368,180,115,1,1,1,1
3050,290000000,233,345,90,60,1,1,1,1
3050,340000000,449,337,60,45,1,1,1,1
3050,220000000,649,337,280,65,1,1,1,1
3050,210000000,760,398,55,45,1,1,1,1
3051,380000000,-83,368,180,115,1,1,1,1
3051,290000000,233,345,90,60,1,1,1,1
3051,340000000,449,337,60,45,1,1,1,1
3051,220000000,649,337,280,65,1,1,1,1
3051,210000000,760,398,55,45,1,1,1,1
3052,380000000,-83,368,180,115,1,1,1,1
3052,290000000,233,345,90,60,1,1,1,1
3052,340000000,449,337,60,45,1,1,1,1
3052,220000000,649,337,280,65,1,1,1,1
3052,210000000,760,398,55,45,1,1,1,1
3053,380000000,-83,368,180,115,1,1,1,1
3053,290000000,233,345,90,60,1,1,1,1
3053,340000000,449,337,60,45,1,1,1,1
3053,220000000,649,337,280,65,1,1,1,1
3053,210000000,759,398,55,45,1,1,1,1
3054,380000000,-83,368,180,115,1,1,1,1
3054,290000000,233,345,90,60,1,1,1,1
3054,340000000,449,337,60,45,1,1,1,1
3054,220000000,649,337,280,65,1,1,1,1
3054,210000000,759,398,55,45,1,1,1,1
3055,380000000,-83,368,180,115,1,1,1,1
3055,290000000,233,345,90,60,1,1,1,1
3055,340000000,449,337,60,45,1,1,1,1
3055,220000000,649,337,280,65,1,1,1,1
3055,210000000,759,398,55,45,1,1,1,1
3056,380000000,-83,368,180,115,1,1,1,1
3056,290000000,233,345,90,60,1,1,1,1
3056,340000000,449,337,60,45,1,1,1,1
3056,220000000,649,337,280,65,1,1,1,1
3056,210000000,759,398,55,45,1,1,1,1
3057,380000000,-83,368,180,115,1,1,1,1
3057,290000000,233,345,90,60,1,1,1,1
3057,340000000,449,337,60,45,1,1,1,1
3057,220000000,649,337,280,65,1,1,1,1
3057,210000000,759,398,55,45,1,1,1,1
3058,380000000,-83,368,180,115,1,1,1,1
3058,290000000,233,345,90,60,1,1,1,1
3058,340000000,449,337,60,45,1,1,1,1
3058,220000000,649,337,280,65,1,1,1,1
3058,210000000,759,398,55,45,1,1,1,1
3059,380000000,-83,368,180,115,1,1,1,1
3059,290000000,233,345,90,60,1,1,1,1
3059,340000000,449,337,60,45,1,1,1,1
3059,220000000,649,337,280,65,1,1,1,1
3059,210000000,759,398,55,45,1,1,1,1
3060,380000000,-83,368,180,115,1,1,1,1
3060,290000000,233,345,90,60,1,1,1,1
3060,340000000,449,337,60,45,1,1,1,1
3060,220000000,649,337,280,65,1,1,1,1
3060,210000000,759,398,55,45,1,1,1,1
3061,380000000,-83,368,180,115,1,1,1,1
3061,290000000,233,345,90,60,1,1,1,1
3061,340000000,449,337,60,45,1,1,1,1
3061,220000000,649,337,280,65,1,1,1,1
3061,210000000,759,398,55,45,1,1,1,1
3062,380000000,-84,368,180,115,1,1,1,1
3062,290000000,233,345,90,60,1,1,1,1
3062,340000000,449,337,60,45,1,1,1,1
3062,220000000,649,337,280,65,1,1,1,1
3062,210000000,759,398,55,45,1,1,1,1
3063,380000000,-84,368,180,115,1,1,1,1
3063,290000000,232,345,90,60,1,1,1,1
3063,340000000,448,337,60,45,1,1,1,1
3063,220000000,649,337,280,65,1,1,1,1
3063,210000000,759,398,55,45,1,1,1,1
3064,380000000,-84,368,180,115,1,1,1,1
3064,290000000,232,345,90,60,1,1,1,1
3064,340000000,448,337,60,45,1,1,1,1
3064,220000000,649,337,280,65,1,1,1,1
3064,210000000,759,398,55,45,1,1,1,1
3065,380000000,-84,368,180,115,1,1,1,1
3065,290000000,232,345,90,60,1,1,1,1
3065,340000000,448,337,60,45,1,1,1,1
3065,220000000,649,337,280,65,1,1,1,1
3065,210000000,759,398,55,45,1,1,1,1
3066,380000000,-84,368,180,115,1,1,1,1
3066,290000000,232,345,90,60,1,1,1,1
3066,340000000,448,337,60,45,1,1,1,1
3066,220000000,649,337,280,65,1,1,1,1
3066,210000000,759,398,55,45,1,1,1,1
3067,380000000,-84,368,180,115,1,1,1,1
3067,290000000,232,345,90,60,1,1,1,1
3067,340000000,448,337,60,45,1,1,1,1
3067,220000000,649,337,280,65,1,1,1,1
3067,210000000,759,398,55,45,1,1,1,1
3068,380000000,-84,368,180,115,1,1,1,1
3068,290000000,232,345,90,60,1,1,1,1
3068,340000000,448,337,60,45,1,1,1,1
3068,220000000,649,337,280,65,1,1,1,1
3068,210000000,759,398,55,45,1,1,1,1
3069,380000000,-84,368,180,115,1,1,1,1
3069,290000000,232,345,90,60,1,1,1,1
3069,340000000,448,337,60,45,1,1,1,1
3069,220000000,649,337,280,65,1,1,1,1
3069,210000000,759,398,55,45,1,1,1,1
3070,380000000,-84,368,180,115,1,1,1,1
3070,290000000,232,345,90,60,1,1,1,1
3070,340000000,448,337,60,45,1,1,1,1
3070,220000000,649,337,280,65,1,1,1,1
3070,210000000,759,398,55,45,1,1,1,1
3071,380000000,-84,368,180,115,1,1,1,1
3071,290000000,232,345,90,60,1,1,1,1
3071,340000000,448,337,60,45,1,1,1,1
3071,220000000,649,337,280,65,1,1,1,1
3071,210000000,759,398,55,45,1,1,1,1
3072,380000000,-84,368,180,115,1,1,1,1
3072,290000000,232,345,90,60,1,1,1,1
3072,340000000,448,337,60,45,1,1,1,1
3072,220000000,649,337,280,65,1,1,1,1
3072,210000000,759,398,55,45,1,1,1,1
3073,380000000,-84,368,180,115,1,1,1,1
3073,290000000,232,345,90,60,1,1,1,1
3073,340000000,448,337,60,45,1,1,1,1
3073,220000000,649,337,280,65,1,1,1,1
3073,210000000,758,398,55,45,1,1,1,1
3074,380000000,-84,368,180,115,1,1,1,1
3074,290000000,232,345,90,60,1,1,1,1
3074,340000000,448,337,60,45,1,1,1,1
3074,220000000,649,337,280,65,1,1,1,1
3074,210000000,758,398,55,45,1,1,1,1
3075,380000000,-84,368,180,115,1,1,1,1
3075,290000000,232,345,90,60,1,1,1,1
3075,340000000,448,337,60,45,1,1,1,1
3075,220000000,649,337,280,65,1,1,1,1
3075,210000000,758,398,55,45,1,1,1,1
3076,380000000,-84,368,180,115,1,1,1,1
3076,290000000,232,345,90,60,1,1,1,1
3076,340000000,448,337,60,45,1,1,1,1
3076,220000000,649,337,280,65,1,1,1,1
3076,210000000,758,398,55,45,1,1,1,1
3077,380000000,-85,368,180,115,1,1,1,1
3077,290000000,232,345,90,60,1,1,1,1
3077,340000000,448,337,60,45,1,1,1,1
3077,220000000,649,337,280,65,1,1,1,1
3077,210000000,758,398,55,45,1,1,1,1
3078,380000000,-85,368,180,115,1,1,1,1
3078,290000000,232,345,90,60,1,1,1,1
3078,340000000,448,337,60,45,1,1,1,1
3078,220000000,649,337,280,65,1,1,1,1
3078,210000000,758,398,55,45,1,1,1,1
3079,380000000,-85,368,180,115,1,1,1,1
3079,290000000,232,345,90,60,1,1,1,1
3079,340000000,448,337,60,45,1,1,1,1
3079,220000000,649,337,280,65,1,1,1,1
3079,210000000,758,398,55,45,1,1,1,1
3080,380000000,-85,368,180,115,1,1,1,1
3080,290000000,232,345,90,60,1,1,1,1
3080,340000000,448,337,60,45,1,1,1,1
3080,220000000,649,337,280,65,1,1,1,1
3080,210000000,758,398,55,45,1,1,1,1
3081,380000000,-85,368,180,115,1,1,1,1
3081,290000000,232,345,90,60,1,1,1,1
3081,340000000,448,337,60,45,1,1,1,1
3081,220000000,649,337,280,65,1,1,1,1
3081,210000000,758,398,55,45,1,1,1,1
3082,380000000,-85,368,180,115,1,1,1,1
3082,290000000,232,345,90,60,1,1,1,1
3082,340000000,448,337,60,45,1,1,1,1
3082,220000000,649,337,280,65,1,1,1,1
3082,210000000,758,398,55,45,1,1,1,1
3083,380000000,-85,368,180,115,1,1,1,1
3083,290000000,232,345,90,60,1,1,1,1
3083,340000000,448,337,60,45,1,1,1,1
3083,220000000,649,337,280,65,1,1,1,1
3083,210000000,758,398,55,45,1,1,1,1
3084,380000000,-85,368,180,115,1,1,1,1
3084,290000000,232,345,90,60,1,1,1,1
3084,340000000,448,337,60,45,1,1,1,1
3084,220000000,649,337,280,65,1,1,1,1
3084,210000000,758,398,55,45,1,1,1,1
3085,380000000,-85,368,180,115,1,1,1,1
3085,290000000,232,345,90,60,1,1,1,1
3085,340000000,448,337,60,45,1,1,1,1
3085,220000000,649,337,280,65,1,1,1,1
3085,210000000,758,398,55,45,1,1,1,1
3086,380000000,-85,368,180,115,1,1,1,1
3086,290000000,232,345,90,60,1,1,1,1
3086,340000000,448,337,60,45,1,1,1,1
3086,220000000,649,337,280,65,1,1,1,1
3086,210000000,758,398,55,45,1,1,1,1
3087,380000000,-85,368,180,115,1,1,1,1
3087,290000000,232,345,90,60,1,1,1,1
3087,340000000,448,337,60,45,1,1,1,1
3087,220000000,649,337,280,65,1,1,1,1
3087,210000000,758,398,55,45,1,1,1,1
3088,380000000,-85,368,180,115,1,1,1,1
3088,290000000,232,345,90,60,1,1,1,1
3088,340000000,448,337,60,45,1,1,1,1
3088,220000000,649,337,280,65,1,1,1,1
3088,210000000,758,398,55,45,1,1,1,1
3089,380000000,-85,368,180,115,1,1,1,1
3089,290000000,232,345,90,60,1,1,1,1
3089,340000000,448,337,60,45,1,1,1,1
3089,220000000,649,337,280,65,1,1,1,1
3089,210000000,758,398,55,45,1,1,1,1
3090,380000000,-85,368,180,115,1,1,1,1
3090,290000000,232,345,90,60,1,1,1,1
3090,340000000,448,337,60,45,1,1,1,1
3090,220000000,649,337,280,65,1,1,1,1
3090,210000000,758,398,55,45,1,1,1,1
3091,380000000,-85,368,180,115,1,1,1,1
3091,290000000,232,345,90,60,1,1,1,1
3091,340000000,448,337,60,45,1,1,1,1
3091,220000000,649,337,280,65,1,1,1,1
3091,210000000,758,398,55,45,1,1,1,1
3092,380000000,-86,369,180,115,1,1,1,1
3092,290000000,232,345,90,60,1,1,1,1
3092,340000000,448,337,60,45,1,1,1,1
3092,220000000,649,337,280,65,1,1,1,1
3092,210000000,758,399,55,45,1,1,1,1
3093,380000000,-86,369,180,115,1,1,1,1
3093,290000000,231,345,90,60,1,1,1,1
3093,340000000,448,337,60,45,1,1,1,1
3093,220000000,649,337,280,65,1,1,1,1
3093,210000000,757,399,55,45,1,1,1,1
3094,380000000,-86,369,180,115,1,1,1,1
3094,290000000,231,345,90,60,1,1,1,1
3094,340000000,448,337,60,45,1,1,1,1
3094,220000000,649,337,280,65,1,1,1,1
3094,210000000,757,399,55,45,1,1,1,1
3095,380000000,-86,369,180,115,1,1,1,1
3095,290000000,231,345,90,60,1,1,1,1
3095,340000000,448,337,60,45,1,1,1,1
3095,220000000,649,337,280,65,1,1,1,1
3095,210000000,757,399,55,45,1,1,1,1
3096,380000000,-86,369,180,115,1,1,1,1
3096,290000000,231,345,90,60,1,1,1,1
3096,340000000,448,337,60,45,1,1,1,1
3096,220000000,649,337,280,65,1,1,1,1
3096,210000000,757,399,55,45,1,1,1,1
3097,380000000,-86,369,180,115,1,1,1,1
3097,290000000,231,345,90,60,1,1,1,1
3097,340000000,448,337,60,45,1,1,1,1
3097,220000000,649,337,280,65,1,1,1,1
3097,210000000,757,399,55,45,1,1,1,1
3098,380000000,-86,369,180,115,1,1,1,1
3098,290000000,231,345,90,60,1,1,1,1
3098,340000000,448,337,60,45,1,1,1,1
3098,220000000,649,337,280,65,1,1,1,1
3098,210000000,757,399,55,45,1,1,1,1
3099,380000000,-86,369,180,115,1,1,1,1
3099,290000000,231,345,90,60,1,1,1,1
3099,340000000,448,337,60,45,1,1,1,1
3099,220000000,649,337,280,65,1,1,1,1
3099,210000000,757,399,55,45,1,1,1,1
3100,380000000,-86,369,180,115,1,1,1,1
3100,290000000,231,345,90,60,1,1,1,1
3100,340000000,448,337,60,45,1,1,1,1
3100,220000000,649,337,280,65,1,1,1,1
3100,210000000,757,399,55,45,1,1,1,1
3101,380000000,-86,369,180,115,1,1,1,1
3101,290000000,231,345,90,60,1,1,1,1
3101,340000000,448,337,60,45,1,1,1,1
3101,220000000,649,337,280,65,1,1,1,1
3101,210000000,757,399,55,45,1,1,1,1
3102,380000000,-86,369,180,115,1,1,1,1
3102,290000000,231,345,90,60,1,1,1,1
3102,340000000,448,337,60,45,1,1,1,1
3102,220000000,649,337,280,65,1,1,1,1
3102,210000000,757,399,55,45,1,1,1,1
3103,380000000,-86,369,180,115,1,1,1,1
3103,290000000,231,345,90,60,1,1,1,1
3103,340000000,448,337,60,45,1,1,1,1
3103,220000000,648,337,280,65,1,1,1,1
3103,210000000,757,399,55,45,1,1,1,1
3104,380000000,-86,369,180,115,1,1,1,1
3104,290000000,231,345,90,60,1,1,1,1
3104,340000000,448,337,60,45,1,1,1,1
3104,220000000,648,337,280,65,1,1,1,1
3104,210000000,757,399,55,45,1,1,1,1
3105,380000000,-86,369,180,115,1,1,1,1
3105,290000000,231,345,90,60,1,1,1,1
3105,340000000,448,337,60,45,1,1,1,1
3105,220000000,648,337,280,65,1,1,1,1
3105,210000000,757,399,55,45,1,1,1,1
3106,380000000,-86,369,180,115,1,1,1,1
3106,290000000,231,345,90,60,1,1,1,1
3106,340000000,448,337,60,45,1,1,1,1
3106,220000000,648,337,280,65,1,1,1,1
3106,210000000,757,399,55,45,1,1,1,1
3107,380000000,-87,369,180,115,1,1,1,1
3107,290000000,231,345,90,60,1,1,1,1
3107,340000000,448,337,60,45,1,1,1,1
3107,220000000,648,337,280,65,1,1,1,1
3107,210000000,757,399,55,45,1,1,1,1
3108,380000000,-87,369,180,115,1,1,1,1
3108,290000000,231,345,90,60,1,1,1,1
3108,340000000,448,337,60,45,1,1,1,1
3108,220000000,648,337,280,65,1,1,1,1
3108,210000000,757,399,55,45,1,1,1,1
3109,380000000,-87,369,180,115,1,1,1,1
3109,290000000,231,345,90,60,1,1,1,1
3109,340000000,448,337,60,45,1,1,1,1
3109,220000000,648,337,280,65,1,1,1,1
3109,210000000,757,399,55,45,1,1,1,1
3110,380000000,-87,369,180,115,1,1,1,1
3110,290000000,231,345,90,60,1,1,1,1
3110,340000000,448,337,60,45,1,1,1,1
3110,220000000,648,337,280,65,1,1,1,1
3110,210000000,757,399,55,45,1,1,1,1
3111,380000000,-87,369,180,115,1,1,1,1
3111,290000000,231,345,90,60,1,1,1,1
3111,340000000,448,337,60,45,1,1,1,1
3111,220000000,648,337,280,65,1,1,1,1
3111,210000000,757,399,55,45,1,1,1,1
3112,380000000,-87,369,180,115,1,1,1,1
3112,290000000,231,345,90,60,1,1,1,1
3112,340000000,448,337,60,45,1,1,1,1
3112,220000000,648,337,280,65,1,1,1,1
3112,210000000,757,399,55,45,1,1,1,1
3113,380000000,-87,369,180,115,1,1,1,1
3113,290000000,231,345,90,60,1,1,1,1
3113,340000000,448,337,60,45,1,1,1,1
3113,220000000,648,337,280,65,1,1,1,1
3113,210000000,756,399,55,45,1,1,1,1
3114,380000000,-87,369,180,115,1,1,1,1
3114,290000000,231,345,90,60,1,1,1,1
3114,340000000,448,337,60,45,1,1,1,1
3114,220000000,648,337,280,65,1,1,1,1
3114,210000000,756,399,55,45,1,1,1,1
3115,380000000,-87,369,180,115,1,1,1,1
3115,290000000,231,345,90,60,1,1,1,1
3115,340000000,448,337,60,45,1,1,1,1
3115,220000000,648,337,280,65,1,1,1,1
3115,210000000,756,399,55,45,1,1,1,1
3116,380000000,-87,369,180,115,1,1,1,1
3116,290000000,231,345,90,60,1,1,1,1
3116,340000000,448,337,60,45,1,1,1,1
3116,220000000,648,337,280,65,1,1,1,1
3116,210000000,756,399,55,45,1,1,1,1
3117,380000000,-87,369,180,115,1,1,1,1
3117,290000000,231,345,90,60,1,1,1,1
3117,340000000,448,337,60,45,1,1,1,1
3117,220000000,648,337,280,65,1,1,1,1
3117,210000000,756,399,55,45,1,1,1,1
3118,380000000,-87,369,180,115,1,1,1,1
3118,290000000,231,345,90,60,1,1,1,1
3118,340000000,448,337,60,45,1,1,1,1
3118,220000000,648,337,280,65,1,1,1,1
3118,210000000,756,399,55,45,1,1,1,1
3119,380000000,-87,369,180,115,1,1,1,1
3119,290000000,231,345,90,60,1,1,1,1
3119,340000000,448,337,60,45,1,1,1,1
3119,220000000,648,337,280,65,1,1,1,1
3119,210000000,756,399,55,45,1,1,1,1
3120,380000000,-87,369,180,115,1,1,1,1
3120,290000000,231,345,90,60,1,1,1,1
3120,340000000,448,337,60,45,1,1,1,1
3120,220000000,648,337,280,65,1,1,1,1
3120,210000000,756,399,55,45,1,1,1,1
3121,380000000,-87,369,180,115,1,1,1,1
3121,290000000,231,345,90,60,1,1,1,1
3121,340000000,448,337,60,45,1,1,1,1
3121,220000000,648,337,280,65,1,1,1,1
3121,210000000,756,399,55,45,1,1,1,1
3122,380000000,-88,369,180,115,1,1,1,1
3122,290000000,231,345,90,60,1,1,1,1
3122,340000000,448,337,60,45,1,1,1,1
3122,220000000,648,337,280,65,1,1,1,1
3122,210000000,756,399,55,45,1,1,1,1
3123,380000000,-88,369,180,115,1,1,1,1
3123,290000000,230,345,90,60,1,1,1,1
3123,340000000,447,337,60,45,1,1,1,1
3123,220000000,648,337,280,65,1,1,1,1
3123,210000000,756,399,55,45,1,1,1,1
3124,380000000,-88,369,180,115,1,1,1,1
3124,290000000,230,345,90,60,1,1,1,1
3124,340000000,447,337,60,45,1,1,1,1
3124,220000000,648,337,280,65,1,1,1,1
3124,210000000,756,399,55,45,1,1,1,1
3125,380000000,-88,369,180,115,1,1,1,1
3125,290000000,230,345,90,60,1,1,1,1
3125,340000000,447,337,60,45,1,1,1,1
3125,220000000,648,337,280,65,1,1,1,1
3125,210000000,756,399,55,45,1,1,1,1
3126,380000000,-88,369,180,115,1,1,1,1
3126,290000000,230,345,90,60,1,1,1,1
3126,340000000,447,337,60,45,1,1,1,1
3126,220000000,648,337,280,65,1,1,1,1
3126,210000000,756,399,55,45,1,1,1,1
3127,380000000,-88,369,180,115,1,1,1,1
3127,290000000,230,345,90,60,1,1,1,1
3127,340000000,447,337,60,45,1,1,1,1
3127,220000000,648,337,280,65,1,1,1,1
3127,210000000,756,399,55,45,1,1,1,1
3128,380000000,-88,369,180,115,1,1,1,1
3128,290000000,230,345,90,60,1,1,1,1
3128,340000000,447,337,60,45,1,1,1,1
3128,220000000,648,337,280,65,1,1,1,1
3128,210000000,756,399,55,45,1,1,1,1
3129,380000000,-88,369,180,115,1,1,1,1
3129,290000000,230,345,90,60,1,1,1,1
3129,340000000,447,337,60,45,1,1,1,1
3129,220000000,648,337,280,65,1,1,1,1
3129,210000000,756,399,55,45,1,1,1,1
3130,380000000,-88,369,180,115,1,1,1,1
3130,290000000,230,345,90,60,1,1,1,1
3130,340000000,447,337,60,45,1,1,1,1
3130,220000000,648,337,280,65,1,1,1,1
3130,210000000,756,399,55,45,1,1,1,1
3131,380000000,-88,369,180,115,1,1,1,1
3131,290000000,230,345,90,60,1,1,1,1
3131,340000000,447,337,60,45,1,1,1,1
3131,220000000,648,337,280,65,1,1,1,1
3131,210000000,756,399,55,45,1,1,1,1
3132,380000000,-88,369,180,115,1,1,1,1
3132,290000000,230,345,90,60,1,1,1,1
3132,340000000,447,337,60,45,1,1,1,1
3132,220000000,648,337,280,65,1,1,1,1
3132,210000000,756,399,55,45,1,1,1,1
3133,380000000,-88,369,180,115,1,1,1,1
3133,290000000,230,345,90,60,1,1,1,1
3133,340000000,447,337,60,45,1,1,1,1
3133,220000000,648,337,280,65,1,1,1,1
3133,210000000,755,399,55,45,1,1,1,1
3134,380000000,-88,369,180,115,1,1,1,1
3134,290000000,230,345,90,60,1,1,1,1
3134,340000000,447,337,60,45,1,1,1,1
3134,220000000,648,337,280,65,1,1,1,1
3134,210000000,755,399,55,45,1,1,1,1
3135,380000000,-88,369,180,115,1,1,1,1
3135,290000000,230,345,90,60,1,1,1,1
3135,340000000,447,337,60,45,1,1,1,1
3135,220000000,648,337,280,65,1,1,1,1
3135,210000000,755,399,55,45,1,1,1,1
3136,380000000,-88,369,180,115,1,1,1,1
3136,290000000,230,345,90,60,1,1,1,1
3136,340000000,447,337,60,45,1,1,1,1
3136,220000000,648,337,280,65,1,1,1,1
3136,210000000,755,399,55,45,1,1,1,1
3137,380000000,-89,369,180,115,1,1,1,1
3137,290000000,230,345,90,60,1,1,1,1
3137,340000000,447,337,60,45,1,1,1,1
3137,220000000,648,337,280,65,1,1,1,1
3137,210000000,755,399,55,45,1,1,1,1
3138,380000000,-89,369,180,115,1,1,1,1
3138,290000000,230,345,90,60,1,1,1,1
3138,340000000,447,337,60,45,1,1,1,1
3138,220000000,648,337,280,65,1,1,1,1
3138,210000000,755,399,55,45,1,1,1,1
3139,380000000,-89,369,180,115,1,1,1,1
3139,290000000,230,345,90,60,1,1,1,1
3139,340000000,447,337,60,45,1,1,1,1
3139,220000000,648,337,280,65,1,1,1,1
3139,210000000,755,399,55,45,1,1,1,1
3140,380000000,-89,369,180,115,1,1,1,1
3140,290000000,230,345,90,60,1,1,1,1
3140,340000000,447,337,60,45,1,1,1,1
3140,220000000,648,337,280,65,1,1,1,1
3140,210000000,755,399,55,45,1,1,1,1
3141,380000000,-89,369,180,115,1,1,1,1
3141,290000000,230,345,90,60,1,1,1,1
3141,340000000,447,337,60,45,1,1,1,1
3141,220000000,648,337,280,65,1,1,1,1
3141,210000000,755,399,55,45,1,1,1,1
3142,380000000,-89,369,180,115,1,1,1,1
3142,290000000,230,345,90,60,1,1,1,1
3142,340000000,447,337,60,45,1,1,1,1
3142,220000000,648,337,280,65,1,1,1,1
3142,210000000,755,399,55,45,1,1,1,1
3143,380000000,-89,369,180,115,1,1,1,1
3143,290000000,230,345,90,60,1,1,1,1
3143,340000000,447,337,60,45,1,1,1,1
3143,220000000,648,337,280,65,1,1,1,1
3143,210000000,755,399,55,45,1,1,1,1
3144,380000000,-89,369,180,115,1,1,1,1
3144,290000000,230,345,90,60,1,1,1,1
3144,340000000,447,337,60,45,1,1,1,1
3144,220000000,648,337,280,65,1,1,1,1
3144,210000000,755,399,55,45,1,1,1,1
3145,380000000,-89,369,180,115,1,1,1,1
3145,290000000,230,345,90,60,1,1,1,1
3145,340000000,447,337,60,45,1,1,1,1
3145,220000000,648,337,280,65,1,1,1,1
3145,210000000,755,399,55,45,1,1,1,1
3146,380000000,-89,369,180,115,1,1,1,1
3146,290000000,230,345,90,60,1,1,1,1
3146,340000000,447,337,60,45,1,1,1,1
3146,220000000,648,337,280,65,1,1,1,1
3146,210000000,755,399,55,45,1,1,1,1
3147,380000000,-89,369,180,115,1,1,1,1
3147,290000000,230,345,90,60,1,1,1,1
3147,340000000,447,337,60,45,1,1,1,1
3147,220000000,648,337,280,65,1,1,1,1
3147,210000000,755,399,55,45,1,1,1,1
3148,380000000,-89,369,180,115,1,1,1,1
3148,290000000,230,345,90,60,1,1,1,1
3148,340000000,447,337,60,45,1,1,1,1
3148,220000000,648,337,280,65,1,1,1,1
3148,210000000,755,399,55,45,1,1,1,1
3149,380000000,-89,369,180,115,1,1,1,1
3149,290000000,230,345,90,60,1,1,1,1
3149,340000000,447,337,60,45,1,1,1,1
3149,220000000,648,337,280,65,1,1,1,1
3149,210000000,755,399,55,45,1,1,1,1
3150,380000000,-89,369,180,115,1,1,1,1
3150,290000000,230,345,90,60,1,1,1,1
3150,340000000,447,337,60,45,1,1,1,1
3150,220000000,648,337,280,65,1,1,1,1
3150,210000000,755,399,55,45,1,1,1,1
3151,380000000,-89,369,180,115,1,1,1,1
3151,290000000,230,345,90,60,1,1,1,1
3151,340000000,447,337,60,45,1,1,1,1
3151,220000000,648,337,280,65,1,1,1,1
3151,210000000,755,399,55,45,1,1,1,1
3152,380000000,-90,370,180,115,1,1,1,1
3152,290000000,230,345,90,60,1,1,1,1
3152,340000000,447,337,60,45,1,1,1,1
3152,220000000,648,337,280,65,1,1,1,1
3152,210000000,755,400,55,45,1,1,1,1
3153,380000000,-90,370,180,115,1,1,1,1
3153,290000000,229,345,90,60,1,1,1,1
3153,340000000,447,337,60,45,1,1,1,1
3153,220000000,648,337,280,65,1,1,1,1
3153,210000000,754,400,55,45,1,1,1,1
3154,380000000,-90,370,180,115,1,1,1,1
3154,290000000,229,345,90,60,1,1,1,1
3154,340000000,447,337,60,45,1,1,1,1
3154,220000000,648,337,280,65,1,1,1,1
3154,210000000,754,400,55,45,1,1,1,1
3155,380000000,-90,370,180,115,1,1,1,1
3155,290000000,229,345,90,60,1,1,1,1
3155,340000000,447,337,60,45,1,1,1,1
3155,220000000,648,337,280,65,1,1,1,1
3155,210000000,754,400,55,45,1,1,1,1
3156,380000000,-90,370,180,115,1,1,1,1
3156,290000000,229,345,90,60,1,1,1,1
3156,340000000,447,337,60,45,1,1,1,1
3156,220000000,648,337,280,65,1,1,1,1
3156,210000000,754,400,55,45,1,1,1,1
3157,380000000,-90,370,180,115,1,1,1,1
3157,290000000,229,345,90,60,1,1,1,1
3157,340000000,447,337,60,45,1,1,1,1
3157,220000000,648,337,280,65,1,1,1,1
3157,210000000,754,400,55,45,1,1,1,1
3158,380000000,-90,370,180,115,1,1,1,1
3158,290000000,229,345,90,60,1,1,1,1
3158,340000000,447,337,60,45,1,1,1,1
3158,220000000,648,337,280,65,1,1,1,1
3158,210000000,754,400,55,45,1,1,1,1
3159,380000000,-90,370,180,115,1,1,1,1
3159,290000000,229,345,90,60,1,1,1,1
3159,340000000,447,337,60,45,1,1,1,1
3159,220000000,648,337,280,65,1,1,1,1
3159,210000000,754,400,55,45,1,1,1,1
3160,380000000,-90,370,180,115,1,1,1,1
3160,290000000,229,345,90,60,1,1,1,1
3160,340000000,447,337,60,45,1,1,1,1
3160,220000000,648,337,280,65,1,1,1,1
3160,210000000,754,400,55,45,1,1,1,1
3161,380000000,-90,370,180,115,1,1,1,1
3161,290000000,229,345,90,60,1,1,1,1
3161,340000000,447,337,60,45,1,1,1,1
3161,220000000,648,337,280,65,1,1,1,1
3161,210000000,754,400,55,45,1,1,1,1
3162,380000000,-90,370,180,115,1,1,1,1
3162,290000000,229,345,90,60,1,1,1,1
3162,340000000,447,337,60,45,1,1,1,1
3162,220000000,648,337,280,65,1,1,1,1
3162,210000000,754,400,55,45,1,1,1,1
3163,380000000,-90,370,180,115,1,1,1,1
3163,290000000,229,345,90,60,1,1,1,1
3163,340000000,447,337,60,45,1,1,1,1
3163,220000000,648,337,280,65,1,1,1,1
3163,210000000,754,400,55,45,1,1,1,1
3164,380000000,-90,370,180,115,1,1,1,1
3164,290000000,229,345,90,60,1,1,1,1
3164,340000000,447,337,60,45,1,1,1,1
3164,220000000,648,337,280,65,1,1,1,1
3164,210000000,754,400,55,45,1,1,1,1
3165,380000000,-90,370,180,115,1,1,1,1
3165,290000000,229,345,90,60,1,1,1,1
3165,340000000,447,337,60,45,1,1,1,1
3165,220000000,648,337,280,65,1,1,1,1
3165,210000000,754,400,55,45,1,1,1,1
3166,380000000,-90,370,180,115,1,1,1,1
3166,290000000,229,345,90,60,1,1,1,1
3166,340000000,447,337,60,45,1,1,1,1
3166,220000000,648,337,280,65,1,1,1,1
3166,210000000,754,400,55,45,1,1,1,1
3167,380000000,-91,370,180,115,1,1,1,1
3167,290000000,229,345,90,60,1,1,1,1
3167,340000000,447,337,60,45,1,1,1,1
3167,220000000,648,337,280,65,1,1,1,1
3167,210000000,754,400,55,45,1,1,1,1
3168,380000000,-91,370,180,115,1,1,1,1
3168,290000000,229,345,90,60,1,1,1,1
3168,340000000,447,337,60,45,1,1,1,1
3168,220000000,648,337,280,65,1,1,1,1
3168,210000000,754,400,55,45,1,1,1,1
3169,380000000,-91,370,180,115,1,1,1,1
3169,290000000,229,345,90,60,1,1,1,1
3169,340000000,447,337,60,45,1,1,1,1
3169,220000000,648,337,280,65,1,1,1,1
3169,210000000,754,400,55,45,1,1,1,1
3170,380000000,-91,370,180,115,1,1,1,1
3170,290000000,229,345,90,60,1,1,1,1
3170,340000000,447,337,60,45,1,1,1,1
3170,220000000,648,337,280,65,1,1,1,1
3170,210000000,754,400,55,45,1,1,1,1
3171,380000000,-91,370,180,115,1,1,1,1
3171,290000000,229,345,90,60,1,1,1,1
3171,340000000,447,337,60,45,1,1,1,1
3171,220000000,648,337,280,65,1,1,1,1
3171,210000000,754,400,55,45,1,1,1,1
3172,380000000,-91,370,180,115,1,1,1,1
3172,290000000,229,345,90,60,1,1,1,1
3172,340000000,447,337,60,45,1,1,1,1
3172,220000000,648,337,280,65,1,1,1,1
3172,210000000,754,400,55,45,1,1,1,1
3173,380000000,-91,370,180,115,1,1,1,1
3173,290000000,229,345,90,60,1,1,1,1
3173,340000000,447,337,60,45,1,1,1,1
3173,220000000,648,337,280,65,1,1,1,1
3173,210000000,753,400,55,45,1,1,1,1
3174,380000000,-91,370,180,115,1,1,1,1
3174,290000000,229,345,90,60,1,1,1,1
3174,340000000,447,337,60,45,1,1,1,1
3174,220000000,648,337,280,65,1,1,1,1
3174,210000000,753,400,55,45,1,1,1,1
3175,380000000,-91,370,180,115,1,1,1,1
3175,290000000,229,345,90,60,1,1,1,1
3175,340000000,447,337,60,45,1,1,1,1
3175,220000000,648,337,280,65,1,1,1,1
3175,210000000,753,400,55,45,1,1,1,1
3176,380000000,-91,370,180,115,1,1,1,1
3176,290000000,229,345,90,60,1,1,1,1
3176,340000000,447,337,60,45,1,1,1,1
3176,220000000,648,337,280,65,1,1,1,1
3176,210000000,753,400,55,45,1,1,1,1
3177,380000000,-91,370,180,115,1,1,1,1
3177,290000000,229,345,90,60,1,1,1,1
3177,340000000,447,337,60,45,1,1,1,1
3177,220000000,648,337,280,65,1,1,1,1
3177,210000000,753,400,55,45,1,1,1,1
3178,380000000,-91,370,180,115,1,1,1,1
3178,290000000,229,345,90,60,1,1,1,1
3178,340000000,447,337,60,45,1,1,1,1
3178,220000000,648,337,280,65,1,1,1,1
3178,210000000,753,400,55,45,1,1,1,1
3179,380000000,-91,370,180,115,1,1,1,1
3179,290000000,229,345,90,60,1,1,1,1
3179,340000000,447,337,60,45,1,1,1,1
3179,220000000,648,337,280,65,1,1,1,1
3179,210000000,753,400,55,45,1,1,1,1
3180,380000000,-91,370,180,115,1,1,1,1
3180,290000000,229,345,90,60,1,1,1,1
3180,340000000,447,337,60,45,1,1,1,1
3180,220000000,648,337,280,65,1,1,1,1
3180,210000000,753,400,55,45,1,1,1,1
3181,380000000,-91,370,180,115,1,1,1,1
3181,290000000,229,345,90,60,1,1,1,1
3181,340000000,447,337,60,45,1,1,1,1
3181,220000000,648,337,280,65,1,1,1,1
3181,210000000,753,400,55,45,1,1,1,1
3182,380000000,-92,370,180,115,1,1,1,1
3182,290000000,229,345,90,60,1,1,1,1
3182,340000000,447,337,60,45,1,1,1,1
3182,220000000,648,337,280,65,1,1,1,1
3182,210000000,753,400,55,45,1,1,1,1
3183,380000000,-92,370,180,115,1,1,1,1
3183,290000000,228,345,90,60,1,1,1,1
3183,340000000,446,337,60,45,1,1,1,1
3183,220000000,648,337,280,65,1,1,1,1
3183,210000000,753,400,55,45,1,1,1,1
3184,380000000,-92,370,180,115,1,1,1,1
3184,290000000,228,345,90,60,1,1,1,1
3184,340000000,446,337,60,45,1,1,1,1
3184,220000000,648,337,280,65,1,1,1,1
3184,210000000,753,400,55,45,1,1,1,1
3185,380000000,-92,370,180,115,1,1,1,1
3185,290000000,228,345,90,60,1,1,1,1
3185,340000000,446,337,60,45,1,1,1,1
3185,220000000,648,337,280,65,1,1,1,1
3185,210000000,753,400,55,45,1,1,1,1
3186,380000000,-92,370,180,115,1,1,1,1
3186,290000000,228,345,90,60,1,1,1,1
3186,340000000,446,337,60,45,1,1,1,1
3186,220000000,648,337,280,65,1,1,1,1
3186,210000000,753,400,55,45,1,1,1,1
3187,380000000,-92,370,180,115,1,1,1,1
3187,290000000,228,345,90,60,1,1,1,1
3187,340000000,446,337,60,45,1,1,1,1
3187,220000000,648,337,280,65,1,1,1,1
3187,210000000,753,400,55,45,1,1,1,1
3188,380000000,-92,370,180,115,1,1,1,1
3188,290000000,228,345,90,60,1,1,1,1
3188,340000000,446,337,60,45,1,1,1,1
3188,220000000,648,337,280,65,1,1,1,1
3188,210000000,753,400,55,45,1,1,1,1
3189,380000000,-92,370,180,115,1,1,1,1
3189,290000000,228,345,90,60,1,1,1,1
3189,340000000,446,337,60,45,1,1,1,1
3189,220000000,648,337,280,65,1,1,1,1
3189,210000000,753,400,55,45,1,1,1,1
3190,380000000,-92,370,180,115,1,1,1,1
3190,290000000,228,345,90,60,1,1,1,1
3190,340000000,446,337,60,45,1,1,1,1
3190,220000000,648,337,280,65,1,1,1,1
3190,210000000,753,400,55,45,1,1,1,1
3191,380000000,-92,370,180,115,1,1,1,1
3191,290000000,228,345,90,60,1,1,1,1
3191,340000000,446,337,60,45,1,1,1,1
3191,220000000,648,337,280,65,1,1,1,1
3191,210000000,753,400,55,45,1,1,1,1
3192,380000000,-92,370,180,115,1,1,1,1
3192,290000000,228,345,90,60,1,1,1,1
3192,340000000,446,337,60,45,1,1,1,1
3192,220000000,648,337,280,65,1,1,1,1
3192,210000000,753,400,55,45,1,1,1,1
3193,380000000,-92,370,180,115,1,1,1,1
3193,290000000,228,345,90,60,1,1,1,1
3193,340000000,446,337,60,45,1,1,1,1
3193,220000000,648,337,280,65,1,1,1,1
3193,210000000,752,400,55,45,1,1,1,1
3194,380000000,-92,370,180,115,1,1,1,1
3194,290000000,228,345,90,60,1,1,1,1
3194,340000000,446,337,60,45,1,1,1,1
3194,220000000,648,337,280,65,1,1,1,1
3194,210000000,752,400,55,45,1,1,1,1
3195,380000000,-92,370,180,115,1,1,1,1
3195,290000000,228,345,90,60,1,1,1,1
3195,340000000,446,337,60,45,1,1,1,1
3195,220000000,648,337,280,65,1,1,1,1
3195,210000000,752,400,55,45,1,1,1,1
3196,380000000,-92,370,180,115,1,1,1,1
3196,290000000,228,345,90,60,1,1,1,1
3196,340000000,446,337,60,45,1,1,1,1
3196,220000000,648,337,280,65,1,1,1,1
3196,210000000,752,400,55,45,1,1,1,1
3197,380000000,-93,370,180,115,1,1,1,1
3197,290000000,228,345,90,60,1,1,1,1
3197,340000000,446,337,60,45,1,1,1,1
3197,220000000,648,337,280,65,1,1,1,1
3197,210000000,752,400,55,45,1,1,1,1
3198,380000000,-93,370,180,115,1,1,1,1
3198,290000000,228,345,90,60,1,1,1,1
3198,340000000,446,337,60,45,1,1,1,1
3198,220000000,648,337,280,65,1,1,1,1
3198,210000000,752,400,55,45,1,1,1,1
3199,380000000,-93,370,180,115,1,1,1,1
3199,290000000,228,345,90,60,1,1,1,1
3199,340000000,446,337,60,45,1,1,1,1
3199,220000000,648,337,280,65,1,1,1,1
3199,210000000,752,400,55,45,1,1,1,1
3200,380000000,-93,370,180,115,1,1,1,1
3200,290000000,228,345,90,60,1,1,1,1
3200,340000000,446,337,60,45,1,1,1,1
3200,220000000,648,337,280,65,1,1,1,1
3200,210000000,752,400,55,45,1,1,1,1
3201,380000000,-93,370,180,115,1,1,1,1
3201,290000000,228,345,90,60,1,1,1,1
3201,340000000,446,337,60,45,1,1,1,1
3201,220000000,648,337,280,65,1,1,1,1
3201,210000000,752,400,55,45,1,1,1,1
3202,380000000,-93,370,180,115,1,1,1,1
3202,290000000,228,345,90,60,1,1,1,1
3202,340000000,446,337,60,45,1,1,1,1
3202,220000000,648,337,280,65,1,1,1,1
3202,210000000,752,400,55,45,1,1,1,1
3203,380000000,-93,370,180,115,1,1,1,1
3203,290000000,228,345,90,60,1,1,1,1
3203,340000000,446,337,60,45,1,1,1,1
3203,220000000,647,337,280,65,1,1,1,1
3203,210000000,752,400,55,45,1,1,1,1
3204,380000000,-93,370,180,115,1,1,1,1
3204,290000000,228,345,90,60,1,1,1,1
3204,340000000,446,337,60,45,1,1,1,1
3204,220000000,647,337,280,65,1,1,1,1
3204,210000000,752,400,55,45,1,1,1,1
3205,380000000,-93,370,180,115,1,1,1,1
3205,290000000,228,345,90,60,1,1,1,1
3205,340000000,446,337,60,45,1,1,1,1
3205,220000000,647,337,280,65,1,1,1,1
3205,210000000,752,400,55,45,1,1,1,1
3206,380000000,-93,370,180,115,1,1,1,1
3206,290000000,228,345,90,60,1,1,1,1
3206,340000000,446,337,60,45,1,1,1,1
3206,220000000,647,337,280,65,1,1,1,1
3206,210000000,752,400,55,45,1,1,1,1
3207,380000000,-93,370,180,115,1,1,1,1
3207,290000000,228,345,90,60,1,1,1,1
3207,340000000,446,337,60,45,1,1,1,1
3207,220000000,647,337,280,65,1,1,1,1
3207,210000000,752,400,55,45,1,1,1,1
3208,380000000,-93,370,180,115,1,1,1,1
3208,290000000,228,345,90,60,1,1,1,1
3208,340000000,446,337,60,45,1,1,1,1
3208,220000000,647,337,280,65,1,1,1,1
3208,210000000,752,400,55,45,1,1,1,1
3209,380000000,-93,370,180,115,1,1,1,1
3209,290000000,228,345,90,60,1,1,1,1
3209,340000000,446,337,60,45,1,1,1,1
3209,220000000,647,337,280,65,1,1,1,1
3209,210000000,752,400,55,45,1,1,1,1
3210,380000000,-93,370,180,115,1,1,1,1
3210,290000000,228,345,90,60,1,1,1,1
3210,340000000,446,337,60,45,1,1,1,1
3210,220000000,647,337,280,65,1,1,1,1
3210,210000000,752,400,55,45,1,1,1,1
3211,380000000,-93,370,180,115,1,1,1,1
3211,290000000,228,345,90,60,1,1,1,1
3211,340000000,446,337,60,45,1,1,1,1
3211,220000000,647,337,280,65,1,1,1,1
3211,210000000,752,400,55,45,1,1,1,1
3212,380000000,-94,371,180,115,1,1,1,1
3212,290000000,228,345,90,60,1,1,1,1
3212,340000000,446,337,60,45,1,1,1,1
3212,220000000,647,337,280,65,1,1,1,1
3212,210000000,752,401,55,45,1,1,1,1
3213,380000000,-94,371,180,115,1,1,1,1
3213,290000000,227,345,90,60,1,1,1,1
3213,340000000,446,337,60,45,1,1,1,1
3213,220000000,647,337,280,65,1,1,1,1
3213,210000000,751,401,55,45,1,1,1,1
3214,380000000,-94,371,180,115,1,1,1,1
3214,290000000,227,345,90,60,1,1,1,1
3214,340000000,446,337,60,45,1,1,1,1
3214,220000000,647,337,280,65,1,1,1,1
3214,210000000,751,401,55,45,1,1,1,1
3215,380000000,-94,371,180,115,1,1,1,1
3215,290000000,227,345,90,60,1,1,1,1
3215,340000000,446,337,60,45,1,1,1,1
3215,220000000,647,337,280,65,1,1,1,1
3215,210000000,751,401,55,45,1,1,1,1
3216,380000000,-94,371,180,115,1,1,1,1
3216,290000000,227,345,90,60,1,1,1,1
3216,340000000,446,337,60,45,1,1,1,1
3216,220000000,647,337,280,65,1,1,1,1
3216,210000000,751,401,55,45,1,1,1,1
3217,380000000,-94,371,180,115,1,1,1,1
3217,290000000,227,345,90,60,1,1,1,1
3217,340000000,446,337,60,45,1,1,1,1
3217,220000000,647,337,280,65,1,1,1,1
3217,210000000,751,401,55,45,1,1,1,1
3218,380000000,-94,371,180,115,1,1,1,1
3218,290000000,227,345,90,60,1,1,1,1
3218,340000000,446,337,60,45,1,1,1,1
3218,220000000,647,337,280,65,1,1,1,1
3218,210000000,751,401,55,45,1,1,1,1
3219,380000000,-94,371,180,115,1,1,1,1
3219,290000000,227,345,90,60,1,1,1,1
3219,340000000,446,337,60,45,1,1,1,1
3219,220000000,647,337,280,65,1,1,1,1
3219,210000000,751,401,55,45,1,1,1,1
3220,380000000,-94,371,180,115,1,1,1,1
3220,290000000,227,345,90,60,1,1,1,1
3220,340000000,446,337,60,45,1,1,1,1
3220,220000000,647,337,280,65,1,1,1,1
3220,210000000,751,401,55,45,1,1,1,1
3221,380000000,-94,371,180,115,1,1,1,1
3221,290000000,227,345,90,60,1,1,1,1
3221,340000000,446,337,60,45,1,1,1,1
3221,220000000,647,337,280,65,1,1,1,1
3221,210000000,751,401,55,45,1,1,1,1
3222,380000000,-94,371,180,115,1,1,1,1
3222,290000000,227,345,90,60,1,1,1,1
3222,340000000,446,337,60,45,1,1,1,1
3222,220000000,647,337,280,65,1,1,1,1
3222,210000000,751,401,55,45,1,1,1,1
3223,380000000,-94,371,180,115,1,1,1,1
3223,290000000,227,345,90,60,1,1,1,1
3223,340000000,446,337,60,45,1,1,1,1
3223,220000000,647,337,280,65,1,1,1,1
3223,210000000,751,401,55,45,1,1,1,1
3224,380000000,-94,371,180,115,1,1,1,1
3224,290000000,227,345,90,60,1,1,1,1
3224,340000000,446,337,60,45,1,1,1,1
3224,220000000,647,337,280,65,1,1,1,1
3224,210000000,751,401,55,45,1,1,1,1
3225,380000000,-94,371,180,115,1,1,1,1
3225,290000000,227,345,90,60,1,1,1,1
3225,340000000,446,337,60,45,1,1,1,1
3225,220000000,647,337,280,65,1,1,1,1
3225,210000000,751,401,55,45,1,1,1,1
3226,380000000,-94,371,180,115,1,1,1,1
3226,290000000,227,345,90,60,1,1,1,1
3226,340000000,446,337,60,45,1,1,1,1
3226,220000000,647,337,280,65,1,1,1,1
3226,210000000,751,401,55,45,1,1,1,1
3227,380000000,-95,371,180,115,1,1,1,1
3227,290000000,227,345,90,60,1,1,1,1
3227,340000000,446,337,60,45,1,1,1,1
3227,220000000,647,337,280,65,1,1,1,1
3227,210000000,751,401,55,45,1,1,1,1
3228,380000000,-95,371,180,115,1,1,1,1
3228,290000000,227,345,90,60,1,1,1,1
3228,340000000,446,337,60,45,1,1,1,1
3228,220000000,647,337,280,65,1,1,1,1
3228,210000000,751,401,55,45,1,1,1,1
3229,380000000,-95,371,180,115,1,1,1,1
3229,290000000,227,345,90,60,1,1,1,1
3229,340000000,446,337,60,45,1,1,1,1
3229,220000000,647,337,280,65,1,1,1,1
3229,210000000,751,401,55,45,1,1,1,1
3230,380000000,-95,371,180,115,1,1,1,1
3230,290000000,227,345,90,60,1,1,1,1
3230,340000000,446,337,60,45,1,1,1,1
3230,220000000,647,337,280,65,1,1,1,1
3230,210000000,751,401,55,45,1,1,1,1
3231,380000000,-95,371,180,115,1,1,1,1
3231,290000000,227,345,90,60,1,1,1,1
3231,340000000,446,337,60,45,1,1,1,1
3231,220000000,647,337,280,65,1,1,1,1
3231,210000000,751,401,55,45,1,1,1,1
3232,380000000,-95,371,180,115,1,1,1,1
3232,290000000,227,345,90,60,1,1,1,1
3232,340000000,446,337,60,45,1,1,1,1
3232,220000000,647,337,280,65,1,1,1,1
3232,210000000,751,401,55,45,1,1,1,1
3233,380000000,-95,371,180,115,1,1,1,1
3233,290000000,227,345,90,60,1,1,1,1
3233,340000000,446,337,60,45,1,1,1,1
3233,220000000,647,337,280,65,1,1,1,1
3233,210000000,750,401,55,45,1,1,1,1
3234,380000000,-95,371,180,115,1,1,1,1
3234,290000000,227,345,90,60,1,1,1,1
3234,340000000,446,337,60,45,1,1,1,1
3234,220000000,647,337,280,65,1,1,1,1
3234,210000000,750,401,55,45,1,1,1,1
3235,380000000,-95,371,180,115,1,1,1,1
3235,290000000,227,345,90,60,1,1,1,1
3235,340000000,446,337,60,45,1,1,1,1
3235,220000000,647,337,280,65,1,1,1,1
3235,210000000,750,401,55,45,1,1,1,1
3236,380000000,-95,371,180,115,1,1,1,1
3236,290000000,227,345,90,60,1,1,1,1
3236,340000000,446,337,60,45,1,1,1,1
3236,220000000,647,337,280,65,1,1,1,1
3236,210000000,750,401,55,45,1,1,1,1
3237,380000000,-95,371,180,115,1,1,1,1
3237,290000000,227,345,90,60,1,1,1,1
3237,340000000,446,337,60,45,1,1,1,1
3237,220000000,647,337,280,65,1,1,1,1
3237,210000000,750,401,55,45,1,1,1,1
3238,380000000,-95,371,180,115,1,1,1,1
3238,290000000,227,345,90,60,1,1,1,1
3238,340000000,446,337,60,45,1,1,1,1
3238,220000000,647,337,280,65,1,1,1,1
3238,210000000,750,401,55,45,1,1,1,1
3239,380000000,-95,371,180,115,1,1,1,1
3239,290000000,227,345,90,60,1,1,1,1
3239,340000000,446,337,60,45,1,1,1,1
3239,220000000,647,337,280,65,1,1,1,1
3239,210000000,750,401,55,45,1,1,1,1
3240,380000000,-95,371,180,115,1,1,1,1
3240,290000000,227,345,90,60,1,1,1,1
3240,340000000,446,337,60,45,1,1,1,1
3240,220000000,647,337,280,65,1,1,1,1
3240,210000000,750,401,55,45,1,1,1,1
3241,380000000,-95,371,180,115,1,1,1,1
3241,290000000,227,345,90,60,1,1,1,1
3241,340000000,446,337,60,45,1,1,1,1
3241,220000000,647,337,280,65,1,1,1,1
3241,210000000,750,401,55,45,1,1,1,1
3242,380000000,-96,371,180,115,1,1,1,1
3242,290000000,227,345,90,60,1,1,1,1
3242,340000000,446,337,60,45,1,1,1,1
3242,220000000,647,337,280,65,1,1,1,1
3242,210000000,750,401,55,45,1,1,1,1
3243,380000000,-96,371,180,115,1,1,1,1
3243,290000000,226,345,90,60,1,1,1,1
3243,340000000,445,337,60,45,1,1,1,1
3243,220000000,647,337,280,65,1,1,1,1
3243,210000000,750,401,55,45,1,1,1,1
3244,380000000,-96,371,180,115,1,1,1,1
3244,290000000,226,345,90,60,1,1,1,1
3244,340000000,445,337,60,45,1,1,1,1
3244,220000000,647,337,280,65,1,1,1,1
3244,210000000,750,401,55,45,1,1,1,1
3245,380000000,-96,371,180,115,1,1,1,1
3245,290000000,226,345,90,60,1,1,1,1
3245,340000000,445,337,60,45,1,1,1,1
3245,220000000,647,337,280,65,1,1,1,1
3245,210000000,750,401,55,45,1,1,1,1
3246,380000000,-96,371,180,115,1,1,1,1
3246,290000000,226,345,90,60,1,1,1,1
3246,340000000,445,337,60,45,1,1,1,1
3246,220000000,647,337,280,65,1,1,1,1
3246,210000000,750,401,55,45,1,1,1,1
3247,380000000,-96,371,180,115,1,1,1,1
3247,290000000,226,345,90,60,1,1,1,1
3247,340000000,445,337,60,45,1,1,1,1
3247,220000000,647,337,280,65,1,1,1,1
3247,210000000,750,401,55,45,1,1,1,1
3248,380000000,-96,371,180,115,1,1,1,1
3248,290000000,226,345,90,60,1,1,1,1
3248,340000000,445,337,60,45,1,1,1,1
3248,220000000,647,337,280,65,1,1,1,1
3248,210000000,750,401,55,45,1,1,1,1
3249,380000000,-96,371,180,115,1,1,1,1
3249,290000000,226,345,90,60,1,1,1,1
3249,340000000,445,337,60,45,1,1,1,1
3249,220000000,647,337,280,65,1,1,1,1
3249,210000000,750,401,55,45,1,1,1,1
3250,380000000,-96,371,180,115,1,1,1,1
3250,290000000,226,345,90,60,1,1,1,1
3250,340000000,445,337,60,45,1,1,1,1
3250,220000000,647,337,280,65,1,1,1,1
3250,210000000,750,401,55,45,1,1,1,1
3251,380000000,-96,371,180,115,1,1,1,1
3251,290000000,226,345,90,60,1,1,1,1
3251,340000000,445,337,60,45,1,1,1,1
3251,220000000,647,337,280,65,1,1,1,1
3251,210000000,750,401,55,45,1,1,1,1
3252,380000000,-96,371,180,115,1,1,1,1
3252,290000000,226,345,90,60,1,1,1,1
3252,340000000,445,337,60,45,1,1,1,1
3252,220000000,647,337,280,65,1,1,1,1
3252,210000000,750,401,55,45,1,1,1,1
3253,380000000,-96,371,180,115,1,1,1,1
3253,290000000,226,345,90,60,1,1,1,1
3253,340000000,445,337,60,45,1,1,1,1
3253,220000000,647,337,280,65,1,1,1,1
3253,210000000,749,401,55,45,1,1,1,1
3254,380000000,-96,371,180,115,1,1,1,1
3254,290000000,226,345,90,60,1,1,1,1
3254,340000000,445,337,60,45,1,1,1,1
3254,220000000,647,337,280,65,1,1,1,1
3254,210000000,749,401,55,45,1,1,1,1
3255,380000000,-96,371,180,115,1,1,1,1
3255,290000000,226,345,90,60,1,1,1,1
3255,340000000,445,337,60,45,1,1,1,1
3255,220000000,647,337,280,65,1,1,1,1
3255,210000000,749,401,55,45,1,1,1,1
3256,380000000,-96,371,180,115,1,1,1,1
3256,290000000,226,345,90,60,1,1,1,1
3256,340000000,445,337,60,45,1,1,1,1
3256,220000000,647,337,280,65,1,1,1,1
3256,210000000,749,401,55,45,1,1,1,1
3257,380000000,-97,371,180,115,1,1,1,1
3257,290000000,226,345,90,60,1,1,1,1
3257,340000000,445,337,60,45,1,1,1,1
3257,220000000,647,337,280,65,1,1,1,1
3257,210000000,749,401,55,45,1,1,1,1
3258,380000000,-97,371,180,115,1,1,1,1
3258,290000000,226,345,90,60,1,1,1,1
3258,340000000,445,337,60,45,1,1,1,1
3258,220000000,647,337,280,65,1,1,1,1
3258,210000000,749,401,55,45,1,1,1,1
3259,380000000,-97,371,180,115,1,1,1,1
3259,290000000,226,345,90,60,1,1,1,1
3259,340000000,445,337,60,45,1,1,1,1
3259,220000000,647,337,280,65,1,1,1,1
3259,210000000,749,401,55,45,1,1,1,1
3260,380000000,-97,371,180,115,1,1,1,1
3260,290000000,226,345,90,60,1,1,1,1
3260,340000000,445,337,60,45,1,1,1,1
3260,220000000,647,337,280,65,1,1,1,1
3260,210000000,749,401,55,45,1,1,1,1
3261,380000000,-97,371,180,115,1,1,1,1
3261,290000000,226,345,90,60,1,1,1,1
3261,340000000,445,337,60,45,1,1,1,1
3261,220000000,647,337,280,65,1,1,1,1
3261,210000000,749,401,55,45,1,1,1,1
3262,380000000,-97,371,180,115,1,1,1,1
3262,290000000,226,345,90,60,1,1,1,1
3262,340000000,445,337,60,45,1,1,1,1
3262,220000000,647,337,280,65,1,1,1,1
3262,210000000,749,401,55,45,1,1,1,1
3263,380000000,-97,371,180,115,1,1,1,1
3263,290000000,226,345,90,60,1,1,1,1
3263,340000000,445,337,60,45,1,1,1,1
3263,220000000,647,337,280,65,1,1,1,1
3263,210000000,749,401,55,45,1,1,1,1
3264,380000000,-97,371,180,115,1,1,1,1
3264,290000000,226,345,90,60,1,1,1,1
3264,340000000,445,337,60,45,1,1,1,1
3264,220000000,647,337,280,65,1,1,1,1
3264,210000000,749,401,55,45,1,1,1,1
3265,380000000,-97,371,180,115,1,1,1,1
3265,290000000,226,345,90,60,1,1,1,1
3265,340000000,445,337,60,45,1,1,1,1
3265,220000000,647,337,280,65,1,1,1,1
3265,210000000,749,401,55,45,1,1,1,1
3266,380000000,-97,371,180,115,1,1,1,1
3266,290000000,226,345,90,60,1,1,1,1
3266,340000000,445,337,60,45,1,1,1,1
3266,220000000,647,337,280,65,1,1,1,1
3266,210000000,749,401,55,45,1,1,1,1
3267,380000000,-97,371,180,115,1,1,1,1
3267,290000000,226,345,90,60,1,1,1,1
3267,340000000,445,337,60,45,1,1,1,1
3267,220000000,647,337,280,65,1,1,1,1
3267,210000000,749,401,55,45,1,1,1,1
3268,380000000,-97,371,180,115,1,1,1,1
3268,290000000,226,345,90,60,1,1,1,1
3268,340000000,445,337,60,45,1,1,1,1
3268,220000000,647,337,280,65,1,1,1,1
3268,210000000,749,401,55,45,1,1,1,1
3269,380000000,-97,371,180,115,1,1,1,1
3269,290000000,226,345,90,60,1,1,1,1
3269,340000000,445,337,60,45,1,1,1,1
3269,220000000,647,337,280,65,1,1,1,1
3269,210000000,749,401,55,45,1,1,1,1
3270,380000000,-97,371,180,115,1,1,1,1
3270,290000000,226,345,90,60,1,1,1,1
3270,340000000,445,337,60,45,1,1,1,1
3270,220000000,647,337,280,65,1,1,1,1
3270,210000000,749,401,55,45,1,1,1,1
3271,380000000,-97,371,180,115,1,1,1,1
3271,290000000,226,345,90,60,1,1,1,1
3271,340000000,445,337,60,45,1,1,1,1
3271,220000000,647,337,280,65,1,1,1,1
3271,210000000,749,401,55,45,1,1,1,1
3272,380000000,-98,372,180,115,1,1,1,1
3272,290000000,226,345,90,60,1,1,1,1
3272,340000000,445,337,60,45,1,1,1,1
3272,220000000,647,337,280,65,1,1,1,1
3272,210000000,749,402,55,45,1,1,1,1
3273,380000000,-98,372,180,115,1,1,1,1
3273,290000000,225,345,90,60,1,1,1,1
3273,340000000,445,337,60,45,1,1,1,1
3273,220000000,647,337,280,65,1,1,1,1
3273,210000000,748,402,55,45,1,1,1,1
3274,380000000,-98,372,180,115,1,1,1,1
3274,290000000,225,345,90,60,1,1,1,1
3274,340000000,445,337,60,45,1,1,1,1
3274,220000000,647,337,280,65,1,1,1,1
3274,210000000,748,402,55,45,1,1,1,1
3275,380000000,-98,372,180,115,1,1,1,1
3275,290000000,225,345,90,60,1,1,1,1
3275,340000000,445,337,60,45,1,1,1,1
3275,220000000,647,337,280,65,1,1,1,1
3275,210000000,748,402,55,45,1,1,1,1
3276,380000000,-98,372,180,115,1,1,1,1
3276,290000000,225,345,90,60,1,1,1,1
3276,340000000,445,337,60,45,1,1,1,1
3276,220000000,647,337,280,65,1,1,1,1
3276,210000000,748,402,55,45,1,1,1,1
3277,380000000,-98,372,180,115,1,1,1,1
3277,290000000,225,345,90,60,1,1,1,1
3277,340000000,445,337,60,45,1,1,1,1
3277,220000000,647,337,280,65,1,1,1,1
3277,210000000,748,402,55,45,1,1,1,1
3278,380000000,-98,372,180,115,1,1,1,1
3278,290000000,225,345,90,60,1,1,1,1
3278,340000000,445,337,60,45,1,1,1,1
3278,220000000,647,337,280,65,1,1,1,1
3278,210000000,748,402,55,45,1,1,1,1
3279,380000000,-98,372,180,115,1,1,1,1
3279,290000000,225,345,90,60,1,1,1,1
3279,340000000,445,337,60,45,1,1,1,1
3279,220000000,647,337,280,65,1,1,1,1
3279,210000000,748,402,55,45,1,1,1,1
3280,380000000,-98,372,180,115,1,1,1,1
3280,290000000,225,345,90,60,1,1,1,1
3280,340000000,445,337,60,45,1,1,1,1
3280,220000000,647,337,280,65,1,1,1,1
3280,210000000,748,402,55,45,1,1,1,1
3281,380000000,-98,372,180,115,1,1,1,1
3281,290000000,225,345,90,60,1,1,1,1
3281,340000000,445,337,60,45,1,1,1,1
3281,220000000,647,337,280,65,1,1,1,1
3281,210000000,748,402,55,45,1,1,1,1
3282,380000000,-98,372,180,115,1,1,1,1
3282,290000000,225,345,90,60,1,1,1,1
3282,340000000,445,337,60,45,1,1,1,1
3282,220000000,647,337,280,65,1,1,1,1
3282,210000000,748,402,55,45,1,1,1,1
3283,380000000,-98,372,180,115,1,1,1,1
3283,290000000,225,345,90,60,1,1,1,1
3283,340000000,445,337,60,45,1,1,1,1
3283,220000000,647,337,280,65,1,1,1,1
3283,210000000,748,402,55,45,1,1,1,1
3284,380000000,-98,372,180,115,1,1,1,1
3284,290000000,225,345,90,60,1,1,1,1
3284,340000000,445,337,60,45,1,1,1,1
3284,220000000,647,337,280,65,1,1,1,1
3284,210000000,748,402,55,45,1,1,1,1
3285,380000000,-98,372,180,115,1,1,1,1
3285,290000000,225,345,90,60,1,1,1,1
3285,340000000,445,337,60,45,1,1,1,1
3285,220000000,647,337,280,65,1,1,1,1
3285,210000000,748,402,55,45,1,1,1,1
3286,380000000,-98,372,180,115,1,1,1,1
3286,290000000,225,345,90,60,1,1,1,1
3286,340000000,445,337,60,45,1,1,1,1
3286,220000000,647,337,280,65,1,1,1,1
3286,210000000,748,402,55,45,1,1,1,1
3287,380000000,-99,372,180,115,1,1,1,1
3287,290000000,225,345,90,60,1,1,1,1
3287,340000000,445,337,60,45,1,1,1,1
3287,220000000,647,337,280,65,1,1,1,1
3287,210000000,748,402,55,45,1,1,1,1
3288,380000000,-99,372,180,115,1,1,1,1
3288,290000000,225,345,90,60,1,1,1,1
3288,340000000,445,337,60,45,1,1,1,1
3288,220000000,647,337,280,65,1,1,1,1
3288,210000000,748,402,55,45,1,1,1,1
3289,380000000,-99,372,180,115,1,1,1,1
3289,290000000,225,345,90,60,1,1,1,1
3289,340000000,445,337,60,45,1,1,1,1
3289,220000000,647,337,280,65,1,1,1,1
3289,210000000,748,402,55,45,1,1,1,1
3290,380000000,-99,372,180,115,1,1,1,1
3290,290000000,225,345,90,60,1,1,1,1
3290,340000000,445,337,60,45,1,1,1,1
3290,220000000,647,337,280,65,1,1,1,1
3290,210000000,748,402,55,45,1,1,1,1
3291,380000000,-99,372,180,115,1,1,1,1
3291,290000000,225,345,90,60,1,1,1,1
3291,340000000,445,337,60,45,1,1,1,1
3291,220000000,647,337,280,65,1,1,1,1
3291,210000000,748,402,55,45,1,1,1,1
3292,380000000,-99,372,180,115,1,1,1,1
3292,290000000,225,345,90,60,1,1,1,1
3292,340000000,445,337,60,45,1,1,1,1
3292,220000000,647,337,280,65,1,1,1,1
3292,210000000,748,402,55,45,1,1,1,1
3293,380000000,-99,372,180,115,1,1,1,1
3293,290000000,225,345,90,60,1,1,1,1
3293,340000000,445,337,60,45,1,1,1,1
3293,220000000,647,337,280,65,1,1,1,1
3293,210000000,747,402,55,45,1,1,1,1
3294,380000000,-99,372,180,115,1,1,1,1
3294,290000000,225,345,90,60,1,1,1,1
3294,340000000,445,337,60,45,1,1,1,1
3294,220000000,647,337,280,65,1,1,1,1
3294,210000000,747,402,55,45,1,1,1,1
3295,380000000,-99,372,180,115,1,1,1,1
3295,290000000,225,345,90,60,1,1,1,1
3295,340000000,445,337,60,45,1,1,1,1
3295,220000000,647,337,280,65,1,1,1,1
3295,210000000,747,402,55,45,1,1,1,1
3296,380000000,-99,372,180,115,1,1,1,1
3296,290000000,225,345,90,60,1,1,1,1
3296,340000000,445,337,60,45,1,1,1,1
3296,220000000,647,337,280,65,1,1,1,1
3296,210000000,747,402,55,45,1,1,1,1
3297,380000000,-99,372,180,115,1,1,1,1
3297,290000000,225,345,90,60,1,1,1,1
3297,340000000,445,337,60,45,1,1,1,1
3297,220000000,647,337,280,65,1,1,1,1
3297,210000000,747,402,55,45,1,1,1,1
3298,380000000,-99,372,180,115,1,1,1,1
3298,290000000,225,345,90,60,1,1,1,1
3298,340000000,445,337,60,45,1,1,1,1
3298,220000000,647,337,280,65,1,1,1,1
3298,210000000,747,402,55,45,1,1,1,1
3299,380000000,-99,372,180,115,1,1,1,1
3299,290000000,225,345,90,60,1,1,1,1
3299,340000000,445,337,60,45,1,1,1,1
3299,220000000,647,337,280,65,1,1,1,1
3299,210000000,747,402,55,45,1,1,1,1
3300,380000000,-99,372,180,115,1,1,1,1
3300,290000000,225,345,90,60,1,1,1,1
3300,340000000,445,337,60,45,1,1,1,1
3300,220000000,647,337,280,65,1,1,1,1
3300,210000000,747,402,55,45,1,1,1,1
3301,380000000,-99,372,180,115,1,1,1,1
3301,290000000,225,345,90,60,1,1,1,1
3301,340000000,445,337,60,45,1,1,1,1
3301,220000000,647,337,280,65,1,1,1,1
3301,210000000,747,402,55,45,1,1,1,1
3302,380000000,-100,372,180,115,1,1,1,1
3302,290000000,225,345,90,60,1,1,1,1
3302,340000000,445,337,60,45,1,1,1,1
3302,220000000,647,337,280,65,1,1,1,1
3302,210000000,747,402,55,45,1,1,1,1
3303,380000000,-100,372,180,115,1,1,1,1
3303,290000000,224,345,90,60,1,1,1,1
3303,340000000,444,337,60,45,1,1,1,1
3303,220000000,646,337,280,65,1,1,1,1
3303,210000000,747,402,55,45,1,1,1,1
3304,380000000,-100,372,180,115,1,1,1,1
3304,290000000,224,345,90,60,1,1,1,1
3304,340000000,444,337,60,45,1,1,1,1
3304,220000000,646,337,280,65,1,1,1,1
3304,210000000,747,402,55,45,1,1,1,1
3305,380000000,-100,372,180,115,1,1,1,1
3305,290000000,224,345,90,60,1,1,1,1
3305,340000000,444,337,60,45,1,1,1,1
3305,220000000,646,337,280,65,1,1,1,1
3305,210000000,747,402,55,45,1,1,1,1
3306,380000000,-100,372,180,115,1,1,1,1
3306,290000000,224,345,90,60,1,1,1,1
3306,340000000,444,337,60,45,1,1,1,1
3306,220000000,646,337,280,65,1,1,1,1
3306,210000000,747,402,55,45,1,1,1,1
3307,380000000,-100,372,180,115,1,1,1,1
3307,290000000,224,345,90,60,1,1,1,1
3307,340000000,444,337,60,45,1,1,1,1
3307,220000000,646,337,280,65,1,1,1,1
3307,210000000,747,402,55,45,1,1,1,1
3308,380000000,-100,372,180,115,1,1,1,1
3308,290000000,224,345,90,60,1,1,1,1
3308,340000000,444,337,60,45,1,1,1,1
3308,220000000,646,337,280,65,1,1,1,1
3308,210000000,747,402,55,45,1,1,1,1
3309,380000000,-100,372,180,115,1,1,1,1
3309,290000000,224,345,90,60,1,1,1,1
3309,340000000,444,337,60,45,1,1,1,1
3309,220000000,646,337,280,65,1,1,1,1
3309,210000000,747,402,55,45,1,1,1,1
3310,380000000,-100,372,180,115,1,1,1,1
3310,290000000,224,345,90,60,1,1,1,1
3310,340000000,444,337,60,45,1,1,1,1
3310,220000000,646,337,280,65,1,1,1,1
3310,210000000,747,402,55,45,1,1,1,1
3311,380000000,-100,372,180,115,1,1,1,1
3311,290000000,224,345,90,60,1,1,1,1
3311,340000000,444,337,60,45,1,1,1,1
3311,220000000,646,337,280,65,1,1,1,1
3311,210000000,747,402,55,45,1,1,1,1
3312,380000000,-100,372,180,115,1,1,1,1
3312,290000000,224,345,90,60,1,1,1,1
3312,340000000,444,337,60,45,1,1,1,1
3312,220000000,646,337,280,65,1,1,1,1
3312,210000000,747,402,55,45,1,1,1,1
3313,380000000,-100,372,180,115,1,1,1,1
3313,290000000,224,345,90,60,1,1,1,1
3313,340000000,444,337,60,45,1,1,1,1
3313,220000000,646,337,280,65,1,1,1,1
3313,210000000,746,402,55,45,1,1,1,1
3314,380000000,-100,372,180,115,1,1,1,1
3314,290000000,224,345,90,60,1,1,1,1
3314,340000000,444,337,60,45,1,1,1,1
3314,220000000,646,337,280,65,1,1,1,1
3314,210000000,746,402,55,45,1,1,1,1
3315,380000000,-100,372,180,115,1,1,1,1
3315,290000000,224,345,90,60,1,1,1,1
3315,340000000,444,337,60,45,1,1,1,1
3315,220000000,646,337,280,65,1,1,1,1
3315,210000000,746,402,55,45,1,1,1,1
3316,380000000,-100,372,180,115,1,1,1,1
3316,290000000,224,345,90,60,1,1,1,1
3316,340000000,444,337,60,45,1,1,1,1
3316,220000000,646,337,280,65,1,1,1,1
3316,210000000,746,402,55,45,1,1,1,1
3317,380000000,-101,372,180,115,1,1,1,1
3317,290000000,224,345,90,60,1,1,1,1
3317,340000000,444,337,60,45,1,1,1,1
3317,220000000,646,337,280,65,1,1,1,1
3317,210000000,746,402,55,45,1,1,1,1
3318,380000000,-101,372,180,115,1,1,1,1
3318,290000000,224,345,90,60,1,1,1,1
3318,340000000,444,337,60,45,1,1,1,1
3318,220000000,646,337,280,65,1,1,1,1
3318,210000000,746,402,55,45,1,1,1,1
3319,380000000,-101,372,180,115,1,1,1,1
3319,290000000,224,345,90,60,1,1,1,1
3319,340000000,444,337,60,45,1,1,1,1
3319,220000000,646,337,280,65,1,1,1,1
3319,210000000,746,402,55,45,1,1,1,1
3320,380000000,-101,372,180,115,1,1,1,1
3320,290000000,224,345,90,60,1,1,1,1
3320,340000000,444,337,60,45,1,1,1,1
3320,220000000,646,337,280,65,1,1,1,1
3320,210000000,746,402,55,45,1,1,1,1
3321,380000000,-101,372,180,115,1,1,1,1
3321,290000000,224,345,90,60,1,1,1,1
3321,340000000,444,337,60,45,1,1,1,1
3321,220000000,646,337,280,65,1,1,1,1
3321,210000000,746,402,55,45,1,1,1,1
3322,380000000,-101,372,180,115,1,1,1,1
3322,290000000,224,345,90,60,1,1,1,1
3322,340000000,444,337,60,45,1,1,1,1
3322,220000000,646,337,280,65,1,1,1,1
3322,210000000,746,402,55,45,1,1,1,1
3323,380000000,-101,372,180,115,1,1,1,1
3323,290000000,224,345,90,60,1,1,1,1
3323,340000000,444,337,60,45,1,1,1,1
3323,220000000,646,337,280,65,1,1,1,1
3323,210000000,746,402,55,45,1,1,1,1
3324,380000000,-101,372,180,115,1,1,1,1
3324,290000000,224,345,90,60,1,1,1,1
3324,340000000,444,337,60,45,1,1,1,1
3324,220000000,646,337,280,65,1,1,1,1
3324,210000000,746,402,55,45,1,1,1,1
3325,380000000,-101,372,180,115,1,1,1,1
3325,290000000,224,345,90,60,1,1,1,1
3325,340000000,444,337,60,45,1,1,1,1
3325,220000000,646,337,280,65,1,1,1,1
3325,210000000,746,402,55,45,1,1,1,1
3326,380000000,-101,372,180,115,1,1,1,1
3326,290000000,224,345,90,60,1,1,1,1
3326,340000000,444,337,60,45,1,1,1,1
3326,220000000,646,337,280,65,1,1,1,1
3326,210000000,746,402,55,45,1,1,1,1
3327,380000000,-101,372,180,115,1,1,1,1
3327,290000000,224,345,90,60,1,1,1,1
3327,340000000,444,337,60,45,1,1,1,1
3327,220000000,646,337,280,65,1,1,1,1
3327,210000000,746,402,55,45,1,1,1,1
3328,380000000,-101,372,180,115,1,1,1,1
3328,290000000,224,345,90,60,1,1,1,1
3328,340000000,444,337,60,45,1,1,1,1
3328,220000000,646,337,280,65,1,1,1,1
3328,210000000,746,402,55,45,1,1,1,1
3329,380000000,-101,372,180,115,1,1,1,1
3329,290000000,224,345,90,60,1,1,1,1
3329,340000000,444,337,60,45,1,1,1,1
3329,220000000,646,337,280,65,1,1,1,1
3329,210000000,746,402,55,45,1,1,1,1
3330,380000000,-101,372,180,115,1,1,1,1
3330,290000000,224,345,90,60,1,1,1,1
3330,340000000,444,337,60,45,1,1,1,1
3330,220000000,646,337,280,65,1,1,1,1
3330,210000000,746,402,55,45,1,1,1,1
3331,380000000,-101,372,180,115,1,1,1,1
3331,290000000,224,345,90,60,1,1,1,1
3331,340000000,444,337,60,45,1,1,1,1
3331,220000000,646,337,280,65,1,1,1,1
3331,210000000,746,402,55,45,1,1,1,1
3332,380000000,-102,373,180,115,1,1,1,1
3332,290000000,224,345,90,60,1,1,1,1
3332,340000000,444,337,60,45,1,1,1,1
3332,220000000,646,337,280,65,1,1,1,1
3332,210000000,746,403,55,45,1,1,1,1
3333,380000000,-102,373,180,115,1,1,1,1
3333,290000000,223,345,90,60,1,1,1,1
3333,340000000,444,337,60,45,1,1,1,1
3333,220000000,646,337,280,65,1,1,1,1
3333,210000000,745,403,55,45,1,1,1,1
3334,380000000,-102,373,180,115,1,1,1,1
3334,290000000,223,345,90,60,1,1,1,1
3334,340000000,444,337,60,45,1,1,1,1
3334,220000000,646,337,280,65,1,1,1,1
3334,210000000,745,403,55,45,1,1,1,1
3335,380000000,-102,373,180,115,1,1,1,1
3335,290000000,223,345,90,60,1,1,1,1
3335,340000000,444,337,60,45,1,1,1,1
3335,220000000,646,337,280,65,1,1,1,1
3335,210000000,745,403,55,45,1,1,1,1
3336,380000000,-102,373,180,115,1,1,1,1
3336,290000000,223,345,90,60,1,1,1,1
3336,340000000,444,337,60,45,1,1,1,1
3336,220000000,646,337,280,65,1,1,1,1
3336,210000000,745,403,55,45,1,1,1,1
3337,380000000,-102,373,180,115,1,1,1,1
3337,290000000,223,345,90,60,1,1,1,1
3337,340000000,444,337,60,45,1,1,1,1
3337,220000000,646,337,280,65,1,1,1,1
3337,210000000,745,403,55,45,1,1,1,1
3338,380000000,-102,373,180,115,1,1,1,1
3338,290000000,223,345,90,60,1,1,1,1
3338,340000000,444,337,60,45,1,1,1,1
3338,220000000,646,337,280,65,1,1,1,1
3338,210000000,745,403,55,45,1,1,1,1
3339,380000000,-102,373,180,115,1,1,1,1
3339,290000000,223,345,90,60,1,1,1,1
3339,340000000,444,337,60,45,1,1,1,1
3339,220000000,646,337,280,65,1,1,1,1
3339,210000000,745,403,55,45,1,1,1,1
3340,380000000,-102,373,180,115,1,1,1,1
3340,290000000,223,345,90,60,1,1,1,1
3340,340000000,444,337,60,45,1,1,1,1
3340,220000000,646,337,280,65,1,1,1,1
3340,210000000,745,403,55,45,1,1,1,1
3341,380000000,-102,373,180,115,1,1,1,1
3341,290000000,223,345,90,60,1,1,1,1
3341,340000000,444,337,60,45,1,1,1,1
3341,220000000,646,337,280,65,1,1,1,1
3341,210000000,745,403,55,45,1,1,1,1
3342,380000000,-102,373,180,115,1,1,1,1
3342,290000000,223,345,90,60,1,1,1,1
3342,340000000,444,337,60,45,1,1,1,1
3342,220000000,646,337,280,65,1,1,1,1
3342,210000000,745,403,55,45,1,1,1,1
3343,380000000,-102,373,180,115,1,1,1,1
3343,290000000,223,345,90,60,1,1,1,1
3343,340000000,444,337,60,45,1,1,1,1
3343,220000000,646,337,280,65,1,1,1,1
3343,210000000,745,403,55,45,1,1,1,1
3344,380000000,-102,373,180,115,1,1,1,1
3344,290000000,223,345,90,60,1,1,1,1
3344,340000000,444,337,60,45,1,1,1,1
3344,220000000,646,337,280,65,1,1,1,1
3344,210000000,745,403,55,45,1,1,1,1
3345,380000000,-102,373,180,115,1,1,1,1
3345,290000000,223,345,90,60,1,1,1,1
3345,340000000,444,337,60,45,1,1,1,1
3345,220000000,646,337,280,65,1,1,1,1
3345,210000000,745,403,55,45,1,1,1,1
3346,380000000,-102,373,180,115,1,1,1,1
3346,290000000,223,345,90,60,1,1,1,1
3346,340000000,444,337,60,45,1,1,1,1
3346,220000000,646,337,280,65,1,1,1,1
3346,210000000,745,403,55,45,1,1,1,1
3347,380000000,-103,373,180,115,1,1,1,1
3347,290000000,223,345,90,60,1,1,1,1
3347,340000000,444,337,60,45,1,1,1,1
3347,220000000,646,337,280,65,1,1,1,1
3347,210000000,745,403,55,45,1,1,1,1
3348,380000000,-103,373,180,115,1,1,1,1
3348,290000000,223,345,90,60,1,1,1,1
3348,340000000,444,337,60,45,1,1,1,1
3348,220000000,646,337,280,65,1,1,1,1
3348,210000000,745,403,55,45,1,1,1,1
3349,380000000,-103,373,180,115,1,1,1,1
3349,290000000,223,345,90,60,1,1,1,1
3349,340000000,444,337,60,45,1,1,1,1
3349,220000000,646,337,280,65,1,1,1,1
3349,210000000,745,403,55,45,1,1,1,1
3350,380000000,-103,373,180,115,1,1,1,1
3350,290000000,223,345,90,60,1,1,1,1
3350,340000000,444,337,60,45,1,1,1,1
3350,220000000,646,337,280,65,1,1,1,1
3350,210000000,745,403,55,45,1,1,1,1
3351,380000000,-103,373,180,115,1,1,1,1
3351,290000000,223,345,90,60,1,1,1,1
3351,340000000,444,337,60,45,1,1,1,1
3351,220000000,646,337,280,65,1,1,1,1
3351,210000000,745,403,55,45,1,1,1,1
3352,380000000,-103,373,180,115,1,1,1,1
3352,290000000,223,345,90,60,1,1,1,1
3352,340000000,444,337,60,45,1,1,1,1
3352,220000000,646,337,280,65,1,1,1,1
3352,210000000,745,403,55,45,1,1,1,1
3353,380000000,-103,373,180,115,1,1,1,1
3353,290000000,223,345,90,60,1,1,1,1
3353,340000000,444,337,60,45,1,1,1,1
3353,220000000,646,337,280,65,1,1,1,1
3353,210000000,744,403,55,45,1,1,1,1
3354,380000000,-103,373,180,115,1,1,1,1
3354,290000000,223,345,90,60,1,1,1,1
3354,340000000,444,337,60,45,1,1,1,1
3354,220000000,646,337,280,65,1,1,1,1
3354,210000000,744,403,55,45,1,1,1,1
3355,380000000,-103,373,180,115,1,1,1,1
3355,290000000,223,345,90,60,1,1,1,1
3355,340000000,444,337,60,45,1,1,1,1
3355,220000000,646,337,280,65,1,1,1,1
3355,210000000,744,403,55,45,1,1,1,1
3356,380000000,-103,373,180,115,1,1,1,1
3356,290000000,223,345,90,60,1,1,1,1
3356,340000000,444,337,60,45,1,1,1,1
3356,220000000,646,337,280,65,1,1,1,1
3356,210000000,744,403,55,45,1,1,1,1
3357,380000000,-103,373,180,115,1,1,1,1
3357,290000000,223,345,90,60,1,1,1,1
3357,340000000,444,337,60,45,1,1,1,1
3357,220000000,646,337,280,65,1,1,1,1
3357,210000000,744,403,55,45,1,1,1,1
3358,380000000,-103,373,180,115,1,1,1,1
3358,290000000,223,345,90,60,1,1,1,1
3358,340000000,444,337,60,45,1,1,1,1
3358,220000000,646,337,280,65,1,1,1,1
3358,210000000,744,403,55,45,1,1,1,1
3359,380000000,-103,373,180,115,1,1,1,1
3359,290000000,223,345,90,60,1,1,1,1
3359,340000000,444,337,60,45,1,1,1,1
3359,220000000,646,337,280,65,1,1,1,1
3359,210000000,744,403,55,45,1,1,1,1
3360,380000000,-103,373,180,115,1,1,1,1
3360,290000000,223,345,90,60,1,1,1,1
3360,340000000,444,337,60,45,1,1,1,1
3360,220000000,646,337,280,65,1,1,1,1
3360,210000000,744,403,55,45,1,1,1,1
3361,380000000,-103,373,180,115,1,1,1,1
3361,290000000,223,345,90,60,1,1,1,1
3361,340000000,444,337,60,45,1,1,1,1
3361,220000000,646,337,280,65,1,1,1,1
3361,210000000,744,403,55,45,1,1,1,1
3362,380000000,-104,373,180,115,1,1,1,1
3362,290000000,223,345,90,60,1,1,1,1
3362,340000000,444,337,60,45,1,1,1,1
3362,220000000,646,337,280,65,1,1,1,1
3362,210000000,744,403,55,45,1,1,1,1
3363,380000000,-104,373,180,115,1,1,1,1
3363,290000000,222,345,90,60,1,1,1,1
3363,340000000,443,337,60,45,1,1,1,1
3363,220000000,646,337,280,65,1,1,1,1
3363,210000000,744,403,55,45,1,1,1,1
3364,380000000,-104,373,180,115,1,1,1,1
3364,290000000,222,345,90,60,1,1,1,1
3364,340000000,443,337,60,45,1,1,1,1
3364,220000000,646,337,280,65,1,1,1,1
3364,210000000,744,403,55,45,1,1,1,1
3365,380000000,-104,373,180,115,1,1,1,1
3365,290000000,222,345,90,60,1,1,1,1
3365,340000000,443,337,60,45,1,1,1,1
3365,220000000,646,337,280,65,1,1,1,1
3365,210000000,744,403,55,45,1,1,1,1
3366,380000000,-104,373,180,115,1,1,1,1
3366,290000000,222,345,90,60,1,1,1,1
3366,340000000,443,337,60,45,1,1,1,1
3366,220000000,646,337,280,65,1,1,1,1
3366,210000000,744,403,55,45,1,1,1,1
3367,380000000,-104,373,180,115,1,1,1,1
3367,290000000,222,345,90,60,1,1,1,1
3367,340000000,443,337,60,45,1,1,1,1
3367,220000000,646,337,280,65,1,1,1,1
3367,210000000,744,403,55,45,1,1,1,1
3368,380000000,-104,373,180,115,1,1,1,1
3368,290000000,222,345,90,60,1,1,1,1
3368,340000000,443,337,60,45,1,1,1,1
3368,220000000,646,337,280,65,1,1,1,1
3368,210000000,744,403,55,45,1,1,1,1
3369,380000000,-104,373,180,115,1,1,1,1
3369,290000000,222,345,90,60,1,1,1,1
3369,340000000,443,337,60,45,1,1,1,1
3369,220000000,646,337,280,65,1,1,1,1
3369,210000000,744,403,55,45,1,1,1,1
3370,380000000,-104,373,180,115,1,1,1,1
3370,290000000,222,345,90,60,1,1,1,1
3370,340000000,443,337,60,45,1,1,1,1
3370,220000000,646,337,280,65,1,1,1,1
3370,210000000,744,403,55,45,1,1,1,1
3371,380000000,-104,373,180,115,1,1,1,1
3371,290000000,222,345,90,60,1,1,1,1
3371,340000000,443,337,60,45,1,1,1,1
3371,220000000,646,337,280,65,1,1,1,1
3371,210000000,744,403,55,45,1,1,1,1
3372,380000000,-104,373,180,115,1,1,1,1
3372,290000000,222,345,90,60,1,1,1,1
3372,340000000,443,337,60,45,1,1,1,1
3372,220000000,646,337,280,65,1,1,1,1
3372,210000000,744,403,55,45,1,1,1,1
3373,380000000,-104,373,180,115,1,1,1,1
3373,290000000,222,345,90,60,1,1,1,1
3373,340000000,443,337,60,45,1,1,1,1
3373,220000000,646,337,280,65,1,1,1,1
3373,210000000,743,403,55,45,1,1,1,1
3374,380000000,-104,373,180,115,1,1,1,1
3374,290000000,222,345,90,60,1,1,1,1
3374,340000000,443,337,60,45,1,1,1,1
3374,220000000,646,337,280,65,1,1,1,1
3374,210000000,743,403,55,45,1,1,1,1
3375,380000000,-104,373,180,115,1,1,1,1
3375,290000000,222,345,90,60,1,1,1,1
3375,340000000,443,337,60,45,1,1,1,1
3375,220000000,646,337,280,65,1,1,1,1
3375,210000000,743,403,55,45,1,1,1,1
3376,380000000,-104,373,180,115,1,1,1,1
3376,290000000,222,345,90,60,1,1,1,1
3376,340000000,443,337,60,45,1,1,1,1
3376,220000000,646,337,280,65,1,1,1,1
3376,210000000,743,403,55,45,1,1,1,1
3377,380000000,-105,373,180,115,1,1,1,1
3377,290000000,222,345,90,60,1,1,1,1
3377,340000000,443,337,60,45,1,1,1,1
3377,220000000,646,337,280,65,1,1,1,1
3377,210000000,743,403,55,45,1,1,1,1
3378,380000000,-105,373,180,115,1,1,1,1
3378,290000000,222,345,90,60,1,1,1,1
3378,340000000,443,337,60,45,1,1,1,1
3378,220000000,646,337,280,65,1,1,1,1
3378,210000000,743,403,55,45,1,1,1,1
3379,380000000,-105,373,180,115,1,1,1,1
3379,290000000,222,345,90,60,1,1,1,1
3379,340000000,443,337,60,45,1,1,1,1
3379,220000000,646,337,280,65,1,1,1,1
3379,210000000,743,403,55,45,1,1,1,1
3380,380000000,-105,373,180,115,1,1,1,1
3380,290000000,222,345,90,60,1,1,1,1
3380,340000000,443,337,60,45,1,1,1,1
3380,220000000,646,337,280,65,1,1,1,1
3380,210000000,743,403,55,45,1,1,1,1
3381,380000000,-105,373,180,115,1,1,1,1
3381,290000000,222,345,90,60,1,1,1,1
3381,340000000,443,337,60,45,1,1,1,1
3381,220000000,646,337,280,65,1,1,1,1
3381,210000000,743,403,55,45,1,1,1,1
3382,380000000,-105,373,180,115,1,1,1,1
3382,290000000,222,345,90,60,1,1,1,1
3382,340000000,443,337,60,45,1,1,1,1
3382,220000000,646,337,280,65,1,1,1,1
3382,210000000,743,403,55,45,1,1,1,1
3383,380000000,-105,373,180,115,1,1,1,1
3383,290000000,222,345,90,60,1,1,1,1
3383,340000000,443,337,60,45,1,1,1,1
3383,220000000,646,337,280,65,1,1,1,1
3383,210000000,743,403,55,45,1,1,1,1
3384,380000000,-105,373,180,115,1,1,1,1
3384,290000000,222,345,90,60,1,1,1,1
3384,340000000,443,337,60,45,1,1,1,1
3384,220000000,646,337,280,65,1,1,1,1
3384,210000000,743,403,55,45,1,1,1,1
3385,380000000,-105,373,180,115,1,1,1,1
3385,290000000,222,345,90,60,1,1,1,1
3385,340000000,443,337,60,45,1,1,1,1
3385,220000000,646,337,280,65,1,1,1,1
3385,210000000,743,403,55,45,1,1,1,1
3386,380000000,-105,373,180,115,1,1,1,1
3386,290000000,222,345,90,60,1,1,1,1
3386,340000000,443,337,60,45,1,1,1,1
3386,220000000,646,337,280,65,1,1,1,1
3386,210000000,743,403,55,45,1,1,1,1
3387,380000000,-105,373,180,115,1,1,1,1
3387,290000000,222,345,90,60,1,1,1,1
3387,340000000,443,337,60,45,1,1,1,1
3387,220000000,646,337,280,65,1,1,1,1
3387,210000000,743,403,55,45,1,1,1,1
3388,380000000,-105,373,180,115,1,1,1,1
3388,290000000,222,345,90,60,1,1,1,1
3388,340000000,443,337,60,45,1,1,1,1
3388,220000000,646,337,280,65,1,1,1,1
3388,210000000,743,403,55,45,1,1,1,1
3389,380000000,-105,373,180,115,1,1,1,1
3389,290000000,222,345,90,60,1,1,1,1
3389,340000000,443,337,60,45,1,1,1,1
3389,220000000,646,337,280,65,1,1,1,1
3389,210000000,743,403,55,45,1,1,1,1
3390,380000000,-105,373,180,115,1,1,1,1
3390,290000000,222,345,90,60,1,1,1,1
3390,340000000,443,337,60,45,1,1,1,1
3390,220000000,646,337,280,65,1,1,1,1
3390,210000000,743,403,55,45,1,1,1,1
3391,380000000,-105,373,180,115,1,1,1,1
3391,290000000,222,345,90,60,1,1,1,1
3391,340000000,443,337,60,45,1,1,1,1
3391,220000000,646,337,280,65,1,1,1,1
3391,210000000,743,403,55,45,1,1,1,1
3392,380000000,-106,374,180,115,1,1,1,1
3392,290000000,222,345,90,60,1,1,1,1
3392,340000000,443,337,60,45,1,1,1,1
3392,220000000,646,337,280,65,1,1,1,1
3392,210000000,743,404,55,45,1,1,1,1
3393,380000000,-106,374,180,115,1,1,1,1
3393,290000000,221,345,90,60,1,1,1,1
3393,340000000,443,337,60,45,1,1,1,1
3393,220000000,646,337,280,65,1,1,1,1
3393,210000000,742,404,55,45,1,1,1,1
3394,380000000,-106,374,180,115,1,1,1,1
3394,290000000,221,345,90,60,1,1,1,1
3394,340000000,443,337,60,45,1,1,1,1
3394,220000000,646,337,280,65,1,1,1,1
3394,210000000,742,404,55,45,1,1,1,1
3395,380000000,-106,374,180,115,1,1,1,1
3395,290000000,221,345,90,60,1,1,1,1
3395,340000000,443,337,60,45,1,1,1,1
3395,220000000,646,337,280,65,1,1,1,1
3395,210000000,742,404,55,45,1,1,1,1
3396,380000000,-106,374,180,115,1,1,1,1
3396,290000000,221,345,90,60,1,1,1,1
3396,340000000,443,337,60,45,1,1,1,1
3396,220000000,646,337,280,65,1,1,1,1
3396,210000000,742,404,55,45,1,1,1,1
3397,380000000,-106,374,180,115,1,1,1,1
3397,290000000,221,345,90,60,1,1,1,1
3397,340000000,443,337,60,45,1,1,1,1
3397,220000000,646,337,280,65,1,1,1,1
3397,210000000,742,404,55,45,1,1,1,1
3398,380000000,-106,374,180,115,1,1,1,1
3398,290000000,221,345,90,60,1,1,1,1
3398,340000000,443,337,60,45,1,1,1,1
3398,220000000,646,337,280,65,1,1,1,1
3398,210000000,742,404,55,45,1,1,1,1
3399,380000000,-106,374,180,115,1,1,1,1
3399,290000000,221,345,90,60,1,1,1,1
3399,340000000,443,337,60,45,1,1,1,1
3399,220000000,646,337,280,65,1,1,1,1
3399,210000000,742,404,55,45,1,1,1,1
3400,380000000,-106,374,180,115,1,1,1,1
3400,290000000,221,345,90,60,1,1,1,1
3400,340000000,443,337,60,45,1,1,1,1
3400,220000000,646,337,280,65,1,1,1,1
3400,210000000,742,404,55,45,1,1,1,1
3401,380000000,-106,374,180,115,1,1,1,1
3401,290000000,221,345,90,60,1,1,1,1
3401,340000000,443,337,60,45,1,1,1,1
3401,220000000,646,337,280,65,1,1,1,1
3401,210000000,742,404,55,45,1,1,1,1
3402,380000000,-106,374,180,115,1,1,1,1
3402,290000000,221,345,90,60,1,1,1,1
3402,340000000,443,337,60,45,1,1,1,1
3402,220000000,646,337,280,65,1,1,1,1
3402,210000000,742,404,55,45,1,1,1,1
3403,380000000,-106,374,180,115,1,1,1,1
3403,290000000,221,345,90,60,1,1,1,1
3403,340000000,443,337,60,45,1,1,1,1
3403,220000000,645,337,280,65,1,1,1,1
3403,210000000,742,404,55,45,1,1,1,1
3404,380000000,-106,374,180,115,1,1,1,1
3404,290000000,221,345,90,60,1,1,1,1
3404,340000000,443,337,60,45,1,1,1,1
3404,220000000,645,337,280,65,1,1,1,1
3404,210000000,742,404,55,45,1,1,1,1
3405,380000000,-106,374,180,115,1,1,1,1
3405,290000000,221,345,90,60,1,1,1,1
3405,340000000,443,337,60,45,1,1,1,1
3405,220000000,645,337,280,65,1,1,1,1
3405,210000000,742,404,55,45,1,1,1,1
3406,380000000,-106,374,180,115,1,1,1,1
3406,290000000,221,345,90,60,1,1,1,1
3406,340000000,443,337,60,45,1,1,1,1
3406,220000000,645,337,280,65,1,1,1,1
3406,210000000,742,404,55,45,1,1,1,1
3407,380000000,-107,374,180,115,1,1,1,1
3407,290000000,221,345,90,60,1,1,1,1
3407,340000000,443,337,60,45,1,1,1,1
3407,220000000,645,337,280,65,1,1,1,1
3407,210000000,742,404,55,45,1,1,1,1
3408,380000000,-107,374,180,115,1,1,1,1
3408,290000000,221,345,90,60,1,1,1,1
3408,340000000,443,337,60,45,1,1,1,1
3408,220000000,645,337,280,65,1,1,1,1
3408,210000000,742,404,55,45,1,1,1,1
3409,380000000,-107,374,180,115,1,1,1,1
3409,290000000,221,345,90,60,1,1,1,1
3409,340000000,443,337,60,45,1,1,1,1
3409,220000000,645,337,280,65,1,1,1,1
3409,210000000,742,404,55,45,1,1,1,1
3410,380000000,-107,374,180,115,1,1,1,1
3410,290000000,221,345,90,60,1,1,1,1
3410,340000000,443,337,60,45,1,1,1,1
3410,220000000,645,337,280,65,1,1,1,1
3410,210000000,742,404,55,45,1,1,1,1
3411,380000000,-107,374,180,115,1,1,1,1
3411,290000000,221,345,90,60,1,1,1,1
3411,340000000,443,337,60,45,1,1,1,1
3411,220000000,645,337,280,65,1,1,1,1
3411,210000000,742,404,55,45,1,1,1,1
3412,380000000,-107,374,180,115,1,1,1,1
3412,290000000,221,345,90,60,1,1,1,1
3412,340000000,443,337,60,45,1,1,1,1
3412,220000000,645,337,280,65,1,1,1,1
3412,210000000,742,404,55,45,1,1,1,1
3413,380000000,-107,374,180,115,1,1,1,1
3413,290000000,221,345,90,60,1,1,1,1
3413,340000000,443,337,60,45,1,1,1,1
3413,220000000,645,337,280,65,1,1,1,1
3413,210000000,741,404,55,45,1,1,1,1
3414,380000000,-107,374,180,115,1,1,1,1
3414,290000000,221,345,90,60,1,1,1,1
3414,340000000,443,337,60,45,1,1,1,1
3414,220000000,645,337,280,65,1,1,1,1
3414,210000000,741,404,55,45,1,1,1,1
3415,380000000,-107,374,180,115,1,1,1,1
3415,290000000,221,345,90,60,1,1,1,1
3415,340000000,443,337,60,45,1,1,1,1
3415,220000000,645,337,280,65,1,1,1,1
3415,210000000,741,404,55,45,1,1,1,1
3416,380000000,-107,374,180,115,1,1,1,1
3416,290000000,221,345,90,60,1,1,1,1
3416,340000000,443,337,60,45,1,1,1,1
3416,220000000,645,337,280,65,1,1,1,1
3416,210000000,741,404,55,45,1,1,1,1
3417,380000000,-107,374,180,115,1,1,1,1
3417,290000000,221,345,90,60,1,1,1,1
3417,340000000,443,337,60,45,1,1,1,1
3417,220000000,645,337,280,65,1,1,1,1
3417,210000000,741,404,55,45,1,1,1,1
3418,380000000,-107,374,180,115,1,1,1,1
3418,290000000,221,345,90,60,1,1,1,1
3418,340000000,443,337,60,45,1,1,1,1
3418,220000000,645,337,280,65,1,1,1,1
3418,210000000,741,404,55,45,1,1,1,1
3419,380000000,-107,374,180,115,1,1,1,1
3419,290000000,221,345,90,60,1,1,1,1
3419,340000000,443,337,60,45,1,1,1,1
3419,220000000,645,337,280,65,1,1,1,1
3419,210000000,741,404,55,45,1,1,1,1
3420,380000000,-107,374,180,115,1,1,1,1
3420,290000000,221,345,90,60,1,1,1,1
3420,340000000,443,337,60,45,1,1,1,1
3420,220000000,645,337,280,65,1,1,1,1
3420,210000000,741,404,55,45,1,1,1,1
3421,380000000,-107,374,180,115,1,1,1,1
3421,290000000,221,345,90,60,1,1,1,1
3421,340000000,443,337,60,45,1,1,1,1
3421,220000000,645,337,280,65,1,1,1,1
3421,210000000,741,404,55,45,1,1,1,1
3422,380000000,-108,374,180,115,1,1,1,1
3422,290000000,221,345,90,60,1,1,1,1
3422,340000000,443,337,60,45,1,1,1,1
3422,220000000,645,337,280,65,1,1,1,1
3422,210000000,741,404,55,45,1,1,1,1
3423,380000000,-108,374,180,115,1,1,1,1
3423,290000000,220,345,90,60,1,1,1,1
3423,340000000,442,337,60,45,1,1,1,1
3423,220000000,645,337,280,65,1,1,1,1
3423,210000000,741,404,55,45,1,1,1,1
3424,380000000,-108,374,180,115,1,1,1,1
3424,290000000,220,345,90,60,1,1,1,1
3424,340000000,442,337,60,45,1,1,1,1
3424,220000000,645,337,280,65,1,1,1,1
3424,210000000,741,404,55,45,1,1,1,1
3425,380000000,-108,374,180,115,1,1,1,1
3425,290000000,220,345,90,60,1,1,1,1
3425,340000000,442,337,60,45,1,1,1,1
3425,220000000,645,337,280,65,1,1,1,1
3425,210000000,741,404,55,45,1,1,1,1
3426,380000000,-108,374,180,115,1,1,1,1
3426,290000000,220,345,90,60,1,1,1,1
3426,340000000,442,337,60,45,1,1,1,1
3426,220000000,645,337,280,65,1,1,1,1
3426,210000000,741,404,55,45,1,1,1,1
3427,380000000,-108,374,180,115,1,1,1,1
3427,290000000,220,345,90,60,1,1,1,1
3427,340000000,442,337,60,45,1,1,1,1
3427,220000000,645,337,280,65,1,1,1,1
3427,210000000,741,404,55,45,1,1,1,1
3428,380000000,-108,374,180,115,1,1,1,1
3428,290000000,220,345,90,60,1,1,1,1
3428,340000000,442,337,60,45,1,1,1,1
3428,220000000,645,337,280,65,1,1,1,1
3428,210000000,741,404,55,45,1,1,1,1
3429,380000000,-108,374,180,115,1,1,1,1
3429,290000000,220,345,90,60,1,1,1,1
3429,340000000,442,337,60,45,1,1,1,1
3429,220000000,645,337,280,65,1,1,1,1
3429,210000000,741,404,55,45,1,1,1,1
3430,380000000,-108,374,180,115,1,1,1,1
3430,290000000,220,345,90,60,1,1,1,1
3430,340000000,442,337,60,45,1,1,1,1
3430,220000000,645,337,280,65,1,1,1,1
3430,210000000,741,404,55,45,1,1,1,1
3431,380000000,-108,374,180,115,1,1,1,1
3431,290000000,220,345,90,60,1,1,1,1
3431,340000000,442,337,60,45,1,1,1,1
3431,220000000,645,337,280,65,1,1,1,1
3431,210000000,741,404,55,45,1,1,1,1
3432,380000000,-108,374,180,115,1,1,1,1
3432,290000000,220,345,90,60,1,1,1,1
3432,340000000,442,337,60,45,1,1,1,1
3432,220000000,645,337,280,65,1,1,1,1
3432,210000000,741,404,55,45,1,1,1,1
3433,380000000,-108,374,180,115,1,1,1,1
3433,290000000,220,345,90,60,1,1,1,1
3433,340000000,442,337,60,45,1,1,1,1
3433,220000000,645,337,280,65,1,1,1,1
3433,210000000,740,404,55,45,1,1,1,1
3434,380000000,-108,374,180,115,1,1,1,1
3434,290000000,220,345,90,60,1,1,1,1
3434,340000000,442,337,60,45,1,1,1,1
3434,220000000,645,337,280,65,1,1,1,1
3434,210000000,740,404,55,45,1,1,1,1
3435,380000000,-108,374,180,115,1,1,1,1
3435,290000000,220,345,90,60,1,1,1,1
3435,340000000,442,337,60,45,1,1,1,1
3435,220000000,645,337,280,65,1,1,1,1
3435,210000000,740,404,55,45,1,1,1,1
3436,380000000,-108,374,180,115,1,1,1,1
3436,290000000,220,345,90,60,1,1,1,1
3436,340000000,442,337,60,45,1,1,1,1
3436,220000000,645,337,280,65,1,1,1,1
3436,210000000,740,404,55,45,1,1,1,1
3437,380000000,-109,374,180,115,1,1,1,1
3437,290000000,220,345,90,60,1,1,1,1
3437,340000000,442,337,60,45,1,1,1,1
3437,220000000,645,337,280,65,1,1,1,1
3437,210000000,740,404,55,45,1,1,1,1
3438,380000000,-109,374,180,115,1,1,1,1
3438,290000000,220,345,90,60,1,1,1,1
3438,340000000,442,337,60,45,1,1,1,1
3438,220000000,645,337,280,65,1,1,1,1
3438,210000000,740,404,55,45,1,1,1,1
3439,380000000,-109,374,180,115,1,1,1,1
3439,290000000,220,345,90,60,1,1,1,1
3439,340000000,442,337,60,45,1,1,1,1
3439,220000000,645,337,280,65,1,1,1,1
3439,210000000,740,404,55,45,1,1,1,1
3440,380000000,-109,374,180,115,1,1,1,1
3440,290000000,220,345,90,60,1,1,1,1
3440,340000000,442,337,60,45,1,1,1,1
3440,220000000,645,337,280,65,1,1,1,1
3440,210000000,740,404,55,45,1,1,1,1
3441,380000000,-109,374,180,115,1,1,1,1
3441,290000000,220,345,90,60,1,1,1,1
3441,340000000,442,337,60,45,1,1,1,1
3441,220000000,645,337,280,65,1,1,1,1
3441,210000000,740,404,55,45,1,1,1,1
3442,380000000,-109,374,180,115,1,1,1,1
3442,290000000,220,345,90,60,1,1,1,1
3442,340000000,442,337,60,45,1,1,1,1
3442,220000000,645,337,280,65,1,1,1,1
3442,210000000,740,404,55,45,1,1,1,1
3443,380000000,-109,374,180,115,1,1,1,1
3443,290000000,220,345,90,60,1,1,1,1
3443,340000000,442,337,60,45,1,1,1,1
3443,220000000,645,337,280,65,1,1,1,1
3443,210000000,740,404,55,45,1,1,1,1
3444,380000000,-109,374,180,115,1,1,1,1
3444,290000000,220,345,90,60,1,1,1,1
3444,340000000,442,337,60,45,1,1,1,1
3444,220000000,645,337,280,65,1,1,1,1
3444,210000000,740,404,55,45,1,1,1,1
3445,380000000,-109,374,180,115,1,1,1,1
3445,290000000,220,345,90,60,1,1,1,1
3445,340000000,442,337,60,45,1,1,1,1
3445,220000000,645,337,280,65,1,1,1,1
3445,210000000,740,404,55,45,1,1,1,1
3446,380000000,-109,374,180,115,1,1,1,1
3446,290000000,220,345,90,60,1,1,1,1
3446,340000000,442,337,60,45,1,1,1,1
3446,220000000,645,337,280,65,1,1,1,1
3446,210000000,740,404,55,45,1,1,1,1
3447,380000000,-109,374,180,115,1,1,1,1
3447,290000000,220,345,90,60,1,1,1,1
3447,340000000,442,337,60,45,1,1,1,1
3447,220000000,645,337,280,65,1,1,1,1
3447,210000000,740,404,55,45,1,1,1,1
3448,380000000,-109,374,180,115,1,1,1,1
3448,290000000,220,345,90,60,1,1,1,1
3448,340000000,442,337,60,45,1,1,1,1
3448,220000000,645,337,280,65,1,1,1,1
3448,210000000,740,404,55,45,1,1,1,1
3449,380000000,-109,374,180,115,1,1,1,1
3449,290000000,220,345,90,60,1,1,1,1
3449,340000000,442,337,60,45,1,1,1,1
3449,220000000,645,337,280,65,1,1,1,1
3449,210000000,740,404,55,45,1,1,1,1
3450,380000000,-109,374,180,115,1,1,1,1
3450,290000000,220,345,90,60,1,1,1,1
3450,340000000,442,337,60,45,1,1,1,1
3450,220000000,645,337,280,65,1,1,1,1
3450,210000000,740,404,55,45,1,1,1,1
3451,380000000,-109,374,180,115,1,1,1,1
3451,290000000,220,345,90,60,1,1,1,1
3451,340000000,442,337,60,45,1,1,1,1
3451,220000000,645,337,280,65,1,1,1,1
3451,210000000,740,404,55,45,1,1,1,1
3452,380000000,-110,375,180,115,1,1,1,1
3452,290000000,220,345,90,60,1,1,1,1
3452,340000000,442,337,60,45,1,1,1,1
3452,220000000,645,337,280,65,1,1,1,1
3452,210000000,740,405,55,45,1,1,1,1
3453,380000000,-110,375,180,115,1,1,1,1
3453,290000000,219,345,90,60,1,1,1,1
3453,340000000,442,337,60,45,1,1,1,1
3453,220000000,645,337,280,65,1,1,1,1
3453,210000000,739,405,55,45,1,1,1,1
3454,380000000,-110,375,180,115,1,1,1,1
3454,290000000,219,345,90,60,1,1,1,1
3454,340000000,442,337,60,45,1,1,1,1
3454,220000000,645,337,280,65,1,1,1,1
3454,210000000,739,405,55,45,1,1,1,1
3455,380000000,-110,375,180,115,1,1,1,1
3455,290000000,219,345,90,60,1,1,1,1
3455,340000000,442,337,60,45,1,1,1,1
3455,220000000,645,337,280,65,1,1,1,1
3455,210000000,739,405,55,45,1,1,1,1
3456,380000000,-110,375,180,115,1,1,1,1
3456,290000000,219,345,90,60,1,1,1,1
3456,340000000,442,337,60,45,1,1,1,1
3456,220000000,645,337,280,65,1,1,1,1
3456,210000000,739,405,55,45,1,1,1,1
3457,380000000,-110,375,180,115,1,1,1,1
3457,290000000,219,345,90,60,1,1,1,1
3457,340000000,442,337,60,45,1,1,1,1
3457,220000000,645,337,280,65,1,1,1,1
3457,210000000,739,405,55,45,1,1,1,1
3458,380000000,-110,375,180,115,1,1,1,1
3458,290000000,219,345,90,60,1,1,1,1
3458,340000000,442,337,60,45,1,1,1,1
3458,220000000,645,337,280,65,1,1,1,1
3458,210000000,739,405,55,45,1,1,1,1
3459,380000000,-110,375,180,115,1,1,1,1
3459,290000000,219,345,90,60,1,1,1,1
3459,340000000,442,337,60,45,1,1,1,1
3459,220000000,645,337,280,65,1,1,1,1
3459,210000000,739,405,55,45,1,1,1,1
3460,380000000,-110,375,180,115,1,1,1,1
3460,290000000,219,345,90,60,1,1,1,1
3460,340000000,442,337,60,45,1,1,1,1
3460,220000000,645,337,280,65,1,1,1,1
3460,210000000,739,405,55,45,1,1,1,1
3461,380000000,-110,375,180,115,1,1,1,1
3461,290000000,219,345,90,60,1,1,1,1
3461,340000000,442,337,60,45,1,1,1,1
3461,220000000,645,337,280,65,1,1,1,1
3461,210000000,739,405,55,45,1,1,1,1
3462,380000000,-110,375,180,115,1,1,1,1
3462,290000000,219,345,90,60,1,1,1,1
3462,340000000,442,337,60,45,1,1,1,1
3462,220000000,645,337,280,65,1,1,1,1
3462,210000000,739,405,55,45,1,1,1,1
3463,380000000,-110,375,180,115,1,1,1,1
3463,290000000,219,345,90,60,1,1,1,1
3463,340000000,442,337,60,45,1,1,1,1
3463,220000000,645,337,280,65,1,1,1,1
3463,210000000,739,405,55,45,1,1,1,1
3464,380000000,-110,375,180,115,1,1,1,1
3464,290000000,219,345,90,60,1,1,1,1
3464,340000000,442,337,60,45,1,1,1,1
3464,220000000,645,337,280,65,1,1,1,1
3464,210000000,739,405,55,45,1,1,1,1
3465,380000000,-110,375,180,115,1,1,1,1
3465,290000000,219,345,90,60,1,1,1,1
3465,340000000,442,337,60,45,1,1,1,1
3465,220000000,645,337,280,65,1,1,1,1
3465,210000000,739,405,55,45,1,1,1,1
3466,380000000,-110,375,180,115,1,1,1,1
3466,290000000,219,345,90,60,1,1,1,1
3466,340000000,442,337,60,45,1,1,1,1
3466,220000000,645,337,280,65,1,1,1,1
3466,210000000,739,405,55,45,1,1,1,1
3467,380000000,-111,375,180,115,1,1,1,1
3467,290000000,219,345,90,60,1,1,1,1
3467,340000000,442,337,60,45,1,1,1,1
3467,220000000,645,337,280,65,1,1,1,1
3467,210000000,739,405,55,45,1,1,1,1
3468,380000000,-111,375,180,115,1,1,1,1
3468,290000000,219,345,90,60,1,1,1,1
3468,340000000,442,337,60,45,1,1,1,1
3468,220000000,645,337,280,65,1,1,1,1
3468,210000000,739,405,55,45,1,1,1,1
3469,380000000,-111,375,180,115,1,1,1,1
3469,290000000,219,345,90,60,1,1,1,1
3469,340000000,442,337,60,45,1,1,1,1
3469,220000000,645,337,280,65,1,1,1,1
3469,210000000,739,405,55,45,1,1,1,1
3470,380000000,-111,375,180,115,1,1,1,1
3470,290000000,219,345,90,60,1,1,1,1
3470,340000000,442,337,60,45,1,1,1,1
3470,220000000,645,337,280,65,1,1,1,1
3470,210000000,739,405,55,45,1,1,1,1
3471,380000000,-111,375,180,115,1,1,1,1
3471,290000000,219,345,90,60,1,1,1,1
3471,340000000,442,337,60,45,1,1,1,1
3471,220000000,645,337,280,65,1,1,1,1
3471,210000000,739,405,55,45,1,1,1,1
3472,380000000,-111,375,180,115,1,1,1,1
3472,290000000,219,345,90,60,1,1,1,1
3472,340000000,442,337,60,45,1,1,1,1
3472,220000000,645,337,280,65,1,1,1,1
3472,210000000,739,405,55,45,1,1,1,1
3473,380000000,-111,375,180,115,1,1,1,1
3473,290000000,219,345,90,60,1,1,1,1
3473,340000000,442,337,60,45,1,1,1,1
3473,220000000,645,337,280,65,1,1,1,1
3473,210000000,738,405,55,45,1,1,1,1
3474,380000000,-111,375,180,115,1,1,1,1
3474,290000000,219,345,90,60,1,1,1,1
3474,340000000,442,337,60,45,1,1,1,1
3474,220000000,645,337,280,65,1,1,1,1
3474,210000000,738,405,55,45,1,1,1,1
3475,380000000,-111,375,180,115,1,1,1,1
3475,290000000,219,345,90,60,1,1,1,1
3475,340000000,442,337,60,45,1,1,1,1
3475,220000000,645,337,280,65,1,1,1,1
3475,210000000,738,405,55,45,1,1,1,1
3476,380000000,-111,375,180,115,1,1,1,1
3476,290000000,219,345,90,60,1,1,1,1
3476,340000000,442,337,60,45,1,1,1,1
3476,220000000,645,337,280,65,1,1,1,1
3476,210000000,738,405,55,45,1,1,1,1
3477,380000000,-111,375,180,115,1,1,1,1
3477,290000000,219,345,90,60,1,1,1,1
3477,340000000,442,337,60,45,1,1,1,1
3477,220000000,645,337,280,65,1,1,1,1
3477,210000000,738,405,55,45,1,1,1,1
3478,380000000,-111,375,180,115,1,1,1,1
3478,290000000,219,345,90,60,1,1,1,1
3478,340000000,442,337,60,45,1,1,1,1
3478,220000000,645,337,280,65,1,1,1,1
3478,210000000,738,405,55,45,1,1,1,1
3479,380000000,-111,375,180,115,1,1,1,1
3479,290000000,219,345,90,60,1,1,1,1
3479,340000000,442,337,60,45,1,1,1,1
3479,220000000,645,337,280,65,1,1,1,1
3479,210000000,738,405,55,45,1,1,1,1
3480,380000000,-111,375,180,115,1,1,1,1
3480,290000000,219,345,90,60,1,1,1,1
3480,340000000,442,337,60,45,1,1,1,1
3480,220000000,645,337,280,65,1,1,1,1
3480,210000000,738,405,55,45,1,1,1,1
3481,380000000,-111,375,180,115,1,1,1,1
3481,290000000,219,345,90,60,1,1,1,1
3481,340000000,442,337,60,45,1,1,1,1
3481,220000000,645,337,280,65,1,1,1,1
3481,210000000,738,405,55,45,1,1,1,1
3482,380000000,-112,375,180,115,1,1,1,1
3482,290000000,219,345,90,60,1,1,1,1
3482,340000000,442,337,60,45,1,1,1,1
3482,220000000,645,337,280,65,1,1,1,1
3482,210000000,738,405,55,45,1,1,1,1
3483,380000000,-112,375,180,115,1,1,1,1
3483,290000000,218,345,90,60,1,1,1,1
3483,340000000,441,337,60,45,1,1,1,1
3483,220000000,645,337,280,65,1,1,1,1
3483,210000000,738,405,55,45,1,1,1,1
3484,380000000,-112,375,180,115,1,1,1,1
3484,290000000,218,345,90,60,1,1,1,1
3484,340000000,441,337,60,45,1,1,1,1
3484,220000000,645,337,280,65,1,1,1,1
3484,210000000,738,405,55,45,1,1,1,1
3485,380000000,-112,375,180,115,1,1,1,1
3485,290000000,218,345,90,60,1,1,1,1
3485,340000000,441,337,60,45,1,1,1,1
3485,220000000,645,337,280,65,1,1,1,1
3485,210000000,738,405,55,45,1,1,1,1
3486,380000000,-112,375,180,115,1,1,1,1
3486,290000000,218,345,90,60,1,1,1,1
3486,340000000,441,337,60,45,1,1,1,1
3486,220000000,645,337,280,65,1,1,1,1
3486,210000000,738,405,55,45,1,1,1,1
3487,380000000,-112,375,180,115,1,1,1,1
3487,290000000,218,345,90,60,1,1,1,1
3487,340000000,441,337,60,45,1,1,1,1
3487,220000000,645,337,280,65,1,1,1,1
3487,210000000,738,405,55,45,1,1,1,1
3488,380000000,-112,375,180,115,1,1,1,1
3488,290000000,218,345,90,60,1,1,1,1
3488,340000000,441,337,60,45,1,1,1,1
3488,220000000,645,337,280,65,1,1,1,1
3488,210000000,738,405,55,45,1,1,1,1
3489,380000000,-112,375,180,115,1,1,1,1
3489,290000000,218,345,90,60,1,1,1,1
3489,340000000,441,337,60,45,1,1,1,1
3489,220000000,645,337,280,65,1,1,1,1
3489,210000000,738,405,55,45,1,1,1,1
3490,380000000,-112,375,180,115,1,1,1,1
3490,290000000,218,345,90,60,1,1,1,1
3490,340000000,441,337,60,45,1,1,1,1
3490,220000000,645,337,280,65,1,1,1,1
3490,210000000,738,405,55,45,1,1,1,1
3491,380000000,-112,375,180,115,1,1,1,1
3491,290000000,218,345,90,60,1,1,1,1
3491,340000000,441,337,60,45,1,1,1,1
3491,220000000,645,337,280,65,1,1,1,1
3491,210000000,738,405,55,45,1,1,1,1
3492,380000000,-112,375,180,115,1,1,1,1
3492,290000000,218,345,90,60,1,1,1,1
3492,340000000,441,337,60,45,1,1,1,1
3492,220000000,645,337,280,65,1,1,1,1
3492,210000000,738,405,55,45,1,1,1,1
3493,380000000,-112,375,180,115,1,1,1,1
3493,290000000,218,345,90,60,1,1,1,1
3493,340000000,441,337,60,45,1,1,1,1
3493,220000000,645,337,280,65,1,1,1,1
3493,210000000,737,405,55,45,1,1,1,1
3494,380000000,-112,375,180,115,1,1,1,1
3494,290000000,218,345,90,60,1,1,1,1
3494,340000000,441,337,60,45,1,1,1,1
3494,220000000,645,337,280,65,1,1,1,1
3494,210000000,737,405,55,45,1,1,1,1
3495,380000000,-112,375,180,115,1,1,1,1
3495,290000000,218,345,90,60,1,1,1,1
3495,340000000,441,337,60,45,1,1,1,1
3495,220000000,645,337,280,65,1,1,1,1
3495,210000000,737,405,55,45,1,1,1,1
3496,380000000,-112,375,180,115,1,1,1,1
3496,290000000,218,345,90,60,1,1,1,1
3496,340000000,441,337,60,45,1,1,1,1
3496,220000000,645,337,280,65,1,1,1,1
3496,210000000,737,405,55,45,1,1,1,1
3497,380000000,-113,375,180,115,1,1,1,1
3497,290000000,218,345,90,60,1,1,1,1
3497,340000000,441,337,60,45,1,1,1,1
3497,220000000,645,337,280,65,1,1,1,1
3497,210000000,737,405,55,45,1,1,1,1
3498,380000000,-113,375,180,115,1,1,1,1
3498,290000000,218,345,90,60,1,1,1,1
3498,340000000,441,337,60,45,1,1,1,1
3498,220000000,645,337,280,65,1,1,1,1
3498,210000000,737,405,55,45,1,1,1,1
3499,380000000,-113,375,180,115,1,1,1,1
3499,290000000,218,345,90,60,1,1,1,1
3499,340000000,441,337,60,45,1,1,1,1
3499,220000000,645,337,280,65,1,1,1,1
3499,210000000,737,405,55,45,1,1,1,1
3500,380000000,-113,375,180,115,1,1,1,1
3500,290000000,218,345,90,60,1,1,1,1
3500,340000000,441,337,60,45,1,1,1,1
3500,220000000,645,337,280,65,1,1,1,1
3500,210000000,737,405,55,45,1,1,1,1
3501,380000000,-113,375,180,115,1,1,1,1
3501,290000000,218,345,90,60,1,1,1,1
3501,340000000,441,337,60,45,1,1,1,1
3501,220000000,645,337,280,65,1,1,1,1
3501,210000000,737,405,55,45,1,1,1,1
3502,380000000,-113,375,180,115,1,1,1,1
3502,290000000,218,345,90,60,1,1,1,1
3502,340000000,441,337,60,45,1,1,1,1
3502,220000000,645,337,280,65,1,1,1,1
3502,210000000,737,405,55,45,1,1,1,1
3503,380000000,-113,375,180,115,1,1,1,1
3503,290000000,218,345,90,60,1,1,1,1
3503,340000000,441,337,60,45,1,1,1,1
3503,220000000,644,337,280,65,1,1,1,1
3503,210000000,737,405,55,45,1,1,1,1
3504,380000000,-113,375,180,115,1,1,1,1
3504,290000000,218,345,90,60,1,1,1,1
3504,340000000,441,337,60,45,1,1,1,1
3504,220000000,644,337,280,65,1,1,1,1
3504,210000000,737,405,55,45,1,1,1,1
3505,380000000,-113,375,180,115,1,1,1,1
3505,290000000,218,345,90,60,1,1,1,1
3505,340000000,441,337,60,45,1,1,1,1
3505,220000000,644,337,280,65,1,1,1,1
3505,210000000,737,405,55,45,1,1,1,1
3506,380000000,-113,375,180,115,1,1,1,1
3506,290000000,218,345,90,60,1,1,1,1
3506,340000000,441,337,60,45,1,1,1,1
3506,220000000,644,337,280,65,1,1,1,1
3506,210000000,737,405,55,45,1,1,1,1
3507,380000000,-113,375,180,115,1,1,1,1
3507,290000000,218,345,90,60,1,1,1,1
3507,340000000,441,337,60,45,1,1,1,1
3507,220000000,644,337,280,65,1,1,1,1
3507,210000000,737,405,55,45,1,1,1,1
3508,380000000,-113,375,180,115,1,1,1,1
3508,290000000,218,345,90,60,1,1,1,1
3508,340000000,441,337,60,45,1,1,1,1
3508,220000000,644,337,280,65,1,1,1,1
3508,210000000,737,405,55,45,1,1,1,1
3509,380000000,-113,375,180,115,1,1,1,1
3509,290000000,218,345,90,60,1,1,1,1
3509,340000000,441,337,60,45,1,1,1,1
3509,220000000,644,337,280,65,1,1,1,1
3509,210000000,737,405,55,45,1,1,1,1
3510,380000000,-113,375,180,115,1,1,1,1
3510,290000000,218,345,90,60,1,1,1,1
3510,340000000,441,337,60,45,1,1,1,1
3510,220000000,644,337,280,65,1,1,1,1
3510,210000000,737,405,55,45,1,1,1,1
3511,380000000,-113,375,180,115,1,1,1,1
3511,290000000,218,345,90,60,1,1,1,1
3511,340000000,441,337,60,45,1,1,1,1
3511,220000000,644,337,280,65,1,1,1,1
3511,210000000,737,405,55,45,1,1,1,1
3512,380000000,-114,376,180,115,1,1,1,1
3512,290000000,218,345,90,60,1,1,1,1
3512,340000000,441,337,60,45,1,1,1,1
3512,220000000,644,337,280,65,1,1,1,1
3512,210000000,737,406,55,45,1,1,1,1
3513,380000000,-114,376,180,115,1,1,1,1
3513,290000000,217,345,90,60,1,1,1,1
3513,340000000,441,337,60,45,1,1,1,1
3513,220000000,644,337,280,65,1,1,1,1
3513,210000000,736,406,55,45,1,1,1,1
3514,380000000,-114,376,180,115,1,1,1,1
3514,290000000,217,345,90,60,1,1,1,1
3514,340000000,441,337,60,45,1,1,1,1
3514,220000000,644,337,280,65,1,1,1,1
3514,210000000,736,406,55,45,1,1,1,1
3515,380000000,-114,376,180,115,1,1,1,1
3515,290000000,217,345,90,60,1,1,1,1
3515,340000000,441,337,60,45,1,1,1,1
3515,220000000,644,337,280,65,1,1,1,1
3515,210000000,736,406,55,45,1,1,1,1
3516,380000000,-114,376,180,115,1,1,1,1
3516,290000000,217,345,90,60,1,1,1,1
3516,340000000,441,337,60,45,1,1,1,1
3516,220000000,644,337,280,65,1,1,1,1
3516,210000000,736,406,55,45,1,1,1,1
3517,380000000,-114,376,180,115,1,1,1,1
3517,290000000,217,345,90,60,1,1,1,1
3517,340000000,441,337,60,45,1,1,1,1
3517,220000000,644,337,280,65,1,1,1,1
3517,210000000,736,406,55,45,1,1,1,1
3518,380000000,-114,376,180,115,1,1,1,1
3518,290000000,217,345,90,60,1,1,1,1
3518,340000000,441,337,60,45,1,1,1,1
3518,220000000,644,337,280,65,1,1,1,1
3518,210000000,736,406,55,45,1,1,1,1
3519,380000000,-114,376,180,115,1,1,1,1
3519,290000000,217,345,90,60,1,1,1,1
3519,340000000,441,337,60,45,1,1,1,1
3519,220000000,644,337,280,65,1,1,1,1
3519,210000000,736,406,55,45,1,1,1,1
3520,380000000,-114,376,180,115,1,1,1,1
3520,290000000,217,345,90,60,1,1,1,1
3520,340000000,441,337,60,45,1,1,1,1
3520,220000000,644,337,280,65,1,1,1,1
3520,210000000,736,406,55,45,1,1,1,1
3521,380000000,-114,376,180,115,1,1,1,1
3521,290000000,217,345,90,60,1,1,1,1
3521,340000000,441,337,60,45,1,1,1,1
3521,220000000,644,337,280,65,1,1,1,1
3521,210000000,736,406,55,45,1,1,1,1
3522,380000000,-114,376,180,115,1,1,1,1
3522,290000000,217,345,90,60,1,1,1,1
3522,340000000,441,337,60,45,1,1,1,1
3522,220000000,644,337,280,65,1,1,1,1
3522,210000000,736,406,55,45,1,1,1,1
3523,380000000,-114,376,180,115,1,1,1,1
3523,290000000,217,345,90,60,1,1,1,1
3523,340000000,441,337,60,45,1,1,1,1
3523,220000000,644,337,280,65,1,1,1,1
3523,210000000,736,406,55,45,1,1,1,1
3524,380000000,-114,376,180,115,1,1,1,1
3524,290000000,217,345,90,60,1,1,1,1
3524,340000000,441,337,60,45,1,1,1,1
3524,220000000,644,337,280,65,1,1,1,1
3524,210000000,736,406,55,45,1,1,1,1
3525,380000000,-114,376,180,115,1,1,1,1
3525,290000000,217,345,90,60,1,1,1,1
3525,340000000,441,337,60,45,1,1,1,1
3525,220000000,644,337,280,65,1,1,1,1
3525,210000000,736,406,55,45,1,1,1,1
3526,380000000,-114,376,180,115,1,1,1,1
3526,290000000,217,345,90,60,1,1,1,1
3526,340000000,441,337,60,45,1,1,1,1
3526,220000000,644,337,280,65,1,1,1,1
3526,210000000,736,406,55,45,1,1,1,1
3527,380000000,-115,376,180,115,1,1,1,1
3527,290000000,217,345,90,60,1,1,1,1
3527,340000000,441,337,60,45,1,1,1,1
3527,220000000,644,337,280,65,1,1,1,1
3527,210000000,736,406,55,45,1,1,1,1
3528,380000000,-115,376,180,115,1,1,1,1
3528,290000000,217,345,90,60,1,1,1,1
3528,340000000,441,337,60,45,1,1,1,1
3528,220000000,644,337,280,65,1,1,1,1
3528,210000000,736,406,55,45,1,1,1,1
3529,380000000,-115,376,180,115,1,1,1,1
3529,290000000,217,345,90,60,1,1,1,1
3529,340000000,441,337,60,45,1,1,1,1
3529,220000000,644,337,280,65,1,1,1,1
3529,210000000,736,406,55,45,1,1,1,1
3530,380000000,-115,376,180,115,1,1,1,1
3530,290000000,217,345,90,60,1,1,1,1
3530,340000000,441,337,60,45,1,1,1,1
3530,220000000,644,337,280,65,1,1,1,1
3530,210000000,736,406,55,45,1,1,1,1
3531,380000000,-115,376,180,115,1,1,1,1
3531,290000000,217,345,90,60,1,1,1,1
3531,340000000,441,337,60,45,1,1,1,1
3531,220000000,644,337,280,65,1,1,1,1
3531,210000000,736,406,55,45,1,1,1,1
3532,380000000,-115,376,180,115,1,1,1,1
3532,290000000,217,345,90,60,1,1,1,1
3532,340000000,441,337,60,45,1,1,1,1
3532,220000000,644,337,280,65,1,1,1,1
3532,210000000,736,406,55,45,1,1,1,1
3533,380000000,-115,376,180,115,1,1,1,1
3533,290000000,217,345,90,60,1,1,1,1
3533,340000000,441,337,60,45,1,1,1,1
3533,220000000,644,337,280,65,1,1,1,1
3533,210000000,735,406,55,45,1,1,1,1
3534,380000000,-115,376,180,115,1,1,1,1
3534,290000000,217,345,90,60,1,1,1,1
3534,340000000,441,337,60,45,1,1,1,1
3534,220000000,644,337,280,65,1,1,1,1
3534,210000000,735,406,55,45,1,1,1,1
3535,380000000,-115,376,180,115,1,1,1,1
3535,290000000,217,345,90,60,1,1,1,1
3535,340000000,441,337,60,45,1,1,1,1
3535,220000000,644,337,280,65,1,1,1,1
3535,210000000,735,406,55,45,1,1,1,1
3536,380000000,-115,376,180,115,1,1,1,1
3536,290000000,217,345,90,60,1,1,1,1
3536,340000000,441,337,60,45,1,1,1,1
3536,220000000,644,337,280,65,1,1,1,1
3536,210000000,735,406,55,45,1,1,1,1
3537,380000000,-115,376,180,115,1,1,1,1
3537,290000000,217,345,90,60,1,1,1,1
3537,340000000,441,337,60,45,1,1,1,1
3537,220000000,644,337,280,65,1,1,1,1
3537,210000000,735,406,55,45,1,1,1,1
3538,380000000,-115,376,180,115,1,1,1,1
3538,290000000,217,345,90,60,1,1,1,1
3538,340000000,441,337,60,45,1,1,1,1
3538,220000000,644,337,280,65,1,1,1,1
3538,210000000,735,406,55,45,1,1,1,1
3539,380000000,-115,376,180,115,1,1,1,1
3539,290000000,217,345,90,60,1,1,1,1
3539,340000000,441,337,60,45,1,1,1,1
3539,220000000,644,337,280,65,1,1,1,1
3539,210000000,735,406,55,45,1,1,1,1
3540,380000000,-115,376,180,115,1,1,1,1
3540,290000000,217,345,90,60,1,1,1,1
3540,340000000,441,337,60,45,1,1,1,1
3540,220000000,644,337,280,65,1,1,1,1
3540,210000000,735,406,55,45,1,1,1,1
3541,380000000,-115,376,180,115,1,1,1,1
3541,290000000,217,345,90,60,1,1,1,1
3541,340000000,441,337,60,45,1,1,1,1
3541,220000000,644,337,280,65,1,1,1,1
3541,210000000,735,406,55,45,1,1,1,1
3542,380000000,-116,376,180,115,1,1,1,1
3542,290000000,217,345,90,60,1,1,1,1
3542,340000000,441,337,60,45,1,1,1,1
3542,220000000,644,337,280,65,1,1,1,1
3542,210000000,735,406,55,45,1,1,1,1
3543,380000000,-116,376,180,115,1,1,1,1
3543,290000000,216,345,90,60,1,1,1,1
3543,340000000,440,337,60,45,1,1,1,1
3543,220000000,644,337,280,65,1,1,1,1
3543,210000000,735,406,55,45,1,1,1,1
3544,380000000,-116,376,180,115,1,1,1,1
3544,290000000,216,345,90,60,1,1,1,1
3544,340000000,440,337,60,45,1,1,1,1
3544,220000000,644,337,280,65,1,1,1,1
3544,210000000,735,406,55,45,1,1,1,1
3545,380000000,-116,376,180,115,1,1,1,1
3545,290000000,216,345,90,60,1,1,1,1
3545,340000000,440,337,60,45,1,1,1,1
3545,220000000,644,337,280,65,1,1,1,1
3545,210000000,735,406,55,45,1,1,1,1
3546,380000000,-116,376,180,115,1,1,1,1
3546,290000000,216,345,90,60,1,1,1,1
3546,340000000,440,337,60,45,1,1,1,1
3546,220000000,644,337,280,65,1,1,1,1
3546,210000000,735,406,55,45,1,1,1,1
3547,380000000,-116,376,180,115,1,1,1,1
3547,290000000,216,345,90,60,1,1,1,1
3547,340000000,440,337,60,45,1,1,1,1
3547,220000000,644,337,280,65,1,1,1,1
3547,210000000,735,406,55,45,1,1,1,1
3548,380000000,-116,376,180,115,1,1,1,1
3548,290000000,216,345,90,60,1,1,1,1
3548,340000000,440,337,60,45,1,1,1,1
3548,220000000,644,337,280,65,1,1,1,1
3548,210000000,735,406,55,45,1,1,1,1
3549,380000000,-116,376,180,115,1,1,1,1
3549,290000000,216,345,90,60,1,1,1,1
3549,340000000,440,337,60,45,1,1,1,1
3549,220000000,644,337,280,65,1,1,1,1
3549,210000000,735,406,55,45,1,1,1,1
3550,380000000,-116,376,180,115,1,1,1,1
3550,290000000,216,345,90,60,1,1,1,1
3550,340000000,440,337,60,45,1,1,1,1
3550,220000000,644,337,280,65,1,1,1,1
3550,210000000,735,406,55,45,1,1,1,1
3551,380000000,-116,376,180,115,1,1,1,1
3551,290000000,216,345,90,60,1,1,1,1
3551,340000000,440,337,60,45,1,1,1,1
3551,220000000,644,337,280,65,1,1,1,1
3551,210000000,735,406,55,45,1,1,1,1
3552,380000000,-116,376,180,115,1,1,1,1
3552,290000000,216,345,90,60,1,1,1,1
3552,340000000,440,337,60,45,1,1,1,1
3552,220000000,644,337,280,65,1,1,1,1
3552,210000000,735,406,55,45,1,1,1,1
3553,380000000,-116,376,180,115,1,1,1,1
3553,290000000,216,345,90,60,1,1,1,1
3553,340000000,440,337,60,45,1,1,1,1
3553,220000000,644,337,280,65,1,1,1,1
3553,210000000,734,406,55,45,1,1,1,1
3554,380000000,-116,376,180,115,1,1,1,1
3554,290000000,216,345,90,60,1,1,1,1
3554,340000000,440,337,60,45,1,1,1,1
3554,220000000,644,337,280,65,1,1,1,1
3554,210000000,734,406,55,45,1,1,1,1
3555,380000000,-116,376,180,115,1,1,1,1
3555,290000000,216,345,90,60,1,1,1,1
3555,340000000,440,337,60,45,1,1,1,1
3555,220000000,644,337,280,65,1,1,1,1
3555,210000000,734,406,55,45,1,1,1,1
3556,380000000,-116,376,180,115,1,1,1,1
3556,290000000,216,345,90,60,1,1,1,1
3556,340000000,440,337,60,45,1,1,1,1
3556,220000000,644,337,280,65,1,1,1,1
3556,210000000,734,406,55,45,1,1,1,1
3557,380000000,-117,376,180,115,1,1,1,1
3557,290000000,216,345,90,60,1,1,1,1
3557,340000000,440,337,60,45,1,1,1,1
3557,220000000,644,337,280,65,1,1,1,1
3557,210000000,734,406,55,45,1,1,1,1
3558,380000000,-117,376,180,115,1,1,1,1
3558,290000000,216,345,90,60,1,1,1,1
3558,340000000,440,337,60,45,1,1,1,1
3558,220000000,644,337,280,65,1,1,1,1
3558,210000000,734,406,55,45,1,1,1,1
3559,380000000,-117,376,180,115,1,1,1,1
3559,290000000,216,345,90,60,1,1,1,1
3559,340000000,440,337,60,45,1,1,1,1
3559,220000000,644,337,280,65,1,1,1,1
3559,210000000,734,406,55,45,1,1,1,1
3560,380000000,-117,376,180,115,1,1,1,1
3560,290000000,216,345,90,60,1,1,1,1
3560,340000000,440,337,60,45,1,1,1,1
3560,220000000,644,337,280,65,1,1,1,1
3560,210000000,734,406,55,45,1,1,1,1
3561,380000000,-117,376,180,115,1,1,1,1
3561,290000000,216,345,90,60,1,1,1,1
3561,340000000,440,337,60,45,1,1,1,1
3561,220000000,644,337,280,65,1,1,1,1
3561,210000000,734,406,55,45,1,1,1,1
3562,380000000,-117,376,180,115,1,1,1,1
3562,290000000,216,345,90,60,1,1,1,1
3562,340000000,440,337,60,45,1,1,1,1
3562,220000000,644,337,280,65,1,1,1,1
3562,210000000,734,406,55,45,1,1,1,1
3563,380000000,-117,376,180,115,1,1,1,1
3563,290000000,216,345,90,60,1,1,1,1
3563,340000000,440,337,60,45,1,1,1,1
3563,220000000,644,337,280,65,1,1,1,1
3563,210000000,734,406,55,45,1,1,1,1
3564,380000000,-117,376,180,115,1,1,1,1
3564,290000000,216,345,90,60,1,1,1,1
3564,340000000,440,337,60,45,1,1,1,1
3564,220000000,644,337,280,65,1,1,1,1
3564,210000000,734,406,55,45,1,1,1,1
3565,380000000,-117,376,180,115,1,1,1,1
3565,290000000,216,345,90,60,1,1,1,1
3565,340000000,440,337,60,45,1,1,1,1
3565,220000000,644,337,280,65,1,1,1,1
3565,210000000,734,406,55,45,1,1,1,1
3566,380000000,-117,376,180,115,1,1,1,1
3566,290000000,216,345,90,60,1,1,1,1
3566,340000000,440,337,60,45,1,1,1,1
3566,220000000,644,337,280,65,1,1,1,1
3566,210000000,734,406,55,45,1,1,1,1
3567,380000000,-117,376,180,115,1,1,1,1
3567,290000000,216,345,90,60,1,1,1,1
3567,340000000,440,337,60,45,1,1,1,1
3567,220000000,644,337,280,65,1,1,1,1
3567,210000000,734,406,55,45,1,1,1,1
3568,380000000,-117,376,180,115,1,1,1,1
3568,290000000,216,345,90,60,1,1,1,1
3568,340000000,440,337,60,45,1,1,1,1
3568,220000000,644,337,280,65,1,1,1,1
3568,210000000,734,406,55,45,1,1,1,1
3569,380000000,-117,376,180,115,1,1,1,1
3569,290000000,216,345,90,60,1,1,1,1
3569,340000000,440,337,60,45,1,1,1,1
3569,220000000,644,337,280,65,1,1,1,1
3569,210000000,734,406,55,45,1,1,1,1
3570,380000000,-117,376,180,115,1,1,1,1
3570,290000000,216,345,90,60,1,1,1,1
3570,340000000,440,337,60,45,1,1,1,1
3570,220000000,644,337,280,65,1,1,1,1
3570,210000000,734,406,55,45,1,1,1,1
3571,380000000,-117,376,180,115,1,1,1,1
3571,290000000,216,345,90,60,1,1,1,1
3571,340000000,440,337,60,45,1,1,1,1
3571,220000000,644,337,280,65,1,1,1,1
3571,210000000,734,406,55,45,1,1,1,1
3572,380000000,-118,377,180,115,1,1,1,1
3572,290000000,216,345,90,60,1,1,1,1
3572,340000000,440,337,60,45,1,1,1,1
3572,220000000,644,337,280,65,1,1,1,1
3572,210000000,734,407,55,45,1,1,1,1
3573,380000000,-118,377,180,115,1,1,1,1
3573,290000000,215,345,90,60,1,1,1,1
3573,340000000,440,337,60,45,1,1,1,1
3573,220000000,644,337,280,65,1,1,1,1
3573,210000000,733,407,55,45,1,1,1,1
3574,380000000,-118,377,180,115,1,1,1,1
3574,290000000,215,345,90,60,1,1,1,1
3574,340000000,440,337,60,45,1,1,1,1
3574,220000000,644,337,280,65,1,1,1,1
3574,210000000,733,407,55,45,1,1,1,1
3575,380000000,-118,377,180,115,1,1,1,1
3575,290000000,215,345,90,60,1,1,1,1
3575,340000000,440,337,60,45,1,1,1,1
3575,220000000,644,337,280,65,1,1,1,1
3575,210000000,733,407,55,45,1,1,1,1
3576,380000000,-118,377,180,115,1,1,1,1
3576,290000000,215,345,90,60,1,1,1,1
3576,340000000,440,337,60,45,1,1,1,1
3576,220000000,644,337,280,65,1,1,1,1
3576,210000000,733,407,55,45,1,1,1,1
3577,380000000,-118,377,180,115,1,1,1,1
3577,290000000,215,345,90,60,1,1,1,1
3577,340000000,440,337,60,45,1,1,1,1
3577,220000000,644,337,280,65,1,1,1,1
3577,210000000,733,407,55,45,1,1,1,1
3578,380000000,-118,377,180,115,1,1,1,1
3578,290000000,215,345,90,60,1,1,1,1
3578,340000000,440,337,60,45,1,1,1,1
3578,220000000,644,337,280,65,1,1,1,1
3578,210000000,733,407,55,45,1,1,1,1
3579,380000000,-118,377,180,115,1,1,1,1
3579,290000000,215,345,90,60,1,1,1,1
3579,340000000,440,337,60,45,1,1,1,1
3579,220000000,644,337,280,65,1,1,1,1
3579,210000000,733,407,55,45,1,1,1,1
3580,380000000,-118,377,180,115,1,1,1,1
3580,290000000,215,345,90,60,1,1,1,1
3580,340000000,440,337,60,45,1,1,1,1
3580,220000000,644,337,280,65,1,1,1,1
3580,210000000,733,407,55,45,1,1,1,1
3581,380000000,-118,377,180,115,1,1,1,1
3581,290000000,215,345,90,60,1,1,1,1
3581,340000000,440,337,60,45,1,1,1,1
3581,220000000,644,337,280,65,1,1,1,1
3581,210000000,733,407,55,45,1,1,1,1
3582,380000000,-118,377,180,115,1,1,1,1
3582,290000000,215,345,90,60,1,1,1,1
3582,340000000,440,337,60,45,1,1,1,1
3582,220000000,644,337,280,65,1,1,1,1
3582,210000000,733,407,55,45,1,1,1,1
3583,380000000,-118,377,180,115,1,1,1,1
3583,290000000,215,345,90,60,1,1,1,1
3583,340000000,440,337,60,45,1,1,1,1
3583,220000000,644,337,280,65,1,1,1,1
3583,210000000,733,407,55,45,1,1,1,1
3584,380000000,-118,377,180,115,1,1,1,1
3584,290000000,215,345,90,60,1,1,1,1
3584,340000000,440,337,60,45,1,1,1,1
3584,220000000,644,337,280,65,1,1,1,1
3584,210000000,733,407,55,45,1,1,1,1
3585,380000000,-118,377,180,115,1,1,1,1
3585,290000000,215,345,90,60,1,1,1,1
3585,340000000,440,337,60,45,1,1,1,1
3585,220000000,644,337,280,65,1,1,1,1
3585,210000000,733,407,55,45,1,1,1,1
3586,380000000,-118,377,180,115,1,1,1,1
3586,290000000,215,345,90,60,1,1,1,1
3586,340000000,440,337,60,45,1,1,1,1
3586,220000000,644,337,280,65,1,1,1,1
3586,210000000,733,407,55,45,1,1,1,1
3587,380000000,-119,377,180,115,1,1,1,1
3587,290000000,215,345,90,60,1,1,1,1
3587,340000000,440,337,60,45,1,1,1,1
3587,220000000,644,337,280,65,1,1,1,1
3587,210000000,733,407,55,45,1,1,1,1
3588,380000000,-119,377,180,115,1,1,1,1
3588,290000000,215,345,90,60,1,1,1,1
3588,340000000,440,337,60,45,1,1,1,1
3588,220000000,644,337,280,65,1,1,1,1
3588,210000000,733,407,55,45,1,1,1,1
3589,380000000,-119,377,180,115,1,1,1,1
3589,290000000,215,345,90,60,1,1,1,1
3589,340000000,440,337,60,45,1,1,1,1
3589,220000000,644,337,280,65,1,1,1,1
3589,210000000,733,407,55,45,1,1,1,1
3590,380000000,-119,377,180,115,1,1,1,1
3590,290000000,215,345,90,60,1,1,1,1
3590,340000000,440,337,60,45,1,1,1,1
3590,220000000,644,337,280,65,1,1,1,1
3590,210000000,733,407,55,45,1,1,1,1
3591,380000000,-119,377,180,115,1,1,1,1
3591,290000000,215,345,90,60,1,1,1,1
3591,340000000,440,337,60,45,1,1,1,1
3591,220000000,644,337,280,65,1,1,1,1
3591,210000000,733,407,55,45,1,1,1,1
3592,380000000,-119,377,180,115,1,1,1,1
3592,290000000,215,345,90,60,1,1,1,1
3592,340000000,440,337,60,45,1,1,1,1
3592,220000000,644,337,280,65,1,1,1,1
3592,210000000,733,407,55,45,1,1,1,1
3593,380000000,-119,377,180,115,1,1,1,1
3593,290000000,215,345,90,60,1,1,1,1
3593,340000000,440,337,60,45,1,1,1,1
3593,220000000,644,337,280,65,1,1,1,1
3593,210000000,732,407,55,45,1,1,1,1
3594,380000000,-119,377,180,115,1,1,1,1
3594,290000000,215,345,90,60,1,1,1,1
3594,340000000,440,337,60,45,1,1,1,1
3594,220000000,644,337,280,65,1,1,1,1
3594,210000000,732,407,55,45,1,1,1,1
3595,380000000,-119,377,180,115,1,1,1,1
3595,290000000,215,345,90,60,1,1,1,1
3595,340000000,440,337,60,45,1,1,1,1
3595,220000000,644,337,280,65,1,1,1,1
3595,210000000,732,407,55,45,1,1,1,1
3596,380000000,-119,377,180,115,1,1,1,1
3596,290000000,215,345,90,60,1,1,1,1
3596,340000000,440,337,60,45,1,1,1,1
3596,220000000,644,337,280,65,1,1,1,1
3596,210000000,732,407,55,45,1,1,1,1
3597,380000000,-119,377,180,115,1,1,1,1
3597,290000000,215,345,90,60,1,1,1,1
3597,340000000,440,337,60,45,1,1,1,1
3597,220000000,644,337,280,65,1,1,1,1
3597,210000000,732,407,55,45,1,1,1,1
3598,380000000,-119,377,180,115,1,1,1,1
3598,290000000,215,345,90,60,1,1,1,1
3598,340000000,440,337,60,45,1,1,1,1
3598,220000000,644,337,280,65,1,1,1,1
3598,210000000,732,407,55,45,1,1,1,1
3599,380000000,-119,377,180,115,1,1,1,1
3599,290000000,215,345,90,60,1,1,1,1
3599,340000000,440,337,60,45,1,1,1,1
3599,220000000,644,337,280,65,1,1,1,1
3599,210000000,732,407,55,45,1,1,1,1
3600,380000000,-119,377,180,115,1,1,1,1
3600,290000000,215,345,90,60,1,1,1,1
3600,340000000,440,337,60,45,1,1,1,1
3600,220000000,644,337,280,65,1,1,1,1
3600,210000000,732,407,55,45,1,1,1,1
3601,380000000,-119,377,180,115,1,1,1,1
3601,290000000,215,345,90,60,1,1,1,1
3601,340000000,440,337,60,45,1,1,1,1
3601,220000000,644,337,280,65,1,1,1,1
3601,210000000,732,407,55,45,1,1,1,1