2,0,120,317,180,115,1,1,1,1
2,0,335,345,90,60,1,1,1,1
2,0,500,337,60,45,1,1,1,1
2,0,680,337,280,65,1,1,1,1
2,0,912,347,55,45,1,1,1,1
3,0,119,317,180,115,1,1,1,1
3,0,334,345,90,60,1,1,1,1
3,0,499,337,60,45,1,1,1,1
3,0,679,337,280,65,1,1,1,1
3,0,912,347,55,45,1,1,1,1
4,0,119,317,180,115,1,1,1,1
4,0,334,345,90,60,1,1,1,1
4,0,499,337,60,45,1,1,1,1
4,0,679,337,280,65,1,1,1,1
4,0,912,347,55,45,1,1,1,1
5,0,119,317,180,115,1,1,1,1
5,0,334,345,90,60,1,1,1,1
5,0,499,337,60,45,1,1,1,1
5,0,679,337,280,65,1,1,1,1
5,0,912,347,55,45,1,1,1,1
6,0,119,317,180,115,1,1,1,1
6,0,334,345,90,60,1,1,1,1
6,0,499,337,60,45,1,1,1,1
6,0,679,337,280,65,1,1,1,1
6,0,912,347,55,45,1,1,1,1
7,0,119,317,180,115,1,1,1,1
7,0,334,345,90,60,1,1,1,1
7,0,499,337,60,45,1,1,1,1
7,0,679,337,280,65,1,1,1,1
7,0,912,347,55,45,1,1,1,1
8,0,119,317,180,115,1,1,1,1
8,0,334,345,90,60,1,1,1,1
8,0,499,337,60,45,1,1,1,1
8,0,679,337,280,65,1,1,1,1
8,0,912,347,55,45,1,1,1,1
9,0,119,317,180,115,1,1,1,1
9,0,334,345,90,60,1,1,1,1
9,0,499,337,60,45,1,1,1,1
9,0,679,337,280,65,1,1,1,1
9,0,912,347,55,45,1,1,1,1
10,0,119,317,180,115,1,1,1,1
10,0,334,345,90,60,1,1,1,1
10,0,499,337,60,45,1,1,1,1
10,0,679,337,280,65,1,1,1,1
10,0,912,347,55,45,1,1,1,1
11,0,119,317,180,115,1,1,1,1
11,0,334,345,90,60,1,1,1,1
11,0,499,337,60,45,1,1,1,1
11,0,679,337,280,65,1,1,1,1
11,0,912,347,55,45,1,1,1,1
12,0,119,317,180,115,1,1,1,1
12,0,334,345,90,60,1,1,1,1
12,0,499,337,60,45,1,1,1,1
12,0,679,337,280,65,1,1,1,1
12,0,912,347,55,45,1,1,1,1
13,0,119,317,180,115,1,1,1,1
13,0,334,345,90,60,1,1,1,1
13,0,499,337,60,45,1,1,1,1
13,0,679,337,280,65,1,1,1,1
13,0,911,347,55,45,1,1,1,1
14,0,119,317,180,115,1,1,1,1
14,0,334,345,90,60,1,1,1,1
14,0,499,337,60,45,1,1,1,1
14,0,679,337,280,65,1,1,1,1
14,0,911,347,55,45,1,1,1,1
15,0,119,317,180,115,1,1,1,1
15,0,334,345,90,60,1,1,1,1
15,0,499,337,60,45,1,1,1,1
15,0,679,337,280,65,1,1,1,1
15,0,911,347,55,45,1,1,1,1
16,0,119,317,180,115,1,1,1,1
16,0,334,345,90,60,1,1,1,1
16,0,499,337,60,45,1,1,1,1
16,0,679,337,280,65,1,1,1,1
16,0,911,347,55,45,1,1,1,1
17,0,119,317,180,115,1,1,1,1
17,0,334,345,90,60,1,1,1,1
17,0,499,337,60,45,1,1,1,1
17,0,679,337,280,65,1,1,1,1
17,0,911,347,55,45,1,1,1,1
18,0,118,317,180,115,1,1,1,1
18,0,334,345,90,60,1,1,1,1
18,0,499,337,60,45,1,1,1,1
18,0,679,337,280,65,1,1,1,1
18,0,911,347,55,45,1,1,1,1
19,0,118,317,180,115,1,1,1,1
19,0,334,345,90,60,1,1,1,1
19,0,499,337,60,45,1,1,1,1
19,0,679,337,280,65,1,1,1,1
19,0,911,347,55,45,1,1,1,1
20,0,118,317,180,115,1,1,1,1
20,0,334,345,90,60,1,1,1,1
20,0,499,337,60,45,1,1,1,1
20,0,679,337,280,65,1,1,1,1
20,0,911,347,55,45,1,1,1,1
21,0,118,317,180,115,1,1,1,1
21,0,334,345,90,60,1,1,1,1
21,0,499,337,60,45,1,1,1,1
21,0,679,337,280,65,1,1,1,1
21,0,911,347,55,45,1,1,1,1
22,0,118,317,180,115,1,1,1,1
22,0,334,345,90,60,1,1,1,1
22,0,499,337,60,45,1,1,1,1
22,0,679,337,280,65,1,1,1,1
22,0,911,347,55,45,1,1,1,1
23,0,118,317,180,115,1,1,1,1
23,0,334,345,90,60,1,1,1,1
23,0,499,337,60,45,1,1,1,1
23,0,679,337,280,65,1,1,1,1
23,0,911,347,55,45,1,1,1,1
24,0,118,317,180,115,1,1,1,1
24,0,334,345,90,60,1,1,1,1
24,0,499,337,60,45,1,1,1,1
24,0,679,337,280,65,1,1,1,1
24,0,911,347,55,45,1,1,1,1
25,0,118,317,180,115,1,1,1,1
25,0,334,345,90,60,1,1,1,1
25,0,499,337,60,45,1,1,1,1
25,0,679,337,280,65,1,1,1,1
25,0,911,347,55,45,1,1,1,1
26,0,118,317,180,115,1,1,1,1
26,0,334,345,90,60,1,1,1,1
26,0,499,337,60,45,1,1,1,1
26,0,679,337,280,65,1,1,1,1
26,0,911,347,55,45,1,1,1,1
27,0,118,317,180,115,1,1,1,1
27,0,334,345,90,60,1,1,1,1
27,0,499,337,60,45,1,1,1,1
27,0,679,337,280,65,1,1,1,1
27,0,911,347,55,45,1,1,1,1
28,0,118,317,180,115,1,1,1,1
28,0,334,345,90,60,1,1,1,1
28,0,499,337,60,45,1,1,1,1
28,0,679,337,280,65,1,1,1,1
28,0,911,347,55,45,1,1,1,1
29,0,118,317,180,115,1,1,1,1
29,0,334,345,90,60,1,1,1,1
29,0,499,337,60,45,1,1,1,1
29,0,679,337,280,65,1,1,1,1
29,0,911,347,55,45,1,1,1,1
30,0,118,317,180,115,1,1,1,1
30,0,334,345,90,60,1,1,1,1
30,0,499,337,60,45,1,1,1,1
30,0,679,337,280,65,1,1,1,1
30,0,911,347,55,45,1,1,1,1
31,0,118,317,180,115,1,1,1,1
31,0,334,345,90,60,1,1,1,1
31,0,499,337,60,45,1,1,1,1
31,0,679,337,280,65,1,1,1,1
31,0,911,347,55,45,1,1,1,1
32,0,118,318,180,115,1,1,1,1
32,0,334,345,90,60,1,1,1,1
32,0,499,337,60,45,1,1,1,1
32,0,679,337,280,65,1,1,1,1
32,0,911,348,55,45,1,1,1,1
33,0,117,318,180,115,1,1,1,1
33,0,333,345,90,60,1,1,1,1
33,0,499,337,60,45,1,1,1,1
33,0,679,337,280,65,1,1,1,1
33,0,910,348,55,45,1,1,1,1
34,0,117,318,180,115,1,1,1,1
34,0,333,345,90,60,1,1,1,1
34,0,499,337,60,45,1,1,1,1
34,0,679,337,280,65,1,1,1,1
34,0,910,348,55,45,1,1,1,1
35,0,117,318,180,115,1,1,1,1
35,0,333,345,90,60,1,1,1,1
35,0,499,337,60,45,1,1,1,1
35,0,679,337,280,65,1,1,1,1
35,0,910,348,55,45,1,1,1,1
36,0,117,318,180,115,1,1,1,1
36,0,333,345,90,60,1,1,1,1
36,0,499,337,60,45,1,1,1,1
36,0,679,337,280,65,1,1,1,1
36,0,910,348,55,45,1,1,1,1
37,0,117,318,180,115,1,1,1,1
37,0,333,345,90,60,1,1,1,1
37,0,499,337,60,45,1,1,1,1
37,0,679,337,280,65,1,1,1,1
37,0,910,348,55,45,1,1,1,1
38,0,117,318,180,115,1,1,1,1
38,0,333,345,90,60,1,1,1,1
38,0,499,337,60,45,1,1,1,1
38,0,679,337,280,65,1,1,1,1
38,0,910,348,55,45,1,1,1,1
39,0,117,318,180,115,1,1,1,1
39,0,333,345,90,60,1,1,1,1
39,0,499,337,60,45,1,1,1,1
39,0,679,337,280,65,1,1,1,1
39,0,910,348,55,45,1,1,1,1
40,0,117,318,180,115,1,1,1,1
40,0,333,345,90,60,1,1,1,1
40,0,499,337,60,45,1,1,1,1
40,0,679,337,280,65,1,1,1,1
40,0,910,348,55,45,1,1,1,1
41,0,117,318,180,115,1,1,1,1
41,0,333,345,90,60,1,1,1,1
41,0,499,337,60,45,1,1,1,1
41,0,679,337,280,65,1,1,1,1
41,0,910,348,55,45,1,1,1,1
42,0,117,318,180,115,1,1,1,1
42,0,333,345,90,60,1,1,1,1
42,0,499,337,60,45,1,1,1,1
42,0,679,337,280,65,1,1,1,1
42,0,910,348,55,45,1,1,1,1
43,0,117,318,180,115,1,1,1,1
43,0,333,345,90,60,1,1,1,1
43,0,499,337,60,45,1,1,1,1
43,0,679,337,280,65,1,1,1,1
43,0,910,348,55,45,1,1,1,1
44,0,117,318,180,115,1,1,1,1
44,0,333,345,90,60,1,1,1,1
44,0,499,337,60,45,1,1,1,1
44,0,679,337,280,65,1,1,1,1
44,0,910,348,55,45,1,1,1,1
45,0,117,318,180,115,1,1,1,1
45,0,333,345,90,60,1,1,1,1
45,0,499,337,60,45,1,1,1,1
45,0,679,337,280,65,1,1,1,1
45,0,910,348,55,45,1,1,1,1
46,0,117,318,180,115,1,1,1,1
46,0,333,345,90,60,1,1,1,1
46,0,499,337,60,45,1,1,1,1
46,0,679,337,280,65,1,1,1,1
46,0,910,348,55,45,1,1,1,1
47,0,117,318,180,115,1,1,1,1
47,0,333,345,90,60,1,1,1,1
47,0,499,337,60,45,1,1,1,1
47,0,679,337,280,65,1,1,1,1
47,0,910,348,55,45,1,1,1,1
48,0,116,318,180,115,1,1,1,1
48,0,333,345,90,60,1,1,1,1
48,0,499,337,60,45,1,1,1,1
48,0,679,337,280,65,1,1,1,1
48,0,910,348,55,45,1,1,1,1
49,0,116,318,180,115,1,1,1,1
49,0,333,345,90,60,1,1,1,1
49,0,499,337,60,45,1,1,1,1
49,0,679,337,280,65,1,1,1,1
49,0,910,348,55,45,1,1,1,1
50,0,116,318,180,115,1,1,1,1
50,0,333,345,90,60,1,1,1,1
50,0,499,337,60,45,1,1,1,1
50,0,679,337,280,65,1,1,1,1
50,0,910,348,55,45,1,1,1,1
51,0,116,318,180,115,1,1,1,1
51,0,333,345,90,60,1,1,1,1
51,0,499,337,60,45,1,1,1,1
51,0,679,337,280,65,1,1,1,1
51,0,910,348,55,45,1,1,1,1
52,0,116,318,180,115,1,1,1,1
52,0,333,345,90,60,1,1,1,1
52,0,499,337,60,45,1,1,1,1
52,0,679,337,280,65,1,1,1,1
52,0,910,348,55,45,1,1,1,1
53,0,116,318,180,115,1,1,1,1
53,0,333,345,90,60,1,1,1,1
53,0,499,337,60,45,1,1,1,1
53,0,679,337,280,65,1,1,1,1
53,0,909,348,55,45,1,1,1,1
54,0,116,318,180,115,1,1,1,1
54,0,333,345,90,60,1,1,1,1
54,0,499,337,60,45,1,1,1,1
54,0,679,337,280,65,1,1,1,1
54,0,909,348,55,45,1,1,1,1
55,0,116,318,180,115,1,1,1,1
55,0,333,345,90,60,1,1,1,1
55,0,499,337,60,45,1,1,1,1
55,0,679,337,280,65,1,1,1,1
55,0,909,348,55,45,1,1,1,1
56,0,116,318,180,115,1,1,1,1
56,0,333,345,90,60,1,1,1,1
56,0,499,337,60,45,1,1,1,1
56,0,679,337,280,65,1,1,1,1
56,0,909,348,55,45,1,1,1,1
57,0,116,318,180,115,1,1,1,1
57,0,333,345,90,60,1,1,1,1
57,0,499,337,60,45,1,1,1,1
57,0,679,337,280,65,1,1,1,1
57,0,909,348,55,45,1,1,1,1
58,0,116,318,180,115,1,1,1,1
58,0,333,345,90,60,1,1,1,1
58,0,499,337,60,45,1,1,1,1
58,0,679,337,280,65,1,1,1,1
58,0,909,348,55,45,1,1,1,1
59,0,116,318,180,115,1,1,1,1
59,0,333,345,90,60,1,1,1,1
59,0,499,337,60,45,1,1,1,1
59,0,679,337,280,65,1,1,1,1
59,0,909,348,55,45,1,1,1,1
60,0,116,318,180,115,1,1,1,1
60,0,333,345,90,60,1,1,1,1
60,0,499,337,60,45,1,1,1,1
60,0,679,337,280,65,1,1,1,1
60,0,909,348,55,45,1,1,1,1
61,0,116,318,180,115,1,1,1,1
61,0,333,345,90,60,1,1,1,1
61,0,499,337,60,45,1,1,1,1
61,0,679,337,280,65,1,1,1,1
61,0,909,348,55,45,1,1,1,1
62,0,116,318,180,115,1,1,1,1
62,0,333,345,90,60,1,1,1,1
62,0,499,337,60,45,1,1,1,1
62,0,679,337,280,65,1,1,1,1
62,0,909,348,55,45,1,1,1,1
63,0,115,318,180,115,1,1,1,1
63,0,332,345,90,60,1,1,1,1
63,0,498,337,60,45,1,1,1,1
63,0,679,337,280,65,1,1,1,1
63,0,909,348,55,45,1,1,1,1
64,0,115,318,180,115,1,1,1,1
64,0,332,345,90,60,1,1,1,1
64,0,498,337,60,45,1,1,1,1
64,0,679,337,280,65,1,1,1,1
64,0,909,348,55,45,1,1,1,1
65,0,115,318,180,115,1,1,1,1
65,0,332,345,90,60,1,1,1,1
65,0,498,337,60,45,1,1,1,1
65,0,679,337,280,65,1,1,1,1
65,0,909,348,55,45,1,1,1,1
66,0,115,318,180,115,1,1,1,1
66,0,332,345,90,60,1,1,1,1
66,0,498,337,60,45,1,1,1,1
66,0,679,337,280,65,1,1,1,1
66,0,909,348,55,45,1,1,1,1
67,0,115,318,180,115,1,1,1,1
67,0,332,345,90,60,1,1,1,1
67,0,498,337,60,45,1,1,1,1
67,0,679,337,280,65,1,1,1,1
67,0,909,348,55,45,1,1,1,1
68,0,115,318,180,115,1,1,1,1
68,0,332,345,90,60,1,1,1,1
68,0,498,337,60,45,1,1,1,1
68,0,679,337,280,65,1,1,1,1
68,0,909,348,55,45,1,1,1,1
69,0,115,318,180,115,1,1,1,1
69,0,332,345,90,60,1,1,1,1
69,0,498,337,60,45,1,1,1,1
69,0,679,337,280,65,1,1,1,1
69,0,909,348,55,45,1,1,1,1
70,0,115,318,180,115,1,1,1,1
70,0,332,345,90,60,1,1,1,1
70,0,498,337,60,45,1,1,1,1
70,0,679,337,280,65,1,1,1,1
70,0,909,348,55,45,1,1,1,1
71,0,115,318,180,115,1,1,1,1
71,0,332,345,90,60,1,1,1,1
71,0,498,337,60,45,1,1,1,1
71,0,679,337,280,65,1,1,1,1
71,0,909,348,55,45,1,1,1,1
72,0,115,318,180,115,1,1,1,1
72,0,332,345,90,60,1,1,1,1
72,0,498,337,60,45,1,1,1,1
72,0,679,337,280,65,1,1,1,1
72,0,909,348,55,45,1,1,1,1
73,0,115,318,180,115,1,1,1,1
73,0,332,345,90,60,1,1,1,1
73,0,498,337,60,45,1,1,1,1
73,0,679,337,280,65,1,1,1,1
73,0,908,348,55,45,1,1,1,1
74,0,115,318,180,115,1,1,1,1
74,0,332,345,90,60,1,1,1,1
74,0,498,337,60,45,1,1,1,1
74,0,679,337,280,65,1,1,1,1
74,0,908,348,55,45,1,1,1,1
75,0,115,318,180,115,1,1,1,1
75,0,332,345,90,60,1,1,1,1
75,0,498,337,60,45,1,1,1,1
75,0,679,337,280,65,1,1,1,1
75,0,908,348,55,45,1,1,1,1
76,0,115,318,180,115,1,1,1,1
76,0,332,345,90,60,1,1,1,1
76,0,498,337,60,45,1,1,1,1
76,0,679,337,280,65,1,1,1,1
76,0,908,348,55,45,1,1,1,1
77,0,115,318,180,115,1,1,1,1
77,0,332,345,90,60,1,1,1,1
77,0,498,337,60,45,1,1,1,1
77,0,679,337,280,65,1,1,1,1
77,0,908,348,55,45,1,1,1,1
78,0,114,318,180,115,1,1,1,1
78,0,332,345,90,60,1,1,1,1
78,0,498,337,60,45,1,1,1,1
78,0,679,337,280,65,1,1,1,1
78,0,908,348,55,45,1,1,1,1
79,0,114,318,180,115,1,1,1,1
79,0,332,345,90,60,1,1,1,1
79,0,498,337,60,45,1,1,1,1
79,0,679,337,280,65,1,1,1,1
79,0,908,348,55,45,1,1,1,1
80,0,114,318,180,115,1,1,1,1
80,0,332,345,90,60,1,1,1,1
80,0,498,337,60,45,1,1,1,1
80,0,679,337,280,65,1,1,1,1
80,0,908,348,55,45,1,1,1,1
81,0,114,318,180,115,1,1,1,1
81,0,332,345,90,60,1,1,1,1
81,0,498,337,60,45,1,1,1,1
81,0,679,337,280,65,1,1,1,1
81,0,908,348,55,45,1,1,1,1
82,0,114,318,180,115,1,1,1,1
82,0,332,345,90,60,1,1,1,1
82,0,498,337,60,45,1,1,1,1
82,0,679,337,280,65,1,1,1,1
82,0,908,348,55,45,1,1,1,1
83,0,114,318,180,115,1,1,1,1
83,0,332,345,90,60,1,1,1,1
83,0,498,337,60,45,1,1,1,1
83,0,679,337,280,65,1,1,1,1
83,0,908,348,55,45,1,1,1,1
84,0,114,318,180,115,1,1,1,1
84,0,332,345,90,60,1,1,1,1
84,0,498,337,60,45,1,1,1,1
84,0,679,337,280,65,1,1,1,1
84,0,908,348,55,45,1,1,1,1
85,0,114,318,180,115,1,1,1,1
85,0,332,345,90,60,1,1,1,1
85,0,498,337,60,45,1,1,1,1
85,0,679,337,280,65,1,1,1,1
85,0,908,348,55,45,1,1,1,1
86,0,114,318,180,115,1,1,1,1
86,0,332,345,90,60,1,1,1,1
86,0,498,337,60,45,1,1,1,1
86,0,679,337,280,65,1,1,1,1
86,0,908,348,55,45,1,1,1,1
87,0,114,318,180,115,1,1,1,1
87,0,332,345,90,60,1,1,1,1
87,0,498,337,60,45,1,1,1,1
87,0,679,337,280,65,1,1,1,1
87,0,908,348,55,45,1,1,1,1
88,0,114,318,180,115,1,1,1,1
88,0,332,345,90,60,1,1,1,1
88,0,498,337,60,45,1,1,1,1
88,0,679,337,280,65,1,1,1,1
88,0,908,348,55,45,1,1,1,1
89,0,114,318,180,115,1,1,1,1
89,0,332,345,90,60,1,1,1,1
89,0,498,337,60,45,1,1,1,1
89,0,679,337,280,65,1,1,1,1
89,0,908,348,55,45,1,1,1,1
90,0,114,318,180,115,1,1,1,1
90,0,332,345,90,60,1,1,1,1
90,0,498,337,60,45,1,1,1,1
90,0,679,337,280,65,1,1,1,1
90,0,908,348,55,45,1,1,1,1
91,0,114,318,180,115,1,1,1,1
91,0,332,345,90,60,1,1,1,1
91,0,498,337,60,45,1,1,1,1
91,0,679,337,280,65,1,1,1,1
91,0,908,348,55,45,1,1,1,1
92,0,114,319,180,115,1,1,1,1
92,0,332,345,90,60,1,1,1,1
92,0,498,337,60,45,1,1,1,1
92,0,679,337,280,65,1,1,1,1
92,0,908,349,55,45,1,1,1,1
93,0,113,319,180,115,1,1,1,1
93,0,331,345,90,60,1,1,1,1
93,0,498,337,60,45,1,1,1,1
93,0,679,337,280,65,1,1,1,1
93,0,907,349,55,45,1,1,1,1
94,0,113,319,180,115,1,1,1,1
94,0,331,345,90,60,1,1,1,1
94,0,498,337,60,45,1,1,1,1
94,0,679,337,280,65,1,1,1,1
94,0,907,349,55,45,1,1,1,1
95,0,113,319,180,115,1,1,1,1
95,0,331,345,90,60,1,1,1,1
95,0,498,337,60,45,1,1,1,1
95,0,679,337,280,65,1,1,1,1
95,0,907,349,55,45,1,1,1,1
96,0,113,319,180,115,1,1,1,1
96,0,331,345,90,60,1,1,1,1
96,0,498,337,60,45,1,1,1,1
96,0,679,337,280,65,1,1,1,1
96,0,907,349,55,45,1,1,1,1
97,0,113,319,180,115,1,1,1,1
97,0,331,345,90,60,1,1,1,1
97,0,498,337,60,45,1,1,1,1
97,0,679,337,280,65,1,1,1,1
97,0,907,349,55,45,1,1,1,1
98,0,113,319,180,115,1,1,1,1
98,0,331,345,90,60,1,1,1,1
98,0,498,337,60,45,1,1,1,1
98,0,679,337,280,65,1,1,1,1
98,0,907,349,55,45,1,1,1,1
99,0,113,319,180,115,1,1,1,1
99,0,331,345,90,60,1,1,1,1
99,0,498,337,60,45,1,1,1,1
99,0,679,337,280,65,1,1,1,1
99,0,907,349,55,45,1,1,1,1
100,0,113,319,180,115,1,1,1,1
100,0,331,345,90,60,1,1,1,1
100,0,498,337,60,45,1,1,1,1
100,0,679,337,280,65,1,1,1,1
100,0,907,349,55,45,1,1,1,1
101,0,113,319,180,115,1,1,1,1
101,0,331,345,90,60,1,1,1,1
101,0,498,337,60,45,1,1,1,1
101,0,679,337,280,65,1,1,1,1
101,0,907,349,55,45,1,1,1,1
102,0,113,319,180,115,1,1,1,1
102,0,331,345,90,60,1,1,1,1
102,0,498,337,60,45,1,1,1,1
102,0,679,337,280,65,1,1,1,1
102,0,907,349,55,45,1,1,1,1
103,0,113,319,180,115,1,1,1,1
103,0,331,345,90,60,1,1,1,1
103,0,498,337,60,45,1,1,1,1
103,0,678,337,280,65,1,1,1,1
103,0,907,349,55,45,1,1,1,1
104,0,113,319,180,115,1,1,1,1
104,0,331,345,90,60,1,1,1,1
104,0,498,337,60,45,1,1,1,1
104,0,678,337,280,65,1,1,1,1
104,0,907,349,55,45,1,1,1,1
105,0,113,319,180,115,1,1,1,1
105,0,331,345,90,60,1,1,1,1
105,0,498,337,60,45,1,1,1,1
105,0,678,337,280,65,1,1,1,1
105,0,907,349,55,45,1,1,1,1
106,0,113,319,180,115,1,1,1,1
106,0,331,345,90,60,1,1,1,1
106,0,498,337,60,45,1,1,1,1
106,0,678,337,280,65,1,1,1,1
106,0,907,349,55,45,1,1,1,1
107,0,113,319,180,115,1,1,1,1
107,0,331,345,90,60,1,1,1,1
107,0,498,337,60,45,1,1,1,1
107,0,678,337,280,65,1,1,1,1
107,0,907,349,55,45,1,1,1,1
108,0,112,319,180,115,1,1,1,1
108,0,331,345,90,60,1,1,1,1
108,0,498,337,60,45,1,1,1,1
108,0,678,337,280,65,1,1,1,1
108,0,907,349,55,45,1,1,1,1
109,0,112,319,180,115,1,1,1,1
109,0,331,345,90,60,1,1,1,1
109,0,498,337,60,45,1,1,1,1
109,0,678,337,280,65,1,1,1,1
109,0,907,349,55,45,1,1,1,1
110,0,112,319,180,115,1,1,1,1
110,0,331,345,90,60,1,1,1,1
110,0,498,337,60,45,1,1,1,1
110,0,678,337,280,65,1,1,1,1
110,0,907,349,55,45,1,1,1,1
111,0,112,319,180,115,1,1,1,1
111,0,331,345,90,60,1,1,1,1
111,0,498,337,60,45,1,1,1,1
111,0,678,337,280,65,1,1,1,1
111,0,907,349,55,45,1,1,1,1
112,0,112,319,180,115,1,1,1,1
112,0,331,345,90,60,1,1,1,1
112,0,498,337,60,45,1,1,1,1
112,0,678,337,280,65,1,1,1,1
112,0,907,349,55,45,1,1,1,1
113,0,112,319,180,115,1,1,1,1
113,0,331,345,90,60,1,1,1,1
113,0,498,337,60,45,1,1,1,1
113,0,678,337,280,65,1,1,1,1
113,0,906,349,55,45,1,1,1,1
114,0,112,319,180,115,1,1,1,1
114,0,331,345,90,60,1,1,1,1
114,0,498,337,60,45,1,1,1,1
114,0,678,337,280,65,1,1,1,1
114,0,906,349,55,45,1,1,1,1
115,0,112,319,180,115,1,1,1,1
115,0,331,345,90,60,1,1,1,1
115,0,498,337,60,45,1,1,1,1
115,0,678,337,280,65,1,1,1,1
115,0,906,349,55,45,1,1,1,1
116,0,112,319,180,115,1,1,1,1
116,0,331,345,90,60,1,1,1,1
116,0,498,337,60,45,1,1,1,1
116,0,678,337,280,65,1,1,1,1
116,0,906,349,55,45,1,1,1,1
117,0,112,319,180,115,1,1,1,1
117,0,331,345,90,60,1,1,1,1
117,0,498,337,60,45,1,1,1,1
117,0,678,337,280,65,1,1,1,1
117,0,906,349,55,45,1,1,1,1
118,0,112,319,180,115,1,1,1,1
118,0,331,345,90,60,1,1,1,1
118,0,498,337,60,45,1,1,1,1
118,0,678,337,280,65,1,1,1,1
118,0,906,349,55,45,1,1,1,1
119,0,112,319,180,115,1,1,1,1
119,0,331,345,90,60,1,1,1,1
119,0,498,337,60,45,1,1,1,1
119,0,678,337,280,65,1,1,1,1
119,0,906,349,55,45,1,1,1,1
120,0,112,319,180,115,1,1,1,1
120,0,331,345,90,60,1,1,1,1
120,0,498,337,60,45,1,1,1,1
120,0,678,337,280,65,1,1,1,1
120,0,906,349,55,45,1,1,1,1
121,0,112,319,180,115,1,1,1,1
121,0,331,345,90,60,1,1,1,1
121,0,498,337,60,45,1,1,1,1
121,0,678,337,280,65,1,1,1,1
121,0,906,349,55,45,1,1,1,1
122,0,112,319,180,115,1,1,1,1
122,0,331,345,90,60,1,1,1,1
122,0,498,337,60,45,1,1,1,1
122,0,678,337,280,65,1,1,1,1
122,0,906,349,55,45,1,1,1,1
123,0,111,319,180,115,1,1,1,1
123,0,330,345,90,60,1,1,1,1
123,0,497,337,60,45,1,1,1,1
123,0,678,337,280,65,1,1,1,1
123,0,906,349,55,45,1,1,1,1
124,0,111,319,180,115,1,1,1,1
124,0,330,345,90,60,1,1,1,1
124,0,497,337,60,45,1,1,1,1
124,0,678,337,280,65,1,1,1,1
124,0,906,349,55,45,1,1,1,1
125,0,111,319,180,115,1,1,1,1
125,0,330,345,90,60,1,1,1,1
125,0,497,337,60,45,1,1,1,1
125,0,678,337,280,65,1,1,1,1
125,0,906,349,55,45,1,1,1,1
126,0,111,319,180,115,1,1,1,1
126,0,330,345,90,60,1,1,1,1
126,0,497,337,60,45,1,1,1,1
126,0,678,337,280,65,1,1,1,1
126,0,906,349,55,45,1,1,1,1
127,0,111,319,180,115,1,1,1,1
127,0,330,345,90,60,1,1,1,1
127,0,497,337,60,45,1,1,1,1
127,0,678,337,280,65,1,1,1,1
127,0,906,349,55,45,1,1,1,1
128,0,111,319,180,115,1,1,1,1
128,0,330,345,90,60,1,1,1,1
128,0,497,337,60,45,1,1,1,1
128,0,678,337,280,65,1,1,1,1
128,0,906,349,55,45,1,1,1,1
129,0,111,319,180,115,1,1,1,1
129,0,330,345,90,60,1,1,1,1
129,0,497,337,60,45,1,1,1,1
129,0,678,337,280,65,1,1,1,1
129,0,906,349,55,45,1,1,1,1
130,0,111,319,180,115,1,1,1,1
130,0,330,345,90,60,1,1,1,1
130,0,497,337,60,45,1,1,1,1
130,0,678,337,280,65,1,1,1,1
130,0,906,349,55,45,1,1,1,1
131,0,111,319,180,115,1,1,1,1
131,0,330,345,90,60,1,1,1,1
131,0,497,337,60,45,1,1,1,1
131,0,678,337,280,65,1,1,1,1
131,0,906,349,55,45,1,1,1,1
132,0,111,319,180,115,1,1,1,1
132,0,330,345,90,60,1,1,1,1
132,0,497,337,60,45,1,1,1,1
132,0,678,337,280,65,1,1,1,1
132,0,906,349,55,45,1,1,1,1
133,0,111,319,180,115,1,1,1,1
133,0,330,345,90,60,1,1,1,1
133,0,497,337,60,45,1,1,1,1
133,0,678,337,280,65,1,1,1,1
133,0,905,349,55,45,1,1,1,1
134,0,111,319,180,115,1,1,1,1
134,0,330,345,90,60,1,1,1,1
134,0,497,337,60,45,1,1,1,1
134,0,678,337,280,65,1,1,1,1
134,0,905,349,55,45,1,1,1,1
135,0,111,319,180,115,1,1,1,1
135,0,330,345,90,60,1,1,1,1
135,0,497,337,60,45,1,1,1,1
135,0,678,337,280,65,1,1,1,1
135,0,905,349,55,45,1,1,1,1
136,0,111,319,180,115,1,1,1,1
136,0,330,345,90,60,1,1,1,1
136,0,497,337,60,45,1,1,1,1
136,0,678,337,280,65,1,1,1,1
136,0,905,349,55,45,1,1,1,1
137,0,111,319,180,115,1,1,1,1
137,0,330,345,90,60,1,1,1,1
137,0,497,337,60,45,1,1,1,1
137,0,678,337,280,65,1,1,1,1
137,0,905,349,55,45,1,1,1,1
138,0,110,319,180,115,1,1,1,1
138,0,330,345,90,60,1,1,1,1
138,0,497,337,60,45,1,1,1,1
138,0,678,337,280,65,1,1,1,1
138,0,905,349,55,45,1,1,1,1
139,0,110,319,180,115,1,1,1,1
139,0,330,345,90,60,1,1,1,1
139,0,497,337,60,45,1,1,1,1
139,0,678,337,280,65,1,1,1,1
139,0,905,349,55,45,1,1,1,1
140,0,110,319,180,115,1,1,1,1
140,0,330,345,90,60,1,1,1,1
140,0,497,337,60,45,1,1,1,1
140,0,678,337,280,65,1,1,1,1
140,0,905,349,55,45,1,1,1,1
141,0,110,319,180,115,1,1,1,1
141,0,330,345,90,60,1,1,1,1
141,0,497,337,60,45,1,1,1,1
141,0,678,337,280,65,1,1,1,1
141,0,905,349,55,45,1,1,1,1
142,0,110,319,180,115,1,1,1,1
142,0,330,345,90,60,1,1,1,1
142,0,497,337,60,45,1,1,1,1
142,0,678,337,280,65,1,1,1,1
142,0,905,349,55,45,1,1,1,1
143,0,110,319,180,115,1,1,1,1
143,0,330,345,90,60,1,1,1,1
143,0,497,337,60,45,1,1,1,1
143,0,678,337,280,65,1,1,1,1
143,0,905,349,55,45,1,1,1,1
144,0,110,319,180,115,1,1,1,1
144,0,330,345,90,60,1,1,1,1
144,0,497,337,60,45,1,1,1,1
144,0,678,337,280,65,1,1,1,1
144,0,905,349,55,45,1,1,1,1
145,0,110,319,180,115,1,1,1,1
145,0,330,345,90,60,1,1,1,1
145,0,497,337,60,45,1,1,1,1
145,0,678,337,280,65,1,1,1,1
145,0,905,349,55,45,1,1,1,1
146,0,110,319,180,115,1,1,1,1
146,0,330,345,90,60,1,1,1,1
146,0,497,337,60,45,1,1,1,1
146,0,678,337,280,65,1,1,1,1
146,0,905,349,55,45,1,1,1,1
147,0,110,319,180,115,1,1,1,1
147,0,330,345,90,60,1,1,1,1
147,0,497,337,60,45,1,1,1,1
147,0,678,337,280,65,1,1,1,1
147,0,905,349,55,45,1,1,1,1
148,0,110,319,180,115,1,1,1,1
148,0,330,345,90,60,1,1,1,1
148,0,497,337,60,45,1,1,1,1
148,0,678,337,280,65,1,1,1,1
148,0,905,349,55,45,1,1,1,1
149,0,110,319,180,115,1,1,1,1
149,0,330,345,90,60,1,1,1,1
149,0,497,337,60,45,1,1,1,1
149,0,678,337,280,65,1,1,1,1
149,0,905,349,55,45,1,1,1,1
150,0,110,319,180,115,1,1,1,1
150,0,330,345,90,60,1,1,1,1
150,0,497,337,60,45,1,1,1,1
150,0,678,337,280,65,1,1,1,1
150,0,905,349,55,45,1,1,1,1
151,0,110,319,180,115,1,1,1,1
151,0,330,345,90,60,1,1,1,1
151,0,497,337,60,45,1,1,1,1
151,0,678,337,280,65,1,1,1,1
151,0,905,349,55,45,1,1,1,1
152,0,110,320,180,115,1,1,1,1
152,0,330,345,90,60,1,1,1,1
152,0,497,337,60,45,1,1,1,1
152,0,678,337,280,65,1,1,1,1
152,0,905,350,55,45,1,1,1,1
153,0,109,320,180,115,1,1,1,1
153,0,329,345,90,60,1,1,1,1
153,0,497,337,60,45,1,1,1,1
153,0,678,337,280,65,1,1,1,1
153,0,904,350,55,45,1,1,1,1
154,0,109,320,180,115,1,1,1,1
154,0,329,345,90,60,1,1,1,1
154,0,497,337,60,45,1,1,1,1
154,0,678,337,280,65,1,1,1,1
154,0,904,350,55,45,1,1,1,1
155,0,109,320,180,115,1,1,1,1
155,0,329,345,90,60,1,1,1,1
155,0,497,337,60,45,1,1,1,1
155,0,678,337,280,65,1,1,1,1
155,0,904,350,55,45,1,1,1,1
156,0,109,320,180,115,1,1,1,1
156,0,329,345,90,60,1,1,1,1
156,0,497,337,60,45,1,1,1,1
156,0,678,337,280,65,1,1,1,1
156,0,904,350,55,45,1,1,1,1
157,0,109,320,180,115,1,1,1,1
157,0,329,345,90,60,1,1,1,1
157,0,497,337,60,45,1,1,1,1
157,0,678,337,280,65,1,1,1,1
157,0,904,350,55,45,1,1,1,1
158,0,109,320,180,115,1,1,1,1
158,0,329,345,90,60,1,1,1,1
158,0,497,337,60,45,1,1,1,1
158,0,678,337,280,65,1,1,1,1
158,0,904,350,55,45,1,1,1,1
159,0,109,320,180,115,1,1,1,1
159,0,329,345,90,60,1,1,1,1
159,0,497,337,60,45,1,1,1,1
159,0,678,337,280,65,1,1,1,1
159,0,904,350,55,45,1,1,1,1
160,0,109,320,180,115,1,1,1,1
160,0,329,345,90,60,1,1,1,1
160,0,497,337,60,45,1,1,1,1
160,0,678,337,280,65,1,1,1,1
160,0,904,350,55,45,1,1,1,1
161,0,109,320,180,115,1,1,1,1
161,0,329,345,90,60,1,1,1,1
161,0,497,337,60,45,1,1,1,1
161,0,678,337,280,65,1,1,1,1
161,0,904,350,55,45,1,1,1,1
162,0,109,320,180,115,1,1,1,1
162,0,329,345,90,60,1,1,1,1
162,0,497,337,60,45,1,1,1,1
162,0,678,337,280,65,1,1,1,1
162,0,904,350,55,45,1,1,1,1
163,0,109,320,180,115,1,1,1,1
163,0,329,345,90,60,1,1,1,1
163,0,497,337,60,45,1,1,1,1
163,0,678,337,280,65,1,1,1,1
163,0,904,350,55,45,1,1,1,1
164,0,109,320,180,115,1,1,1,1
164,0,329,345,90,60,1,1,1,1
164,0,497,337,60,45,1,1,1,1
164,0,678,337,280,65,1,1,1,1
164,0,904,350,55,45,1,1,1,1
165,0,109,320,180,115,1,1,1,1
165,0,329,345,90,60,1,1,1,1
165,0,497,337,60,45,1,1,1,1
165,0,678,337,280,65,1,1,1,1
165,0,904,350,55,45,1,1,1,1
166,0,109,320,180,115,1,1,1,1
166,0,329,345,90,60,1,1,1,1
166,0,497,337,60,45,1,1,1,1
166,0,678,337,280,65,1,1,1,1
166,0,904,350,55,45,1,1,1,1
167,0,109,320,180,115,1,1,1,1
167,0,329,345,90,60,1,1,1,1
167,0,497,337,60,45,1,1,1,1
167,0,678,337,280,65,1,1,1,1
167,0,904,350,55,45,1,1,1,1
168,0,108,320,180,115,1,1,1,1
168,0,329,345,90,60,1,1,1,1
168,0,497,337,60,45,1,1,1,1
168,0,678,337,280,65,1,1,1,1
168,0,904,350,55,45,1,1,1,1
169,0,108,320,180,115,1,1,1,1
169,0,329,345,90,60,1,1,1,1
169,0,497,337,60,45,1,1,1,1
169,0,678,337,280,65,1,1,1,1
169,0,904,350,55,45,1,1,1,1
170,0,108,320,180,115,1,1,1,1
170,0,329,345,90,60,1,1,1,1
170,0,497,337,60,45,1,1,1,1
170,0,678,337,280,65,1,1,1,1
170,0,904,350,55,45,1,1,1,1
171,0,108,320,180,115,1,1,1,1
171,0,329,345,90,60,1,1,1,1
171,0,497,337,60,45,1,1,1,1
171,0,678,337,280,65,1,1,1,1
171,0,904,350,55,45,1,1,1,1
172,0,108,320,180,115,1,1,1,1
172,0,329,345,90,60,1,1,1,1
172,0,497,337,60,45,1,1,1,1
172,0,678,337,280,65,1,1,1,1
172,0,904,350,55,45,1,1,1,1
173,0,108,320,180,115,1,1,1,1
173,0,329,345,90,60,1,1,1,1
173,0,497,337,60,45,1,1,1,1
173,0,678,337,280,65,1,1,1,1
173,0,903,350,55,45,1,1,1,1
174,0,108,320,180,115,1,1,1,1
174,0,329,345,90,60,1,1,1,1
174,0,497,337,60,45,1,1,1,1
174,0,678,337,280,65,1,1,1,1
174,0,903,350,55,45,1,1,1,1
175,0,108,320,180,115,1,1,1,1
175,0,329,345,90,60,1,1,1,1
175,0,497,337,60,45,1,1,1,1
175,0,678,337,280,65,1,1,1,1
175,0,903,350,55,45,1,1,1,1
176,0,108,320,180,115,1,1,1,1
176,0,329,345,90,60,1,1,1,1
176,0,497,337,60,45,1,1,1,1
176,0,678,337,280,65,1,1,1,1
176,0,903,350,55,45,1,1,1,1
177,0,108,320,180,115,1,1,1,1
177,0,329,345,90,60,1,1,1,1
177,0,497,337,60,45,1,1,1,1
177,0,678,337,280,65,1,1,1,1
177,0,903,350,55,45,1,1,1,1
178,0,108,320,180,115,1,1,1,1
178,0,329,345,90,60,1,1,1,1
178,0,497,337,60,45,1,1,1,1
178,0,678,337,280,65,1,1,1,1
178,0,903,350,55,45,1,1,1,1
179,0,108,320,180,115,1,1,1,1
179,0,329,345,90,60,1,1,1,1
179,0,497,337,60,45,1,1,1,1
179,0,678,337,280,65,1,1,1,1
179,0,903,350,55,45,1,1,1,1
180,0,108,320,180,115,1,1,1,1
180,0,329,345,90,60,1,1,1,1
180,0,497,337,60,45,1,1,1,1
180,0,678,337,280,65,1,1,1,1
180,0,903,350,55,45,1,1,1,1
181,0,108,320,180,115,1,1,1,1
181,0,329,345,90,60,1,1,1,1
181,0,497,337,60,45,1,1,1,1
181,0,678,337,280,65,1,1,1,1
181,0,903,350,55,45,1,1,1,1
182,0,108,320,180,115,1,1,1,1
182,0,329,345,90,60,1,1,1,1
182,0,497,337,60,45,1,1,1,1
182,0,678,337,280,65,1,1,1,1
182,0,903,350,55,45,1,1,1,1
183,0,107,320,180,115,1,1,1,1
183,0,328,345,90,60,1,1,1,1
183,0,496,337,60,45,1,1,1,1
183,0,678,337,280,65,1,1,1,1
183,0,903,350,55,45,1,1,1,1
184,0,107,320,180,115,1,1,1,1
184,0,328,345,90,60,1,1,1,1
184,0,496,337,60,45,1,1,1,1
184,0,678,337,280,65,1,1,1,1
184,0,903,350,55,45,1,1,1,1
185,0,107,320,180,115,1,1,1,1
185,0,328,345,90,60,1,1,1,1
185,0,496,337,60,45,1,1,1,1
185,0,678,337,280,65,1,1,1,1
185,0,903,350,55,45,1,1,1,1
186,0,107,320,180,115,1,1,1,1
186,0,328,345,90,60,1,1,1,1
186,0,496,337,60,45,1,1,1,1
186,0,678,337,280,65,1,1,1,1
186,0,903,350,55,45,1,1,1,1
187,0,107,320,180,115,1,1,1,1
187,0,328,345,90,60,1,1,1,1
187,0,496,337,60,45,1,1,1,1
187,0,678,337,280,65,1,1,1,1
187,0,903,350,55,45,1,1,1,1
188,0,107,320,180,115,1,1,1,1
188,0,328,345,90,60,1,1,1,1
188,0,496,337,60,45,1,1,1,1
188,0,678,337,280,65,1,1,1,1
188,0,903,350,55,45,1,1,1,1
189,0,107,320,180,115,1,1,1,1
189,0,328,345,90,60,1,1,1,1
189,0,496,337,60,45,1,1,1,1
189,0,678,337,280,65,1,1,1,1
189,0,903,350,55,45,1,1,1,1
190,0,107,320,180,115,1,1,1,1
190,0,328,345,90,60,1,1,1,1
190,0,496,337,60,45,1,1,1,1
190,0,678,337,280,65,1,1,1,1
190,0,903,350,55,45,1,1,1,1
191,0,107,320,180,115,1,1,1,1
191,0,328,345,90,60,1,1,1,1
191,0,496,337,60,45,1,1,1,1
191,0,678,337,280,65,1,1,1,1
191,0,903,350,55,45,1,1,1,1
192,0,107,320,180,115,1,1,1,1
192,0,328,345,90,60,1,1,1,1
192,0,496,337,60,45,1,1,1,1
192,0,678,337,280,65,1,1,1,1
192,0,903,350,55,45,1,1,1,1
193,0,107,320,180,115,1,1,1,1
193,0,328,345,90,60,1,1,1,1
193,0,496,337,60,45,1,1,1,1
193,0,678,337,280,65,1,1,1,1
193,0,902,350,55,45,1,1,1,1
194,0,107,320,180,115,1,1,1,1
194,0,328,345,90,60,1,1,1,1
194,0,496,337,60,45,1,1,1,1
194,0,678,337,280,65,1,1,1,1
194,0,902,350,55,45,1,1,1,1
195,0,107,320,180,115,1,1,1,1
195,0,328,345,90,60,1,1,1,1
195,0,496,337,60,45,1,1,1,1
195,0,678,337,280,65,1,1,1,1
195,0,902,350,55,45,1,1,1,1
196,0,107,320,180,115,1,1,1,1
196,0,328,345,90,60,1,1,1,1
196,0,496,337,60,45,1,1,1,1
196,0,678,337,280,65,1,1,1,1
196,0,902,350,55,45,1,1,1,1
197,0,107,320,180,115,1,1,1,1
197,0,328,345,90,60,1,1,1,1
197,0,496,337,60,45,1,1,1,1
197,0,678,337,280,65,1,1,1,1
197,0,902,350,55,45,1,1,1,1
198,0,106,320,180,115,1,1,1,1
198,0,328,345,90,60,1,1,1,1
198,0,496,337,60,45,1,1,1,1
198,0,678,337,280,65,1,1,1,1
198,0,902,350,55,45,1,1,1,1
199,0,106,320,180,115,1,1,1,1
199,0,328,345,90,60,1,1,1,1
199,0,496,337,60,45,1,1,1,1
199,0,678,337,280,65,1,1,1,1
199,0,902,350,55,45,1,1,1,1
200,0,106,320,180,115,1,1,1,1
200,0,328,345,90,60,1,1,1,1
200,0,496,337,60,45,1,1,1,1
200,0,678,337,280,65,1,1,1,1
200,0,902,350,55,45,1,1,1,1
201,0,106,320,180,115,1,1,1,1
201,0,328,345,90,60,1,1,1,1
201,0,496,337,60,45,1,1,1,1
201,0,678,337,280,65,1,1,1,1
201,0,902,350,55,45,1,1,1,1
202,0,106,320,180,115,1,1,1,1
202,0,328,345,90,60,1,1,1,1
202,0,496,337,60,45,1,1,1,1
202,0,678,337,280,65,1,1,1,1
202,0,902,350,55,45,1,1,1,1
203,0,106,320,180,115,1,1,1,1
203,0,328,345,90,60,1,1,1,1
203,0,496,337,60,45,1,1,1,1
203,0,677,337,280,65,1,1,1,1
203,0,902,350,55,45,1,1,1,1
204,0,106,320,180,115,1,1,1,1
204,0,328,345,90,60,1,1,1,1
204,0,496,337,60,45,1,1,1,1
204,0,677,337,280,65,1,1,1,1
204,0,902,350,55,45,1,1,1,1
205,0,106,320,180,115,1,1,1,1
205,0,328,345,90,60,1,1,1,1
205,0,496,337,60,45,1,1,1,1
205,0,677,337,280,65,1,1,1,1
205,0,902,350,55,45,1,1,1,1
206,0,106,320,180,115,1,1,1,1
206,0,328,345,90,60,1,1,1,1
206,0,496,337,60,45,1,1,1,1
206,0,677,337,280,65,1,1,1,1
206,0,902,350,55,45,1,1,1,1
207,0,106,320,180,115,1,1,1,1
207,0,328,345,90,60,1,1,1,1
207,0,496,337,60,45,1,1,1,1
207,0,677,337,280,65,1,1,1,1
207,0,902,350,55,45,1,1,1,1
208,0,106,320,180,115,1,1,1,1
208,0,328,345,90,60,1,1,1,1
208,0,496,337,60,45,1,1,1,1
208,0,677,337,280,65,1,1,1,1
208,0,902,350,55,45,1,1,1,1
209,0,106,320,180,115,1,1,1,1
209,0,328,345,90,60,1,1,1,1
209,0,496,337,60,45,1,1,1,1
209,0,677,337,280,65,1,1,1,1
209,0,902,350,55,45,1,1,1,1
210,0,106,320,180,115,1,1,1,1
210,0,328,345,90,60,1,1,1,1
210,0,496,337,60,45,1,1,1,1
210,0,677,337,280,65,1,1,1,1
210,0,902,350,55,45,1,1,1,1
211,0,106,320,180,115,1,1,1,1
211,0,328,345,90,60,1,1,1,1
211,0,496,337,60,45,1,1,1,1
211,0,677,337,280,65,1,1,1,1
211,0,902,350,55,45,1,1,1,1
212,0,106,321,180,115,1,1,1,1
212,0,328,345,90,60,1,1,1,1
212,0,496,337,60,45,1,1,1,1
212,0,677,337,280,65,1,1,1,1
212,0,902,351,55,45,1,1,1,1
213,0,105,321,180,115,1,1,1,1
213,0,327,345,90,60,1,1,1,1
213,0,496,337,60,45,1,1,1,1
213,0,677,337,280,65,1,1,1,1
213,0,901,351,55,45,1,1,1,1
214,0,105,321,180,115,1,1,1,1
214,0,327,345,90,60,1,1,1,1
214,0,496,337,60,45,1,1,1,1
214,0,677,337,280,65,1,1,1,1
214,0,901,351,55,45,1,1,1,1
215,0,105,321,180,115,1,1,1,1
215,0,327,345,90,60,1,1,1,1
215,0,496,337,60,45,1,1,1,1
215,0,677,337,280,65,1,1,1,1
215,0,901,351,55,45,1,1,1,1
216,0,105,321,180,115,1,1,1,1
216,0,327,345,90,60,1,1,1,1
216,0,496,337,60,45,1,1,1,1
216,0,677,337,280,65,1,1,1,1
216,0,901,351,55,45,1,1,1,1
217,0,105,321,180,115,1,1,1,1
217,0,327,345,90,60,1,1,1,1
217,0,496,337,60,45,1,1,1,1
217,0,677,337,280,65,1,1,1,1
217,0,901,351,55,45,1,1,1,1
218,0,105,321,180,115,1,1,1,1
218,0,327,345,90,60,1,1,1,1
218,0,496,337,60,45,1,1,1,1
218,0,677,337,280,65,1,1,1,1
218,0,901,351,55,45,1,1,1,1
219,0,105,321,180,115,1,1,1,1
219,0,327,345,90,60,1,1,1,1
219,0,496,337,60,45,1,1,1,1
219,0,677,337,280,65,1,1,1,1
219,0,901,351,55,45,1,1,1,1
220,0,105,321,180,115,1,1,1,1
220,0,327,345,90,60,1,1,1,1
220,0,496,337,60,45,1,1,1,1
220,0,677,337,280,65,1,1,1,1
220,0,901,351,55,45,1,1,1,1
221,0,105,321,180,115,1,1,1,1
221,0,327,345,90,60,1,1,1,1
221,0,496,337,60,45,1,1,1,1
221,0,677,337,280,65,1,1,1,1
221,0,901,351,55,45,1,1,1,1
222,0,105,321,180,115,1,1,1,1
222,0,327,345,90,60,1,1,1,1
222,0,496,337,60,45,1,1,1,1
222,0,677,337,280,65,1,1,1,1
222,0,901,351,55,45,1,1,1,1
223,0,105,321,180,115,1,1,1,1
223,0,327,345,90,60,1,1,1,1
223,0,496,337,60,45,1,1,1,1
223,0,677,337,280,65,1,1,1,1
223,0,901,351,55,45,1,1,1,1
224,0,105,321,180,115,1,1,1,1
224,0,327,345,90,60,1,1,1,1
224,0,496,337,60,45,1,1,1,1
224,0,677,337,280,65,1,1,1,1
224,0,901,351,55,45,1,1,1,1
225,0,105,321,180,115,1,1,1,1
225,0,327,345,90,60,1,1,1,1
225,0,496,337,60,45,1,1,1,1
225,0,677,337,280,65,1,1,1,1
225,0,901,351,55,45,1,1,1,1
226,0,105,321,180,115,1,1,1,1
226,0,327,345,90,60,1,1,1,1
226,0,496,337,60,45,1,1,1,1
226,0,677,337,280,65,1,1,1,1
226,0,901,351,55,45,1,1,1,1
227,0,105,321,180,115,1,1,1,1
227,0,327,345,90,60,1,1,1,1
227,0,496,337,60,45,1,1,1,1
227,0,677,337,280,65,1,1,1,1
227,0,901,351,55,45,1,1,1,1
228,0,104,321,180,115,1,1,1,1
228,0,327,345,90,60,1,1,1,1
228,0,496,337,60,45,1,1,1,1
228,0,677,337,280,65,1,1,1,1
228,0,901,351,55,45,1,1,1,1
229,0,104,321,180,115,1,1,1,1
229,0,327,345,90,60,1,1,1,1
229,0,496,337,60,45,1,1,1,1
229,0,677,337,280,65,1,1,1,1
229,0,901,351,55,45,1,1,1,1
230,0,104,321,180,115,1,1,1,1
230,0,327,345,90,60,1,1,1,1
230,0,496,337,60,45,1,1,1,1
230,0,677,337,280,65,1,1,1,1
230,0,901,351,55,45,1,1,1,1
231,0,104,321,180,115,1,1,1,1
231,0,327,345,90,60,1,1,1,1
231,0,496,337,60,45,1,1,1,1
231,0,677,337,280,65,1,1,1,1
231,0,901,351,55,45,1,1,1,1
232,0,104,321,180,115,1,1,1,1
232,0,327,345,90,60,1,1,1,1
232,0,496,337,60,45,1,1,1,1
232,0,677,337,280,65,1,1,1,1
232,0,901,351,55,45,1,1,1,1
233,0,104,321,180,115,1,1,1,1
233,0,327,345,90,60,1,1,1,1
233,0,496,337,60,45,1,1,1,1
233,0,677,337,280,65,1,1,1,1
233,0,900,351,55,45,1,1,1,1
234,0,104,321,180,115,1,1,1,1
234,0,327,345,90,60,1,1,1,1
234,0,496,337,60,45,1,1,1,1
234,0,677,337,280,65,1,1,1,1
234,0,900,351,55,45,1,1,1,1
235,0,104,321,180,115,1,1,1,1
235,0,327,345,90,60,1,1,1,1
235,0,496,337,60,45,1,1,1,1
235,0,677,337,280,65,1,1,1,1
235,0,900,351,55,45,1,1,1,1
236,0,104,321,180,115,1,1,1,1
236,0,327,345,90,60,1,1,1,1
236,0,496,337,60,45,1,1,1,1
236,0,677,337,280,65,1,1,1,1
236,0,900,351,55,45,1,1,1,1
237,0,104,321,180,115,1,1,1,1
237,0,327,345,90,60,1,1,1,1
237,0,496,337,60,45,1,1,1,1
237,0,677,337,280,65,1,1,1,1
237,0,900,351,55,45,1,1,1,1
238,0,104,321,180,115,1,1,1,1
238,0,327,345,90,60,1,1,1,1
238,0,496,337,60,45,1,1,1,1
238,0,677,337,280,65,1,1,1,1
238,0,900,351,55,45,1,1,1,1
239,0,104,321,180,115,1,1,1,1
239,0,327,345,90,60,1,1,1,1
239,0,496,337,60,45,1,1,1,1
239,0,677,337,280,65,1,1,1,1
239,0,900,351,55,45,1,1,1,1
240,0,104,321,180,115,1,1,1,1
240,0,327,345,90,60,1,1,1,1
240,0,496,337,60,45,1,1,1,1
240,0,677,337,280,65,1,1,1,1
240,0,900,351,55,45,1,1,1,1
241,0,104,321,180,115,1,1,1,1
241,0,327,345,90,60,1,1,1,1
241,0,496,337,60,45,1,1,1,1
241,0,677,337,280,65,1,1,1,1
241,0,900,351,55,45,1,1,1,1
242,0,104,321,180,115,1,1,1,1
242,0,327,345,90,60,1,1,1,1
242,0,496,337,60,45,1,1,1,1
242,0,677,337,280,65,1,1,1,1
242,0,900,351,55,45,1,1,1,1
243,0,103,321,180,115,1,1,1,1
243,0,326,345,90,60,1,1,1,1
243,0,495,337,60,45,1,1,1,1
243,0,677,337,280,65,1,1,1,1
243,0,900,351,55,45,1,1,1,1
244,0,103,321,180,115,1,1,1,1
244,0,326,345,90,60,1,1,1,1
244,0,495,337,60,45,1,1,1,1
244,0,677,337,280,65,1,1,1,1
244,0,900,351,55,45,1,1,1,1
245,0,103,321,180,115,1,1,1,1
245,0,326,345,90,60,1,1,1,1
245,0,495,337,60,45,1,1,1,1
245,0,677,337,280,65,1,1,1,1
245,0,900,351,55,45,1,1,1,1
246,0,103,321,180,115,1,1,1,1
246,0,326,345,90,60,1,1,1,1
246,0,495,337,60,45,1,1,1,1
246,0,677,337,280,65,1,1,1,1
246,0,900,351,55,45,1,1,1,1
247,0,103,321,180,115,1,1,1,1
247,0,326,345,90,60,1,1,1,1
247,0,495,337,60,45,1,1,1,1
247,0,677,337,280,65,1,1,1,1
247,0,900,351,55,45,1,1,1,1
248,0,103,321,180,115,1,1,1,1
248,0,326,345,90,60,1,1,1,1
248,0,495,337,60,45,1,1,1,1
248,0,677,337,280,65,1,1,1,1
248,0,900,351,55,45,1,1,1,1
249,0,103,321,180,115,1,1,1,1
249,0,326,345,90,60,1,1,1,1
249,0,495,337,60,45,1,1,1,1
249,0,677,337,280,65,1,1,1,1
249,0,900,351,55,45,1,1,1,1
250,0,103,321,180,115,1,1,1,1
250,0,326,345,90,60,1,1,1,1
250,0,495,337,60,45,1,1,1,1
250,0,677,337,280,65,1,1,1,1
250,0,900,351,55,45,1,1,1,1
251,0,103,321,180,115,1,1,1,1
251,0,326,345,90,60,1,1,1,1
251,0,495,337,60,45,1,1,1,1
251,0,677,337,280,65,1,1,1,1
251,0,900,351,55,45,1,1,1,1
252,0,103,321,180,115,1,1,1,1
252,0,326,345,90,60,1,1,1,1
252,0,495,337,60,45,1,1,1,1
252,0,677,337,280,65,1,1,1,1
252,0,900,351,55,45,1,1,1,1
253,0,103,321,180,115,1,1,1,1
253,0,326,345,90,60,1,1,1,1
253,0,495,337,60,45,1,1,1,1
253,0,677,337,280,65,1,1,1,1
253,0,899,351,55,45,1,1,1,1
254,0,103,321,180,115,1,1,1,1
254,0,326,345,90,60,1,1,1,1
254,0,495,337,60,45,1,1,1,1
254,0,677,337,280,65,1,1,1,1
254,0,899,351,55,45,1,1,1,1
255,0,103,321,180,115,1,1,1,1
255,0,326,345,90,60,1,1,1,1
255,0,495,337,60,45,1,1,1,1
255,0,677,337,280,65,1,1,1,1
255,0,899,351,55,45,1,1,1,1
256,0,103,321,180,115,1,1,1,1
256,0,326,345,90,60,1,1,1,1
256,0,495,337,60,45,1,1,1,1
256,0,677,337,280,65,1,1,1,1
256,0,899,351,55,45,1,1,1,1
257,0,103,321,180,115,1,1,1,1
257,0,326,345,90,60,1,1,1,1
257,0,495,337,60,45,1,1,1,1
257,0,677,337,280,65,1,1,1,1
257,0,899,351,55,45,1,1,1,1
258,0,102,321,180,115,1,1,1,1
258,0,326,345,90,60,1,1,1,1
258,0,495,337,60,45,1,1,1,1
258,0,677,337,280,65,1,1,1,1
258,0,899,351,55,45,1,1,1,1
259,0,102,321,180,115,1,1,1,1
259,0,326,345,90,60,1,1,1,1
259,0,495,337,60,45,1,1,1,1
259,0,677,337,280,65,1,1,1,1
259,0,899,351,55,45,1,1,1,1
260,0,102,321,180,115,1,1,1,1
260,0,326,345,90,60,1,1,1,1
260,0,495,337,60,45,1,1,1,1
260,0,677,337,280,65,1,1,1,1
260,0,899,351,55,45,1,1,1,1
261,0,102,321,180,115,1,1,1,1
261,0,326,345,90,60,1,1,1,1
261,0,495,337,60,45,1,1,1,1
261,0,677,337,280,65,1,1,1,1
261,0,899,351,55,45,1,1,1,1
262,0,102,321,180,115,1,1,1,1
262,0,326,345,90,60,1,1,1,1
262,0,495,337,60,45,1,1,1,1
262,0,677,337,280,65,1,1,1,1
262,0,899,351,55,45,1,1,1,1
263,0,102,321,180,115,1,1,1,1
263,0,326,345,90,60,1,1,1,1
263,0,495,337,60,45,1,1,1,1
263,0,677,337,280,65,1,1,1,1
263,0,899,351,55,45,1,1,1,1
264,0,102,321,180,115,1,1,1,1
264,0,326,345,90,60,1,1,1,1
264,0,495,337,60,45,1,1,1,1
264,0,677,337,280,65,1,1,1,1
264,0,899,351,55,45,1,1,1,1
265,0,102,321,180,115,1,1,1,1
265,0,326,345,90,60,1,1,1,1
265,0,495,337,60,45,1,1,1,1
265,0,677,337,280,65,1,1,1,1
265,0,899,351,55,45,1,1,1,1
266,0,102,321,180,115,1,1,1,1
266,0,326,345,90,60,1,1,1,1
266,0,495,337,60,45,1,1,1,1
266,0,677,337,280,65,1,1,1,1
266,0,899,351,55,45,1,1,1,1
267,0,102,321,180,115,1,1,1,1
267,0,326,345,90,60,1,1,1,1
267,0,495,337,60,45,1,1,1,1
267,0,677,337,280,65,1,1,1,1
267,0,899,351,55,45,1,1,1,1
268,0,102,321,180,115,1,1,1,1
268,0,326,345,90,60,1,1,1,1
268,0,495,337,60,45,1,1,1,1
268,0,677,337,280,65,1,1,1,1
268,0,899,351,55,45,1,1,1,1
269,0,102,321,180,115,1,1,1,1
269,0,326,345,90,60,1,1,1,1
269,0,495,337,60,45,1,1,1,1
269,0,677,337,280,65,1,1,1,1
269,0,899,351,55,45,1,1,1,1
270,0,102,321,180,115,1,1,1,1
270,0,326,345,90,60,1,1,1,1
270,0,495,337,60,45,1,1,1,1
270,0,677,337,280,65,1,1,1,1
270,0,899,351,55,45,1,1,1,1
271,0,102,321,180,115,1,1,1,1
271,0,326,345,90,60,1,1,1,1
271,0,495,337,60,45,1,1,1,1
271,0,677,337,280,65,1,1,1,1
271,0,899,351,55,45,1,1,1,1
272,0,102,322,180,115,1,1,1,1
272,0,326,345,90,60,1,1,1,1
272,0,495,337,60,45,1,1,1,1
272,0,677,337,280,65,1,1,1,1
272,0,899,352,55,45,1,1,1,1
273,0,101,322,180,115,1,1,1,1
273,0,325,345,90,60,1,1,1,1
273,0,495,337,60,45,1,1,1,1
273,0,677,337,280,65,1,1,1,1
273,0,898,352,55,45,1,1,1,1
274,0,101,322,180,115,1,1,1,1
274,0,325,345,90,60,1,1,1,1
274,0,495,337,60,45,1,1,1,1
274,0,677,337,280,65,1,1,1,1
274,0,898,352,55,45,1,1,1,1
275,0,101,322,180,115,1,1,1,1
275,0,325,345,90,60,1,1,1,1
275,0,495,337,60,45,1,1,1,1
275,0,677,337,280,65,1,1,1,1
275,0,898,352,55,45,1,1,1,1
276,0,101,322,180,115,1,1,1,1
276,0,325,345,90,60,1,1,1,1
276,0,495,337,60,45,1,1,1,1
276,0,677,337,280,65,1,1,1,1
276,0,898,352,55,45,1,1,1,1
277,0,101,322,180,115,1,1,1,1
277,0,325,345,90,60,1,1,1,1
277,0,495,337,60,45,1,1,1,1
277,0,677,337,280,65,1,1,1,1
277,0,898,352,55,45,1,1,1,1
278,0,101,322,180,115,1,1,1,1
278,0,325,345,90,60,1,1,1,1
278,0,495,337,60,45,1,1,1,1
278,0,677,337,280,65,1,1,1,1
278,0,898,352,55,45,1,1,1,1
279,0,101,322,180,115,1,1,1,1
279,0,325,345,90,60,1,1,1,1
279,0,495,337,60,45,1,1,1,1
279,0,677,337,280,65,1,1,1,1
279,0,898,352,55,45,1,1,1,1
280,0,101,322,180,115,1,1,1,1
280,0,325,345,90,60,1,1,1,1
280,0,495,337,60,45,1,1,1,1
280,0,677,337,280,65,1,1,1,1
280,0,898,352,55,45,1,1,1,1
281,0,101,322,180,115,1,1,1,1
281,0,325,345,90,60,1,1,1,1
281,0,495,337,60,45,1,1,1,1
281,0,677,337,280,65,1,1,1,1
281,0,898,352,55,45,1,1,1,1
282,0,101,322,180,115,1,1,1,1
282,0,325,345,90,60,1,1,1,1
282,0,495,337,60,45,1,1,1,1
282,0,677,337,280,65,1,1,1,1
282,0,898,352,55,45,1,1,1,1
283,0,101,322,180,115,1,1,1,1
283,0,325,345,90,60,1,1,1,1
283,0,495,337,60,45,1,1,1,1
283,0,677,337,280,65,1,1,1,1
283,0,898,352,55,45,1,1,1,1
284,0,101,322,180,115,1,1,1,1
284,0,325,345,90,60,1,1,1,1
284,0,495,337,60,45,1,1,1,1
284,0,677,337,280,65,1,1,1,1
284,0,898,352,55,45,1,1,1,1
285,0,101,322,180,115,1,1,1,1
285,0,325,345,90,60,1,1,1,1
285,0,495,337,60,45,1,1,1,1
285,0,677,337,280,65,1,1,1,1
285,0,898,352,55,45,1,1,1,1
286,0,101,322,180,115,1,1,1,1
286,0,325,345,90,60,1,1,1,1
286,0,495,337,60,45,1,1,1,1
286,0,677,337,280,65,1,1,1,1
286,0,898,352,55,45,1,1,1,1
287,0,101,322,180,115,1,1,1,1
287,0,325,345,90,60,1,1,1,1
287,0,495,337,60,45,1,1,1,1
287,0,677,337,280,65,1,1,1,1
287,0,898,352,55,45,1,1,1,1
288,0,100,322,180,115,1,1,1,1
288,0,325,345,90,60,1,1,1,1
288,0,495,337,60,45,1,1,1,1
288,0,677,337,280,65,1,1,1,1
288,0,898,352,55,45,1,1,1,1
289,0,100,322,180,115,1,1,1,1
289,0,325,345,90,60,1,1,1,1
289,0,495,337,60,45,1,1,1,1
289,0,677,337,280,65,1,1,1,1
289,0,898,352,55,45,1,1,1,1
290,0,100,322,180,115,1,1,1,1
290,0,325,345,90,60,1,1,1,1
290,0,495,337,60,45,1,1,1,1
290,0,677,337,280,65,1,1,1,1
290,0,898,352,55,45,1,1,1,1
291,0,100,322,180,115,1,1,1,1
291,0,325,345,90,60,1,1,1,1
291,0,495,337,60,45,1,1,1,1
291,0,677,337,280,65,1,1,1,1
291,0,898,352,55,45,1,1,1,1
292,0,100,322,180,115,1,1,1,1
292,0,325,345,90,60,1,1,1,1
292,0,495,337,60,45,1,1,1,1
292,0,677,337,280,65,1,1,1,1
292,0,898,352,55,45,1,1,1,1
293,0,100,322,180,115,1,1,1,1
293,0,325,345,90,60,1,1,1,1
293,0,495,337,60,45,1,1,1,1
293,0,677,337,280,65,1,1,1,1
293,0,897,352,55,45,1,1,1,1
294,0,100,322,180,115,1,1,1,1
294,0,325,345,90,60,1,1,1,1
294,0,495,337,60,45,1,1,1,1
294,0,677,337,280,65,1,1,1,1
294,0,897,352,55,45,1,1,1,1
295,0,100,322,180,115,1,1,1,1
295,0,325,345,90,60,1,1,1,1
295,0,495,337,60,45,1,1,1,1
295,0,677,337,280,65,1,1,1,1
295,0,897,352,55,45,1,1,1,1
296,0,100,322,180,115,1,1,1,1
296,0,325,345,90,60,1,1,1,1
296,0,495,337,60,45,1,1,1,1
296,0,677,337,280,65,1,1,1,1
296,0,897,352,55,45,1,1,1,1
297,0,100,322,180,115,1,1,1,1
297,0,325,345,90,60,1,1,1,1
297,0,495,337,60,45,1,1,1,1
297,0,677,337,280,65,1,1,1,1
297,0,897,352,55,45,1,1,1,1
298,0,100,322,180,115,1,1,1,1
298,0,325,345,90,60,1,1,1,1
298,0,495,337,60,45,1,1,1,1
298,0,677,337,280,65,1,1,1,1
298,0,897,352,55,45,1,1,1,1
299,0,100,322,180,115,1,1,1,1
299,0,325,345,90,60,1,1,1,1
299,0,495,337,60,45,1,1,1,1
299,0,677,337,280,65,1,1,1,1
299,0,897,352,55,45,1,1,1,1
300,0,100,322,180,115,1,1,1,1
300,0,325,345,90,60,1,1,1,1
300,0,495,337,60,45,1,1,1,1
300,0,677,337,280,65,1,1,1,1
300,0,897,352,55,45,1,1,1,1
301,0,100,322,180,115,1,1,1,1
301,0,325,345,90,60,1,1,1,1
301,0,495,337,60,45,1,1,1,1
301,0,677,337,280,65,1,1,1,1
301,0,897,352,55,45,1,1,1,1
302,0,100,322,180,115,1,1,1,1
302,0,325,345,90,60,1,1,1,1
302,0,495,337,60,45,1,1,1,1
302,0,677,337,280,65,1,1,1,1
302,0,897,352,55,45,1,1,1,1
303,0,99,322,180,115,1,1,1,1
303,0,324,345,90,60,1,1,1,1
303,0,494,337,60,45,1,1,1,1
303,0,676,337,280,65,1,1,1,1
303,0,897,352,55,45,1,1,1,1
304,0,99,322,180,115,1,1,1,1
304,0,324,345,90,60,1,1,1,1
304,0,494,337,60,45,1,1,1,1
304,0,676,337,280,65,1,1,1,1
304,0,897,352,55,45,1,1,1,1
305,0,99,322,180,115,1,1,1,1
305,0,324,345,90,60,1,1,1,1
305,0,494,337,60,45,1,1,1,1
305,0,676,337,280,65,1,1,1,1
305,0,897,352,55,45,1,1,1,1
306,0,99,322,180,115,1,1,1,1
306,0,324,345,90,60,1,1,1,1
306,0,494,337,60,45,1,1,1,1
306,0,676,337,280,65,1,1,1,1
306,0,897,352,55,45,1,1,1,1
307,0,99,322,180,115,1,1,1,1
307,0,324,345,90,60,1,1,1,1
307,0,494,337,60,45,1,1,1,1
307,0,676,337,280,65,1,1,1,1
307,0,897,352,55,45,1,1,1,1
308,0,99,322,180,115,1,1,1,1
308,0,324,345,90,60,1,1,1,1
308,0,494,337,60,45,1,1,1,1
308,0,676,337,280,65,1,1,1,1
308,0,897,352,55,45,1,1,1,1
309,0,99,322,180,115,1,1,1,1
309,0,324,345,90,60,1,1,1,1
309,0,494,337,60,45,1,1,1,1
309,0,676,337,280,65,1,1,1,1
309,0,897,352,55,45,1,1,1,1
310,0,99,322,180,115,1,1,1,1
310,0,324,345,90,60,1,1,1,1
310,0,494,337,60,45,1,1,1,1
310,0,676,337,280,65,1,1,1,1
310,0,897,352,55,45,1,1,1,1
311,0,99,322,180,115,1,1,1,1
311,0,324,345,90,60,1,1,1,1
311,0,494,337,60,45,1,1,1,1
311,0,676,337,280,65,1,1,1,1
311,0,897,352,55,45,1,1,1,1
312,0,99,322,180,115,1,1,1,1
312,0,324,345,90,60,1,1,1,1
312,0,494,337,60,45,1,1,1,1
312,0,676,337,280,65,1,1,1,1
312,0,897,352,55,45,1,1,1,1
313,0,99,322,180,115,1,1,1,1
313,0,324,345,90,60,1,1,1,1
313,0,494,337,60,45,1,1,1,1
313,0,676,337,280,65,1,1,1,1
313,0,896,352,55,45,1,1,1,1
314,0,99,322,180,115,1,1,1,1
314,0,324,345,90,60,1,1,1,1
314,0,494,337,60,45,1,1,1,1
314,0,676,337,280,65,1,1,1,1
314,0,896,352,55,45,1,1,1,1
315,0,99,322,180,115,1,1,1,1
315,0,324,345,90,60,1,1,1,1
315,0,494,337,60,45,1,1,1,1
315,0,676,337,280,65,1,1,1,1
315,0,896,352,55,45,1,1,1,1
316,0,99,322,180,115,1,1,1,1
316,0,324,345,90,60,1,1,1,1
316,0,494,337,60,45,1,1,1,1
316,0,676,337,280,65,1,1,1,1
316,0,896,352,55,45,1,1,1,1
317,0,99,322,180,115,1,1,1,1
317,0,324,345,90,60,1,1,1,1
317,0,494,337,60,45,1,1,1,1
317,0,676,337,280,65,1,1,1,1
317,0,896,352,55,45,1,1,1,1
318,0,98,322,180,115,1,1,1,1
318,0,324,345,90,60,1,1,1,1
318,0,494,337,60,45,1,1,1,1
318,0,676,337,280,65,1,1,1,1
318,0,896,352,55,45,1,1,1,1
319,0,98,322,180,115,1,1,1,1
319,0,324,345,90,60,1,1,1,1
319,0,494,337,60,45,1,1,1,1
319,0,676,337,280,65,1,1,1,1
319,0,896,352,55,45,1,1,1,1
320,0,98,322,180,115,1,1,1,1
320,0,324,345,90,60,1,1,1,1
320,0,494,337,60,45,1,1,1,1
320,0,676,337,280,65,1,1,1,1
320,0,896,352,55,45,1,1,1,1
321,0,98,322,180,115,1,1,1,1
321,0,324,345,90,60,1,1,1,1
321,0,494,337,60,45,1,1,1,1
321,0,676,337,280,65,1,1,1,1
321,0,896,352,55,45,1,1,1,1
322,0,98,322,180,115,1,1,1,1
322,0,324,345,90,60,1,1,1,1
322,0,494,337,60,45,1,1,1,1
322,0,676,337,280,65,1,1,1,1
322,0,896,352,55,45,1,1,1,1
323,0,98,322,180,115,1,1,1,1
323,0,324,345,90,60,1,1,1,1
323,0,494,337,60,45,1,1,1,1
323,0,676,337,280,65,1,1,1,1
323,0,896,352,55,45,1,1,1,1
324,0,98,322,180,115,1,1,1,1
324,0,324,345,90,60,1,1,1,1
324,0,494,337,60,45,1,1,1,1
324,0,676,337,280,65,1,1,1,1
324,0,896,352,55,45,1,1,1,1
325,0,98,322,180,115,1,1,1,1
325,0,324,345,90,60,1,1,1,1
325,0,494,337,60,45,1,1,1,1
325,0,676,337,280,65,1,1,1,1
325,0,896,352,55,45,1,1,1,1
326,0,98,322,180,115,1,1,1,1
326,0,324,345,90,60,1,1,1,1
326,0,494,337,60,45,1,1,1,1
326,0,676,337,280,65,1,1,1,1
326,0,896,352,55,45,1,1,1,1
327,0,98,322,180,115,1,1,1,1
327,0,324,345,90,60,1,1,1,1
327,0,494,337,60,45,1,1,1,1
327,0,676,337,280,65,1,1,1,1
327,0,896,352,55,45,1,1,1,1
328,0,98,322,180,115,1,1,1,1
328,0,324,345,90,60,1,1,1,1
328,0,494,337,60,45,1,1,1,1
328,0,676,337,280,65,1,1,1,1
328,0,896,352,55,45,1,1,1,1
329,0,98,322,180,115,1,1,1,1
329,0,324,345,90,60,1,1,1,1
329,0,494,337,60,45,1,1,1,1
329,0,676,337,280,65,1,1,1,1
329,0,896,352,55,45,1,1,1,1
330,0,98,322,180,115,1,1,1,1
330,0,324,345,90,60,1,1,1,1
330,0,494,337,60,45,1,1,1,1
330,0,676,337,280,65,1,1,1,1
330,0,896,352,55,45,1,1,1,1
331,0,98,322,180,115,1,1,1,1
331,0,324,345,90,60,1,1,1,1
331,0,494,337,60,45,1,1,1,1
331,0,676,337,280,65,1,1,1,1
331,0,896,352,55,45,1,1,1,1
332,0,98,323,180,115,1,1,1,1
332,0,324,345,90,60,1,1,1,1
332,0,494,337,60,45,1,1,1,1
332,0,676,337,280,65,1,1,1,1
332,0,896,353,55,45,1,1,1,1
333,0,97,323,180,115,1,1,1,1
333,0,323,345,90,60,1,1,1,1
333,0,494,337,60,45,1,1,1,1
333,0,676,337,280,65,1,1,1,1
333,0,895,353,55,45,1,1,1,1
334,0,97,323,180,115,1,1,1,1
334,0,323,345,90,60,1,1,1,1
334,0,494,337,60,45,1,1,1,1
334,0,676,337,280,65,1,1,1,1
334,0,895,353,55,45,1,1,1,1
335,0,97,323,180,115,1,1,1,1
335,0,323,345,90,60,1,1,1,1
335,0,494,337,60,45,1,1,1,1
335,0,676,337,280,65,1,1,1,1
335,0,895,353,55,45,1,1,1,1
336,0,97,323,180,115,1,1,1,1
336,0,323,345,90,60,1,1,1,1
336,0,494,337,60,45,1,1,1,1
336,0,676,337,280,65,1,1,1,1
336,0,895,353,55,45,1,1,1,1
337,0,97,323,180,115,1,1,1,1
337,0,323,345,90,60,1,1,1,1
337,0,494,337,60,45,1,1,1,1
337,0,676,337,280,65,1,1,1,1
337,0,895,353,55,45,1,1,1,1
338,0,97,323,180,115,1,1,1,1
338,0,323,345,90,60,1,1,1,1
338,0,494,337,60,45,1,1,1,1
338,0,676,337,280,65,1,1,1,1
338,0,895,353,55,45,1,1,1,1
339,0,97,323,180,115,1,1,1,1
339,0,323,345,90,60,1,1,1,1
339,0,494,337,60,45,1,1,1,1
339,0,676,337,280,65,1,1,1,1
339,0,895,353,55,45,1,1,1,1
340,0,97,323,180,115,1,1,1,1
340,0,323,345,90,60,1,1,1,1
340,0,494,337,60,45,1,1,1,1
340,0,676,337,280,65,1,1,1,1
340,0,895,353,55,45,1,1,1,1
341,0,97,323,180,115,1,1,1,1
341,0,323,345,90,60,1,1,1,1
341,0,494,337,60,45,1,1,1,1
341,0,676,337,280,65,1,1,1,1
341,0,895,353,55,45,1,1,1,1
342,0,97,323,180,115,1,1,1,1
342,0,323,345,90,60,1,1,1,1
342,0,494,337,60,45,1,1,1,1
342,0,676,337,280,65,1,1,1,1
342,0,895,353,55,45,1,1,1,1
343,0,97,323,180,115,1,1,1,1
343,0,323,345,90,60,1,1,1,1
343,0,494,337,60,45,1,1,1,1
343,0,676,337,280,65,1,1,1,1
343,0,895,353,55,45,1,1,1,1
344,0,97,323,180,115,1,1,1,1
344,0,323,345,90,60,1,1,1,1
344,0,494,337,60,45,1,1,1,1
344,0,676,337,280,65,1,1,1,1
344,0,895,353,55,45,1,1,1,1
345,0,97,323,180,115,1,1,1,1
345,0,323,345,90,60,1,1,1,1
345,0,494,337,60,45,1,1,1,1
345,0,676,337,280,65,1,1,1,1
345,0,895,353,55,45,1,1,1,1
346,0,97,323,180,115,1,1,1,1
346,0,323,345,90,60,1,1,1,1
346,0,494,337,60,45,1,1,1,1
346,0,676,337,280,65,1,1,1,1
346,0,895,353,55,45,1,1,1,1
347,0,97,323,180,115,1,1,1,1
347,0,323,345,90,60,1,1,1,1
347,0,494,337,60,45,1,1,1,1
347,0,676,337,280,65,1,1,1,1
347,0,895,353,55,45,1,1,1,1
348,0,96,323,180,115,1,1,1,1
348,0,323,345,90,60,1,1,1,1
348,0,494,337,60,45,1,1,1,1
348,0,676,337,280,65,1,1,1,1
348,0,895,353,55,45,1,1,1,1
349,0,96,323,180,115,1,1,1,1
349,0,323,345,90,60,1,1,1,1
349,0,494,337,60,45,1,1,1,1
349,0,676,337,280,65,1,1,1,1
349,0,895,353,55,45,1,1,1,1
350,0,96,323,180,115,1,1,1,1
350,0,323,345,90,60,1,1,1,1
350,0,494,337,60,45,1,1,1,1
350,0,676,337,280,65,1,1,1,1
350,0,895,353,55,45,1,1,1,1
351,0,96,323,180,115,1,1,1,1
351,0,323,345,90,60,1,1,1,1
351,0,494,337,60,45,1,1,1,1
351,0,676,337,280,65,1,1,1,1
351,0,895,353,55,45,1,1,1,1
352,0,96,323,180,115,1,1,1,1
352,0,323,345,90,60,1,1,1,1
352,0,494,337,60,45,1,1,1,1
352,0,676,337,280,65,1,1,1,1
352,0,895,353,55,45,1,1,1,1
353,0,96,323,180,115,1,1,1,1
353,0,323,345,90,60,1,1,1,1
353,0,494,337,60,45,1,1,1,1
353,0,676,337,280,65,1,1,1,1
353,0,894,353,55,45,1,1,1,1
354,0,96,323,180,115,1,1,1,1
354,0,323,345,90,60,1,1,1,1
354,0,494,337,60,45,1,1,1,1
354,0,676,337,280,65,1,1,1,1
354,0,894,353,55,45,1,1,1,1
355,0,96,323,180,115,1,1,1,1
355,0,323,345,90,60,1,1,1,1
355,0,494,337,60,45,1,1,1,1
355,0,676,337,280,65,1,1,1,1
355,0,894,353,55,45,1,1,1,1
356,0,96,323,180,115,1,1,1,1
356,0,323,345,90,60,1,1,1,1
356,0,494,337,60,45,1,1,1,1
356,0,676,337,280,65,1,1,1,1
356,0,894,353,55,45,1,1,1,1
357,0,96,323,180,115,1,1,1,1
357,0,323,345,90,60,1,1,1,1
357,0,494,337,60,45,1,1,1,1
357,0,676,337,280,65,1,1,1,1
357,0,894,353,55,45,1,1,1,1
358,0,96,323,180,115,1,1,1,1
358,0,323,345,90,60,1,1,1,1
358,0,494,337,60,45,1,1,1,1
358,0,676,337,280,65,1,1,1,1
358,0,894,353,55,45,1,1,1,1
359,0,96,323,180,115,1,1,1,1
359,0,323,345,90,60,1,1,1,1
359,0,494,337,60,45,1,1,1,1
359,0,676,337,280,65,1,1,1,1
359,0,894,353,55,45,1,1,1,1
360,0,96,323,180,115,1,1,1,1
360,0,323,345,90,60,1,1,1,1
360,0,494,337,60,45,1,1,1,1
360,0,676,337,280,65,1,1,1,1
360,0,894,353,55,45,1,1,1,1
361,0,96,323,180,115,1,1,1,1
361,0,323,345,90,60,1,1,1,1
361,0,494,337,60,45,1,1,1,1
361,0,676,337,280,65,1,1,1,1
361,0,894,353,55,45,1,1,1,1
362,0,96,323,180,115,1,1,1,1
362,0,323,345,90,60,1,1,1,1
362,0,494,337,60,45,1,1,1,1
362,0,676,337,280,65,1,1,1,1
362,0,894,353,55,45,1,1,1,1
363,0,95,323,180,115,1,1,1,1
363,0,322,345,90,60,1,1,1,1
363,0,493,337,60,45,1,1,1,1
363,0,676,337,280,65,1,1,1,1
363,0,894,353,55,45,1,1,1,1
364,0,95,323,180,115,1,1,1,1
364,0,322,345,90,60,1,1,1,1
364,0,493,337,60,45,1,1,1,1
364,0,676,337,280,65,1,1,1,1
364,0,894,353,55,45,1,1,1,1
365,0,95,323,180,115,1,1,1,1
365,0,322,345,90,60,1,1,1,1
365,0,493,337,60,45,1,1,1,1
365,0,676,337,280,65,1,1,1,1
365,0,894,353,55,45,1,1,1,1
366,0,95,323,180,115,1,1,1,1
366,0,322,345,90,60,1,1,1,1
366,0,493,337,60,45,1,1,1,1
366,0,676,337,280,65,1,1,1,1
366,0,894,353,55,45,1,1,1,1
367,0,95,323,180,115,1,1,1,1
367,0,322,345,90,60,1,1,1,1
367,0,493,337,60,45,1,1,1,1
367,0,676,337,280,65,1,1,1,1
367,0,894,353,55,45,1,1,1,1
368,0,95,323,180,115,1,1,1,1
368,0,322,345,90,60,1,1,1,1
368,0,493,337,60,45,1,1,1,1
368,0,676,337,280,65,1,1,1,1
368,0,894,353,55,45,1,1,1,1
369,0,95,323,180,115,1,1,1,1
369,0,322,345,90,60,1,1,1,1
369,0,493,337,60,45,1,1,1,1
369,0,676,337,280,65,1,1,1,1
369,0,894,353,55,45,1,1,1,1
370,0,95,323,180,115,1,1,1,1
370,0,322,345,90,60,1,1,1,1
370,0,493,337,60,45,1,1,1,1
370,0,676,337,280,65,1,1,1,1
370,0,894,353,55,45,1,1,1,1
371,0,95,323,180,115,1,1,1,1
371,0,322,345,90,60,1,1,1,1
371,0,493,337,60,45,1,1,1,1
371,0,676,337,280,65,1,1,1,1
371,0,894,353,55,45,1,1,1,1
372,0,95,323,180,115,1,1,1,1
372,0,322,345,90,60,1,1,1,1
372,0,493,337,60,45,1,1,1,1
372,0,676,337,280,65,1,1,1,1
372,0,894,353,55,45,1,1,1,1
373,0,95,323,180,115,1,1,1,1
373,0,322,345,90,60,1,1,1,1
373,0,493,337,60,45,1,1,1,1
373,0,676,337,280,65,1,1,1,1
373,0,893,353,55,45,1,1,1,1
374,0,95,323,180,115,1,1,1,1
374,0,322,345,90,60,1,1,1,1
374,0,493,337,60,45,1,1,1,1
374,0,676,337,280,65,1,1,1,1
374,0,893,353,55,45,1,1,1,1
375,0,95,323,180,115,1,1,1,1
375,0,322,345,90,60,1,1,1,1
375,0,493,337,60,45,1,1,1,1
375,0,676,337,280,65,1,1,1,1
375,0,893,353,55,45,1,1,1,1
376,0,95,323,180,115,1,1,1,1
376,0,322,345,90,60,1,1,1,1
376,0,493,337,60,45,1,1,1,1
376,0,676,337,280,65,1,1,1,1
376,0,893,353,55,45,1,1,1,1
377,0,95,323,180,115,1,1,1,1
377,0,322,345,90,60,1,1,1,1
377,0,493,337,60,45,1,1,1,1
377,0,676,337,280,65,1,1,1,1
377,0,893,353,55,45,1,1,1,1
378,0,94,323,180,115,1,1,1,1
378,0,322,345,90,60,1,1,1,1
378,0,493,337,60,45,1,1,1,1
378,0,676,337,280,65,1,1,1,1
378,0,893,353,55,45,1,1,1,1
379,0,94,323,180,115,1,1,1,1
379,0,322,345,90,60,1,1,1,1
379,0,493,337,60,45,1,1,1,1
379,0,676,337,280,65,1,1,1,1
379,0,893,353,55,45,1,1,1,1
380,0,94,323,180,115,1,1,1,1
380,0,322,345,90,60,1,1,1,1
380,0,493,337,60,45,1,1,1,1
380,0,676,337,280,65,1,1,1,1
380,0,893,353,55,45,1,1,1,1
381,0,94,323,180,115,1,1,1,1
381,0,322,345,90,60,1,1,1,1
381,0,493,337,60,45,1,1,1,1
381,0,676,337,280,65,1,1,1,1
381,0,893,353,55,45,1,1,1,1
382,0,94,323,180,115,1,1,1,1
382,0,322,345,90,60,1,1,1,1
382,0,493,337,60,45,1,1,1,1
382,0,676,337,280,65,1,1,1,1
382,0,893,353,55,45,1,1,1,1
383,0,94,323,180,115,1,1,1,1
383,0,322,345,90,60,1,1,1,1
383,0,493,337,60,45,1,1,1,1
383,0,676,337,280,65,1,1,1,1
383,0,893,353,55,45,1,1,1,1
384,0,94,323,180,115,1,1,1,1
384,0,322,345,90,60,1,1,1,1
384,0,493,337,60,45,1,1,1,1
384,0,676,337,280,65,1,1,1,1
384,0,893,353,55,45,1,1,1,1
385,0,94,323,180,115,1,1,1,1
385,0,322,345,90,60,1,1,1,1
385,0,493,337,60,45,1,1,1,1
385,0,676,337,280,65,1,1,1,1
385,0,893,353,55,45,1,1,1,1
386,0,94,323,180,115,1,1,1,1
386,0,322,345,90,60,1,1,1,1
386,0,493,337,60,45,1,1,1,1
386,0,676,337,280,65,1,1,1,1
386,0,893,353,55,45,1,1,1,1
387,0,94,323,180,115,1,1,1,1
387,0,322,345,90,60,1,1,1,1
387,0,493,337,60,45,1,1,1,1
387,0,676,337,280,65,1,1,1,1
387,0,893,353,55,45,1,1,1,1
388,0,94,323,180,115,1,1,1,1
388,0,322,345,90,60,1,1,1,1
388,0,493,337,60,45,1,1,1,1
388,0,676,337,280,65,1,1,1,1
388,0,893,353,55,45,1,1,1,1
389,0,94,323,180,115,1,1,1,1
389,0,322,345,90,60,1,1,1,1
389,0,493,337,60,45,1,1,1,1
389,0,676,337,280,65,1,1,1,1
389,0,893,353,55,45,1,1,1,1
390,0,94,323,180,115,1,1,1,1
390,0,322,345,90,60,1,1,1,1
390,0,493,337,60,45,1,1,1,1
390,0,676,337,280,65,1,1,1,1
390,0,893,353,55,45,1,1,1,1
391,0,94,323,180,115,1,1,1,1
391,0,322,345,90,60,1,1,1,1
391,0,493,337,60,45,1,1,1,1
391,0,676,337,280,65,1,1,1,1
391,0,893,353,55,45,1,1,1,1
392,0,94,324,180,115,1,1,1,1
392,0,322,345,90,60,1,1,1,1
392,0,493,337,60,45,1,1,1,1
392,0,676,337,280,65,1,1,1,1
392,0,893,354,55,45,1,1,1,1
393,0,93,324,180,115,1,1,1,1
393,0,321,345,90,60,1,1,1,1
393,0,493,337,60,45,1,1,1,1
393,0,676,337,280,65,1,1,1,1
393,0,892,354,55,45,1,1,1,1
394,0,93,324,180,115,1,1,1,1
394,0,321,345,90,60,1,1,1,1
394,0,493,337,60,45,1,1,1,1
394,0,676,337,280,65,1,1,1,1
394,0,892,354,55,45,1,1,1,1
395,0,93,324,180,115,1,1,1,1
395,0,321,345,90,60,1,1,1,1
395,0,493,337,60,45,1,1,1,1
395,0,676,337,280,65,1,1,1,1
395,0,892,354,55,45,1,1,1,1
396,0,93,324,180,115,1,1,1,1
396,0,321,345,90,60,1,1,1,1
396,0,493,337,60,45,1,1,1,1
396,0,676,337,280,65,1,1,1,1
396,0,892,354,55,45,1,1,1,1
397,0,93,324,180,115,1,1,1,1
397,0,321,345,90,60,1,1,1,1
397,0,493,337,60,45,1,1,1,1
397,0,676,337,280,65,1,1,1,1
397,0,892,354,55,45,1,1,1,1
398,0,93,324,180,115,1,1,1,1
398,0,321,345,90,60,1,1,1,1
398,0,493,337,60,45,1,1,1,1
398,0,676,337,280,65,1,1,1,1
398,0,892,354,55,45,1,1,1,1
399,0,93,324,180,115,1,1,1,1
399,0,321,345,90,60,1,1,1,1
399,0,493,337,60,45,1,1,1,1
399,0,676,337,280,65,1,1,1,1
399,0,892,354,55,45,1,1,1,1
400,0,93,324,180,115,1,1,1,1
400,0,321,345,90,60,1,1,1,1
400,0,493,337,60,45,1,1,1,1
400,0,676,337,280,65,1,1,1,1
400,0,892,354,55,45,1,1,1,1
401,0,93,324,180,115,1,1,1,1
401,0,321,345,90,60,1,1,1,1
401,0,493,337,60,45,1,1,1,1
401,0,676,337,280,65,1,1,1,1
401,0,892,354,55,45,1,1,1,1
402,0,93,324,180,115,1,1,1,1
402,0,321,345,90,60,1,1,1,1
402,0,493,337,60,45,1,1,1,1
402,0,676,337,280,65,1,1,1,1
402,0,892,354,55,45,1,1,1,1
403,0,93,324,180,115,1,1,1,1
403,0,321,345,90,60,1,1,1,1
403,0,493,337,60,45,1,1,1,1
403,0,675,337,280,65,1,1,1,1
403,0,892,354,55,45,1,1,1,1
404,0,93,324,180,115,1,1,1,1
404,0,321,345,90,60,1,1,1,1
404,0,493,337,60,45,1,1,1,1
404,0,675,337,280,65,1,1,1,1
404,0,892,354,55,45,1,1,1,1
405,0,93,324,180,115,1,1,1,1
405,0,321,345,90,60,1,1,1,1
405,0,493,337,60,45,1,1,1,1
405,0,675,337,280,65,1,1,1,1
405,0,892,354,55,45,1,1,1,1
406,0,93,324,180,115,1,1,1,1
406,0,321,345,90,60,1,1,1,1
406,0,493,337,60,45,1,1,1,1
406,0,675,337,280,65,1,1,1,1
406,0,892,354,55,45,1,1,1,1
407,0,93,324,180,115,1,1,1,1
407,0,321,345,90,60,1,1,1,1
407,0,493,337,60,45,1,1,1,1
407,0,675,337,280,65,1,1,1,1
407,0,892,354,55,45,1,1,1,1
408,0,92,324,180,115,1,1,1,1
408,0,321,345,90,60,1,1,1,1
408,0,493,337,60,45,1,1,1,1
408,0,675,337,280,65,1,1,1,1
408,0,892,354,55,45,1,1,1,1
409,0,92,324,180,115,1,1,1,1
409,0,321,345,90,60,1,1,1,1
409,0,493,337,60,45,1,1,1,1
409,0,675,337,280,65,1,1,1,1
409,0,892,354,55,45,1,1,1,1
410,0,92,324,180,115,1,1,1,1
410,0,321,345,90,60,1,1,1,1
410,0,493,337,60,45,1,1,1,1
410,0,675,337,280,65,1,1,1,1
410,0,892,354,55,45,1,1,1,1
411,0,92,324,180,115,1,1,1,1
411,0,321,345,90,60,1,1,1,1
411,0,493,337,60,45,1,1,1,1
411,0,675,337,280,65,1,1,1,1
411,0,892,354,55,45,1,1,1,1
412,0,92,324,180,115,1,1,1,1
412,0,321,345,90,60,1,1,1,1
412,0,493,337,60,45,1,1,1,1
412,0,675,337,280,65,1,1,1,1
412,0,892,354,55,45,1,1,1,1
413,0,92,324,180,115,1,1,1,1
413,0,321,345,90,60,1,1,1,1
413,0,493,337,60,45,1,1,1,1
413,0,675,337,280,65,1,1,1,1
413,0,891,354,55,45,1,1,1,1
414,0,92,324,180,115,1,1,1,1
414,0,321,345,90,60,1,1,1,1
414,0,493,337,60,45,1,1,1,1
414,0,675,337,280,65,1,1,1,1
414,0,891,354,55,45,1,1,1,1
415,0,92,324,180,115,1,1,1,1
415,0,321,345,90,60,1,1,1,1
415,0,493,337,60,45,1,1,1,1
415,0,675,337,280,65,1,1,1,1
415,0,891,354,55,45,1,1,1,1
416,0,92,324,180,115,1,1,1,1
416,0,321,345,90,60,1,1,1,1
416,0,493,337,60,45,1,1,1,1
416,0,675,337,280,65,1,1,1,1
416,0,891,354,55,45,1,1,1,1
417,0,92,324,180,115,1,1,1,1
417,0,321,345,90,60,1,1,1,1
417,0,493,337,60,45,1,1,1,1
417,0,675,337,280,65,1,1,1,1
417,0,891,354,55,45,1,1,1,1
418,0,92,324,180,115,1,1,1,1
418,0,321,345,90,60,1,1,1,1
418,0,493,337,60,45,1,1,1,1
418,0,675,337,280,65,1,1,1,1
418,0,891,354,55,45,1,1,1,1
419,0,92,324,180,115,1,1,1,1
419,0,321,345,90,60,1,1,1,1
419,0,493,337,60,45,1,1,1,1
419,0,675,337,280,65,1,1,1,1
419,0,891,354,55,45,1,1,1,1
420,0,92,324,180,115,1,1,1,1
420,0,321,345,90,60,1,1,1,1
420,0,493,337,60,45,1,1,1,1
420,0,675,337,280,65,1,1,1,1
420,0,891,354,55,45,1,1,1,1
421,0,92,324,180,115,1,1,1,1
421,0,321,345,90,60,1,1,1,1
421,0,493,337,60,45,1,1,1,1
421,0,675,337,280,65,1,1,1,1
421,0,891,354,55,45,1,1,1,1
422,0,92,324,180,115,1,1,1,1
422,0,321,345,90,60,1,1,1,1
422,0,493,337,60,45,1,1,1,1
422,0,675,337,280,65,1,1,1,1
422,0,891,354,55,45,1,1,1,1
423,0,91,324,180,115,1,1,1,1
423,0,320,345,90,60,1,1,1,1
423,0,492,337,60,45,1,1,1,1
423,0,675,337,280,65,1,1,1,1
423,0,891,354,55,45,1,1,1,1
424,0,91,324,180,115,1,1,1,1
424,0,320,345,90,60,1,1,1,1
424,0,492,337,60,45,1,1,1,1
424,0,675,337,280,65,1,1,1,1
424,0,891,354,55,45,1,1,1,1
425,0,91,324,180,115,1,1,1,1
425,0,320,345,90,60,1,1,1,1
425,0,492,337,60,45,1,1,1,1
425,0,675,337,280,65,1,1,1,1
425,0,891,354,55,45,1,1,1,1
426,0,91,324,180,115,1,1,1,1
426,0,320,345,90,60,1,1,1,1
426,0,492,337,60,45,1,1,1,1
426,0,675,337,280,65,1,1,1,1
426,0,891,354,55,45,1,1,1,1
427,0,91,324,180,115,1,1,1,1
427,0,320,345,90,60,1,1,1,1
427,0,492,337,60,45,1,1,1,1
427,0,675,337,280,65,1,1,1,1
427,0,891,354,55,45,1,1,1,1
428,0,91,324,180,115,1,1,1,1
428,0,320,345,90,60,1,1,1,1
428,0,492,337,60,45,1,1,1,1
428,0,675,337,280,65,1,1,1,1
428,0,891,354,55,45,1,1,1,1
429,0,91,324,180,115,1,1,1,1
429,0,320,345,90,60,1,1,1,1
429,0,492,337,60,45,1,1,1,1
429,0,675,337,280,65,1,1,1,1
429,0,891,354,55,45,1,1,1,1
430,0,91,324,180,115,1,1,1,1
430,0,320,345,90,60,1,1,1,1
430,0,492,337,60,45,1,1,1,1
430,0,675,337,280,65,1,1,1,1
430,0,891,354,55,45,1,1,1,1
431,0,91,324,180,115,1,1,1,1
431,0,320,345,90,60,1,1,1,1
431,0,492,337,60,45,1,1,1,1
431,0,675,337,280,65,1,1,1,1
431,0,891,354,55,45,1,1,1,1
432,0,91,324,180,115,1,1,1,1
432,0,320,345,90,60,1,1,1,1
432,0,492,337,60,45,1,1,1,1
432,0,675,337,280,65,1,1,1,1
432,0,891,354,55,45,1,1,1,1
433,0,91,324,180,115,1,1,1,1
433,0,320,345,90,60,1,1,1,1
433,0,492,337,60,45,1,1,1,1
433,0,675,337,280,65,1,1,1,1
433,0,890,354,55,45,1,1,1,1
434,0,91,324,180,115,1,1,1,1
434,0,320,345,90,60,1,1,1,1
434,0,492,337,60,45,1,1,1,1
434,0,675,337,280,65,1,1,1,1
434,0,890,354,55,45,1,1,1,1
435,0,91,324,180,115,1,1,1,1
435,0,320,345,90,60,1,1,1,1
435,0,492,337,60,45,1,1,1,1
435,0,675,337,280,65,1,1,1,1
435,0,890,354,55,45,1,1,1,1
436,0,91,324,180,115,1,1,1,1
436,0,320,345,90,60,1,1,1,1
436,0,492,337,60,45,1,1,1,1
436,0,675,337,280,65,1,1,1,1
436,0,890,354,55,45,1,1,1,1
437,0,91,324,180,115,1,1,1,1
437,0,320,345,90,60,1,1,1,1
437,0,492,337,60,45,1,1,1,1
437,0,675,337,280,65,1,1,1,1
437,0,890,354,55,45,1,1,1,1
438,0,90,324,180,115,1,1,1,1
438,0,320,345,90,60,1,1,1,1
438,0,492,337,60,45,1,1,1,1
438,0,675,337,280,65,1,1,1,1
438,0,890,354,55,45,1,1,1,1
439,0,90,324,180,115,1,1,1,1
439,0,320,345,90,60,1,1,1,1
439,0,492,337,60,45,1,1,1,1
439,0,675,337,280,65,1,1,1,1
439,0,890,354,55,45,1,1,1,1
440,0,90,324,180,115,1,1,1,1
440,0,320,345,90,60,1,1,1,1
440,0,492,337,60,45,1,1,1,1
440,0,675,337,280,65,1,1,1,1
440,0,890,354,55,45,1,1,1,1
441,0,90,324,180,115,1,1,1,1
441,0,320,345,90,60,1,1,1,1
441,0,492,337,60,45,1,1,1,1
441,0,675,337,280,65,1,1,1,1
441,0,890,354,55,45,1,1,1,1
442,0,90,324,180,115,1,1,1,1
442,0,320,345,90,60,1,1,1,1
442,0,492,337,60,45,1,1,1,1
442,0,675,337,280,65,1,1,1,1
442,0,890,354,55,45,1,1,1,1
443,0,90,324,180,115,1,1,1,1
443,0,320,345,90,60,1,1,1,1
443,0,492,337,60,45,1,1,1,1
443,0,675,337,280,65,1,1,1,1
443,0,890,354,55,45,1,1,1,1
444,0,90,324,180,115,1,1,1,1
444,0,320,345,90,60,1,1,1,1
444,0,492,337,60,45,1,1,1,1
444,0,675,337,280,65,1,1,1,1
444,0,890,354,55,45,1,1,1,1
445,0,90,324,180,115,1,1,1,1
445,0,320,345,90,60,1,1,1,1
445,0,492,337,60,45,1,1,1,1
445,0,675,337,280,65,1,1,1,1
445,0,890,354,55,45,1,1,1,1
446,0,90,324,180,115,1,1,1,1
446,0,320,345,90,60,1,1,1,1
446,0,492,337,60,45,1,1,1,1
446,0,675,337,280,65,1,1,1,1
446,0,890,354,55,45,1,1,1,1
447,0,90,324,180,115,1,1,1,1
447,0,320,345,90,60,1,1,1,1
447,0,492,337,60,45,1,1,1,1
447,0,675,337,280,65,1,1,1,1
447,0,890,354,55,45,1,1,1,1
448,0,90,324,180,115,1,1,1,1
448,0,320,345,90,60,1,1,1,1
448,0,492,337,60,45,1,1,1,1
448,0,675,337,280,65,1,1,1,1
448,0,890,354,55,45,1,1,1,1
449,0,90,324,180,115,1,1,1,1
449,0,320,345,90,60,1,1,1,1
449,0,492,337,60,45,1,1,1,1
449,0,675,337,280,65,1,1,1,1
449,0,890,354,55,45,1,1,1,1
450,0,90,324,180,115,1,1,1,1
450,0,320,345,90,60,1,1,1,1
450,0,492,337,60,45,1,1,1,1
450,0,675,337,280,65,1,1,1,1
450,0,890,354,55,45,1,1,1,1
451,0,90,324,180,115,1,1,1,1
451,0,320,345,90,60,1,1,1,1
451,0,492,337,60,45,1,1,1,1
451,0,675,337,280,65,1,1,1,1
451,0,890,354,55,45,1,1,1,1
452,0,90,325,180,115,1,1,1,1
452,0,320,345,90,60,1,1,1,1
452,0,492,337,60,45,1,1,1,1
452,0,675,337,280,65,1,1,1,1
452,0,890,355,55,45,1,1,1,1
453,0,89,325,180,115,1,1,1,1
453,0,319,345,90,60,1,1,1,1
453,0,492,337,60,45,1,1,1,1
453,0,675,337,280,65,1,1,1,1
453,0,889,355,55,45,1,1,1,1
454,0,89,325,180,115,1,1,1,1
454,0,319,345,90,60,1,1,1,1
454,0,492,337,60,45,1,1,1,1
454,0,675,337,280,65,1,1,1,1
454,0,889,355,55,45,1,1,1,1
455,0,89,325,180,115,1,1,1,1
455,0,319,345,90,60,1,1,1,1
455,0,492,337,60,45,1,1,1,1
455,0,675,337,280,65,1,1,1,1
455,0,889,355,55,45,1,1,1,1
456,0,89,325,180,115,1,1,1,1
456,0,319,345,90,60,1,1,1,1
456,0,492,337,60,45,1,1,1,1
456,0,675,337,280,65,1,1,1,1
456,0,889,355,55,45,1,1,1,1
457,0,89,325,180,115,1,1,1,1
457,0,319,345,90,60,1,1,1,1
457,0,492,337,60,45,1,1,1,1
457,0,675,337,280,65,1,1,1,1
457,0,889,355,55,45,1,1,1,1
458,0,89,325,180,115,1,1,1,1
458,0,319,345,90,60,1,1,1,1
458,0,492,337,60,45,1,1,1,1
458,0,675,337,280,65,1,1,1,1
458,0,889,355,55,45,1,1,1,1
459,0,89,325,180,115,1,1,1,1
459,0,319,345,90,60,1,1,1,1
459,0,492,337,60,45,1,1,1,1
459,0,675,337,280,65,1,1,1,1
459,0,889,355,55,45,1,1,1,1
460,0,89,325,180,115,1,1,1,1
460,0,319,345,90,60,1,1,1,1
460,0,492,337,60,45,1,1,1,1
460,0,675,337,280,65,1,1,1,1
460,0,889,355,55,45,1,1,1,1
461,0,89,325,180,115,1,1,1,1
461,0,319,345,90,60,1,1,1,1
461,0,492,337,60,45,1,1,1,1
461,0,675,337,280,65,1,1,1,1
461,0,889,355,55,45,1,1,1,1
462,0,89,325,180,115,1,1,1,1
462,0,319,345,90,60,1,1,1,1
462,0,492,337,60,45,1,1,1,1
462,0,675,337,280,65,1,1,1,1
462,0,889,355,55,45,1,1,1,1
463,0,89,325,180,115,1,1,1,1
463,0,319,345,90,60,1,1,1,1
463,0,492,337,60,45,1,1,1,1
463,0,675,337,280,65,1,1,1,1
463,0,889,355,55,45,1,1,1,1
464,0,89,325,180,115,1,1,1,1
464,0,319,345,90,60,1,1,1,1
464,0,492,337,60,45,1,1,1,1
464,0,675,337,280,65,1,1,1,1
464,0,889,355,55,45,1,1,1,1
465,0,89,325,180,115,1,1,1,1
465,0,319,345,90,60,1,1,1,1
465,0,492,337,60,45,1,1,1,1
465,0,675,337,280,65,1,1,1,1
465,0,889,355,55,45,1,1,1,1
466,0,89,325,180,115,1,1,1,1
466,0,319,345,90,60,1,1,1,1
466,0,492,337,60,45,1,1,1,1
466,0,675,337,280,65,1,1,1,1
466,0,889,355,55,45,1,1,1,1
467,0,89,325,180,115,1,1,1,1
467,0,319,345,90,60,1,1,1,1
467,0,492,337,60,45,1,1,1,1
467,0,675,337,280,65,1,1,1,1
467,0,889,355,55,45,1,1,1,1
468,0,88,325,180,115,1,1,1,1
468,0,319,345,90,60,1,1,1,1
468,0,492,337,60,45,1,1,1,1
468,0,675,337,280,65,1,1,1,1
468,0,889,355,55,45,1,1,1,1
469,0,88,325,180,115,1,1,1,1
469,0,319,345,90,60,1,1,1,1
469,0,492,337,60,45,1,1,1,1
469,0,675,337,280,65,1,1,1,1
469,0,889,355,55,45,1,1,1,1
470,0,88,325,180,115,1,1,1,1
470,0,319,345,90,60,1,1,1,1
470,0,492,337,60,45,1,1,1,1
470,0,675,337,280,65,1,1,1,1
470,0,889,355,55,45,1,1,1,1
471,0,88,325,180,115,1,1,1,1
471,0,319,345,90,60,1,1,1,1
471,0,492,337,60,45,1,1,1,1
471,0,675,337,280,65,1,1,1,1
471,0,889,355,55,45,1,1,1,1
472,0,88,325,180,115,1,1,1,1
472,0,319,345,90,60,1,1,1,1
472,0,492,337,60,45,1,1,1,1
472,0,675,337,280,65,1,1,1,1
472,0,889,355,55,45,1,1,1,1
473,0,88,325,180,115,1,1,1,1
473,0,319,345,90,60,1,1,1,1
473,0,492,337,60,45,1,1,1,1
473,0,675,337,280,65,1,1,1,1
473,0,888,355,55,45,1,1,1,1
474,0,88,325,180,115,1,1,1,1
474,0,319,345,90,60,1,1,1,1
474,0,492,337,60,45,1,1,1,1
474,0,675,337,280,65,1,1,1,1
474,0,888,355,55,45,1,1,1,1
475,0,88,325,180,115,1,1,1,1
475,0,319,345,90,60,1,1,1,1
475,0,492,337,60,45,1,1,1,1
475,0,675,337,280,65,1,1,1,1
475,0,888,355,55,45,1,1,1,1
476,0,88,325,180,115,1,1,1,1
476,0,319,345,90,60,1,1,1,1
476,0,492,337,60,45,1,1,1,1
476,0,675,337,280,65,1,1,1,1
476,0,888,355,55,45,1,1,1,1
477,0,88,325,180,115,1,1,1,1
477,0,319,345,90,60,1,1,1,1
477,0,492,337,60,45,1,1,1,1
477,0,675,337,280,65,1,1,1,1
477,0,888,355,55,45,1,1,1,1
478,0,88,325,180,115,1,1,1,1
478,0,319,345,90,60,1,1,1,1
478,0,492,337,60,45,1,1,1,1
478,0,675,337,280,65,1,1,1,1
478,0,888,355,55,45,1,1,1,1
479,0,88,325,180,115,1,1,1,1
479,0,319,345,90,60,1,1,1,1
479,0,492,337,60,45,1,1,1,1
479,0,675,337,280,65,1,1,1,1
479,0,888,355,55,45,1,1,1,1
480,0,88,325,180,115,1,1,1,1
480,0,319,345,90,60,1,1,1,1
480,0,492,337,60,45,1,1,1,1
480,0,675,337,280,65,1,1,1,1
480,0,888,355,55,45,1,1,1,1
481,0,88,325,180,115,1,1,1,1
481,0,319,345,90,60,1,1,1,1
481,0,492,337,60,45,1,1,1,1
481,0,675,337,280,65,1,1,1,1
481,0,888,355,55,45,1,1,1,1
482,0,88,325,180,115,1,1,1,1
482,0,319,345,90,60,1,1,1,1
482,0,492,337,60,45,1,1,1,1
482,0,675,337,280,65,1,1,1,1
482,0,888,355,55,45,1,1,1,1
483,0,87,325,180,115,1,1,1,1
483,0,318,345,90,60,1,1,1,1
483,0,491,337,60,45,1,1,1,1
483,0,675,337,280,65,1,1,1,1
483,0,888,355,55,45,1,1,1,1
484,0,87,325,180,115,1,1,1,1
484,0,318,345,90,60,1,1,1,1
484,0,491,337,60,45,1,1,1,1
484,0,675,337,280,65,1,1,1,1
484,0,888,355,55,45,1,1,1,1
485,0,87,325,180,115,1,1,1,1
485,0,318,345,90,60,1,1,1,1
485,0,491,337,60,45,1,1,1,1
485,0,675,337,280,65,1,1,1,1
485,0,888,355,55,45,1,1,1,1
486,0,87,325,180,115,1,1,1,1
486,0,318,345,90,60,1,1,1,1
486,0,491,337,60,45,1,1,1,1
486,0,675,337,280,65,1,1,1,1
486,0,888,355,55,45,1,1,1,1
487,0,87,325,180,115,1,1,1,1
487,0,318,345,90,60,1,1,1,1
487,0,491,337,60,45,1,1,1,1
487,0,675,337,280,65,1,1,1,1
487,0,888,355,55,45,1,1,1,1
488,0,87,325,180,115,1,1,1,1
488,0,318,345,90,60,1,1,1,1
488,0,491,337,60,45,1,1,1,1
488,0,675,337,280,65,1,1,1,1
488,0,888,355,55,45,1,1,1,1
489,0,87,325,180,115,1,1,1,1
489,0,318,345,90,60,1,1,1,1
489,0,491,337,60,45,1,1,1,1
489,0,675,337,280,65,1,1,1,1
489,0,888,355,55,45,1,1,1,1
490,0,87,325,180,115,1,1,1,1
490,0,318,345,90,60,1,1,1,1
490,0,491,337,60,45,1,1,1,1
490,0,675,337,280,65,1,1,1,1
490,0,888,355,55,45,1,1,1,1
491,0,87,325,180,115,1,1,1,1
491,0,318,345,90,60,1,1,1,1
491,0,491,337,60,45,1,1,1,1
491,0,675,337,280,65,1,1,1,1
491,0,888,355,55,45,1,1,1,1
492,0,87,325,180,115,1,1,1,1
492,0,318,345,90,60,1,1,1,1
492,0,491,337,60,45,1,1,1,1
492,0,675,337,280,65,1,1,1,1
492,0,888,355,55,45,1,1,1,1
493,0,87,325,180,115,1,1,1,1
493,0,318,345,90,60,1,1,1,1
493,0,491,337,60,45,1,1,1,1
493,0,675,337,280,65,1,1,1,1
493,0,887,355,55,45,1,1,1,1
494,0,87,325,180,115,1,1,1,1
494,0,318,345,90,60,1,1,1,1
494,0,491,337,60,45,1,1,1,1
494,0,675,337,280,65,1,1,1,1
494,0,887,355,55,45,1,1,1,1
495,0,87,325,180,115,1,1,1,1
495,0,318,345,90,60,1,1,1,1
495,0,491,337,60,45,1,1,1,1
495,0,675,337,280,65,1,1,1,1
495,0,887,355,55,45,1,1,1,1
496,0,87,325,180,115,1,1,1,1
496,0,318,345,90,60,1,1,1,1
496,0,491,337,60,45,1,1,1,1
496,0,675,337,280,65,1,1,1,1
496,0,887,355,55,45,1,1,1,1
497,0,87,325,180,115,1,1,1,1
497,0,318,345,90,60,1,1,1,1
497,0,491,337,60,45,1,1,1,1
497,0,675,337,280,65,1,1,1,1
497,0,887,355,55,45,1,1,1,1
498,0,86,325,180,115,1,1,1,1
498,0,318,345,90,60,1,1,1,1
498,0,491,337,60,45,1,1,1,1
498,0,675,337,280,65,1,1,1,1
498,0,887,355,55,45,1,1,1,1
499,0,86,325,180,115,1,1,1,1
499,0,318,345,90,60,1,1,1,1
499,0,491,337,60,45,1,1,1,1
499,0,675,337,280,65,1,1,1,1
499,0,887,355,55,45,1,1,1,1
500,0,86,325,180,115,1,1,1,1
500,0,318,345,90,60,1,1,1,1
500,0,491,337,60,45,1,1,1,1
500,0,675,337,280,65,1,1,1,1
500,0,887,355,55,45,1,1,1,1
501,0,86,325,180,115,1,1,1,1
501,0,318,345,90,60,1,1,1,1
501,0,491,337,60,45,1,1,1,1
501,0,675,337,280,65,1,1,1,1
501,0,887,355,55,45,1,1,1,1
502,0,86,325,180,115,1,1,1,1
502,0,318,345,90,60,1,1,1,1
502,0,491,337,60,45,1,1,1,1
502,0,675,337,280,65,1,1,1,1
502,0,887,355,55,45,1,1,1,1
503,0,86,325,180,115,1,1,1,1
503,0,318,345,90,60,1,1,1,1
503,0,491,337,60,45,1,1,1,1
503,0,674,337,280,65,1,1,1,1
503,0,887,355,55,45,1,1,1,1
504,0,86,325,180,115,1,1,1,1
504,0,318,345,90,60,1,1,1,1
504,0,491,337,60,45,1,1,1,1
504,0,674,337,280,65,1,1,1,1
504,0,887,355,55,45,1,1,1,1
505,0,86,325,180,115,1,1,1,1
505,0,318,345,90,60,1,1,1,1
505,0,491,337,60,45,1,1,1,1
505,0,674,337,280,65,1,1,1,1
505,0,887,355,55,45,1,1,1,1
506,0,86,325,180,115,1,1,1,1
506,0,318,345,90,60,1,1,1,1
506,0,491,337,60,45,1,1,1,1
506,0,674,337,280,65,1,1,1,1
506,0,887,355,55,45,1,1,1,1
507,0,86,325,180,115,1,1,1,1
507,0,318,345,90,60,1,1,1,1
507,0,491,337,60,45,1,1,1,1
507,0,674,337,280,65,1,1,1,1
507,0,887,355,55,45,1,1,1,1
508,0,86,325,180,115,1,1,1,1
508,0,318,345,90,60,1,1,1,1
508,0,491,337,60,45,1,1,1,1
508,0,674,337,280,65,1,1,1,1
508,0,887,355,55,45,1,1,1,1
509,0,86,325,180,115,1,1,1,1
509,0,318,345,90,60,1,1,1,1
509,0,491,337,60,45,1,1,1,1
509,0,674,337,280,65,1,1,1,1
509,0,887,355,55,45,1,1,1,1
510,0,86,325,180,115,1,1,1,1
510,0,318,345,90,60,1,1,1,1
510,0,491,337,60,45,1,1,1,1
510,0,674,337,280,65,1,1,1,1
510,0,887,355,55,45,1,1,1,1
511,0,86,325,180,115,1,1,1,1
511,0,318,345,90,60,1,1,1,1
511,0,491,337,60,45,1,1,1,1
511,0,674,337,280,65,1,1,1,1
511,0,887,355,55,45,1,1,1,1
512,0,86,326,180,115,1,1,1,1
512,0,318,345,90,60,1,1,1,1
512,0,491,337,60,45,1,1,1,1
512,0,674,337,280,65,1,1,1,1
512,0,887,356,55,45,1,1,1,1
513,0,85,326,180,115,1,1,1,1
513,0,317,345,90,60,1,1,1,1
513,0,491,337,60,45,1,1,1,1
513,0,674,337,280,65,1,1,1,1
513,0,886,356,55,45,1,1,1,1
514,0,85,326,180,115,1,1,1,1
514,0,317,345,90,60,1,1,1,1
514,0,491,337,60,45,1,1,1,1
514,0,674,337,280,65,1,1,1,1
514,0,886,356,55,45,1,1,1,1
515,0,85,326,180,115,1,1,1,1
515,0,317,345,90,60,1,1,1,1
515,0,491,337,60,45,1,1,1,1
515,0,674,337,280,65,1,1,1,1
515,0,886,356,55,45,1,1,1,1
516,0,85,326,180,115,1,1,1,1
516,0,317,345,90,60,1,1,1,1
516,0,491,337,60,45,1,1,1,1
516,0,674,337,280,65,1,1,1,1
516,0,886,356,55,45,1,1,1,1
517,0,85,326,180,115,1,1,1,1
517,0,317,345,90,60,1,1,1,1
517,0,491,337,60,45,1,1,1,1
517,0,674,337,280,65,1,1,1,1
517,0,886,356,55,45,1,1,1,1
518,0,85,326,180,115,1,1,1,1
518,0,317,345,90,60,1,1,1,1
518,0,491,337,60,45,1,1,1,1
518,0,674,337,280,65,1,1,1,1
518,0,886,356,55,45,1,1,1,1
519,0,85,326,180,115,1,1,1,1
519,0,317,345,90,60,1,1,1,1
519,0,491,337,60,45,1,1,1,1
519,0,674,337,280,65,1,1,1,1
519,0,886,356,55,45,1,1,1,1
520,0,85,326,180,115,1,1,1,1
520,0,317,345,90,60,1,1,1,1
520,0,491,337,60,45,1,1,1,1
520,0,674,337,280,65,1,1,1,1
520,0,886,356,55,45,1,1,1,1
521,0,85,326,180,115,1,1,1,1
521,0,317,345,90,60,1,1,1,1
521,0,491,337,60,45,1,1,1,1
521,0,674,337,280,65,1,1,1,1
521,0,886,356,55,45,1,1,1,1
522,0,85,326,180,115,1,1,1,1
522,0,317,345,90,60,1,1,1,1
522,0,491,337,60,45,1,1,1,1
522,0,674,337,280,65,1,1,1,1
522,0,886,356,55,45,1,1,1,1
523,0,85,326,180,115,1,1,1,1
523,0,317,345,90,60,1,1,1,1
523,0,491,337,60,45,1,1,1,1
523,0,674,337,280,65,1,1,1,1
523,0,886,356,55,45,1,1,1,1
524,0,85,326,180,115,1,1,1,1
524,0,317,345,90,60,1,1,1,1
524,0,491,337,60,45,1,1,1,1
524,0,674,337,280,65,1,1,1,1
524,0,886,356,55,45,1,1,1,1
525,0,85,326,180,115,1,1,1,1
525,0,317,345,90,60,1,1,1,1
525,0,491,337,60,45,1,1,1,1
525,0,674,337,280,65,1,1,1,1
525,0,886,356,55,45,1,1,1,1
526,0,85,326,180,115,1,1,1,1
526,0,317,345,90,60,1,1,1,1
526,0,491,337,60,45,1,1,1,1
526,0,674,337,280,65,1,1,1,1
526,0,886,356,55,45,1,1,1,1
527,0,85,326,180,115,1,1,1,1
527,0,317,345,90,60,1,1,1,1
527,0,491,337,60,45,1,1,1,1
527,0,674,337,280,65,1,1,1,1
527,0,886,356,55,45,1,1,1,1
528,0,84,326,180,115,1,1,1,1
528,0,317,345,90,60,1,1,1,1
528,0,491,337,60,45,1,1,1,1
528,0,674,337,280,65,1,1,1,1
528,0,886,356,55,45,1,1,1,1
529,0,84,326,180,115,1,1,1,1
529,0,317,345,90,60,1,1,1,1
529,0,491,337,60,45,1,1,1,1
529,0,674,337,280,65,1,1,1,1
529,0,886,356,55,45,1,1,1,1
530,0,84,326,180,115,1,1,1,1
530,0,317,345,90,60,1,1,1,1
530,0,491,337,60,45,1,1,1,1
530,0,674,337,280,65,1,1,1,1
530,0,886,356,55,45,1,1,1,1
531,0,84,326,180,115,1,1,1,1
531,0,317,345,90,60,1,1,1,1
531,0,491,337,60,45,1,1,1,1
531,0,674,337,280,65,1,1,1,1
531,0,886,356,55,45,1,1,1,1
532,0,84,326,180,115,1,1,1,1
532,0,317,345,90,60,1,1,1,1
532,0,491,337,60,45,1,1,1,1
532,0,674,337,280,65,1,1,1,1
532,0,886,356,55,45,1,1,1,1
533,0,84,326,180,115,1,1,1,1
533,0,317,345,90,60,1,1,1,1
533,0,491,337,60,45,1,1,1,1
533,0,674,337,280,65,1,1,1,1
533,0,885,356,55,45,1,1,1,1
534,0,84,326,180,115,1,1,1,1
534,0,317,345,90,60,1,1,1,1
534,0,491,337,60,45,1,1,1,1
534,0,674,337,280,65,1,1,1,1
534,0,885,356,55,45,1,1,1,1
535,0,84,326,180,115,1,1,1,1
535,0,317,345,90,60,1,1,1,1
535,0,491,337,60,45,1,1,1,1
535,0,674,337,280,65,1,1,1,1
535,0,885,356,55,45,1,1,1,1
536,0,84,326,180,115,1,1,1,1
536,0,317,345,90,60,1,1,1,1
536,0,491,337,60,45,1,1,1,1
536,0,674,337,280,65,1,1,1,1
536,0,885,356,55,45,1,1,1,1
537,0,84,326,180,115,1,1,1,1
537,0,317,345,90,60,1,1,1,1
537,0,491,337,60,45,1,1,1,1
537,0,674,337,280,65,1,1,1,1
537,0,885,356,55,45,1,1,1,1
538,0,84,326,180,115,1,1,1,1
538,0,317,345,90,60,1,1,1,1
538,0,491,337,60,45,1,1,1,1
538,0,674,337,280,65,1,1,1,1
538,0,885,356,55,45,1,1,1,1
539,0,84,326,180,115,1,1,1,1
539,0,317,345,90,60,1,1,1,1
539,0,491,337,60,45,1,1,1,1
539,0,674,337,280,65,1,1,1,1
539,0,885,356,55,45,1,1,1,1
540,0,84,326,180,115,1,1,1,1
540,0,317,345,90,60,1,1,1,1
540,0,491,337,60,45,1,1,1,1
540,0,674,337,280,65,1,1,1,1
540,0,885,356,55,45,1,1,1,1
541,0,84,326,180,115,1,1,1,1
541,0,317,345,90,60,1,1,1,1
541,0,491,337,60,45,1,1,1,1
541,0,674,337,280,65,1,1,1,1
541,0,885,356,55,45,1,1,1,1
542,0,84,326,180,115,1,1,1,1
542,0,317,345,90,60,1,1,1,1
542,0,491,337,60,45,1,1,1,1
542,0,674,337,280,65,1,1,1,1
542,0,885,356,55,45,1,1,1,1
543,0,83,326,180,115,1,1,1,1
543,0,316,345,90,60,1,1,1,1
543,0,490,337,60,45,1,1,1,1
543,0,674,337,280,65,1,1,1,1
543,0,885,356,55,45,1,1,1,1
544,0,83,326,180,115,1,1,1,1
544,0,316,345,90,60,1,1,1,1
544,0,490,337,60,45,1,1,1,1
544,0,674,337,280,65,1,1,1,1
544,0,885,356,55,45,1,1,1,1
545,0,83,326,180,115,1,1,1,1
545,0,316,345,90,60,1,1,1,1
545,0,490,337,60,45,1,1,1,1
545,0,674,337,280,65,1,1,1,1
545,0,885,356,55,45,1,1,1,1
546,0,83,326,180,115,1,1,1,1
546,0,316,345,90,60,1,1,1,1
546,0,490,337,60,45,1,1,1,1
546,0,674,337,280,65,1,1,1,1
546,0,885,356,55,45,1,1,1,1
547,0,83,326,180,115,1,1,1,1
547,0,316,345,90,60,1,1,1,1
547,0,490,337,60,45,1,1,1,1
547,0,674,337,280,65,1,1,1,1
547,0,885,356,55,45,1,1,1,1
548,0,83,326,180,115,1,1,1,1
548,0,316,345,90,60,1,1,1,1
548,0,490,337,60,45,1,1,1,1
548,0,674,337,280,65,1,1,1,1
548,0,885,356,55,45,1,1,1,1
549,0,83,326,180,115,1,1,1,1
549,0,316,345,90,60,1,1,1,1
549,0,490,337,60,45,1,1,1,1
549,0,674,337,280,65,1,1,1,1
549,0,885,356,55,45,1,1,1,1
550,0,83,326,180,115,1,1,1,1
550,0,316,345,90,60,1,1,1,1
550,0,490,337,60,45,1,1,1,1
550,0,674,337,280,65,1,1,1,1
550,0,885,356,55,45,1,1,1,1
551,0,83,326,180,115,1,1,1,1
551,0,316,345,90,60,1,1,1,1
551,0,490,337,60,45,1,1,1,1
551,0,674,337,280,65,1,1,1,1
551,0,885,356,55,45,1,1,1,1
552,0,83,326,180,115,1,1,1,1
552,0,316,345,90,60,1,1,1,1
552,0,490,337,60,45,1,1,1,1
552,0,674,337,280,65,1,1,1,1
552,0,885,356,55,45,1,1,1,1
553,0,83,326,180,115,1,1,1,1
553,0,316,345,90,60,1,1,1,1
553,0,490,337,60,45,1,1,1,1
553,0,674,337,280,65,1,1,1,1
553,0,884,356,55,45,1,1,1,1
554,0,83,326,180,115,1,1,1,1
554,0,316,345,90,60,1,1,1,1
554,0,490,337,60,45,1,1,1,1
554,0,674,337,280,65,1,1,1,1
554,0,884,356,55,45,1,1,1,1
555,0,83,326,180,115,1,1,1,1
555,0,316,345,90,60,1,1,1,1
555,0,490,337,60,45,1,1,1,1
555,0,674,337,280,65,1,1,1,1
555,0,884,356,55,45,1,1,1,1
556,0,83,326,180,115,1,1,1,1
556,0,316,345,90,60,1,1,1,1
556,0,490,337,60,45,1,1,1,1
556,0,674,337,280,65,1,1,1,1
556,0,884,356,55,45,1,1,1,1
557,0,83,326,180,115,1,1,1,1
557,0,316,345,90,60,1,1,1,1
557,0,490,337,60,45,1,1,1,1
557,0,674,337,280,65,1,1,1,1
557,0,884,356,55,45,1,1,1,1
558,0,82,326,180,115,1,1,1,1
558,0,316,345,90,60,1,1,1,1
558,0,490,337,60,45,1,1,1,1
558,0,674,337,280,65,1,1,1,1
558,0,884,356,55,45,1,1,1,1
559,0,82,326,180,115,1,1,1,1
559,0,316,345,90,60,1,1,1,1
559,0,490,337,60,45,1,1,1,1
559,0,674,337,280,65,1,1,1,1
559,0,884,356,55,45,1,1,1,1
560,0,82,326,180,115,1,1,1,1
560,0,316,345,90,60,1,1,1,1
560,0,490,337,60,45,1,1,1,1
560,0,674,337,280,65,1,1,1,1
560,0,884,356,55,45,1,1,1,1
561,0,82,326,180,115,1,1,1,1
561,0,316,345,90,60,1,1,1,1
561,0,490,337,60,45,1,1,1,1
561,0,674,337,280,65,1,1,1,1
561,0,884,356,55,45,1,1,1,1
562,0,82,326,180,115,1,1,1,1
562,0,316,345,90,60,1,1,1,1
562,0,490,337,60,45,1,1,1,1
562,0,674,337,280,65,1,1,1,1
562,0,884,356,55,45,1,1,1,1
563,0,82,326,180,115,1,1,1,1
563,0,316,345,90,60,1,1,1,1
563,0,490,337,60,45,1,1,1,1
563,0,674,337,280,65,1,1,1,1
563,0,884,356,55,45,1,1,1,1
564,0,82,326,180,115,1,1,1,1
564,0,316,345,90,60,1,1,1,1
564,0,490,337,60,45,1,1,1,1
564,0,674,337,280,65,1,1,1,1
564,0,884,356,55,45,1,1,1,1
565,0,82,326,180,115,1,1,1,1
565,0,316,345,90,60,1,1,1,1
565,0,490,337,60,45,1,1,1,1
565,0,674,337,280,65,1,1,1,1
565,0,884,356,55,45,1,1,1,1
566,0,82,326,180,115,1,1,1,1
566,0,316,345,90,60,1,1,1,1
566,0,490,337,60,45,1,1,1,1
566,0,674,337,280,65,1,1,1,1
566,0,884,356,55,45,1,1,1,1
567,0,82,326,180,115,1,1,1,1
567,0,316,345,90,60,1,1,1,1
567,0,490,337,60,45,1,1,1,1
567,0,674,337,280,65,1,1,1,1
567,0,884,356,55,45,1,1,1,1
568,0,82,326,180,115,1,1,1,1
568,0,316,345,90,60,1,1,1,1
568,0,490,337,60,45,1,1,1,1
568,0,674,337,280,65,1,1,1,1
568,0,884,356,55,45,1,1,1,1
569,0,82,326,180,115,1,1,1,1
569,0,316,345,90,60,1,1,1,1
569,0,490,337,60,45,1,1,1,1
569,0,674,337,280,65,1,1,1,1
569,0,884,356,55,45,1,1,1,1
570,0,82,326,180,115,1,1,1,1
570,0,316,345,90,60,1,1,1,1
570,0,490,337,60,45,1,1,1,1
570,0,674,337,280,65,1,1,1,1
570,0,884,356,55,45,1,1,1,1
571,0,82,326,180,115,1,1,1,1
571,0,316,345,90,60,1,1,1,1
571,0,490,337,60,45,1,1,1,1
571,0,674,337,280,65,1,1,1,1
571,0,884,356,55,45,1,1,1,1
572,0,82,327,180,115,1,1,1,1
572,0,316,345,90,60,1,1,1,1
572,0,490,337,60,45,1,1,1,1
572,0,674,337,280,65,1,1,1,1
572,0,884,357,55,45,1,1,1,1
573,0,81,327,180,115,1,1,1,1
573,0,315,345,90,60,1,1,1,1
573,0,490,337,60,45,1,1,1,1
573,0,674,337,280,65,1,1,1,1
573,0,883,357,55,45,1,1,1,1
574,0,81,327,180,115,1,1,1,1
574,0,315,345,90,60,1,1,1,1
574,0,490,337,60,45,1,1,1,1
574,0,674,337,280,65,1,1,1,1
574,0,883,357,55,45,1,1,1,1
575,0,81,327,180,115,1,1,1,1
575,0,315,345,90,60,1,1,1,1
575,0,490,337,60,45,1,1,1,1
575,0,674,337,280,65,1,1,1,1
575,0,883,357,55,45,1,1,1,1
576,0,81,327,180,115,1,1,1,1
576,0,315,345,90,60,1,1,1,1
576,0,490,337,60,45,1,1,1,1
576,0,674,337,280,65,1,1,1,1
576,0,883,357,55,45,1,1,1,1
577,0,81,327,180,115,1,1,1,1
577,0,315,345,90,60,1,1,1,1
577,0,490,337,60,45,1,1,1,1
577,0,674,337,280,65,1,1,1,1
577,0,883,357,55,45,1,1,1,1
578,0,81,327,180,115,1,1,1,1
578,0,315,345,90,60,1,1,1,1
578,0,490,337,60,45,1,1,1,1
578,0,674,337,280,65,1,1,1,1
578,0,883,357,55,45,1,1,1,1
579,0,81,327,180,115,1,1,1,1
579,0,315,345,90,60,1,1,1,1
579,0,490,337,60,45,1,1,1,1
579,0,674,337,280,65,1,1,1,1
579,0,883,357,55,45,1,1,1,1
580,0,81,327,180,115,1,1,1,1
580,0,315,345,90,60,1,1,1,1
580,0,490,337,60,45,1,1,1,1
580,0,674,337,280,65,1,1,1,1
580,0,883,357,55,45,1,1,1,1
581,0,81,327,180,115,1,1,1,1
581,0,315,345,90,60,1,1,1,1
581,0,490,337,60,45,1,1,1,1
581,0,674,337,280,65,1,1,1,1
581,0,883,357,55,45,1,1,1,1
582,0,81,327,180,115,1,1,1,1
582,0,315,345,90,60,1,1,1,1
582,0,490,337,60,45,1,1,1,1
582,0,674,337,280,65,1,1,1,1
582,0,883,357,55,45,1,1,1,1
583,0,81,327,180,115,1,1,1,1
583,0,315,345,90,60,1,1,1,1
583,0,490,337,60,45,1,1,1,1
583,0,674,337,280,65,1,1,1,1
583,0,883,357,55,45,1,1,1,1
584,0,81,327,180,115,1,1,1,1
584,0,315,345,90,60,1,1,1,1
584,0,490,337,60,45,1,1,1,1
584,0,674,337,280,65,1,1,1,1
584,0,883,357,55,45,1,1,1,1
585,0,81,327,180,115,1,1,1,1
585,0,315,345,90,60,1,1,1,1
585,0,490,337,60,45,1,1,1,1
585,0,674,337,280,65,1,1,1,1
585,0,883,357,55,45,1,1,1,1
586,0,81,327,180,115,1,1,1,1
586,0,315,345,90,60,1,1,1,1
586,0,490,337,60,45,1,1,1,1
586,0,674,337,280,65,1,1,1,1
586,0,883,357,55,45,1,1,1,1
587,0,81,327,180,115,1,1,1,1
587,0,315,345,90,60,1,1,1,1
587,0,490,337,60,45,1,1,1,1
587,0,674,337,280,65,1,1,1,1
587,0,883,357,55,45,1,1,1,1
588,0,80,327,180,115,1,1,1,1
588,0,315,345,90,60,1,1,1,1
588,0,490,337,60,45,1,1,1,1
588,0,674,337,280,65,1,1,1,1
588,0,883,357,55,45,1,1,1,1
589,0,80,327,180,115,1,1,1,1
589,0,315,345,90,60,1,1,1,1
589,0,490,337,60,45,1,1,1,1
589,0,674,337,280,65,1,1,1,1
589,0,883,357,55,45,1,1,1,1
590,0,80,327,180,115,1,1,1,1
590,0,315,345,90,60,1,1,1,1
590,0,490,337,60,45,1,1,1,1
590,0,674,337,280,65,1,1,1,1
590,0,883,357,55,45,1,1,1,1
591,0,80,327,180,115,1,1,1,1
591,0,315,345,90,60,1,1,1,1
591,0,490,337,60,45,1,1,1,1
591,0,674,337,280,65,1,1,1,1
591,0,883,357,55,45,1,1,1,1
592,0,80,327,180,115,1,1,1,1
592,0,315,345,90,60,1,1,1,1
592,0,490,337,60,45,1,1,1,1
592,0,674,337,280,65,1,1,1,1
592,0,883,357,55,45,1,1,1,1
593,0,80,327,180,115,1,1,1,1
593,0,315,345,90,60,1,1,1,1
593,0,490,337,60,45,1,1,1,1
593,0,674,337,280,65,1,1,1,1
593,0,882,357,55,45,1,1,1,1
594,0,80,327,180,115,1,1,1,1
594,0,315,345,90,60,1,1,1,1
594,0,490,337,60,45,1,1,1,1
594,0,674,337,280,65,1,1,1,1
594,0,882,357,55,45,1,1,1,1
595,0,80,327,180,115,1,1,1,1
595,0,315,345,90,60,1,1,1,1
595,0,490,337,60,45,1,1,1,1
595,0,674,337,280,65,1,1,1,1
595,0,882,357,55,45,1,1,1,1
596,0,80,327,180,115,1,1,1,1
596,0,315,345,90,60,1,1,1,1
596,0,490,337,60,45,1,1,1,1
596,0,674,337,280,65,1,1,1,1
596,0,882,357,55,45,1,1,1,1
597,0,80,327,180,115,1,1,1,1
597,0,315,345,90,60,1,1,1,1
597,0,490,337,60,45,1,1,1,1
597,0,674,337,280,65,1,1,1,1
597,0,882,357,55,45,1,1,1,1
598,0,80,327,180,115,1,1,1,1
598,0,315,345,90,60,1,1,1,1
598,0,490,337,60,45,1,1,1,1
598,0,674,337,280,65,1,1,1,1
598,0,882,357,55,45,1,1,1,1
599,0,80,327,180,115,1,1,1,1
599,0,315,345,90,60,1,1,1,1
599,0,490,337,60,45,1,1,1,1
599,0,674,337,280,65,1,1,1,1
599,0,882,357,55,45,1,1,1,1
600,0,80,327,180,115,1,1,1,1
600,0,315,345,90,60,1,1,1,1
600,0,490,337,60,45,1,1,1,1
600,0,674,337,280,65,1,1,1,1
600,0,882,357,55,45,1,1,1,1
601,0,80,327,180,115,1,1,1,1
601,0,315,345,90,60,1,1,1,1
601,0,490,337,60,45,1,1,1,1
601,0,674,337,280,65,1,1,1,1
601,0,882,357,55,45,1,1,1,1
602,0,80,327,180,115,1,1,1,1
602,0,315,345,90,60,1,1,1,1
602,0,490,337,60,45,1,1,1,1
602,0,674,337,280,65,1,1,1,1
602,0,882,357,55,45,1,1,1,1
603,0,79,327,180,115,1,1,1,1
603,0,314,345,90,60,1,1,1,1
603,0,489,337,60,45,1,1,1,1
603,0,673,337,280,65,1,1,1,1
603,0,882,357,55,45,1,1,1,1
604,0,79,327,180,115,1,1,1,1
604,0,314,345,90,60,1,1,1,1
604,0,489,337,60,45,1,1,1,1
604,0,673,337,280,65,1,1,1,1
604,0,882,357,55,45,1,1,1,1
605,0,79,327,180,115,1,1,1,1
605,0,314,345,90,60,1,1,1,1
605,0,489,337,60,45,1,1,1,1
605,0,673,337,280,65,1,1,1,1
605,0,882,357,55,45,1,1,1,1
606,0,79,327,180,115,1,1,1,1
606,0,314,345,90,60,1,1,1,1
606,0,489,337,60,45,1,1,1,1
606,0,673,337,280,65,1,1,1,1
606,0,882,357,55,45,1,1,1,1
607,0,79,327,180,115,1,1,1,1
607,0,314,345,90,60,1,1,1,1
607,0,489,337,60,45,1,1,1,1
607,0,673,337,280,65,1,1,1,1
607,0,882,357,55,45,1,1,1,1
608,0,79,327,180,115,1,1,1,1
608,0,314,345,90,60,1,1,1,1
608,0,489,337,60,45,1,1,1,1
608,0,673,337,280,65,1,1,1,1
608,0,882,357,55,45,1,1,1,1
609,0,79,327,180,115,1,1,1,1
609,0,314,345,90,60,1,1,1,1
609,0,489,337,60,45,1,1,1,1
609,0,673,337,280,65,1,1,1,1
609,0,882,357,55,45,1,1,1,1
610,0,79,327,180,115,1,1,1,1
610,0,314,345,90,60,1,1,1,1
610,0,489,337,60,45,1,1,1,1
610,0,673,337,280,65,1,1,1,1
610,0,882,357,55,45,1,1,1,1
611,0,79,327,180,115,1,1,1,1
611,0,314,345,90,60,1,1,1,1
611,0,489,337,60,45,1,1,1,1
611,0,673,337,280,65,1,1,1,1
611,0,882,357,55,45,1,1,1,1
612,0,79,327,180,115,1,1,1,1
612,0,314,345,90,60,1,1,1,1
612,0,489,337,60,45,1,1,1,1
612,0,673,337,280,65,1,1,1,1
612,0,882,357,55,45,1,1,1,1
613,0,79,327,180,115,1,1,1,1
613,0,314,345,90,60,1,1,1,1
613,0,489,337,60,45,1,1,1,1
613,0,673,337,280,65,1,1,1,1
613,0,881,357,55,45,1,1,1,1
614,0,79,327,180,115,1,1,1,1
614,0,314,345,90,60,1,1,1,1
614,0,489,337,60,45,1,1,1,1
614,0,673,337,280,65,1,1,1,1
614,0,881,357,55,45,1,1,1,1
615,0,79,327,180,115,1,1,1,1
615,0,314,345,90,60,1,1,1,1
615,0,489,337,60,45,1,1,1,1
615,0,673,337,280,65,1,1,1,1
615,0,881,357,55,45,1,1,1,1
616,0,79,327,180,115,1,1,1,1
616,0,314,345,90,60,1,1,1,1
616,0,489,337,60,45,1,1,1,1
616,0,673,337,280,65,1,1,1,1
616,0,881,357,55,45,1,1,1,1
617,0,79,327,180,115,1,1,1,1
617,0,314,345,90,60,1,1,1,1
617,0,489,337,60,45,1,1,1,1
617,0,673,337,280,65,1,1,1,1
617,0,881,357,55,45,1,1,1,1
618,0,78,327,180,115,1,1,1,1
618,0,314,345,90,60,1,1,1,1
618,0,489,337,60,45,1,1,1,1
618,0,673,337,280,65,1,1,1,1
618,0,881,357,55,45,1,1,1,1
619,0,78,327,180,115,1,1,1,1
619,0,314,345,90,60,1,1,1,1
619,0,489,337,60,45,1,1,1,1
619,0,673,337,280,65,1,1,1,1
619,0,881,357,55,45,1,1,1,1
620,0,78,327,180,115,1,1,1,1
620,0,314,345,90,60,1,1,1,1
620,0,489,337,60,45,1,1,1,1
620,0,673,337,280,65,1,1,1,1
620,0,881,357,55,45,1,1,1,1
621,0,78,327,180,115,1,1,1,1
621,0,314,345,90,60,1,1,1,1
621,0,489,337,60,45,1,1,1,1
621,0,673,337,280,65,1,1,1,1
621,0,881,357,55,45,1,1,1,1
622,0,78,327,180,115,1,1,1,1
622,0,314,345,90,60,1,1,1,1
622,0,489,337,60,45,1,1,1,1
622,0,673,337,280,65,1,1,1,1
622,0,881,357,55,45,1,1,1,1
623,0,78,327,180,115,1,1,1,1
623,0,314,345,90,60,1,1,1,1
623,0,489,337,60,45,1,1,1,1
623,0,673,337,280,65,1,1,1,1
623,0,881,357,55,45,1,1,1,1
624,0,78,327,180,115,1,1,1,1
624,0,314,345,90,60,1,1,1,1
624,0,489,337,60,45,1,1,1,1
624,0,673,337,280,65,1,1,1,1
624,0,881,357,55,45,1,1,1,1
625,0,78,327,180,115,1,1,1,1
625,0,314,345,90,60,1,1,1,1
625,0,489,337,60,45,1,1,1,1
625,0,673,337,280,65,1,1,1,1
625,0,881,357,55,45,1,1,1,1
626,0,78,327,180,115,1,1,1,1
626,0,314,345,90,60,1,1,1,1
626,0,489,337,60,45,1,1,1,1
626,0,673,337,280,65,1,1,1,1
626,0,881,357,55,45,1,1,1,1
627,0,78,327,180,115,1,1,1,1
627,0,314,345,90,60,1,1,1,1
627,0,489,337,60,45,1,1,1,1
627,0,673,337,280,65,1,1,1,1
627,0,881,357,55,45,1,1,1,1
628,0,78,327,180,115,1,1,1,1
628,0,314,345,90,60,1,1,1,1
628,0,489,337,60,45,1,1,1,1
628,0,673,337,280,65,1,1,1,1
628,0,881,357,55,45,1,1,1,1
629,0,78,327,180,115,1,1,1,1
629,0,314,345,90,60,1,1,1,1
629,0,489,337,60,45,1,1,1,1
629,0,673,337,280,65,1,1,1,1
629,0,881,357,55,45,1,1,1,1
630,0,78,327,180,115,1,1,1,1
630,0,314,345,90,60,1,1,1,1
630,0,489,337,60,45,1,1,1,1
630,0,673,337,280,65,1,1,1,1
630,0,881,357,55,45,1,1,1,1
631,0,78,327,180,115,1,1,1,1
631,0,314,345,90,60,1,1,1,1
631,0,489,337,60,45,1,1,1,1
631,0,673,337,280,65,1,1,1,1
631,0,881,357,55,45,1,1,1,1
632,0,78,328,180,115,1,1,1,1
632,0,314,345,90,60,1,1,1,1
632,0,489,337,60,45,1,1,1,1
632,0,673,337,280,65,1,1,1,1
632,0,881,358,55,45,1,1,1,1
633,0,77,328,180,115,1,1,1,1
633,0,313,345,90,60,1,1,1,1
633,0,489,337,60,45,1,1,1,1
633,0,673,337,280,65,1,1,1,1
633,0,880,358,55,45,1,1,1,1
634,0,77,328,180,115,1,1,1,1
634,0,313,345,90,60,1,1,1,1
634,0,489,337,60,45,1,1,1,1
634,0,673,337,280,65,1,1,1,1
634,0,880,358,55,45,1,1,1,1
635,0,77,328,180,115,1,1,1,1
635,0,313,345,90,60,1,1,1,1
635,0,489,337,60,45,1,1,1,1
635,0,673,337,280,65,1,1,1,1
635,0,880,358,55,45,1,1,1,1
636,0,77,328,180,115,1,1,1,1
636,0,313,345,90,60,1,1,1,1
636,0,489,337,60,45,1,1,1,1
636,0,673,337,280,65,1,1,1,1
636,0,880,358,55,45,1,1,1,1
637,0,77,328,180,115,1,1,1,1
637,0,313,345,90,60,1,1,1,1
637,0,489,337,60,45,1,1,1,1
637,0,673,337,280,65,1,1,1,1
637,0,880,358,55,45,1,1,1,1
638,0,77,328,180,115,1,1,1,1
638,0,313,345,90,60,1,1,1,1
638,0,489,337,60,45,1,1,1,1
638,0,673,337,280,65,1,1,1,1
638,0,880,358,55,45,1,1,1,1
639,0,77,328,180,115,1,1,1,1
639,0,313,345,90,60,1,1,1,1
639,0,489,337,60,45,1,1,1,1
639,0,673,337,280,65,1,1,1,1
639,0,880,358,55,45,1,1,1,1
640,0,77,328,180,115,1,1,1,1
640,0,313,345,90,60,1,1,1,1
640,0,489,337,60,45,1,1,1,1
640,0,673,337,280,65,1,1,1,1
640,0,880,358,55,45,1,1,1,1
641,0,77,328,180,115,1,1,1,1
641,0,313,345,90,60,1,1,1,1
641,0,489,337,60,45,1,1,1,1
641,0,673,337,280,65,1,1,1,1
641,0,880,358,55,45,1,1,1,1
642,0,77,328,180,115,1,1,1,1
642,0,313,345,90,60,1,1,1,1
642,0,489,337,60,45,1,1,1,1
642,0,673,337,280,65,1,1,1,1
642,0,880,358,55,45,1,1,1,1
643,0,77,328,180,115,1,1,1,1
643,0,313,345,90,60,1,1,1,1
643,0,489,337,60,45,1,1,1,1
643,0,673,337,280,65,1,1,1,1
643,0,880,358,55,45,1,1,1,1
644,0,77,328,180,115,1,1,1,1
644,0,313,345,90,60,1,1,1,1
644,0,489,337,60,45,1,1,1,1
644,0,673,337,280,65,1,1,1,1
644,0,880,358,55,45,1,1,1,1
645,0,77,328,180,115,1,1,1,1
645,0,313,345,90,60,1,1,1,1
645,0,489,337,60,45,1,1,1,1
645,0,673,337,280,65,1,1,1,1
645,0,880,358,55,45,1,1,1,1
646,0,77,328,180,115,1,1,1,1
646,0,313,345,90,60,1,1,1,1
646,0,489,337,60,45,1,1,1,1
646,0,673,337,280,65,1,1,1,1
646,0,880,358,55,45,1,1,1,1
647,0,77,328,180,115,1,1,1,1
647,0,313,345,90,60,1,1,1,1
647,0,489,337,60,45,1,1,1,1
647,0,673,337,280,65,1,1,1,1
647,0,880,358,55,45,1,1,1,1
648,0,76,328,180,115,1,1,1,1
648,0,313,345,90,60,1,1,1,1
648,0,489,337,60,45,1,1,1,1
648,0,673,337,280,65,1,1,1,1
648,0,880,358,55,45,1,1,1,1
649,0,76,328,180,115,1,1,1,1
649,0,313,345,90,60,1,1,1,1
649,0,489,337,60,45,1,1,1,1
649,0,673,337,280,65,1,1,1,1
649,0,880,358,55,45,1,1,1,1
650,0,76,328,180,115,1,1,1,1
650,0,313,345,90,60,1,1,1,1
650,0,489,337,60,45,1,1,1,1
650,0,673,337,280,65,1,1,1,1
650,0,880,358,55,45,1,1,1,1
651,0,76,328,180,115,1,1,1,1
651,0,313,345,90,60,1,1,1,1
651,0,489,337,60,45,1,1,1,1
651,0,673,337,280,65,1,1,1,1
651,0,880,358,55,45,1,1,1,1
652,0,76,328,180,115,1,1,1,1
652,0,313,345,90,60,1,1,1,1
652,0,489,337,60,45,1,1,1,1
652,0,673,337,280,65,1,1,1,1
652,0,880,358,55,45,1,1,1,1
653,0,76,328,180,115,1,1,1,1
653,0,313,345,90,60,1,1,1,1
653,0,489,337,60,45,1,1,1,1
653,0,673,337,280,65,1,1,1,1
653,0,879,358,55,45,1,1,1,1
654,0,76,328,180,115,1,1,1,1
654,0,313,345,90,60,1,1,1,1
654,0,489,337,60,45,1,1,1,1
654,0,673,337,280,65,1,1,1,1
654,0,879,358,55,45,1,1,1,1
655,0,76,328,180,115,1,1,1,1
655,0,313,345,90,60,1,1,1,1
655,0,489,337,60,45,1,1,1,1
655,0,673,337,280,65,1,1,1,1
655,0,879,358,55,45,1,1,1,1
656,0,76,328,180,115,1,1,1,1
656,0,313,345,90,60,1,1,1,1
656,0,489,337,60,45,1,1,1,1
656,0,673,337,280,65,1,1,1,1
656,0,879,358,55,45,1,1,1,1
657,0,76,328,180,115,1,1,1,1
657,0,313,345,90,60,1,1,1,1
657,0,489,337,60,45,1,1,1,1
657,0,673,337,280,65,1,1,1,1
657,0,879,358,55,45,1,1,1,1
658,0,76,328,180,115,1,1,1,1
658,0,313,345,90,60,1,1,1,1
658,0,489,337,60,45,1,1,1,1
658,0,673,337,280,65,1,1,1,1
658,0,879,358,55,45,1,1,1,1
659,0,76,328,180,115,1,1,1,1
659,0,313,345,90,60,1,1,1,1
659,0,489,337,60,45,1,1,1,1
659,0,673,337,280,65,1,1,1,1
659,0,879,358,55,45,1,1,1,1
660,0,76,328,180,115,1,1,1,1
660,0,313,345,90,60,1,1,1,1
660,0,489,337,60,45,1,1,1,1
660,0,673,337,280,65,1,1,1,1
660,0,879,358,55,45,1,1,1,1
661,0,76,328,180,115,1,1,1,1
661,0,313,345,90,60,1,1,1,1
661,0,489,337,60,45,1,1,1,1
661,0,673,337,280,65,1,1,1,1
661,0,879,358,55,45,1,1,1,1
662,0,76,328,180,115,1,1,1,1
662,0,313,345,90,60,1,1,1,1
662,0,489,337,60,45,1,1,1,1
662,0,673,337,280,65,1,1,1,1
662,0,879,358,55,45,1,1,1,1
663,0,75,328,180,115,1,1,1,1
663,0,312,345,90,60,1,1,1,1
663,0,488,337,60,45,1,1,1,1
663,0,673,337,280,65,1,1,1,1
663,0,879,358,55,45,1,1,1,1
664,0,75,328,180,115,1,1,1,1
664,0,312,345,90,60,1,1,1,1
664,0,488,337,60,45,1,1,1,1
664,0,673,337,280,65,1,1,1,1
664,0,879,358,55,45,1,1,1,1
665,0,75,328,180,115,1,1,1,1
665,0,312,345,90,60,1,1,1,1
665,0,488,337,60,45,1,1,1,1
665,0,673,337,280,65,1,1,1,1
665,0,879,358,55,45,1,1,1,1
666,0,75,328,180,115,1,1,1,1
666,0,312,345,90,60,1,1,1,1
666,0,488,337,60,45,1,1,1,1
666,0,673,337,280,65,1,1,1,1
666,0,879,358,55,45,1,1,1,1
667,0,75,328,180,115,1,1,1,1
667,0,312,345,90,60,1,1,1,1
667,0,488,337,60,45,1,1,1,1
667,0,673,337,280,65,1,1,1,1
667,0,879,358,55,45,1,1,1,1
668,0,75,328,180,115,1,1,1,1
668,0,312,345,90,60,1,1,1,1
668,0,488,337,60,45,1,1,1,1
668,0,673,337,280,65,1,1,1,1
668,0,879,358,55,45,1,1,1,1
669,0,75,328,180,115,1,1,1,1
669,0,312,345,90,60,1,1,1,1
669,0,488,337,60,45,1,1,1,1
669,0,673,337,280,65,1,1,1,1
669,0,879,358,55,45,1,1,1,1
670,0,75,328,180,115,1,1,1,1
670,0,312,345,90,60,1,1,1,1
670,0,488,337,60,45,1,1,1,1
670,0,673,337,280,65,1,1,1,1
670,0,879,358,55,45,1,1,1,1
671,0,75,328,180,115,1,1,1,1
671,0,312,345,90,60,1,1,1,1
671,0,488,337,60,45,1,1,1,1
671,0,673,337,280,65,1,1,1,1
671,0,879,358,55,45,1,1,1,1
672,0,75,328,180,115,1,1,1,1
672,0,312,345,90,60,1,1,1,1
672,0,488,337,60,45,1,1,1,1
672,0,673,337,280,65,1,1,1,1
672,0,879,358,55,45,1,1,1,1
673,0,75,328,180,115,1,1,1,1
673,0,312,345,90,60,1,1,1,1
673,0,488,337,60,45,1,1,1,1
673,0,673,337,280,65,1,1,1,1
673,0,878,358,55,45,1,1,1,1
674,0,75,328,180,115,1,1,1,1
674,0,312,345,90,60,1,1,1,1
674,0,488,337,60,45,1,1,1,1
674,0,673,337,280,65,1,1,1,1
674,0,878,358,55,45,1,1,1,1
675,0,75,328,180,115,1,1,1,1
675,0,312,345,90,60,1,1,1,1
675,0,488,337,60,45,1,1,1,1
675,0,673,337,280,65,1,1,1,1
675,0,878,358,55,45,1,1,1,1
676,0,75,328,180,115,1,1,1,1
676,0,312,345,90,60,1,1,1,1
676,0,488,337,60,45,1,1,1,1
676,0,673,337,280,65,1,1,1,1
676,0,878,358,55,45,1,1,1,1
677,0,75,328,180,115,1,1,1,1
677,0,312,345,90,60,1,1,1,1
677,0,488,337,60,45,1,1,1,1
677,0,673,337,280,65,1,1,1,1
677,0,878,358,55,45,1,1,1,1
678,0,74,328,180,115,1,1,1,1
678,0,312,345,90,60,1,1,1,1
678,0,488,337,60,45,1,1,1,1
678,0,673,337,280,65,1,1,1,1
678,0,878,358,55,45,1,1,1,1
679,0,74,328,180,115,1,1,1,1
679,0,312,345,90,60,1,1,1,1
679,0,488,337,60,45,1,1,1,1
679,0,673,337,280,65,1,1,1,1
679,0,878,358,55,45,1,1,1,1
680,0,74,328,180,115,1,1,1,1
680,0,312,345,90,60,1,1,1,1
680,0,488,337,60,45,1,1,1,1
680,0,673,337,280,65,1,1,1,1
680,0,878,358,55,45,1,1,1,1
681,0,74,328,180,115,1,1,1,1
681,0,312,345,90,60,1,1,1,1
681,0,488,337,60,45,1,1,1,1
681,0,673,337,280,65,1,1,1,1
681,0,878,358,55,45,1,1,1,1
682,0,74,328,180,115,1,1,1,1
682,0,312,345,90,60,1,1,1,1
682,0,488,337,60,45,1,1,1,1
682,0,673,337,280,65,1,1,1,1
682,0,878,358,55,45,1,1,1,1
683,0,74,328,180,115,1,1,1,1
683,0,312,345,90,60,1,1,1,1
683,0,488,337,60,45,1,1,1,1
683,0,673,337,280,65,1,1,1,1
683,0,878,358,55,45,1,1,1,1
684,0,74,328,180,115,1,1,1,1
684,0,312,345,90,60,1,1,1,1
684,0,488,337,60,45,1,1,1,1
684,0,673,337,280,65,1,1,1,1
684,0,878,358,55,45,1,1,1,1
685,0,74,328,180,115,1,1,1,1
685,0,312,345,90,60,1,1,1,1
685,0,488,337,60,45,1,1,1,1
685,0,673,337,280,65,1,1,1,1
685,0,878,358,55,45,1,1,1,1
686,0,74,328,180,115,1,1,1,1
686,0,312,345,90,60,1,1,1,1
686,0,488,337,60,45,1,1,1,1
686,0,673,337,280,65,1,1,1,1
686,0,878,358,55,45,1,1,1,1
687,0,74,328,180,115,1,1,1,1
687,0,312,345,90,60,1,1,1,1
687,0,488,337,60,45,1,1,1,1
687,0,673,337,280,65,1,1,1,1
687,0,878,358,55,45,1,1,1,1
688,0,74,328,180,115,1,1,1,1
688,0,312,345,90,60,1,1,1,1
688,0,488,337,60,45,1,1,1,1
688,0,673,337,280,65,1,1,1,1
688,0,878,358,55,45,1,1,1,1
689,0,74,328,180,115,1,1,1,1
689,0,312,345,90,60,1,1,1,1
689,0,488,337,60,45,1,1,1,1
689,0,673,337,280,65,1,1,1,1
689,0,878,358,55,45,1,1,1,1
690,0,74,328,180,115,1,1,1,1
690,0,312,345,90,60,1,1,1,1
690,0,488,337,60,45,1,1,1,1
690,0,673,337,280,65,1,1,1,1
690,0,878,358,55,45,1,1,1,1
691,0,74,328,180,115,1,1,1,1
691,0,312,345,90,60,1,1,1,1
691,0,488,337,60,45,1,1,1,1
691,0,673,337,280,65,1,1,1,1
691,0,878,358,55,45,1,1,1,1
692,0,74,329,180,115,1,1,1,1
692,0,312,345,90,60,1,1,1,1
692,0,488,337,60,45,1,1,1,1
692,0,673,337,280,65,1,1,1,1
692,0,878,359,55,45,1,1,1,1
693,0,73,329,180,115,1,1,1,1
693,0,311,345,90,60,1,1,1,1
693,0,488,337,60,45,1,1,1,1
693,0,673,337,280,65,1,1,1,1
693,0,877,359,55,45,1,1,1,1
694,0,73,329,180,115,1,1,1,1
694,0,311,345,90,60,1,1,1,1
694,0,488,337,60,45,1,1,1,1
694,0,673,337,280,65,1,1,1,1
694,0,877,359,55,45,1,1,1,1
695,0,73,329,180,115,1,1,1,1
695,0,311,345,90,60,1,1,1,1
695,0,488,337,60,45,1,1,1,1
695,0,673,337,280,65,1,1,1,1
695,0,877,359,55,45,1,1,1,1
696,0,73,329,180,115,1,1,1,1
696,0,311,345,90,60,1,1,1,1
696,0,488,337,60,45,1,1,1,1
696,0,673,337,280,65,1,1,1,1
696,0,877,359,55,45,1,1,1,1
697,0,73,329,180,115,1,1,1,1
697,0,311,345,90,60,1,1,1,1
697,0,488,337,60,45,1,1,1,1
697,0,673,337,280,65,1,1,1,1
697,0,877,359,55,45,1,1,1,1
698,0,73,329,180,115,1,1,1,1
698,0,311,345,90,60,1,1,1,1
698,0,488,337,60,45,1,1,1,1
698,0,673,337,280,65,1,1,1,1
698,0,877,359,55,45,1,1,1,1
699,0,73,329,180,115,1,1,1,1
699,0,311,345,90,60,1,1,1,1
699,0,488,337,60,45,1,1,1,1
699,0,673,337,280,65,1,1,1,1
699,0,877,359,55,45,1,1,1,1
700,0,73,329,180,115,1,1,1,1
700,0,311,345,90,60,1,1,1,1
700,0,488,337,60,45,1,1,1,1
700,0,673,337,280,65,1,1,1,1
700,0,877,359,55,45,1,1,1,1
701,0,73,329,180,115,1,1,1,1
701,0,311,345,90,60,1,1,1,1
701,0,488,337,60,45,1,1,1,1
701,0,673,337,280,65,1,1,1,1
701,0,877,359,55,45,1,1,1,1
702,0,73,329,180,115,1,1,1,1
702,0,311,345,90,60,1,1,1,1
702,0,488,337,60,45,1,1,1,1
702,0,673,337,280,65,1,1,1,1
702,0,877,359,55,45,1,1,1,1
703,0,73,329,180,115,1,1,1,1
703,0,311,345,90,60,1,1,1,1
703,0,488,337,60,45,1,1,1,1
703,0,672,337,280,65,1,1,1,1
703,0,877,359,55,45,1,1,1,1
704,0,73,329,180,115,1,1,1,1
704,0,311,345,90,60,1,1,1,1
704,0,488,337,60,45,1,1,1,1
704,0,672,337,280,65,1,1,1,1
704,0,877,359,55,45,1,1,1,1
705,0,73,329,180,115,1,1,1,1
705,0,311,345,90,60,1,1,1,1
705,0,488,337,60,45,1,1,1,1
705,0,672,337,280,65,1,1,1,1
705,0,877,359,55,45,1,1,1,1
706,0,73,329,180,115,1,1,1,1
706,0,311,345,90,60,1,1,1,1
706,0,488,337,60,45,1,1,1,1
706,0,672,337,280,65,1,1,1,1
706,0,877,359,55,45,1,1,1,1
707,0,73,329,180,115,1,1,1,1
707,0,311,345,90,60,1,1,1,1
707,0,488,337,60,45,1,1,1,1
707,0,672,337,280,65,1,1,1,1
707,0,877,359,55,45,1,1,1,1
708,0,72,329,180,115,1,1,1,1
708,0,311,345,90,60,1,1,1,1
708,0,488,337,60,45,1,1,1,1
708,0,672,337,280,65,1,1,1,1
708,0,877,359,55,45,1,1,1,1
709,0,72,329,180,115,1,1,1,1
709,0,311,345,90,60,1,1,1,1
709,0,488,337,60,45,1,1,1,1
709,0,672,337,280,65,1,1,1,1
709,0,877,359,55,45,1,1,1,1
710,0,72,329,180,115,1,1,1,1
710,0,311,345,90,60,1,1,1,1
710,0,488,337,60,45,1,1,1,1
710,0,672,337,280,65,1,1,1,1
710,0,877,359,55,45,1,1,1,1
711,0,72,329,180,115,1,1,1,1
711,0,311,345,90,60,1,1,1,1
711,0,488,337,60,45,1,1,1,1
711,0,672,337,280,65,1,1,1,1
711,0,877,359,55,45,1,1,1,1
712,0,72,329,180,115,1,1,1,1
712,0,311,345,90,60,1,1,1,1
712,0,488,337,60,45,1,1,1,1
712,0,672,337,280,65,1,1,1,1
712,0,877,359,55,45,1,1,1,1
713,0,72,329,180,115,1,1,1,1
713,0,311,345,90,60,1,1,1,1
713,0,488,337,60,45,1,1,1,1
713,0,672,337,280,65,1,1,1,1
713,0,876,359,55,45,1,1,1,1
714,0,72,329,180,115,1,1,1,1
714,0,311,345,90,60,1,1,1,1
714,0,488,337,60,45,1,1,1,1
714,0,672,337,280,65,1,1,1,1
714,0,876,359,55,45,1,1,1,1
715,0,72,329,180,115,1,1,1,1
715,0,311,345,90,60,1,1,1,1
715,0,488,337,60,45,1,1,1,1
715,0,672,337,280,65,1,1,1,1
715,0,876,359,55,45,1,1,1,1
716,0,72,329,180,115,1,1,1,1
716,0,311,345,90,60,1,1,1,1
716,0,488,337,60,45,1,1,1,1
716,0,672,337,280,65,1,1,1,1
716,0,876,359,55,45,1,1,1,1
717,0,72,329,180,115,1,1,1,1
717,0,311,345,90,60,1,1,1,1
717,0,488,337,60,45,1,1,1,1
717,0,672,337,280,65,1,1,1,1
717,0,876,359,55,45,1,1,1,1
718,0,72,329,180,115,1,1,1,1
718,0,311,345,90,60,1,1,1,1
718,0,488,337,60,45,1,1,1,1
718,0,672,337,280,65,1,1,1,1
718,0,876,359,55,45,1,1,1,1
719,0,72,329,180,115,1,1,1,1
719,0,311,345,90,60,1,1,1,1
719,0,488,337,60,45,1,1,1,1
719,0,672,337,280,65,1,1,1,1
719,0,876,359,55,45,1,1,1,1
720,0,72,329,180,115,1,1,1,1
720,0,311,345,90,60,1,1,1,1
720,0,488,337,60,45,1,1,1,1
720,0,672,337,280,65,1,1,1,1
720,0,876,359,55,45,1,1,1,1
721,0,72,329,180,115,1,1,1,1
721,0,311,345,90,60,1,1,1,1
721,0,488,337,60,45,1,1,1,1
721,0,672,337,280,65,1,1,1,1
721,0,876,359,55,45,1,1,1,1
722,0,72,329,180,115,1,1,1,1
722,0,311,345,90,60,1,1,1,1
722,0,488,337,60,45,1,1,1,1
722,0,672,337,280,65,1,1,1,1
722,0,876,359,55,45,1,1,1,1
723,0,71,329,180,115,1,1,1,1
723,0,310,345,90,60,1,1,1,1
723,0,487,337,60,45,1,1,1,1
723,0,672,337,280,65,1,1,1,1
723,0,876,359,55,45,1,1,1,1
724,0,71,329,180,115,1,1,1,1
724,0,310,345,90,60,1,1,1,1
724,0,487,337,60,45,1,1,1,1
724,0,672,337,280,65,1,1,1,1
724,0,876,359,55,45,1,1,1,1
725,0,71,329,180,115,1,1,1,1
725,0,310,345,90,60,1,1,1,1
725,0,487,337,60,45,1,1,1,1
725,0,672,337,280,65,1,1,1,1
725,0,876,359,55,45,1,1,1,1
726,0,71,329,180,115,1,1,1,1
726,0,310,345,90,60,1,1,1,1
726,0,487,337,60,45,1,1,1,1
726,0,672,337,280,65,1,1,1,1
726,0,876,359,55,45,1,1,1,1
727,0,71,329,180,115,1,1,1,1
727,0,310,345,90,60,1,1,1,1
727,0,487,337,60,45,1,1,1,1
727,0,672,337,280,65,1,1,1,1
727,0,876,359,55,45,1,1,1,1
728,0,71,329,180,115,1,1,1,1
728,0,310,345,90,60,1,1,1,1
728,0,487,337,60,45,1,1,1,1
728,0,672,337,280,65,1,1,1,1
728,0,876,359,55,45,1,1,1,1
729,0,71,329,180,115,1,1,1,1
729,0,310,345,90,60,1,1,1,1
729,0,487,337,60,45,1,1,1,1
729,0,672,337,280,65,1,1,1,1
729,0,876,359,55,45,1,1,1,1
730,0,71,329,180,115,1,1,1,1
730,0,310,345,90,60,1,1,1,1
730,0,487,337,60,45,1,1,1,1
730,0,672,337,280,65,1,1,1,1
730,0,876,359,55,45,1,1,1,1
731,0,71,329,180,115,1,1,1,1
731,0,310,345,90,60,1,1,1,1
731,0,487,337,60,45,1,1,1,1
731,0,672,337,280,65,1,1,1,1
731,0,876,359,55,45,1,1,1,1
732,0,71,329,180,115,1,1,1,1
732,0,310,345,90,60,1,1,1,1
732,0,487,337,60,45,1,1,1,1
732,0,672,337,280,65,1,1,1,1
732,0,876,359,55,45,1,1,1,1
733,0,71,329,180,115,1,1,1,1
733,0,310,345,90,60,1,1,1,1
733,0,487,337,60,45,1,1,1,1
733,0,672,337,280,65,1,1,1,1
733,0,875,359,55,45,1,1,1,1
734,0,71,329,180,115,1,1,1,1
734,0,310,345,90,60,1,1,1,1
734,0,487,337,60,45,1,1,1,1
734,0,672,337,280,65,1,1,1,1
734,0,875,359,55,45,1,1,1,1
735,0,71,329,180,115,1,1,1,1
735,0,310,345,90,60,1,1,1,1
735,0,487,337,60,45,1,1,1,1
735,0,672,337,280,65,1,1,1,1
735,0,875,359,55,45,1,1,1,1
736,0,71,329,180,115,1,1,1,1
736,0,310,345,90,60,1,1,1,1
736,0,487,337,60,45,1,1,1,1
736,0,672,337,280,65,1,1,1,1
736,0,875,359,55,45,1,1,1,1
737,0,71,329,180,115,1,1,1,1
737,0,310,345,90,60,1,1,1,1
737,0,487,337,60,45,1,1,1,1
737,0,672,337,280,65,1,1,1,1
737,0,875,359,55,45,1,1,1,1
738,0,70,329,180,115,1,1,1,1
738,0,310,345,90,60,1,1,1,1
738,0,487,337,60,45,1,1,1,1
738,0,672,337,280,65,1,1,1,1
738,0,875,359,55,45,1,1,1,1
739,0,70,329,180,115,1,1,1,1
739,0,310,345,90,60,1,1,1,1
739,0,487,337,60,45,1,1,1,1
739,0,672,337,280,65,1,1,1,1
739,0,875,359,55,45,1,1,1,1
740,0,70,329,180,115,1,1,1,1
740,0,310,345,90,60,1,1,1,1
740,0,487,337,60,45,1,1,1,1
740,0,672,337,280,65,1,1,1,1
740,0,875,359,55,45,1,1,1,1
741,0,70,329,180,115,1,1,1,1
741,0,310,345,90,60,1,1,1,1
741,0,487,337,60,45,1,1,1,1
741,0,672,337,280,65,1,1,1,1
741,0,875,359,55,45,1,1,1,1
742,0,70,329,180,115,1,1,1,1
742,0,310,345,90,60,1,1,1,1
742,0,487,337,60,45,1,1,1,1
742,0,672,337,280,65,1,1,1,1
742,0,875,359,55,45,1,1,1,1
743,0,70,329,180,115,1,1,1,1
743,0,310,345,90,60,1,1,1,1
743,0,487,337,60,45,1,1,1,1
743,0,672,337,280,65,1,1,1,1
743,0,875,359,55,45,1,1,1,1
744,0,70,329,180,115,1,1,1,1
744,0,310,345,90,60,1,1,1,1
744,0,487,337,60,45,1,1,1,1
744,0,672,337,280,65,1,1,1,1
744,0,875,359,55,45,1,1,1,1
745,0,70,329,180,115,1,1,1,1
745,0,310,345,90,60,1,1,1,1
745,0,487,337,60,45,1,1,1,1
745,0,672,337,280,65,1,1,1,1
745,0,875,359,55,45,1,1,1,1
746,0,70,329,180,115,1,1,1,1
746,0,310,345,90,60,1,1,1,1
746,0,487,337,60,45,1,1,1,1
746,0,672,337,280,65,1,1,1,1
746,0,875,359,55,45,1,1,1,1
747,0,70,329,180,115,1,1,1,1
747,0,310,345,90,60,1,1,1,1
747,0,487,337,60,45,1,1,1,1
747,0,672,337,280,65,1,1,1,1
747,0,875,359,55,45,1,1,1,1
748,0,70,329,180,115,1,1,1,1
748,0,310,345,90,60,1,1,1,1
748,0,487,337,60,45,1,1,1,1
748,0,672,337,280,65,1,1,1,1
748,0,875,359,55,45,1,1,1,1
749,0,70,329,180,115,1,1,1,1
749,0,310,345,90,60,1,1,1,1
749,0,487,337,60,45,1,1,1,1
749,0,672,337,280,65,1,1,1,1
749,0,875,359,55,45,1,1,1,1
750,0,70,329,180,115,1,1,1,1
750,0,310,345,90,60,1,1,1,1
750,0,487,337,60,45,1,1,1,1
750,0,672,337,280,65,1,1,1,1
750,0,875,359,55,45,1,1,1,1
751,0,70,329,180,115,1,1,1,1
751,0,310,345,90,60,1,1,1,1
751,0,487,337,60,45,1,1,1,1
751,0,672,337,280,65,1,1,1,1
751,0,875,359,55,45,1,1,1,1
752,0,70,330,180,115,1,1,1,1
752,0,310,345,90,60,1,1,1,1
752,0,487,337,60,45,1,1,1,1
752,0,672,337,280,65,1,1,1,1
752,0,875,360,55,45,1,1,1,1
753,0,69,330,180,115,1,1,1,1
753,0,309,345,90,60,1,1,1,1
753,0,487,337,60,45,1,1,1,1
753,0,672,337,280,65,1,1,1,1
753,0,874,360,55,45,1,1,1,1
754,0,69,330,180,115,1,1,1,1
754,0,309,345,90,60,1,1,1,1
754,0,487,337,60,45,1,1,1,1
754,0,672,337,280,65,1,1,1,1
754,0,874,360,55,45,1,1,1,1
755,0,69,330,180,115,1,1,1,1
755,0,309,345,90,60,1,1,1,1
755,0,487,337,60,45,1,1,1,1
755,0,672,337,280,65,1,1,1,1
755,0,874,360,55,45,1,1,1,1
756,0,69,330,180,115,1,1,1,1
756,0,309,345,90,60,1,1,1,1
756,0,487,337,60,45,1,1,1,1
756,0,672,337,280,65,1,1,1,1
756,0,874,360,55,45,1,1,1,1
757,0,69,330,180,115,1,1,1,1
757,0,309,345,90,60,1,1,1,1
757,0,487,337,60,45,1,1,1,1
757,0,672,337,280,65,1,1,1,1
757,0,874,360,55,45,1,1,1,1
758,0,69,330,180,115,1,1,1,1
758,0,309,345,90,60,1,1,1,1
758,0,487,337,60,45,1,1,1,1
758,0,672,337,280,65,1,1,1,1
758,0,874,360,55,45,1,1,1,1
759,0,69,330,180,115,1,1,1,1
759,0,309,345,90,60,1,1,1,1
759,0,487,337,60,45,1,1,1,1
759,0,672,337,280,65,1,1,1,1
759,0,874,360,55,45,1,1,1,1
760,0,69,330,180,115,1,1,1,1
760,0,309,345,90,60,1,1,1,1
760,0,487,337,60,45,1,1,1,1
760,0,672,337,280,65,1,1,1,1
760,0,874,360,55,45,1,1,1,1
761,0,69,330,180,115,1,1,1,1
761,0,309,345,90,60,1,1,1,1
761,0,487,337,60,45,1,1,1,1
761,0,672,337,280,65,1,1,1,1
761,0,874,360,55,45,1,1,1,1
762,0,69,330,180,115,1,1,1,1
762,0,309,345,90,60,1,1,1,1
762,0,487,337,60,45,1,1,1,1
762,0,672,337,280,65,1,1,1,1
762,0,874,360,55,45,1,1,1,1
763,0,69,330,180,115,1,1,1,1
763,0,309,345,90,60,1,1,1,1
763,0,487,337,60,45,1,1,1,1
763,0,672,337,280,65,1,1,1,1
763,0,874,360,55,45,1,1,1,1
764,0,69,330,180,115,1,1,1,1
764,0,309,345,90,60,1,1,1,1
764,0,487,337,60,45,1,1,1,1
764,0,672,337,280,65,1,1,1,1
764,0,874,360,55,45,1,1,1,1
765,0,69,330,180,115,1,1,1,1
765,0,309,345,90,60,1,1,1,1
765,0,487,337,60,45,1,1,1,1
765,0,672,337,280,65,1,1,1,1
765,0,874,360,55,45,1,1,1,1
766,0,69,330,180,115,1,1,1,1
766,0,309,345,90,60,1,1,1,1
766,0,487,337,60,45,1,1,1,1
766,0,672,337,280,65,1,1,1,1
766,0,874,360,55,45,1,1,1,1
767,0,69,330,180,115,1,1,1,1
767,0,309,345,90,60,1,1,1,1
767,0,487,337,60,45,1,1,1,1
767,0,672,337,280,65,1,1,1,1
767,0,874,360,55,45,1,1,1,1
768,0,68,330,180,115,1,1,1,1
768,0,309,345,90,60,1,1,1,1
768,0,487,337,60,45,1,1,1,1
768,0,672,337,280,65,1,1,1,1
768,0,874,360,55,45,1,1,1,1
769,0,68,330,180,115,1,1,1,1
769,0,309,345,90,60,1,1,1,1
769,0,487,337,60,45,1,1,1,1
769,0,672,337,280,65,1,1,1,1
769,0,874,360,55,45,1,1,1,1
770,0,68,330,180,115,1,1,1,1
770,0,309,345,90,60,1,1,1,1
770,0,487,337,60,45,1,1,1,1
770,0,672,337,280,65,1,1,1,1
770,0,874,360,55,45,1,1,1,1
771,0,68,330,180,115,1,1,1,1
771,0,309,345,90,60,1,1,1,1
771,0,487,337,60,45,1,1,1,1
771,0,672,337,280,65,1,1,1,1
771,0,874,360,55,45,1,1,1,1
772,0,68,330,180,115,1,1,1,1
772,0,309,345,90,60,1,1,1,1
772,0,487,337,60,45,1,1,1,1
772,0,672,337,280,65,1,1,1,1
772,0,874,360,55,45,1,1,1,1
773,0,68,330,180,115,1,1,1,1
773,0,309,345,90,60,1,1,1,1
773,0,487,337,60,45,1,1,1,1
773,0,672,337,280,65,1,1,1,1
773,0,873,360,55,45,1,1,1,1
774,0,68,330,180,115,1,1,1,1
774,0,309,345,90,60,1,1,1,1
774,0,487,337,60,45,1,1,1,1
774,0,672,337,280,65,1,1,1,1
774,0,873,360,55,45,1,1,1,1
775,0,68,330,180,115,1,1,1,1
775,0,309,345,90,60,1,1,1,1
775,0,487,337,60,45,1,1,1,1
775,0,672,337,280,65,1,1,1,1
775,0,873,360,55,45,1,1,1,1
776,0,68,330,180,115,1,1,1,1
776,0,309,345,90,60,1,1,1,1
776,0,487,337,60,45,1,1,1,1
776,0,672,337,280,65,1,1,1,1
776,0,873,360,55,45,1,1,1,1
777,0,68,330,180,115,1,1,1,1
777,0,309,345,90,60,1,1,1,1
777,0,487,337,60,45,1,1,1,1
777,0,672,337,280,65,1,1,1,1
777,0,873,360,55,45,1,1,1,1
778,0,68,330,180,115,1,1,1,1
778,0,309,345,90,60,1,1,1,1
778,0,487,337,60,45,1,1,1,1
778,0,672,337,280,65,1,1,1,1
778,0,873,360,55,45,1,1,1,1
779,0,68,330,180,115,1,1,1,1
779,0,309,345,90,60,1,1,1,1
779,0,487,337,60,45,1,1,1,1
779,0,672,337,280,65,1,1,1,1
779,0,873,360,55,45,1,1,1,1
780,0,68,330,180,115,1,1,1,1
780,0,309,345,90,60,1,1,1,1
780,0,487,337,60,45,1,1,1,1
780,0,672,337,280,65,1,1,1,1
780,0,873,360,55,45,1,1,1,1
781,0,68,330,180,115,1,1,1,1
781,0,309,345,90,60,1,1,1,1
781,0,487,337,60,45,1,1,1,1
781,0,672,337,280,65,1,1,1,1
781,0,873,360,55,45,1,1,1,1
782,0,68,330,180,115,1,1,1,1
782,0,309,345,90,60,1,1,1,1
782,0,487,337,60,45,1,1,1,1
782,0,672,337,280,65,1,1,1,1
782,0,873,360,55,45,1,1,1,1
783,0,67,330,180,115,1,1,1,1
783,0,308,345,90,60,1,1,1,1
783,0,486,337,60,45,1,1,1,1
783,0,672,337,280,65,1,1,1,1
783,0,873,360,55,45,1,1,1,1
784,0,67,330,180,115,1,1,1,1
784,0,308,345,90,60,1,1,1,1
784,0,486,337,60,45,1,1,1,1
784,0,672,337,280,65,1,1,1,1
784,0,873,360,55,45,1,1,1,1
785,0,67,330,180,115,1,1,1,1
785,0,308,345,90,60,1,1,1,1
785,0,486,337,60,45,1,1,1,1
785,0,672,337,280,65,1,1,1,1
785,0,873,360,55,45,1,1,1,1
786,0,67,330,180,115,1,1,1,1
786,0,308,345,90,60,1,1,1,1
786,0,486,337,60,45,1,1,1,1
786,0,672,337,280,65,1,1,1,1
786,0,873,360,55,45,1,1,1,1
787,0,67,330,180,115,1,1,1,1
787,0,308,345,90,60,1,1,1,1
787,0,486,337,60,45,1,1,1,1
787,0,672,337,280,65,1,1,1,1
787,0,873,360,55,45,1,1,1,1
788,0,67,330,180,115,1,1,1,1
788,0,308,345,90,60,1,1,1,1
788,0,486,337,60,45,1,1,1,1
788,0,672,337,280,65,1,1,1,1
788,0,873,360,55,45,1,1,1,1
789,0,67,330,180,115,1,1,1,1
789,0,308,345,90,60,1,1,1,1
789,0,486,337,60,45,1,1,1,1
789,0,672,337,280,65,1,1,1,1
789,0,873,360,55,45,1,1,1,1
790,0,67,330,180,115,1,1,1,1
790,0,308,345,90,60,1,1,1,1
790,0,486,337,60,45,1,1,1,1
790,0,672,337,280,65,1,1,1,1
790,0,873,360,55,45,1,1,1,1
791,0,67,330,180,115,1,1,1,1
791,0,308,345,90,60,1,1,1,1
791,0,486,337,60,45,1,1,1,1
791,0,672,337,280,65,1,1,1,1
791,0,873,360,55,45,1,1,1,1
792,0,67,330,180,115,1,1,1,1
792,0,308,345,90,60,1,1,1,1
792,0,486,337,60,45,1,1,1,1
792,0,672,337,280,65,1,1,1,1
792,0,873,360,55,45,1,1,1,1
793,0,67,330,180,115,1,1,1,1
793,0,308,345,90,60,1,1,1,1
793,0,486,337,60,45,1,1,1,1
793,0,672,337,280,65,1,1,1,1
793,0,872,360,55,45,1,1,1,1
794,0,67,330,180,115,1,1,1,1
794,0,308,345,90,60,1,1,1,1
794,0,486,337,60,45,1,1,1,1
794,0,672,337,280,65,1,1,1,1
794,0,872,360,55,45,1,1,1,1
795,0,67,330,180,115,1,1,1,1
795,0,308,345,90,60,1,1,1,1
795,0,486,337,60,45,1,1,1,1
795,0,672,337,280,65,1,1,1,1
795,0,872,360,55,45,1,1,1,1
796,0,67,330,180,115,1,1,1,1
796,0,308,345,90,60,1,1,1,1
796,0,486,337,60,45,1,1,1,1
796,0,672,337,280,65,1,1,1,1
796,0,872,360,55,45,1,1,1,1
797,0,67,330,180,115,1,1,1,1
797,0,308,345,90,60,1,1,1,1
797,0,486,337,60,45,1,1,1,1
797,0,672,337,280,65,1,1,1,1
797,0,872,360,55,45,1,1,1,1
798,0,66,330,180,115,1,1,1,1
798,0,308,345,90,60,1,1,1,1
798,0,486,337,60,45,1,1,1,1
798,0,672,337,280,65,1,1,1,1
798,0,872,360,55,45,1,1,1,1
799,0,66,330,180,115,1,1,1,1
799,0,308,345,90,60,1,1,1,1
799,0,486,337,60,45,1,1,1,1
799,0,672,337,280,65,1,1,1,1
799,0,872,360,55,45,1,1,1,1
800,0,66,330,180,115,1,1,1,1
800,0,308,345,90,60,1,1,1,1
800,0,486,337,60,45,1,1,1,1
800,0,672,337,280,65,1,1,1,1
800,0,872,360,55,45,1,1,1,1
801,0,66,330,180,115,1,1,1,1
801,0,308,345,90,60,1,1,1,1
801,0,486,337,60,45,1,1,1,1
801,0,672,337,280,65,1,1,1,1
801,0,872,360,55,45,1,1,1,1
802,0,66,330,180,115,1,1,1,1
802,0,308,345,90,60,1,1,1,1
802,0,486,337,60,45,1,1,1,1
802,0,672,337,280,65,1,1,1,1
802,0,872,360,55,45,1,1,1,1
803,0,66,330,180,115,1,1,1,1
803,0,308,345,90,60,1,1,1,1
803,0,486,337,60,45,1,1,1,1
803,0,671,337,280,65,1,1,1,1
803,0,872,360,55,45,1,1,1,1
804,0,66,330,180,115,1,1,1,1
804,0,308,345,90,60,1,1,1,1
804,0,486,337,60,45,1,1,1,1
804,0,671,337,280,65,1,1,1,1
804,0,872,360,55,45,1,1,1,1
805,0,66,330,180,115,1,1,1,1
805,0,308,345,90,60,1,1,1,1
805,0,486,337,60,45,1,1,1,1
805,0,671,337,280,65,1,1,1,1
805,0,872,360,55,45,1,1,1,1
806,0,66,330,180,115,1,1,1,1
806,0,308,345,90,60,1,1,1,1
806,0,486,337,60,45,1,1,1,1
806,0,671,337,280,65,1,1,1,1
806,0,872,360,55,45,1,1,1,1
807,0,66,330,180,115,1,1,1,1
807,0,308,345,90,60,1,1,1,1
807,0,486,337,60,45,1,1,1,1
807,0,671,337,280,65,1,1,1,1
807,0,872,360,55,45,1,1,1,1
808,0,66,330,180,115,1,1,1,1
808,0,308,345,90,60,1,1,1,1
808,0,486,337,60,45,1,1,1,1
808,0,671,337,280,65,1,1,1,1
808,0,872,360,55,45,1,1,1,1
809,0,66,330,180,115,1,1,1,1
809,0,308,345,90,60,1,1,1,1
809,0,486,337,60,45,1,1,1,1
809,0,671,337,280,65,1,1,1,1
809,0,872,360,55,45,1,1,1,1
810,0,66,330,180,115,1,1,1,1
810,0,308,345,90,60,1,1,1,1
810,0,486,337,60,45,1,1,1,1
810,0,671,337,280,65,1,1,1,1
810,0,872,360,55,45,1,1,1,1
811,0,66,330,180,115,1,1,1,1
811,0,308,345,90,60,1,1,1,1
811,0,486,337,60,45,1,1,1,1
811,0,671,337,280,65,1,1,1,1
811,0,872,360,55,45,1,1,1,1
812,0,66,331,180,115,1,1,1,1
812,0,308,345,90,60,1,1,1,1
812,0,486,337,60,45,1,1,1,1
812,0,671,337,280,65,1,1,1,1
812,0,872,361,55,45,1,1,1,1
813,0,65,331,180,115,1,1,1,1
813,0,307,345,90,60,1,1,1,1
813,0,486,337,60,45,1,1,1,1
813,0,671,337,280,65,1,1,1,1
813,0,871,361,55,45,1,1,1,1
814,0,65,331,180,115,1,1,1,1
814,0,307,345,90,60,1,1,1,1
814,0,486,337,60,45,1,1,1,1
814,0,671,337,280,65,1,1,1,1
814,0,871,361,55,45,1,1,1,1
815,0,65,331,180,115,1,1,1,1
815,0,307,345,90,60,1,1,1,1
815,0,486,337,60,45,1,1,1,1
815,0,671,337,280,65,1,1,1,1
815,0,871,361,55,45,1,1,1,1
816,0,65,331,180,115,1,1,1,1
816,0,307,345,90,60,1,1,1,1
816,0,486,337,60,45,1,1,1,1
816,0,671,337,280,65,1,1,1,1
816,0,871,361,55,45,1,1,1,1
817,0,65,331,180,115,1,1,1,1
817,0,307,345,90,60,1,1,1,1
817,0,486,337,60,45,1,1,1,1
817,0,671,337,280,65,1,1,1,1
817,0,871,361,55,45,1,1,1,1
818,0,65,331,180,115,1,1,1,1
818,0,307,345,90,60,1,1,1,1
818,0,486,337,60,45,1,1,1,1
818,0,671,337,280,65,1,1,1,1
818,0,871,361,55,45,1,1,1,1
819,0,65,331,180,115,1,1,1,1
819,0,307,345,90,60,1,1,1,1
819,0,486,337,60,45,1,1,1,1
819,0,671,337,280,65,1,1,1,1
819,0,871,361,55,45,1,1,1,1
820,0,65,331,180,115,1,1,1,1
820,0,307,345,90,60,1,1,1,1
820,0,486,337,60,45,1,1,1,1
820,0,671,337,280,65,1,1,1,1
820,0,871,361,55,45,1,1,1,1
821,0,65,331,180,115,1,1,1,1
821,0,307,345,90,60,1,1,1,1
821,0,486,337,60,45,1,1,1,1
821,0,671,337,280,65,1,1,1,1
821,0,871,361,55,45,1,1,1,1
822,0,65,331,180,115,1,1,1,1
822,0,307,345,90,60,1,1,1,1
822,0,486,337,60,45,1,1,1,1
822,0,671,337,280,65,1,1,1,1
822,0,871,361,55,45,1,1,1,1
823,0,65,331,180,115,1,1,1,1
823,0,307,345,90,60,1,1,1,1
823,0,486,337,60,45,1,1,1,1
823,0,671,337,280,65,1,1,1,1
823,0,871,361,55,45,1,1,1,1
824,0,65,331,180,115,1,1,1,1
824,0,307,345,90,60,1,1,1,1
824,0,486,337,60,45,1,1,1,1
824,0,671,337,280,65,1,1,1,1
824,0,871,361,55,45,1,1,1,1
825,0,65,331,180,115,1,1,1,1
825,0,307,345,90,60,1,1,1,1
825,0,486,337,60,45,1,1,1,1
825,0,671,337,280,65,1,1,1,1
825,0,871,361,55,45,1,1,1,1
826,0,65,331,180,115,1,1,1,1
826,0,307,345,90,60,1,1,1,1
826,0,486,337,60,45,1,1,1,1
826,0,671,337,280,65,1,1,1,1
826,0,871,361,55,45,1,1,1,1
827,0,65,331,180,115,1,1,1,1
827,0,307,345,90,60,1,1,1,1
827,0,486,337,60,45,1,1,1,1
827,0,671,337,280,65,1,1,1,1
827,0,871,361,55,45,1,1,1,1
828,0,64,331,180,115,1,1,1,1
828,0,307,345,90,60,1,1,1,1
828,0,486,337,60,45,1,1,1,1
828,0,671,337,280,65,1,1,1,1
828,0,871,361,55,45,1,1,1,1
829,0,64,331,180,115,1,1,1,1
829,0,307,345,90,60,1,1,1,1
829,0,486,337,60,45,1,1,1,1
829,0,671,337,280,65,1,1,1,1
829,0,871,361,55,45,1,1,1,1
830,0,64,331,180,115,1,1,1,1
830,0,307,345,90,60,1,1,1,1
830,0,486,337,60,45,1,1,1,1
830,0,671,337,280,65,1,1,1,1
830,0,871,361,55,45,1,1,1,1
831,0,64,331,180,115,1,1,1,1
831,0,307,345,90,60,1,1,1,1
831,0,486,337,60,45,1,1,1,1
831,0,671,337,280,65,1,1,1,1
831,0,871,361,55,45,1,1,1,1
832,0,64,331,180,115,1,1,1,1
832,0,307,345,90,60,1,1,1,1
832,0,486,337,60,45,1,1,1,1
832,0,671,337,280,65,1,1,1,1
832,0,871,361,55,45,1,1,1,1
833,0,64,331,180,115,1,1,1,1
833,0,307,345,90,60,1,1,1,1
833,0,486,337,60,45,1,1,1,1
833,0,671,337,280,65,1,1,1,1
833,0,870,361,55,45,1,1,1,1
834,0,64,331,180,115,1,1,1,1
834,0,307,345,90,60,1,1,1,1
834,0,486,337,60,45,1,1,1,1
834,0,671,337,280,65,1,1,1,1
834,0,870,361,55,45,1,1,1,1
835,0,64,331,180,115,1,1,1,1
835,0,307,345,90,60,1,1,1,1
835,0,486,337,60,45,1,1,1,1
835,0,671,337,280,65,1,1,1,1
835,0,870,361,55,45,1,1,1,1
836,0,64,331,180,115,1,1,1,1
836,0,307,345,90,60,1,1,1,1
836,0,486,337,60,45,1,1,1,1
836,0,671,337,280,65,1,1,1,1
836,0,870,361,55,45,1,1,1,1
837,0,64,331,180,115,1,1,1,1
837,0,307,345,90,60,1,1,1,1
837,0,486,337,60,45,1,1,1,1
837,0,671,337,280,65,1,1,1,1
837,0,870,361,55,45,1,1,1,1
838,0,64,331,180,115,1,1,1,1
838,0,307,345,90,60,1,1,1,1
838,0,486,337,60,45,1,1,1,1
838,0,671,337,280,65,1,1,1,1
838,0,870,361,55,45,1,1,1,1
839,0,64,331,180,115,1,1,1,1
839,0,307,345,90,60,1,1,1,1
839,0,486,337,60,45,1,1,1,1
839,0,671,337,280,65,1,1,1,1
839,0,870,361,55,45,1,1,1,1
840,0,64,331,180,115,1,1,1,1
840,0,307,345,90,60,1,1,1,1
840,0,486,337,60,45,1,1,1,1
840,0,671,337,280,65,1,1,1,1
840,0,870,361,55,45,1,1,1,1
841,0,64,331,180,115,1,1,1,1
841,0,307,345,90,60,1,1,1,1
841,0,486,337,60,45,1,1,1,1
841,0,671,337,280,65,1,1,1,1
841,0,870,361,55,45,1,1,1,1
842,0,64,331,180,115,1,1,1,1
842,0,307,345,90,60,1,1,1,1
842,0,486,337,60,45,1,1,1,1
842,0,671,337,280,65,1,1,1,1
842,0,870,361,55,45,1,1,1,1
843,0,63,331,180,115,1,1,1,1
843,0,306,345,90,60,1,1,1,1
843,0,485,337,60,45,1,1,1,1
843,0,671,337,280,65,1,1,1,1
843,0,870,361,55,45,1,1,1,1
844,0,63,331,180,115,1,1,1,1
844,0,306,345,90,60,1,1,1,1
844,0,485,337,60,45,1,1,1,1
844,0,671,337,280,65,1,1,1,1
844,0,870,361,55,45,1,1,1,1
845,0,63,331,180,115,1,1,1,1
845,0,306,345,90,60,1,1,1,1
845,0,485,337,60,45,1,1,1,1
845,0,671,337,280,65,1,1,1,1
845,0,870,361,55,45,1,1,1,1
846,0,63,331,180,115,1,1,1,1
846,0,306,345,90,60,1,1,1,1
846,0,485,337,60,45,1,1,1,1
846,0,671,337,280,65,1,1,1,1
846,0,870,361,55,45,1,1,1,1
847,0,63,331,180,115,1,1,1,1
847,0,306,345,90,60,1,1,1,1
847,0,485,337,60,45,1,1,1,1
847,0,671,337,280,65,1,1,1,1
847,0,870,361,55,45,1,1,1,1
848,0,63,331,180,115,1,1,1,1
848,0,306,345,90,60,1,1,1,1
848,0,485,337,60,45,1,1,1,1
848,0,671,337,280,65,1,1,1,1
848,0,870,361,55,45,1,1,1,1
849,0,63,331,180,115,1,1,1,1
849,0,306,345,90,60,1,1,1,1
849,0,485,337,60,45,1,1,1,1
849,0,671,337,280,65,1,1,1,1
849,0,870,361,55,45,1,1,1,1
850,0,63,331,180,115,1,1,1,1
850,0,306,345,90,60,1,1,1,1
850,0,485,337,60,45,1,1,1,1
850,0,671,337,280,65,1,1,1,1
850,0,870,361,55,45,1,1,1,1
851,0,63,331,180,115,1,1,1,1
851,0,306,345,90,60,1,1,1,1
851,0,485,337,60,45,1,1,1,1
851,0,671,337,280,65,1,1,1,1
851,0,870,361,55,45,1,1,1,1
852,0,63,331,180,115,1,1,1,1
852,0,306,345,90,60,1,1,1,1
852,0,485,337,60,45,1,1,1,1
852,0,671,337,280,65,1,1,1,1
852,0,870,361,55,45,1,1,1,1
853,0,63,331,180,115,1,1,1,1
853,0,306,345,90,60,1,1,1,1
853,0,485,337,60,45,1,1,1,1
853,0,671,337,280,65,1,1,1,1
853,0,869,361,55,45,1,1,1,1
854,0,63,331,180,115,1,1,1,1
854,0,306,345,90,60,1,1,1,1
854,0,485,337,60,45,1,1,1,1
854,0,671,337,280,65,1,1,1,1
854,0,869,361,55,45,1,1,1,1
855,0,63,331,180,115,1,1,1,1
855,0,306,345,90,60,1,1,1,1
855,0,485,337,60,45,1,1,1,1
855,0,671,337,280,65,1,1,1,1
855,0,869,361,55,45,1,1,1,1
856,0,63,331,180,115,1,1,1,1
856,0,306,345,90,60,1,1,1,1
856,0,485,337,60,45,1,1,1,1
856,0,671,337,280,65,1,1,1,1
856,0,869,361,55,45,1,1,1,1
857,0,63,331,180,115,1,1,1,1
857,0,306,345,90,60,1,1,1,1
857,0,485,337,60,45,1,1,1,1
857,0,671,337,280,65,1,1,1,1
857,0,869,361,55,45,1,1,1,1
858,0,62,331,180,115,1,1,1,1
858,0,306,345,90,60,1,1,1,1
858,0,485,337,60,45,1,1,1,1
858,0,671,337,280,65,1,1,1,1
858,0,869,361,55,45,1,1,1,1
859,0,62,331,180,115,1,1,1,1
859,0,306,345,90,60,1,1,1,1
859,0,485,337,60,45,1,1,1,1
859,0,671,337,280,65,1,1,1,1
859,0,869,361,55,45,1,1,1,1
860,0,62,331,180,115,1,1,1,1
860,0,306,345,90,60,1,1,1,1
860,0,485,337,60,45,1,1,1,1
860,0,671,337,280,65,1,1,1,1
860,0,869,361,55,45,1,1,1,1
861,0,62,331,180,115,1,1,1,1
861,0,306,345,90,60,1,1,1,1
861,0,485,337,60,45,1,1,1,1
861,0,671,337,280,65,1,1,1,1
861,0,869,361,55,45,1,1,1,1
862,0,62,331,180,115,1,1,1,1
862,0,306,345,90,60,1,1,1,1
862,0,485,337,60,45,1,1,1,1
862,0,671,337,280,65,1,1,1,1
862,0,869,361,55,45,1,1,1,1
863,0,62,331,180,115,1,1,1,1
863,0,306,345,90,60,1,1,1,1
863,0,485,337,60,45,1,1,1,1
863,0,671,337,280,65,1,1,1,1
863,0,869,361,55,45,1,1,1,1
864,0,62,331,180,115,1,1,1,1
864,0,306,345,90,60,1,1,1,1
864,0,485,337,60,45,1,1,1,1
864,0,671,337,280,65,1,1,1,1
864,0,869,361,55,45,1,1,1,1
865,0,62,331,180,115,1,1,1,1
865,0,306,345,90,60,1,1,1,1
865,0,485,337,60,45,1,1,1,1
865,0,671,337,280,65,1,1,1,1
865,0,869,361,55,45,1,1,1,1
866,0,62,331,180,115,1,1,1,1
866,0,306,345,90,60,1,1,1,1
866,0,485,337,60,45,1,1,1,1
866,0,671,337,280,65,1,1,1,1
866,0,869,361,55,45,1,1,1,1
867,0,62,331,180,115,1,1,1,1
867,0,306,345,90,60,1,1,1,1
867,0,485,337,60,45,1,1,1,1
867,0,671,337,280,65,1,1,1,1
867,0,869,361,55,45,1,1,1,1
868,0,62,331,180,115,1,1,1,1
868,0,306,345,90,60,1,1,1,1
868,0,485,337,60,45,1,1,1,1
868,0,671,337,280,65,1,1,1,1
868,0,869,361,55,45,1,1,1,1
869,0,62,331,180,115,1,1,1,1
869,0,306,345,90,60,1,1,1,1
869,0,485,337,60,45,1,1,1,1
869,0,671,337,280,65,1,1,1,1
869,0,869,361,55,45,1,1,1,1
870,0,62,331,180,115,1,1,1,1
870,0,306,345,90,60,1,1,1,1
870,0,485,337,60,45,1,1,1,1
870,0,671,337,280,65,1,1,1,1
870,0,869,361,55,45,1,1,1,1
871,0,62,331,180,115,1,1,1,1
871,0,306,345,90,60,1,1,1,1
871,0,485,337,60,45,1,1,1,1
871,0,671,337,280,65,1,1,1,1
871,0,869,361,55,45,1,1,1,1
872,0,62,332,180,115,1,1,1,1
872,0,306,345,90,60,1,1,1,1
872,0,485,337,60,45,1,1,1,1
872,0,671,337,280,65,1,1,1,1
872,0,869,362,55,45,1,1,1,1
873,0,61,332,180,115,1,1,1,1
873,0,305,345,90,60,1,1,1,1
873,0,485,337,60,45,1,1,1,1
873,0,671,337,280,65,1,1,1,1
873,0,868,362,55,45,1,1,1,1
874,0,61,332,180,115,1,1,1,1
874,0,305,345,90,60,1,1,1,1
874,0,485,337,60,45,1,1,1,1
874,0,671,337,280,65,1,1,1,1
874,0,868,362,55,45,1,1,1,1
875,0,61,332,180,115,1,1,1,1
875,0,305,345,90,60,1,1,1,1
875,0,485,337,60,45,1,1,1,1
875,0,671,337,280,65,1,1,1,1
875,0,868,362,55,45,1,1,1,1
876,0,61,332,180,115,1,1,1,1
876,0,305,345,90,60,1,1,1,1
876,0,485,337,60,45,1,1,1,1
876,0,671,337,280,65,1,1,1,1
876,0,868,362,55,45,1,1,1,1
877,0,61,332,180,115,1,1,1,1
877,0,305,345,90,60,1,1,1,1
877,0,485,337,60,45,1,1,1,1
877,0,671,337,280,65,1,1,1,1
877,0,868,362,55,45,1,1,1,1
878,0,61,332,180,115,1,1,1,1
878,0,305,345,90,60,1,1,1,1
878,0,485,337,60,45,1,1,1,1
878,0,671,337,280,65,1,1,1,1
878,0,868,362,55,45,1,1,1,1
879,0,61,332,180,115,1,1,1,1
879,0,305,345,90,60,1,1,1,1
879,0,485,337,60,45,1,1,1,1
879,0,671,337,280,65,1,1,1,1
879,0,868,362,55,45,1,1,1,1
880,0,61,332,180,115,1,1,1,1
880,0,305,345,90,60,1,1,1,1
880,0,485,337,60,45,1,1,1,1
880,0,671,337,280,65,1,1,1,1
880,0,868,362,55,45,1,1,1,1
881,0,61,332,180,115,1,1,1,1
881,0,305,345,90,60,1,1,1,1
881,0,485,337,60,45,1,1,1,1
881,0,671,337,280,65,1,1,1,1
881,0,868,362,55,45,1,1,1,1
882,0,61,332,180,115,1,1,1,1
882,0,305,345,90,60,1,1,1,1
882,0,485,337,60,45,1,1,1,1
882,0,671,337,280,65,1,1,1,1
882,0,868,362,55,45,1,1,1,1
883,0,61,332,180,115,1,1,1,1
883,0,305,345,90,60,1,1,1,1
883,0,485,337,60,45,1,1,1,1
883,0,671,337,280,65,1,1,1,1
883,0,868,362,55,45,1,1,1,1
884,0,61,332,180,115,1,1,1,1
884,0,305,345,90,60,1,1,1,1
884,0,485,337,60,45,1,1,1,1
884,0,671,337,280,65,1,1,1,1
884,0,868,362,55,45,1,1,1,1
885,0,61,332,180,115,1,1,1,1
885,0,305,345,90,60,1,1,1,1
885,0,485,337,60,45,1,1,1,1
885,0,671,337,280,65,1,1,1,1
885,0,868,362,55,45,1,1,1,1
886,0,61,332,180,115,1,1,1,1
886,0,305,345,90,60,1,1,1,1
886,0,485,337,60,45,1,1,1,1
886,0,671,337,280,65,1,1,1,1
886,0,868,362,55,45,1,1,1,1
887,0,61,332,180,115,1,1,1,1
887,0,305,345,90,60,1,1,1,1
887,0,485,337,60,45,1,1,1,1
887,0,671,337,280,65,1,1,1,1
887,0,868,362,55,45,1,1,1,1
888,0,60,332,180,115,1,1,1,1
888,0,305,345,90,60,1,1,1,1
888,0,485,337,60,45,1,1,1,1
888,0,671,337,280,65,1,1,1,1
888,0,868,362,55,45,1,1,1,1
889,0,60,332,180,115,1,1,1,1
889,0,305,345,90,60,1,1,1,1
889,0,485,337,60,45,1,1,1,1
889,0,671,337,280,65,1,1,1,1
889,0,868,362,55,45,1,1,1,1
890,0,60,332,180,115,1,1,1,1
890,0,305,345,90,60,1,1,1,1
890,0,485,337,60,45,1,1,1,1
890,0,671,337,280,65,1,1,1,1
890,0,868,362,55,45,1,1,1,1
891,0,60,332,180,115,1,1,1,1
891,0,305,345,90,60,1,1,1,1
891,0,485,337,60,45,1,1,1,1
891,0,671,337,280,65,1,1,1,1
891,0,868,362,55,45,1,1,1,1
892,0,60,332,180,115,1,1,1,1
892,0,305,345,90,60,1,1,1,1
892,0,485,337,60,45,1,1,1,1
892,0,671,337,280,65,1,1,1,1
892,0,868,362,55,45,1,1,1,1
893,0,60,332,180,115,1,1,1,1
893,0,305,345,90,60,1,1,1,1
893,0,485,337,60,45,1,1,1,1
893,0,671,337,280,65,1,1,1,1
893,0,867,362,55,45,1,1,1,1
894,0,60,332,180,115,1,1,1,1
894,0,305,345,90,60,1,1,1,1
894,0,485,337,60,45,1,1,1,1
894,0,671,337,280,65,1,1,1,1
894,0,867,362,55,45,1,1,1,1
895,0,60,332,180,115,1,1,1,1
895,0,305,345,90,60,1,1,1,1
895,0,485,337,60,45,1,1,1,1
895,0,671,337,280,65,1,1,1,1
895,0,867,362,55,45,1,1,1,1
896,0,60,332,180,115,1,1,1,1
896,0,305,345,90,60,1,1,1,1
896,0,485,337,60,45,1,1,1,1
896,0,671,337,280,65,1,1,1,1
896,0,867,362,55,45,1,1,1,1
897,0,60,332,180,115,1,1,1,1
897,0,305,345,90,60,1,1,1,1
897,0,485,337,60,45,1,1,1,1
897,0,671,337,280,65,1,1,1,1
897,0,867,362,55,45,1,1,1,1
898,0,60,332,180,115,1,1,1,1
898,0,305,345,90,60,1,1,1,1
898,0,485,337,60,45,1,1,1,1
898,0,671,337,280,65,1,1,1,1
898,0,867,362,55,45,1,1,1,1
899,0,60,332,180,115,1,1,1,1
899,0,305,345,90,60,1,1,1,1
899,0,485,337,60,45,1,1,1,1
899,0,671,337,280,65,1,1,1,1
899,0,867,362,55,45,1,1,1,1
900,0,60,332,180,115,1,1,1,1
900,0,305,345,90,60,1,1,1,1
900,0,485,337,60,45,1,1,1,1
900,0,671,337,280,65,1,1,1,1
900,0,867,362,55,45,1,1,1,1
901,0,60,332,180,115,1,1,1,1
901,0,305,345,90,60,1,1,1,1
901,0,485,337,60,45,1,1,1,1
901,0,671,337,280,65,1,1,1,1
901,0,867,362,55,45,1,1,1,1
902,0,60,332,180,115,1,1,1,1
902,0,305,345,90,60,1,1,1,1
902,0,485,337,60,45,1,1,1,1
902,0,671,337,280,65,1,1,1,1
902,0,867,362,55,45,1,1,1,1
903,0,59,332,180,115,1,1,1,1
903,0,304,345,90,60,1,1,1,1
903,0,484,337,60,45,1,1,1,1
903,0,670,337,280,65,1,1,1,1
903,0,867,362,55,45,1,1,1,1
904,0,59,332,180,115,1,1,1,1
904,0,304,345,90,60,1,1,1,1
904,0,484,337,60,45,1,1,1,1
904,0,670,337,280,65,1,1,1,1
904,0,867,362,55,45,1,1,1,1
905,0,59,332,180,115,1,1,1,1
905,0,304,345,90,60,1,1,1,1
905,0,484,337,60,45,1,1,1,1
905,0,670,337,280,65,1,1,1,1
905,0,867,362,55,45,1,1,1,1
906,0,59,332,180,115,1,1,1,1
906,0,304,345,90,60,1,1,1,1
906,0,484,337,60,45,1,1,1,1
906,0,670,337,280,65,1,1,1,1
906,0,867,362,55,45,1,1,1,1
907,0,59,332,180,115,1,1,1,1
907,0,304,345,90,60,1,1,1,1
907,0,484,337,60,45,1,1,1,1
907,0,670,337,280,65,1,1,1,1
907,0,867,362,55,45,1,1,1,1
908,0,59,332,180,115,1,1,1,1
908,0,304,345,90,60,1,1,1,1
908,0,484,337,60,45,1,1,1,1
908,0,670,337,280,65,1,1,1,1
908,0,867,362,55,45,1,1,1,1
909,0,59,332,180,115,1,1,1,1
909,0,304,345,90,60,1,1,1,1
909,0,484,337,60,45,1,1,1,1
909,0,670,337,280,65,1,1,1,1
909,0,867,362,55,45,1,1,1,1
910,0,59,332,180,115,1,1,1,1
910,0,304,345,90,60,1,1,1,1
910,0,484,337,60,45,1,1,1,1
910,0,670,337,280,65,1,1,1,1
910,0,867,362,55,45,1,1,1,1
911,0,59,332,180,115,1,1,1,1
911,0,304,345,90,60,1,1,1,1
911,0,484,337,60,45,1,1,1,1
911,0,670,337,280,65,1,1,1,1
911,0,867,362,55,45,1,1,1,1
912,0,59,332,180,115,1,1,1,1
912,0,304,345,90,60,1,1,1,1
912,0,484,337,60,45,1,1,1,1
912,0,670,337,280,65,1,1,1,1
912,0,867,362,55,45,1,1,1,1
913,0,59,332,180,115,1,1,1,1
913,0,304,345,90,60,1,1,1,1
913,0,484,337,60,45,1,1,1,1
913,0,670,337,280,65,1,1,1,1
913,0,866,362,55,45,1,1,1,1
914,0,59,332,180,115,1,1,1,1
914,0,304,345,90,60,1,1,1,1
914,0,484,337,60,45,1,1,1,1
914,0,670,337,280,65,1,1,1,1
914,0,866,362,55,45,1,1,1,1
915,0,59,332,180,115,1,1,1,1
915,0,304,345,90,60,1,1,1,1
915,0,484,337,60,45,1,1,1,1
915,0,670,337,280,65,1,1,1,1
915,0,866,362,55,45,1,1,1,1
916,0,59,332,180,115,1,1,1,1
916,0,304,345,90,60,1,1,1,1
916,0,484,337,60,45,1,1,1,1
916,0,670,337,280,65,1,1,1,1
916,0,866,362,55,45,1,1,1,1
917,0,59,332,180,115,1,1,1,1
917,0,304,345,90,60,1,1,1,1
917,0,484,337,60,45,1,1,1,1
917,0,670,337,280,65,1,1,1,1
917,0,866,362,55,45,1,1,1,1
918,0,58,332,180,115,1,1,1,1
918,0,304,345,90,60,1,1,1,1
918,0,484,337,60,45,1,1,1,1
918,0,670,337,280,65,1,1,1,1
918,0,866,362,55,45,1,1,1,1
919,0,58,332,180,115,1,1,1,1
919,0,304,345,90,60,1,1,1,1
919,0,484,337,60,45,1,1,1,1
919,0,670,337,280,65,1,1,1,1
919,0,866,362,55,45,1,1,1,1
920,0,58,332,180,115,1,1,1,1
920,0,304,345,90,60,1,1,1,1
920,0,484,337,60,45,1,1,1,1
920,0,670,337,280,65,1,1,1,1
920,0,866,362,55,45,1,1,1,1
921,0,58,332,180,115,1,1,1,1
921,0,304,345,90,60,1,1,1,1
921,0,484,337,60,45,1,1,1,1
921,0,670,337,280,65,1,1,1,1
921,0,866,362,55,45,1,1,1,1
922,0,58,332,180,115,1,1,1,1
922,0,304,345,90,60,1,1,1,1
922,0,484,337,60,45,1,1,1,1
922,0,670,337,280,65,1,1,1,1
922,0,866,362,55,45,1,1,1,1
923,0,58,332,180,115,1,1,1,1
923,0,304,345,90,60,1,1,1,1
923,0,484,337,60,45,1,1,1,1
923,0,670,337,280,65,1,1,1,1
923,0,866,362,55,45,1,1,1,1
924,0,58,332,180,115,1,1,1,1
924,0,304,345,90,60,1,1,1,1
924,0,484,337,60,45,1,1,1,1
924,0,670,337,280,65,1,1,1,1
924,0,866,362,55,45,1,1,1,1
925,0,58,332,180,115,1,1,1,1
925,0,304,345,90,60,1,1,1,1
925,0,484,337,60,45,1,1,1,1
925,0,670,337,280,65,1,1,1,1
925,0,866,362,55,45,1,1,1,1
926,0,58,332,180,115,1,1,1,1
926,0,304,345,90,60,1,1,1,1
926,0,484,337,60,45,1,1,1,1
926,0,670,337,280,65,1,1,1,1
926,0,866,362,55,45,1,1,1,1
927,0,58,332,180,115,1,1,1,1
927,0,304,345,90,60,1,1,1,1
927,0,484,337,60,45,1,1,1,1
927,0,670,337,280,65,1,1,1,1
927,0,866,362,55,45,1,1,1,1
928,0,58,332,180,115,1,1,1,1
928,0,304,345,90,60,1,1,1,1
928,0,484,337,60,45,1,1,1,1
928,0,670,337,280,65,1,1,1,1
928,0,866,362,55,45,1,1,1,1
929,0,58,332,180,115,1,1,1,1
929,0,304,345,90,60,1,1,1,1
929,0,484,337,60,45,1,1,1,1
929,0,670,337,280,65,1,1,1,1
929,0,866,362,55,45,1,1,1,1
930,0,58,332,180,115,1,1,1,1
930,0,304,345,90,60,1,1,1,1
930,0,484,337,60,45,1,1,1,1
930,0,670,337,280,65,1,1,1,1
930,0,866,362,55,45,1,1,1,1
931,0,58,332,180,115,1,1,1,1
931,0,304,345,90,60,1,1,1,1
931,0,484,337,60,45,1,1,1,1
931,0,670,337,280,65,1,1,1,1
931,0,866,362,55,45,1,1,1,1
932,0,58,333,180,115,1,1,1,1
932,0,304,345,90,60,1,1,1,1
932,0,484,337,60,45,1,1,1,1
932,0,670,337,280,65,1,1,1,1
932,0,866,363,55,45,1,1,1,1
933,0,57,333,180,115,1,1,1,1
933,0,303,345,90,60,1,1,1,1
933,0,484,337,60,45,1,1,1,1
933,0,670,337,280,65,1,1,1,1
933,0,865,363,55,45,1,1,1,1
934,0,57,333,180,115,1,1,1,1
934,0,303,345,90,60,1,1,1,1
934,0,484,337,60,45,1,1,1,1
934,0,670,337,280,65,1,1,1,1
934,0,865,363,55,45,1,1,1,1
935,0,57,333,180,115,1,1,1,1
935,0,303,345,90,60,1,1,1,1
935,0,484,337,60,45,1,1,1,1
935,0,670,337,280,65,1,1,1,1
935,0,865,363,55,45,1,1,1,1
936,0,57,333,180,115,1,1,1,1
936,0,303,345,90,60,1,1,1,1
936,0,484,337,60,45,1,1,1,1
936,0,670,337,280,65,1,1,1,1
936,0,865,363,55,45,1,1,1,1
937,0,57,333,180,115,1,1,1,1
937,0,303,345,90,60,1,1,1,1
937,0,484,337,60,45,1,1,1,1
937,0,670,337,280,65,1,1,1,1
937,0,865,363,55,45,1,1,1,1
938,0,57,333,180,115,1,1,1,1
938,0,303,345,90,60,1,1,1,1
938,0,484,337,60,45,1,1,1,1
938,0,670,337,280,65,1,1,1,1
938,0,865,363,55,45,1,1,1,1
939,0,57,333,180,115,1,1,1,1
939,0,303,345,90,60,1,1,1,1
939,0,484,337,60,45,1,1,1,1
939,0,670,337,280,65,1,1,1,1
939,0,865,363,55,45,1,1,1,1
940,0,57,333,180,115,1,1,1,1
940,0,303,345,90,60,1,1,1,1
940,0,484,337,60,45,1,1,1,1
940,0,670,337,280,65,1,1,1,1
940,0,865,363,55,45,1,1,1,1
941,0,57,333,180,115,1,1,1,1
941,0,303,345,90,60,1,1,1,1
941,0,484,337,60,45,1,1,1,1
941,0,670,337,280,65,1,1,1,1
941,0,865,363,55,45,1,1,1,1
942,0,57,333,180,115,1,1,1,1
942,0,303,345,90,60,1,1,1,1
942,0,484,337,60,45,1,1,1,1
942,0,670,337,280,65,1,1,1,1
942,0,865,363,55,45,1,1,1,1
943,0,57,333,180,115,1,1,1,1
943,0,303,345,90,60,1,1,1,1
943,0,484,337,60,45,1,1,1,1
943,0,670,337,280,65,1,1,1,1
943,0,865,363,55,45,1,1,1,1
944,0,57,333,180,115,1,1,1,1
944,0,303,345,90,60,1,1,1,1
944,0,484,337,60,45,1,1,1,1
944,0,670,337,280,65,1,1,1,1
944,0,865,363,55,45,1,1,1,1
945,0,57,333,180,115,1,1,1,1
945,0,303,345,90,60,1,1,1,1
945,0,484,337,60,45,1,1,1,1
945,0,670,337,280,65,1,1,1,1
945,0,865,363,55,45,1,1,1,1
946,0,57,333,180,115,1,1,1,1
946,0,303,345,90,60,1,1,1,1
946,0,484,337,60,45,1,1,1,1
946,0,670,337,280,65,1,1,1,1
946,0,865,363,55,45,1,1,1,1
947,0,57,333,180,115,1,1,1,1
947,0,303,345,90,60,1,1,1,1
947,0,484,337,60,45,1,1,1,1
947,0,670,337,280,65,1,1,1,1
947,0,865,363,55,45,1,1,1,1
948,0,56,333,180,115,1,1,1,1
948,0,303,345,90,60,1,1,1,1
948,0,484,337,60,45,1,1,1,1
948,0,670,337,280,65,1,1,1,1
948,0,865,363,55,45,1,1,1,1
949,0,56,333,180,115,1,1,1,1
949,0,303,345,90,60,1,1,1,1
949,0,484,337,60,45,1,1,1,1
949,0,670,337,280,65,1,1,1,1
949,0,865,363,55,45,1,1,1,1
950,0,56,333,180,115,1,1,1,1
950,0,303,345,90,60,1,1,1,1
950,0,484,337,60,45,1,1,1,1
950,0,670,337,280,65,1,1,1,1
950,0,865,363,55,45,1,1,1,1
951,0,56,333,180,115,1,1,1,1
951,0,303,345,90,60,1,1,1,1
951,0,484,337,60,45,1,1,1,1
951,0,670,337,280,65,1,1,1,1
951,0,865,363,55,45,1,1,1,1
952,0,56,333,180,115,1,1,1,1
952,0,303,345,90,60,1,1,1,1
952,0,484,337,60,45,1,1,1,1
952,0,670,337,280,65,1,1,1,1
952,0,865,363,55,45,1,1,1,1
953,0,56,333,180,115,1,1,1,1
953,0,303,345,90,60,1,1,1,1
953,0,484,337,60,45,1,1,1,1
953,0,670,337,280,65,1,1,1,1
953,0,864,363,55,45,1,1,1,1
954,0,56,333,180,115,1,1,1,1
954,0,303,345,90,60,1,1,1,1
954,0,484,337,60,45,1,1,1,1
954,0,670,337,280,65,1,1,1,1
954,0,864,363,55,45,1,1,1,1
955,0,56,333,180,115,1,1,1,1
955,0,303,345,90,60,1,1,1,1
955,0,484,337,60,45,1,1,1,1
955,0,670,337,280,65,1,1,1,1
955,0,864,363,55,45,1,1,1,1
956,0,56,333,180,115,1,1,1,1
956,0,303,345,90,60,1,1,1,1
956,0,484,337,60,45,1,1,1,1
956,0,670,337,280,65,1,1,1,1
956,0,864,363,55,45,1,1,1,1
957,0,56,333,180,115,1,1,1,1
957,0,303,345,90,60,1,1,1,1
957,0,484,337,60,45,1,1,1,1
957,0,670,337,280,65,1,1,1,1
957,0,864,363,55,45,1,1,1,1
958,0,56,333,180,115,1,1,1,1
958,0,303,345,90,60,1,1,1,1
958,0,484,337,60,45,1,1,1,1
958,0,670,337,280,65,1,1,1,1
958,0,864,363,55,45,1,1,1,1
959,0,56,333,180,115,1,1,1,1
959,0,303,345,90,60,1,1,1,1
959,0,484,337,60,45,1,1,1,1
959,0,670,337,280,65,1,1,1,1
959,0,864,363,55,45,1,1,1,1
960,0,56,333,180,115,1,1,1,1
960,0,303,345,90,60,1,1,1,1
960,0,484,337,60,45,1,1,1,1
960,0,670,337,280,65,1,1,1,1
960,0,864,363,55,45,1,1,1,1
961,0,56,333,180,115,1,1,1,1
961,0,303,345,90,60,1,1,1,1
961,0,484,337,60,45,1,1,1,1
961,0,670,337,280,65,1,1,1,1
961,0,864,363,55,45,1,1,1,1
962,0,56,333,180,115,1,1,1,1
962,0,303,345,90,60,1,1,1,1
962,0,484,337,60,45,1,1,1,1
962,0,670,337,280,65,1,1,1,1
962,0,864,363,55,45,1,1,1,1
963,0,55,333,180,115,1,1,1,1
963,0,302,345,90,60,1,1,1,1
963,0,483,337,60,45,1,1,1,1
963,0,670,337,280,65,1,1,1,1
963,0,864,363,55,45,1,1,1,1
964,0,55,333,180,115,1,1,1,1
964,0,302,345,90,60,1,1,1,1
964,0,483,337,60,45,1,1,1,1
964,0,670,337,280,65,1,1,1,1
964,0,864,363,55,45,1,1,1,1
965,0,55,333,180,115,1,1,1,1
965,0,302,345,90,60,1,1,1,1
965,0,483,337,60,45,1,1,1,1
965,0,670,337,280,65,1,1,1,1
965,0,864,363,55,45,1,1,1,1
966,0,55,333,180,115,1,1,1,1
966,0,302,345,90,60,1,1,1,1
966,0,483,337,60,45,1,1,1,1
966,0,670,337,280,65,1,1,1,1
966,0,864,363,55,45,1,1,1,1
967,0,55,333,180,115,1,1,1,1
967,0,302,345,90,60,1,1,1,1
967,0,483,337,60,45,1,1,1,1
967,0,670,337,280,65,1,1,1,1
967,0,864,363,55,45,1,1,1,1
968,0,55,333,180,115,1,1,1,1
968,0,302,345,90,60,1,1,1,1
968,0,483,337,60,45,1,1,1,1
968,0,670,337,280,65,1,1,1,1
968,0,864,363,55,45,1,1,1,1
969,0,55,333,180,115,1,1,1,1
969,0,302,345,90,60,1,1,1,1
969,0,483,337,60,45,1,1,1,1
969,0,670,337,280,65,1,1,1,1
969,0,864,363,55,45,1,1,1,1
970,0,55,333,180,115,1,1,1,1
970,0,302,345,90,60,1,1,1,1
970,0,483,337,60,45,1,1,1,1
970,0,670,337,280,65,1,1,1,1
970,0,864,363,55,45,1,1,1,1
971,0,55,333,180,115,1,1,1,1
971,0,302,345,90,60,1,1,1,1
971,0,483,337,60,45,1,1,1,1
971,0,670,337,280,65,1,1,1,1
971,0,864,363,55,45,1,1,1,1
972,0,55,333,180,115,1,1,1,1
972,0,302,345,90,60,1,1,1,1
972,0,483,337,60,45,1,1,1,1
972,0,670,337,280,65,1,1,1,1
972,0,864,363,55,45,1,1,1,1
973,0,55,333,180,115,1,1,1,1
973,0,302,345,90,60,1,1,1,1
973,0,483,337,60,45,1,1,1,1
973,0,670,337,280,65,1,1,1,1
973,0,863,363,55,45,1,1,1,1
974,0,55,333,180,115,1,1,1,1
974,0,302,345,90,60,1,1,1,1
974,0,483,337,60,45,1,1,1,1
974,0,670,337,280,65,1,1,1,1
974,0,863,363,55,45,1,1,1,1
975,0,55,333,180,115,1,1,1,1
975,0,302,345,90,60,1,1,1,1
975,0,483,337,60,45,1,1,1,1
975,0,670,337,280,65,1,1,1,1
975,0,863,363,55,45,1,1,1,1
976,0,55,333,180,115,1,1,1,1
976,0,302,345,90,60,1,1,1,1
976,0,483,337,60,45,1,1,1,1
976,0,670,337,280,65,1,1,1,1
976,0,863,363,55,45,1,1,1,1
977,0,55,333,180,115,1,1,1,1
977,0,302,345,90,60,1,1,1,1
977,0,483,337,60,45,1,1,1,1
977,0,670,337,280,65,1,1,1,1
977,0,863,363,55,45,1,1,1,1
978,0,54,333,180,115,1,1,1,1
978,0,302,345,90,60,1,1,1,1
978,0,483,337,60,45,1,1,1,1
978,0,670,337,280,65,1,1,1,1
978,0,863,363,55,45,1,1,1,1
979,0,54,333,180,115,1,1,1,1
979,0,302,345,90,60,1,1,1,1
979,0,483,337,60,45,1,1,1,1
979,0,670,337,280,65,1,1,1,1
979,0,863,363,55,45,1,1,1,1
980,0,54,333,180,115,1,1,1,1
980,0,302,345,90,60,1,1,1,1
980,0,483,337,60,45,1,1,1,1
980,0,670,337,280,65,1,1,1,1
980,0,863,363,55,45,1,1,1,1
981,0,54,333,180,115,1,1,1,1
981,0,302,345,90,60,1,1,1,1
981,0,483,337,60,45,1,1,1,1
981,0,670,337,280,65,1,1,1,1
981,0,863,363,55,45,1,1,1,1
982,0,54,333,180,115,1,1,1,1
982,0,302,345,90,60,1,1,1,1
982,0,483,337,60,45,1,1,1,1
982,0,670,337,280,65,1,1,1,1
982,0,863,363,55,45,1,1,1,1
983,0,54,333,180,115,1,1,1,1
983,0,302,345,90,60,1,1,1,1
983,0,483,337,60,45,1,1,1,1
983,0,670,337,280,65,1,1,1,1
983,0,863,363,55,45,1,1,1,1
984,0,54,333,180,115,1,1,1,1
984,0,302,345,90,60,1,1,1,1
984,0,483,337,60,45,1,1,1,1
984,0,670,337,280,65,1,1,1,1
984,0,863,363,55,45,1,1,1,1
985,0,54,333,180,115,1,1,1,1
985,0,302,345,90,60,1,1,1,1
985,0,483,337,60,45,1,1,1,1
985,0,670,337,280,65,1,1,1,1
985,0,863,363,55,45,1,1,1,1
986,0,54,333,180,115,1,1,1,1
986,0,302,345,90,60,1,1,1,1
986,0,483,337,60,45,1,1,1,1
986,0,670,337,280,65,1,1,1,1
986,0,863,363,55,45,1,1,1,1
987,0,54,333,180,115,1,1,1,1
987,0,302,345,90,60,1,1,1,1
987,0,483,337,60,45,1,1,1,1
987,0,670,337,280,65,1,1,1,1
987,0,863,363,55,45,1,1,1,1
988,0,54,333,180,115,1,1,1,1
988,0,302,345,90,60,1,1,1,1
988,0,483,337,60,45,1,1,1,1
988,0,670,337,280,65,1,1,1,1
988,0,863,363,55,45,1,1,1,1
989,0,54,333,180,115,1,1,1,1
989,0,302,345,90,60,1,1,1,1
989,0,483,337,60,45,1,1,1,1
989,0,670,337,280,65,1,1,1,1
989,0,863,363,55,45,1,1,1,1
990,0,54,333,180,115,1,1,1,1
990,0,302,345,90,60,1,1,1,1
990,0,483,337,60,45,1,1,1,1
990,0,670,337,280,65,1,1,1,1
990,0,863,363,55,45,1,1,1,1
991,0,54,333,180,115,1,1,1,1
991,0,302,345,90,60,1,1,1,1
991,0,483,337,60,45,1,1,1,1
991,0,670,337,280,65,1,1,1,1
991,0,863,363,55,45,1,1,1,1
992,0,54,334,180,115,1,1,1,1
992,0,302,345,90,60,1,1,1,1
992,0,483,337,60,45,1,1,1,1
992,0,670,337,280,65,1,1,1,1
992,0,863,364,55,45,1,1,1,1
993,0,53,334,180,115,1,1,1,1
993,0,301,345,90,60,1,1,1,1
993,0,483,337,60,45,1,1,1,1
993,0,670,337,280,65,1,1,1,1
993,0,862,364,55,45,1,1,1,1
994,0,53,334,180,115,1,1,1,1
994,0,301,345,90,60,1,1,1,1
994,0,483,337,60,45,1,1,1,1
994,0,670,337,280,65,1,1,1,1
994,0,862,364,55,45,1,1,1,1
995,0,53,334,180,115,1,1,1,1
995,0,301,345,90,60,1,1,1,1
995,0,483,337,60,45,1,1,1,1
995,0,670,337,280,65,1,1,1,1
995,0,862,364,55,45,1,1,1,1
996,0,53,334,180,115,1,1,1,1
996,0,301,345,90,60,1,1,1,1
996,0,483,337,60,45,1,1,1,1
996,0,670,337,280,65,1,1,1,1
996,0,862,364,55,45,1,1,1,1
997,0,53,334,180,115,1,1,1,1
997,0,301,345,90,60,1,1,1,1
997,0,483,337,60,45,1,1,1,1
997,0,670,337,280,65,1,1,1,1
997,0,862,364,55,45,1,1,1,1
998,0,53,334,180,115,1,1,1,1
998,0,301,345,90,60,1,1,1,1
998,0,483,337,60,45,1,1,1,1
998,0,670,337,280,65,1,1,1,1
998,0,862,364,55,45,1,1,1,1
999,0,53,334,180,115,1,1,1,1
999,0,301,345,90,60,1,1,1,1
999,0,483,337,60,45,1,1,1,1
999,0,670,337,280,65,1,1,1,1
999,0,862,364,55,45,1,1,1,1
1000,0,53,334,180,115,1,1,1,1
1000,0,301,345,90,60,1,1,1,1
1000,0,483,337,60,45,1,1,1,1
1000,0,670,337,280,65,1,1,1,1
1000,0,862,364,55,45,1,1,1,1
1001,0,53,334,180,115,1,1,1,1
1001,0,301,345,90,60,1,1,1,1
1001,0,483,337,60,45,1,1,1,1
1001,0,670,337,280,65,1,1,1,1
1001,0,862,364,55,45,1,1,1,1
1002,0,53,334,180,115,1,1,1,1
1002,0,301,345,90,60,1,1,1,1
1002,0,483,337,60,45,1,1,1,1
1002,0,670,337,280,65,1,1,1,1
1002,0,862,364,55,45,1,1,1,1
1003,0,53,334,180,115,1,1,1,1
1003,0,301,345,90,60,1,1,1,1
1003,0,483,337,60,45,1,1,1,1
1003,0,669,337,280,65,1,1,1,1
1003,0,862,364,55,45,1,1,1,1
1004,0,53,334,180,115,1,1,1,1
1004,0,301,345,90,60,1,1,1,1
1004,0,483,337,60,45,1,1,1,1
1004,0,669,337,280,65,1,1,1,1
1004,0,862,364,55,45,1,1,1,1
1005,0,53,334,180,115,1,1,1,1
1005,0,301,345,90,60,1,1,1,1
1005,0,483,337,60,45,1,1,1,1
1005,0,669,337,280,65,1,1,1,1
1005,0,862,364,55,45,1,1,1,1
1006,0,53,334,180,115,1,1,1,1
1006,0,301,345,90,60,1,1,1,1
1006,0,483,337,60,45,1,1,1,1
1006,0,669,337,280,65,1,1,1,1
1006,0,862,364,55,45,1,1,1,1
1007,0,53,334,180,115,1,1,1,1
1007,0,301,345,90,60,1,1,1,1
1007,0,483,337,60,45,1,1,1,1
1007,0,669,337,280,65,1,1,1,1
1007,0,862,364,55,45,1,1,1,1
1008,0,52,334,180,115,1,1,1,1
1008,0,301,345,90,60,1,1,1,1
1008,0,483,337,60,45,1,1,1,1
1008,0,669,337,280,65,1,1,1,1
1008,0,862,364,55,45,1,1,1,1
1009,0,52,334,180,115,1,1,1,1
1009,0,301,345,90,60,1,1,1,1
1009,0,483,337,60,45,1,1,1,1
1009,0,669,337,280,65,1,1,1,1
1009,0,862,364,55,45,1,1,1,1
1010,0,52,334,180,115,1,1,1,1
1010,0,301,345,90,60,1,1,1,1
1010,0,483,337,60,45,1,1,1,1
1010,0,669,337,280,65,1,1,1,1
1010,0,862,364,55,45,1,1,1,1
1011,0,52,334,180,115,1,1,1,1
1011,0,301,345,90,60,1,1,1,1
1011,0,483,337,60,45,1,1,1,1
1011,0,669,337,280,65,1,1,1,1
1011,0,862,364,55,45,1,1,1,1
1012,0,52,334,180,115,1,1,1,1
1012,0,301,345,90,60,1,1,1,1
1012,0,483,337,60,45,1,1,1,1
1012,0,669,337,280,65,1,1,1,1
1012,0,862,364,55,45,1,1,1,1
1013,0,52,334,180,115,1,1,1,1
1013,0,301,345,90,60,1,1,1,1
1013,0,483,337,60,45,1,1,1,1
1013,0,669,337,280,65,1,1,1,1
1013,0,861,364,55,45,1,1,1,1
1014,0,52,334,180,115,1,1,1,1
1014,0,301,345,90,60,1,1,1,1
1014,0,483,337,60,45,1,1,1,1
1014,0,669,337,280,65,1,1,1,1
1014,0,861,364,55,45,1,1,1,1
1015,0,52,334,180,115,1,1,1,1
1015,0,301,345,90,60,1,1,1,1
1015,0,483,337,60,45,1,1,1,1
1015,0,669,337,280,65,1,1,1,1
1015,0,861,364,55,45,1,1,1,1
1016,0,52,334,180,115,1,1,1,1
1016,0,301,345,90,60,1,1,1,1
1016,0,483,337,60,45,1,1,1,1
1016,0,669,337,280,65,1,1,1,1
1016,0,861,364,55,45,1,1,1,1
1017,0,52,334,180,115,1,1,1,1
1017,0,301,345,90,60,1,1,1,1
1017,0,483,337,60,45,1,1,1,1
1017,0,669,337,280,65,1,1,1,1
1017,0,861,364,55,45,1,1,1,1
1018,0,52,334,180,115,1,1,1,1
1018,0,301,345,90,60,1,1,1,1
1018,0,483,337,60,45,1,1,1,1
1018,0,669,337,280,65,1,1,1,1
1018,0,861,364,55,45,1,1,1,1
1019,0,52,334,180,115,1,1,1,1
1019,0,301,345,90,60,1,1,1,1
1019,0,483,337,60,45,1,1,1,1
1019,0,669,337,280,65,1,1,1,1
1019,0,861,364,55,45,1,1,1,1
1020,0,52,334,180,115,1,1,1,1
1020,0,301,345,90,60,1,1,1,1
1020,0,483,337,60,45,1,1,1,1
1020,0,669,337,280,65,1,1,1,1
1020,0,861,364,55,45,1,1,1,1
1021,0,52,334,180,115,1,1,1,1
1021,0,301,345,90,60,1,1,1,1
1021,0,483,337,60,45,1,1,1,1
1021,0,669,337,280,65,1,1,1,1
1021,0,861,364,55,45,1,1,1,1
1022,0,52,334,180,115,1,1,1,1
1022,0,301,345,90,60,1,1,1,1
1022,0,483,337,60,45,1,1,1,1
1022,0,669,337,280,65,1,1,1,1
1022,0,861,364,55,45,1,1,1,1
1023,0,51,334,180,115,1,1,1,1
1023,0,300,345,90,60,1,1,1,1
1023,0,482,337,60,45,1,1,1,1
1023,0,669,337,280,65,1,1,1,1
1023,0,861,364,55,45,1,1,1,1
1024,0,51,334,180,115,1,1,1,1
1024,0,300,345,90,60,1,1,1,1
1024,0,482,337,60,45,1,1,1,1
1024,0,669,337,280,65,1,1,1,1
1024,0,861,364,55,45,1,1,1,1
1025,0,51,334,180,115,1,1,1,1
1025,0,300,345,90,60,1,1,1,1
1025,0,482,337,60,45,1,1,1,1
1025,0,669,337,280,65,1,1,1,1
1025,0,861,364,55,45,1,1,1,1
1026,0,51,334,180,115,1,1,1,1
1026,0,300,345,90,60,1,1,1,1
1026,0,482,337,60,45,1,1,1,1
1026,0,669,337,280,65,1,1,1,1
1026,0,861,364,55,45,1,1,1,1
1027,0,51,334,180,115,1,1,1,1
1027,0,300,345,90,60,1,1,1,1
1027,0,482,337,60,45,1,1,1,1
1027,0,669,337,280,65,1,1,1,1
1027,0,861,364,55,45,1,1,1,1
1028,0,51,334,180,115,1,1,1,1
1028,0,300,345,90,60,1,1,1,1
1028,0,482,337,60,45,1,1,1,1
1028,0,669,337,280,65,1,1,1,1
1028,0,861,364,55,45,1,1,1,1
1029,0,51,334,180,115,1,1,1,1
1029,0,300,345,90,60,1,1,1,1
1029,0,482,337,60,45,1,1,1,1
1029,0,669,337,280,65,1,1,1,1
1029,0,861,364,55,45,1,1,1,1
1030,0,51,334,180,115,1,1,1,1
1030,0,300,345,90,60,1,1,1,1
1030,0,482,337,60,45,1,1,1,1
1030,0,669,337,280,65,1,1,1,1
1030,0,861,364,55,45,1,1,1,1
1031,0,51,334,180,115,1,1,1,1
1031,0,300,345,90,60,1,1,1,1
1031,0,482,337,60,45,1,1,1,1
1031,0,669,337,280,65,1,1,1,1
1031,0,861,364,55,45,1,1,1,1
1032,0,51,334,180,115,1,1,1,1
1032,0,300,345,90,60,1,1,1,1
1032,0,482,337,60,45,1,1,1,1
1032,0,669,337,280,65,1,1,1,1
1032,0,861,364,55,45,1,1,1,1
1033,0,51,334,180,115,1,1,1,1
1033,0,300,345,90,60,1,1,1,1
1033,0,482,337,60,45,1,1,1,1
1033,0,669,337,280,65,1,1,1,1
1033,0,860,364,55,45,1,1,1,1
1034,0,51,334,180,115,1,1,1,1
1034,0,300,345,90,60,1,1,1,1
1034,0,482,337,60,45,1,1,1,1
1034,0,669,337,280,65,1,1,1,1
1034,0,860,364,55,45,1,1,1,1
1035,0,51,334,180,115,1,1,1,1
1035,0,300,345,90,60,1,1,1,1
1035,0,482,337,60,45,1,1,1,1
1035,0,669,337,280,65,1,1,1,1
1035,0,860,364,55,45,1,1,1,1
1036,0,51,334,180,115,1,1,1,1
1036,0,300,345,90,60,1,1,1,1
1036,0,482,337,60,45,1,1,1,1
1036,0,669,337,280,65,1,1,1,1
1036,0,860,364,55,45,1,1,1,1
1037,0,51,334,180,115,1,1,1,1
1037,0,300,345,90,60,1,1,1,1
1037,0,482,337,60,45,1,1,1,1
1037,0,669,337,280,65,1,1,1,1
1037,0,860,364,55,45,1,1,1,1
1038,0,50,334,180,115,1,1,1,1
1038,0,300,345,90,60,1,1,1,1
1038,0,482,337,60,45,1,1,1,1
1038,0,669,337,280,65,1,1,1,1
1038,0,860,364,55,45,1,1,1,1
1039,0,50,334,180,115,1,1,1,1
1039,0,300,345,90,60,1,1,1,1
1039,0,482,337,60,45,1,1,1,1
1039,0,669,337,280,65,1,1,1,1
1039,0,860,364,55,45,1,1,1,1
1040,0,50,334,180,115,1,1,1,1
1040,0,300,345,90,60,1,1,1,1
1040,0,482,337,60,45,1,1,1,1
1040,0,669,337,280,65,1,1,1,1
1040,0,860,364,55,45,1,1,1,1
1041,0,50,334,180,115,1,1,1,1
1041,0,300,345,90,60,1,1,1,1
1041,0,482,337,60,45,1,1,1,1
1041,0,669,337,280,65,1,1,1,1
1041,0,860,364,55,45,1,1,1,1
1042,0,50,334,180,115,1,1,1,1
1042,0,300,345,90,60,1,1,1,1
1042,0,482,337,60,45,1,1,1,1
1042,0,669,337,280,65,1,1,1,1
1042,0,860,364,55,45,1,1,1,1
1043,0,50,334,180,115,1,1,1,1
1043,0,300,345,90,60,1,1,1,1
1043,0,482,337,60,45,1,1,1,1
1043,0,669,337,280,65,1,1,1,1
1043,0,860,364,55,45,1,1,1,1
1044,0,50,334,180,115,1,1,1,1
1044,0,300,345,90,60,1,1,1,1
1044,0,482,337,60,45,1,1,1,1
1044,0,669,337,280,65,1,1,1,1
1044,0,860,364,55,45,1,1,1,1
1045,0,50,334,180,115,1,1,1,1
1045,0,300,345,90,60,1,1,1,1
1045,0,482,337,60,45,1,1,1,1
1045,0,669,337,280,65,1,1,1,1
1045,0,860,364,55,45,1,1,1,1
1046,0,50,334,180,115,1,1,1,1
1046,0,300,345,90,60,1,1,1,1
1046,0,482,337,60,45,1,1,1,1
1046,0,669,337,280,65,1,1,1,1
1046,0,860,364,55,45,1,1,1,1
1047,0,50,334,180,115,1,1,1,1
1047,0,300,345,90,60,1,1,1,1
1047,0,482,337,60,45,1,1,1,1
1047,0,669,337,280,65,1,1,1,1
1047,0,860,364,55,45,1,1,1,1
1048,0,50,334,180,115,1,1,1,1
1048,0,300,345,90,60,1,1,1,1
1048,0,482,337,60,45,1,1,1,1
1048,0,669,337,280,65,1,1,1,1
1048,0,860,364,55,45,1,1,1,1
1049,0,50,334,180,115,1,1,1,1
1049,0,300,345,90,60,1,1,1,1
1049,0,482,337,60,45,1,1,1,1
1049,0,669,337,280,65,1,1,1,1
1049,0,860,364,55,45,1,1,1,1
1050,0,50,334,180,115,1,1,1,1
1050,0,300,345,90,60,1,1,1,1
1050,0,482,337,60,45,1,1,1,1
1050,0,669,337,280,65,1,1,1,1
1050,0,860,364,55,45,1,1,1,1
1051,0,50,334,180,115,1,1,1,1
1051,0,300,345,90,60,1,1,1,1
1051,0,482,337,60,45,1,1,1,1
1051,0,669,337,280,65,1,1,1,1
1051,0,860,364,55,45,1,1,1,1
1052,0,50,335,180,115,1,1,1,1
1052,0,300,345,90,60,1,1,1,1
1052,0,482,337,60,45,1,1,1,1
1052,0,669,337,280,65,1,1,1,1
1052,0,860,365,55,45,1,1,1,1
1053,0,49,335,180,115,1,1,1,1
1053,0,299,345,90,60,1,1,1,1
1053,0,482,337,60,45,1,1,1,1
1053,0,669,337,280,65,1,1,1,1
1053,0,859,365,55,45,1,1,1,1
1054,0,49,335,180,115,1,1,1,1
1054,0,299,345,90,60,1,1,1,1
1054,0,482,337,60,45,1,1,1,1
1054,0,669,337,280,65,1,1,1,1
1054,0,859,365,55,45,1,1,1,1
1055,0,49,335,180,115,1,1,1,1
1055,0,299,345,90,60,1,1,1,1
1055,0,482,337,60,45,1,1,1,1
1055,0,669,337,280,65,1,1,1,1
1055,0,859,365,55,45,1,1,1,1
1056,0,49,335,180,115,1,1,1,1
1056,0,299,345,90,60,1,1,1,1
1056,0,482,337,60,45,1,1,1,1
1056,0,669,337,280,65,1,1,1,1
1056,0,859,365,55,45,1,1,1,1
1057,0,49,335,180,115,1,1,1,1
1057,0,299,345,90,60,1,1,1,1
1057,0,482,337,60,45,1,1,1,1
1057,0,669,337,280,65,1,1,1,1
1057,0,859,365,55,45,1,1,1,1
1058,0,49,335,180,115,1,1,1,1
1058,0,299,345,90,60,1,1,1,1
1058,0,482,337,60,45,1,1,1,1
1058,0,669,337,280,65,1,1,1,1
1058,0,859,365,55,45,1,1,1,1
1059,0,49,335,180,115,1,1,1,1
1059,0,299,345,90,60,1,1,1,1
1059,0,482,337,60,45,1,1,1,1
1059,0,669,337,280,65,1,1,1,1
1059,0,859,365,55,45,1,1,1,1
1060,0,49,335,180,115,1,1,1,1
1060,0,299,345,90,60,1,1,1,1
1060,0,482,337,60,45,1,1,1,1
1060,0,669,337,280,65,1,1,1,1
1060,0,859,365,55,45,1,1,1,1
1061,0,49,335,180,115,1,1,1,1
1061,0,299,345,90,60,1,1,1,1
1061,0,482,337,60,45,1,1,1,1
1061,0,669,337,280,65,1,1,1,1
1061,0,859,365,55,45,1,1,1,1
1062,0,49,335,180,115,1,1,1,1
1062,0,299,345,90,60,1,1,1,1
1062,0,482,337,60,45,1,1,1,1
1062,0,669,337,280,65,1,1,1,1
1062,0,859,365,55,45,1,1,1,1
1063,0,49,335,180,115,1,1,1,1
1063,0,299,345,90,60,1,1,1,1
1063,0,482,337,60,45,1,1,1,1
1063,0,669,337,280,65,1,1,1,1
1063,0,859,365,55,45,1,1,1,1
1064,0,49,335,180,115,1,1,1,1
1064,0,299,345,90,60,1,1,1,1
1064,0,482,337,60,45,1,1,1,1
1064,0,669,337,280,65,1,1,1,1
1064,0,859,365,55,45,1,1,1,1
1065,0,49,335,180,115,1,1,1,1
1065,0,299,345,90,60,1,1,1,1
1065,0,482,337,60,45,1,1,1,1
1065,0,669,337,280,65,1,1,1,1
1065,0,859,365,55,45,1,1,1,1
1066,0,49,335,180,115,1,1,1,1
1066,0,299,345,90,60,1,1,1,1
1066,0,482,337,60,45,1,1,1,1
1066,0,669,337,280,65,1,1,1,1
1066,0,859,365,55,45,1,1,1,1
1067,0,49,335,180,115,1,1,1,1
1067,0,299,345,90,60,1,1,1,1
1067,0,482,337,60,45,1,1,1,1
1067,0,669,337,280,65,1,1,1,1
1067,0,859,365,55,45,1,1,1,1
1068,0,48,335,180,115,1,1,1,1
1068,0,299,345,90,60,1,1,1,1
1068,0,482,337,60,45,1,1,1,1
1068,0,669,337,280,65,1,1,1,1
1068,0,859,365,55,45,1,1,1,1
1069,0,48,335,180,115,1,1,1,1
1069,0,299,345,90,60,1,1,1,1
1069,0,482,337,60,45,1,1,1,1
1069,0,669,337,280,65,1,1,1,1
1069,0,859,365,55,45,1,1,1,1
1070,0,48,335,180,115,1,1,1,1
1070,0,299,345,90,60,1,1,1,1
1070,0,482,337,60,45,1,1,1,1
1070,0,669,337,280,65,1,1,1,1
1070,0,859,365,55,45,1,1,1,1
1071,0,48,335,180,115,1,1,1,1
1071,0,299,345,90,60,1,1,1,1
1071,0,482,337,60,45,1,1,1,1
1071,0,669,337,280,65,1,1,1,1
1071,0,859,365,55,45,1,1,1,1
1072,0,48,335,180,115,1,1,1,1
1072,0,299,345,90,60,1,1,1,1
1072,0,482,337,60,45,1,1,1,1
1072,0,669,337,280,65,1,1,1,1
1072,0,859,365,55,45,1,1,1,1
1073,0,48,335,180,115,1,1,1,1
1073,0,299,345,90,60,1,1,1,1
1073,0,482,337,60,45,1,1,1,1
1073,0,669,337,280,65,1,1,1,1
1073,0,858,365,55,45,1,1,1,1
1074,0,48,335,180,115,1,1,1,1
1074,0,299,345,90,60,1,1,1,1
1074,0,482,337,60,45,1,1,1,1
1074,0,669,337,280,65,1,1,1,1
1074,0,858,365,55,45,1,1,1,1
1075,0,48,335,180,115,1,1,1,1
1075,0,299,345,90,60,1,1,1,1
1075,0,482,337,60,45,1,1,1,1
1075,0,669,337,280,65,1,1,1,1
1075,0,858,365,55,45,1,1,1,1
1076,0,48,335,180,115,1,1,1,1
1076,0,299,345,90,60,1,1,1,1
1076,0,482,337,60,45,1,1,1,1
1076,0,669,337,280,65,1,1,1,1
1076,0,858,365,55,45,1,1,1,1
1077,0,48,335,180,115,1,1,1,1
1077,0,299,345,90,60,1,1,1,1
1077,0,482,337,60,45,1,1,1,1
1077,0,669,337,280,65,1,1,1,1
1077,0,858,365,55,45,1,1,1,1
1078,0,48,335,180,115,1,1,1,1
1078,0,299,345,90,60,1,1,1,1
1078,0,482,337,60,45,1,1,1,1
1078,0,669,337,280,65,1,1,1,1
1078,0,858,365,55,45,1,1,1,1
1079,0,48,335,180,115,1,1,1,1
1079,0,299,345,90,60,1,1,1,1
1079,0,482,337,60,45,1,1,1,1
1079,0,669,337,280,65,1,1,1,1
1079,0,858,365,55,45,1,1,1,1
1080,0,48,335,180,115,1,1,1,1
1080,0,299,345,90,60,1,1,1,1
1080,0,482,337,60,45,1,1,1,1
1080,0,669,337,280,65,1,1,1,1
1080,0,858,365,55,45,1,1,1,1
1081,0,48,335,180,115,1,1,1,1
1081,0,299,345,90,60,1,1,1,1
1081,0,482,337,60,45,1,1,1,1
1081,0,669,337,280,65,1,1,1,1
1081,0,858,365,55,45,1,1,1,1
1082,0,48,335,180,115,1,1,1,1
1082,0,299,345,90,60,1,1,1,1
1082,0,482,337,60,45,1,1,1,1
1082,0,669,337,280,65,1,1,1,1
1082,0,858,365,55,45,1,1,1,1
1083,0,47,335,180,115,1,1,1,1
1083,0,298,345,90,60,1,1,1,1
1083,0,481,337,60,45,1,1,1,1
1083,0,669,337,280,65,1,1,1,1
1083,0,858,365,55,45,1,1,1,1
1084,0,47,335,180,115,1,1,1,1
1084,0,298,345,90,60,1,1,1,1
1084,0,481,337,60,45,1,1,1,1
1084,0,669,337,280,65,1,1,1,1
1084,0,858,365,55,45,1,1,1,1
1085,0,47,335,180,115,1,1,1,1
1085,0,298,345,90,60,1,1,1,1
1085,0,481,337,60,45,1,1,1,1
1085,0,669,337,280,65,1,1,1,1
1085,0,858,365,55,45,1,1,1,1
1086,0,47,335,180,115,1,1,1,1
1086,0,298,345,90,60,1,1,1,1
1086,0,481,337,60,45,1,1,1,1
1086,0,669,337,280,65,1,1,1,1
1086,0,858,365,55,45,1,1,1,1
1087,0,47,335,180,115,1,1,1,1
1087,0,298,345,90,60,1,1,1,1
1087,0,481,337,60,45,1,1,1,1
1087,0,669,337,280,65,1,1,1,1
1087,0,858,365,55,45,1,1,1,1
1088,0,47,335,180,115,1,1,1,1
1088,0,298,345,90,60,1,1,1,1
1088,0,481,337,60,45,1,1,1,1
1088,0,669,337,280,65,1,1,1,1
1088,0,858,365,55,45,1,1,1,1
1089,0,47,335,180,115,1,1,1,1
1089,0,298,345,90,60,1,1,1,1
1089,0,481,337,60,45,1,1,1,1
1089,0,669,337,280,65,1,1,1,1
1089,0,858,365,55,45,1,1,1,1
1090,0,47,335,180,115,1,1,1,1
1090,0,298,345,90,60,1,1,1,1
1090,0,481,337,60,45,1,1,1,1
1090,0,669,337,280,65,1,1,1,1
1090,0,858,365,55,45,1,1,1,1
1091,0,47,335,180,115,1,1,1,1
1091,0,298,345,90,60,1,1,1,1
1091,0,481,337,60,45,1,1,1,1
1091,0,669,337,280,65,1,1,1,1
1091,0,858,365,55,45,1,1,1,1
1092,0,47,335,180,115,1,1,1,1
1092,0,298,345,90,60,1,1,1,1
1092,0,481,337,60,45,1,1,1,1
1092,0,669,337,280,65,1,1,1,1
1092,0,858,365,55,45,1,1,1,1
1093,0,47,335,180,115,1,1,1,1
1093,0,298,345,90,60,1,1,1,1
1093,0,481,337,60,45,1,1,1,1
1093,0,669,337,280,65,1,1,1,1
1093,0,857,365,55,45,1,1,1,1
1094,0,47,335,180,115,1,1,1,1
1094,0,298,345,90,60,1,1,1,1
1094,0,481,337,60,45,1,1,1,1
1094,0,669,337,280,65,1,1,1,1
1094,0,857,365,55,45,1,1,1,1
1095,0,47,335,180,115,1,1,1,1
1095,0,298,345,90,60,1,1,1,1
1095,0,481,337,60,45,1,1,1,1
1095,0,669,337,280,65,1,1,1,1
1095,0,857,365,55,45,1,1,1,1
1096,0,47,335,180,115,1,1,1,1
1096,0,298,345,90,60,1,1,1,1
1096,0,481,337,60,45,1,1,1,1
1096,0,669,337,280,65,1,1,1,1
1096,0,857,365,55,45,1,1,1,1
1097,0,47,335,180,115,1,1,1,1
1097,0,298,345,90,60,1,1,1,1
1097,0,481,337,60,45,1,1,1,1
1097,0,669,337,280,65,1,1,1,1
1097,0,857,365,55,45,1,1,1,1
1098,0,46,335,180,115,1,1,1,1
1098,0,298,345,90,60,1,1,1,1
1098,0,481,337,60,45,1,1,1,1
1098,0,669,337,280,65,1,1,1,1
1098,0,857,365,55,45,1,1,1,1
1099,0,46,335,180,115,1,1,1,1
1099,0,298,345,90,60,1,1,1,1
1099,0,481,337,60,45,1,1,1,1
1099,0,669,337,280,65,1,1,1,1
1099,0,857,365,55,45,1,1,1,1
1100,0,46,335,180,115,1,1,1,1
1100,0,298,345,90,60,1,1,1,1
1100,0,481,337,60,45,1,1,1,1
1100,0,669,337,280,65,1,1,1,1
1100,0,857,365,55,45,1,1,1,1
1101,0,46,335,180,115,1,1,1,1
1101,0,298,345,90,60,1,1,1,1
1101,0,481,337,60,45,1,1,1,1
1101,0,669,337,280,65,1,1,1,1
1101,0,857,365,55,45,1,1,1,1
1102,0,46,335,180,115,1,1,1,1
1102,0,298,345,90,60,1,1,1,1
1102,0,481,337,60,45,1,1,1,1
1102,0,669,337,280,65,1,1,1,1
1102,0,857,365,55,45,1,1,1,1
1103,0,46,335,180,115,1,1,1,1
1103,0,298,345,90,60,1,1,1,1
1103,0,481,337,60,45,1,1,1,1
1103,0,668,337,280,65,1,1,1,1
1103,0,857,365,55,45,1,1,1,1
1104,0,46,335,180,115,1,1,1,1
1104,0,298,345,90,60,1,1,1,1
1104,0,481,337,60,45,1,1,1,1
1104,0,668,337,280,65,1,1,1,1
1104,0,857,365,55,45,1,1,1,1
1105,0,46,335,180,115,1,1,1,1
1105,0,298,345,90,60,1,1,1,1
1105,0,481,337,60,45,1,1,1,1
1105,0,668,337,280,65,1,1,1,1
1105,0,857,365,55,45,1,1,1,1
1106,0,46,335,180,115,1,1,1,1
1106,0,298,345,90,60,1,1,1,1
1106,0,481,337,60,45,1,1,1,1
1106,0,668,337,280,65,1,1,1,1
1106,0,857,365,55,45,1,1,1,1
1107,0,46,335,180,115,1,1,1,1
1107,0,298,345,90,60,1,1,1,1
1107,0,481,337,60,45,1,1,1,1
1107,0,668,337,280,65,1,1,1,1
1107,0,857,365,55,45,1,1,1,1
1108,0,46,335,180,115,1,1,1,1
1108,0,298,345,90,60,1,1,1,1
1108,0,481,337,60,45,1,1,1,1
1108,0,668,337,280,65,1,1,1,1
1108,0,857,365,55,45,1,1,1,1
1109,0,46,335,180,115,1,1,1,1
1109,0,298,345,90,60,1,1,1,1
1109,0,481,337,60,45,1,1,1,1
1109,0,668,337,280,65,1,1,1,1
1109,0,857,365,55,45,1,1,1,1
1110,0,46,335,180,115,1,1,1,1
1110,0,298,345,90,60,1,1,1,1
1110,0,481,337,60,45,1,1,1,1
1110,0,668,337,280,65,1,1,1,1
1110,0,857,365,55,45,1,1,1,1
1111,0,46,335,180,115,1,1,1,1
1111,0,298,345,90,60,1,1,1,1
1111,0,481,337,60,45,1,1,1,1
1111,0,668,337,280,65,1,1,1,1
1111,0,857,365,55,45,1,1,1,1
1112,0,46,336,180,115,1,1,1,1
1112,0,298,345,90,60,1,1,1,1
1112,0,481,337,60,45,1,1,1,1
1112,0,668,337,280,65,1,1,1,1
1112,0,857,366,55,45,1,1,1,1
1113,0,45,336,180,115,1,1,1,1
1113,0,297,345,90,60,1,1,1,1
1113,0,481,337,60,45,1,1,1,1
1113,0,668,337,280,65,1,1,1,1
1113,0,856,366,55,45,1,1,1,1
1114,0,45,336,180,115,1,1,1,1
1114,0,297,345,90,60,1,1,1,1
1114,0,481,337,60,45,1,1,1,1
1114,0,668,337,280,65,1,1,1,1
1114,0,856,366,55,45,1,1,1,1
1115,0,45,336,180,115,1,1,1,1
1115,0,297,345,90,60,1,1,1,1
1115,0,481,337,60,45,1,1,1,1
1115,0,668,337,280,65,1,1,1,1
1115,0,856,366,55,45,1,1,1,1
1116,0,45,336,180,115,1,1,1,1
1116,0,297,345,90,60,1,1,1,1
1116,0,481,337,60,45,1,1,1,1
1116,0,668,337,280,65,1,1,1,1
1116,0,856,366,55,45,1,1,1,1
1117,0,45,336,180,115,1,1,1,1
1117,0,297,345,90,60,1,1,1,1
1117,0,481,337,60,45,1,1,1,1
1117,0,668,337,280,65,1,1,1,1
1117,0,856,366,55,45,1,1,1,1
1118,0,45,336,180,115,1,1,1,1
1118,0,297,345,90,60,1,1,1,1
1118,0,481,337,60,45,1,1,1,1
1118,0,668,337,280,65,1,1,1,1
1118,0,856,366,55,45,1,1,1,1
1119,0,45,336,180,115,1,1,1,1
1119,0,297,345,90,60,1,1,1,1
1119,0,481,337,60,45,1,1,1,1
1119,0,668,337,280,65,1,1,1,1
1119,0,856,366,55,45,1,1,1,1
1120,0,45,336,180,115,1,1,1,1
1120,0,297,345,90,60,1,1,1,1
1120,0,481,337,60,45,1,1,1,1
1120,0,668,337,280,65,1,1,1,1
1120,0,856,366,55,45,1,1,1,1
1121,0,45,336,180,115,1,1,1,1
1121,0,297,345,90,60,1,1,1,1
1121,0,481,337,60,45,1,1,1,1
1121,0,668,337,280,65,1,1,1,1
1121,0,856,366,55,45,1,1,1,1
1122,0,45,336,180,115,1,1,1,1
1122,0,297,345,90,60,1,1,1,1
1122,0,481,337,60,45,1,1,1,1
1122,0,668,337,280,65,1,1,1,1
1122,0,856,366,55,45,1,1,1,1
1123,0,45,336,180,115,1,1,1,1
1123,0,297,345,90,60,1,1,1,1
1123,0,481,337,60,45,1,1,1,1
1123,0,668,337,280,65,1,1,1,1
1123,0,856,366,55,45,1,1,1,1
1124,0,45,336,180,115,1,1,1,1
1124,0,297,345,90,60,1,1,1,1
1124,0,481,337,60,45,1,1,1,1
1124,0,668,337,280,65,1,1,1,1
1124,0,856,366,55,45,1,1,1,1
1125,0,45,336,180,115,1,1,1,1
1125,0,297,345,90,60,1,1,1,1
1125,0,481,337,60,45,1,1,1,1
1125,0,668,337,280,65,1,1,1,1
1125,0,856,366,55,45,1,1,1,1
1126,0,45,336,180,115,1,1,1,1
1126,0,297,345,90,60,1,1,1,1
1126,0,481,337,60,45,1,1,1,1
1126,0,668,337,280,65,1,1,1,1
1126,0,856,366,55,45,1,1,1,1
1127,0,45,336,180,115,1,1,1,1
1127,0,297,345,90,60,1,1,1,1
1127,0,481,337,60,45,1,1,1,1
1127,0,668,337,280,65,1,1,1,1
1127,0,856,366,55,45,1,1,1,1
1128,0,44,336,180,115,1,1,1,1
1128,0,297,345,90,60,1,1,1,1
1128,0,481,337,60,45,1,1,1,1
1128,0,668,337,280,65,1,1,1,1
1128,0,856,366,55,45,1,1,1,1
1129,0,44,336,180,115,1,1,1,1
1129,0,297,345,90,60,1,1,1,1
1129,0,481,337,60,45,1,1,1,1
1129,0,668,337,280,65,1,1,1,1
1129,0,856,366,55,45,1,1,1,1
1130,0,44,336,180,115,1,1,1,1
1130,0,297,345,90,60,1,1,1,1
1130,0,481,337,60,45,1,1,1,1
1130,0,668,337,280,65,1,1,1,1
1130,0,856,366,55,45,1,1,1,1
1131,0,44,336,180,115,1,1,1,1
1131,0,297,345,90,60,1,1,1,1
1131,0,481,337,60,45,1,1,1,1
1131,0,668,337,280,65,1,1,1,1
1131,0,856,366,55,45,1,1,1,1
1132,0,44,336,180,115,1,1,1,1
1132,0,297,345,90,60,1,1,1,1
1132,0,481,337,60,45,1,1,1,1
1132,0,668,337,280,65,1,1,1,1
1132,0,856,366,55,45,1,1,1,1
1133,0,44,336,180,115,1,1,1,1
1133,0,297,345,90,60,1,1,1,1
1133,0,481,337,60,45,1,1,1,1
1133,0,668,337,280,65,1,1,1,1
1133,0,855,366,55,45,1,1,1,1
1134,0,44,336,180,115,1,1,1,1
1134,0,297,345,90,60,1,1,1,1
1134,0,481,337,60,45,1,1,1,1
1134,0,668,337,280,65,1,1,1,1
1134,0,855,366,55,45,1,1,1,1
1135,0,44,336,180,115,1,1,1,1
1135,0,297,345,90,60,1,1,1,1
1135,0,481,337,60,45,1,1,1,1
1135,0,668,337,280,65,1,1,1,1
1135,0,855,366,55,45,1,1,1,1
1136,0,44,336,180,115,1,1,1,1
1136,0,297,345,90,60,1,1,1,1
1136,0,481,337,60,45,1,1,1,1
1136,0,668,337,280,65,1,1,1,1
1136,0,855,366,55,45,1,1,1,1
1137,0,44,336,180,115,1,1,1,1
1137,0,297,345,90,60,1,1,1,1
1137,0,481,337,60,45,1,1,1,1
1137,0,668,337,280,65,1,1,1,1
1137,0,855,366,55,45,1,1,1,1
1138,0,44,336,180,115,1,1,1,1
1138,0,297,345,90,60,1,1,1,1
1138,0,481,337,60,45,1,1,1,1
1138,0,668,337,280,65,1,1,1,1
1138,0,855,366,55,45,1,1,1,1
1139,0,44,336,180,115,1,1,1,1
1139,0,297,345,90,60,1,1,1,1
1139,0,481,337,60,45,1,1,1,1
1139,0,668,337,280,65,1,1,1,1
1139,0,855,366,55,45,1,1,1,1
1140,0,44,336,180,115,1,1,1,1
1140,0,297,345,90,60,1,1,1,1
1140,0,481,337,60,45,1,1,1,1
1140,0,668,337,280,65,1,1,1,1
1140,0,855,366,55,45,1,1,1,1
1141,0,44,336,180,115,1,1,1,1
1141,0,297,345,90,60,1,1,1,1
1141,0,481,337,60,45,1,1,1,1
1141,0,668,337,280,65,1,1,1,1
1141,0,855,366,55,45,1,1,1,1
1142,0,44,336,180,115,1,1,1,1
1142,0,297,345,90,60,1,1,1,1
1142,0,481,337,60,45,1,1,1,1
1142,0,668,337,280,65,1,1,1,1
1142,0,855,366,55,45,1,1,1,1
1143,0,43,336,180,115,1,1,1,1
1143,0,296,345,90,60,1,1,1,1
1143,0,480,337,60,45,1,1,1,1
1143,0,668,337,280,65,1,1,1,1
1143,0,855,366,55,45,1,1,1,1
1144,0,43,336,180,115,1,1,1,1
1144,0,296,345,90,60,1,1,1,1
1144,0,480,337,60,45,1,1,1,1
1144,0,668,337,280,65,1,1,1,1
1144,0,855,366,55,45,1,1,1,1
1145,0,43,336,180,115,1,1,1,1
1145,0,296,345,90,60,1,1,1,1
1145,0,480,337,60,45,1,1,1,1
1145,0,668,337,280,65,1,1,1,1
1145,0,855,366,55,45,1,1,1,1
1146,0,43,336,180,115,1,1,1,1
1146,0,296,345,90,60,1,1,1,1
1146,0,480,337,60,45,1,1,1,1
1146,0,668,337,280,65,1,1,1,1
1146,0,855,366,55,45,1,1,1,1
1147,0,43,336,180,115,1,1,1,1
1147,0,296,345,90,60,1,1,1,1
1147,0,480,337,60,45,1,1,1,1
1147,0,668,337,280,65,1,1,1,1
1147,0,855,366,55,45,1,1,1,1
1148,0,43,336,180,115,1,1,1,1
1148,0,296,345,90,60,1,1,1,1
1148,0,480,337,60,45,1,1,1,1
1148,0,668,337,280,65,1,1,1,1
1148,0,855,366,55,45,1,1,1,1
1149,0,43,336,180,115,1,1,1,1
1149,0,296,345,90,60,1,1,1,1
1149,0,480,337,60,45,1,1,1,1
1149,0,668,337,280,65,1,1,1,1
1149,0,855,366,55,45,1,1,1,1
1150,0,43,336,180,115,1,1,1,1
1150,0,296,345,90,60,1,1,1,1
1150,0,480,337,60,45,1,1,1,1
1150,0,668,337,280,65,1,1,1,1
1150,0,855,366,55,45,1,1,1,1
1151,0,43,336,180,115,1,1,1,1
1151,0,296,345,90,60,1,1,1,1
1151,0,480,337,60,45,1,1,1,1
1151,0,668,337,280,65,1,1,1,1
1151,0,855,366,55,45,1,1,1,1
1152,0,43,336,180,115,1,1,1,1
1152,0,296,345,90,60,1,1,1,1
1152,0,480,337,60,45,1,1,1,1
1152,0,668,337,280,65,1,1,1,1
1152,0,855,366,55,45,1,1,1,1
1153,0,43,336,180,115,1,1,1,1
1153,0,296,345,90,60,1,1,1,1
1153,0,480,337,60,45,1,1,1,1
1153,0,668,337,280,65,1,1,1,1
1153,0,854,366,55,45,1,1,1,1
1154,0,43,336,180,115,1,1,1,1
1154,0,296,345,90,60,1,1,1,1
1154,0,480,337,60,45,1,1,1,1
1154,0,668,337,280,65,1,1,1,1
1154,0,854,366,55,45,1,1,1,1
1155,0,43,336,180,115,1,1,1,1
1155,0,296,345,90,60,1,1,1,1
1155,0,480,337,60,45,1,1,1,1
1155,0,668,337,280,65,1,1,1,1
1155,0,854,366,55,45,1,1,1,1
1156,0,43,336,180,115,1,1,1,1
1156,0,296,345,90,60,1,1,1,1
1156,0,480,337,60,45,1,1,1,1
1156,0,668,337,280,65,1,1,1,1
1156,0,854,366,55,45,1,1,1,1
1157,0,43,336,180,115,1,1,1,1
1157,0,296,345,90,60,1,1,1,1
1157,0,480,337,60,45,1,1,1,1
1157,0,668,337,280,65,1,1,1,1
1157,0,854,366,55,45,1,1,1,1
1158,0,42,336,180,115,1,1,1,1
1158,0,296,345,90,60,1,1,1,1
1158,0,480,337,60,45,1,1,1,1
1158,0,668,337,280,65,1,1,1,1
1158,0,854,366,55,45,1,1,1,1
1159,0,42,336,180,115,1,1,1,1
1159,0,296,345,90,60,1,1,1,1
1159,0,480,337,60,45,1,1,1,1
1159,0,668,337,280,65,1,1,1,1
1159,0,854,366,55,45,1,1,1,1
1160,0,42,336,180,115,1,1,1,1
1160,0,296,345,90,60,1,1,1,1
1160,0,480,337,60,45,1,1,1,1
1160,0,668,337,280,65,1,1,1,1
1160,0,854,366,55,45,1,1,1,1
1161,0,42,336,180,115,1,1,1,1
1161,0,296,345,90,60,1,1,1,1
1161,0,480,337,60,45,1,1,1,1
1161,0,668,337,280,65,1,1,1,1
1161,0,854,366,55,45,1,1,1,1
1162,0,42,336,180,115,1,1,1,1
1162,0,296,345,90,60,1,1,1,1
1162,0,480,337,60,45,1,1,1,1
1162,0,668,337,280,65,1,1,1,1
1162,0,854,366,55,45,1,1,1,1
1163,0,42,336,180,115,1,1,1,1
1163,0,296,345,90,60,1,1,1,1
1163,0,480,337,60,45,1,1,1,1
1163,0,668,337,280,65,1,1,1,1
1163,0,854,366,55,45,1,1,1,1
1164,0,42,336,180,115,1,1,1,1
1164,0,296,345,90,60,1,1,1,1
1164,0,480,337,60,45,1,1,1,1
1164,0,668,337,280,65,1,1,1,1
1164,0,854,366,55,45,1,1,1,1
1165,0,42,336,180,115,1,1,1,1
1165,0,296,345,90,60,1,1,1,1
1165,0,480,337,60,45,1,1,1,1
1165,0,668,337,280,65,1,1,1,1
1165,0,854,366,55,45,1,1,1,1
1166,0,42,336,180,115,1,1,1,1
1166,0,296,345,90,60,1,1,1,1
1166,0,480,337,60,45,1,1,1,1
1166,0,668,337,280,65,1,1,1,1
1166,0,854,366,55,45,1,1,1,1
1167,0,42,336,180,115,1,1,1,1
1167,0,296,345,90,60,1,1,1,1
1167,0,480,337,60,45,1,1,1,1
1167,0,668,337,280,65,1,1,1,1
1167,0,854,366,55,45,1,1,1,1
1168,0,42,336,180,115,1,1,1,1
1168,0,296,345,90,60,1,1,1,1
1168,0,480,337,60,45,1,1,1,1
1168,0,668,337,280,65,1,1,1,1
1168,0,854,366,55,45,1,1,1,1
1169,0,42,336,180,115,1,1,1,1
1169,0,296,345,90,60,1,1,1,1
1169,0,480,337,60,45,1,1,1,1
1169,0,668,337,280,65,1,1,1,1
1169,0,854,366,55,45,1,1,1,1
1170,0,42,336,180,115,1,1,1,1
1170,0,296,345,90,60,1,1,1,1
1170,0,480,337,60,45,1,1,1,1
1170,0,668,337,280,65,1,1,1,1
1170,0,854,366,55,45,1,1,1,1
1171,0,42,336,180,115,1,1,1,1
1171,0,296,345,90,60,1,1,1,1
1171,0,480,337,60,45,1,1,1,1
1171,0,668,337,280,65,1,1,1,1
1171,0,854,366,55,45,1,1,1,1
1172,0,42,337,180,115,1,1,1,1
1172,0,296,345,90,60,1,1,1,1
1172,0,480,337,60,45,1,1,1,1
1172,0,668,337,280,65,1,1,1,1
1172,0,854,367,55,45,1,1,1,1
1173,0,41,337,180,115,1,1,1,1
1173,0,295,345,90,60,1,1,1,1
1173,0,480,337,60,45,1,1,1,1
1173,0,668,337,280,65,1,1,1,1
1173,0,853,367,55,45,1,1,1,1
1174,0,41,337,180,115,1,1,1,1
1174,0,295,345,90,60,1,1,1,1
1174,0,480,337,60,45,1,1,1,1
1174,0,668,337,280,65,1,1,1,1
1174,0,853,367,55,45,1,1,1,1
1175,0,41,337,180,115,1,1,1,1
1175,0,295,345,90,60,1,1,1,1
1175,0,480,337,60,45,1,1,1,1
1175,0,668,337,280,65,1,1,1,1
1175,0,853,367,55,45,1,1,1,1
1176,0,41,337,180,115,1,1,1,1
1176,0,295,345,90,60,1,1,1,1
1176,0,480,337,60,45,1,1,1,1
1176,0,668,337,280,65,1,1,1,1
1176,0,853,367,55,45,1,1,1,1
1177,0,41,337,180,115,1,1,1,1
1177,0,295,345,90,60,1,1,1,1
1177,0,480,337,60,45,1,1,1,1
1177,0,668,337,280,65,1,1,1,1
1177,0,853,367,55,45,1,1,1,1
1178,0,41,337,180,115,1,1,1,1
1178,0,295,345,90,60,1,1,1,1
1178,0,480,337,60,45,1,1,1,1
1178,0,668,337,280,65,1,1,1,1
1178,0,853,367,55,45,1,1,1,1
1179,0,41,337,180,115,1,1,1,1
1179,0,295,345,90,60,1,1,1,1
1179,0,480,337,60,45,1,1,1,1
1179,0,668,337,280,65,1,1,1,1
1179,0,853,367,55,45,1,1,1,1
1180,0,41,337,180,115,1,1,1,1
1180,0,295,345,90,60,1,1,1,1
1180,0,480,337,60,45,1,1,1,1
1180,0,668,337,280,65,1,1,1,1
1180,0,853,367,55,45,1,1,1,1
1181,0,41,337,180,115,1,1,1,1
1181,0,295,345,90,60,1,1,1,1
1181,0,480,337,60,45,1,1,1,1
1181,0,668,337,280,65,1,1,1,1
1181,0,853,367,55,45,1,1,1,1
1182,0,41,337,180,115,1,1,1,1
1182,0,295,345,90,60,1,1,1,1
1182,0,480,337,60,45,1,1,1,1
1182,0,668,337,280,65,1,1,1,1
1182,0,853,367,55,45,1,1,1,1
1183,0,41,337,180,115,1,1,1,1
1183,0,295,345,90,60,1,1,1,1
1183,0,480,337,60,45,1,1,1,1
1183,0,668,337,280,65,1,1,1,1
1183,0,853,367,55,45,1,1,1,1
1184,0,41,337,180,115,1,1,1,1
1184,0,295,345,90,60,1,1,1,1
1184,0,480,337,60,45,1,1,1,1
1184,0,668,337,280,65,1,1,1,1
1184,0,853,367,55,45,1,1,1,1
1185,0,41,337,180,115,1,1,1,1
1185,0,295,345,90,60,1,1,1,1
1185,0,480,337,60,45,1,1,1,1
1185,0,668,337,280,65,1,1,1,1
1185,0,853,367,55,45,1,1,1,1
1186,0,41,337,180,115,1,1,1,1
1186,0,295,345,90,60,1,1,1,1
1186,0,480,337,60,45,1,1,1,1
1186,0,668,337,280,65,1,1,1,1
1186,0,853,367,55,45,1,1,1,1
1187,0,41,337,180,115,1,1,1,1
1187,0,295,345,90,60,1,1,1,1
1187,0,480,337,60,45,1,1,1,1
1187,0,668,337,280,65,1,1,1,1
1187,0,853,367,55,45,1,1,1,1
1188,0,40,337,180,115,1,1,1,1
1188,0,295,345,90,60,1,1,1,1
1188,0,480,337,60,45,1,1,1,1
1188,0,668,337,280,65,1,1,1,1
1188,0,853,367,55,45,1,1,1,1
1189,0,40,337,180,115,1,1,1,1
1189,0,295,345,90,60,1,1,1,1
1189,0,480,337,60,45,1,1,1,1
1189,0,668,337,280,65,1,1,1,1
1189,0,853,367,55,45,1,1,1,1
1190,0,40,337,180,115,1,1,1,1
1190,0,295,345,90,60,1,1,1,1
1190,0,480,337,60,45,1,1,1,1
1190,0,668,337,280,65,1,1,1,1
1190,0,853,367,55,45,1,1,1,1
1191,0,40,337,180,115,1,1,1,1
1191,0,295,345,90,60,1,1,1,1
1191,0,480,337,60,45,1,1,1,1
1191,0,668,337,280,65,1,1,1,1
1191,0,853,367,55,45,1,1,1,1
1192,0,40,337,180,115,1,1,1,1
1192,0,295,345,90,60,1,1,1,1
1192,0,480,337,60,45,1,1,1,1
1192,0,668,337,280,65,1,1,1,1
1192,0,853,367,55,45,1,1,1,1
1193,0,40,337,180,115,1,1,1,1
1193,0,295,345,90,60,1,1,1,1
1193,0,480,337,60,45,1,1,1,1
1193,0,668,337,280,65,1,1,1,1
1193,0,852,367,55,45,1,1,1,1
1194,0,40,337,180,115,1,1,1,1
1194,0,295,345,90,60,1,1,1,1
1194,0,480,337,60,45,1,1,1,1
1194,0,668,337,280,65,1,1,1,1
1194,0,852,367,55,45,1,1,1,1
1195,0,40,337,180,115,1,1,1,1
1195,0,295,345,90,60,1,1,1,1
1195,0,480,337,60,45,1,1,1,1
1195,0,668,337,280,65,1,1,1,1
1195,0,852,367,55,45,1,1,1,1
1196,0,40,337,180,115,1,1,1,1
1196,0,295,345,90,60,1,1,1,1
1196,0,480,337,60,45,1,1,1,1
1196,0,668,337,280,65,1,1,1,1
1196,0,852,367,55,45,1,1,1,1
1197,0,40,337,180,115,1,1,1,1
1197,0,295,345,90,60,1,1,1,1
1197,0,480,337,60,45,1,1,1,1
1197,0,668,337,280,65,1,1,1,1
1197,0,852,367,55,45,1,1,1,1
1198,0,40,337,180,115,1,1,1,1
1198,0,295,345,90,60,1,1,1,1
1198,0,480,337,60,45,1,1,1,1
1198,0,668,337,280,65,1,1,1,1
1198,0,852,367,55,45,1,1,1,1
1199,0,40,337,180,115,1,1,1,1
1199,0,295,345,90,60,1,1,1,1
1199,0,480,337,60,45,1,1,1,1
1199,0,668,337,280,65,1,1,1,1
1199,0,852,367,55,45,1,1,1,1
1200,0,40,337,180,115,1,1,1,1
1200,0,295,345,90,60,1,1,1,1
1200,0,480,337,60,45,1,1,1,1
1200,0,668,337,280,65,1,1,1,1
1200,0,852,367,55,45,1,1,1,1
1201,0,40,337,180,115,1,1,1,1
1201,0,295,345,90,60,1,1,1,1
1201,0,480,337,60,45,1,1,1,1
1201,0,668,337,280,65,1,1,1,1
1201,0,852,367,55,45,1,1,1,1
1202,0,40,337,180,115,1,1,1,1
1202,0,295,345,90,60,1,1,1,1
1202,0,480,337,60,45,1,1,1,1
1202,0,668,337,280,65,1,1,1,1
1202,0,852,367,55,45,1,1,1,1
1203,0,39,337,180,115,1,1,1,1
1203,0,294,345,90,60,1,1,1,1
1203,0,479,337,60,45,1,1,1,1
1203,0,667,337,280,65,1,1,1,1
1203,0,852,367,55,45,1,1,1,1
1204,0,39,337,180,115,1,1,1,1
1204,0,294,345,90,60,1,1,1,1
1204,0,479,337,60,45,1,1,1,1
1204,0,667,337,280,65,1,1,1,1
1204,0,852,367,55,45,1,1,1,1
1205,0,39,337,180,115,1,1,1,1
1205,0,294,345,90,60,1,1,1,1
1205,0,479,337,60,45,1,1,1,1
1205,0,667,337,280,65,1,1,1,1
1205,0,852,367,55,45,1,1,1,1
1206,0,39,337,180,115,1,1,1,1
1206,0,294,345,90,60,1,1,1,1
1206,0,479,337,60,45,1,1,1,1
1206,0,667,337,280,65,1,1,1,1
1206,0,852,367,55,45,1,1,1,1
1207,0,39,337,180,115,1,1,1,1
1207,0,294,345,90,60,1,1,1,1
1207,0,479,337,60,45,1,1,1,1
1207,0,667,337,280,65,1,1,1,1
1207,0,852,367,55,45,1,1,1,1
1208,0,39,337,180,115,1,1,1,1
1208,0,294,345,90,60,1,1,1,1
1208,0,479,337,60,45,1,1,1,1
1208,0,667,337,280,65,1,1,1,1
1208,0,852,367,55,45,1,1,1,1
1209,0,39,337,180,115,1,1,1,1
1209,0,294,345,90,60,1,1,1,1
1209,0,479,337,60,45,1,1,1,1
1209,0,667,337,280,65,1,1,1,1
1209,0,852,367,55,45,1,1,1,1
1210,0,39,337,180,115,1,1,1,1
1210,0,294,345,90,60,1,1,1,1
1210,0,479,337,60,45,1,1,1,1
1210,0,667,337,280,65,1,1,1,1
1210,0,852,367,55,45,1,1,1,1
1211,0,39,337,180,115,1,1,1,1
1211,0,294,345,90,60,1,1,1,1
1211,0,479,337,60,45,1,1,1,1
1211,0,667,337,280,65,1,1,1,1
1211,0,852,367,55,45,1,1,1,1
1212,0,39,337,180,115,1,1,1,1
1212,0,294,345,90,60,1,1,1,1
1212,0,479,337,60,45,1,1,1,1
1212,0,667,337,280,65,1,1,1,1
1212,0,852,367,55,45,1,1,1,1
1213,0,39,337,180,115,1,1,1,1
1213,0,294,345,90,60,1,1,1,1
1213,0,479,337,60,45,1,1,1,1
1213,0,667,337,280,65,1,1,1,1
1213,0,851,367,55,45,1,1,1,1
1214,0,39,337,180,115,1,1,1,1
1214,0,294,345,90,60,1,1,1,1
1214,0,479,337,60,45,1,1,1,1
1214,0,667,337,280,65,1,1,1,1
1214,0,851,367,55,45,1,1,1,1
1215,0,39,337,180,115,1,1,1,1
1215,0,294,345,90,60,1,1,1,1
1215,0,479,337,60,45,1,1,1,1
1215,0,667,337,280,65,1,1,1,1
1215,0,851,367,55,45,1,1,1,1
1216,0,39,337,180,115,1,1,1,1
1216,0,294,345,90,60,1,1,1,1
1216,0,479,337,60,45,1,1,1,1
1216,0,667,337,280,65,1,1,1,1
1216,0,851,367,55,45,1,1,1,1
1217,0,39,337,180,115,1,1,1,1
1217,0,294,345,90,60,1,1,1,1
1217,0,479,337,60,45,1,1,1,1
1217,0,667,337,280,65,1,1,1,1
1217,0,851,367,55,45,1,1,1,1
1218,0,38,337,180,115,1,1,1,1
1218,0,294,345,90,60,1,1,1,1
1218,0,479,337,60,45,1,1,1,1
1218,0,667,337,280,65,1,1,1,1
1218,0,851,367,55,45,1,1,1,1
1219,0,38,337,180,115,1,1,1,1
1219,0,294,345,90,60,1,1,1,1
1219,0,479,337,60,45,1,1,1,1
1219,0,667,337,280,65,1,1,1,1
1219,0,851,367,55,45,1,1,1,1
1220,0,38,337,180,115,1,1,1,1
1220,0,294,345,90,60,1,1,1,1
1220,0,479,337,60,45,1,1,1,1
1220,0,667,337,280,65,1,1,1,1
1220,0,851,367,55,45,1,1,1,1
1221,0,38,337,180,115,1,1,1,1
1221,0,294,345,90,60,1,1,1,1
1221,0,479,337,60,45,1,1,1,1
1221,0,667,337,280,65,1,1,1,1
1221,0,851,367,55,45,1,1,1,1
1222,0,38,337,180,115,1,1,1,1
1222,0,294,345,90,60,1,1,1,1
1222,0,479,337,60,45,1,1,1,1
1222,0,667,337,280,65,1,1,1,1
1222,0,851,367,55,45,1,1,1,1
1223,0,38,337,180,115,1,1,1,1
1223,0,294,345,90,60,1,1,1,1
1223,0,479,337,60,45,1,1,1,1
1223,0,667,337,280,65,1,1,1,1
1223,0,851,367,55,45,1,1,1,1
1224,0,38,337,180,115,1,1,1,1
1224,0,294,345,90,60,1,1,1,1
1224,0,479,337,60,45,1,1,1,1
1224,0,667,337,280,65,1,1,1,1
1224,0,851,367,55,45,1,1,1,1
1225,0,38,337,180,115,1,1,1,1
1225,0,294,345,90,60,1,1,1,1
1225,0,479,337,60,45,1,1,1,1
1225,0,667,337,280,65,1,1,1,1
1225,0,851,367,55,45,1,1,1,1
1226,0,38,337,180,115,1,1,1,1
1226,0,294,345,90,60,1,1,1,1
1226,0,479,337,60,45,1,1,1,1
1226,0,667,337,280,65,1,1,1,1
1226,0,851,367,55,45,1,1,1,1
1227,0,38,337,180,115,1,1,1,1
1227,0,294,345,90,60,1,1,1,1
1227,0,479,337,60,45,1,1,1,1
1227,0,667,337,280,65,1,1,1,1
1227,0,851,367,55,45,1,1,1,1
1228,0,38,337,180,115,1,1,1,1
1228,0,294,345,90,60,1,1,1,1
1228,0,479,337,60,45,1,1,1,1
1228,0,667,337,280,65,1,1,1,1
1228,0,851,367,55,45,1,1,1,1
1229,0,38,337,180,115,1,1,1,1
1229,0,294,345,90,60,1,1,1,1
1229,0,479,337,60,45,1,1,1,1
1229,0,667,337,280,65,1,1,1,1
1229,0,851,367,55,45,1,1,1,1
1230,0,38,337,180,115,1,1,1,1
1230,0,294,345,90,60,1,1,1,1
1230,0,479,337,60,45,1,1,1,1
1230,0,667,337,280,65,1,1,1,1
1230,0,851,367,55,45,1,1,1,1
1231,0,38,337,180,115,1,1,1,1
1231,0,294,345,90,60,1,1,1,1
1231,0,479,337,60,45,1,1,1,1
1231,0,667,337,280,65,1,1,1,1
1231,0,851,367,55,45,1,1,1,1
1232,0,38,338,180,115,1,1,1,1
1232,0,294,345,90,60,1,1,1,1
1232,0,479,337,60,45,1,1,1,1
1232,0,667,337,280,65,1,1,1,1
1232,0,851,368,55,45,1,1,1,1
1233,0,37,338,180,115,1,1,1,1
1233,0,293,345,90,60,1,1,1,1
1233,0,479,337,60,45,1,1,1,1
1233,0,667,337,280,65,1,1,1,1
1233,0,850,368,55,45,1,1,1,1
1234,0,37,338,180,115,1,1,1,1
1234,0,293,345,90,60,1,1,1,1
1234,0,479,337,60,45,1,1,1,1
1234,0,667,337,280,65,1,1,1,1
1234,0,850,368,55,45,1,1,1,1
1235,0,37,338,180,115,1,1,1,1
1235,0,293,345,90,60,1,1,1,1
1235,0,479,337,60,45,1,1,1,1
1235,0,667,337,280,65,1,1,1,1
1235,0,850,368,55,45,1,1,1,1
1236,0,37,338,180,115,1,1,1,1
1236,0,293,345,90,60,1,1,1,1
1236,0,479,337,60,45,1,1,1,1
1236,0,667,337,280,65,1,1,1,1
1236,0,850,368,55,45,1,1,1,1
1237,0,37,338,180,115,1,1,1,1
1237,0,293,345,90,60,1,1,1,1
1237,0,479,337,60,45,1,1,1,1
1237,0,667,337,280,65,1,1,1,1
1237,0,850,368,55,45,1,1,1,1
1238,0,37,338,180,115,1,1,1,1
1238,0,293,345,90,60,1,1,1,1
1238,0,479,337,60,45,1,1,1,1
1238,0,667,337,280,65,1,1,1,1
1238,0,850,368,55,45,1,1,1,1
1239,0,37,338,180,115,1,1,1,1
1239,0,293,345,90,60,1,1,1,1
1239,0,479,337,60,45,1,1,1,1
1239,0,667,337,280,65,1,1,1,1
1239,0,850,368,55,45,1,1,1,1
1240,0,37,338,180,115,1,1,1,1
1240,0,293,345,90,60,1,1,1,1
1240,0,479,337,60,45,1,1,1,1
1240,0,667,337,280,65,1,1,1,1
1240,0,850,368,55,45,1,1,1,1
1241,0,37,338,180,115,1,1,1,1
1241,0,293,345,90,60,1,1,1,1
1241,0,479,337,60,45,1,1,1,1
1241,0,667,337,280,65,1,1,1,1
1241,0,850,368,55,45,1,1,1,1
1242,0,37,338,180,115,1,1,1,1
1242,0,293,345,90,60,1,1,1,1
1242,0,479,337,60,45,1,1,1,1
1242,0,667,337,280,65,1,1,1,1
1242,0,850,368,55,45,1,1,1,1
1243,0,37,338,180,115,1,1,1,1
1243,0,293,345,90,60,1,1,1,1
1243,0,479,337,60,45,1,1,1,1
1243,0,667,337,280,65,1,1,1,1
1243,0,850,368,55,45,1,1,1,1
1244,0,37,338,180,115,1,1,1,1
1244,0,293,345,90,60,1,1,1,1
1244,0,479,337,60,45,1,1,1,1
1244,0,667,337,280,65,1,1,1,1
1244,0,850,368,55,45,1,1,1,1
1245,0,37,338,180,115,1,1,1,1
1245,0,293,345,90,60,1,1,1,1
1245,0,479,337,60,45,1,1,1,1
1245,0,667,337,280,65,1,1,1,1
1245,0,850,368,55,45,1,1,1,1
1246,0,37,338,180,115,1,1,1,1
1246,0,293,345,90,60,1,1,1,1
1246,0,479,337,60,45,1,1,1,1
1246,0,667,337,280,65,1,1,1,1
1246,0,850,368,55,45,1,1,1,1
1247,0,37,338,180,115,1,1,1,1
1247,0,293,345,90,60,1,1,1,1
1247,0,479,337,60,45,1,1,1,1
1247,0,667,337,280,65,1,1,1,1
1247,0,850,368,55,45,1,1,1,1
1248,0,36,338,180,115,1,1,1,1
1248,0,293,345,90,60,1,1,1,1
1248,0,479,337,60,45,1,1,1,1
1248,0,667,337,280,65,1,1,1,1
1248,0,850,368,55,45,1,1,1,1
1249,0,36,338,180,115,1,1,1,1
1249,0,293,345,90,60,1,1,1,1
1249,0,479,337,60,45,1,1,1,1
1249,0,667,337,280,65,1,1,1,1
1249,0,850,368,55,45,1,1,1,1
1250,0,36,338,180,115,1,1,1,1
1250,0,293,345,90,60,1,1,1,1
1250,0,479,337,60,45,1,1,1,1
1250,0,667,337,280,65,1,1,1,1
1250,0,850,368,55,45,1,1,1,1
1251,0,36,338,180,115,1,1,1,1
1251,0,293,345,90,60,1,1,1,1
1251,0,479,337,60,45,1,1,1,1
1251,0,667,337,280,65,1,1,1,1
1251,0,850,368,55,45,1,1,1,1
1252,0,36,338,180,115,1,1,1,1
1252,0,293,345,90,60,1,1,1,1
1252,0,479,337,60,45,1,1,1,1
1252,0,667,337,280,65,1,1,1,1
1252,0,850,368,55,45,1,1,1,1
1253,0,36,338,180,115,1,1,1,1
1253,0,293,345,90,60,1,1,1,1
1253,0,479,337,60,45,1,1,1,1
1253,0,667,337,280,65,1,1,1,1
1253,0,849,368,55,45,1,1,1,1
1254,0,36,338,180,115,1,1,1,1
1254,0,293,345,90,60,1,1,1,1
1254,0,479,337,60,45,1,1,1,1
1254,0,667,337,280,65,1,1,1,1
1254,0,849,368,55,45,1,1,1,1
1255,0,36,338,180,115,1,1,1,1
1255,0,293,345,90,60,1,1,1,1
1255,0,479,337,60,45,1,1,1,1
1255,0,667,337,280,65,1,1,1,1
1255,0,849,368,55,45,1,1,1,1
1256,0,36,338,180,115,1,1,1,1
1256,0,293,345,90,60,1,1,1,1
1256,0,479,337,60,45,1,1,1,1
1256,0,667,337,280,65,1,1,1,1
1256,0,849,368,55,45,1,1,1,1
1257,0,36,338,180,115,1,1,1,1
1257,0,293,345,90,60,1,1,1,1
1257,0,479,337,60,45,1,1,1,1
1257,0,667,337,280,65,1,1,1,1
1257,0,849,368,55,45,1,1,1,1
1258,0,36,338,180,115,1,1,1,1
1258,0,293,345,90,60,1,1,1,1
1258,0,479,337,60,45,1,1,1,1
1258,0,667,337,280,65,1,1,1,1
1258,0,849,368,55,45,1,1,1,1
1259,0,36,338,180,115,1,1,1,1
1259,0,293,345,90,60,1,1,1,1
1259,0,479,337,60,45,1,1,1,1
1259,0,667,337,280,65,1,1,1,1
1259,0,849,368,55,45,1,1,1,1
1260,0,36,338,180,115,1,1,1,1
1260,0,293,345,90,60,1,1,1,1
1260,0,479,337,60,45,1,1,1,1
1260,0,667,337,280,65,1,1,1,1
1260,0,849,368,55,45,1,1,1,1
1261,0,36,338,180,115,1,1,1,1
1261,0,293,345,90,60,1,1,1,1
1261,0,479,337,60,45,1,1,1,1
1261,0,667,337,280,65,1,1,1,1
1261,0,849,368,55,45,1,1,1,1
1262,0,36,338,180,115,1,1,1,1
1262,0,293,345,90,60,1,1,1,1
1262,0,479,337,60,45,1,1,1,1
1262,0,667,337,280,65,1,1,1,1
1262,0,849,368,55,45,1,1,1,1
1263,0,35,338,180,115,1,1,1,1
1263,0,292,345,90,60,1,1,1,1
1263,0,478,337,60,45,1,1,1,1
1263,0,667,337,280,65,1,1,1,1
1263,0,849,368,55,45,1,1,1,1
1264,0,35,338,180,115,1,1,1,1
1264,0,292,345,90,60,1,1,1,1
1264,0,478,337,60,45,1,1,1,1
1264,0,667,337,280,65,1,1,1,1
1264,0,849,368,55,45,1,1,1,1
1265,0,35,338,180,115,1,1,1,1
1265,0,292,345,90,60,1,1,1,1
1265,0,478,337,60,45,1,1,1,1
1265,0,667,337,280,65,1,1,1,1
1265,0,849,368,55,45,1,1,1,1
1266,0,35,338,180,115,1,1,1,1
1266,0,292,345,90,60,1,1,1,1
1266,0,478,337,60,45,1,1,1,1
1266,0,667,337,280,65,1,1,1,1
1266,0,849,368,55,45,1,1,1,1
1267,0,35,338,180,115,1,1,1,1
1267,0,292,345,90,60,1,1,1,1
1267,0,478,337,60,45,1,1,1,1
1267,0,667,337,280,65,1,1,1,1
1267,0,849,368,55,45,1,1,1,1
1268,0,35,338,180,115,1,1,1,1
1268,0,292,345,90,60,1,1,1,1
1268,0,478,337,60,45,1,1,1,1
1268,0,667,337,280,65,1,1,1,1
1268,0,849,368,55,45,1,1,1,1
1269,0,35,338,180,115,1,1,1,1
1269,0,292,345,90,60,1,1,1,1
1269,0,478,337,60,45,1,1,1,1
1269,0,667,337,280,65,1,1,1,1
1269,0,849,368,55,45,1,1,1,1
1270,0,35,338,180,115,1,1,1,1
1270,0,292,345,90,60,1,1,1,1
1270,0,478,337,60,45,1,1,1,1
1270,0,667,337,280,65,1,1,1,1
1270,0,849,368,55,45,1,1,1,1
1271,0,35,338,180,115,1,1,1,1
1271,0,292,345,90,60,1,1,1,1
1271,0,478,337,60,45,1,1,1,1
1271,0,667,337,280,65,1,1,1,1
1271,0,849,368,55,45,1,1,1,1
1272,0,35,338,180,115,1,1,1,1
1272,0,292,345,90,60,1,1,1,1
1272,0,478,337,60,45,1,1,1,1
1272,0,667,337,280,65,1,1,1,1
1272,0,849,368,55,45,1,1,1,1
1273,0,35,338,180,115,1,1,1,1
1273,0,292,345,90,60,1,1,1,1
1273,0,478,337,60,45,1,1,1,1
1273,0,667,337,280,65,1,1,1,1
1273,0,848,368,55,45,1,1,1,1
1274,0,35,338,180,115,1,1,1,1
1274,0,292,345,90,60,1,1,1,1
1274,0,478,337,60,45,1,1,1,1
1274,0,667,337,280,65,1,1,1,1
1274,0,848,368,55,45,1,1,1,1
1275,0,35,338,180,115,1,1,1,1
1275,0,292,345,90,60,1,1,1,1
1275,0,478,337,60,45,1,1,1,1
1275,0,667,337,280,65,1,1,1,1
1275,0,848,368,55,45,1,1,1,1
1276,0,35,338,180,115,1,1,1,1
1276,0,292,345,90,60,1,1,1,1
1276,0,478,337,60,45,1,1,1,1
1276,0,667,337,280,65,1,1,1,1
1276,0,848,368,55,45,1,1,1,1
1277,0,35,338,180,115,1,1,1,1
1277,0,292,345,90,60,1,1,1,1
1277,0,478,337,60,45,1,1,1,1
1277,0,667,337,280,65,1,1,1,1
1277,0,848,368,55,45,1,1,1,1
1278,0,34,338,180,115,1,1,1,1
1278,0,292,345,90,60,1,1,1,1
1278,0,478,337,60,45,1,1,1,1
1278,0,667,337,280,65,1,1,1,1
1278,0,848,368,55,45,1,1,1,1
1279,0,34,338,180,115,1,1,1,1
1279,0,292,345,90,60,1,1,1,1
1279,0,478,337,60,45,1,1,1,1
1279,0,667,337,280,65,1,1,1,1
1279,0,848,368,55,45,1,1,1,1
1280,0,34,338,180,115,1,1,1,1
1280,0,292,345,90,60,1,1,1,1
1280,0,478,337,60,45,1,1,1,1
1280,0,667,337,280,65,1,1,1,1
1280,0,848,368,55,45,1,1,1,1
1281,0,34,338,180,115,1,1,1,1
1281,0,292,345,90,60,1,1,1,1
1281,0,478,337,60,45,1,1,1,1
1281,0,667,337,280,65,1,1,1,1
1281,0,848,368,55,45,1,1,1,1
1282,0,34,338,180,115,1,1,1,1
1282,0,292,345,90,60,1,1,1,1
1282,0,478,337,60,45,1,1,1,1
1282,0,667,337,280,65,1,1,1,1
1282,0,848,368,55,45,1,1,1,1
1283,0,34,338,180,115,1,1,1,1
1283,0,292,345,90,60,1,1,1,1
1283,0,478,337,60,45,1,1,1,1
1283,0,667,337,280,65,1,1,1,1
1283,0,848,368,55,45,1,1,1,1
1284,0,34,338,180,115,1,1,1,1
1284,0,292,345,90,60,1,1,1,1
1284,0,478,337,60,45,1,1,1,1
1284,0,667,337,280,65,1,1,1,1
1284,0,848,368,55,45,1,1,1,1
1285,0,34,338,180,115,1,1,1,1
1285,0,292,345,90,60,1,1,1,1
1285,0,478,337,60,45,1,1,1,1
1285,0,667,337,280,65,1,1,1,1
1285,0,848,368,55,45,1,1,1,1
1286,0,34,338,180,115,1,1,1,1
1286,0,292,345,90,60,1,1,1,1
1286,0,478,337,60,45,1,1,1,1
1286,0,667,337,280,65,1,1,1,1
1286,0,848,368,55,45,1,1,1,1
1287,0,34,338,180,115,1,1,1,1
1287,0,292,345,90,60,1,1,1,1
1287,0,478,337,60,45,1,1,1,1
1287,0,667,337,280,65,1,1,1,1
1287,0,848,368,55,45,1,1,1,1
1288,0,34,338,180,115,1,1,1,1
1288,0,292,345,90,60,1,1,1,1
1288,0,478,337,60,45,1,1,1,1
1288,0,667,337,280,65,1,1,1,1
1288,0,848,368,55,45,1,1,1,1
1289,0,34,338,180,115,1,1,1,1
1289,0,292,345,90,60,1,1,1,1
1289,0,478,337,60,45,1,1,1,1
1289,0,667,337,280,65,1,1,1,1
1289,0,848,368,55,45,1,1,1,1
1290,0,34,338,180,115,1,1,1,1
1290,0,292,345,90,60,1,1,1,1
1290,0,478,337,60,45,1,1,1,1
1290,0,667,337,280,65,1,1,1,1
1290,0,848,368,55,45,1,1,1,1
1291,0,34,338,180,115,1,1,1,1
1291,0,292,345,90,60,1,1,1,1
1291,0,478,337,60,45,1,1,1,1
1291,0,667,337,280,65,1,1,1,1
1291,0,848,368,55,45,1,1,1,1
1292,0,34,339,180,115,1,1,1,1
1292,0,292,345,90,60,1,1,1,1
1292,0,478,337,60,45,1,1,1,1
1292,0,667,337,280,65,1,1,1,1
1292,0,848,369,55,45,1,1,1,1
1293,0,33,339,180,115,1,1,1,1
1293,0,291,345,90,60,1,1,1,1
1293,0,478,337,60,45,1,1,1,1
1293,0,667,337,280,65,1,1,1,1
1293,0,847,369,55,45,1,1,1,1
1294,0,33,339,180,115,1,1,1,1
1294,0,291,345,90,60,1,1,1,1
1294,0,478,337,60,45,1,1,1,1
1294,0,667,337,280,65,1,1,1,1
1294,0,847,369,55,45,1,1,1,1
1295,0,33,339,180,115,1,1,1,1
1295,0,291,345,90,60,1,1,1,1
1295,0,478,337,60,45,1,1,1,1
1295,0,667,337,280,65,1,1,1,1
1295,0,847,369,55,45,1,1,1,1
1296,0,33,339,180,115,1,1,1,1
1296,0,291,345,90,60,1,1,1,1
1296,0,478,337,60,45,1,1,1,1
1296,0,667,337,280,65,1,1,1,1
1296,0,847,369,55,45,1,1,1,1
1297,0,33,339,180,115,1,1,1,1
1297,0,291,345,90,60,1,1,1,1
1297,0,478,337,60,45,1,1,1,1
1297,0,667,337,280,65,1,1,1,1
1297,0,847,369,55,45,1,1,1,1
1298,0,33,339,180,115,1,1,1,1
1298,0,291,345,90,60,1,1,1,1
1298,0,478,337,60,45,1,1,1,1
1298,0,667,337,280,65,1,1,1,1
1298,0,847,369,55,45,1,1,1,1
1299,0,33,339,180,115,1,1,1,1
1299,0,291,345,90,60,1,1,1,1
1299,0,478,337,60,45,1,1,1,1
1299,0,667,337,280,65,1,1,1,1
1299,0,847,369,55,45,1,1,1,1
1300,0,33,339,180,115,1,1,1,1
1300,0,291,345,90,60,1,1,1,1
1300,0,478,337,60,45,1,1,1,1
1300,0,667,337,280,65,1,1,1,1
1300,0,847,369,55,45,1,1,1,1
1301,0,33,339,180,115,1,1,1,1
1301,0,291,345,90,60,1,1,1,1
1301,0,478,337,60,45,1,1,1,1
1301,0,667,337,280,65,1,1,1,1
1301,0,847,369,55,45,1,1,1,1
1302,0,33,339,180,115,1,1,1,1
1302,0,291,345,90,60,1,1,1,1
1302,0,478,337,60,45,1,1,1,1
1302,0,667,337,280,65,1,1,1,1
1302,0,847,369,55,45,1,1,1,1
1303,0,33,339,180,115,1,1,1,1
1303,0,291,345,90,60,1,1,1,1
1303,0,478,337,60,45,1,1,1,1
1303,0,666,337,280,65,1,1,1,1
1303,0,847,369,55,45,1,1,1,1
1304,0,33,339,180,115,1,1,1,1
1304,0,291,345,90,60,1,1,1,1
1304,0,478,337,60,45,1,1,1,1
1304,0,666,337,280,65,1,1,1,1
1304,0,847,369,55,45,1,1,1,1
1305,0,33,339,180,115,1,1,1,1
1305,0,291,345,90,60,1,1,1,1
1305,0,478,337,60,45,1,1,1,1
1305,0,666,337,280,65,1,1,1,1
1305,0,847,369,55,45,1,1,1,1
1306,0,33,339,180,115,1,1,1,1
1306,0,291,345,90,60,1,1,1,1
1306,0,478,337,60,45,1,1,1,1
1306,0,666,337,280,65,1,1,1,1
1306,0,847,369,55,45,1,1,1,1
1307,0,33,339,180,115,1,1,1,1
1307,0,291,345,90,60,1,1,1,1
1307,0,478,337,60,45,1,1,1,1
1307,0,666,337,280,65,1,1,1,1
1307,0,847,369,55,45,1,1,1,1
1308,0,32,339,180,115,1,1,1,1
1308,0,291,345,90,60,1,1,1,1
1308,0,478,337,60,45,1,1,1,1
1308,0,666,337,280,65,1,1,1,1
1308,0,847,369,55,45,1,1,1,1
1309,0,32,339,180,115,1,1,1,1
1309,0,291,345,90,60,1,1,1,1
1309,0,478,337,60,45,1,1,1,1
1309,0,666,337,280,65,1,1,1,1
1309,0,847,369,55,45,1,1,1,1
1310,0,32,339,180,115,1,1,1,1
1310,0,291,345,90,60,1,1,1,1
1310,0,478,337,60,45,1,1,1,1
1310,0,666,337,280,65,1,1,1,1
1310,0,847,369,55,45,1,1,1,1
1311,0,32,339,180,115,1,1,1,1
1311,0,291,345,90,60,1,1,1,1
1311,0,478,337,60,45,1,1,1,1
1311,0,666,337,280,65,1,1,1,1
1311,0,847,369,55,45,1,1,1,1
1312,0,32,339,180,115,1,1,1,1
1312,0,291,345,90,60,1,1,1,1
1312,0,478,337,60,45,1,1,1,1
1312,0,666,337,280,65,1,1,1,1
1312,0,847,369,55,45,1,1,1,1
1313,0,32,339,180,115,1,1,1,1
1313,0,291,345,90,60,1,1,1,1
1313,0,478,337,60,45,1,1,1,1
1313,0,666,337,280,65,1,1,1,1
1313,0,846,369,55,45,1,1,1,1
1314,0,32,339,180,115,1,1,1,1
1314,0,291,345,90,60,1,1,1,1
1314,0,478,337,60,45,1,1,1,1
1314,0,666,337,280,65,1,1,1,1
1314,0,846,369,55,45,1,1,1,1
1315,0,32,339,180,115,1,1,1,1
1315,0,291,345,90,60,1,1,1,1
1315,0,478,337,60,45,1,1,1,1
1315,0,666,337,280,65,1,1,1,1
1315,0,846,369,55,45,1,1,1,1
1316,0,32,339,180,115,1,1,1,1
1316,0,291,345,90,60,1,1,1,1
1316,0,478,337,60,45,1,1,1,1
1316,0,666,337,280,65,1,1,1,1
1316,0,846,369,55,45,1,1,1,1
1317,0,32,339,180,115,1,1,1,1
1317,0,291,345,90,60,1,1,1,1
1317,0,478,337,60,45,1,1,1,1
1317,0,666,337,280,65,1,1,1,1
1317,0,846,369,55,45,1,1,1,1
1318,0,32,339,180,115,1,1,1,1
1318,0,291,345,90,60,1,1,1,1
1318,0,478,337,60,45,1,1,1,1
1318,0,666,337,280,65,1,1,1,1
1318,0,846,369,55,45,1,1,1,1
1319,0,32,339,180,115,1,1,1,1
1319,0,291,345,90,60,1,1,1,1
1319,0,478,337,60,45,1,1,1,1
1319,0,666,337,280,65,1,1,1,1
1319,0,846,369,55,45,1,1,1,1
1320,0,32,339,180,115,1,1,1,1
1320,0,291,345,90,60,1,1,1,1
1320,0,478,337,60,45,1,1,1,1
1320,0,666,337,280,65,1,1,1,1
1320,0,846,369,55,45,1,1,1,1
1321,0,32,339,180,115,1,1,1,1
1321,0,291,345,90,60,1,1,1,1
1321,0,478,337,60,45,1,1,1,1
1321,0,666,337,280,65,1,1,1,1
1321,0,846,369,55,45,1,1,1,1
1322,0,32,339,180,115,1,1,1,1
1322,0,291,345,90,60,1,1,1,1
1322,0,478,337,60,45,1,1,1,1
1322,0,666,337,280,65,1,1,1,1
1322,0,846,369,55,45,1,1,1,1
1323,0,31,339,180,115,1,1,1,1
1323,0,290,345,90,60,1,1,1,1
1323,0,477,337,60,45,1,1,1,1
1323,0,666,337,280,65,1,1,1,1
1323,0,846,369,55,45,1,1,1,1
1324,0,31,339,180,115,1,1,1,1
1324,0,290,345,90,60,1,1,1,1
1324,0,477,337,60,45,1,1,1,1
1324,0,666,337,280,65,1,1,1,1
1324,0,846,369,55,45,1,1,1,1
1325,0,31,339,180,115,1,1,1,1
1325,0,290,345,90,60,1,1,1,1
1325,0,477,337,60,45,1,1,1,1
1325,0,666,337,280,65,1,1,1,1
1325,0,846,369,55,45,1,1,1,1
1326,0,31,339,180,115,1,1,1,1
1326,0,290,345,90,60,1,1,1,1
1326,0,477,337,60,45,1,1,1,1
1326,0,666,337,280,65,1,1,1,1
1326,0,846,369,55,45,1,1,1,1
1327,0,31,339,180,115,1,1,1,1
1327,0,290,345,90,60,1,1,1,1
1327,0,477,337,60,45,1,1,1,1
1327,0,666,337,280,65,1,1,1,1
1327,0,846,369,55,45,1,1,1,1
1328,0,31,339,180,115,1,1,1,1
1328,0,290,345,90,60,1,1,1,1
1328,0,477,337,60,45,1,1,1,1
1328,0,666,337,280,65,1,1,1,1
1328,0,846,369,55,45,1,1,1,1
1329,0,31,339,180,115,1,1,1,1
1329,0,290,345,90,60,1,1,1,1
1329,0,477,337,60,45,1,1,1,1
1329,0,666,337,280,65,1,1,1,1
1329,0,846,369,55,45,1,1,1,1
1330,0,31,339,180,115,1,1,1,1
1330,0,290,345,90,60,1,1,1,1
1330,0,477,337,60,45,1,1,1,1
1330,0,666,337,280,65,1,1,1,1
1330,0,846,369,55,45,1,1,1,1
1331,0,31,339,180,115,1,1,1,1
1331,0,290,345,90,60,1,1,1,1
1331,0,477,337,60,45,1,1,1,1
1331,0,666,337,280,65,1,1,1,1
1331,0,846,369,55,45,1,1,1,1
1332,0,31,339,180,115,1,1,1,1
1332,0,290,345,90,60,1,1,1,1
1332,0,477,337,60,45,1,1,1,1
1332,0,666,337,280,65,1,1,1,1
1332,0,846,369,55,45,1,1,1,1
1333,0,31,339,180,115,1,1,1,1
1333,0,290,345,90,60,1,1,1,1
1333,0,477,337,60,45,1,1,1,1
1333,0,666,337,280,65,1,1,1,1
1333,0,845,369,55,45,1,1,1,1
1334,0,31,339,180,115,1,1,1,1
1334,0,290,345,90,60,1,1,1,1
1334,0,477,337,60,45,1,1,1,1
1334,0,666,337,280,65,1,1,1,1
1334,0,845,369,55,45,1,1,1,1
1335,0,31,339,180,115,1,1,1,1
1335,0,290,345,90,60,1,1,1,1
1335,0,477,337,60,45,1,1,1,1
1335,0,666,337,280,65,1,1,1,1
1335,0,845,369,55,45,1,1,1,1
1336,0,31,339,180,115,1,1,1,1
1336,0,290,345,90,60,1,1,1,1
1336,0,477,337,60,45,1,1,1,1
1336,0,666,337,280,65,1,1,1,1
1336,0,845,369,55,45,1,1,1,1
1337,0,31,339,180,115,1,1,1,1
1337,0,290,345,90,60,1,1,1,1
1337,0,477,337,60,45,1,1,1,1
1337,0,666,337,280,65,1,1,1,1
1337,0,845,369,55,45,1,1,1,1
1338,0,30,339,180,115,1,1,1,1
1338,0,290,345,90,60,1,1,1,1
1338,0,477,337,60,45,1,1,1,1
1338,0,666,337,280,65,1,1,1,1
1338,0,845,369,55,45,1,1,1,1
1339,0,30,339,180,115,1,1,1,1
1339,0,290,345,90,60,1,1,1,1
1339,0,477,337,60,45,1,1,1,1
1339,0,666,337,280,65,1,1,1,1
1339,0,845,369,55,45,1,1,1,1
1340,0,30,339,180,115,1,1,1,1
1340,0,290,345,90,60,1,1,1,1
1340,0,477,337,60,45,1,1,1,1
1340,0,666,337,280,65,1,1,1,1
1340,0,845,369,55,45,1,1,1,1
1341,0,30,339,180,115,1,1,1,1
1341,0,290,345,90,60,1,1,1,1
1341,0,477,337,60,45,1,1,1,1
1341,0,666,337,280,65,1,1,1,1
1341,0,845,369,55,45,1,1,1,1
1342,0,30,339,180,115,1,1,1,1
1342,0,290,345,90,60,1,1,1,1
1342,0,477,337,60,45,1,1,1,1
1342,0,666,337,280,65,1,1,1,1
1342,0,845,369,55,45,1,1,1,1
1343,0,30,339,180,115,1,1,1,1
1343,0,290,345,90,60,1,1,1,1
1343,0,477,337,60,45,1,1,1,1
1343,0,666,337,280,65,1,1,1,1
1343,0,845,369,55,45,1,1,1,1
1344,0,30,339,180,115,1,1,1,1
1344,0,290,345,90,60,1,1,1,1
1344,0,477,337,60,45,1,1,1,1
1344,0,666,337,280,65,1,1,1,1
1344,0,845,369,55,45,1,1,1,1
1345,0,30,339,180,115,1,1,1,1
1345,0,290,345,90,60,1,1,1,1
1345,0,477,337,60,45,1,1,1,1
1345,0,666,337,280,65,1,1,1,1
1345,0,845,369,55,45,1,1,1,1
1346,0,30,339,180,115,1,1,1,1
1346,0,290,345,90,60,1,1,1,1
1346,0,477,337,60,45,1,1,1,1
1346,0,666,337,280,65,1,1,1,1
1346,0,845,369,55,45,1,1,1,1
1347,0,30,339,180,115,1,1,1,1
1347,0,290,345,90,60,1,1,1,1
1347,0,477,337,60,45,1,1,1,1
1347,0,666,337,280,65,1,1,1,1
1347,0,845,369,55,45,1,1,1,1
1348,0,30,339,180,115,1,1,1,1
1348,0,290,345,90,60,1,1,1,1
1348,0,477,337,60,45,1,1,1,1
1348,0,666,337,280,65,1,1,1,1
1348,0,845,369,55,45,1,1,1,1
1349,0,30,339,180,115,1,1,1,1
1349,0,290,345,90,60,1,1,1,1
1349,0,477,337,60,45,1,1,1,1
1349,0,666,337,280,65,1,1,1,1
1349,0,845,369,55,45,1,1,1,1
1350,0,30,339,180,115,1,1,1,1
1350,0,290,345,90,60,1,1,1,1
1350,0,477,337,60,45,1,1,1,1
1350,0,666,337,280,65,1,1,1,1
1350,0,845,369,55,45,1,1,1,1
1351,0,30,339,180,115,1,1,1,1
1351,0,290,345,90,60,1,1,1,1
1351,0,477,337,60,45,1,1,1,1
1351,0,666,337,280,65,1,1,1,1
1351,0,845,369,55,45,1,1,1,1
1352,0,30,340,180,115,1,1,1,1
1352,0,290,345,90,60,1,1,1,1
1352,0,477,337,60,45,1,1,1,1
1352,0,666,337,280,65,1,1,1,1
1352,0,845,370,55,45,1,1,1,1
1353,0,29,340,180,115,1,1,1,1
1353,0,289,345,90,60,1,1,1,1
1353,0,477,337,60,45,1,1,1,1
1353,0,666,337,280,65,1,1,1,1
1353,0,844,370,55,45,1,1,1,1
1354,0,29,340,180,115,1,1,1,1
1354,0,289,345,90,60,1,1,1,1
1354,0,477,337,60,45,1,1,1,1
1354,0,666,337,280,65,1,1,1,1
1354,0,844,370,55,45,1,1,1,1
1355,0,29,340,180,115,1,1,1,1
1355,0,289,345,90,60,1,1,1,1
1355,0,477,337,60,45,1,1,1,1
1355,0,666,337,280,65,1,1,1,1
1355,0,844,370,55,45,1,1,1,1
1356,0,29,340,180,115,1,1,1,1
1356,0,289,345,90,60,1,1,1,1
1356,0,477,337,60,45,1,1,1,1
1356,0,666,337,280,65,1,1,1,1
1356,0,844,370,55,45,1,1,1,1
1357,0,29,340,180,115,1,1,1,1
1357,0,289,345,90,60,1,1,1,1
1357,0,477,337,60,45,1,1,1,1
1357,0,666,337,280,65,1,1,1,1
1357,0,844,370,55,45,1,1,1,1
1358,0,29,340,180,115,1,1,1,1
1358,0,289,345,90,60,1,1,1,1
1358,0,477,337,60,45,1,1,1,1
1358,0,666,337,280,65,1,1,1,1
1358,0,844,370,55,45,1,1,1,1
1359,0,29,340,180,115,1,1,1,1
1359,0,289,345,90,60,1,1,1,1
1359,0,477,337,60,45,1,1,1,1
1359,0,666,337,280,65,1,1,1,1
1359,0,844,370,55,45,1,1,1,1
1360,0,29,340,180,115,1,1,1,1
1360,0,289,345,90,60,1,1,1,1
1360,0,477,337,60,45,1,1,1,1
1360,0,666,337,280,65,1,1,1,1
1360,0,844,370,55,45,1,1,1,1
1361,0,29,340,180,115,1,1,1,1
1361,0,289,345,90,60,1,1,1,1
1361,0,477,337,60,45,1,1,1,1
1361,0,666,337,280,65,1,1,1,1
1361,0,844,370,55,45,1,1,1,1
1362,0,29,340,180,115,1,1,1,1
1362,0,289,345,90,60,1,1,1,1
1362,0,477,337,60,45,1,1,1,1
1362,0,666,337,280,65,1,1,1,1
1362,0,844,370,55,45,1,1,1,1
1363,0,29,340,180,115,1,1,1,1
1363,0,289,345,90,60,1,1,1,1
1363,0,477,337,60,45,1,1,1,1
1363,0,666,337,280,65,1,1,1,1
1363,0,844,370,55,45,1,1,1,1
1364,0,29,340,180,115,1,1,1,1
1364,0,289,345,90,60,1,1,1,1
1364,0,477,337,60,45,1,1,1,1
1364,0,666,337,280,65,1,1,1,1
1364,0,844,370,55,45,1,1,1,1
1365,0,29,340,180,115,1,1,1,1
1365,0,289,345,90,60,1,1,1,1
1365,0,477,337,60,45,1,1,1,1
1365,0,666,337,280,65,1,1,1,1
1365,0,844,370,55,45,1,1,1,1
1366,0,29,340,180,115,1,1,1,1
1366,0,289,345,90,60,1,1,1,1
1366,0,477,337,60,45,1,1,1,1
1366,0,666,337,280,65,1,1,1,1
1366,0,844,370,55,45,1,1,1,1
1367,0,29,340,180,115,1,1,1,1
1367,0,289,345,90,60,1,1,1,1
1367,0,477,337,60,45,1,1,1,1
1367,0,666,337,280,65,1,1,1,1
1367,0,844,370,55,45,1,1,1,1
1368,0,28,340,180,115,1,1,1,1
1368,0,289,345,90,60,1,1,1,1
1368,0,477,337,60,45,1,1,1,1
1368,0,666,337,280,65,1,1,1,1
1368,0,844,370,55,45,1,1,1,1
1369,0,28,340,180,115,1,1,1,1
1369,0,289,345,90,60,1,1,1,1
1369,0,477,337,60,45,1,1,1,1
1369,0,666,337,280,65,1,1,1,1
1369,0,844,370,55,45,1,1,1,1
1370,0,28,340,180,115,1,1,1,1
1370,0,289,345,90,60,1,1,1,1
1370,0,477,337,60,45,1,1,1,1
1370,0,666,337,280,65,1,1,1,1
1370,0,844,370,55,45,1,1,1,1
1371,0,28,340,180,115,1,1,1,1
1371,0,289,345,90,60,1,1,1,1
1371,0,477,337,60,45,1,1,1,1
1371,0,666,337,280,65,1,1,1,1
1371,0,844,370,55,45,1,1,1,1
1372,0,28,340,180,115,1,1,1,1
1372,0,289,345,90,60,1,1,1,1
1372,0,477,337,60,45,1,1,1,1
1372,0,666,337,280,65,1,1,1,1
1372,0,844,370,55,45,1,1,1,1
1373,0,28,340,180,115,1,1,1,1
1373,0,289,345,90,60,1,1,1,1
1373,0,477,337,60,45,1,1,1,1
1373,0,666,337,280,65,1,1,1,1
1373,0,843,370,55,45,1,1,1,1
1374,0,28,340,180,115,1,1,1,1
1374,0,289,345,90,60,1,1,1,1
1374,0,477,337,60,45,1,1,1,1
1374,0,666,337,280,65,1,1,1,1
1374,0,843,370,55,45,1,1,1,1
1375,0,28,340,180,115,1,1,1,1
1375,0,289,345,90,60,1,1,1,1
1375,0,477,337,60,45,1,1,1,1
1375,0,666,337,280,65,1,1,1,1
1375,0,843,370,55,45,1,1,1,1
1376,0,28,340,180,115,1,1,1,1
1376,0,289,345,90,60,1,1,1,1
1376,0,477,337,60,45,1,1,1,1
1376,0,666,337,280,65,1,1,1,1
1376,0,843,370,55,45,1,1,1,1
1377,0,28,340,180,115,1,1,1,1
1377,0,289,345,90,60,1,1,1,1
1377,0,477,337,60,45,1,1,1,1
1377,0,666,337,280,65,1,1,1,1
1377,0,843,370,55,45,1,1,1,1
1378,0,28,340,180,115,1,1,1,1
1378,0,289,345,90,60,1,1,1,1
1378,0,477,337,60,45,1,1,1,1
1378,0,666,337,280,65,1,1,1,1
1378,0,843,370,55,45,1,1,1,1
1379,0,28,340,180,115,1,1,1,1
1379,0,289,345,90,60,1,1,1,1
1379,0,477,337,60,45,1,1,1,1
1379,0,666,337,280,65,1,1,1,1
1379,0,843,370,55,45,1,1,1,1
1380,0,28,340,180,115,1,1,1,1
1380,0,289,345,90,60,1,1,1,1
1380,0,477,337,60,45,1,1,1,1
1380,0,666,337,280,65,1,1,1,1
1380,0,843,370,55,45,1,1,1,1
1381,0,28,340,180,115,1,1,1,1
1381,0,289,345,90,60,1,1,1,1
1381,0,477,337,60,45,1,1,1,1
1381,0,666,337,280,65,1,1,1,1
1381,0,843,370,55,45,1,1,1,1
1382,0,28,340,180,115,1,1,1,1
1382,0,289,345,90,60,1,1,1,1
1382,0,477,337,60,45,1,1,1,1
1382,0,666,337,280,65,1,1,1,1
1382,0,843,370,55,45,1,1,1,1
1383,0,27,340,180,115,1,1,1,1
1383,0,288,345,90,60,1,1,1,1
1383,0,476,337,60,45,1,1,1,1
1383,0,666,337,280,65,1,1,1,1
1383,0,843,370,55,45,1,1,1,1
1384,0,27,340,180,115,1,1,1,1
1384,0,288,345,90,60,1,1,1,1
1384,0,476,337,60,45,1,1,1,1
1384,0,666,337,280,65,1,1,1,1
1384,0,843,370,55,45,1,1,1,1
1385,0,27,340,180,115,1,1,1,1
1385,0,288,345,90,60,1,1,1,1
1385,0,476,337,60,45,1,1,1,1
1385,0,666,337,280,65,1,1,1,1
1385,0,843,370,55,45,1,1,1,1
1386,0,27,340,180,115,1,1,1,1
1386,0,288,345,90,60,1,1,1,1
1386,0,476,337,60,45,1,1,1,1
1386,0,666,337,280,65,1,1,1,1
1386,0,843,370,55,45,1,1,1,1
1387,0,27,340,180,115,1,1,1,1
1387,0,288,345,90,60,1,1,1,1
1387,0,476,337,60,45,1,1,1,1
1387,0,666,337,280,65,1,1,1,1
1387,0,843,370,55,45,1,1,1,1
1388,0,27,340,180,115,1,1,1,1
1388,0,288,345,90,60,1,1,1,1
1388,0,476,337,60,45,1,1,1,1
1388,0,666,337,280,65,1,1,1,1
1388,0,843,370,55,45,1,1,1,1
1389,0,27,340,180,115,1,1,1,1
1389,0,288,345,90,60,1,1,1,1
1389,0,476,337,60,45,1,1,1,1
1389,0,666,337,280,65,1,1,1,1
1389,0,843,370,55,45,1,1,1,1
1390,0,27,340,180,115,1,1,1,1
1390,0,288,345,90,60,1,1,1,1
1390,0,476,337,60,45,1,1,1,1
1390,0,666,337,280,65,1,1,1,1
1390,0,843,370,55,45,1,1,1,1
1391,0,27,340,180,115,1,1,1,1
1391,0,288,345,90,60,1,1,1,1
1391,0,476,337,60,45,1,1,1,1
1391,0,666,337,280,65,1,1,1,1
1391,0,843,370,55,45,1,1,1,1
1392,0,27,340,180,115,1,1,1,1
1392,0,288,345,90,60,1,1,1,1
1392,0,476,337,60,45,1,1,1,1
1392,0,666,337,280,65,1,1,1,1
1392,0,843,370,55,45,1,1,1,1
1393,0,27,340,180,115,1,1,1,1
1393,0,288,345,90,60,1,1,1,1
1393,0,476,337,60,45,1,1,1,1
1393,0,666,337,280,65,1,1,1,1
1393,0,842,370,55,45,1,1,1,1
1394,0,27,340,180,115,1,1,1,1
1394,0,288,345,90,60,1,1,1,1
1394,0,476,337,60,45,1,1,1,1
1394,0,666,337,280,65,1,1,1,1
1394,0,842,370,55,45,1,1,1,1
1395,0,27,340,180,115,1,1,1,1
1395,0,288,345,90,60,1,1,1,1
1395,0,476,337,60,45,1,1,1,1
1395,0,666,337,280,65,1,1,1,1
1395,0,842,370,55,45,1,1,1,1
1396,0,27,340,180,115,1,1,1,1
1396,0,288,345,90,60,1,1,1,1
1396,0,476,337,60,45,1,1,1,1
1396,0,666,337,280,65,1,1,1,1
1396,0,842,370,55,45,1,1,1,1
1397,0,27,340,180,115,1,1,1,1
1397,0,288,345,90,60,1,1,1,1
1397,0,476,337,60,45,1,1,1,1
1397,0,666,337,280,65,1,1,1,1
1397,0,842,370,55,45,1,1,1,1
1398,0,26,340,180,115,1,1,1,1
1398,0,288,345,90,60,1,1,1,1
1398,0,476,337,60,45,1,1,1,1
1398,0,666,337,280,65,1,1,1,1
1398,0,842,370,55,45,1,1,1,1
1399,0,26,340,180,115,1,1,1,1
1399,0,288,345,90,60,1,1,1,1
1399,0,476,337,60,45,1,1,1,1
1399,0,666,337,280,65,1,1,1,1
1399,0,842,370,55,45,1,1,1,1
1400,0,26,340,180,115,1,1,1,1
1400,0,288,345,90,60,1,1,1,1
1400,0,476,337,60,45,1,1,1,1
1400,0,666,337,280,65,1,1,1,1
1400,0,842,370,55,45,1,1,1,1
1401,0,26,340,180,115,1,1,1,1
1401,0,288,345,90,60,1,1,1,1
1401,0,476,337,60,45,1,1,1,1
1401,0,666,337,280,65,1,1,1,1
1401,0,842,370,55,45,1,1,1,1
1402,0,26,340,180,115,1,1,1,1
1402,0,288,345,90,60,1,1,1,1
1402,0,476,337,60,45,1,1,1,1
1402,0,666,337,280,65,1,1,1,1
1402,0,842,370,55,45,1,1,1,1
1403,0,26,340,180,115,1,1,1,1
1403,0,288,345,90,60,1,1,1,1
1403,0,476,337,60,45,1,1,1,1
1403,0,665,337,280,65,1,1,1,1
1403,0,842,370,55,45,1,1,1,1
1404,0,26,340,180,115,1,1,1,1
1404,0,288,345,90,60,1,1,1,1
1404,0,476,337,60,45,1,1,1,1
1404,0,665,337,280,65,1,1,1,1
1404,0,842,370,55,45,1,1,1,1
1405,0,26,340,180,115,1,1,1,1
1405,0,288,345,90,60,1,1,1,1
1405,0,476,337,60,45,1,1,1,1
1405,0,665,337,280,65,1,1,1,1
1405,0,842,370,55,45,1,1,1,1
1406,0,26,340,180,115,1,1,1,1
1406,0,288,345,90,60,1,1,1,1
1406,0,476,337,60,45,1,1,1,1
1406,0,665,337,280,65,1,1,1,1
1406,0,842,370,55,45,1,1,1,1
1407,0,26,340,180,115,1,1,1,1
1407,0,288,345,90,60,1,1,1,1
1407,0,476,337,60,45,1,1,1,1
1407,0,665,337,280,65,1,1,1,1
1407,0,842,370,55,45,1,1,1,1
1408,0,26,340,180,115,1,1,1,1
1408,0,288,345,90,60,1,1,1,1
1408,0,476,337,60,45,1,1,1,1
1408,0,665,337,280,65,1,1,1,1
1408,0,842,370,55,45,1,1,1,1
1409,0,26,340,180,115,1,1,1,1
1409,0,288,345,90,60,1,1,1,1
1409,0,476,337,60,45,1,1,1,1
1409,0,665,337,280,65,1,1,1,1
1409,0,842,370,55,45,1,1,1,1
1410,0,26,340,180,115,1,1,1,1
1410,0,288,345,90,60,1,1,1,1
1410,0,476,337,60,45,1,1,1,1
1410,0,665,337,280,65,1,1,1,1
1410,0,842,370,55,45,1,1,1,1
1411,0,26,340,180,115,1,1,1,1
1411,0,288,345,90,60,1,1,1,1
1411,0,476,337,60,45,1,1,1,1
1411,0,665,337,280,65,1,1,1,1
1411,0,842,370,55,45,1,1,1,1
1412,0,26,341,180,115,1,1,1,1
1412,0,288,345,90,60,1,1,1,1
1412,0,476,337,60,45,1,1,1,1
1412,0,665,337,280,65,1,1,1,1
1412,0,842,371,55,45,1,1,1,1
1413,0,25,341,180,115,1,1,1,1
1413,0,287,345,90,60,1,1,1,1
1413,0,476,337,60,45,1,1,1,1
1413,0,665,337,280,65,1,1,1,1
1413,0,841,371,55,45,1,1,1,1
1414,0,25,341,180,115,1,1,1,1
1414,0,287,345,90,60,1,1,1,1
1414,0,476,337,60,45,1,1,1,1
1414,0,665,337,280,65,1,1,1,1
1414,0,841,371,55,45,1,1,1,1
1415,0,25,341,180,115,1,1,1,1
1415,0,287,345,90,60,1,1,1,1
1415,0,476,337,60,45,1,1,1,1
1415,0,665,337,280,65,1,1,1,1
1415,0,841,371,55,45,1,1,1,1
1416,0,25,341,180,115,1,1,1,1
1416,0,287,345,90,60,1,1,1,1
1416,0,476,337,60,45,1,1,1,1
1416,0,665,337,280,65,1,1,1,1
1416,0,841,371,55,45,1,1,1,1
1417,0,25,341,180,115,1,1,1,1
1417,0,287,345,90,60,1,1,1,1
1417,0,476,337,60,45,1,1,1,1
1417,0,665,337,280,65,1,1,1,1
1417,0,841,371,55,45,1,1,1,1
1418,0,25,341,180,115,1,1,1,1
1418,0,287,345,90,60,1,1,1,1
1418,0,476,337,60,45,1,1,1,1
1418,0,665,337,280,65,1,1,1,1
1418,0,841,371,55,45,1,1,1,1
1419,0,25,341,180,115,1,1,1,1
1419,0,287,345,90,60,1,1,1,1
1419,0,476,337,60,45,1,1,1,1
1419,0,665,337,280,65,1,1,1,1
1419,0,841,371,55,45,1,1,1,1
1420,0,25,341,180,115,1,1,1,1
1420,0,287,345,90,60,1,1,1,1
1420,0,476,337,60,45,1,1,1,1
1420,0,665,337,280,65,1,1,1,1
1420,0,841,371,55,45,1,1,1,1
1421,0,25,341,180,115,1,1,1,1
1421,0,287,345,90,60,1,1,1,1
1421,0,476,337,60,45,1,1,1,1
1421,0,665,337,280,65,1,1,1,1
1421,0,841,371,55,45,1,1,1,1
1422,0,25,341,180,115,1,1,1,1
1422,0,287,345,90,60,1,1,1,1
1422,0,476,337,60,45,1,1,1,1
1422,0,665,337,280,65,1,1,1,1
1422,0,841,371,55,45,1,1,1,1
1423,0,25,341,180,115,1,1,1,1
1423,0,287,345,90,60,1,1,1,1
1423,0,476,337,60,45,1,1,1,1
1423,0,665,337,280,65,1,1,1,1
1423,0,841,371,55,45,1,1,1,1
1424,0,25,341,180,115,1,1,1,1
1424,0,287,345,90,60,1,1,1,1
1424,0,476,337,60,45,1,1,1,1
1424,0,665,337,280,65,1,1,1,1
1424,0,841,371,55,45,1,1,1,1
1425,0,25,341,180,115,1,1,1,1
1425,0,287,345,90,60,1,1,1,1
1425,0,476,337,60,45,1,1,1,1
1425,0,665,337,280,65,1,1,1,1
1425,0,841,371,55,45,1,1,1,1
1426,0,25,341,180,115,1,1,1,1
1426,0,287,345,90,60,1,1,1,1
1426,0,476,337,60,45,1,1,1,1
1426,0,665,337,280,65,1,1,1,1
1426,0,841,371,55,45,1,1,1,1
1427,0,25,341,180,115,1,1,1,1
1427,0,287,345,90,60,1,1,1,1
1427,0,476,337,60,45,1,1,1,1
1427,0,665,337,280,65,1,1,1,1
1427,0,841,371,55,45,1,1,1,1
1428,0,24,341,180,115,1,1,1,1
1428,0,287,345,90,60,1,1,1,1
1428,0,476,337,60,45,1,1,1,1
1428,0,665,337,280,65,1,1,1,1
1428,0,841,371,55,45,1,1,1,1
1429,0,24,341,180,115,1,1,1,1
1429,0,287,345,90,60,1,1,1,1
1429,0,476,337,60,45,1,1,1,1
1429,0,665,337,280,65,1,1,1,1
1429,0,841,371,55,45,1,1,1,1
1430,0,24,341,180,115,1,1,1,1
1430,0,287,345,90,60,1,1,1,1
1430,0,476,337,60,45,1,1,1,1
1430,0,665,337,280,65,1,1,1,1
1430,0,841,371,55,45,1,1,1,1
1431,0,24,341,180,115,1,1,1,1
1431,0,287,345,90,60,1,1,1,1
1431,0,476,337,60,45,1,1,1,1
1431,0,665,337,280,65,1,1,1,1
1431,0,841,371,55,45,1,1,1,1
1432,0,24,341,180,115,1,1,1,1
1432,0,287,345,90,60,1,1,1,1
1432,0,476,337,60,45,1,1,1,1
1432,0,665,337,280,65,1,1,1,1
1432,0,841,371,55,45,1,1,1,1
1433,0,24,341,180,115,1,1,1,1
1433,0,287,345,90,60,1,1,1,1
1433,0,476,337,60,45,1,1,1,1
1433,0,665,337,280,65,1,1,1,1
1433,0,840,371,55,45,1,1,1,1
1434,0,24,341,180,115,1,1,1,1
1434,0,287,345,90,60,1,1,1,1
1434,0,476,337,60,45,1,1,1,1
1434,0,665,337,280,65,1,1,1,1
1434,0,840,371,55,45,1,1,1,1
1435,0,24,341,180,115,1,1,1,1
1435,0,287,345,90,60,1,1,1,1
1435,0,476,337,60,45,1,1,1,1
1435,0,665,337,280,65,1,1,1,1
1435,0,840,371,55,45,1,1,1,1
1436,0,24,341,180,115,1,1,1,1
1436,0,287,345,90,60,1,1,1,1
1436,0,476,337,60,45,1,1,1,1
1436,0,665,337,280,65,1,1,1,1
1436,0,840,371,55,45,1,1,1,1
1437,0,24,341,180,115,1,1,1,1
1437,0,287,345,90,60,1,1,1,1
1437,0,476,337,60,45,1,1,1,1
1437,0,665,337,280,65,1,1,1,1
1437,0,840,371,55,45,1,1,1,1
1438,0,24,341,180,115,1,1,1,1
1438,0,287,345,90,60,1,1,1,1
1438,0,476,337,60,45,1,1,1,1
1438,0,665,337,280,65,1,1,1,1
1438,0,840,371,55,45,1,1,1,1
1439,0,24,341,180,115,1,1,1,1
1439,0,287,345,90,60,1,1,1,1
1439,0,476,337,60,45,1,1,1,1
1439,0,665,337,280,65,1,1,1,1
1439,0,840,371,55,45,1,1,1,1
1440,0,24,341,180,115,1,1,1,1
1440,0,287,345,90,60,1,1,1,1
1440,0,476,337,60,45,1,1,1,1
1440,0,665,337,280,65,1,1,1,1
1440,0,840,371,55,45,1,1,1,1
1441,0,24,341,180,115,1,1,1,1
1441,0,287,345,90,60,1,1,1,1
1441,0,476,337,60,45,1,1,1,1
1441,0,665,337,280,65,1,1,1,1
1441,0,840,371,55,45,1,1,1,1
1442,0,24,341,180,115,1,1,1,1
1442,0,287,345,90,60,1,1,1,1
1442,0,476,337,60,45,1,1,1,1
1442,0,665,337,280,65,1,1,1,1
1442,0,840,371,55,45,1,1,1,1
1443,0,23,341,180,115,1,1,1,1
1443,0,286,345,90,60,1,1,1,1
1443,0,475,337,60,45,1,1,1,1
1443,0,665,337,280,65,1,1,1,1
1443,0,840,371,55,45,1,1,1,1
1444,0,23,341,180,115,1,1,1,1
1444,0,286,345,90,60,1,1,1,1
1444,0,475,337,60,45,1,1,1,1
1444,0,665,337,280,65,1,1,1,1
1444,0,840,371,55,45,1,1,1,1
1445,0,23,341,180,115,1,1,1,1
1445,0,286,345,90,60,1,1,1,1
1445,0,475,337,60,45,1,1,1,1
1445,0,665,337,280,65,1,1,1,1
1445,0,840,371,55,45,1,1,1,1
1446,0,23,341,180,115,1,1,1,1
1446,0,286,345,90,60,1,1,1,1
1446,0,475,337,60,45,1,1,1,1
1446,0,665,337,280,65,1,1,1,1
1446,0,840,371,55,45,1,1,1,1
1447,0,23,341,180,115,1,1,1,1
1447,0,286,345,90,60,1,1,1,1
1447,0,475,337,60,45,1,1,1,1
1447,0,665,337,280,65,1,1,1,1
1447,0,840,371,55,45,1,1,1,1
1448,0,23,341,180,115,1,1,1,1
1448,0,286,345,90,60,1,1,1,1
1448,0,475,337,60,45,1,1,1,1
1448,0,665,337,280,65,1,1,1,1
1448,0,840,371,55,45,1,1,1,1
1449,0,23,341,180,115,1,1,1,1
1449,0,286,345,90,60,1,1,1,1
1449,0,475,337,60,45,1,1,1,1
1449,0,665,337,280,65,1,1,1,1
1449,0,840,371,55,45,1,1,1,1
1450,0,23,341,180,115,1,1,1,1
1450,0,286,345,90,60,1,1,1,1
1450,0,475,337,60,45,1,1,1,1
1450,0,665,337,280,65,1,1,1,1
1450,0,840,371,55,45,1,1,1,1
1451,0,23,341,180,115,1,1,1,1
1451,0,286,345,90,60,1,1,1,1
1451,0,475,337,60,45,1,1,1,1
1451,0,665,337,280,65,1,1,1,1
1451,0,840,371,55,45,1,1,1,1
1452,0,23,341,180,115,1,1,1,1
1452,0,286,345,90,60,1,1,1,1
1452,0,475,337,60,45,1,1,1,1
1452,0,665,337,280,65,1,1,1,1
1452,0,840,371,55,45,1,1,1,1
1453,0,23,341,180,115,1,1,1,1
1453,0,286,345,90,60,1,1,1,1
1453,0,475,337,60,45,1,1,1,1
1453,0,665,337,280,65,1,1,1,1
1453,0,839,371,55,45,1,1,1,1
1454,0,23,341,180,115,1,1,1,1
1454,0,286,345,90,60,1,1,1,1
1454,0,475,337,60,45,1,1,1,1
1454,0,665,337,280,65,1,1,1,1
1454,0,839,371,55,45,1,1,1,1
1455,0,23,341,180,115,1,1,1,1
1455,0,286,345,90,60,1,1,1,1
1455,0,475,337,60,45,1,1,1,1
1455,0,665,337,280,65,1,1,1,1
1455,0,839,371,55,45,1,1,1,1
1456,0,23,341,180,115,1,1,1,1
1456,0,286,345,90,60,1,1,1,1
1456,0,475,337,60,45,1,1,1,1
1456,0,665,337,280,65,1,1,1,1
1456,0,839,371,55,45,1,1,1,1
1457,0,23,341,180,115,1,1,1,1
1457,0,286,345,90,60,1,1,1,1
1457,0,475,337,60,45,1,1,1,1
1457,0,665,337,280,65,1,1,1,1
1457,0,839,371,55,45,1,1,1,1
1458,0,22,341,180,115,1,1,1,1
1458,0,286,345,90,60,1,1,1,1
1458,0,475,337,60,45,1,1,1,1
1458,0,665,337,280,65,1,1,1,1
1458,0,839,371,55,45,1,1,1,1
1459,0,22,341,180,115,1,1,1,1
1459,0,286,345,90,60,1,1,1,1
1459,0,475,337,60,45,1,1,1,1
1459,0,665,337,280,65,1,1,1,1
1459,0,839,371,55,45,1,1,1,1
1460,0,22,341,180,115,1,1,1,1
1460,0,286,345,90,60,1,1,1,1
1460,0,475,337,60,45,1,1,1,1
1460,0,665,337,280,65,1,1,1,1
1460,0,839,371,55,45,1,1,1,1
1461,0,22,341,180,115,1,1,1,1
1461,0,286,345,90,60,1,1,1,1
1461,0,475,337,60,45,1,1,1,1
1461,0,665,337,280,65,1,1,1,1
1461,0,839,371,55,45,1,1,1,1
1462,0,22,341,180,115,1,1,1,1
1462,0,286,345,90,60,1,1,1,1
1462,0,475,337,60,45,1,1,1,1
1462,0,665,337,280,65,1,1,1,1
1462,0,839,371,55,45,1,1,1,1
1463,0,22,341,180,115,1,1,1,1
1463,0,286,345,90,60,1,1,1,1
1463,0,475,337,60,45,1,1,1,1
1463,0,665,337,280,65,1,1,1,1
1463,0,839,371,55,45,1,1,1,1
1464,0,22,341,180,115,1,1,1,1
1464,0,286,345,90,60,1,1,1,1
1464,0,475,337,60,45,1,1,1,1
1464,0,665,337,280,65,1,1,1,1
1464,0,839,371,55,45,1,1,1,1
1465,0,22,341,180,115,1,1,1,1
1465,0,286,345,90,60,1,1,1,1
1465,0,475,337,60,45,1,1,1,1
1465,0,665,337,280,65,1,1,1,1
1465,0,839,371,55,45,1,1,1,1
1466,0,22,341,180,115,1,1,1,1
1466,0,286,345,90,60,1,1,1,1
1466,0,475,337,60,45,1,1,1,1
1466,0,665,337,280,65,1,1,1,1
1466,0,839,371,55,45,1,1,1,1
1467,0,22,341,180,115,1,1,1,1
1467,0,286,345,90,60,1,1,1,1
1467,0,475,337,60,45,1,1,1,1
1467,0,665,337,280,65,1,1,1,1
1467,0,839,371,55,45,1,1,1,1
1468,0,22,341,180,115,1,1,1,1
1468,0,286,345,90,60,1,1,1,1
1468,0,475,337,60,45,1,1,1,1
1468,0,665,337,280,65,1,1,1,1
1468,0,839,371,55,45,1,1,1,1
1469,0,22,341,180,115,1,1,1,1
1469,0,286,345,90,60,1,1,1,1
1469,0,475,337,60,45,1,1,1,1
1469,0,665,337,280,65,1,1,1,1
1469,0,839,371,55,45,1,1,1,1
1470,0,22,341,180,115,1,1,1,1
1470,0,286,345,90,60,1,1,1,1
1470,0,475,337,60,45,1,1,1,1
1470,0,665,337,280,65,1,1,1,1
1470,0,839,371,55,45,1,1,1,1
1471,0,22,341,180,115,1,1,1,1
1471,0,286,345,90,60,1,1,1,1
1471,0,475,337,60,45,1,1,1,1
1471,0,665,337,280,65,1,1,1,1
1471,0,839,371,55,45,1,1,1,1
1472,0,22,342,180,115,1,1,1,1
1472,0,286,345,90,60,1,1,1,1
1472,0,475,337,60,45,1,1,1,1
1472,0,665,337,280,65,1,1,1,1
1472,0,839,372,55,45,1,1,1,1
1473,0,21,342,180,115,1,1,1,1
1473,0,285,345,90,60,1,1,1,1
1473,0,475,337,60,45,1,1,1,1
1473,0,665,337,280,65,1,1,1,1
1473,0,838,372,55,45,1,1,1,1
1474,0,21,342,180,115,1,1,1,1
1474,0,285,345,90,60,1,1,1,1
1474,0,475,337,60,45,1,1,1,1
1474,0,665,337,280,65,1,1,1,1
1474,0,838,372,55,45,1,1,1,1
1475,0,21,342,180,115,1,1,1,1
1475,0,285,345,90,60,1,1,1,1
1475,0,475,337,60,45,1,1,1,1
1475,0,665,337,280,65,1,1,1,1
1475,0,838,372,55,45,1,1,1,1
1476,0,21,342,180,115,1,1,1,1
1476,0,285,345,90,60,1,1,1,1
1476,0,475,337,60,45,1,1,1,1
1476,0,665,337,280,65,1,1,1,1
1476,0,838,372,55,45,1,1,1,1
1477,0,21,342,180,115,1,1,1,1
1477,0,285,345,90,60,1,1,1,1
1477,0,475,337,60,45,1,1,1,1
1477,0,665,337,280,65,1,1,1,1
1477,0,838,372,55,45,1,1,1,1
1478,0,21,342,180,115,1,1,1,1
1478,0,285,345,90,60,1,1,1,1
1478,0,475,337,60,45,1,1,1,1
1478,0,665,337,280,65,1,1,1,1
1478,0,838,372,55,45,1,1,1,1
1479,0,21,342,180,115,1,1,1,1
1479,0,285,345,90,60,1,1,1,1
1479,0,475,337,60,45,1,1,1,1
1479,0,665,337,280,65,1,1,1,1
1479,0,838,372,55,45,1,1,1,1
1480,0,21,342,180,115,1,1,1,1
1480,0,285,345,90,60,1,1,1,1
1480,0,475,337,60,45,1,1,1,1
1480,0,665,337,280,65,1,1,1,1
1480,0,838,372,55,45,1,1,1,1
1481,0,21,342,180,115,1,1,1,1
1481,0,285,345,90,60,1,1,1,1
1481,0,475,337,60,45,1,1,1,1
1481,0,665,337,280,65,1,1,1,1
1481,0,838,372,55,45,1,1,1,1
1482,0,21,342,180,115,1,1,1,1
1482,0,285,345,90,60,1,1,1,1
1482,0,475,337,60,45,1,1,1,1
1482,0,665,337,280,65,1,1,1,1
1482,0,838,372,55,45,1,1,1,1
1483,0,21,342,180,115,1,1,1,1
1483,0,285,345,90,60,1,1,1,1
1483,0,475,337,60,45,1,1,1,1
1483,0,665,337,280,65,1,1,1,1
1483,0,838,372,55,45,1,1,1,1
1484,0,21,342,180,115,1,1,1,1
1484,0,285,345,90,60,1,1,1,1
1484,0,475,337,60,45,1,1,1,1
1484,0,665,337,280,65,1,1,1,1
1484,0,838,372,55,45,1,1,1,1
1485,0,21,342,180,115,1,1,1,1
1485,0,285,345,90,60,1,1,1,1
1485,0,475,337,60,45,1,1,1,1
1485,0,665,337,280,65,1,1,1,1
1485,0,838,372,55,45,1,1,1,1
1486,0,21,342,180,115,1,1,1,1
1486,0,285,345,90,60,1,1,1,1
1486,0,475,337,60,45,1,1,1,1
1486,0,665,337,280,65,1,1,1,1
1486,0,838,372,55,45,1,1,1,1
1487,0,21,342,180,115,1,1,1,1
1487,0,285,345,90,60,1,1,1,1
1487,0,475,337,60,45,1,1,1,1
1487,0,665,337,280,65,1,1,1,1
1487,0,838,372,55,45,1,1,1,1
1488,0,20,342,180,115,1,1,1,1
1488,0,285,345,90,60,1,1,1,1
1488,0,475,337,60,45,1,1,1,1
1488,0,665,337,280,65,1,1,1,1
1488,0,838,372,55,45,1,1,1,1
1489,0,20,342,180,115,1,1,1,1
1489,0,285,345,90,60,1,1,1,1
1489,0,475,337,60,45,1,1,1,1
1489,0,665,337,280,65,1,1,1,1
1489,0,838,372,55,45,1,1,1,1
1490,0,20,342,180,115,1,1,1,1
1490,0,285,345,90,60,1,1,1,1
1490,0,475,337,60,45,1,1,1,1
1490,0,665,337,280,65,1,1,1,1
1490,0,838,372,55,45,1,1,1,1
1491,0,20,342,180,115,1,1,1,1
1491,0,285,345,90,60,1,1,1,1
1491,0,475,337,60,45,1,1,1,1
1491,0,665,337,280,65,1,1,1,1
1491,0,838,372,55,45,1,1,1,1
1492,0,20,342,180,115,1,1,1,1
1492,0,285,345,90,60,1,1,1,1
1492,0,475,337,60,45,1,1,1,1
1492,0,665,337,280,65,1,1,1,1
1492,0,838,372,55,45,1,1,1,1
1493,0,20,342,180,115,1,1,1,1
1493,0,285,345,90,60,1,1,1,1
1493,0,475,337,60,45,1,1,1,1
1493,0,665,337,280,65,1,1,1,1
1493,0,837,372,55,45,1,1,1,1
1494,0,20,342,180,115,1,1,1,1
1494,0,285,345,90,60,1,1,1,1
1494,0,475,337,60,45,1,1,1,1
1494,0,665,337,280,65,1,1,1,1
1494,0,837,372,55,45,1,1,1,1
1495,0,20,342,180,115,1,1,1,1
1495,0,285,345,90,60,1,1,1,1
1495,0,475,337,60,45,1,1,1,1
1495,0,665,337,280,65,1,1,1,1
1495,0,837,372,55,45,1,1,1,1
1496,0,20,342,180,115,1,1,1,1
1496,0,285,345,90,60,1,1,1,1
1496,0,475,337,60,45,1,1,1,1
1496,0,665,337,280,65,1,1,1,1
1496,0,837,372,55,45,1,1,1,1
1497,0,20,342,180,115,1,1,1,1
1497,0,285,345,90,60,1,1,1,1
1497,0,475,337,60,45,1,1,1,1
1497,0,665,337,280,65,1,1,1,1
1497,0,837,372,55,45,1,1,1,1
1498,0,20,342,180,115,1,1,1,1
1498,0,285,345,90,60,1,1,1,1
1498,0,475,337,60,45,1,1,1,1
1498,0,665,337,280,65,1,1,1,1
1498,0,837,372,55,45,1,1,1,1
1499,0,20,342,180,115,1,1,1,1
1499,0,285,345,90,60,1,1,1,1
1499,0,475,337,60,45,1,1,1,1
1499,0,665,337,280,65,1,1,1,1
1499,0,837,372,55,45,1,1,1,1
1500,0,20,342,180,115,1,1,1,1
1500,0,285,345,90,60,1,1,1,1
1500,0,475,337,60,45,1,1,1,1
1500,0,665,337,280,65,1,1,1,1
1500,0,837,372,55,45,1,1,1,1
1501,0,20,342,180,115,1,1,1,1
1501,0,285,345,90,60,1,1,1,1
1501,0,475,337,60,45,1,1,1,1
1501,0,665,337,280,65,1,1,1,1
1501,0,837,372,55,45,1,1,1,1
1502,0,20,342,180,115,1,1,1,1
1502,0,285,345,90,60,1,1,1,1
1502,0,475,337,60,45,1,1,1,1
1502,0,665,337,280,65,1,1,1,1
1502,0,837,372,55,45,1,1,1,1
1503,0,19,342,180,115,1,1,1,1
1503,0,284,345,90,60,1,1,1,1
1503,0,474,337,60,45,1,1,1,1
1503,0,664,337,280,65,1,1,1,1
1503,0,837,372,55,45,1,1,1,1
1504,0,19,342,180,115,1,1,1,1
1504,0,284,345,90,60,1,1,1,1
1504,0,474,337,60,45,1,1,1,1
1504,0,664,337,280,65,1,1,1,1
1504,0,837,372,55,45,1,1,1,1
1505,0,19,342,180,115,1,1,1,1
1505,0,284,345,90,60,1,1,1,1
1505,0,474,337,60,45,1,1,1,1
1505,0,664,337,280,65,1,1,1,1
1505,0,837,372,55,45,1,1,1,1
1506,0,19,342,180,115,1,1,1,1
1506,0,284,345,90,60,1,1,1,1
1506,0,474,337,60,45,1,1,1,1
1506,0,664,337,280,65,1,1,1,1
1506,0,837,372,55,45,1,1,1,1
1507,0,19,342,180,115,1,1,1,1
1507,0,284,345,90,60,1,1,1,1
1507,0,474,337,60,45,1,1,1,1
1507,0,664,337,280,65,1,1,1,1
1507,0,837,372,55,45,1,1,1,1
1508,0,19,342,180,115,1,1,1,1
1508,0,284,345,90,60,1,1,1,1
1508,0,474,337,60,45,1,1,1,1
1508,0,664,337,280,65,1,1,1,1
1508,0,837,372,55,45,1,1,1,1
1509,0,19,342,180,115,1,1,1,1
1509,0,284,345,90,60,1,1,1,1
1509,0,474,337,60,45,1,1,1,1
1509,0,664,337,280,65,1,1,1,1
1509,0,837,372,55,45,1,1,1,1
1510,0,19,342,180,115,1,1,1,1
1510,0,284,345,90,60,1,1,1,1
1510,0,474,337,60,45,1,1,1,1
1510,0,664,337,280,65,1,1,1,1
1510,0,837,372,55,45,1,1,1,1
1511,0,19,342,180,115,1,1,1,1
1511,0,284,345,90,60,1,1,1,1
1511,0,474,337,60,45,1,1,1,1
1511,0,664,337,280,65,1,1,1,1
1511,0,837,372,55,45,1,1,1,1
1512,0,19,342,180,115,1,1,1,1
1512,0,284,345,90,60,1,1,1,1
1512,0,474,337,60,45,1,1,1,1
1512,0,664,337,280,65,1,1,1,1
1512,0,837,372,55,45,1,1,1,1
1513,0,19,342,180,115,1,1,1,1
1513,0,284,345,90,60,1,1,1,1
1513,0,474,337,60,45,1,1,1,1
1513,0,664,337,280,65,1,1,1,1
1513,0,836,372,55,45,1,1,1,1
1514,0,19,342,180,115,1,1,1,1
1514,0,284,345,90,60,1,1,1,1
1514,0,474,337,60,45,1,1,1,1
1514,0,664,337,280,65,1,1,1,1
1514,0,836,372,55,45,1,1,1,1
1515,0,19,342,180,115,1,1,1,1
1515,0,284,345,90,60,1,1,1,1
1515,0,474,337,60,45,1,1,1,1
1515,0,664,337,280,65,1,1,1,1
1515,0,836,372,55,45,1,1,1,1
1516,0,19,342,180,115,1,1,1,1
1516,0,284,345,90,60,1,1,1,1
1516,0,474,337,60,45,1,1,1,1
1516,0,664,337,280,65,1,1,1,1
1516,0,836,372,55,45,1,1,1,1
1517,0,19,342,180,115,1,1,1,1
1517,0,284,345,90,60,1,1,1,1
1517,0,474,337,60,45,1,1,1,1
1517,0,664,337,280,65,1,1,1,1
1517,0,836,372,55,45,1,1,1,1
1518,0,18,342,180,115,1,1,1,1
1518,0,284,345,90,60,1,1,1,1
1518,0,474,337,60,45,1,1,1,1
1518,0,664,337,280,65,1,1,1,1
1518,0,836,372,55,45,1,1,1,1
1519,0,18,342,180,115,1,1,1,1
1519,0,284,345,90,60,1,1,1,1
1519,0,474,337,60,45,1,1,1,1
1519,0,664,337,280,65,1,1,1,1
1519,0,836,372,55,45,1,1,1,1
1520,0,18,342,180,115,1,1,1,1
1520,0,284,345,90,60,1,1,1,1
1520,0,474,337,60,45,1,1,1,1
1520,0,664,337,280,65,1,1,1,1
1520,0,836,372,55,45,1,1,1,1
1521,0,18,342,180,115,1,1,1,1
1521,0,284,345,90,60,1,1,1,1
1521,0,474,337,60,45,1,1,1,1
1521,0,664,337,280,65,1,1,1,1
1521,0,836,372,55,45,1,1,1,1
1522,0,18,342,180,115,1,1,1,1
1522,0,284,345,90,60,1,1,1,1
1522,0,474,337,60,45,1,1,1,1
1522,0,664,337,280,65,1,1,1,1
1522,0,836,372,55,45,1,1,1,1
1523,0,18,342,180,115,1,1,1,1
1523,0,284,345,90,60,1,1,1,1
1523,0,474,337,60,45,1,1,1,1
1523,0,664,337,280,65,1,1,1,1
1523,0,836,372,55,45,1,1,1,1
1524,0,18,342,180,115,1,1,1,1
1524,0,284,345,90,60,1,1,1,1
1524,0,474,337,60,45,1,1,1,1
1524,0,664,337,280,65,1,1,1,1
1524,0,836,372,55,45,1,1,1,1
1525,0,18,342,180,115,1,1,1,1
1525,0,284,345,90,60,1,1,1,1
1525,0,474,337,60,45,1,1,1,1
1525,0,664,337,280,65,1,1,1,1
1525,0,836,372,55,45,1,1,1,1
1526,0,18,342,180,115,1,1,1,1
1526,0,284,345,90,60,1,1,1,1
1526,0,474,337,60,45,1,1,1,1
1526,0,664,337,280,65,1,1,1,1
1526,0,836,372,55,45,1,1,1,1
1527,0,18,342,180,115,1,1,1,1
1527,0,284,345,90,60,1,1,1,1
1527,0,474,337,60,45,1,1,1,1
1527,0,664,337,280,65,1,1,1,1
1527,0,836,372,55,45,1,1,1,1
1528,0,18,342,180,115,1,1,1,1
1528,0,284,345,90,60,1,1,1,1
1528,0,474,337,60,45,1,1,1,1
1528,0,664,337,280,65,1,1,1,1
1528,0,836,372,55,45,1,1,1,1
1529,0,18,342,180,115,1,1,1,1
1529,0,284,345,90,60,1,1,1,1
1529,0,474,337,60,45,1,1,1,1
1529,0,664,337,280,65,1,1,1,1
1529,0,836,372,55,45,1,1,1,1
1530,0,18,342,180,115,1,1,1,1
1530,0,284,345,90,60,1,1,1,1
1530,0,474,337,60,45,1,1,1,1
1530,0,664,337,280,65,1,1,1,1
1530,0,836,372,55,45,1,1,1,1
1531,0,18,342,180,115,1,1,1,1
1531,0,284,345,90,60,1,1,1,1
1531,0,474,337,60,45,1,1,1,1
1531,0,664,337,280,65,1,1,1,1
1531,0,836,372,55,45,1,1,1,1
1532,0,18,343,180,115,1,1,1,1
1532,0,284,345,90,60,1,1,1,1
1532,0,474,337,60,45,1,1,1,1
1532,0,664,337,280,65,1,1,1,1
1532,0,836,373,55,45,1,1,1,1
1533,0,17,343,180,115,1,1,1,1
1533,0,283,345,90,60,1,1,1,1
1533,0,474,337,60,45,1,1,1,1
1533,0,664,337,280,65,1,1,1,1
1533,0,835,373,55,45,1,1,1,1
1534,0,17,343,180,115,1,1,1,1
1534,0,283,345,90,60,1,1,1,1
1534,0,474,337,60,45,1,1,1,1
1534,0,664,337,280,65,1,1,1,1
1534,0,835,373,55,45,1,1,1,1
1535,0,17,343,180,115,1,1,1,1
1535,0,283,345,90,60,1,1,1,1
1535,0,474,337,60,45,1,1,1,1
1535,0,664,337,280,65,1,1,1,1
1535,0,835,373,55,45,1,1,1,1
1536,0,17,343,180,115,1,1,1,1
1536,0,283,345,90,60,1,1,1,1
1536,0,474,337,60,45,1,1,1,1
1536,0,664,337,280,65,1,1,1,1
1536,0,835,373,55,45,1,1,1,1
1537,0,17,343,180,115,1,1,1,1
1537,0,283,345,90,60,1,1,1,1
1537,0,474,337,60,45,1,1,1,1
1537,0,664,337,280,65,1,1,1,1
1537,0,835,373,55,45,1,1,1,1
1538,0,17,343,180,115,1,1,1,1
1538,0,283,345,90,60,1,1,1,1
1538,0,474,337,60,45,1,1,1,1
1538,0,664,337,280,65,1,1,1,1
1538,0,835,373,55,45,1,1,1,1
1539,0,17,343,180,115,1,1,1,1
1539,0,283,345,90,60,1,1,1,1
1539,0,474,337,60,45,1,1,1,1
1539,0,664,337,280,65,1,1,1,1
1539,0,835,373,55,45,1,1,1,1
1540,0,17,343,180,115,1,1,1,1
1540,0,283,345,90,60,1,1,1,1
1540,0,474,337,60,45,1,1,1,1
1540,0,664,337,280,65,1,1,1,1
1540,0,835,373,55,45,1,1,1,1
1541,0,17,343,180,115,1,1,1,1
1541,0,283,345,90,60,1,1,1,1
1541,0,474,337,60,45,1,1,1,1
1541,0,664,337,280,65,1,1,1,1
1541,0,835,373,55,45,1,1,1,1
1542,0,17,343,180,115,1,1,1,1
1542,0,283,345,90,60,1,1,1,1
1542,0,474,337,60,45,1,1,1,1
1542,0,664,337,280,65,1,1,1,1
1542,0,835,373,55,45,1,1,1,1
1543,0,17,343,180,115,1,1,1,1
1543,0,283,345,90,60,1,1,1,1
1543,0,474,337,60,45,1,1,1,1
1543,0,664,337,280,65,1,1,1,1
1543,0,835,373,55,45,1,1,1,1
1544,0,17,343,180,115,1,1,1,1
1544,0,283,345,90,60,1,1,1,1
1544,0,474,337,60,45,1,1,1,1
1544,0,664,337,280,65,1,1,1,1
1544,0,835,373,55,45,1,1,1,1
1545,0,17,343,180,115,1,1,1,1
1545,0,283,345,90,60,1,1,1,1
1545,0,474,337,60,45,1,1,1,1
1545,0,664,337,280,65,1,1,1,1
1545,0,835,373,55,45,1,1,1,1
1546,0,17,343,180,115,1,1,1,1
1546,0,283,345,90,60,1,1,1,1
1546,0,474,337,60,45,1,1,1,1
1546,0,664,337,280,65,1,1,1,1
1546,0,835,373,55,45,1,1,1,1
1547,0,17,343,180,115,1,1,1,1
1547,0,283,345,90,60,1,1,1,1
1547,0,474,337,60,45,1,1,1,1
1547,0,664,337,280,65,1,1,1,1
1547,0,835,373,55,45,1,1,1,1
1548,0,16,343,180,115,1,1,1,1
1548,0,283,345,90,60,1,1,1,1
1548,0,474,337,60,45,1,1,1,1
1548,0,664,337,280,65,1,1,1,1
1548,0,835,373,55,45,1,1,1,1
1549,0,16,343,180,115,1,1,1,1
1549,0,283,345,90,60,1,1,1,1
1549,0,474,337,60,45,1,1,1,1
1549,0,664,337,280,65,1,1,1,1
1549,0,835,373,55,45,1,1,1,1
1550,0,16,343,180,115,1,1,1,1
1550,0,283,345,90,60,1,1,1,1
1550,0,474,337,60,45,1,1,1,1
1550,0,664,337,280,65,1,1,1,1
1550,0,835,373,55,45,1,1,1,1
1551,0,16,343,180,115,1,1,1,1
1551,0,283,345,90,60,1,1,1,1
1551,0,474,337,60,45,1,1,1,1
1551,0,664,337,280,65,1,1,1,1
1551,0,835,373,55,45,1,1,1,1
1552,0,16,343,180,115,1,1,1,1
1552,0,283,345,90,60,1,1,1,1
1552,0,474,337,60,45,1,1,1,1
1552,0,664,337,280,65,1,1,1,1
1552,0,835,373,55,45,1,1,1,1
1553,0,16,343,180,115,1,1,1,1
1553,0,283,345,90,60,1,1,1,1
1553,0,474,337,60,45,1,1,1,1
1553,0,664,337,280,65,1,1,1,1
1553,0,834,373,55,45,1,1,1,1
1554,0,16,343,180,115,1,1,1,1
1554,0,283,345,90,60,1,1,1,1
1554,0,474,337,60,45,1,1,1,1
1554,0,664,337,280,65,1,1,1,1
1554,0,834,373,55,45,1,1,1,1
1555,0,16,343,180,115,1,1,1,1
1555,0,283,345,90,60,1,1,1,1
1555,0,474,337,60,45,1,1,1,1
1555,0,664,337,280,65,1,1,1,1
1555,0,834,373,55,45,1,1,1,1
1556,0,16,343,180,115,1,1,1,1
1556,0,283,345,90,60,1,1,1,1
1556,0,474,337,60,45,1,1,1,1
1556,0,664,337,280,65,1,1,1,1
1556,0,834,373,55,45,1,1,1,1
1557,0,16,343,180,115,1,1,1,1
1557,0,283,345,90,60,1,1,1,1
1557,0,474,337,60,45,1,1,1,1
1557,0,664,337,280,65,1,1,1,1
1557,0,834,373,55,45,1,1,1,1
1558,0,16,343,180,115,1,1,1,1
1558,0,283,345,90,60,1,1,1,1
1558,0,474,337,60,45,1,1,1,1
1558,0,664,337,280,65,1,1,1,1
1558,0,834,373,55,45,1,1,1,1
1559,0,16,343,180,115,1,1,1,1
1559,0,283,345,90,60,1,1,1,1
1559,0,474,337,60,45,1,1,1,1
1559,0,664,337,280,65,1,1,1,1
1559,0,834,373,55,45,1,1,1,1
1560,0,16,343,180,115,1,1,1,1
1560,0,283,345,90,60,1,1,1,1
1560,0,474,337,60,45,1,1,1,1
1560,0,664,337,280,65,1,1,1,1
1560,0,834,373,55,45,1,1,1,1
1561,0,16,343,180,115,1,1,1,1
1561,0,283,345,90,60,1,1,1,1
1561,0,474,337,60,45,1,1,1,1
1561,0,664,337,280,65,1,1,1,1
1561,0,834,373,55,45,1,1,1,1
1562,0,16,343,180,115,1,1,1,1
1562,0,283,345,90,60,1,1,1,1
1562,0,474,337,60,45,1,1,1,1
1562,0,664,337,280,65,1,1,1,1
1562,0,834,373,55,45,1,1,1,1
1563,0,15,343,180,115,1,1,1,1
1563,0,282,345,90,60,1,1,1,1
1563,0,473,337,60,45,1,1,1,1
1563,0,664,337,280,65,1,1,1,1
1563,0,834,373,55,45,1,1,1,1
1564,0,15,343,180,115,1,1,1,1
1564,0,282,345,90,60,1,1,1,1
1564,0,473,337,60,45,1,1,1,1
1564,0,664,337,280,65,1,1,1,1
1564,0,834,373,55,45,1,1,1,1
1565,0,15,343,180,115,1,1,1,1
1565,0,282,345,90,60,1,1,1,1
1565,0,473,337,60,45,1,1,1,1
1565,0,664,337,280,65,1,1,1,1
1565,0,834,373,55,45,1,1,1,1
1566,0,15,343,180,115,1,1,1,1
1566,0,282,345,90,60,1,1,1,1
1566,0,473,337,60,45,1,1,1,1
1566,0,664,337,280,65,1,1,1,1
1566,0,834,373,55,45,1,1,1,1
1567,0,15,343,180,115,1,1,1,1
1567,0,282,345,90,60,1,1,1,1
1567,0,473,337,60,45,1,1,1,1
1567,0,664,337,280,65,1,1,1,1
1567,0,834,373,55,45,1,1,1,1
1568,0,15,343,180,115,1,1,1,1
1568,0,282,345,90,60,1,1,1,1
1568,0,473,337,60,45,1,1,1,1
1568,0,664,337,280,65,1,1,1,1
1568,0,834,373,55,45,1,1,1,1
1569,0,15,343,180,115,1,1,1,1
1569,0,282,345,90,60,1,1,1,1
1569,0,473,337,60,45,1,1,1,1
1569,0,664,337,280,65,1,1,1,1
1569,0,834,373,55,45,1,1,1,1
1570,0,15,343,180,115,1,1,1,1
1570,0,282,345,90,60,1,1,1,1
1570,0,473,337,60,45,1,1,1,1
1570,0,664,337,280,65,1,1,1,1
1570,0,834,373,55,45,1,1,1,1
1571,0,15,343,180,115,1,1,1,1
1571,0,282,345,90,60,1,1,1,1
1571,0,473,337,60,45,1,1,1,1
1571,0,664,337,280,65,1,1,1,1
1571,0,834,373,55,45,1,1,1,1
1572,0,15,343,180,115,1,1,1,1
1572,0,282,345,90,60,1,1,1,1
1572,0,473,337,60,45,1,1,1,1
1572,0,664,337,280,65,1,1,1,1
1572,0,834,373,55,45,1,1,1,1
1573,0,15,343,180,115,1,1,1,1
1573,0,282,345,90,60,1,1,1,1
1573,0,473,337,60,45,1,1,1,1
1573,0,664,337,280,65,1,1,1,1
1573,0,833,373,55,45,1,1,1,1
1574,0,15,343,180,115,1,1,1,1
1574,0,282,345,90,60,1,1,1,1
1574,0,473,337,60,45,1,1,1,1
1574,0,664,337,280,65,1,1,1,1
1574,0,833,373,55,45,1,1,1,1
1575,0,15,343,180,115,1,1,1,1
1575,0,282,345,90,60,1,1,1,1
1575,0,473,337,60,45,1,1,1,1
1575,0,664,337,280,65,1,1,1,1
1575,0,833,373,55,45,1,1,1,1
1576,0,15,343,180,115,1,1,1,1
1576,0,282,345,90,60,1,1,1,1
1576,0,473,337,60,45,1,1,1,1
1576,0,664,337,280,65,1,1,1,1
1576,0,833,373,55,45,1,1,1,1
1577,0,15,343,180,115,1,1,1,1
1577,0,282,345,90,60,1,1,1,1
1577,0,473,337,60,45,1,1,1,1
1577,0,664,337,280,65,1,1,1,1
1577,0,833,373,55,45,1,1,1,1
1578,0,14,343,180,115,1,1,1,1
1578,0,282,345,90,60,1,1,1,1
1578,0,473,337,60,45,1,1,1,1
1578,0,664,337,280,65,1,1,1,1
1578,0,833,373,55,45,1,1,1,1
1579,0,14,343,180,115,1,1,1,1
1579,0,282,345,90,60,1,1,1,1
1579,0,473,337,60,45,1,1,1,1
1579,0,664,337,280,65,1,1,1,1
1579,0,833,373,55,45,1,1,1,1
1580,0,14,343,180,115,1,1,1,1
1580,0,282,345,90,60,1,1,1,1
1580,0,473,337,60,45,1,1,1,1
1580,0,664,337,280,65,1,1,1,1
1580,0,833,373,55,45,1,1,1,1
1581,0,14,343,180,115,1,1,1,1
1581,0,282,345,90,60,1,1,1,1
1581,0,473,337,60,45,1,1,1,1
1581,0,664,337,280,65,1,1,1,1
1581,0,833,373,55,45,1,1,1,1
1582,0,14,343,180,115,1,1,1,1
1582,0,282,345,90,60,1,1,1,1
1582,0,473,337,60,45,1,1,1,1
1582,0,664,337,280,65,1,1,1,1
1582,0,833,373,55,45,1,1,1,1
1583,0,14,343,180,115,1,1,1,1
1583,0,282,345,90,60,1,1,1,1
1583,0,473,337,60,45,1,1,1,1
1583,0,664,337,280,65,1,1,1,1
1583,0,833,373,55,45,1,1,1,1
1584,0,14,343,180,115,1,1,1,1
1584,0,282,345,90,60,1,1,1,1
1584,0,473,337,60,45,1,1,1,1
1584,0,664,337,280,65,1,1,1,1
1584,0,833,373,55,45,1,1,1,1
1585,0,14,343,180,115,1,1,1,1
1585,0,282,345,90,60,1,1,1,1
1585,0,473,337,60,45,1,1,1,1
1585,0,664,337,280,65,1,1,1,1
1585,0,833,373,55,45,1,1,1,1
1586,0,14,343,180,115,1,1,1,1
1586,0,282,345,90,60,1,1,1,1
1586,0,473,337,60,45,1,1,1,1
1586,0,664,337,280,65,1,1,1,1
1586,0,833,373,55,45,1,1,1,1
1587,0,14,343,180,115,1,1,1,1
1587,0,282,345,90,60,1,1,1,1
1587,0,473,337,60,45,1,1,1,1
1587,0,664,337,280,65,1,1,1,1
1587,0,833,373,55,45,1,1,1,1
1588,0,14,343,180,115,1,1,1,1
1588,0,282,345,90,60,1,1,1,1
1588,0,473,337,60,45,1,1,1,1
1588,0,664,337,280,65,1,1,1,1
1588,0,833,373,55,45,1,1,1,1
1589,0,14,343,180,115,1,1,1,1
1589,0,282,345,90,60,1,1,1,1
1589,0,473,337,60,45,1,1,1,1
1589,0,664,337,280,65,1,1,1,1
1589,0,833,373,55,45,1,1,1,1
1590,0,14,343,180,115,1,1,1,1
1590,0,282,345,90,60,1,1,1,1
1590,0,473,337,60,45,1,1,1,1
1590,0,664,337,280,65,1,1,1,1
1590,0,833,373,55,45,1,1,1,1
1591,0,14,343,180,115,1,1,1,1
1591,0,282,345,90,60,1,1,1,1
1591,0,473,337,60,45,1,1,1,1
1591,0,664,337,280,65,1,1,1,1
1591,0,833,373,55,45,1,1,1,1
1592,0,14,344,180,115,1,1,1,1
1592,0,282,345,90,60,1,1,1,1
1592,0,473,337,60,45,1,1,1,1
1592,0,664,337,280,65,1,1,1,1
1592,0,833,374,55,45,1,1,1,1
1593,0,13,344,180,115,1,1,1,1
1593,0,281,345,90,60,1,1,1,1
1593,0,473,337,60,45,1,1,1,1
1593,0,664,337,280,65,1,1,1,1
1593,0,832,374,55,45,1,1,1,1
1594,0,13,344,180,115,1,1,1,1
1594,0,281,345,90,60,1,1,1,1
1594,0,473,337,60,45,1,1,1,1
1594,0,664,337,280,65,1,1,1,1
1594,0,832,374,55,45,1,1,1,1
1595,0,13,344,180,115,1,1,1,1
1595,0,281,345,90,60,1,1,1,1
1595,0,473,337,60,45,1,1,1,1
1595,0,664,337,280,65,1,1,1,1
1595,0,832,374,55,45,1,1,1,1
1596,0,13,344,180,115,1,1,1,1
1596,0,281,345,90,60,1,1,1,1
1596,0,473,337,60,45,1,1,1,1
1596,0,664,337,280,65,1,1,1,1
1596,0,832,374,55,45,1,1,1,1
1597,0,13,344,180,115,1,1,1,1
1597,0,281,345,90,60,1,1,1,1
1597,0,473,337,60,45,1,1,1,1
1597,0,664,337,280,65,1,1,1,1
1597,0,832,374,55,45,1,1,1,1
1598,0,13,344,180,115,1,1,1,1
1598,0,281,345,90,60,1,1,1,1
1598,0,473,337,60,45,1,1,1,1
1598,0,664,337,280,65,1,1,1,1
1598,0,832,374,55,45,1,1,1,1
1599,0,13,344,180,115,1,1,1,1
1599,0,281,345,90,60,1,1,1,1
1599,0,473,337,60,45,1,1,1,1
1599,0,664,337,280,65,1,1,1,1
1599,0,832,374,55,45,1,1,1,1
1600,0,13,344,180,115,1,1,1,1
1600,0,281,345,90,60,1,1,1,1
1600,0,473,337,60,45,1,1,1,1
1600,0,664,337,280,65,1,1,1,1
1600,0,832,374,55,45,1,1,1,1
1601,0,13,344,180,115,1,1,1,1
1601,0,281,345,90,60,1,1,1,1
1601,0,473,337,60,45,1,1,1,1
1601,0,664,337,280,65,1,1,1,1
1601,0,832,374,55,45,1,1,1,1
1602,0,13,344,180,115,1,1,1,1
1602,0,281,345,90,60,1,1,1,1
1602,0,473,337,60,45,1,1,1,1
1602,0,664,337,280,65,1,1,1,1
1602,0,832,374,55,45,1,1,1,1
1603,0,13,344,180,115,1,1,1,1
1603,0,281,345,90,60,1,1,1,1
1603,0,473,337,60,45,1,1,1,1
1603,0,663,337,280,65,1,1,1,1
1603,0,832,374,55,45,1,1,1,1
1604,0,13,344,180,115,1,1,1,1
1604,0,281,345,90,60,1,1,1,1
1604,0,473,337,60,45,1,1,1,1
1604,0,663,337,280,65,1,1,1,1
1604,0,832,374,55,45,1,1,1,1
1605,0,13,344,180,115,1,1,1,1
1605,0,281,345,90,60,1,1,1,1
1605,0,473,337,60,45,1,1,1,1
1605,0,663,337,280,65,1,1,1,1
1605,0,832,374,55,45,1,1,1,1
1606,0,13,344,180,115,1,1,1,1
1606,0,281,345,90,60,1,1,1,1
1606,0,473,337,60,45,1,1,1,1
1606,0,663,337,280,65,1,1,1,1
1606,0,832,374,55,45,1,1,1,1
1607,0,13,344,180,115,1,1,1,1
1607,0,281,345,90,60,1,1,1,1
1607,0,473,337,60,45,1,1,1,1
1607,0,663,337,280,65,1,1,1,1
1607,0,832,374,55,45,1,1,1,1
1608,0,12,344,180,115,1,1,1,1
1608,0,281,345,90,60,1,1,1,1
1608,0,473,337,60,45,1,1,1,1
1608,0,663,337,280,65,1,1,1,1
1608,0,832,374,55,45,1,1,1,1
1609,0,12,344,180,115,1,1,1,1
1609,0,281,345,90,60,1,1,1,1
1609,0,473,337,60,45,1,1,1,1
1609,0,663,337,280,65,1,1,1,1
1609,0,832,374,55,45,1,1,1,1
1610,0,12,344,180,115,1,1,1,1
1610,0,281,345,90,60,1,1,1,1
1610,0,473,337,60,45,1,1,1,1
1610,0,663,337,280,65,1,1,1,1
1610,0,832,374,55,45,1,1,1,1
1611,0,12,344,180,115,1,1,1,1
1611,0,281,345,90,60,1,1,1,1
1611,0,473,337,60,45,1,1,1,1
1611,0,663,337,280,65,1,1,1,1
1611,0,832,374,55,45,1,1,1,1
1612,0,12,344,180,115,1,1,1,1
1612,0,281,345,90,60,1,1,1,1
1612,0,473,337,60,45,1,1,1,1
1612,0,663,337,280,65,1,1,1,1
1612,0,832,374,55,45,1,1,1,1
1613,0,12,344,180,115,1,1,1,1
1613,0,281,345,90,60,1,1,1,1
1613,0,473,337,60,45,1,1,1,1
1613,0,663,337,280,65,1,1,1,1
1613,0,831,374,55,45,1,1,1,1
1614,0,12,344,180,115,1,1,1,1
1614,0,281,345,90,60,1,1,1,1
1614,0,473,337,60,45,1,1,1,1
1614,0,663,337,280,65,1,1,1,1
1614,0,831,374,55,45,1,1,1,1
1615,0,12,344,180,115,1,1,1,1
1615,0,281,345,90,60,1,1,1,1
1615,0,473,337,60,45,1,1,1,1
1615,0,663,337,280,65,1,1,1,1
1615,0,831,374,55,45,1,1,1,1
1616,0,12,344,180,115,1,1,1,1
1616,0,281,345,90,60,1,1,1,1
1616,0,473,337,60,45,1,1,1,1
1616,0,663,337,280,65,1,1,1,1
1616,0,831,374,55,45,1,1,1,1
1617,0,12,344,180,115,1,1,1,1
1617,0,281,345,90,60,1,1,1,1
1617,0,473,337,60,45,1,1,1,1
1617,0,663,337,280,65,1,1,1,1
1617,0,831,374,55,45,1,1,1,1
1618,0,12,344,180,115,1,1,1,1
1618,0,281,345,90,60,1,1,1,1
1618,0,473,337,60,45,1,1,1,1
1618,0,663,337,280,65,1,1,1,1
1618,0,831,374,55,45,1,1,1,1
1619,0,12,344,180,115,1,1,1,1
1619,0,281,345,90,60,1,1,1,1
1619,0,473,337,60,45,1,1,1,1
1619,0,663,337,280,65,1,1,1,1
1619,0,831,374,55,45,1,1,1,1
1620,0,12,344,180,115,1,1,1,1
1620,0,281,345,90,60,1,1,1,1
1620,0,473,337,60,45,1,1,1,1
1620,0,663,337,280,65,1,1,1,1
1620,0,831,374,55,45,1,1,1,1
1621,0,12,344,180,115,1,1,1,1
1621,0,281,345,90,60,1,1,1,1
1621,0,473,337,60,45,1,1,1,1
1621,0,663,337,280,65,1,1,1,1
1621,0,831,374,55,45,1,1,1,1
1622,0,12,344,180,115,1,1,1,1
1622,0,281,345,90,60,1,1,1,1
1622,0,473,337,60,45,1,1,1,1
1622,0,663,337,280,65,1,1,1,1
1622,0,831,374,55,45,1,1,1,1
1623,0,11,344,180,115,1,1,1,1
1623,0,280,345,90,60,1,1,1,1
1623,0,472,337,60,45,1,1,1,1
1623,0,663,337,280,65,1,1,1,1
1623,0,831,374,55,45,1,1,1,1
1624,0,11,344,180,115,1,1,1,1
1624,0,280,345,90,60,1,1,1,1
1624,0,472,337,60,45,1,1,1,1
1624,0,663,337,280,65,1,1,1,1
1624,0,831,374,55,45,1,1,1,1
1625,0,11,344,180,115,1,1,1,1
1625,0,280,345,90,60,1,1,1,1
1625,0,472,337,60,45,1,1,1,1
1625,0,663,337,280,65,1,1,1,1
1625,0,831,374,55,45,1,1,1,1
1626,0,11,344,180,115,1,1,1,1
1626,0,280,345,90,60,1,1,1,1
1626,0,472,337,60,45,1,1,1,1
1626,0,663,337,280,65,1,1,1,1
1626,0,831,374,55,45,1,1,1,1
1627,0,11,344,180,115,1,1,1,1
1627,0,280,345,90,60,1,1,1,1
1627,0,472,337,60,45,1,1,1,1
1627,0,663,337,280,65,1,1,1,1
1627,0,831,374,55,45,1,1,1,1
1628,0,11,344,180,115,1,1,1,1
1628,0,280,345,90,60,1,1,1,1
1628,0,472,337,60,45,1,1,1,1
1628,0,663,337,280,65,1,1,1,1
1628,0,831,374,55,45,1,1,1,1
1629,0,11,344,180,115,1,1,1,1
1629,0,280,345,90,60,1,1,1,1
1629,0,472,337,60,45,1,1,1,1
1629,0,663,337,280,65,1,1,1,1
1629,0,831,374,55,45,1,1,1,1
1630,0,11,344,180,115,1,1,1,1
1630,0,280,345,90,60,1,1,1,1
1630,0,472,337,60,45,1,1,1,1
1630,0,663,337,280,65,1,1,1,1
1630,0,831,374,55,45,1,1,1,1
1631,0,11,344,180,115,1,1,1,1
1631,0,280,345,90,60,1,1,1,1
1631,0,472,337,60,45,1,1,1,1
1631,0,663,337,280,65,1,1,1,1
1631,0,831,374,55,45,1,1,1,1
1632,0,11,344,180,115,1,1,1,1
1632,0,280,345,90,60,1,1,1,1
1632,0,472,337,60,45,1,1,1,1
1632,0,663,337,280,65,1,1,1,1
1632,0,831,374,55,45,1,1,1,1
1633,0,11,344,180,115,1,1,1,1
1633,0,280,345,90,60,1,1,1,1
1633,0,472,337,60,45,1,1,1,1
1633,0,663,337,280,65,1,1,1,1
1633,0,830,374,55,45,1,1,1,1
1634,0,11,344,180,115,1,1,1,1
1634,0,280,345,90,60,1,1,1,1
1634,0,472,337,60,45,1,1,1,1
1634,0,663,337,280,65,1,1,1,1
1634,0,830,374,55,45,1,1,1,1
1635,0,11,344,180,115,1,1,1,1
1635,0,280,345,90,60,1,1,1,1
1635,0,472,337,60,45,1,1,1,1
1635,0,663,337,280,65,1,1,1,1
1635,0,830,374,55,45,1,1,1,1
1636,0,11,344,180,115,1,1,1,1
1636,0,280,345,90,60,1,1,1,1
1636,0,472,337,60,45,1,1,1,1
1636,0,663,337,280,65,1,1,1,1
1636,0,830,374,55,45,1,1,1,1
1637,0,11,344,180,115,1,1,1,1
1637,0,280,345,90,60,1,1,1,1
1637,0,472,337,60,45,1,1,1,1
1637,0,663,337,280,65,1,1,1,1
1637,0,830,374,55,45,1,1,1,1
1638,0,10,344,180,115,1,1,1,1
1638,0,280,345,90,60,1,1,1,1
1638,0,472,337,60,45,1,1,1,1
1638,0,663,337,280,65,1,1,1,1
1638,0,830,374,55,45,1,1,1,1
1639,0,10,344,180,115,1,1,1,1
1639,0,280,345,90,60,1,1,1,1
1639,0,472,337,60,45,1,1,1,1
1639,0,663,337,280,65,1,1,1,1
1639,0,830,374,55,45,1,1,1,1
1640,0,10,344,180,115,1,1,1,1
1640,0,280,345,90,60,1,1,1,1
1640,0,472,337,60,45,1,1,1,1
1640,0,663,337,280,65,1,1,1,1
1640,0,830,374,55,45,1,1,1,1
1641,0,10,344,180,115,1,1,1,1
1641,0,280,345,90,60,1,1,1,1
1641,0,472,337,60,45,1,1,1,1
1641,0,663,337,280,65,1,1,1,1
1641,0,830,374,55,45,1,1,1,1
1642,0,10,344,180,115,1,1,1,1
1642,0,280,345,90,60,1,1,1,1
1642,0,472,337,60,45,1,1,1,1
1642,0,663,337,280,65,1,1,1,1
1642,0,830,374,55,45,1,1,1,1
1643,0,10,344,180,115,1,1,1,1
1643,0,280,345,90,60,1,1,1,1
1643,0,472,337,60,45,1,1,1,1
1643,0,663,337,280,65,1,1,1,1
1643,0,830,374,55,45,1,1,1,1
1644,0,10,344,180,115,1,1,1,1
1644,0,280,345,90,60,1,1,1,1
1644,0,472,337,60,45,1,1,1,1
1644,0,663,337,280,65,1,1,1,1
1644,0,830,374,55,45,1,1,1,1
1645,0,10,344,180,115,1,1,1,1
1645,0,280,345,90,60,1,1,1,1
1645,0,472,337,60,45,1,1,1,1
1645,0,663,337,280,65,1,1,1,1
1645,0,830,374,55,45,1,1,1,1
1646,0,10,344,180,115,1,1,1,1
1646,0,280,345,90,60,1,1,1,1
1646,0,472,337,60,45,1,1,1,1
1646,0,663,337,280,65,1,1,1,1
1646,0,830,374,55,45,1,1,1,1
1647,0,10,344,180,115,1,1,1,1
1647,0,280,345,90,60,1,1,1,1
1647,0,472,337,60,45,1,1,1,1
1647,0,663,337,280,65,1,1,1,1
1647,0,830,374,55,45,1,1,1,1
1648,0,10,344,180,115,1,1,1,1
1648,0,280,345,90,60,1,1,1,1
1648,0,472,337,60,45,1,1,1,1
1648,0,663,337,280,65,1,1,1,1
1648,0,830,374,55,45,1,1,1,1
1649,0,10,344,180,115,1,1,1,1
1649,0,280,345,90,60,1,1,1,1
1649,0,472,337,60,45,1,1,1,1
1649,0,663,337,280,65,1,1,1,1
1649,0,830,374,55,45,1,1,1,1
1650,0,10,344,180,115,1,1,1,1
1650,0,280,345,90,60,1,1,1,1
1650,0,472,337,60,45,1,1,1,1
1650,0,663,337,280,65,1,1,1,1
1650,0,830,374,55,45,1,1,1,1
1651,0,10,344,180,115,1,1,1,1
1651,0,280,345,90,60,1,1,1,1
1651,0,472,337,60,45,1,1,1,1
1651,0,663,337,280,65,1,1,1,1
1651,0,830,374,55,45,1,1,1,1
1652,0,10,345,180,115,1,1,1,1
1652,0,280,345,90,60,1,1,1,1
1652,0,472,337,60,45,1,1,1,1
1652,0,663,337,280,65,1,1,1,1
1652,0,830,375,55,45,1,1,1,1
1653,0,9,345,180,115,1,1,1,1
1653,0,279,345,90,60,1,1,1,1
1653,0,472,337,60,45,1,1,1,1
1653,0,663,337,280,65,1,1,1,1
1653,0,829,375,55,45,1,1,1,1
1654,0,9,345,180,115,1,1,1,1
1654,0,279,345,90,60,1,1,1,1
1654,0,472,337,60,45,1,1,1,1
1654,0,663,337,280,65,1,1,1,1
1654,0,829,375,55,45,1,1,1,1
1655,0,9,345,180,115,1,1,1,1
1655,0,279,345,90,60,1,1,1,1
1655,0,472,337,60,45,1,1,1,1
1655,0,663,337,280,65,1,1,1,1
1655,0,829,375,55,45,1,1,1,1
1656,0,9,345,180,115,1,1,1,1
1656,0,279,345,90,60,1,1,1,1
1656,0,472,337,60,45,1,1,1,1
1656,0,663,337,280,65,1,1,1,1
1656,0,829,375,55,45,1,1,1,1
1657,0,9,345,180,115,1,1,1,1
1657,0,279,345,90,60,1,1,1,1
1657,0,472,337,60,45,1,1,1,1
1657,0,663,337,280,65,1,1,1,1
1657,0,829,375,55,45,1,1,1,1
1658,0,9,345,180,115,1,1,1,1
1658,0,279,345,90,60,1,1,1,1
1658,0,472,337,60,45,1,1,1,1
1658,0,663,337,280,65,1,1,1,1
1658,0,829,375,55,45,1,1,1,1
1659,0,9,345,180,115,1,1,1,1
1659,0,279,345,90,60,1,1,1,1
1659,0,472,337,60,45,1,1,1,1
1659,0,663,337,280,65,1,1,1,1
1659,0,829,375,55,45,1,1,1,1
1660,0,9,345,180,115,1,1,1,1
1660,0,279,345,90,60,1,1,1,1
1660,0,472,337,60,45,1,1,1,1
1660,0,663,337,280,65,1,1,1,1
1660,0,829,375,55,45,1,1,1,1
1661,0,9,345,180,115,1,1,1,1
1661,0,279,345,90,60,1,1,1,1
1661,0,472,337,60,45,1,1,1,1
1661,0,663,337,280,65,1,1,1,1
1661,0,829,375,55,45,1,1,1,1
1662,0,9,345,180,115,1,1,1,1
1662,0,279,345,90,60,1,1,1,1
1662,0,472,337,60,45,1,1,1,1
1662,0,663,337,280,65,1,1,1,1
1662,0,829,375,55,45,1,1,1,1
1663,0,9,345,180,115,1,1,1,1
1663,0,279,345,90,60,1,1,1,1
1663,0,472,337,60,45,1,1,1,1
1663,0,663,337,280,65,1,1,1,1
1663,0,829,375,55,45,1,1,1,1
1664,0,9,345,180,115,1,1,1,1
1664,0,279,345,90,60,1,1,1,1
1664,0,472,337,60,45,1,1,1,1
1664,0,663,337,280,65,1,1,1,1
1664,0,829,375,55,45,1,1,1,1
1665,0,9,345,180,115,1,1,1,1
1665,0,279,345,90,60,1,1,1,1
1665,0,472,337,60,45,1,1,1,1
1665,0,663,337,280,65,1,1,1,1
1665,0,829,375,55,45,1,1,1,1
1666,0,9,345,180,115,1,1,1,1
1666,0,279,345,90,60,1,1,1,1
1666,0,472,337,60,45,1,1,1,1
1666,0,663,337,280,65,1,1,1,1
1666,0,829,375,55,45,1,1,1,1
1667,0,9,345,180,115,1,1,1,1
1667,0,279,345,90,60,1,1,1,1
1667,0,472,337,60,45,1,1,1,1
1667,0,663,337,280,65,1,1,1,1
1667,0,829,375,55,45,1,1,1,1
1668,0,8,345,180,115,1,1,1,1
1668,0,279,345,90,60,1,1,1,1
1668,0,472,337,60,45,1,1,1,1
1668,0,663,337,280,65,1,1,1,1
1668,0,829,375,55,45,1,1,1,1
1669,0,8,345,180,115,1,1,1,1
1669,0,279,345,90,60,1,1,1,1
1669,0,472,337,60,45,1,1,1,1
1669,0,663,337,280,65,1,1,1,1
1669,0,829,375,55,45,1,1,1,1
1670,0,8,345,180,115,1,1,1,1
1670,0,279,345,90,60,1,1,1,1
1670,0,472,337,60,45,1,1,1,1
1670,0,663,337,280,65,1,1,1,1
1670,0,829,375,55,45,1,1,1,1
1671,0,8,345,180,115,1,1,1,1
1671,0,279,345,90,60,1,1,1,1
1671,0,472,337,60,45,1,1,1,1
1671,0,663,337,280,65,1,1,1,1
1671,0,829,375,55,45,1,1,1,1
1672,0,8,345,180,115,1,1,1,1
1672,0,279,345,90,60,1,1,1,1
1672,0,472,337,60,45,1,1,1,1
1672,0,663,337,280,65,1,1,1,1
1672,0,829,375,55,45,1,1,1,1
1673,0,8,345,180,115,1,1,1,1
1673,0,279,345,90,60,1,1,1,1
1673,0,472,337,60,45,1,1,1,1
1673,0,663,337,280,65,1,1,1,1
1673,0,828,375,55,45,1,1,1,1
1674,0,8,345,180,115,1,1,1,1
1674,0,279,345,90,60,1,1,1,1
1674,0,472,337,60,45,1,1,1,1
1674,0,663,337,280,65,1,1,1,1
1674,0,828,375,55,45,1,1,1,1
1675,0,8,345,180,115,1,1,1,1
1675,0,279,345,90,60,1,1,1,1
1675,0,472,337,60,45,1,1,1,1
1675,0,663,337,280,65,1,1,1,1
1675,0,828,375,55,45,1,1,1,1
1676,0,8,345,180,115,1,1,1,1
1676,0,279,345,90,60,1,1,1,1
1676,0,472,337,60,45,1,1,1,1
1676,0,663,337,280,65,1,1,1,1
1676,0,828,375,55,45,1,1,1,1
1677,0,8,345,180,115,1,1,1,1
1677,0,279,345,90,60,1,1,1,1
1677,0,472,337,60,45,1,1,1,1
1677,0,663,337,280,65,1,1,1,1
1677,0,828,375,55,45,1,1,1,1
1678,0,8,345,180,115,1,1,1,1
1678,0,279,345,90,60,1,1,1,1
1678,0,472,337,60,45,1,1,1,1
1678,0,663,337,280,65,1,1,1,1
1678,0,828,375,55,45,1,1,1,1
1679,0,8,345,180,115,1,1,1,1
1679,0,279,345,90,60,1,1,1,1
1679,0,472,337,60,45,1,1,1,1
1679,0,663,337,280,65,1,1,1,1
1679,0,828,375,55,45,1,1,1,1
1680,0,8,345,180,115,1,1,1,1
1680,0,279,345,90,60,1,1,1,1
1680,0,472,337,60,45,1,1,1,1
1680,0,663,337,280,65,1,1,1,1
1680,0,828,375,55,45,1,1,1,1
1681,0,8,345,180,115,1,1,1,1
1681,0,279,345,90,60,1,1,1,1
1681,0,472,337,60,45,1,1,1,1
1681,0,663,337,280,65,1,1,1,1
1681,0,828,375,55,45,1,1,1,1
1682,0,8,345,180,115,1,1,1,1
1682,0,279,345,90,60,1,1,1,1
1682,0,472,337,60,45,1,1,1,1
1682,0,663,337,280,65,1,1,1,1
1682,0,828,375,55,45,1,1,1,1
1683,0,7,345,180,115,1,1,1,1
1683,0,278,345,90,60,1,1,1,1
1683,0,471,337,60,45,1,1,1,1
1683,0,663,337,280,65,1,1,1,1
1683,0,828,375,55,45,1,1,1,1
1684,0,7,345,180,115,1,1,1,1
1684,0,278,345,90,60,1,1,1,1
1684,0,471,337,60,45,1,1,1,1
1684,0,663,337,280,65,1,1,1,1
1684,0,828,375,55,45,1,1,1,1
1685,0,7,345,180,115,1,1,1,1
1685,0,278,345,90,60,1,1,1,1
1685,0,471,337,60,45,1,1,1,1
1685,0,663,337,280,65,1,1,1,1
1685,0,828,375,55,45,1,1,1,1
1686,0,7,345,180,115,1,1,1,1
1686,0,278,345,90,60,1,1,1,1
1686,0,471,337,60,45,1,1,1,1
1686,0,663,337,280,65,1,1,1,1
1686,0,828,375,55,45,1,1,1,1
1687,0,7,345,180,115,1,1,1,1
1687,0,278,345,90,60,1,1,1,1
1687,0,471,337,60,45,1,1,1,1
1687,0,663,337,280,65,1,1,1,1
1687,0,828,375,55,45,1,1,1,1
1688,0,7,345,180,115,1,1,1,1
1688,0,278,345,90,60,1,1,1,1
1688,0,471,337,60,45,1,1,1,1
1688,0,663,337,280,65,1,1,1,1
1688,0,828,375,55,45,1,1,1,1
1689,0,7,345,180,115,1,1,1,1
1689,0,278,345,90,60,1,1,1,1
1689,0,471,337,60,45,1,1,1,1
1689,0,663,337,280,65,1,1,1,1
1689,0,828,375,55,45,1,1,1,1
1690,0,7,345,180,115,1,1,1,1
1690,0,278,345,90,60,1,1,1,1
1690,0,471,337,60,45,1,1,1,1
1690,0,663,337,280,65,1,1,1,1
1690,0,828,375,55,45,1,1,1,1
1691,0,7,345,180,115,1,1,1,1
1691,0,278,345,90,60,1,1,1,1
1691,0,471,337,60,45,1,1,1,1
1691,0,663,337,280,65,1,1,1,1
1691,0,828,375,55,45,1,1,1,1
1692,0,7,345,180,115,1,1,1,1
1692,0,278,345,90,60,1,1,1,1
1692,0,471,337,60,45,1,1,1,1
1692,0,663,337,280,65,1,1,1,1
1692,0,828,375,55,45,1,1,1,1
1693,0,7,345,180,115,1,1,1,1
1693,0,278,345,90,60,1,1,1,1
1693,0,471,337,60,45,1,1,1,1
1693,0,663,337,280,65,1,1,1,1
1693,0,827,375,55,45,1,1,1,1
1694,0,7,345,180,115,1,1,1,1
1694,0,278,345,90,60,1,1,1,1
1694,0,471,337,60,45,1,1,1,1
1694,0,663,337,280,65,1,1,1,1
1694,0,827,375,55,45,1,1,1,1
1695,0,7,345,180,115,1,1,1,1
1695,0,278,345,90,60,1,1,1,1
1695,0,471,337,60,45,1,1,1,1
1695,0,663,337,280,65,1,1,1,1
1695,0,827,375,55,45,1,1,1,1
1696,0,7,345,180,115,1,1,1,1
1696,0,278,345,90,60,1,1,1,1
1696,0,471,337,60,45,1,1,1,1
1696,0,663,337,280,65,1,1,1,1
1696,0,827,375,55,45,1,1,1,1
1697,0,7,345,180,115,1,1,1,1
1697,0,278,345,90,60,1,1,1,1
1697,0,471,337,60,45,1,1,1,1
1697,0,663,337,280,65,1,1,1,1
1697,0,827,375,55,45,1,1,1,1
1698,0,6,345,180,115,1,1,1,1
1698,0,278,345,90,60,1,1,1,1
1698,0,471,337,60,45,1,1,1,1
1698,0,663,337,280,65,1,1,1,1
1698,0,827,375,55,45,1,1,1,1
1699,0,6,345,180,115,1,1,1,1
1699,0,278,345,90,60,1,1,1,1
1699,0,471,337,60,45,1,1,1,1
1699,0,663,337,280,65,1,1,1,1
1699,0,827,375,55,45,1,1,1,1
1700,0,6,345,180,115,1,1,1,1
1700,0,278,345,90,60,1,1,1,1
1700,0,471,337,60,45,1,1,1,1
1700,0,663,337,280,65,1,1,1,1
1700,0,827,375,55,45,1,1,1,1
1701,0,6,345,180,115,1,1,1,1
1701,0,278,345,90,60,1,1,1,1
1701,0,471,337,60,45,1,1,1,1
1701,0,663,337,280,65,1,1,1,1
1701,0,827,375,55,45,1,1,1,1
1702,0,6,345,180,115,1,1,1,1
1702,0,278,345,90,60,1,1,1,1
1702,0,471,337,60,45,1,1,1,1
1702,0,663,337,280,65,1,1,1,1
1702,0,827,375,55,45,1,1,1,1
1703,0,6,345,180,115,1,1,1,1
1703,0,278,345,90,60,1,1,1,1
1703,0,471,337,60,45,1,1,1,1
1703,0,662,337,280,65,1,1,1,1
1703,0,827,375,55,45,1,1,1,1
1704,0,6,345,180,115,1,1,1,1
1704,0,278,345,90,60,1,1,1,1
1704,0,471,337,60,45,1,1,1,1
1704,0,662,337,280,65,1,1,1,1
1704,0,827,375,55,45,1,1,1,1
1705,0,6,345,180,115,1,1,1,1
1705,0,278,345,90,60,1,1,1,1
1705,0,471,337,60,45,1,1,1,1
1705,0,662,337,280,65,1,1,1,1
1705,0,827,375,55,45,1,1,1,1
1706,0,6,345,180,115,1,1,1,1
1706,0,278,345,90,60,1,1,1,1
1706,0,471,337,60,45,1,1,1,1
1706,0,662,337,280,65,1,1,1,1
1706,0,827,375,55,45,1,1,1,1
1707,0,6,345,180,115,1,1,1,1
1707,0,278,345,90,60,1,1,1,1
1707,0,471,337,60,45,1,1,1,1
1707,0,662,337,280,65,1,1,1,1
1707,0,827,375,55,45,1,1,1,1
1708,0,6,345,180,115,1,1,1,1
1708,0,278,345,90,60,1,1,1,1
1708,0,471,337,60,45,1,1,1,1
1708,0,662,337,280,65,1,1,1,1
1708,0,827,375,55,45,1,1,1,1
1709,0,6,345,180,115,1,1,1,1
1709,0,278,345,90,60,1,1,1,1
1709,0,471,337,60,45,1,1,1,1
1709,0,662,337,280,65,1,1,1,1
1709,0,827,375,55,45,1,1,1,1
1710,0,6,345,180,115,1,1,1,1
1710,0,278,345,90,60,1,1,1,1
1710,0,471,337,60,45,1,1,1,1
1710,0,662,337,280,65,1,1,1,1
1710,0,827,375,55,45,1,1,1,1
1711,0,6,345,180,115,1,1,1,1
1711,0,278,345,90,60,1,1,1,1
1711,0,471,337,60,45,1,1,1,1
1711,0,662,337,280,65,1,1,1,1
1711,0,827,375,55,45,1,1,1,1
1712,0,6,346,180,115,1,1,1,1
1712,0,278,345,90,60,1,1,1,1
1712,0,471,337,60,45,1,1,1,1
1712,0,662,337,280,65,1,1,1,1
1712,0,827,376,55,45,1,1,1,1
1713,0,5,346,180,115,1,1,1,1
1713,0,277,345,90,60,1,1,1,1
1713,0,471,337,60,45,1,1,1,1
1713,0,662,337,280,65,1,1,1,1
1713,0,826,376,55,45,1,1,1,1
1714,0,5,346,180,115,1,1,1,1
1714,0,277,345,90,60,1,1,1,1
1714,0,471,337,60,45,1,1,1,1
1714,0,662,337,280,65,1,1,1,1
1714,0,826,376,55,45,1,1,1,1
1715,0,5,346,180,115,1,1,1,1
1715,0,277,345,90,60,1,1,1,1
1715,0,471,337,60,45,1,1,1,1
1715,0,662,337,280,65,1,1,1,1
1715,0,826,376,55,45,1,1,1,1
1716,0,5,346,180,115,1,1,1,1
1716,0,277,345,90,60,1,1,1,1
1716,0,471,337,60,45,1,1,1,1
1716,0,662,337,280,65,1,1,1,1
1716,0,826,376,55,45,1,1,1,1
1717,0,5,346,180,115,1,1,1,1
1717,0,277,345,90,60,1,1,1,1
1717,0,471,337,60,45,1,1,1,1
1717,0,662,337,280,65,1,1,1,1
1717,0,826,376,55,45,1,1,1,1
1718,0,5,346,180,115,1,1,1,1
1718,0,277,345,90,60,1,1,1,1
1718,0,471,337,60,45,1,1,1,1
1718,0,662,337,280,65,1,1,1,1
1718,0,826,376,55,45,1,1,1,1
1719,0,5,346,180,115,1,1,1,1
1719,0,277,345,90,60,1,1,1,1
1719,0,471,337,60,45,1,1,1,1
1719,0,662,337,280,65,1,1,1,1
1719,0,826,376,55,45,1,1,1,1
1720,0,5,346,180,115,1,1,1,1
1720,0,277,345,90,60,1,1,1,1
1720,0,471,337,60,45,1,1,1,1
1720,0,662,337,280,65,1,1,1,1
1720,0,826,376,55,45,1,1,1,1
1721,0,5,346,180,115,1,1,1,1
1721,0,277,345,90,60,1,1,1,1
1721,0,471,337,60,45,1,1,1,1
1721,0,662,337,280,65,1,1,1,1
1721,0,826,376,55,45,1,1,1,1
1722,0,5,346,180,115,1,1,1,1
1722,0,277,345,90,60,1,1,1,1
1722,0,471,337,60,45,1,1,1,1
1722,0,662,337,280,65,1,1,1,1
1722,0,826,376,55,45,1,1,1,1
1723,0,5,346,180,115,1,1,1,1
1723,0,277,345,90,60,1,1,1,1
1723,0,471,337,60,45,1,1,1,1
1723,0,662,337,280,65,1,1,1,1
1723,0,826,376,55,45,1,1,1,1
1724,0,5,346,180,115,1,1,1,1
1724,0,277,345,90,60,1,1,1,1
1724,0,471,337,60,45,1,1,1,1
1724,0,662,337,280,65,1,1,1,1
1724,0,826,376,55,45,1,1,1,1
1725,0,5,346,180,115,1,1,1,1
1725,0,277,345,90,60,1,1,1,1
1725,0,471,337,60,45,1,1,1,1
1725,0,662,337,280,65,1,1,1,1
1725,0,826,376,55,45,1,1,1,1
1726,0,5,346,180,115,1,1,1,1
1726,0,277,345,90,60,1,1,1,1
1726,0,471,337,60,45,1,1,1,1
1726,0,662,337,280,65,1,1,1,1
1726,0,826,376,55,45,1,1,1,1
1727,0,5,346,180,115,1,1,1,1
1727,0,277,345,90,60,1,1,1,1
1727,0,471,337,60,45,1,1,1,1
1727,0,662,337,280,65,1,1,1,1
1727,0,826,376,55,45,1,1,1,1
1728,0,4,346,180,115,1,1,1,1
1728,0,277,345,90,60,1,1,1,1
1728,0,471,337,60,45,1,1,1,1
1728,0,662,337,280,65,1,1,1,1
1728,0,826,376,55,45,1,1,1,1
1729,0,4,346,180,115,1,1,1,1
1729,0,277,345,90,60,1,1,1,1
1729,0,471,337,60,45,1,1,1,1
1729,0,662,337,280,65,1,1,1,1
1729,0,826,376,55,45,1,1,1,1
1730,0,4,346,180,115,1,1,1,1
1730,0,277,345,90,60,1,1,1,1
1730,0,471,337,60,45,1,1,1,1
1730,0,662,337,280,65,1,1,1,1
1730,0,826,376,55,45,1,1,1,1
1731,0,4,346,180,115,1,1,1,1
1731,0,277,345,90,60,1,1,1,1
1731,0,471,337,60,45,1,1,1,1
1731,0,662,337,280,65,1,1,1,1
1731,0,826,376,55,45,1,1,1,1
1732,0,4,346,180,115,1,1,1,1
1732,0,277,345,90,60,1,1,1,1
1732,0,471,337,60,45,1,1,1,1
1732,0,662,337,280,65,1,1,1,1
1732,0,826,376,55,45,1,1,1,1
1733,0,4,346,180,115,1,1,1,1
1733,0,277,345,90,60,1,1,1,1
1733,0,471,337,60,45,1,1,1,1
1733,0,662,337,280,65,1,1,1,1
1733,0,825,376,55,45,1,1,1,1
1734,0,4,346,180,115,1,1,1,1
1734,0,277,345,90,60,1,1,1,1
1734,0,471,337,60,45,1,1,1,1
1734,0,662,337,280,65,1,1,1,1
1734,0,825,376,55,45,1,1,1,1
1735,0,4,346,180,115,1,1,1,1
1735,0,277,345,90,60,1,1,1,1
1735,0,471,337,60,45,1,1,1,1
1735,0,662,337,280,65,1,1,1,1
1735,0,825,376,55,45,1,1,1,1
1736,0,4,346,180,115,1,1,1,1
1736,0,277,345,90,60,1,1,1,1
1736,0,471,337,60,45,1,1,1,1
1736,0,662,337,280,65,1,1,1,1
1736,0,825,376,55,45,1,1,1,1
1737,0,4,346,180,115,1,1,1,1
1737,0,277,345,90,60,1,1,1,1
1737,0,471,337,60,45,1,1,1,1
1737,0,662,337,280,65,1,1,1,1
1737,0,825,376,55,45,1,1,1,1
1738,0,4,346,180,115,1,1,1,1
1738,0,277,345,90,60,1,1,1,1
1738,0,471,337,60,45,1,1,1,1
1738,0,662,337,280,65,1,1,1,1
1738,0,825,376,55,45,1,1,1,1
1739,0,4,346,180,115,1,1,1,1
1739,0,277,345,90,60,1,1,1,1
1739,0,471,337,60,45,1,1,1,1
1739,0,662,337,280,65,1,1,1,1
1739,0,825,376,55,45,1,1,1,1
1740,0,4,346,180,115,1,1,1,1
1740,0,277,345,90,60,1,1,1,1
1740,0,471,337,60,45,1,1,1,1
1740,0,662,337,280,65,1,1,1,1
1740,0,825,376,55,45,1,1,1,1
1741,0,4,346,180,115,1,1,1,1
1741,0,277,345,90,60,1,1,1,1
1741,0,471,337,60,45,1,1,1,1
1741,0,662,337,280,65,1,1,1,1
1741,0,825,376,55,45,1,1,1,1
1742,0,4,346,180,115,1,1,1,1
1742,0,277,345,90,60,1,1,1,1
1742,0,471,337,60,45,1,1,1,1
1742,0,662,337,280,65,1,1,1,1
1742,0,825,376,55,45,1,1,1,1
1743,0,3,346,180,115,1,1,1,1
1743,0,276,345,90,60,1,1,1,1
1743,0,470,337,60,45,1,1,1,1
1743,0,662,337,280,65,1,1,1,1
1743,0,825,376,55,45,1,1,1,1
1744,0,3,346,180,115,1,1,1,1
1744,0,276,345,90,60,1,1,1,1
1744,0,470,337,60,45,1,1,1,1
1744,0,662,337,280,65,1,1,1,1
1744,0,825,376,55,45,1,1,1,1
1745,0,3,346,180,115,1,1,1,1
1745,0,276,345,90,60,1,1,1,1
1745,0,470,337,60,45,1,1,1,1
1745,0,662,337,280,65,1,1,1,1
1745,0,825,376,55,45,1,1,1,1
1746,0,3,346,180,115,1,1,1,1
1746,0,276,345,90,60,1,1,1,1
1746,0,470,337,60,45,1,1,1,1
1746,0,662,337,280,65,1,1,1,1
1746,0,825,376,55,45,1,1,1,1
1747,0,3,346,180,115,1,1,1,1
1747,0,276,345,90,60,1,1,1,1
1747,0,470,337,60,45,1,1,1,1
1747,0,662,337,280,65,1,1,1,1
1747,0,825,376,55,45,1,1,1,1
1748,0,3,346,180,115,1,1,1,1
1748,0,276,345,90,60,1,1,1,1
1748,0,470,337,60,45,1,1,1,1
1748,0,662,337,280,65,1,1,1,1
1748,0,825,376,55,45,1,1,1,1
1749,0,3,346,180,115,1,1,1,1
1749,0,276,345,90,60,1,1,1,1
1749,0,470,337,60,45,1,1,1,1
1749,0,662,337,280,65,1,1,1,1
1749,0,825,376,55,45,1,1,1,1
1750,0,3,346,180,115,1,1,1,1
1750,0,276,345,90,60,1,1,1,1
1750,0,470,337,60,45,1,1,1,1
1750,0,662,337,280,65,1,1,1,1
1750,0,825,376,55,45,1,1,1,1
1751,0,3,346,180,115,1,1,1,1
1751,0,276,345,90,60,1,1,1,1
1751,0,470,337,60,45,1,1,1,1
1751,0,662,337,280,65,1,1,1,1
1751,0,825,376,55,45,1,1,1,1
1752,0,3,346,180,115,1,1,1,1
1752,0,276,345,90,60,1,1,1,1
1752,0,470,337,60,45,1,1,1,1
1752,0,662,337,280,65,1,1,1,1
1752,0,825,376,55,45,1,1,1,1
1753,0,3,346,180,115,1,1,1,1
1753,0,276,345,90,60,1,1,1,1
1753,0,470,337,60,45,1,1,1,1
1753,0,662,337,280,65,1,1,1,1
1753,0,824,376,55,45,1,1,1,1
1754,0,3,346,180,115,1,1,1,1
1754,0,276,345,90,60,1,1,1,1
1754,0,470,337,60,45,1,1,1,1
1754,0,662,337,280,65,1,1,1,1
1754,0,824,376,55,45,1,1,1,1
1755,0,3,346,180,115,1,1,1,1
1755,0,276,345,90,60,1,1,1,1
1755,0,470,337,60,45,1,1,1,1
1755,0,662,337,280,65,1,1,1,1
1755,0,824,376,55,45,1,1,1,1
1756,0,3,346,180,115,1,1,1,1
1756,0,276,345,90,60,1,1,1,1
1756,0,470,337,60,45,1,1,1,1
1756,0,662,337,280,65,1,1,1,1
1756,0,824,376,55,45,1,1,1,1
1757,0,3,346,180,115,1,1,1,1
1757,0,276,345,90,60,1,1,1,1
1757,0,470,337,60,45,1,1,1,1
1757,0,662,337,280,65,1,1,1,1
1757,0,824,376,55,45,1,1,1,1
1758,0,2,346,180,115,1,1,1,1
1758,0,276,345,90,60,1,1,1,1
1758,0,470,337,60,45,1,1,1,1
1758,0,662,337,280,65,1,1,1,1
1758,0,824,376,55,45,1,1,1,1
1759,0,2,346,180,115,1,1,1,1
1759,0,276,345,90,60,1,1,1,1
1759,0,470,337,60,45,1,1,1,1
1759,0,662,337,280,65,1,1,1,1
1759,0,824,376,55,45,1,1,1,1
1760,0,2,346,180,115,1,1,1,1
1760,0,276,345,90,60,1,1,1,1
1760,0,470,337,60,45,1,1,1,1
1760,0,662,337,280,65,1,1,1,1
1760,0,824,376,55,45,1,1,1,1
1761,0,2,346,180,115,1,1,1,1
1761,0,276,345,90,60,1,1,1,1
1761,0,470,337,60,45,1,1,1,1
1761,0,662,337,280,65,1,1,1,1
1761,0,824,376,55,45,1,1,1,1
1762,0,2,346,180,115,1,1,1,1
1762,0,276,345,90,60,1,1,1,1
1762,0,470,337,60,45,1,1,1,1
1762,0,662,337,280,65,1,1,1,1
1762,0,824,376,55,45,1,1,1,1
1763,0,2,346,180,115,1,1,1,1
1763,0,276,345,90,60,1,1,1,1
1763,0,470,337,60,45,1,1,1,1
1763,0,662,337,280,65,1,1,1,1
1763,0,824,376,55,45,1,1,1,1
1764,0,2,346,180,115,1,1,1,1
1764,0,276,345,90,60,1,1,1,1
1764,0,470,337,60,45,1,1,1,1
1764,0,662,337,280,65,1,1,1,1
1764,0,824,376,55,45,1,1,1,1
1765,0,2,346,180,115,1,1,1,1
1765,0,276,345,90,60,1,1,1,1
1765,0,470,337,60,45,1,1,1,1
1765,0,662,337,280,65,1,1,1,1
1765,0,824,376,55,45,1,1,1,1
1766,0,2,346,180,115,1,1,1,1
1766,0,276,345,90,60,1,1,1,1
1766,0,470,337,60,45,1,1,1,1
1766,0,662,337,280,65,1,1,1,1
1766,0,824,376,55,45,1,1,1,1
1767,0,2,346,180,115,1,1,1,1
1767,0,276,345,90,60,1,1,1,1
1767,0,470,337,60,45,1,1,1,1
1767,0,662,337,280,65,1,1,1,1
1767,0,824,376,55,45,1,1,1,1
1768,0,2,346,180,115,1,1,1,1
1768,0,276,345,90,60,1,1,1,1
1768,0,470,337,60,45,1,1,1,1
1768,0,662,337,280,65,1,1,1,1
1768,0,824,376,55,45,1,1,1,1
1769,0,2,346,180,115,1,1,1,1
1769,0,276,345,90,60,1,1,1,1
1769,0,470,337,60,45,1,1,1,1
1769,0,662,337,280,65,1,1,1,1
1769,0,824,376,55,45,1,1,1,1
1770,0,2,346,180,115,1,1,1,1
1770,0,276,345,90,60,1,1,1,1
1770,0,470,337,60,45,1,1,1,1
1770,0,662,337,280,65,1,1,1,1
1770,0,824,376,55,45,1,1,1,1
1771,0,2,346,180,115,1,1,1,1
1771,0,276,345,90,60,1,1,1,1
1771,0,470,337,60,45,1,1,1,1
1771,0,662,337,280,65,1,1,1,1
1771,0,824,376,55,45,1,1,1,1
1772,0,2,347,180,115,1,1,1,1
1772,0,276,345,90,60,1,1,1,1
1772,0,470,337,60,45,1,1,1,1
1772,0,662,337,280,65,1,1,1,1
1772,0,824,377,55,45,1,1,1,1
1773,0,1,347,180,115,1,1,1,1
1773,0,275,345,90,60,1,1,1,1
1773,0,470,337,60,45,1,1,1,1
1773,0,662,337,280,65,1,1,1,1
1773,0,823,377,55,45,1,1,1,1
1774,0,1,347,180,115,1,1,1,1
1774,0,275,345,90,60,1,1,1,1
1774,0,470,337,60,45,1,1,1,1
1774,0,662,337,280,65,1,1,1,1
1774,0,823,377,55,45,1,1,1,1
1775,0,1,347,180,115,1,1,1,1
1775,0,275,345,90,60,1,1,1,1
1775,0,470,337,60,45,1,1,1,1
1775,0,662,337,280,65,1,1,1,1
1775,0,823,377,55,45,1,1,1,1
1776,0,1,347,180,115,1,1,1,1
1776,0,275,345,90,60,1,1,1,1
1776,0,470,337,60,45,1,1,1,1
1776,0,662,337,280,65,1,1,1,1
1776,0,823,377,55,45,1,1,1,1
1777,0,1,347,180,115,1,1,1,1
1777,0,275,345,90,60,1,1,1,1
1777,0,470,337,60,45,1,1,1,1
1777,0,662,337,280,65,1,1,1,1
1777,0,823,377,55,45,1,1,1,1
1778,0,1,347,180,115,1,1,1,1
1778,0,275,345,90,60,1,1,1,1
1778,0,470,337,60,45,1,1,1,1
1778,0,662,337,280,65,1,1,1,1
1778,0,823,377,55,45,1,1,1,1
1779,0,1,347,180,115,1,1,1,1
1779,0,275,345,90,60,1,1,1,1
1779,0,470,337,60,45,1,1,1,1
1779,0,662,337,280,65,1,1,1,1
1779,0,823,377,55,45,1,1,1,1
1780,0,1,347,180,115,1,1,1,1
1780,0,275,345,90,60,1,1,1,1
1780,0,470,337,60,45,1,1,1,1
1780,0,662,337,280,65,1,1,1,1
1780,0,823,377,55,45,1,1,1,1
1781,0,1,347,180,115,1,1,1,1
1781,0,275,345,90,60,1,1,1,1
1781,0,470,337,60,45,1,1,1,1
1781,0,662,337,280,65,1,1,1,1
1781,0,823,377,55,45,1,1,1,1
1782,0,1,347,180,115,1,1,1,1
1782,0,275,345,90,60,1,1,1,1
1782,0,470,337,60,45,1,1,1,1
1782,0,662,337,280,65,1,1,1,1
1782,0,823,377,55,45,1,1,1,1
1783,0,1,347,180,115,1,1,1,1
1783,0,275,345,90,60,1,1,1,1
1783,0,470,337,60,45,1,1,1,1
1783,0,662,337,280,65,1,1,1,1
1783,0,823,377,55,45,1,1,1,1
1784,0,1,347,180,115,1,1,1,1
1784,0,275,345,90,60,1,1,1,1
1784,0,470,337,60,45,1,1,1,1
1784,0,662,337,280,65,1,1,1,1
1784,0,823,377,55,45,1,1,1,1
1785,0,1,347,180,115,1,1,1,1
1785,0,275,345,90,60,1,1,1,1
1785,0,470,337,60,45,1,1,1,1
1785,0,662,337,280,65,1,1,1,1
1785,0,823,377,55,45,1,1,1,1
1786,0,1,347,180,115,1,1,1,1
1786,0,275,345,90,60,1,1,1,1
1786,0,470,337,60,45,1,1,1,1
1786,0,662,337,280,65,1,1,1,1
1786,0,823,377,55,45,1,1,1,1
1787,0,1,347,180,115,1,1,1,1
1787,0,275,345,90,60,1,1,1,1
1787,0,470,337,60,45,1,1,1,1
1787,0,662,337,280,65,1,1,1,1
1787,0,823,377,55,45,1,1,1,1
1788,0,0,347,180,115,1,1,1,1
1788,0,275,345,90,60,1,1,1,1
1788,0,470,337,60,45,1,1,1,1
1788,0,662,337,280,65,1,1,1,1
1788,0,823,377,55,45,1,1,1,1
1789,0,0,347,180,115,1,1,1,1
1789,0,275,345,90,60,1,1,1,1
1789,0,470,337,60,45,1,1,1,1
1789,0,662,337,280,65,1,1,1,1
1789,0,823,377,55,45,1,1,1,1
1790,0,0,347,180,115,1,1,1,1
1790,0,275,345,90,60,1,1,1,1
1790,0,470,337,60,45,1,1,1,1
1790,0,662,337,280,65,1,1,1,1
1790,0,823,377,55,45,1,1,1,1
1791,0,0,347,180,115,1,1,1,1
1791,0,275,345,90,60,1,1,1,1
1791,0,470,337,60,45,1,1,1,1
1791,0,662,337,280,65,1,1,1,1
1791,0,823,377,55,45,1,1,1,1
1792,0,0,347,180,115,1,1,1,1
1792,0,275,345,90,60,1,1,1,1
1792,0,470,337,60,45,1,1,1,1
1792,0,662,337,280,65,1,1,1,1
1792,0,823,377,55,45,1,1,1,1
1793,0,0,347,180,115,1,1,1,1
1793,0,275,345,90,60,1,1,1,1
1793,0,470,337,60,45,1,1,1,1
1793,0,662,337,280,65,1,1,1,1
1793,0,822,377,55,45,1,1,1,1
1794,0,0,347,180,115,1,1,1,1
1794,0,275,345,90,60,1,1,1,1
1794,0,470,337,60,45,1,1,1,1
1794,0,662,337,280,65,1,1,1,1
1794,0,822,377,55,45,1,1,1,1
1795,0,0,347,180,115,1,1,1,1
1795,0,275,345,90,60,1,1,1,1
1795,0,470,337,60,45,1,1,1,1
1795,0,662,337,280,65,1,1,1,1
1795,0,822,377,55,45,1,1,1,1
1796,0,0,347,180,115,1,1,1,1
1796,0,275,345,90,60,1,1,1,1
1796,0,470,337,60,45,1,1,1,1
1796,0,662,337,280,65,1,1,1,1
1796,0,822,377,55,45,1,1,1,1
1797,0,0,347,180,115,1,1,1,1
1797,0,275,345,90,60,1,1,1,1
1797,0,470,337,60,45,1,1,1,1
1797,0,662,337,280,65,1,1,1,1
1797,0,822,377,55,45,1,1,1,1
1798,0,0,347,180,115,1,1,1,1
1798,0,275,345,90,60,1,1,1,1
1798,0,470,337,60,45,1,1,1,1
1798,0,662,337,280,65,1,1,1,1
1798,0,822,377,55,45,1,1,1,1
1799,0,0,347,180,115,1,1,1,1
1799,0,275,345,90,60,1,1,1,1
1799,0,470,337,60,45,1,1,1,1
1799,0,662,337,280,65,1,1,1,1
1799,0,822,377,55,45,1,1,1,1
1800,0,0,347,180,115,1,1,1,1
1800,0,275,345,90,60,1,1,1,1
1800,0,470,337,60,45,1,1,1,1
1800,0,662,337,280,65,1,1,1,1
1800,0,822,377,55,45,1,1,1,1
1801,0,0,347,180,115,1,1,1,1
1801,0,275,345,90,60,1,1,1,1
1801,0,470,337,60,45,1,1,1,1
1801,0,662,337,280,65,1,1,1,1
1801,0,822,377,55,45,1,1,1,1
1802,0,0,347,180,115,1,1,1,1
1802,0,275,345,90,60,1,1,1,1
1802,0,470,337,60,45,1,1,1,1
1802,0,662,337,280,65,1,1,1,1
1802,0,822,377,55,45,1,1,1,1
1803,0,0,347,180,115,1,1,1,1
1803,0,274,345,90,60,1,1,1,1
1803,0,469,337,60,45,1,1,1,1
1803,0,661,337,280,65,1,1,1,1
1803,0,822,377,55,45,1,1,1,1
1804,0,0,347,180,115,1,1,1,1
1804,0,274,345,90,60,1,1,1,1
1804,0,469,337,60,45,1,1,1,1
1804,0,661,337,280,65,1,1,1,1
1804,0,822,377,55,45,1,1,1,1
1805,0,0,347,180,115,1,1,1,1
1805,0,274,345,90,60,1,1,1,1
1805,0,469,337,60,45,1,1,1,1
1805,0,661,337,280,65,1,1,1,1
1805,0,822,377,55,45,1,1,1,1
1806,0,0,347,180,115,1,1,1,1
1806,0,274,345,90,60,1,1,1,1
1806,0,469,337,60,45,1,1,1,1
1806,0,661,337,280,65,1,1,1,1
1806,0,822,377,55,45,1,1,1,1
1807,0,0,347,180,115,1,1,1,1
1807,0,274,345,90,60,1,1,1,1
1807,0,469,337,60,45,1,1,1,1
1807,0,661,337,280,65,1,1,1,1
1807,0,822,377,55,45,1,1,1,1
1808,0,0,347,180,115,1,1,1,1
1808,0,274,345,90,60,1,1,1,1
1808,0,469,337,60,45,1,1,1,1
1808,0,661,337,280,65,1,1,1,1
1808,0,822,377,55,45,1,1,1,1
1809,0,0,347,180,115,1,1,1,1
1809,0,274,345,90,60,1,1,1,1
1809,0,469,337,60,45,1,1,1,1
1809,0,661,337,280,65,1,1,1,1
1809,0,822,377,55,45,1,1,1,1
1810,0,0,347,180,115,1,1,1,1
1810,0,274,345,90,60,1,1,1,1
1810,0,469,337,60,45,1,1,1,1
1810,0,661,337,280,65,1,1,1,1
1810,0,822,377,55,45,1,1,1,1
1811,0,0,347,180,115,1,1,1,1
1811,0,274,345,90,60,1,1,1,1
1811,0,469,337,60,45,1,1,1,1
1811,0,661,337,280,65,1,1,1,1
1811,0,822,377,55,45,1,1,1,1
1812,0,0,347,180,115,1,1,1,1
1812,0,274,345,90,60,1,1,1,1
1812,0,469,337,60,45,1,1,1,1
1812,0,661,337,280,65,1,1,1,1
1812,0,822,377,55,45,1,1,1,1
1813,0,0,347,180,115,1,1,1,1
1813,0,274,345,90,60,1,1,1,1
1813,0,469,337,60,45,1,1,1,1
1813,0,661,337,280,65,1,1,1,1
1813,0,821,377,55,45,1,1,1,1
1814,0,0,347,180,115,1,1,1,1
1814,0,274,345,90,60,1,1,1,1
1814,0,469,337,60,45,1,1,1,1
1814,0,661,337,280,65,1,1,1,1
1814,0,821,377,55,45,1,1,1,1
1815,0,0,347,180,115,1,1,1,1
1815,0,274,345,90,60,1,1,1,1
1815,0,469,337,60,45,1,1,1,1
1815,0,661,337,280,65,1,1,1,1
1815,0,821,377,55,45,1,1,1,1
1816,0,0,347,180,115,1,1,1,1
1816,0,274,345,90,60,1,1,1,1
1816,0,469,337,60,45,1,1,1,1
1816,0,661,337,280,65,1,1,1,1
1816,0,821,377,55,45,1,1,1,1
1817,0,-1,347,180,115,1,1,1,1
1817,0,274,345,90,60,1,1,1,1
1817,0,469,337,60,45,1,1,1,1
1817,0,661,337,280,65,1,1,1,1
1817,0,821,377,55,45,1,1,1,1
1818,0,-1,347,180,115,1,1,1,1
1818,0,274,345,90,60,1,1,1,1
1818,0,469,337,60,45,1,1,1,1
1818,0,661,337,280,65,1,1,1,1
1818,0,821,377,55,45,1,1,1,1
1819,0,-1,347,180,115,1,1,1,1
1819,0,274,345,90,60,1,1,1,1
1819,0,469,337,60,45,1,1,1,1
1819,0,661,337,280,65,1,1,1,1
1819,0,821,377,55,45,1,1,1,1
1820,0,-1,347,180,115,1,1,1,1
1820,0,274,345,90,60,1,1,1,1
1820,0,469,337,60,45,1,1,1,1
1820,0,661,337,280,65,1,1,1,1
1820,0,821,377,55,45,1,1,1,1
1821,0,-1,347,180,115,1,1,1,1
1821,0,274,345,90,60,1,1,1,1
1821,0,469,337,60,45,1,1,1,1
1821,0,661,337,280,65,1,1,1,1
1821,0,821,377,55,45,1,1,1,1
1822,0,-1,347,180,115,1,1,1,1
1822,0,274,345,90,60,1,1,1,1
1822,0,469,337,60,45,1,1,1,1
1822,0,661,337,280,65,1,1,1,1
1822,0,821,377,55,45,1,1,1,1
1823,0,-1,347,180,115,1,1,1,1
1823,0,274,345,90,60,1,1,1,1
1823,0,469,337,60,45,1,1,1,1
1823,0,661,337,280,65,1,1,1,1
1823,0,821,377,55,45,1,1,1,1
1824,0,-1,347,180,115,1,1,1,1
1824,0,274,345,90,60,1,1,1,1
1824,0,469,337,60,45,1,1,1,1
1824,0,661,337,280,65,1,1,1,1
1824,0,821,377,55,45,1,1,1,1
1825,0,-1,347,180,115,1,1,1,1
1825,0,274,345,90,60,1,1,1,1
1825,0,469,337,60,45,1,1,1,1
1825,0,661,337,280,65,1,1,1,1
1825,0,821,377,55,45,1,1,1,1
1826,0,-1,347,180,115,1,1,1,1
1826,0,274,345,90,60,1,1,1,1
1826,0,469,337,60,45,1,1,1,1
1826,0,661,337,280,65,1,1,1,1
1826,0,821,377,55,45,1,1,1,1
1827,0,-1,347,180,115,1,1,1,1
1827,0,274,345,90,60,1,1,1,1
1827,0,469,337,60,45,1,1,1,1
1827,0,661,337,280,65,1,1,1,1
1827,0,821,377,55,45,1,1,1,1
1828,0,-1,347,180,115,1,1,1,1
1828,0,274,345,90,60,1,1,1,1
1828,0,469,337,60,45,1,1,1,1
1828,0,661,337,280,65,1,1,1,1
1828,0,821,377,55,45,1,1,1,1
1829,0,-1,347,180,115,1,1,1,1
1829,0,274,345,90,60,1,1,1,1
1829,0,469,337,60,45,1,1,1,1
1829,0,661,337,280,65,1,1,1,1
1829,0,821,377,55,45,1,1,1,1
1830,0,-1,347,180,115,1,1,1,1
1830,0,274,345,90,60,1,1,1,1
1830,0,469,337,60,45,1,1,1,1
1830,0,661,337,280,65,1,1,1,1
1830,0,821,377,55,45,1,1,1,1
1831,0,-1,347,180,115,1,1,1,1
1831,0,274,345,90,60,1,1,1,1
1831,0,469,337,60,45,1,1,1,1
1831,0,661,337,280,65,1,1,1,1
1831,0,821,377,55,45,1,1,1,1
1832,0,-2,348,180,115,1,1,1,1
1832,0,274,345,90,60,1,1,1,1
1832,0,469,337,60,45,1,1,1,1
1832,0,661,337,280,65,1,1,1,1
1832,0,821,378,55,45,1,1,1,1
1833,0,-2,348,180,115,1,1,1,1
1833,0,273,345,90,60,1,1,1,1
1833,0,469,337,60,45,1,1,1,1
1833,0,661,337,280,65,1,1,1,1
1833,0,820,378,55,45,1,1,1,1
1834,0,-2,348,180,115,1,1,1,1
1834,0,273,345,90,60,1,1,1,1
1834,0,469,337,60,45,1,1,1,1
1834,0,661,337,280,65,1,1,1,1
1834,0,820,378,55,45,1,1,1,1
1835,0,-2,348,180,115,1,1,1,1
1835,0,273,345,90,60,1,1,1,1
1835,0,469,337,60,45,1,1,1,1
1835,0,661,337,280,65,1,1,1,1
1835,0,820,378,55,45,1,1,1,1
1836,0,-2,348,180,115,1,1,1,1
1836,0,273,345,90,60,1,1,1,1
1836,0,469,337,60,45,1,1,1,1
1836,0,661,337,280,65,1,1,1,1
1836,0,820,378,55,45,1,1,1,1
1837,0,-2,348,180,115,1,1,1,1
1837,0,273,345,90,60,1,1,1,1
1837,0,469,337,60,45,1,1,1,1
1837,0,661,337,280,65,1,1,1,1
1837,0,820,378,55,45,1,1,1,1
1838,0,-2,348,180,115,1,1,1,1
1838,0,273,345,90,60,1,1,1,1
1838,0,469,337,60,45,1,1,1,1
1838,0,661,337,280,65,1,1,1,1
1838,0,820,378,55,45,1,1,1,1
1839,0,-2,348,180,115,1,1,1,1
1839,0,273,345,90,60,1,1,1,1
1839,0,469,337,60,45,1,1,1,1
1839,0,661,337,280,65,1,1,1,1
1839,0,820,378,55,45,1,1,1,1
1840,0,-2,348,180,115,1,1,1,1
1840,0,273,345,90,60,1,1,1,1
1840,0,469,337,60,45,1,1,1,1
1840,0,661,337,280,65,1,1,1,1
1840,0,820,378,55,45,1,1,1,1
1841,0,-2,348,180,115,1,1,1,1
1841,0,273,345,90,60,1,1,1,1
1841,0,469,337,60,45,1,1,1,1
1841,0,661,337,280,65,1,1,1,1
1841,0,820,378,55,45,1,1,1,1
1842,0,-2,348,180,115,1,1,1,1
1842,0,273,345,90,60,1,1,1,1
1842,0,469,337,60,45,1,1,1,1
1842,0,661,337,280,65,1,1,1,1
1842,0,820,378,55,45,1,1,1,1
1843,0,-2,348,180,115,1,1,1,1
1843,0,273,345,90,60,1,1,1,1
1843,0,469,337,60,45,1,1,1,1
1843,0,661,337,280,65,1,1,1,1
1843,0,820,378,55,45,1,1,1,1
1844,0,-2,348,180,115,1,1,1,1
1844,0,273,345,90,60,1,1,1,1
1844,0,469,337,60,45,1,1,1,1
1844,0,661,337,280,65,1,1,1,1
1844,0,820,378,55,45,1,1,1,1
1845,0,-2,348,180,115,1,1,1,1
1845,0,273,345,90,60,1,1,1,1
1845,0,469,337,60,45,1,1,1,1
1845,0,661,337,280,65,1,1,1,1
1845,0,820,378,55,45,1,1,1,1
1846,0,-2,348,180,115,1,1,1,1
1846,0,273,345,90,60,1,1,1,1
1846,0,469,337,60,45,1,1,1,1
1846,0,661,337,280,65,1,1,1,1
1846,0,820,378,55,45,1,1,1,1
1847,0,-3,348,180,115,1,1,1,1
1847,0,273,345,90,60,1,1,1,1
1847,0,469,337,60,45,1,1,1,1
1847,0,661,337,280,65,1,1,1,1
1847,0,820,378,55,45,1,1,1,1
1848,0,-3,348,180,115,1,1,1,1
1848,0,273,345,90,60,1,1,1,1
1848,0,469,337,60,45,1,1,1,1
1848,0,661,337,280,65,1,1,1,1
1848,0,820,378,55,45,1,1,1,1
1849,0,-3,348,180,115,1,1,1,1
1849,0,273,345,90,60,1,1,1,1
1849,0,469,337,60,45,1,1,1,1
1849,0,661,337,280,65,1,1,1,1
1849,0,820,378,55,45,1,1,1,1
1850,0,-3,348,180,115,1,1,1,1
1850,0,273,345,90,60,1,1,1,1
1850,0,469,337,60,45,1,1,1,1
1850,0,661,337,280,65,1,1,1,1
1850,0,820,378,55,45,1,1,1,1
1851,0,-3,348,180,115,1,1,1,1
1851,0,273,345,90,60,1,1,1,1
1851,0,469,337,60,45,1,1,1,1
1851,0,661,337,280,65,1,1,1,1
1851,0,820,378,55,45,1,1,1,1
1852,0,-3,348,180,115,1,1,1,1
1852,0,273,345,90,60,1,1,1,1
1852,0,469,337,60,45,1,1,1,1
1852,0,661,337,280,65,1,1,1,1
1852,0,820,378,55,45,1,1,1,1
1853,0,-3,348,180,115,1,1,1,1
1853,0,273,345,90,60,1,1,1,1
1853,0,469,337,60,45,1,1,1,1
1853,0,661,337,280,65,1,1,1,1
1853,0,819,378,55,45,1,1,1,1
1854,0,-3,348,180,115,1,1,1,1
1854,0,273,345,90,60,1,1,1,1
1854,0,469,337,60,45,1,1,1,1
1854,0,661,337,280,65,1,1,1,1
1854,0,819,378,55,45,1,1,1,1
1855,0,-3,348,180,115,1,1,1,1
1855,0,273,345,90,60,1,1,1,1
1855,0,469,337,60,45,1,1,1,1
1855,0,661,337,280,65,1,1,1,1
1855,0,819,378,55,45,1,1,1,1
1856,0,-3,348,180,115,1,1,1,1
1856,0,273,345,90,60,1,1,1,1
1856,0,469,337,60,45,1,1,1,1
1856,0,661,337,280,65,1,1,1,1
1856,0,819,378,55,45,1,1,1,1
1857,0,-3,348,180,115,1,1,1,1
1857,0,273,345,90,60,1,1,1,1
1857,0,469,337,60,45,1,1,1,1
1857,0,661,337,280,65,1,1,1,1
1857,0,819,378,55,45,1,1,1,1
1858,0,-3,348,180,115,1,1,1,1
1858,0,273,345,90,60,1,1,1,1
1858,0,469,337,60,45,1,1,1,1
1858,0,661,337,280,65,1,1,1,1
1858,0,819,378,55,45,1,1,1,1
1859,0,-3,348,180,115,1,1,1,1
1859,0,273,345,90,60,1,1,1,1
1859,0,469,337,60,45,1,1,1,1
1859,0,661,337,280,65,1,1,1,1
1859,0,819,378,55,45,1,1,1,1
1860,0,-3,348,180,115,1,1,1,1
1860,0,273,345,90,60,1,1,1,1
1860,0,469,337,60,45,1,1,1,1
1860,0,661,337,280,65,1,1,1,1
1860,0,819,378,55,45,1,1,1,1
1861,0,-3,348,180,115,1,1,1,1
1861,0,273,345,90,60,1,1,1,1
1861,0,469,337,60,45,1,1,1,1
1861,0,661,337,280,65,1,1,1,1
1861,0,819,378,55,45,1,1,1,1
1862,0,-4,348,180,115,1,1,1,1
1862,0,273,345,90,60,1,1,1,1
1862,0,469,337,60,45,1,1,1,1
1862,0,661,337,280,65,1,1,1,1
1862,0,819,378,55,45,1,1,1,1
1863,0,-4,348,180,115,1,1,1,1
1863,0,272,345,90,60,1,1,1,1
1863,0,468,337,60,45,1,1,1,1
1863,0,661,337,280,65,1,1,1,1
1863,0,819,378,55,45,1,1,1,1
1864,0,-4,348,180,115,1,1,1,1
1864,0,272,345,90,60,1,1,1,1
1864,0,468,337,60,45,1,1,1,1
1864,0,661,337,280,65,1,1,1,1
1864,0,819,378,55,45,1,1,1,1
1865,0,-4,348,180,115,1,1,1,1
1865,0,272,345,90,60,1,1,1,1
1865,0,468,337,60,45,1,1,1,1
1865,0,661,337,280,65,1,1,1,1
1865,0,819,378,55,45,1,1,1,1
1866,0,-4,348,180,115,1,1,1,1
1866,0,272,345,90,60,1,1,1,1
1866,0,468,337,60,45,1,1,1,1
1866,0,661,337,280,65,1,1,1,1
1866,0,819,378,55,45,1,1,1,1
1867,0,-4,348,180,115,1,1,1,1
1867,0,272,345,90,60,1,1,1,1
1867,0,468,337,60,45,1,1,1,1
1867,0,661,337,280,65,1,1,1,1
1867,0,819,378,55,45,1,1,1,1
1868,0,-4,348,180,115,1,1,1,1
1868,0,272,345,90,60,1,1,1,1
1868,0,468,337,60,45,1,1,1,1
1868,0,661,337,280,65,1,1,1,1
1868,0,819,378,55,45,1,1,1,1
1869,0,-4,348,180,115,1,1,1,1
1869,0,272,345,90,60,1,1,1,1
1869,0,468,337,60,45,1,1,1,1
1869,0,661,337,280,65,1,1,1,1
1869,0,819,378,55,45,1,1,1,1
1870,0,-4,348,180,115,1,1,1,1
1870,0,272,345,90,60,1,1,1,1
1870,0,468,337,60,45,1,1,1,1
1870,0,661,337,280,65,1,1,1,1
1870,0,819,378,55,45,1,1,1,1
1871,0,-4,348,180,115,1,1,1,1
1871,0,272,345,90,60,1,1,1,1
1871,0,468,337,60,45,1,1,1,1
1871,0,661,337,280,65,1,1,1,1
1871,0,819,378,55,45,1,1,1,1
1872,0,-4,348,180,115,1,1,1,1
1872,0,272,345,90,60,1,1,1,1
1872,0,468,337,60,45,1,1,1,1
1872,0,661,337,280,65,1,1,1,1
1872,0,819,378,55,45,1,1,1,1
1873,0,-4,348,180,115,1,1,1,1
1873,0,272,345,90,60,1,1,1,1
1873,0,468,337,60,45,1,1,1,1
1873,0,661,337,280,65,1,1,1,1
1873,0,818,378,55,45,1,1,1,1
1874,0,-4,348,180,115,1,1,1,1
1874,0,272,345,90,60,1,1,1,1
1874,0,468,337,60,45,1,1,1,1
1874,0,661,337,280,65,1,1,1,1
1874,0,818,378,55,45,1,1,1,1
1875,0,-4,348,180,115,1,1,1,1
1875,0,272,345,90,60,1,1,1,1
1875,0,468,337,60,45,1,1,1,1
1875,0,661,337,280,65,1,1,1,1
1875,0,818,378,55,45,1,1,1,1
1876,0,-4,348,180,115,1,1,1,1
1876,0,272,345,90,60,1,1,1,1
1876,0,468,337,60,45,1,1,1,1
1876,0,661,337,280,65,1,1,1,1
1876,0,818,378,55,45,1,1,1,1
1877,0,-5,348,180,115,1,1,1,1
1877,0,272,345,90,60,1,1,1,1
1877,0,468,337,60,45,1,1,1,1
1877,0,661,337,280,65,1,1,1,1
1877,0,818,378,55,45,1,1,1,1
1878,0,-5,348,180,115,1,1,1,1
1878,0,272,345,90,60,1,1,1,1
1878,0,468,337,60,45,1,1,1,1
1878,0,661,337,280,65,1,1,1,1
1878,0,818,378,55,45,1,1,1,1
1879,0,-5,348,180,115,1,1,1,1
1879,0,272,345,90,60,1,1,1,1
1879,0,468,337,60,45,1,1,1,1
1879,0,661,337,280,65,1,1,1,1
1879,0,818,378,55,45,1,1,1,1
1880,0,-5,348,180,115,1,1,1,1
1880,0,272,345,90,60,1,1,1,1
1880,0,468,337,60,45,1,1,1,1
1880,0,661,337,280,65,1,1,1,1
1880,0,818,378,55,45,1,1,1,1
1881,0,-5,348,180,115,1,1,1,1
1881,0,272,345,90,60,1,1,1,1
1881,0,468,337,60,45,1,1,1,1
1881,0,661,337,280,65,1,1,1,1
1881,0,818,378,55,45,1,1,1,1
1882,0,-5,348,180,115,1,1,1,1
1882,0,272,345,90,60,1,1,1,1
1882,0,468,337,60,45,1,1,1,1
1882,0,661,337,280,65,1,1,1,1
1882,0,818,378,55,45,1,1,1,1
1883,0,-5,348,180,115,1,1,1,1
1883,0,272,345,90,60,1,1,1,1
1883,0,468,337,60,45,1,1,1,1
1883,0,661,337,280,65,1,1,1,1
1883,0,818,378,55,45,1,1,1,1
1884,0,-5,348,180,115,1,1,1,1
1884,0,272,345,90,60,1,1,1,1
1884,0,468,337,60,45,1,1,1,1
1884,0,661,337,280,65,1,1,1,1
1884,0,818,378,55,45,1,1,1,1
1885,0,-5,348,180,115,1,1,1,1
1885,0,272,345,90,60,1,1,1,1
1885,0,468,337,60,45,1,1,1,1
1885,0,661,337,280,65,1,1,1,1
1885,0,818,378,55,45,1,1,1,1
1886,0,-5,348,180,115,1,1,1,1
1886,0,272,345,90,60,1,1,1,1
1886,0,468,337,60,45,1,1,1,1
1886,0,661,337,280,65,1,1,1,1
1886,0,818,378,55,45,1,1,1,1
1887,0,-5,348,180,115,1,1,1,1
1887,0,272,345,90,60,1,1,1,1
1887,0,468,337,60,45,1,1,1,1
1887,0,661,337,280,65,1,1,1,1
1887,0,818,378,55,45,1,1,1,1
1888,0,-5,348,180,115,1,1,1,1
1888,0,272,345,90,60,1,1,1,1
1888,0,468,337,60,45,1,1,1,1
1888,0,661,337,280,65,1,1,1,1
1888,0,818,378,55,45,1,1,1,1
1889,0,-5,348,180,115,1,1,1,1
1889,0,272,345,90,60,1,1,1,1
1889,0,468,337,60,45,1,1,1,1
1889,0,661,337,280,65,1,1,1,1
1889,0,818,378,55,45,1,1,1,1
1890,0,-5,348,180,115,1,1,1,1
1890,0,272,345,90,60,1,1,1,1
1890,0,468,337,60,45,1,1,1,1
1890,0,661,337,280,65,1,1,1,1
1890,0,818,378,55,45,1,1,1,1
1891,0,-5,348,180,115,1,1,1,1
1891,0,272,345,90,60,1,1,1,1
1891,0,468,337,60,45,1,1,1,1
1891,0,661,337,280,65,1,1,1,1
1891,0,818,378,55,45,1,1,1,1
1892,0,-6,349,180,115,1,1,1,1
1892,0,272,345,90,60,1,1,1,1
1892,0,468,337,60,45,1,1,1,1
1892,0,661,337,280,65,1,1,1,1
1892,0,818,379,55,45,1,1,1,1
1893,0,-6,349,180,115,1,1,1,1
1893,0,271,345,90,60,1,1,1,1
1893,0,468,337,60,45,1,1,1,1
1893,0,661,337,280,65,1,1,1,1
1893,0,817,379,55,45,1,1,1,1
1894,0,-6,349,180,115,1,1,1,1
1894,0,271,345,90,60,1,1,1,1
1894,0,468,337,60,45,1,1,1,1
1894,0,661,337,280,65,1,1,1,1
1894,0,817,379,55,45,1,1,1,1
1895,0,-6,349,180,115,1,1,1,1
1895,0,271,345,90,60,1,1,1,1
1895,0,468,337,60,45,1,1,1,1
1895,0,661,337,280,65,1,1,1,1
1895,0,817,379,55,45,1,1,1,1
1896,0,-6,349,180,115,1,1,1,1
1896,0,271,345,90,60,1,1,1,1
1896,0,468,337,60,45,1,1,1,1
1896,0,661,337,280,65,1,1,1,1
1896,0,817,379,55,45,1,1,1,1
1897,0,-6,349,180,115,1,1,1,1
1897,0,271,345,90,60,1,1,1,1
1897,0,468,337,60,45,1,1,1,1
1897,0,661,337,280,65,1,1,1,1
1897,0,817,379,55,45,1,1,1,1
1898,0,-6,349,180,115,1,1,1,1
1898,0,271,345,90,60,1,1,1,1
1898,0,468,337,60,45,1,1,1,1
1898,0,661,337,280,65,1,1,1,1
1898,0,817,379,55,45,1,1,1,1
1899,0,-6,349,180,115,1,1,1,1
1899,0,271,345,90,60,1,1,1,1
1899,0,468,337,60,45,1,1,1,1
1899,0,661,337,280,65,1,1,1,1
1899,0,817,379,55,45,1,1,1,1
1900,0,-6,349,180,115,1,1,1,1
1900,0,271,345,90,60,1,1,1,1
1900,0,468,337,60,45,1,1,1,1
1900,0,661,337,280,65,1,1,1,1
1900,0,817,379,55,45,1,1,1,1
1901,0,-6,349,180,115,1,1,1,1
1901,0,271,345,90,60,1,1,1,1
1901,0,468,337,60,45,1,1,1,1
1901,0,661,337,280,65,1,1,1,1
1901,0,817,379,55,45,1,1,1,1
1902,0,-6,349,180,115,1,1,1,1
1902,0,271,345,90,60,1,1,1,1
1902,0,468,337,60,45,1,1,1,1
1902,0,661,337,280,65,1,1,1,1
1902,0,817,379,55,45,1,1,1,1
1903,0,-6,349,180,115,1,1,1,1
1903,0,271,345,90,60,1,1,1,1
1903,0,468,337,60,45,1,1,1,1
1903,0,660,337,280,65,1,1,1,1
1903,0,817,379,55,45,1,1,1,1
1904,0,-6,349,180,115,1,1,1,1
1904,0,271,345,90,60,1,1,1,1
1904,0,468,337,60,45,1,1,1,1
1904,0,660,337,280,65,1,1,1,1
1904,0,817,379,55,45,1,1,1,1
1905,0,-6,349,180,115,1,1,1,1
1905,0,271,345,90,60,1,1,1,1
1905,0,468,337,60,45,1,1,1,1
1905,0,660,337,280,65,1,1,1,1
1905,0,817,379,55,45,1,1,1,1
1906,0,-6,349,180,115,1,1,1,1
1906,0,271,345,90,60,1,1,1,1
1906,0,468,337,60,45,1,1,1,1
1906,0,660,337,280,65,1,1,1,1
1906,0,817,379,55,45,1,1,1,1
1907,0,-7,349,180,115,1,1,1,1
1907,0,271,345,90,60,1,1,1,1
1907,0,468,337,60,45,1,1,1,1
1907,0,660,337,280,65,1,1,1,1
1907,0,817,379,55,45,1,1,1,1
1908,0,-7,349,180,115,1,1,1,1
1908,0,271,345,90,60,1,1,1,1
1908,0,468,337,60,45,1,1,1,1
1908,0,660,337,280,65,1,1,1,1
1908,0,817,379,55,45,1,1,1,1
1909,0,-7,349,180,115,1,1,1,1
1909,0,271,345,90,60,1,1,1,1
1909,0,468,337,60,45,1,1,1,1
1909,0,660,337,280,65,1,1,1,1
1909,0,817,379,55,45,1,1,1,1
1910,0,-7,349,180,115,1,1,1,1
1910,0,271,345,90,60,1,1,1,1
1910,0,468,337,60,45,1,1,1,1
1910,0,660,337,280,65,1,1,1,1
1910,0,817,379,55,45,1,1,1,1
1911,0,-7,349,180,115,1,1,1,1
1911,0,271,345,90,60,1,1,1,1
1911,0,468,337,60,45,1,1,1,1
1911,0,660,337,280,65,1,1,1,1
1911,0,817,379,55,45,1,1,1,1
1912,0,-7,349,180,115,1,1,1,1
1912,0,271,345,90,60,1,1,1,1
1912,0,468,337,60,45,1,1,1,1
1912,0,660,337,280,65,1,1,1,1
1912,0,817,379,55,45,1,1,1,1
1913,0,-7,349,180,115,1,1,1,1
1913,0,271,345,90,60,1,1,1,1
1913,0,468,337,60,45,1,1,1,1
1913,0,660,337,280,65,1,1,1,1
1913,0,816,379,55,45,1,1,1,1
1914,0,-7,349,180,115,1,1,1,1
1914,0,271,345,90,60,1,1,1,1
1914,0,468,337,60,45,1,1,1,1
1914,0,660,337,280,65,1,1,1,1
1914,0,816,379,55,45,1,1,1,1
1915,0,-7,349,180,115,1,1,1,1
1915,0,271,345,90,60,1,1,1,1
1915,0,468,337,60,45,1,1,1,1
1915,0,660,337,280,65,1,1,1,1
1915,0,816,379,55,45,1,1,1,1
1916,0,-7,349,180,115,1,1,1,1
1916,0,271,345,90,60,1,1,1,1
1916,0,468,337,60,45,1,1,1,1
1916,0,660,337,280,65,1,1,1,1
1916,0,816,379,55,45,1,1,1,1
1917,0,-7,349,180,115,1,1,1,1
1917,0,271,345,90,60,1,1,1,1
1917,0,468,337,60,45,1,1,1,1
1917,0,660,337,280,65,1,1,1,1
1917,0,816,379,55,45,1,1,1,1
1918,0,-7,349,180,115,1,1,1,1
1918,0,271,345,90,60,1,1,1,1
1918,0,468,337,60,45,1,1,1,1
1918,0,660,337,280,65,1,1,1,1
1918,0,816,379,55,45,1,1,1,1
1919,0,-7,349,180,115,1,1,1,1
1919,0,271,345,90,60,1,1,1,1
1919,0,468,337,60,45,1,1,1,1
1919,0,660,337,280,65,1,1,1,1
1919,0,816,379,55,45,1,1,1,1
1920,0,-7,349,180,115,1,1,1,1
1920,0,271,345,90,60,1,1,1,1
1920,0,468,337,60,45,1,1,1,1
1920,0,660,337,280,65,1,1,1,1
1920,0,816,379,55,45,1,1,1,1
1921,0,-7,349,180,115,1,1,1,1
1921,0,271,345,90,60,1,1,1,1
1921,0,468,337,60,45,1,1,1,1
1921,0,660,337,280,65,1,1,1,1
1921,0,816,379,55,45,1,1,1,1
1922,0,-8,349,180,115,1,1,1,1
1922,0,271,345,90,60,1,1,1,1
1922,0,468,337,60,45,1,1,1,1
1922,0,660,337,280,65,1,1,1,1
1922,0,816,379,55,45,1,1,1,1
1923,0,-8,349,180,115,1,1,1,1
1923,0,270,345,90,60,1,1,1,1
1923,0,467,337,60,45,1,1,1,1
1923,0,660,337,280,65,1,1,1,1
1923,0,816,379,55,45,1,1,1,1
1924,0,-8,349,180,115,1,1,1,1
1924,0,270,345,90,60,1,1,1,1
1924,0,467,337,60,45,1,1,1,1
1924,0,660,337,280,65,1,1,1,1
1924,0,816,379,55,45,1,1,1,1
1925,0,-8,349,180,115,1,1,1,1
1925,0,270,345,90,60,1,1,1,1
1925,0,467,337,60,45,1,1,1,1
1925,0,660,337,280,65,1,1,1,1
1925,0,816,379,55,45,1,1,1,1
1926,0,-8,349,180,115,1,1,1,1
1926,0,270,345,90,60,1,1,1,1
1926,0,467,337,60,45,1,1,1,1
1926,0,660,337,280,65,1,1,1,1
1926,0,816,379,55,45,1,1,1,1
1927,0,-8,349,180,115,1,1,1,1
1927,0,270,345,90,60,1,1,1,1
1927,0,467,337,60,45,1,1,1,1
1927,0,660,337,280,65,1,1,1,1
1927,0,816,379,55,45,1,1,1,1
1928,0,-8,349,180,115,1,1,1,1
1928,0,270,345,90,60,1,1,1,1
1928,0,467,337,60,45,1,1,1,1
1928,0,660,337,280,65,1,1,1,1
1928,0,816,379,55,45,1,1,1,1
1929,0,-8,349,180,115,1,1,1,1
1929,0,270,345,90,60,1,1,1,1
1929,0,467,337,60,45,1,1,1,1
1929,0,660,337,280,65,1,1,1,1
1929,0,816,379,55,45,1,1,1,1
1930,0,-8,349,180,115,1,1,1,1
1930,0,270,345,90,60,1,1,1,1
1930,0,467,337,60,45,1,1,1,1
1930,0,660,337,280,65,1,1,1,1
1930,0,816,379,55,45,1,1,1,1
1931,0,-8,349,180,115,1,1,1,1
1931,0,270,345,90,60,1,1,1,1
1931,0,467,337,60,45,1,1,1,1
1931,0,660,337,280,65,1,1,1,1
1931,0,816,379,55,45,1,1,1,1
1932,0,-8,349,180,115,1,1,1,1
1932,0,270,345,90,60,1,1,1,1
1932,0,467,337,60,45,1,1,1,1
1932,0,660,337,280,65,1,1,1,1
1932,0,816,379,55,45,1,1,1,1
1933,0,-8,349,180,115,1,1,1,1
1933,0,270,345,90,60,1,1,1,1
1933,0,467,337,60,45,1,1,1,1
1933,0,660,337,280,65,1,1,1,1
1933,0,815,379,55,45,1,1,1,1
1934,0,-8,349,180,115,1,1,1,1
1934,0,270,345,90,60,1,1,1,1
1934,0,467,337,60,45,1,1,1,1
1934,0,660,337,280,65,1,1,1,1
1934,0,815,379,55,45,1,1,1,1
1935,0,-8,349,180,115,1,1,1,1
1935,0,270,345,90,60,1,1,1,1
1935,0,467,337,60,45,1,1,1,1
1935,0,660,337,280,65,1,1,1,1
1935,0,815,379,55,45,1,1,1,1
1936,0,-8,349,180,115,1,1,1,1
1936,0,270,345,90,60,1,1,1,1
1936,0,467,337,60,45,1,1,1,1
1936,0,660,337,280,65,1,1,1,1
1936,0,815,379,55,45,1,1,1,1
1937,0,-9,349,180,115,1,1,1,1
1937,0,270,345,90,60,1,1,1,1
1937,0,467,337,60,45,1,1,1,1
1937,0,660,337,280,65,1,1,1,1
1937,0,815,379,55,45,1,1,1,1
1938,0,-9,349,180,115,1,1,1,1
1938,0,270,345,90,60,1,1,1,1
1938,0,467,337,60,45,1,1,1,1
1938,0,660,337,280,65,1,1,1,1
1938,0,815,379,55,45,1,1,1,1
1939,0,-9,349,180,115,1,1,1,1
1939,0,270,345,90,60,1,1,1,1
1939,0,467,337,60,45,1,1,1,1
1939,0,660,337,280,65,1,1,1,1
1939,0,815,379,55,45,1,1,1,1
1940,0,-9,349,180,115,1,1,1,1
1940,0,270,345,90,60,1,1,1,1
1940,0,467,337,60,45,1,1,1,1
1940,0,660,337,280,65,1,1,1,1
1940,0,815,379,55,45,1,1,1,1
1941,0,-9,349,180,115,1,1,1,1
1941,0,270,345,90,60,1,1,1,1
1941,0,467,337,60,45,1,1,1,1
1941,0,660,337,280,65,1,1,1,1
1941,0,815,379,55,45,1,1,1,1
1942,0,-9,349,180,115,1,1,1,1
1942,0,270,345,90,60,1,1,1,1
1942,0,467,337,60,45,1,1,1,1
1942,0,660,337,280,65,1,1,1,1
1942,0,815,379,55,45,1,1,1,1
1943,0,-9,349,180,115,1,1,1,1
1943,0,270,345,90,60,1,1,1,1
1943,0,467,337,60,45,1,1,1,1
1943,0,660,337,280,65,1,1,1,1
1943,0,815,379,55,45,1,1,1,1
1944,0,-9,349,180,115,1,1,1,1
1944,0,270,345,90,60,1,1,1,1
1944,0,467,337,60,45,1,1,1,1
1944,0,660,337,280,65,1,1,1,1
1944,0,815,379,55,45,1,1,1,1
1945,0,-9,349,180,115,1,1,1,1
1945,0,270,345,90,60,1,1,1,1
1945,0,467,337,60,45,1,1,1,1
1945,0,660,337,280,65,1,1,1,1
1945,0,815,379,55,45,1,1,1,1
1946,0,-9,349,180,115,1,1,1,1
1946,0,270,345,90,60,1,1,1,1
1946,0,467,337,60,45,1,1,1,1
1946,0,660,337,280,65,1,1,1,1
1946,0,815,379,55,45,1,1,1,1
1947,0,-9,349,180,115,1,1,1,1
1947,0,270,345,90,60,1,1,1,1
1947,0,467,337,60,45,1,1,1,1
1947,0,660,337,280,65,1,1,1,1
1947,0,815,379,55,45,1,1,1,1
1948,0,-9,349,180,115,1,1,1,1
1948,0,270,345,90,60,1,1,1,1
1948,0,467,337,60,45,1,1,1,1
1948,0,660,337,280,65,1,1,1,1
1948,0,815,379,55,45,1,1,1,1
1949,0,-9,349,180,115,1,1,1,1
1949,0,270,345,90,60,1,1,1,1
1949,0,467,337,60,45,1,1,1,1
1949,0,660,337,280,65,1,1,1,1
1949,0,815,379,55,45,1,1,1,1
1950,0,-9,349,180,115,1,1,1,1
1950,0,270,345,90,60,1,1,1,1
1950,0,467,337,60,45,1,1,1,1
1950,0,660,337,280,65,1,1,1,1
1950,0,815,379,55,45,1,1,1,1
1951,0,-9,349,180,115,1,1,1,1
1951,0,270,345,90,60,1,1,1,1
1951,0,467,337,60,45,1,1,1,1
1951,0,660,337,280,65,1,1,1,1
1951,0,815,379,55,45,1,1,1,1
1952,0,-10,350,180,115,1,1,1,1
1952,0,270,345,90,60,1,1,1,1
1952,0,467,337,60,45,1,1,1,1
1952,0,660,337,280,65,1,1,1,1
1952,0,815,380,55,45,1,1,1,1
1953,0,-10,350,180,115,1,1,1,1
1953,0,269,345,90,60,1,1,1,1
1953,0,467,337,60,45,1,1,1,1
1953,0,660,337,280,65,1,1,1,1
1953,0,814,380,55,45,1,1,1,1
1954,0,-10,350,180,115,1,1,1,1
1954,0,269,345,90,60,1,1,1,1
1954,0,467,337,60,45,1,1,1,1
1954,0,660,337,280,65,1,1,1,1
1954,0,814,380,55,45,1,1,1,1
1955,0,-10,350,180,115,1,1,1,1
1955,0,269,345,90,60,1,1,1,1
1955,0,467,337,60,45,1,1,1,1
1955,0,660,337,280,65,1,1,1,1
1955,0,814,380,55,45,1,1,1,1
1956,0,-10,350,180,115,1,1,1,1
1956,0,269,345,90,60,1,1,1,1
1956,0,467,337,60,45,1,1,1,1
1956,0,660,337,280,65,1,1,1,1
1956,0,814,380,55,45,1,1,1,1
1957,0,-10,350,180,115,1,1,1,1
1957,0,269,345,90,60,1,1,1,1
1957,0,467,337,60,45,1,1,1,1
1957,0,660,337,280,65,1,1,1,1
1957,0,814,380,55,45,1,1,1,1
1958,0,-10,350,180,115,1,1,1,1
1958,0,269,345,90,60,1,1,1,1
1958,0,467,337,60,45,1,1,1,1
1958,0,660,337,280,65,1,1,1,1
1958,0,814,380,55,45,1,1,1,1
1959,0,-10,350,180,115,1,1,1,1
1959,0,269,345,90,60,1,1,1,1
1959,0,467,337,60,45,1,1,1,1
1959,0,660,337,280,65,1,1,1,1
1959,0,814,380,55,45,1,1,1,1
1960,0,-10,350,180,115,1,1,1,1
1960,0,269,345,90,60,1,1,1,1
1960,0,467,337,60,45,1,1,1,1
1960,0,660,337,280,65,1,1,1,1
1960,0,814,380,55,45,1,1,1,1
1961,0,-10,350,180,115,1,1,1,1
1961,0,269,345,90,60,1,1,1,1
1961,0,467,337,60,45,1,1,1,1
1961,0,660,337,280,65,1,1,1,1
1961,0,814,380,55,45,1,1,1,1
1962,0,-10,350,180,115,1,1,1,1
1962,0,269,345,90,60,1,1,1,1
1962,0,467,337,60,45,1,1,1,1
1962,0,660,337,280,65,1,1,1,1
1962,0,814,380,55,45,1,1,1,1
1963,0,-10,350,180,115,1,1,1,1
1963,0,269,345,90,60,1,1,1,1
1963,0,467,337,60,45,1,1,1,1
1963,0,660,337,280,65,1,1,1,1
1963,0,814,380,55,45,1,1,1,1
1964,0,-10,350,180,115,1,1,1,1
1964,0,269,345,90,60,1,1,1,1
1964,0,467,337,60,45,1,1,1,1
1964,0,660,337,280,65,1,1,1,1
1964,0,814,380,55,45,1,1,1,1
1965,0,-10,350,180,115,1,1,1,1
1965,0,269,345,90,60,1,1,1,1
1965,0,467,337,60,45,1,1,1,1
1965,0,660,337,280,65,1,1,1,1
1965,0,814,380,55,45,1,1,1,1
1966,0,-10,350,180,115,1,1,1,1
1966,0,269,345,90,60,1,1,1,1
1966,0,467,337,60,45,1,1,1,1
1966,0,660,337,280,65,1,1,1,1
1966,0,814,380,55,45,1,1,1,1
1967,0,-11,350,180,115,1,1,1,1
1967,0,269,345,90,60,1,1,1,1
1967,0,467,337,60,45,1,1,1,1
1967,0,660,337,280,65,1,1,1,1
1967,0,814,380,55,45,1,1,1,1
1968,0,-11,350,180,115,1,1,1,1
1968,0,269,345,90,60,1,1,1,1
1968,0,467,337,60,45,1,1,1,1
1968,0,660,337,280,65,1,1,1,1
1968,0,814,380,55,45,1,1,1,1
1969,0,-11,350,180,115,1,1,1,1
1969,0,269,345,90,60,1,1,1,1
1969,0,467,337,60,45,1,1,1,1
1969,0,660,337,280,65,1,1,1,1
1969,0,814,380,55,45,1,1,1,1
1970,0,-11,350,180,115,1,1,1,1
1970,0,269,345,90,60,1,1,1,1
1970,0,467,337,60,45,1,1,1,1
1970,0,660,337,280,65,1,1,1,1
1970,0,814,380,55,45,1,1,1,1
1971,0,-11,350,180,115,1,1,1,1
1971,0,269,345,90,60,1,1,1,1
1971,0,467,337,60,45,1,1,1,1
1971,0,660,337,280,65,1,1,1,1
1971,0,814,380,55,45,1,1,1,1
1972,0,-11,350,180,115,1,1,1,1
1972,0,269,345,90,60,1,1,1,1
1972,0,467,337,60,45,1,1,1,1
1972,0,660,337,280,65,1,1,1,1
1972,0,814,380,55,45,1,1,1,1
1973,0,-11,350,180,115,1,1,1,1
1973,0,269,345,90,60,1,1,1,1
1973,0,467,337,60,45,1,1,1,1
1973,0,660,337,280,65,1,1,1,1
1973,0,813,380,55,45,1,1,1,1
1974,0,-11,350,180,115,1,1,1,1
1974,0,269,345,90,60,1,1,1,1
1974,0,467,337,60,45,1,1,1,1
1974,0,660,337,280,65,1,1,1,1
1974,0,813,380,55,45,1,1,1,1
1975,0,-11,350,180,115,1,1,1,1
1975,0,269,345,90,60,1,1,1,1
1975,0,467,337,60,45,1,1,1,1
1975,0,660,337,280,65,1,1,1,1
1975,0,813,380,55,45,1,1,1,1
1976,0,-11,350,180,115,1,1,1,1
1976,0,269,345,90,60,1,1,1,1
1976,0,467,337,60,45,1,1,1,1
1976,0,660,337,280,65,1,1,1,1
1976,0,813,380,55,45,1,1,1,1
1977,0,-11,350,180,115,1,1,1,1
1977,0,269,345,90,60,1,1,1,1
1977,0,467,337,60,45,1,1,1,1
1977,0,660,337,280,65,1,1,1,1
1977,0,813,380,55,45,1,1,1,1
1978,0,-11,350,180,115,1,1,1,1
1978,0,269,345,90,60,1,1,1,1
1978,0,467,337,60,45,1,1,1,1
1978,0,660,337,280,65,1,1,1,1
1978,0,813,380,55,45,1,1,1,1
1979,0,-11,350,180,115,1,1,1,1
1979,0,269,345,90,60,1,1,1,1
1979,0,467,337,60,45,1,1,1,1
1979,0,660,337,280,65,1,1,1,1
1979,0,813,380,55,45,1,1,1,1
1980,0,-11,350,180,115,1,1,1,1
1980,0,269,345,90,60,1,1,1,1
1980,0,467,337,60,45,1,1,1,1
1980,0,660,337,280,65,1,1,1,1
1980,0,813,380,55,45,1,1,1,1
1981,0,-11,350,180,115,1,1,1,1
1981,0,269,345,90,60,1,1,1,1
1981,0,467,337,60,45,1,1,1,1
1981,0,660,337,280,65,1,1,1,1
1981,0,813,380,55,45,1,1,1,1
1982,0,-12,350,180,115,1,1,1,1
1982,0,269,345,90,60,1,1,1,1
1982,0,467,337,60,45,1,1,1,1
1982,0,660,337,280,65,1,1,1,1
1982,0,813,380,55,45,1,1,1,1
1983,0,-12,350,180,115,1,1,1,1
1983,0,268,345,90,60,1,1,1,1
1983,0,466,337,60,45,1,1,1,1
1983,0,660,337,280,65,1,1,1,1
1983,0,813,380,55,45,1,1,1,1
1984,0,-12,350,180,115,1,1,1,1
1984,0,268,345,90,60,1,1,1,1
1984,0,466,337,60,45,1,1,1,1
1984,0,660,337,280,65,1,1,1,1
1984,0,813,380,55,45,1,1,1,1
1985,0,-12,350,180,115,1,1,1,1
1985,0,268,345,90,60,1,1,1,1
1985,0,466,337,60,45,1,1,1,1
1985,0,660,337,280,65,1,1,1,1
1985,0,813,380,55,45,1,1,1,1
1986,0,-12,350,180,115,1,1,1,1
1986,0,268,345,90,60,1,1,1,1
1986,0,466,337,60,45,1,1,1,1
1986,0,660,337,280,65,1,1,1,1
1986,0,813,380,55,45,1,1,1,1
1987,0,-12,350,180,115,1,1,1,1
1987,0,268,345,90,60,1,1,1,1
1987,0,466,337,60,45,1,1,1,1
1987,0,660,337,280,65,1,1,1,1
1987,0,813,380,55,45,1,1,1,1
1988,0,-12,350,180,115,1,1,1,1
1988,0,268,345,90,60,1,1,1,1
1988,0,466,337,60,45,1,1,1,1
1988,0,660,337,280,65,1,1,1,1
1988,0,813,380,55,45,1,1,1,1
1989,0,-12,350,180,115,1,1,1,1
1989,0,268,345,90,60,1,1,1,1
1989,0,466,337,60,45,1,1,1,1
1989,0,660,337,280,65,1,1,1,1
1989,0,813,380,55,45,1,1,1,1
1990,0,-12,350,180,115,1,1,1,1
1990,0,268,345,90,60,1,1,1,1
1990,0,466,337,60,45,1,1,1,1
1990,0,660,337,280,65,1,1,1,1
1990,0,813,380,55,45,1,1,1,1
1991,0,-12,350,180,115,1,1,1,1
1991,0,268,345,90,60,1,1,1,1
1991,0,466,337,60,45,1,1,1,1
1991,0,660,337,280,65,1,1,1,1
1991,0,813,380,55,45,1,1,1,1
1992,0,-12,350,180,115,1,1,1,1
1992,0,268,345,90,60,1,1,1,1
1992,0,466,337,60,45,1,1,1,1
1992,0,660,337,280,65,1,1,1,1
1992,0,813,380,55,45,1,1,1,1
1993,0,-12,350,180,115,1,1,1,1
1993,0,268,345,90,60,1,1,1,1
1993,0,466,337,60,45,1,1,1,1
1993,0,660,337,280,65,1,1,1,1
1993,0,812,380,55,45,1,1,1,1
1994,0,-12,350,180,115,1,1,1,1
1994,0,268,345,90,60,1,1,1,1
1994,0,466,337,60,45,1,1,1,1
1994,0,660,337,280,65,1,1,1,1
1994,0,812,380,55,45,1,1,1,1
1995,0,-12,350,180,115,1,1,1,1
1995,0,268,345,90,60,1,1,1,1
1995,0,466,337,60,45,1,1,1,1
1995,0,660,337,280,65,1,1,1,1
1995,0,812,380,55,45,1,1,1,1
1996,0,-12,350,180,115,1,1,1,1
1996,0,268,345,90,60,1,1,1,1
1996,0,466,337,60,45,1,1,1,1
1996,0,660,337,280,65,1,1,1,1
1996,0,812,380,55,45,1,1,1,1
1997,0,-13,350,180,115,1,1,1,1
1997,0,268,345,90,60,1,1,1,1
1997,0,466,337,60,45,1,1,1,1
1997,0,660,337,280,65,1,1,1,1
1997,0,812,380,55,45,1,1,1,1
1998,0,-13,350,180,115,1,1,1,1
1998,0,268,345,90,60,1,1,1,1
1998,0,466,337,60,45,1,1,1,1
1998,0,660,337,280,65,1,1,1,1
1998,0,812,380,55,45,1,1,1,1
1999,0,-13,350,180,115,1,1,1,1
1999,0,268,345,90,60,1,1,1,1
1999,0,466,337,60,45,1,1,1,1
1999,0,660,337,280,65,1,1,1,1
1999,0,812,380,55,45,1,1,1,1
2000,0,-13,350,180,115,1,1,1,1
2000,0,268,345,90,60,1,1,1,1
2000,0,466,337,60,45,1,1,1,1
2000,0,660,337,280,65,1,1,1,1
2000,0,812,380,55,45,1,1,1,1
2001,0,-13,350,180,115,1,1,1,1
2001,0,268,345,90,60,1,1,1,1
2001,0,466,337,60,45,1,1,1,1
2001,0,660,337,280,65,1,1,1,1
2001,0,812,380,55,45,1,1,1,1
2002,0,-13,350,180,115,1,1,1,1
2002,0,268,345,90,60,1,1,1,1
2002,0,466,337,60,45,1,1,1,1
2002,0,660,337,280,65,1,1,1,1
2002,0,812,380,55,45,1,1,1,1
2003,0,-13,350,180,115,1,1,1,1
2003,0,268,345,90,60,1,1,1,1
2003,0,466,337,60,45,1,1,1,1
2003,0,659,337,280,65,1,1,1,1
2003,0,812,380,55,45,1,1,1,1
2004,0,-13,350,180,115,1,1,1,1
2004,0,268,345,90,60,1,1,1,1
2004,0,466,337,60,45,1,1,1,1
2004,0,659,337,280,65,1,1,1,1
2004,0,812,380,55,45,1,1,1,1
2005,0,-13,350,180,115,1,1,1,1
2005,0,268,345,90,60,1,1,1,1
2005,0,466,337,60,45,1,1,1,1
2005,0,659,337,280,65,1,1,1,1
2005,0,812,380,55,45,1,1,1,1
2006,0,-13,350,180,115,1,1,1,1
2006,0,268,345,90,60,1,1,1,1
2006,0,466,337,60,45,1,1,1,1
2006,0,659,337,280,65,1,1,1,1
2006,0,812,380,55,45,1,1,1,1
2007,0,-13,350,180,115,1,1,1,1
2007,0,268,345,90,60,1,1,1,1
2007,0,466,337,60,45,1,1,1,1
2007,0,659,337,280,65,1,1,1,1
2007,0,812,380,55,45,1,1,1,1
2008,0,-13,350,180,115,1,1,1,1
2008,0,268,345,90,60,1,1,1,1
2008,0,466,337,60,45,1,1,1,1
2008,0,659,337,280,65,1,1,1,1
2008,0,812,380,55,45,1,1,1,1
2009,0,-13,350,180,115,1,1,1,1
2009,0,268,345,90,60,1,1,1,1
2009,0,466,337,60,45,1,1,1,1
2009,0,659,337,280,65,1,1,1,1
2009,0,812,380,55,45,1,1,1,1
2010,0,-13,350,180,115,1,1,1,1
2010,0,268,345,90,60,1,1,1,1
2010,0,466,337,60,45,1,1,1,1
2010,0,659,337,280,65,1,1,1,1
2010,0,812,380,55,45,1,1,1,1
2011,0,-13,350,180,115,1,1,1,1
2011,0,268,345,90,60,1,1,1,1
2011,0,466,337,60,45,1,1,1,1
2011,0,659,337,280,65,1,1,1,1
2011,0,812,380,55,45,1,1,1,1
2012,0,-14,351,180,115,1,1,1,1
2012,0,268,345,90,60,1,1,1,1
2012,0,466,337,60,45,1,1,1,1
2012,0,659,337,280,65,1,1,1,1
2012,0,812,381,55,45,1,1,1,1
2013,0,-14,351,180,115,1,1,1,1
2013,0,267,345,90,60,1,1,1,1
2013,0,466,337,60,45,1,1,1,1
2013,0,659,337,280,65,1,1,1,1
2013,0,811,381,55,45,1,1,1,1
2014,0,-14,351,180,115,1,1,1,1
2014,0,267,345,90,60,1,1,1,1
2014,0,466,337,60,45,1,1,1,1
2014,0,659,337,280,65,1,1,1,1
2014,0,811,381,55,45,1,1,1,1
2015,0,-14,351,180,115,1,1,1,1
2015,0,267,345,90,60,1,1,1,1
2015,0,466,337,60,45,1,1,1,1
2015,0,659,337,280,65,1,1,1,1
2015,0,811,381,55,45,1,1,1,1
2016,0,-14,351,180,115,1,1,1,1
2016,0,267,345,90,60,1,1,1,1
2016,0,466,337,60,45,1,1,1,1
2016,0,659,337,280,65,1,1,1,1
2016,0,811,381,55,45,1,1,1,1
2017,0,-14,351,180,115,1,1,1,1
2017,0,267,345,90,60,1,1,1,1
2017,0,466,337,60,45,1,1,1,1
2017,0,659,337,280,65,1,1,1,1
2017,0,811,381,55,45,1,1,1,1
2018,0,-14,351,180,115,1,1,1,1
2018,0,267,345,90,60,1,1,1,1
2018,0,466,337,60,45,1,1,1,1
2018,0,659,337,280,65,1,1,1,1
2018,0,811,381,55,45,1,1,1,1
2019,0,-14,351,180,115,1,1,1,1
2019,0,267,345,90,60,1,1,1,1
2019,0,466,337,60,45,1,1,1,1
2019,0,659,337,280,65,1,1,1,1
2019,0,811,381,55,45,1,1,1,1
2020,0,-14,351,180,115,1,1,1,1
2020,0,267,345,90,60,1,1,1,1
2020,0,466,337,60,45,1,1,1,1
2020,0,659,337,280,65,1,1,1,1
2020,0,811,381,55,45,1,1,1,1
2021,0,-14,351,180,115,1,1,1,1
2021,0,267,345,90,60,1,1,1,1
2021,0,466,337,60,45,1,1,1,1
2021,0,659,337,280,65,1,1,1,1
2021,0,811,381,55,45,1,1,1,1
2022,0,-14,351,180,115,1,1,1,1
2022,0,267,345,90,60,1,1,1,1
2022,0,466,337,60,45,1,1,1,1
2022,0,659,337,280,65,1,1,1,1
2022,0,811,381,55,45,1,1,1,1
2023,0,-14,351,180,115,1,1,1,1
2023,0,267,345,90,60,1,1,1,1
2023,0,466,337,60,45,1,1,1,1
2023,0,659,337,280,65,1,1,1,1
2023,0,811,381,55,45,1,1,1,1
2024,0,-14,351,180,115,1,1,1,1
2024,0,267,345,90,60,1,1,1,1
2024,0,466,337,60,45,1,1,1,1
2024,0,659,337,280,65,1,1,1,1
2024,0,811,381,55,45,1,1,1,1
2025,0,-14,351,180,115,1,1,1,1
2025,0,267,345,90,60,1,1,1,1
2025,0,466,337,60,45,1,1,1,1
2025,0,659,337,280,65,1,1,1,1
2025,0,811,381,55,45,1,1,1,1
2026,0,-14,351,180,115,1,1,1,1
2026,0,267,345,90,60,1,1,1,1
2026,0,466,337,60,45,1,1,1,1
2026,0,659,337,280,65,1,1,1,1
2026,0,811,381,55,45,1,1,1,1
2027,0,-15,351,180,115,1,1,1,1
2027,0,267,345,90,60,1,1,1,1
2027,0,466,337,60,45,1,1,1,1
2027,0,659,337,280,65,1,1,1,1
2027,0,811,381,55,45,1,1,1,1
2028,0,-15,351,180,115,1,1,1,1
2028,0,267,345,90,60,1,1,1,1
2028,0,466,337,60,45,1,1,1,1
2028,0,659,337,280,65,1,1,1,1
2028,0,811,381,55,45,1,1,1,1
2029,0,-15,351,180,115,1,1,1,1
2029,0,267,345,90,60,1,1,1,1
2029,0,466,337,60,45,1,1,1,1
2029,0,659,337,280,65,1,1,1,1
2029,0,811,381,55,45,1,1,1,1
2030,0,-15,351,180,115,1,1,1,1
2030,0,267,345,90,60,1,1,1,1
2030,0,466,337,60,45,1,1,1,1
2030,0,659,337,280,65,1,1,1,1
2030,0,811,381,55,45,1,1,1,1
2031,0,-15,351,180,115,1,1,1,1
2031,0,267,345,90,60,1,1,1,1
2031,0,466,337,60,45,1,1,1,1
2031,0,659,337,280,65,1,1,1,1
2031,0,811,381,55,45,1,1,1,1
2032,0,-15,351,180,115,1,1,1,1
2032,0,267,345,90,60,1,1,1,1
2032,0,466,337,60,45,1,1,1,1
2032,0,659,337,280,65,1,1,1,1
2032,0,811,381,55,45,1,1,1,1
2033,0,-15,351,180,115,1,1,1,1
2033,0,267,345,90,60,1,1,1,1
2033,0,466,337,60,45,1,1,1,1
2033,0,659,337,280,65,1,1,1,1
2033,0,810,381,55,45,1,1,1,1
2034,0,-15,351,180,115,1,1,1,1
2034,0,267,345,90,60,1,1,1,1
2034,0,466,337,60,45,1,1,1,1
2034,0,659,337,280,65,1,1,1,1
2034,0,810,381,55,45,1,1,1,1
2035,0,-15,351,180,115,1,1,1,1
2035,0,267,345,90,60,1,1,1,1
2035,0,466,337,60,45,1,1,1,1
2035,0,659,337,280,65,1,1,1,1
2035,0,810,381,55,45,1,1,1,1
2036,0,-15,351,180,115,1,1,1,1
2036,0,267,345,90,60,1,1,1,1
2036,0,466,337,60,45,1,1,1,1
2036,0,659,337,280,65,1,1,1,1
2036,0,810,381,55,45,1,1,1,1
2037,0,-15,351,180,115,1,1,1,1
2037,0,267,345,90,60,1,1,1,1
2037,0,466,337,60,45,1,1,1,1
2037,0,659,337,280,65,1,1,1,1
2037,0,810,381,55,45,1,1,1,1
2038,0,-15,351,180,115,1,1,1,1
2038,0,267,345,90,60,1,1,1,1
2038,0,466,337,60,45,1,1,1,1
2038,0,659,337,280,65,1,1,1,1
2038,0,810,381,55,45,1,1,1,1
2039,0,-15,351,180,115,1,1,1,1
2039,0,267,345,90,60,1,1,1,1
2039,0,466,337,60,45,1,1,1,1
2039,0,659,337,280,65,1,1,1,1
2039,0,810,381,55,45,1,1,1,1
2040,0,-15,351,180,115,1,1,1,1
2040,0,267,345,90,60,1,1,1,1
2040,0,466,337,60,45,1,1,1,1
2040,0,659,337,280,65,1,1,1,1
2040,0,810,381,55,45,1,1,1,1
2041,0,-15,351,180,115,1,1,1,1
2041,0,267,345,90,60,1,1,1,1
2041,0,466,337,60,45,1,1,1,1
2041,0,659,337,280,65,1,1,1,1
2041,0,810,381,55,45,1,1,1,1
2042,0,-16,351,180,115,1,1,1,1
2042,0,267,345,90,60,1,1,1,1
2042,0,466,337,60,45,1,1,1,1
2042,0,659,337,280,65,1,1,1,1
2042,0,810,381,55,45,1,1,1,1
2043,0,-16,351,180,115,1,1,1,1
2043,0,266,345,90,60,1,1,1,1
2043,0,465,337,60,45,1,1,1,1
2043,0,659,337,280,65,1,1,1,1
2043,0,810,381,55,45,1,1,1,1
2044,0,-16,351,180,115,1,1,1,1
2044,0,266,345,90,60,1,1,1,1
2044,0,465,337,60,45,1,1,1,1
2044,0,659,337,280,65,1,1,1,1
2044,0,810,381,55,45,1,1,1,1
2045,0,-16,351,180,115,1,1,1,1
2045,0,266,345,90,60,1,1,1,1
2045,0,465,337,60,45,1,1,1,1
2045,0,659,337,280,65,1,1,1,1
2045,0,810,381,55,45,1,1,1,1
2046,0,-16,351,180,115,1,1,1,1
2046,0,266,345,90,60,1,1,1,1
2046,0,465,337,60,45,1,1,1,1
2046,0,659,337,280,65,1,1,1,1
2046,0,810,381,55,45,1,1,1,1
2047,0,-16,351,180,115,1,1,1,1
2047,0,266,345,90,60,1,1,1,1
2047,0,465,337,60,45,1,1,1,1
2047,0,659,337,280,65,1,1,1,1
2047,0,810,381,55,45,1,1,1,1
2048,0,-16,351,180,115,1,1,1,1
2048,0,266,345,90,60,1,1,1,1
2048,0,465,337,60,45,1,1,1,1
2048,0,659,337,280,65,1,1,1,1
2048,0,810,381,55,45,1,1,1,1
2049,0,-16,351,180,115,1,1,1,1
2049,0,266,345,90,60,1,1,1,1
2049,0,465,337,60,45,1,1,1,1
2049,0,659,337,280,65,1,1,1,1
2049,0,810,381,55,45,1,1,1,1
2050,0,-16,351,180,115,1,1,1,1
2050,0,266,345,90,60,1,1,1,1
2050,0,465,337,60,45,1,1,1,1
2050,0,659,337,280,65,1,1,1,1
2050,0,810,381,55,45,1,1,1,1
2051,0,-16,351,180,115,1,1,1,1
2051,0,266,345,90,60,1,1,1,1
2051,0,465,337,60,45,1,1,1,1
2051,0,659,337,280,65,1,1,1,1
2051,0,810,381,55,45,1,1,1,1
2052,0,-16,351,180,115,1,1,1,1
2052,0,266,345,90,60,1,1,1,1
2052,0,465,337,60,45,1,1,1,1
2052,0,659,337,280,65,1,1,1,1
2052,0,810,381,55,45,1,1,1,1
2053,0,-16,351,180,115,1,1,1,1
2053,0,266,345,90,60,1,1,1,1
2053,0,465,337,60,45,1,1,1,1
2053,0,659,337,280,65,1,1,1,1
2053,0,809,381,55,45,1,1,1,1
2054,0,-16,351,180,115,1,1,1,1
2054,0,266,345,90,60,1,1,1,1
2054,0,465,337,60,45,1,1,1,1
2054,0,659,337,280,65,1,1,1,1
2054,0,809,381,55,45,1,1,1,1
2055,0,-16,351,180,115,1,1,1,1
2055,0,266,345,90,60,1,1,1,1
2055,0,465,337,60,45,1,1,1,1
2055,0,659,337,280,65,1,1,1,1
2055,0,809,381,55,45,1,1,1,1
2056,0,-16,351,180,115,1,1,1,1
2056,0,266,345,90,60,1,1,1,1
2056,0,465,337,60,45,1,1,1,1
2056,0,659,337,280,65,1,1,1,1
2056,0,809,381,55,45,1,1,1,1
2057,0,-17,351,180,115,1,1,1,1
2057,0,266,345,90,60,1,1,1,1
2057,0,465,337,60,45,1,1,1,1
2057,0,659,337,280,65,1,1,1,1
2057,0,809,381,55,45,1,1,1,1
2058,0,-17,351,180,115,1,1,1,1
2058,0,266,345,90,60,1,1,1,1
2058,0,465,337,60,45,1,1,1,1
2058,0,659,337,280,65,1,1,1,1
2058,0,809,381,55,45,1,1,1,1
2059,0,-17,351,180,115,1,1,1,1
2059,0,266,345,90,60,1,1,1,1
2059,0,465,337,60,45,1,1,1,1
2059,0,659,337,280,65,1,1,1,1
2059,0,809,381,55,45,1,1,1,1
2060,0,-17,351,180,115,1,1,1,1
2060,0,266,345,90,60,1,1,1,1
2060,0,465,337,60,45,1,1,1,1
2060,0,659,337,280,65,1,1,1,1
2060,0,809,381,55,45,1,1,1,1
2061,0,-17,351,180,115,1,1,1,1
2061,0,266,345,90,60,1,1,1,1
2061,0,465,337,60,45,1,1,1,1
2061,0,659,337,280,65,1,1,1,1
2061,0,809,381,55,45,1,1,1,1
2062,0,-17,351,180,115,1,1,1,1
2062,0,266,345,90,60,1,1,1,1
2062,0,465,337,60,45,1,1,1,1
2062,0,659,337,280,65,1,1,1,1
2062,0,809,381,55,45,1,1,1,1
2063,0,-17,351,180,115,1,1,1,1
2063,0,266,345,90,60,1,1,1,1
2063,0,465,337,60,45,1,1,1,1
2063,0,659,337,280,65,1,1,1,1
2063,0,809,381,55,45,1,1,1,1
2064,0,-17,351,180,115,1,1,1,1
2064,0,266,345,90,60,1,1,1,1
2064,0,465,337,60,45,1,1,1,1
2064,0,659,337,280,65,1,1,1,1
2064,0,809,381,55,45,1,1,1,1
2065,0,-17,351,180,115,1,1,1,1
2065,0,266,345,90,60,1,1,1,1
2065,0,465,337,60,45,1,1,1,1
2065,0,659,337,280,65,1,1,1,1
2065,0,809,381,55,45,1,1,1,1
2066,0,-17,351,180,115,1,1,1,1
2066,0,266,345,90,60,1,1,1,1
2066,0,465,337,60,45,1,1,1,1
2066,0,659,337,280,65,1,1,1,1
2066,0,809,381,55,45,1,1,1,1
2067,0,-17,351,180,115,1,1,1,1
2067,0,266,345,90,60,1,1,1,1
2067,0,465,337,60,45,1,1,1,1
2067,0,659,337,280,65,1,1,1,1
2067,0,809,381,55,45,1,1,1,1
2068,0,-17,351,180,115,1,1,1,1
2068,0,266,345,90,60,1,1,1,1
2068,0,465,337,60,45,1,1,1,1
2068,0,659,337,280,65,1,1,1,1
2068,0,809,381,55,45,1,1,1,1
2069,0,-17,351,180,115,1,1,1,1
2069,0,266,345,90,60,1,1,1,1
2069,0,465,337,60,45,1,1,1,1
2069,0,659,337,280,65,1,1,1,1
2069,0,809,381,55,45,1,1,1,1
2070,0,-17,351,180,115,1,1,1,1
2070,0,266,345,90,60,1,1,1,1
2070,0,465,337,60,45,1,1,1,1
2070,0,659,337,280,65,1,1,1,1
2070,0,809,381,55,45,1,1,1,1
2071,0,-17,351,180,115,1,1,1,1
2071,0,266,345,90,60,1,1,1,1
2071,0,465,337,60,45,1,1,1,1
2071,0,659,337,280,65,1,1,1,1
2071,0,809,381,55,45,1,1,1,1
2072,0,-18,352,180,115,1,1,1,1
2072,0,266,345,90,60,1,1,1,1
2072,0,465,337,60,45,1,1,1,1
2072,0,659,337,280,65,1,1,1,1
2072,0,809,382,55,45,1,1,1,1
2073,0,-18,352,180,115,1,1,1,1
2073,0,265,345,90,60,1,1,1,1
2073,0,465,337,60,45,1,1,1,1
2073,0,659,337,280,65,1,1,1,1
2073,0,808,382,55,45,1,1,1,1
2074,0,-18,352,180,115,1,1,1,1
2074,0,265,345,90,60,1,1,1,1
2074,0,465,337,60,45,1,1,1,1
2074,0,659,337,280,65,1,1,1,1
2074,0,808,382,55,45,1,1,1,1
2075,0,-18,352,180,115,1,1,1,1
2075,0,265,345,90,60,1,1,1,1
2075,0,465,337,60,45,1,1,1,1
2075,0,659,337,280,65,1,1,1,1
2075,0,808,382,55,45,1,1,1,1
2076,0,-18,352,180,115,1,1,1,1
2076,0,265,345,90,60,1,1,1,1
2076,0,465,337,60,45,1,1,1,1
2076,0,659,337,280,65,1,1,1,1
2076,0,808,382,55,45,1,1,1,1
2077,0,-18,352,180,115,1,1,1,1
2077,0,265,345,90,60,1,1,1,1
2077,0,465,337,60,45,1,1,1,1
2077,0,659,337,280,65,1,1,1,1
2077,0,808,382,55,45,1,1,1,1
2078,0,-18,352,180,115,1,1,1,1
2078,0,265,345,90,60,1,1,1,1
2078,0,465,337,60,45,1,1,1,1
2078,0,659,337,280,65,1,1,1,1
2078,0,808,382,55,45,1,1,1,1
2079,0,-18,352,180,115,1,1,1,1
2079,0,265,345,90,60,1,1,1,1
2079,0,465,337,60,45,1,1,1,1
2079,0,659,337,280,65,1,1,1,1
2079,0,808,382,55,45,1,1,1,1
2080,0,-18,352,180,115,1,1,1,1
2080,0,265,345,90,60,1,1,1,1
2080,0,465,337,60,45,1,1,1,1
2080,0,659,337,280,65,1,1,1,1
2080,0,808,382,55,45,1,1,1,1
2081,0,-18,352,180,115,1,1,1,1
2081,0,265,345,90,60,1,1,1,1
2081,0,465,337,60,45,1,1,1,1
2081,0,659,337,280,65,1,1,1,1
2081,0,808,382,55,45,1,1,1,1
2082,0,-18,352,180,115,1,1,1,1
2082,0,265,345,90,60,1,1,1,1
2082,0,465,337,60,45,1,1,1,1
2082,0,659,337,280,65,1,1,1,1
2082,0,808,382,55,45,1,1,1,1
2083,0,-18,352,180,115,1,1,1,1
2083,0,265,345,90,60,1,1,1,1
2083,0,465,337,60,45,1,1,1,1
2083,0,659,337,280,65,1,1,1,1
2083,0,808,382,55,45,1,1,1,1
2084,0,-18,352,180,115,1,1,1,1
2084,0,265,345,90,60,1,1,1,1
2084,0,465,337,60,45,1,1,1,1
2084,0,659,337,280,65,1,1,1,1
2084,0,808,382,55,45,1,1,1,1
2085,0,-18,352,180,115,1,1,1,1
2085,0,265,345,90,60,1,1,1,1
2085,0,465,337,60,45,1,1,1,1
2085,0,659,337,280,65,1,1,1,1
2085,0,808,382,55,45,1,1,1,1
2086,0,-18,352,180,115,1,1,1,1
2086,0,265,345,90,60,1,1,1,1
2086,0,465,337,60,45,1,1,1,1
2086,0,659,337,280,65,1,1,1,1
2086,0,808,382,55,45,1,1,1,1
2087,0,-19,352,180,115,1,1,1,1
2087,0,265,345,90,60,1,1,1,1
2087,0,465,337,60,45,1,1,1,1
2087,0,659,337,280,65,1,1,1,1
2087,0,808,382,55,45,1,1,1,1
2088,0,-19,352,180,115,1,1,1,1
2088,0,265,345,90,60,1,1,1,1
2088,0,465,337,60,45,1,1,1,1
2088,0,659,337,280,65,1,1,1,1
2088,0,808,382,55,45,1,1,1,1
2089,0,-19,352,180,115,1,1,1,1
2089,0,265,345,90,60,1,1,1,1
2089,0,465,337,60,45,1,1,1,1
2089,0,659,337,280,65,1,1,1,1
2089,0,808,382,55,45,1,1,1,1
2090,0,-19,352,180,115,1,1,1,1
2090,0,265,345,90,60,1,1,1,1
2090,0,465,337,60,45,1,1,1,1
2090,0,659,337,280,65,1,1,1,1
2090,0,808,382,55,45,1,1,1,1
2091,0,-19,352,180,115,1,1,1,1
2091,0,265,345,90,60,1,1,1,1
2091,0,465,337,60,45,1,1,1,1
2091,0,659,337,280,65,1,1,1,1
2091,0,808,382,55,45,1,1,1,1
2092,0,-19,352,180,115,1,1,1,1
2092,0,265,345,90,60,1,1,1,1
2092,0,465,337,60,45,1,1,1,1
2092,0,659,337,280,65,1,1,1,1
2092,0,808,382,55,45,1,1,1,1
2093,0,-19,352,180,115,1,1,1,1
2093,0,265,345,90,60,1,1,1,1
2093,0,465,337,60,45,1,1,1,1
2093,0,659,337,280,65,1,1,1,1
2093,0,807,382,55,45,1,1,1,1
2094,0,-19,352,180,115,1,1,1,1
2094,0,265,345,90,60,1,1,1,1
2094,0,465,337,60,45,1,1,1,1
2094,0,659,337,280,65,1,1,1,1
2094,0,807,382,55,45,1,1,1,1
2095,0,-19,352,180,115,1,1,1,1
2095,0,265,345,90,60,1,1,1,1
2095,0,465,337,60,45,1,1,1,1
2095,0,659,337,280,65,1,1,1,1
2095,0,807,382,55,45,1,1,1,1
2096,0,-19,352,180,115,1,1,1,1
2096,0,265,345,90,60,1,1,1,1
2096,0,465,337,60,45,1,1,1,1
2096,0,659,337,280,65,1,1,1,1
2096,0,807,382,55,45,1,1,1,1
2097,0,-19,352,180,115,1,1,1,1
2097,0,265,345,90,60,1,1,1,1
2097,0,465,337,60,45,1,1,1,1
2097,0,659,337,280,65,1,1,1,1
2097,0,807,382,55,45,1,1,1,1
2098,0,-19,352,180,115,1,1,1,1
2098,0,265,345,90,60,1,1,1,1
2098,0,465,337,60,45,1,1,1,1
2098,0,659,337,280,65,1,1,1,1
2098,0,807,382,55,45,1,1,1,1
2099,0,-19,352,180,115,1,1,1,1
2099,0,265,345,90,60,1,1,1,1
2099,0,465,337,60,45,1,1,1,1
2099,0,659,337,280,65,1,1,1,1
2099,0,807,382,55,45,1,1,1,1
2100,0,-19,352,180,115,1,1,1,1
2100,0,265,345,90,60,1,1,1,1
2100,0,465,337,60,45,1,1,1,1
2100,0,659,337,280,65,1,1,1,1
2100,0,807,382,55,45,1,1,1,1
2101,0,-19,352,180,115,1,1,1,1
2101,0,265,345,90,60,1,1,1,1
2101,0,465,337,60,45,1,1,1,1
2101,0,659,337,280,65,1,1,1,1
2101,0,807,382,55,45,1,1,1,1
2102,0,-20,352,180,115,1,1,1,1
2102,0,265,345,90,60,1,1,1,1
2102,0,465,337,60,45,1,1,1,1
2102,0,659,337,280,65,1,1,1,1
2102,0,807,382,55,45,1,1,1,1
2103,0,-20,352,180,115,1,1,1,1
2103,0,264,345,90,60,1,1,1,1
2103,0,464,337,60,45,1,1,1,1
2103,0,658,337,280,65,1,1,1,1
2103,0,807,382,55,45,1,1,1,1
2104,0,-20,352,180,115,1,1,1,1
2104,0,264,345,90,60,1,1,1,1
2104,0,464,337,60,45,1,1,1,1
2104,0,658,337,280,65,1,1,1,1
2104,0,807,382,55,45,1,1,1,1
2105,0,-20,352,180,115,1,1,1,1
2105,0,264,345,90,60,1,1,1,1
2105,0,464,337,60,45,1,1,1,1
2105,0,658,337,280,65,1,1,1,1
2105,0,807,382,55,45,1,1,1,1
2106,0,-20,352,180,115,1,1,1,1
2106,0,264,345,90,60,1,1,1,1
2106,0,464,337,60,45,1,1,1,1
2106,0,658,337,280,65,1,1,1,1
2106,0,807,382,55,45,1,1,1,1
2107,0,-20,352,180,115,1,1,1,1
2107,0,264,345,90,60,1,1,1,1
2107,0,464,337,60,45,1,1,1,1
2107,0,658,337,280,65,1,1,1,1
2107,0,807,382,55,45,1,1,1,1
2108,0,-20,352,180,115,1,1,1,1
2108,0,264,345,90,60,1,1,1,1
2108,0,464,337,60,45,1,1,1,1
2108,0,658,337,280,65,1,1,1,1
2108,0,807,382,55,45,1,1,1,1
2109,0,-20,352,180,115,1,1,1,1
2109,0,264,345,90,60,1,1,1,1
2109,0,464,337,60,45,1,1,1,1
2109,0,658,337,280,65,1,1,1,1
2109,0,807,382,55,45,1,1,1,1
2110,0,-20,352,180,115,1,1,1,1
2110,0,264,345,90,60,1,1,1,1
2110,0,464,337,60,45,1,1,1,1
2110,0,658,337,280,65,1,1,1,1
2110,0,807,382,55,45,1,1,1,1
2111,0,-20,352,180,115,1,1,1,1
2111,0,264,345,90,60,1,1,1,1
2111,0,464,337,60,45,1,1,1,1
2111,0,658,337,280,65,1,1,1,1
2111,0,807,382,55,45,1,1,1,1
2112,0,-20,352,180,115,1,1,1,1
2112,0,264,345,90,60,1,1,1,1
2112,0,464,337,60,45,1,1,1,1
2112,0,658,337,280,65,1,1,1,1
2112,0,807,382,55,45,1,1,1,1
2113,0,-20,352,180,115,1,1,1,1
2113,0,264,345,90,60,1,1,1,1
2113,0,464,337,60,45,1,1,1,1
2113,0,658,337,280,65,1,1,1,1
2113,0,806,382,55,45,1,1,1,1
2114,0,-20,352,180,115,1,1,1,1
2114,0,264,345,90,60,1,1,1,1
2114,0,464,337,60,45,1,1,1,1
2114,0,658,337,280,65,1,1,1,1
2114,0,806,382,55,45,1,1,1,1
2115,0,-20,352,180,115,1,1,1,1
2115,0,264,345,90,60,1,1,1,1
2115,0,464,337,60,45,1,1,1,1
2115,0,658,337,280,65,1,1,1,1
2115,0,806,382,55,45,1,1,1,1
2116,0,-20,352,180,115,1,1,1,1
2116,0,264,345,90,60,1,1,1,1
2116,0,464,337,60,45,1,1,1,1
2116,0,658,337,280,65,1,1,1,1
2116,0,806,382,55,45,1,1,1,1
2117,0,-21,352,180,115,1,1,1,1
2117,0,264,345,90,60,1,1,1,1
2117,0,464,337,60,45,1,1,1,1
2117,0,658,337,280,65,1,1,1,1
2117,0,806,382,55,45,1,1,1,1
2118,0,-21,352,180,115,1,1,1,1
2118,0,264,345,90,60,1,1,1,1
2118,0,464,337,60,45,1,1,1,1
2118,0,658,337,280,65,1,1,1,1
2118,0,806,382,55,45,1,1,1,1
2119,0,-21,352,180,115,1,1,1,1
2119,0,264,345,90,60,1,1,1,1
2119,0,464,337,60,45,1,1,1,1
2119,0,658,337,280,65,1,1,1,1
2119,0,806,382,55,45,1,1,1,1
2120,0,-21,352,180,115,1,1,1,1
2120,0,264,345,90,60,1,1,1,1
2120,0,464,337,60,45,1,1,1,1
2120,0,658,337,280,65,1,1,1,1
2120,0,806,382,55,45,1,1,1,1
2121,0,-21,352,180,115,1,1,1,1
2121,0,264,345,90,60,1,1,1,1
2121,0,464,337,60,45,1,1,1,1
2121,0,658,337,280,65,1,1,1,1
2121,0,806,382,55,45,1,1,1,1
2122,0,-21,352,180,115,1,1,1,1
2122,0,264,345,90,60,1,1,1,1
2122,0,464,337,60,45,1,1,1,1
2122,0,658,337,280,65,1,1,1,1
2122,0,806,382,55,45,1,1,1,1
2123,0,-21,352,180,115,1,1,1,1
2123,0,264,345,90,60,1,1,1,1
2123,0,464,337,60,45,1,1,1,1
2123,0,658,337,280,65,1,1,1,1
2123,0,806,382,55,45,1,1,1,1
2124,0,-21,352,180,115,1,1,1,1
2124,0,264,345,90,60,1,1,1,1
2124,0,464,337,60,45,1,1,1,1
2124,0,658,337,280,65,1,1,1,1
2124,0,806,382,55,45,1,1,1,1
2125,0,-21,352,180,115,1,1,1,1
2125,0,264,345,90,60,1,1,1,1
2125,0,464,337,60,45,1,1,1,1
2125,0,658,337,280,65,1,1,1,1
2125,0,806,382,55,45,1,1,1,1
2126,0,-21,352,180,115,1,1,1,1
2126,0,264,345,90,60,1,1,1,1
2126,0,464,337,60,45,1,1,1,1
2126,0,658,337,280,65,1,1,1,1
2126,0,806,382,55,45,1,1,1,1
2127,0,-21,352,180,115,1,1,1,1
2127,0,264,345,90,60,1,1,1,1
2127,0,464,337,60,45,1,1,1,1
2127,0,658,337,280,65,1,1,1,1
2127,0,806,382,55,45,1,1,1,1
2128,0,-21,352,180,115,1,1,1,1
2128,0,264,345,90,60,1,1,1,1
2128,0,464,337,60,45,1,1,1,1
2128,0,658,337,280,65,1,1,1,1
2128,0,806,382,55,45,1,1,1,1
2129,0,-21,352,180,115,1,1,1,1
2129,0,264,345,90,60,1,1,1,1
2129,0,464,337,60,45,1,1,1,1
2129,0,658,337,280,65,1,1,1,1
2129,0,806,382,55,45,1,1,1,1
2130,0,-21,352,180,115,1,1,1,1
2130,0,264,345,90,60,1,1,1,1
2130,0,464,337,60,45,1,1,1,1
2130,0,658,337,280,65,1,1,1,1
2130,0,806,382,55,45,1,1,1,1
2131,0,-21,352,180,115,1,1,1,1
2131,0,264,345,90,60,1,1,1,1
2131,0,464,337,60,45,1,1,1,1
2131,0,658,337,280,65,1,1,1,1
2131,0,806,382,55,45,1,1,1,1
2132,0,-22,353,180,115,1,1,1,1
2132,0,264,345,90,60,1,1,1,1
2132,0,464,337,60,45,1,1,1,1
2132,0,658,337,280,65,1,1,1,1
2132,0,806,383,55,45,1,1,1,1
2133,0,-22,353,180,115,1,1,1,1
2133,0,263,345,90,60,1,1,1,1
2133,0,464,337,60,45,1,1,1,1
2133,0,658,337,280,65,1,1,1,1
2133,0,805,383,55,45,1,1,1,1
2134,0,-22,353,180,115,1,1,1,1
2134,0,263,345,90,60,1,1,1,1
2134,0,464,337,60,45,1,1,1,1
2134,0,658,337,280,65,1,1,1,1
2134,0,805,383,55,45,1,1,1,1
2135,0,-22,353,180,115,1,1,1,1
2135,0,263,345,90,60,1,1,1,1
2135,0,464,337,60,45,1,1,1,1
2135,0,658,337,280,65,1,1,1,1
2135,0,805,383,55,45,1,1,1,1
2136,0,-22,353,180,115,1,1,1,1
2136,0,263,345,90,60,1,1,1,1
2136,0,464,337,60,45,1,1,1,1
2136,0,658,337,280,65,1,1,1,1
2136,0,805,383,55,45,1,1,1,1
2137,0,-22,353,180,115,1,1,1,1
2137,0,263,345,90,60,1,1,1,1
2137,0,464,337,60,45,1,1,1,1
2137,0,658,337,280,65,1,1,1,1
2137,0,805,383,55,45,1,1,1,1
2138,0,-22,353,180,115,1,1,1,1
2138,0,263,345,90,60,1,1,1,1
2138,0,464,337,60,45,1,1,1,1
2138,0,658,337,280,65,1,1,1,1
2138,0,805,383,55,45,1,1,1,1
2139,0,-22,353,180,115,1,1,1,1
2139,0,263,345,90,60,1,1,1,1
2139,0,464,337,60,45,1,1,1,1
2139,0,658,337,280,65,1,1,1,1
2139,0,805,383,55,45,1,1,1,1
2140,0,-22,353,180,115,1,1,1,1
2140,0,263,345,90,60,1,1,1,1
2140,0,464,337,60,45,1,1,1,1
2140,0,658,337,280,65,1,1,1,1
2140,0,805,383,55,45,1,1,1,1
2141,0,-22,353,180,115,1,1,1,1
2141,0,263,345,90,60,1,1,1,1
2141,0,464,337,60,45,1,1,1,1
2141,0,658,337,280,65,1,1,1,1
2141,0,805,383,55,45,1,1,1,1
2142,0,-22,353,180,115,1,1,1,1
2142,0,263,345,90,60,1,1,1,1
2142,0,464,337,60,45,1,1,1,1
2142,0,658,337,280,65,1,1,1,1
2142,0,805,383,55,45,1,1,1,1
2143,0,-22,353,180,115,1,1,1,1
2143,0,263,345,90,60,1,1,1,1
2143,0,464,337,60,45,1,1,1,1
2143,0,658,337,280,65,1,1,1,1
2143,0,805,383,55,45,1,1,1,1
2144,0,-22,353,180,115,1,1,1,1
2144,0,263,345,90,60,1,1,1,1
2144,0,464,337,60,45,1,1,1,1
2144,0,658,337,280,65,1,1,1,1
2144,0,805,383,55,45,1,1,1,1
2145,0,-22,353,180,115,1,1,1,1
2145,0,263,345,90,60,1,1,1,1
2145,0,464,337,60,45,1,1,1,1
2145,0,658,337,280,65,1,1,1,1
2145,0,805,383,55,45,1,1,1,1
2146,0,-22,353,180,115,1,1,1,1
2146,0,263,345,90,60,1,1,1,1
2146,0,464,337,60,45,1,1,1,1
2146,0,658,337,280,65,1,1,1,1
2146,0,805,383,55,45,1,1,1,1
2147,0,-23,353,180,115,1,1,1,1
2147,0,263,345,90,60,1,1,1,1
2147,0,464,337,60,45,1,1,1,1
2147,0,658,337,280,65,1,1,1,1
2147,0,805,383,55,45,1,1,1,1
2148,0,-23,353,180,115,1,1,1,1
2148,0,263,345,90,60,1,1,1,1
2148,0,464,337,60,45,1,1,1,1
2148,0,658,337,280,65,1,1,1,1
2148,0,805,383,55,45,1,1,1,1
2149,0,-23,353,180,115,1,1,1,1
2149,0,263,345,90,60,1,1,1,1
2149,0,464,337,60,45,1,1,1,1
2149,0,658,337,280,65,1,1,1,1
2149,0,805,383,55,45,1,1,1,1
2150,0,-23,353,180,115,1,1,1,1
2150,0,263,345,90,60,1,1,1,1
2150,0,464,337,60,45,1,1,1,1
2150,0,658,337,280,65,1,1,1,1
2150,0,805,383,55,45,1,1,1,1
2151,0,-23,353,180,115,1,1,1,1
2151,0,263,345,90,60,1,1,1,1
2151,0,464,337,60,45,1,1,1,1
2151,0,658,337,280,65,1,1,1,1
2151,0,805,383,55,45,1,1,1,1
2152,0,-23,353,180,115,1,1,1,1
2152,0,263,345,90,60,1,1,1,1
2152,0,464,337,60,45,1,1,1,1
2152,0,658,337,280,65,1,1,1,1
2152,0,805,383,55,45,1,1,1,1
2153,0,-23,353,180,115,1,1,1,1
2153,0,263,345,90,60,1,1,1,1
2153,0,464,337,60,45,1,1,1,1
2153,0,658,337,280,65,1,1,1,1
2153,0,804,383,55,45,1,1,1,1
2154,0,-23,353,180,115,1,1,1,1
2154,0,263,345,90,60,1,1,1,1
2154,0,464,337,60,45,1,1,1,1
2154,0,658,337,280,65,1,1,1,1
2154,0,804,383,55,45,1,1,1,1
2155,0,-23,353,180,115,1,1,1,1
2155,0,263,345,90,60,1,1,1,1
2155,0,464,337,60,45,1,1,1,1
2155,0,658,337,280,65,1,1,1,1
2155,0,804,383,55,45,1,1,1,1
2156,0,-23,353,180,115,1,1,1,1
2156,0,263,345,90,60,1,1,1,1
2156,0,464,337,60,45,1,1,1,1
2156,0,658,337,280,65,1,1,1,1
2156,0,804,383,55,45,1,1,1,1
2157,0,-23,353,180,115,1,1,1,1
2157,0,263,345,90,60,1,1,1,1
2157,0,464,337,60,45,1,1,1,1
2157,0,658,337,280,65,1,1,1,1
2157,0,804,383,55,45,1,1,1,1
2158,0,-23,353,180,115,1,1,1,1
2158,0,263,345,90,60,1,1,1,1
2158,0,464,337,60,45,1,1,1,1
2158,0,658,337,280,65,1,1,1,1
2158,0,804,383,55,45,1,1,1,1
2159,0,-23,353,180,115,1,1,1,1
2159,0,263,345,90,60,1,1,1,1
2159,0,464,337,60,45,1,1,1,1
2159,0,658,337,280,65,1,1,1,1
2159,0,804,383,55,45,1,1,1,1
2160,0,-23,353,180,115,1,1,1,1
2160,0,263,345,90,60,1,1,1,1
2160,0,464,337,60,45,1,1,1,1
2160,0,658,337,280,65,1,1,1,1
2160,0,804,383,55,45,1,1,1,1
2161,0,-23,353,180,115,1,1,1,1
2161,0,263,345,90,60,1,1,1,1
2161,0,464,337,60,45,1,1,1,1
2161,0,658,337,280,65,1,1,1,1
2161,0,804,383,55,45,1,1,1,1
2162,0,-24,353,180,115,1,1,1,1
2162,0,263,345,90,60,1,1,1,1
2162,0,464,337,60,45,1,1,1,1
2162,0,658,337,280,65,1,1,1,1
2162,0,804,383,55,45,1,1,1,1
2163,0,-24,353,180,115,1,1,1,1
2163,0,262,345,90,60,1,1,1,1
2163,0,463,337,60,45,1,1,1,1
2163,0,658,337,280,65,1,1,1,1
2163,0,804,383,55,45,1,1,1,1
2164,0,-24,353,180,115,1,1,1,1
2164,0,262,345,90,60,1,1,1,1
2164,0,463,337,60,45,1,1,1,1
2164,0,658,337,280,65,1,1,1,1
2164,0,804,383,55,45,1,1,1,1
2165,0,-24,353,180,115,1,1,1,1
2165,0,262,345,90,60,1,1,1,1
2165,0,463,337,60,45,1,1,1,1
2165,0,658,337,280,65,1,1,1,1
2165,0,804,383,55,45,1,1,1,1
2166,0,-24,353,180,115,1,1,1,1
2166,0,262,345,90,60,1,1,1,1
2166,0,463,337,60,45,1,1,1,1
2166,0,658,337,280,65,1,1,1,1
2166,0,804,383,55,45,1,1,1,1
2167,0,-24,353,180,115,1,1,1,1
2167,0,262,345,90,60,1,1,1,1
2167,0,463,337,60,45,1,1,1,1
2167,0,658,337,280,65,1,1,1,1
2167,0,804,383,55,45,1,1,1,1
2168,0,-24,353,180,115,1,1,1,1
2168,0,262,345,90,60,1,1,1,1
2168,0,463,337,60,45,1,1,1,1
2168,0,658,337,280,65,1,1,1,1
2168,0,804,383,55,45,1,1,1,1
2169,0,-24,353,180,115,1,1,1,1
2169,0,262,345,90,60,1,1,1,1
2169,0,463,337,60,45,1,1,1,1
2169,0,658,337,280,65,1,1,1,1
2169,0,804,383,55,45,1,1,1,1
2170,0,-24,353,180,115,1,1,1,1
2170,0,262,345,90,60,1,1,1,1
2170,0,463,337,60,45,1,1,1,1
2170,0,658,337,280,65,1,1,1,1
2170,0,804,383,55,45,1,1,1,1
2171,0,-24,353,180,115,1,1,1,1
2171,0,262,345,90,60,1,1,1,1
2171,0,463,337,60,45,1,1,1,1
2171,0,658,337,280,65,1,1,1,1
2171,0,804,383,55,45,1,1,1,1
2172,0,-24,353,180,115,1,1,1,1
2172,0,262,345,90,60,1,1,1,1
2172,0,463,337,60,45,1,1,1,1
2172,0,658,337,280,65,1,1,1,1
2172,0,804,383,55,45,1,1,1,1
2173,0,-24,353,180,115,1,1,1,1
2173,0,262,345,90,60,1,1,1,1
2173,0,463,337,60,45,1,1,1,1
2173,0,658,337,280,65,1,1,1,1
2173,0,803,383,55,45,1,1,1,1
2174,0,-24,353,180,115,1,1,1,1
2174,0,262,345,90,60,1,1,1,1
2174,0,463,337,60,45,1,1,1,1
2174,0,658,337,280,65,1,1,1,1
2174,0,803,383,55,45,1,1,1,1
2175,0,-24,353,180,115,1,1,1,1
2175,0,262,345,90,60,1,1,1,1
2175,0,463,337,60,45,1,1,1,1
2175,0,658,337,280,65,1,1,1,1
2175,0,803,383,55,45,1,1,1,1
2176,0,-24,353,180,115,1,1,1,1
2176,0,262,345,90,60,1,1,1,1
2176,0,463,337,60,45,1,1,1,1
2176,0,658,337,280,65,1,1,1,1
2176,0,803,383,55,45,1,1,1,1
2177,0,-25,353,180,115,1,1,1,1
2177,0,262,345,90,60,1,1,1,1
2177,0,463,337,60,45,1,1,1,1
2177,0,658,337,280,65,1,1,1,1
2177,0,803,383,55,45,1,1,1,1
2178,0,-25,353,180,115,1,1,1,1
2178,0,262,345,90,60,1,1,1,1
2178,0,463,337,60,45,1,1,1,1
2178,0,658,337,280,65,1,1,1,1
2178,0,803,383,55,45,1,1,1,1
2179,0,-25,353,180,115,1,1,1,1
2179,0,262,345,90,60,1,1,1,1
2179,0,463,337,60,45,1,1,1,1
2179,0,658,337,280,65,1,1,1,1
2179,0,803,383,55,45,1,1,1,1
2180,0,-25,353,180,115,1,1,1,1
2180,0,262,345,90,60,1,1,1,1
2180,0,463,337,60,45,1,1,1,1
2180,0,658,337,280,65,1,1,1,1
2180,0,803,383,55,45,1,1,1,1
2181,0,-25,353,180,115,1,1,1,1
2181,0,262,345,90,60,1,1,1,1
2181,0,463,337,60,45,1,1,1,1
2181,0,658,337,280,65,1,1,1,1
2181,0,803,383,55,45,1,1,1,1
2182,0,-25,353,180,115,1,1,1,1
2182,0,262,345,90,60,1,1,1,1
2182,0,463,337,60,45,1,1,1,1
2182,0,658,337,280,65,1,1,1,1
2182,0,803,383,55,45,1,1,1,1
2183,0,-25,353,180,115,1,1,1,1
2183,0,262,345,90,60,1,1,1,1
2183,0,463,337,60,45,1,1,1,1
2183,0,658,337,280,65,1,1,1,1
2183,0,803,383,55,45,1,1,1,1
2184,0,-25,353,180,115,1,1,1,1
2184,0,262,345,90,60,1,1,1,1
2184,0,463,337,60,45,1,1,1,1
2184,0,658,337,280,65,1,1,1,1
2184,0,803,383,55,45,1,1,1,1
2185,0,-25,353,180,115,1,1,1,1
2185,0,262,345,90,60,1,1,1,1
2185,0,463,337,60,45,1,1,1,1
2185,0,658,337,280,65,1,1,1,1
2185,0,803,383,55,45,1,1,1,1
2186,0,-25,353,180,115,1,1,1,1
2186,0,262,345,90,60,1,1,1,1
2186,0,463,337,60,45,1,1,1,1
2186,0,658,337,280,65,1,1,1,1
2186,0,803,383,55,45,1,1,1,1
2187,0,-25,353,180,115,1,1,1,1
2187,0,262,345,90,60,1,1,1,1
2187,0,463,337,60,45,1,1,1,1
2187,0,658,337,280,65,1,1,1,1
2187,0,803,383,55,45,1,1,1,1
2188,0,-25,353,180,115,1,1,1,1
2188,0,262,345,90,60,1,1,1,1
2188,0,463,337,60,45,1,1,1,1
2188,0,658,337,280,65,1,1,1,1
2188,0,803,383,55,45,1,1,1,1
2189,0,-25,353,180,115,1,1,1,1
2189,0,262,345,90,60,1,1,1,1
2189,0,463,337,60,45,1,1,1,1
2189,0,658,337,280,65,1,1,1,1
2189,0,803,383,55,45,1,1,1,1
2190,0,-25,353,180,115,1,1,1,1
2190,0,262,345,90,60,1,1,1,1
2190,0,463,337,60,45,1,1,1,1
2190,0,658,337,280,65,1,1,1,1
2190,0,803,383,55,45,1,1,1,1
2191,0,-25,353,180,115,1,1,1,1
2191,0,262,345,90,60,1,1,1,1
2191,0,463,337,60,45,1,1,1,1
2191,0,658,337,280,65,1,1,1,1
2191,0,803,383,55,45,1,1,1,1
2192,0,-26,354,180,115,1,1,1,1
2192,0,262,345,90,60,1,1,1,1
2192,0,463,337,60,45,1,1,1,1
2192,0,658,337,280,65,1,1,1,1
2192,0,803,384,55,45,1,1,1,1
2193,0,-26,354,180,115,1,1,1,1
2193,0,261,345,90,60,1,1,1,1
2193,0,463,337,60,45,1,1,1,1
2193,0,658,337,280,65,1,1,1,1
2193,0,802,384,55,45,1,1,1,1
2194,0,-26,354,180,115,1,1,1,1
2194,0,261,345,90,60,1,1,1,1
2194,0,463,337,60,45,1,1,1,1
2194,0,658,337,280,65,1,1,1,1
2194,0,802,384,55,45,1,1,1,1
2195,0,-26,354,180,115,1,1,1,1
2195,0,261,345,90,60,1,1,1,1
2195,0,463,337,60,45,1,1,1,1
2195,0,658,337,280,65,1,1,1,1
2195,0,802,384,55,45,1,1,1,1
2196,0,-26,354,180,115,1,1,1,1
2196,0,261,345,90,60,1,1,1,1
2196,0,463,337,60,45,1,1,1,1
2196,0,658,337,280,65,1,1,1,1
2196,0,802,384,55,45,1,1,1,1
2197,0,-26,354,180,115,1,1,1,1
2197,0,261,345,90,60,1,1,1,1
2197,0,463,337,60,45,1,1,1,1
2197,0,658,337,280,65,1,1,1,1
2197,0,802,384,55,45,1,1,1,1
2198,0,-26,354,180,115,1,1,1,1
2198,0,261,345,90,60,1,1,1,1
2198,0,463,337,60,45,1,1,1,1
2198,0,658,337,280,65,1,1,1,1
2198,0,802,384,55,45,1,1,1,1
2199,0,-26,354,180,115,1,1,1,1
2199,0,261,345,90,60,1,1,1,1
2199,0,463,337,60,45,1,1,1,1
2199,0,658,337,280,65,1,1,1,1
2199,0,802,384,55,45,1,1,1,1
2200,0,-26,354,180,115,1,1,1,1
2200,0,261,345,90,60,1,1,1,1
2200,0,463,337,60,45,1,1,1,1
2200,0,658,337,280,65,1,1,1,1
2200,0,802,384,55,45,1,1,1,1
2201,0,-26,354,180,115,1,1,1,1
2201,0,261,345,90,60,1,1,1,1
2201,0,463,337,60,45,1,1,1,1
2201,0,658,337,280,65,1,1,1,1
2201,0,802,384,55,45,1,1,1,1
2202,0,-26,354,180,115,1,1,1,1
2202,0,261,345,90,60,1,1,1,1
2202,0,463,337,60,45,1,1,1,1
2202,0,658,337,280,65,1,1,1,1
2202,0,802,384,55,45,1,1,1,1
2203,0,-26,354,180,115,1,1,1,1
2203,0,261,345,90,60,1,1,1,1
2203,0,463,337,60,45,1,1,1,1
2203,0,657,337,280,65,1,1,1,1
2203,0,802,384,55,45,1,1,1,1
2204,0,-26,354,180,115,1,1,1,1
2204,0,261,345,90,60,1,1,1,1
2204,0,463,337,60,45,1,1,1,1
2204,0,657,337,280,65,1,1,1,1
2204,0,802,384,55,45,1,1,1,1
2205,0,-26,354,180,115,1,1,1,1
2205,0,261,345,90,60,1,1,1,1
2205,0,463,337,60,45,1,1,1,1
2205,0,657,337,280,65,1,1,1,1
2205,0,802,384,55,45,1,1,1,1
2206,0,-26,354,180,115,1,1,1,1
2206,0,261,345,90,60,1,1,1,1
2206,0,463,337,60,45,1,1,1,1
2206,0,657,337,280,65,1,1,1,1
2206,0,802,384,55,45,1,1,1,1
2207,0,-27,354,180,115,1,1,1,1
2207,0,261,345,90,60,1,1,1,1
2207,0,463,337,60,45,1,1,1,1
2207,0,657,337,280,65,1,1,1,1
2207,0,802,384,55,45,1,1,1,1
2208,0,-27,354,180,115,1,1,1,1
2208,0,261,345,90,60,1,1,1,1
2208,0,463,337,60,45,1,1,1,1
2208,0,657,337,280,65,1,1,1,1
2208,0,802,384,55,45,1,1,1,1
2209,0,-27,354,180,115,1,1,1,1
2209,0,261,345,90,60,1,1,1,1
2209,0,463,337,60,45,1,1,1,1
2209,0,657,337,280,65,1,1,1,1
2209,0,802,384,55,45,1,1,1,1
2210,0,-27,354,180,115,1,1,1,1
2210,0,261,345,90,60,1,1,1,1
2210,0,463,337,60,45,1,1,1,1
2210,0,657,337,280,65,1,1,1,1
2210,0,802,384,55,45,1,1,1,1
2211,0,-27,354,180,115,1,1,1,1
2211,0,261,345,90,60,1,1,1,1
2211,0,463,337,60,45,1,1,1,1
2211,0,657,337,280,65,1,1,1,1
2211,0,802,384,55,45,1,1,1,1
2212,0,-27,354,180,115,1,1,1,1
2212,0,261,345,90,60,1,1,1,1
2212,0,463,337,60,45,1,1,1,1
2212,0,657,337,280,65,1,1,1,1
2212,0,802,384,55,45,1,1,1,1
2213,0,-27,354,180,115,1,1,1,1
2213,0,261,345,90,60,1,1,1,1
2213,0,463,337,60,45,1,1,1,1
2213,0,657,337,280,65,1,1,1,1
2213,0,801,384,55,45,1,1,1,1
2214,0,-27,354,180,115,1,1,1,1
2214,0,261,345,90,60,1,1,1,1
2214,0,463,337,60,45,1,1,1,1
2214,0,657,337,280,65,1,1,1,1
2214,0,801,384,55,45,1,1,1,1
2215,0,-27,354,180,115,1,1,1,1
2215,0,261,345,90,60,1,1,1,1
2215,0,463,337,60,45,1,1,1,1
2215,0,657,337,280,65,1,1,1,1
2215,0,801,384,55,45,1,1,1,1
2216,0,-27,354,180,115,1,1,1,1
2216,0,261,345,90,60,1,1,1,1
2216,0,463,337,60,45,1,1,1,1
2216,0,657,337,280,65,1,1,1,1
2216,0,801,384,55,45,1,1,1,1
2217,0,-27,354,180,115,1,1,1,1
2217,0,261,345,90,60,1,1,1,1
2217,0,463,337,60,45,1,1,1,1
2217,0,657,337,280,65,1,1,1,1
2217,0,801,384,55,45,1,1,1,1
2218,0,-27,354,180,115,1,1,1,1
2218,0,261,345,90,60,1,1,1,1
2218,0,463,337,60,45,1,1,1,1
2218,0,657,337,280,65,1,1,1,1
2218,0,801,384,55,45,1,1,1,1
2219,0,-27,354,180,115,1,1,1,1
2219,0,261,345,90,60,1,1,1,1
2219,0,463,337,60,45,1,1,1,1
2219,0,657,337,280,65,1,1,1,1
2219,0,801,384,55,45,1,1,1,1
2220,0,-27,354,180,115,1,1,1,1
2220,0,261,345,90,60,1,1,1,1
2220,0,463,337,60,45,1,1,1,1
2220,0,657,337,280,65,1,1,1,1
2220,0,801,384,55,45,1,1,1,1
2221,0,-27,354,180,115,1,1,1,1
2221,0,261,345,90,60,1,1,1,1
2221,0,463,337,60,45,1,1,1,1
2221,0,657,337,280,65,1,1,1,1
2221,0,801,384,55,45,1,1,1,1
2222,0,-28,354,180,115,1,1,1,1
2222,0,261,345,90,60,1,1,1,1
2222,0,463,337,60,45,1,1,1,1
2222,0,657,337,280,65,1,1,1,1
2222,0,801,384,55,45,1,1,1,1
2223,0,-28,354,180,115,1,1,1,1
2223,0,260,345,90,60,1,1,1,1
2223,0,462,337,60,45,1,1,1,1
2223,0,657,337,280,65,1,1,1,1
2223,0,801,384,55,45,1,1,1,1
2224,0,-28,354,180,115,1,1,1,1
2224,0,260,345,90,60,1,1,1,1
2224,0,462,337,60,45,1,1,1,1
2224,0,657,337,280,65,1,1,1,1
2224,0,801,384,55,45,1,1,1,1
2225,0,-28,354,180,115,1,1,1,1
2225,0,260,345,90,60,1,1,1,1
2225,0,462,337,60,45,1,1,1,1
2225,0,657,337,280,65,1,1,1,1
2225,0,801,384,55,45,1,1,1,1
2226,0,-28,354,180,115,1,1,1,1
2226,0,260,345,90,60,1,1,1,1
2226,0,462,337,60,45,1,1,1,1
2226,0,657,337,280,65,1,1,1,1
2226,0,801,384,55,45,1,1,1,1
2227,0,-28,354,180,115,1,1,1,1
2227,0,260,345,90,60,1,1,1,1
2227,0,462,337,60,45,1,1,1,1
2227,0,657,337,280,65,1,1,1,1
2227,0,801,384,55,45,1,1,1,1
2228,0,-28,354,180,115,1,1,1,1
2228,0,260,345,90,60,1,1,1,1
2228,0,462,337,60,45,1,1,1,1
2228,0,657,337,280,65,1,1,1,1
2228,0,801,384,55,45,1,1,1,1
2229,0,-28,354,180,115,1,1,1,1
2229,0,260,345,90,60,1,1,1,1
2229,0,462,337,60,45,1,1,1,1
2229,0,657,337,280,65,1,1,1,1
2229,0,801,384,55,45,1,1,1,1
2230,0,-28,354,180,115,1,1,1,1
2230,0,260,345,90,60,1,1,1,1
2230,0,462,337,60,45,1,1,1,1
2230,0,657,337,280,65,1,1,1,1
2230,0,801,384,55,45,1,1,1,1
2231,0,-28,354,180,115,1,1,1,1
2231,0,260,345,90,60,1,1,1,1
2231,0,462,337,60,45,1,1,1,1
2231,0,657,337,280,65,1,1,1,1
2231,0,801,384,55,45,1,1,1,1
2232,0,-28,354,180,115,1,1,1,1
2232,0,260,345,90,60,1,1,1,1
2232,0,462,337,60,45,1,1,1,1
2232,0,657,337,280,65,1,1,1,1
2232,0,801,384,55,45,1,1,1,1
2233,0,-28,354,180,115,1,1,1,1
2233,0,260,345,90,60,1,1,1,1
2233,0,462,337,60,45,1,1,1,1
2233,0,657,337,280,65,1,1,1,1
2233,0,800,384,55,45,1,1,1,1
2234,0,-28,354,180,115,1,1,1,1
2234,0,260,345,90,60,1,1,1,1
2234,0,462,337,60,45,1,1,1,1
2234,0,657,337,280,65,1,1,1,1
2234,0,800,384,55,45,1,1,1,1
2235,0,-28,354,180,115,1,1,1,1
2235,0,260,345,90,60,1,1,1,1
2235,0,462,337,60,45,1,1,1,1
2235,0,657,337,280,65,1,1,1,1
2235,0,800,384,55,45,1,1,1,1
2236,0,-28,354,180,115,1,1,1,1
2236,0,260,345,90,60,1,1,1,1
2236,0,462,337,60,45,1,1,1,1
2236,0,657,337,280,65,1,1,1,1
2236,0,800,384,55,45,1,1,1,1
2237,0,-29,354,180,115,1,1,1,1
2237,0,260,345,90,60,1,1,1,1
2237,0,462,337,60,45,1,1,1,1
2237,0,657,337,280,65,1,1,1,1
2237,0,800,384,55,45,1,1,1,1
2238,0,-29,354,180,115,1,1,1,1
2238,0,260,345,90,60,1,1,1,1
2238,0,462,337,60,45,1,1,1,1
2238,0,657,337,280,65,1,1,1,1
2238,0,800,384,55,45,1,1,1,1
2239,0,-29,354,180,115,1,1,1,1
2239,0,260,345,90,60,1,1,1,1
2239,0,462,337,60,45,1,1,1,1
2239,0,657,337,280,65,1,1,1,1
2239,0,800,384,55,45,1,1,1,1
2240,0,-29,354,180,115,1,1,1,1
2240,0,260,345,90,60,1,1,1,1
2240,0,462,337,60,45,1,1,1,1
2240,0,657,337,280,65,1,1,1,1
2240,0,800,384,55,45,1,1,1,1
2241,0,-29,354,180,115,1,1,1,1
2241,0,260,345,90,60,1,1,1,1
2241,0,462,337,60,45,1,1,1,1
2241,0,657,337,280,65,1,1,1,1
2241,0,800,384,55,45,1,1,1,1
2242,0,-29,354,180,115,1,1,1,1
2242,0,260,345,90,60,1,1,1,1
2242,0,462,337,60,45,1,1,1,1
2242,0,657,337,280,65,1,1,1,1
2242,0,800,384,55,45,1,1,1,1
2243,0,-29,354,180,115,1,1,1,1
2243,0,260,345,90,60,1,1,1,1
2243,0,462,337,60,45,1,1,1,1
2243,0,657,337,280,65,1,1,1,1
2243,0,800,384,55,45,1,1,1,1
2244,0,-29,354,180,115,1,1,1,1
2244,0,260,345,90,60,1,1,1,1
2244,0,462,337,60,45,1,1,1,1
2244,0,657,337,280,65,1,1,1,1
2244,0,800,384,55,45,1,1,1,1
2245,0,-29,354,180,115,1,1,1,1
2245,0,260,345,90,60,1,1,1,1
2245,0,462,337,60,45,1,1,1,1
2245,0,657,337,280,65,1,1,1,1
2245,0,800,384,55,45,1,1,1,1
2246,0,-29,354,180,115,1,1,1,1
2246,0,260,345,90,60,1,1,1,1
2246,0,462,337,60,45,1,1,1,1
2246,0,657,337,280,65,1,1,1,1
2246,0,800,384,55,45,1,1,1,1
2247,0,-29,354,180,115,1,1,1,1
2247,0,260,345,90,60,1,1,1,1
2247,0,462,337,60,45,1,1,1,1
2247,0,657,337,280,65,1,1,1,1
2247,0,800,384,55,45,1,1,1,1
2248,0,-29,354,180,115,1,1,1,1
2248,0,260,345,90,60,1,1,1,1
2248,0,462,337,60,45,1,1,1,1
2248,0,657,337,280,65,1,1,1,1
2248,0,800,384,55,45,1,1,1,1
2249,0,-29,354,180,115,1,1,1,1
2249,0,260,345,90,60,1,1,1,1
2249,0,462,337,60,45,1,1,1,1
2249,0,657,337,280,65,1,1,1,1
2249,0,800,384,55,45,1,1,1,1
2250,0,-29,354,180,115,1,1,1,1
2250,0,260,345,90,60,1,1,1,1
2250,0,462,337,60,45,1,1,1,1
2250,0,657,337,280,65,1,1,1,1
2250,0,800,384,55,45,1,1,1,1
2251,0,-29,354,180,115,1,1,1,1
2251,0,260,345,90,60,1,1,1,1
2251,0,462,337,60,45,1,1,1,1
2251,0,657,337,280,65,1,1,1,1
2251,0,800,384,55,45,1,1,1,1
2252,0,-30,355,180,115,1,1,1,1
2252,0,260,345,90,60,1,1,1,1
2252,0,462,337,60,45,1,1,1,1
2252,0,657,337,280,65,1,1,1,1
2252,0,800,385,55,45,1,1,1,1
2253,0,-30,355,180,115,1,1,1,1
2253,0,259,345,90,60,1,1,1,1
2253,0,462,337,60,45,1,1,1,1
2253,0,657,337,280,65,1,1,1,1
2253,0,799,385,55,45,1,1,1,1
2254,0,-30,355,180,115,1,1,1,1
2254,0,259,345,90,60,1,1,1,1
2254,0,462,337,60,45,1,1,1,1
2254,0,657,337,280,65,1,1,1,1
2254,0,799,385,55,45,1,1,1,1
2255,0,-30,355,180,115,1,1,1,1
2255,0,259,345,90,60,1,1,1,1
2255,0,462,337,60,45,1,1,1,1
2255,0,657,337,280,65,1,1,1,1
2255,0,799,385,55,45,1,1,1,1
2256,0,-30,355,180,115,1,1,1,1
2256,0,259,345,90,60,1,1,1,1
2256,0,462,337,60,45,1,1,1,1
2256,0,657,337,280,65,1,1,1,1
2256,0,799,385,55,45,1,1,1,1
2257,0,-30,355,180,115,1,1,1,1
2257,0,259,345,90,60,1,1,1,1
2257,0,462,337,60,45,1,1,1,1
2257,0,657,337,280,65,1,1,1,1
2257,0,799,385,55,45,1,1,1,1
2258,0,-30,355,180,115,1,1,1,1
2258,0,259,345,90,60,1,1,1,1
2258,0,462,337,60,45,1,1,1,1
2258,0,657,337,280,65,1,1,1,1
2258,0,799,385,55,45,1,1,1,1
2259,0,-30,355,180,115,1,1,1,1
2259,0,259,345,90,60,1,1,1,1
2259,0,462,337,60,45,1,1,1,1
2259,0,657,337,280,65,1,1,1,1
2259,0,799,385,55,45,1,1,1,1
2260,0,-30,355,180,115,1,1,1,1
2260,0,259,345,90,60,1,1,1,1
2260,0,462,337,60,45,1,1,1,1
2260,0,657,337,280,65,1,1,1,1
2260,0,799,385,55,45,1,1,1,1
2261,0,-30,355,180,115,1,1,1,1
2261,0,259,345,90,60,1,1,1,1
2261,0,462,337,60,45,1,1,1,1
2261,0,657,337,280,65,1,1,1,1
2261,0,799,385,55,45,1,1,1,1
2262,0,-30,355,180,115,1,1,1,1
2262,0,259,345,90,60,1,1,1,1
2262,0,462,337,60,45,1,1,1,1
2262,0,657,337,280,65,1,1,1,1
2262,0,799,385,55,45,1,1,1,1
2263,0,-30,355,180,115,1,1,1,1
2263,0,259,345,90,60,1,1,1,1
2263,0,462,337,60,45,1,1,1,1
2263,0,657,337,280,65,1,1,1,1
2263,0,799,385,55,45,1,1,1,1
2264,0,-30,355,180,115,1,1,1,1
2264,0,259,345,90,60,1,1,1,1
2264,0,462,337,60,45,1,1,1,1
2264,0,657,337,280,65,1,1,1,1
2264,0,799,385,55,45,1,1,1,1
2265,0,-30,355,180,115,1,1,1,1
2265,0,259,345,90,60,1,1,1,1
2265,0,462,337,60,45,1,1,1,1
2265,0,657,337,280,65,1,1,1,1
2265,0,799,385,55,45,1,1,1,1
2266,0,-30,355,180,115,1,1,1,1
2266,0,259,345,90,60,1,1,1,1
2266,0,462,337,60,45,1,1,1,1
2266,0,657,337,280,65,1,1,1,1
2266,0,799,385,55,45,1,1,1,1
2267,0,-31,355,180,115,1,1,1,1
2267,0,259,345,90,60,1,1,1,1
2267,0,462,337,60,45,1,1,1,1
2267,0,657,337,280,65,1,1,1,1
2267,0,799,385,55,45,1,1,1,1
2268,0,-31,355,180,115,1,1,1,1
2268,0,259,345,90,60,1,1,1,1
2268,0,462,337,60,45,1,1,1,1
2268,0,657,337,280,65,1,1,1,1
2268,0,799,385,55,45,1,1,1,1
2269,0,-31,355,180,115,1,1,1,1
2269,0,259,345,90,60,1,1,1,1
2269,0,462,337,60,45,1,1,1,1
2269,0,657,337,280,65,1,1,1,1
2269,0,799,385,55,45,1,1,1,1
2270,0,-31,355,180,115,1,1,1,1
2270,0,259,345,90,60,1,1,1,1
2270,0,462,337,60,45,1,1,1,1
2270,0,657,337,280,65,1,1,1,1
2270,0,799,385,55,45,1,1,1,1
2271,0,-31,355,180,115,1,1,1,1
2271,0,259,345,90,60,1,1,1,1
2271,0,462,337,60,45,1,1,1,1
2271,0,657,337,280,65,1,1,1,1
2271,0,799,385,55,45,1,1,1,1
2272,0,-31,355,180,115,1,1,1,1
2272,0,259,345,90,60,1,1,1,1
2272,0,462,337,60,45,1,1,1,1
2272,0,657,337,280,65,1,1,1,1
2272,0,799,385,55,45,1,1,1,1
2273,0,-31,355,180,115,1,1,1,1
2273,0,259,345,90,60,1,1,1,1
2273,0,462,337,60,45,1,1,1,1
2273,0,657,337,280,65,1,1,1,1
2273,0,798,385,55,45,1,1,1,1
2274,0,-31,355,180,115,1,1,1,1
2274,0,259,345,90,60,1,1,1,1
2274,0,462,337,60,45,1,1,1,1
2274,0,657,337,280,65,1,1,1,1
2274,0,798,385,55,45,1,1,1,1
2275,0,-31,355,180,115,1,1,1,1
2275,0,259,345,90,60,1,1,1,1
2275,0,462,337,60,45,1,1,1,1
2275,0,657,337,280,65,1,1,1,1
2275,0,798,385,55,45,1,1,1,1
2276,0,-31,355,180,115,1,1,1,1
2276,0,259,345,90,60,1,1,1,1
2276,0,462,337,60,45,1,1,1,1
2276,0,657,337,280,65,1,1,1,1
2276,0,798,385,55,45,1,1,1,1
2277,0,-31,355,180,115,1,1,1,1
2277,0,259,345,90,60,1,1,1,1
2277,0,462,337,60,45,1,1,1,1
2277,0,657,337,280,65,1,1,1,1
2277,0,798,385,55,45,1,1,1,1
2278,0,-31,355,180,115,1,1,1,1
2278,0,259,345,90,60,1,1,1,1
2278,0,462,337,60,45,1,1,1,1
2278,0,657,337,280,65,1,1,1,1
2278,0,798,385,55,45,1,1,1,1
2279,0,-31,355,180,115,1,1,1,1
2279,0,259,345,90,60,1,1,1,1
2279,0,462,337,60,45,1,1,1,1
2279,0,657,337,280,65,1,1,1,1
2279,0,798,385,55,45,1,1,1,1
2280,0,-31,355,180,115,1,1,1,1
2280,0,259,345,90,60,1,1,1,1
2280,0,462,337,60,45,1,1,1,1
2280,0,657,337,280,65,1,1,1,1
2280,0,798,385,55,45,1,1,1,1
2281,0,-31,355,180,115,1,1,1,1
2281,0,259,345,90,60,1,1,1,1
2281,0,462,337,60,45,1,1,1,1
2281,0,657,337,280,65,1,1,1,1
2281,0,798,385,55,45,1,1,1,1
2282,0,-32,355,180,115,1,1,1,1
2282,0,259,345,90,60,1,1,1,1
2282,0,462,337,60,45,1,1,1,1
2282,0,657,337,280,65,1,1,1,1
2282,0,798,385,55,45,1,1,1,1
2283,0,-32,355,180,115,1,1,1,1
2283,0,258,345,90,60,1,1,1,1
2283,0,461,337,60,45,1,1,1,1
2283,0,657,337,280,65,1,1,1,1
2283,0,798,385,55,45,1,1,1,1
2284,0,-32,355,180,115,1,1,1,1
2284,0,258,345,90,60,1,1,1,1
2284,0,461,337,60,45,1,1,1,1
2284,0,657,337,280,65,1,1,1,1
2284,0,798,385,55,45,1,1,1,1
2285,0,-32,355,180,115,1,1,1,1
2285,0,258,345,90,60,1,1,1,1
2285,0,461,337,60,45,1,1,1,1
2285,0,657,337,280,65,1,1,1,1
2285,0,798,385,55,45,1,1,1,1
2286,0,-32,355,180,115,1,1,1,1
2286,0,258,345,90,60,1,1,1,1
2286,0,461,337,60,45,1,1,1,1
2286,0,657,337,280,65,1,1,1,1
2286,0,798,385,55,45,1,1,1,1
2287,0,-32,355,180,115,1,1,1,1
2287,0,258,345,90,60,1,1,1,1
2287,0,461,337,60,45,1,1,1,1
2287,0,657,337,280,65,1,1,1,1
2287,0,798,385,55,45,1,1,1,1
2288,0,-32,355,180,115,1,1,1,1
2288,0,258,345,90,60,1,1,1,1
2288,0,461,337,60,45,1,1,1,1
2288,0,657,337,280,65,1,1,1,1
2288,0,798,385,55,45,1,1,1,1
2289,0,-32,355,180,115,1,1,1,1
2289,0,258,345,90,60,1,1,1,1
2289,0,461,337,60,45,1,1,1,1
2289,0,657,337,280,65,1,1,1,1
2289,0,798,385,55,45,1,1,1,1
2290,0,-32,355,180,115,1,1,1,1
2290,0,258,345,90,60,1,1,1,1
2290,0,461,337,60,45,1,1,1,1
2290,0,657,337,280,65,1,1,1,1
2290,0,798,385,55,45,1,1,1,1
2291,0,-32,355,180,115,1,1,1,1
2291,0,258,345,90,60,1,1,1,1
2291,0,461,337,60,45,1,1,1,1
2291,0,657,337,280,65,1,1,1,1
2291,0,798,385,55,45,1,1,1,1
2292,0,-32,355,180,115,1,1,1,1
2292,0,258,345,90,60,1,1,1,1
2292,0,461,337,60,45,1,1,1,1
2292,0,657,337,280,65,1,1,1,1
2292,0,798,385,55,45,1,1,1,1
2293,0,-32,355,180,115,1,1,1,1
2293,0,258,345,90,60,1,1,1,1
2293,0,461,337,60,45,1,1,1,1
2293,0,657,337,280,65,1,1,1,1
2293,0,797,385,55,45,1,1,1,1
2294,0,-32,355,180,115,1,1,1,1
2294,0,258,345,90,60,1,1,1,1
2294,0,461,337,60,45,1,1,1,1
2294,0,657,337,280,65,1,1,1,1
2294,0,797,385,55,45,1,1,1,1
2295,0,-32,355,180,115,1,1,1,1
2295,0,258,345,90,60,1,1,1,1
2295,0,461,337,60,45,1,1,1,1
2295,0,657,337,280,65,1,1,1,1
2295,0,797,385,55,45,1,1,1,1
2296,0,-32,355,180,115,1,1,1,1
2296,0,258,345,90,60,1,1,1,1
2296,0,461,337,60,45,1,1,1,1
2296,0,657,337,280,65,1,1,1,1
2296,0,797,385,55,45,1,1,1,1
2297,0,-33,355,180,115,1,1,1,1
2297,0,258,345,90,60,1,1,1,1
2297,0,461,337,60,45,1,1,1,1
2297,0,657,337,280,65,1,1,1,1
2297,0,797,385,55,45,1,1,1,1
2298,0,-33,355,180,115,1,1,1,1
2298,0,258,345,90,60,1,1,1,1
2298,0,461,337,60,45,1,1,1,1
2298,0,657,337,280,65,1,1,1,1
2298,0,797,385,55,45,1,1,1,1
2299,0,-33,355,180,115,1,1,1,1
2299,0,258,345,90,60,1,1,1,1
2299,0,461,337,60,45,1,1,1,1
2299,0,657,337,280,65,1,1,1,1
2299,0,797,385,55,45,1,1,1,1
2300,0,-33,355,180,115,1,1,1,1
2300,0,258,345,90,60,1,1,1,1
2300,0,461,337,60,45,1,1,1,1
2300,0,657,337,280,65,1,1,1,1
2300,0,797,385,55,45,1,1,1,1
2301,0,-33,355,180,115,1,1,1,1
2301,0,258,345,90,60,1,1,1,1
2301,0,461,337,60,45,1,1,1,1
2301,0,657,337,280,65,1,1,1,1
2301,0,797,385,55,45,1,1,1,1
2302,0,-33,355,180,115,1,1,1,1
2302,0,258,345,90,60,1,1,1,1
2302,0,461,337,60,45,1,1,1,1
2302,0,657,337,280,65,1,1,1,1
2302,0,797,385,55,45,1,1,1,1
2303,0,-33,355,180,115,1,1,1,1
2303,0,258,345,90,60,1,1,1,1
2303,0,461,337,60,45,1,1,1,1
2303,0,656,337,280,65,1,1,1,1
2303,0,797,385,55,45,1,1,1,1
2304,0,-33,355,180,115,1,1,1,1
2304,0,258,345,90,60,1,1,1,1
2304,0,461,337,60,45,1,1,1,1
2304,0,656,337,280,65,1,1,1,1
2304,0,797,385,55,45,1,1,1,1
2305,0,-33,355,180,115,1,1,1,1
2305,0,258,345,90,60,1,1,1,1
2305,0,461,337,60,45,1,1,1,1
2305,0,656,337,280,65,1,1,1,1
2305,0,797,385,55,45,1,1,1,1
2306,0,-33,355,180,115,1,1,1,1
2306,0,258,345,90,60,1,1,1,1
2306,0,461,337,60,45,1,1,1,1
2306,0,656,337,280,65,1,1,1,1
2306,0,797,385,55,45,1,1,1,1
2307,0,-33,355,180,115,1,1,1,1
2307,0,258,345,90,60,1,1,1,1
2307,0,461,337,60,45,1,1,1,1
2307,0,656,337,280,65,1,1,1,1
2307,0,797,385,55,45,1,1,1,1
2308,0,-33,355,180,115,1,1,1,1
2308,0,258,345,90,60,1,1,1,1
2308,0,461,337,60,45,1,1,1,1
2308,0,656,337,280,65,1,1,1,1
2308,0,797,385,55,45,1,1,1,1
2309,0,-33,355,180,115,1,1,1,1
2309,0,258,345,90,60,1,1,1,1
2309,0,461,337,60,45,1,1,1,1
2309,0,656,337,280,65,1,1,1,1
2309,0,797,385,55,45,1,1,1,1
2310,0,-33,355,180,115,1,1,1,1
2310,0,258,345,90,60,1,1,1,1
2310,0,461,337,60,45,1,1,1,1
2310,0,656,337,280,65,1,1,1,1
2310,0,797,385,55,45,1,1,1,1
2311,0,-33,355,180,115,1,1,1,1
2311,0,258,345,90,60,1,1,1,1
2311,0,461,337,60,45,1,1,1,1
2311,0,656,337,280,65,1,1,1,1
2311,0,797,385,55,45,1,1,1,1
2312,0,-34,356,180,115,1,1,1,1
2312,0,258,345,90,60,1,1,1,1
2312,0,461,337,60,45,1,1,1,1
2312,0,656,337,280,65,1,1,1,1
2312,0,797,386,55,45,1,1,1,1
2313,0,-34,356,180,115,1,1,1,1
2313,0,257,345,90,60,1,1,1,1
2313,0,461,337,60,45,1,1,1,1
2313,0,656,337,280,65,1,1,1,1
2313,0,796,386,55,45,1,1,1,1
2314,0,-34,356,180,115,1,1,1,1
2314,0,257,345,90,60,1,1,1,1
2314,0,461,337,60,45,1,1,1,1
2314,0,656,337,280,65,1,1,1,1
2314,0,796,386,55,45,1,1,1,1
2315,0,-34,356,180,115,1,1,1,1
2315,0,257,345,90,60,1,1,1,1
2315,0,461,337,60,45,1,1,1,1
2315,0,656,337,280,65,1,1,1,1
2315,0,796,386,55,45,1,1,1,1
2316,0,-34,356,180,115,1,1,1,1
2316,0,257,345,90,60,1,1,1,1
2316,0,461,337,60,45,1,1,1,1
2316,0,656,337,280,65,1,1,1,1
2316,0,796,386,55,45,1,1,1,1
2317,0,-34,356,180,115,1,1,1,1
2317,0,257,345,90,60,1,1,1,1
2317,0,461,337,60,45,1,1,1,1
2317,0,656,337,280,65,1,1,1,1
2317,0,796,386,55,45,1,1,1,1
2318,0,-34,356,180,115,1,1,1,1
2318,0,257,345,90,60,1,1,1,1
2318,0,461,337,60,45,1,1,1,1
2318,0,656,337,280,65,1,1,1,1
2318,0,796,386,55,45,1,1,1,1
2319,0,-34,356,180,115,1,1,1,1
2319,0,257,345,90,60,1,1,1,1
2319,0,461,337,60,45,1,1,1,1
2319,0,656,337,280,65,1,1,1,1
2319,0,796,386,55,45,1,1,1,1
2320,0,-34,356,180,115,1,1,1,1
2320,0,257,345,90,60,1,1,1,1
2320,0,461,337,60,45,1,1,1,1
2320,0,656,337,280,65,1,1,1,1
2320,0,796,386,55,45,1,1,1,1
2321,0,-34,356,180,115,1,1,1,1
2321,0,257,345,90,60,1,1,1,1
2321,0,461,337,60,45,1,1,1,1
2321,0,656,337,280,65,1,1,1,1
2321,0,796,386,55,45,1,1,1,1
2322,0,-34,356,180,115,1,1,1,1
2322,0,257,345,90,60,1,1,1,1
2322,0,461,337,60,45,1,1,1,1
2322,0,656,337,280,65,1,1,1,1
2322,0,796,386,55,45,1,1,1,1
2323,0,-34,356,180,115,1,1,1,1
2323,0,257,345,90,60,1,1,1,1
2323,0,461,337,60,45,1,1,1,1
2323,0,656,337,280,65,1,1,1,1
2323,0,796,386,55,45,1,1,1,1
2324,0,-34,356,180,115,1,1,1,1
2324,0,257,345,90,60,1,1,1,1
2324,0,461,337,60,45,1,1,1,1
2324,0,656,337,280,65,1,1,1,1
2324,0,796,386,55,45,1,1,1,1
2325,0,-34,356,180,115,1,1,1,1
2325,0,257,345,90,60,1,1,1,1
2325,0,461,337,60,45,1,1,1,1
2325,0,656,337,280,65,1,1,1,1
2325,0,796,386,55,45,1,1,1,1
2326,0,-34,356,180,115,1,1,1,1
2326,0,257,345,90,60,1,1,1,1
2326,0,461,337,60,45,1,1,1,1
2326,0,656,337,280,65,1,1,1,1
2326,0,796,386,55,45,1,1,1,1
2327,0,-35,356,180,115,1,1,1,1
2327,0,257,345,90,60,1,1,1,1
2327,0,461,337,60,45,1,1,1,1
2327,0,656,337,280,65,1,1,1,1
2327,0,796,386,55,45,1,1,1,1
2328,0,-35,356,180,115,1,1,1,1
2328,0,257,345,90,60,1,1,1,1
2328,0,461,337,60,45,1,1,1,1
2328,0,656,337,280,65,1,1,1,1
2328,0,796,386,55,45,1,1,1,1
2329,0,-35,356,180,115,1,1,1,1
2329,0,257,345,90,60,1,1,1,1
2329,0,461,337,60,45,1,1,1,1
2329,0,656,337,280,65,1,1,1,1
2329,0,796,386,55,45,1,1,1,1
2330,0,-35,356,180,115,1,1,1,1
2330,0,257,345,90,60,1,1,1,1
2330,0,461,337,60,45,1,1,1,1
2330,0,656,337,280,65,1,1,1,1
2330,0,796,386,55,45,1,1,1,1
2331,0,-35,356,180,115,1,1,1,1
2331,0,257,345,90,60,1,1,1,1
2331,0,461,337,60,45,1,1,1,1
2331,0,656,337,280,65,1,1,1,1
2331,0,796,386,55,45,1,1,1,1
2332,0,-35,356,180,115,1,1,1,1
2332,0,257,345,90,60,1,1,1,1
2332,0,461,337,60,45,1,1,1,1
2332,0,656,337,280,65,1,1,1,1
2332,0,796,386,55,45,1,1,1,1
2333,0,-35,356,180,115,1,1,1,1
2333,0,257,345,90,60,1,1,1,1
2333,0,461,337,60,45,1,1,1,1
2333,0,656,337,280,65,1,1,1,1
2333,0,795,386,55,45,1,1,1,1
2334,0,-35,356,180,115,1,1,1,1
2334,0,257,345,90,60,1,1,1,1
2334,0,461,337,60,45,1,1,1,1
2334,0,656,337,280,65,1,1,1,1
2334,0,795,386,55,45,1,1,1,1
2335,0,-35,356,180,115,1,1,1,1
2335,0,257,345,90,60,1,1,1,1
2335,0,461,337,60,45,1,1,1,1
2335,0,656,337,280,65,1,1,1,1
2335,0,795,386,55,45,1,1,1,1
2336,0,-35,356,180,115,1,1,1,1
2336,0,257,345,90,60,1,1,1,1
2336,0,461,337,60,45,1,1,1,1
2336,0,656,337,280,65,1,1,1,1
2336,0,795,386,55,45,1,1,1,1
2337,0,-35,356,180,115,1,1,1,1
2337,0,257,345,90,60,1,1,1,1
2337,0,461,337,60,45,1,1,1,1
2337,0,656,337,280,65,1,1,1,1
2337,0,795,386,55,45,1,1,1,1
2338,0,-35,356,180,115,1,1,1,1
2338,0,257,345,90,60,1,1,1,1
2338,0,461,337,60,45,1,1,1,1
2338,0,656,337,280,65,1,1,1,1
2338,0,795,386,55,45,1,1,1,1
2339,0,-35,356,180,115,1,1,1,1
2339,0,257,345,90,60,1,1,1,1
2339,0,461,337,60,45,1,1,1,1
2339,0,656,337,280,65,1,1,1,1
2339,0,795,386,55,45,1,1,1,1
2340,0,-35,356,180,115,1,1,1,1
2340,0,257,345,90,60,1,1,1,1
2340,0,461,337,60,45,1,1,1,1
2340,0,656,337,280,65,1,1,1,1
2340,0,795,386,55,45,1,1,1,1
2341,0,-35,356,180,115,1,1,1,1
2341,0,257,345,90,60,1,1,1,1
2341,0,461,337,60,45,1,1,1,1
2341,0,656,337,280,65,1,1,1,1
2341,0,795,386,55,45,1,1,1,1
2342,0,-36,356,180,115,1,1,1,1
2342,0,257,345,90,60,1,1,1,1
2342,0,461,337,60,45,1,1,1,1
2342,0,656,337,280,65,1,1,1,1
2342,0,795,386,55,45,1,1,1,1
2343,0,-36,356,180,115,1,1,1,1
2343,0,256,345,90,60,1,1,1,1
2343,0,460,337,60,45,1,1,1,1
2343,0,656,337,280,65,1,1,1,1
2343,0,795,386,55,45,1,1,1,1
2344,0,-36,356,180,115,1,1,1,1
2344,0,256,345,90,60,1,1,1,1
2344,0,460,337,60,45,1,1,1,1
2344,0,656,337,280,65,1,1,1,1
2344,0,795,386,55,45,1,1,1,1
2345,0,-36,356,180,115,1,1,1,1
2345,0,256,345,90,60,1,1,1,1
2345,0,460,337,60,45,1,1,1,1
2345,0,656,337,280,65,1,1,1,1
2345,0,795,386,55,45,1,1,1,1
2346,0,-36,356,180,115,1,1,1,1
2346,0,256,345,90,60,1,1,1,1
2346,0,460,337,60,45,1,1,1,1
2346,0,656,337,280,65,1,1,1,1
2346,0,795,386,55,45,1,1,1,1
2347,0,-36,356,180,115,1,1,1,1
2347,0,256,345,90,60,1,1,1,1
2347,0,460,337,60,45,1,1,1,1
2347,0,656,337,280,65,1,1,1,1
2347,0,795,386,55,45,1,1,1,1
2348,0,-36,356,180,115,1,1,1,1
2348,0,256,345,90,60,1,1,1,1
2348,0,460,337,60,45,1,1,1,1
2348,0,656,337,280,65,1,1,1,1
2348,0,795,386,55,45,1,1,1,1
2349,0,-36,356,180,115,1,1,1,1
2349,0,256,345,90,60,1,1,1,1
2349,0,460,337,60,45,1,1,1,1
2349,0,656,337,280,65,1,1,1,1
2349,0,795,386,55,45,1,1,1,1
2350,0,-36,356,180,115,1,1,1,1
2350,0,256,345,90,60,1,1,1,1
2350,0,460,337,60,45,1,1,1,1
2350,0,656,337,280,65,1,1,1,1
2350,0,795,386,55,45,1,1,1,1
2351,0,-36,356,180,115,1,1,1,1
2351,0,256,345,90,60,1,1,1,1
2351,0,460,337,60,45,1,1,1,1
2351,0,656,337,280,65,1,1,1,1
2351,0,795,386,55,45,1,1,1,1
2352,0,-36,356,180,115,1,1,1,1
2352,0,256,345,90,60,1,1,1,1
2352,0,460,337,60,45,1,1,1,1
2352,0,656,337,280,65,1,1,1,1
2352,0,795,386,55,45,1,1,1,1
2353,0,-36,356,180,115,1,1,1,1
2353,0,256,345,90,60,1,1,1,1
2353,0,460,337,60,45,1,1,1,1
2353,0,656,337,280,65,1,1,1,1
2353,0,794,386,55,45,1,1,1,1
2354,0,-36,356,180,115,1,1,1,1
2354,0,256,345,90,60,1,1,1,1
2354,0,460,337,60,45,1,1,1,1
2354,0,656,337,280,65,1,1,1,1
2354,0,794,386,55,45,1,1,1,1
2355,0,-36,356,180,115,1,1,1,1
2355,0,256,345,90,60,1,1,1,1
2355,0,460,337,60,45,1,1,1,1
2355,0,656,337,280,65,1,1,1,1
2355,0,794,386,55,45,1,1,1,1
2356,0,-36,356,180,115,1,1,1,1
2356,0,256,345,90,60,1,1,1,1
2356,0,460,337,60,45,1,1,1,1
2356,0,656,337,280,65,1,1,1,1
2356,0,794,386,55,45,1,1,1,1
2357,0,-37,356,180,115,1,1,1,1
2357,0,256,345,90,60,1,1,1,1
2357,0,460,337,60,45,1,1,1,1
2357,0,656,337,280,65,1,1,1,1
2357,0,794,386,55,45,1,1,1,1
2358,0,-37,356,180,115,1,1,1,1
2358,0,256,345,90,60,1,1,1,1
2358,0,460,337,60,45,1,1,1,1
2358,0,656,337,280,65,1,1,1,1
2358,0,794,386,55,45,1,1,1,1
2359,0,-37,356,180,115,1,1,1,1
2359,0,256,345,90,60,1,1,1,1
2359,0,460,337,60,45,1,1,1,1
2359,0,656,337,280,65,1,1,1,1
2359,0,794,386,55,45,1,1,1,1
2360,0,-37,356,180,115,1,1,1,1
2360,0,256,345,90,60,1,1,1,1
2360,0,460,337,60,45,1,1,1,1
2360,0,656,337,280,65,1,1,1,1
2360,0,794,386,55,45,1,1,1,1
2361,0,-37,356,180,115,1,1,1,1
2361,0,256,345,90,60,1,1,1,1
2361,0,460,337,60,45,1,1,1,1
2361,0,656,337,280,65,1,1,1,1
2361,0,794,386,55,45,1,1,1,1
2362,0,-37,356,180,115,1,1,1,1
2362,0,256,345,90,60,1,1,1,1
2362,0,460,337,60,45,1,1,1,1
2362,0,656,337,280,65,1,1,1,1
2362,0,794,386,55,45,1,1,1,1
2363,0,-37,356,180,115,1,1,1,1
2363,0,256,345,90,60,1,1,1,1
2363,0,460,337,60,45,1,1,1,1
2363,0,656,337,280,65,1,1,1,1
2363,0,794,386,55,45,1,1,1,1
2364,0,-37,356,180,115,1,1,1,1
2364,0,256,345,90,60,1,1,1,1
2364,0,460,337,60,45,1,1,1,1
2364,0,656,337,280,65,1,1,1,1
2364,0,794,386,55,45,1,1,1,1
2365,0,-37,356,180,115,1,1,1,1
2365,0,256,345,90,60,1,1,1,1
2365,0,460,337,60,45,1,1,1,1
2365,0,656,337,280,65,1,1,1,1
2365,0,794,386,55,45,1,1,1,1
2366,0,-37,356,180,115,1,1,1,1
2366,0,256,345,90,60,1,1,1,1
2366,0,460,337,60,45,1,1,1,1
2366,0,656,337,280,65,1,1,1,1
2366,0,794,386,55,45,1,1,1,1
2367,0,-37,356,180,115,1,1,1,1
2367,0,256,345,90,60,1,1,1,1
2367,0,460,337,60,45,1,1,1,1
2367,0,656,337,280,65,1,1,1,1
2367,0,794,386,55,45,1,1,1,1
2368,0,-37,356,180,115,1,1,1,1
2368,0,256,345,90,60,1,1,1,1
2368,0,460,337,60,45,1,1,1,1
2368,0,656,337,280,65,1,1,1,1
2368,0,794,386,55,45,1,1,1,1
2369,0,-37,356,180,115,1,1,1,1
2369,0,256,345,90,60,1,1,1,1
2369,0,460,337,60,45,1,1,1,1
2369,0,656,337,280,65,1,1,1,1
2369,0,794,386,55,45,1,1,1,1
2370,0,-37,356,180,115,1,1,1,1
2370,0,256,345,90,60,1,1,1,1
2370,0,460,337,60,45,1,1,1,1
2370,0,656,337,280,65,1,1,1,1
2370,0,794,386,55,45,1,1,1,1
2371,0,-37,356,180,115,1,1,1,1
2371,0,256,345,90,60,1,1,1,1
2371,0,460,337,60,45,1,1,1,1
2371,0,656,337,280,65,1,1,1,1
2371,0,794,386,55,45,1,1,1,1
2372,0,-38,357,180,115,1,1,1,1
2372,0,256,345,90,60,1,1,1,1
2372,0,460,337,60,45,1,1,1,1
2372,0,656,337,280,65,1,1,1,1
2372,0,794,387,55,45,1,1,1,1
2373,0,-38,357,180,115,1,1,1,1
2373,0,255,345,90,60,1,1,1,1
2373,0,460,337,60,45,1,1,1,1
2373,0,656,337,280,65,1,1,1,1
2373,0,793,387,55,45,1,1,1,1
2374,0,-38,357,180,115,1,1,1,1
2374,0,255,345,90,60,1,1,1,1
2374,0,460,337,60,45,1,1,1,1
2374,0,656,337,280,65,1,1,1,1
2374,0,793,387,55,45,1,1,1,1
2375,0,-38,357,180,115,1,1,1,1
2375,0,255,345,90,60,1,1,1,1
2375,0,460,337,60,45,1,1,1,1
2375,0,656,337,280,65,1,1,1,1
2375,0,793,387,55,45,1,1,1,1
2376,0,-38,357,180,115,1,1,1,1
2376,0,255,345,90,60,1,1,1,1
2376,0,460,337,60,45,1,1,1,1
2376,0,656,337,280,65,1,1,1,1
2376,0,793,387,55,45,1,1,1,1
2377,0,-38,357,180,115,1,1,1,1
2377,0,255,345,90,60,1,1,1,1
2377,0,460,337,60,45,1,1,1,1
2377,0,656,337,280,65,1,1,1,1
2377,0,793,387,55,45,1,1,1,1
2378,0,-38,357,180,115,1,1,1,1
2378,0,255,345,90,60,1,1,1,1
2378,0,460,337,60,45,1,1,1,1
2378,0,656,337,280,65,1,1,1,1
2378,0,793,387,55,45,1,1,1,1
2379,0,-38,357,180,115,1,1,1,1
2379,0,255,345,90,60,1,1,1,1
2379,0,460,337,60,45,1,1,1,1
2379,0,656,337,280,65,1,1,1,1
2379,0,793,387,55,45,1,1,1,1
2380,0,-38,357,180,115,1,1,1,1
2380,0,255,345,90,60,1,1,1,1
2380,0,460,337,60,45,1,1,1,1
2380,0,656,337,280,65,1,1,1,1
2380,0,793,387,55,45,1,1,1,1
2381,0,-38,357,180,115,1,1,1,1
2381,0,255,345,90,60,1,1,1,1
2381,0,460,337,60,45,1,1,1,1
2381,0,656,337,280,65,1,1,1,1
2381,0,793,387,55,45,1,1,1,1
2382,0,-38,357,180,115,1,1,1,1
2382,0,255,345,90,60,1,1,1,1
2382,0,460,337,60,45,1,1,1,1
2382,0,656,337,280,65,1,1,1,1
2382,0,793,387,55,45,1,1,1,1
2383,0,-38,357,180,115,1,1,1,1
2383,0,255,345,90,60,1,1,1,1
2383,0,460,337,60,45,1,1,1,1
2383,0,656,337,280,65,1,1,1,1
2383,0,793,387,55,45,1,1,1,1
2384,0,-38,357,180,115,1,1,1,1
2384,0,255,345,90,60,1,1,1,1
2384,0,460,337,60,45,1,1,1,1
2384,0,656,337,280,65,1,1,1,1
2384,0,793,387,55,45,1,1,1,1
2385,0,-38,357,180,115,1,1,1,1
2385,0,255,345,90,60,1,1,1,1
2385,0,460,337,60,45,1,1,1,1
2385,0,656,337,280,65,1,1,1,1
2385,0,793,387,55,45,1,1,1,1
2386,0,-38,357,180,115,1,1,1,1
2386,0,255,345,90,60,1,1,1,1
2386,0,460,337,60,45,1,1,1,1
2386,0,656,337,280,65,1,1,1,1
2386,0,793,387,55,45,1,1,1,1
2387,0,-39,357,180,115,1,1,1,1
2387,0,255,345,90,60,1,1,1,1
2387,0,460,337,60,45,1,1,1,1
2387,0,656,337,280,65,1,1,1,1
2387,0,793,387,55,45,1,1,1,1
2388,0,-39,357,180,115,1,1,1,1
2388,0,255,345,90,60,1,1,1,1
2388,0,460,337,60,45,1,1,1,1
2388,0,656,337,280,65,1,1,1,1
2388,0,793,387,55,45,1,1,1,1
2389,0,-39,357,180,115,1,1,1,1
2389,0,255,345,90,60,1,1,1,1
2389,0,460,337,60,45,1,1,1,1
2389,0,656,337,280,65,1,1,1,1
2389,0,793,387,55,45,1,1,1,1
2390,0,-39,357,180,115,1,1,1,1
2390,0,255,345,90,60,1,1,1,1
2390,0,460,337,60,45,1,1,1,1
2390,0,656,337,280,65,1,1,1,1
2390,0,793,387,55,45,1,1,1,1
2391,0,-39,357,180,115,1,1,1,1
2391,0,255,345,90,60,1,1,1,1
2391,0,460,337,60,45,1,1,1,1
2391,0,656,337,280,65,1,1,1,1
2391,0,793,387,55,45,1,1,1,1
2392,0,-39,357,180,115,1,1,1,1
2392,0,255,345,90,60,1,1,1,1
2392,0,460,337,60,45,1,1,1,1
2392,0,656,337,280,65,1,1,1,1
2392,0,793,387,55,45,1,1,1,1
2393,0,-39,357,180,115,1,1,1,1
2393,0,255,345,90,60,1,1,1,1
2393,0,460,337,60,45,1,1,1,1
2393,0,656,337,280,65,1,1,1,1
2393,0,792,387,55,45,1,1,1,1
2394,0,-39,357,180,115,1,1,1,1
2394,0,255,345,90,60,1,1,1,1
2394,0,460,337,60,45,1,1,1,1
2394,0,656,337,280,65,1,1,1,1
2394,0,792,387,55,45,1,1,1,1
2395,0,-39,357,180,115,1,1,1,1
2395,0,255,345,90,60,1,1,1,1
2395,0,460,337,60,45,1,1,1,1
2395,0,656,337,280,65,1,1,1,1
2395,0,792,387,55,45,1,1,1,1
2396,0,-39,357,180,115,1,1,1,1
2396,0,255,345,90,60,1,1,1,1
2396,0,460,337,60,45,1,1,1,1
2396,0,656,337,280,65,1,1,1,1
2396,0,792,387,55,45,1,1,1,1
2397,0,-39,357,180,115,1,1,1,1
2397,0,255,345,90,60,1,1,1,1
2397,0,460,337,60,45,1,1,1,1
2397,0,656,337,280,65,1,1,1,1
2397,0,792,387,55,45,1,1,1,1
2398,0,-39,357,180,115,1,1,1,1
2398,0,255,345,90,60,1,1,1,1
2398,0,460,337,60,45,1,1,1,1
2398,0,656,337,280,65,1,1,1,1
2398,0,792,387,55,45,1,1,1,1
2399,0,-39,357,180,115,1,1,1,1
2399,0,255,345,90,60,1,1,1,1
2399,0,460,337,60,45,1,1,1,1
2399,0,656,337,280,65,1,1,1,1
2399,0,792,387,55,45,1,1,1,1
2400,0,-39,357,180,115,1,1,1,1
2400,0,255,345,90,60,1,1,1,1
2400,0,460,337,60,45,1,1,1,1
2400,0,656,337,280,65,1,1,1,1
2400,0,792,387,55,45,1,1,1,1
2401,0,-39,357,180,115,1,1,1,1
2401,0,255,345,90,60,1,1,1,1
2401,0,460,337,60,45,1,1,1,1
2401,0,656,337,280,65,1,1,1,1
2401,0,792,387,55,45,1,1,1,1
2402,0,-40,357,180,115,1,1,1,1
2402,0,255,345,90,60,1,1,1,1
2402,0,460,337,60,45,1,1,1,1
2402,0,656,337,280,65,1,1,1,1
2402,0,792,387,55,45,1,1,1,1
2403,0,-40,357,180,115,1,1,1,1
2403,0,254,345,90,60,1,1,1,1
2403,0,459,337,60,45,1,1,1,1
2403,0,655,337,280,65,1,1,1,1
2403,0,792,387,55,45,1,1,1,1
2404,0,-40,357,180,115,1,1,1,1
2404,0,254,345,90,60,1,1,1,1
2404,0,459,337,60,45,1,1,1,1
2404,0,655,337,280,65,1,1,1,1
2404,0,792,387,55,45,1,1,1,1
2405,0,-40,357,180,115,1,1,1,1
2405,0,254,345,90,60,1,1,1,1
2405,0,459,337,60,45,1,1,1,1
2405,0,655,337,280,65,1,1,1,1
2405,0,792,387,55,45,1,1,1,1
2406,0,-40,357,180,115,1,1,1,1
2406,0,254,345,90,60,1,1,1,1
2406,0,459,337,60,45,1,1,1,1
2406,0,655,337,280,65,1,1,1,1
2406,0,792,387,55,45,1,1,1,1
2407,0,-40,357,180,115,1,1,1,1
2407,0,254,345,90,60,1,1,1,1
2407,0,459,337,60,45,1,1,1,1
2407,0,655,337,280,65,1,1,1,1
2407,0,792,387,55,45,1,1,1,1
2408,0,-40,357,180,115,1,1,1,1
2408,0,254,345,90,60,1,1,1,1
2408,0,459,337,60,45,1,1,1,1
2408,0,655,337,280,65,1,1,1,1
2408,0,792,387,55,45,1,1,1,1
2409,0,-40,357,180,115,1,1,1,1
2409,0,254,345,90,60,1,1,1,1
2409,0,459,337,60,45,1,1,1,1
2409,0,655,337,280,65,1,1,1,1
2409,0,792,387,55,45,1,1,1,1
2410,0,-40,357,180,115,1,1,1,1
2410,0,254,345,90,60,1,1,1,1
2410,0,459,337,60,45,1,1,1,1
2410,0,655,337,280,65,1,1,1,1
2410,0,792,387,55,45,1,1,1,1
2411,0,-40,357,180,115,1,1,1,1
2411,0,254,345,90,60,1,1,1,1
2411,0,459,337,60,45,1,1,1,1
2411,0,655,337,280,65,1,1,1,1
2411,0,792,387,55,45,1,1,1,1
2412,0,-40,357,180,115,1,1,1,1
2412,0,254,345,90,60,1,1,1,1
2412,0,459,337,60,45,1,1,1,1
2412,0,655,337,280,65,1,1,1,1
2412,0,792,387,55,45,1,1,1,1
2413,0,-40,357,180,115,1,1,1,1
2413,0,254,345,90,60,1,1,1,1
2413,0,459,337,60,45,1,1,1,1
2413,0,655,337,280,65,1,1,1,1
2413,0,791,387,55,45,1,1,1,1
2414,0,-40,357,180,115,1,1,1,1
2414,0,254,345,90,60,1,1,1,1
2414,0,459,337,60,45,1,1,1,1
2414,0,655,337,280,65,1,1,1,1
2414,0,791,387,55,45,1,1,1,1
2415,0,-40,357,180,115,1,1,1,1
2415,0,254,345,90,60,1,1,1,1
2415,0,459,337,60,45,1,1,1,1
2415,0,655,337,280,65,1,1,1,1
2415,0,791,387,55,45,1,1,1,1
2416,0,-40,357,180,115,1,1,1,1
2416,0,254,345,90,60,1,1,1,1
2416,0,459,337,60,45,1,1,1,1
2416,0,655,337,280,65,1,1,1,1
2416,0,791,387,55,45,1,1,1,1
2417,0,-41,357,180,115,1,1,1,1
2417,0,254,345,90,60,1,1,1,1
2417,0,459,337,60,45,1,1,1,1
2417,0,655,337,280,65,1,1,1,1
2417,0,791,387,55,45,1,1,1,1
2418,0,-41,357,180,115,1,1,1,1
2418,0,254,345,90,60,1,1,1,1
2418,0,459,337,60,45,1,1,1,1
2418,0,655,337,280,65,1,1,1,1
2418,0,791,387,55,45,1,1,1,1
2419,0,-41,357,180,115,1,1,1,1
2419,0,254,345,90,60,1,1,1,1
2419,0,459,337,60,45,1,1,1,1
2419,0,655,337,280,65,1,1,1,1
2419,0,791,387,55,45,1,1,1,1
2420,0,-41,357,180,115,1,1,1,1
2420,0,254,345,90,60,1,1,1,1
2420,0,459,337,60,45,1,1,1,1
2420,0,655,337,280,65,1,1,1,1
2420,0,791,387,55,45,1,1,1,1
2421,0,-41,357,180,115,1,1,1,1
2421,0,254,345,90,60,1,1,1,1
2421,0,459,337,60,45,1,1,1,1
2421,0,655,337,280,65,1,1,1,1
2421,0,791,387,55,45,1,1,1,1
2422,0,-41,357,180,115,1,1,1,1
2422,0,254,345,90,60,1,1,1,1
2422,0,459,337,60,45,1,1,1,1
2422,0,655,337,280,65,1,1,1,1
2422,0,791,387,55,45,1,1,1,1
2423,0,-41,357,180,115,1,1,1,1
2423,0,254,345,90,60,1,1,1,1
2423,0,459,337,60,45,1,1,1,1
2423,0,655,337,280,65,1,1,1,1
2423,0,791,387,55,45,1,1,1,1
2424,0,-41,357,180,115,1,1,1,1
2424,0,254,345,90,60,1,1,1,1
2424,0,459,337,60,45,1,1,1,1
2424,0,655,337,280,65,1,1,1,1
2424,0,791,387,55,45,1,1,1,1
2425,0,-41,357,180,115,1,1,1,1
2425,0,254,345,90,60,1,1,1,1
2425,0,459,337,60,45,1,1,1,1
2425,0,655,337,280,65,1,1,1,1
2425,0,791,387,55,45,1,1,1,1
2426,0,-41,357,180,115,1,1,1,1
2426,0,254,345,90,60,1,1,1,1
2426,0,459,337,60,45,1,1,1,1
2426,0,655,337,280,65,1,1,1,1
2426,0,791,387,55,45,1,1,1,1
2427,0,-41,357,180,115,1,1,1,1
2427,0,254,345,90,60,1,1,1,1
2427,0,459,337,60,45,1,1,1,1
2427,0,655,337,280,65,1,1,1,1
2427,0,791,387,55,45,1,1,1,1
2428,0,-41,357,180,115,1,1,1,1
2428,0,254,345,90,60,1,1,1,1
2428,0,459,337,60,45,1,1,1,1
2428,0,655,337,280,65,1,1,1,1
2428,0,791,387,55,45,1,1,1,1
2429,0,-41,357,180,115,1,1,1,1
2429,0,254,345,90,60,1,1,1,1
2429,0,459,337,60,45,1,1,1,1
2429,0,655,337,280,65,1,1,1,1
2429,0,791,387,55,45,1,1,1,1
2430,0,-41,357,180,115,1,1,1,1
2430,0,254,345,90,60,1,1,1,1
2430,0,459,337,60,45,1,1,1,1
2430,0,655,337,280,65,1,1,1,1
2430,0,791,387,55,45,1,1,1,1
2431,0,-41,357,180,115,1,1,1,1
2431,0,254,345,90,60,1,1,1,1
2431,0,459,337,60,45,1,1,1,1
2431,0,655,337,280,65,1,1,1,1
2431,0,791,387,55,45,1,1,1,1
2432,0,-42,358,180,115,1,1,1,1
2432,0,254,345,90,60,1,1,1,1
2432,0,459,337,60,45,1,1,1,1
2432,0,655,337,280,65,1,1,1,1
2432,0,791,388,55,45,1,1,1,1
2433,0,-42,358,180,115,1,1,1,1
2433,0,253,345,90,60,1,1,1,1
2433,0,459,337,60,45,1,1,1,1
2433,0,655,337,280,65,1,1,1,1
2433,0,790,388,55,45,1,1,1,1
2434,0,-42,358,180,115,1,1,1,1
2434,0,253,345,90,60,1,1,1,1
2434,0,459,337,60,45,1,1,1,1
2434,0,655,337,280,65,1,1,1,1
2434,0,790,388,55,45,1,1,1,1
2435,0,-42,358,180,115,1,1,1,1
2435,0,253,345,90,60,1,1,1,1
2435,0,459,337,60,45,1,1,1,1
2435,0,655,337,280,65,1,1,1,1
2435,0,790,388,55,45,1,1,1,1
2436,0,-42,358,180,115,1,1,1,1
2436,0,253,345,90,60,1,1,1,1
2436,0,459,337,60,45,1,1,1,1
2436,0,655,337,280,65,1,1,1,1
2436,0,790,388,55,45,1,1,1,1
2437,0,-42,358,180,115,1,1,1,1
2437,0,253,345,90,60,1,1,1,1
2437,0,459,337,60,45,1,1,1,1
2437,0,655,337,280,65,1,1,1,1
2437,0,790,388,55,45,1,1,1,1
2438,0,-42,358,180,115,1,1,1,1
2438,0,253,345,90,60,1,1,1,1
2438,0,459,337,60,45,1,1,1,1
2438,0,655,337,280,65,1,1,1,1
2438,0,790,388,55,45,1,1,1,1
2439,0,-42,358,180,115,1,1,1,1
2439,0,253,345,90,60,1,1,1,1
2439,0,459,337,60,45,1,1,1,1
2439,0,655,337,280,65,1,1,1,1
2439,0,790,388,55,45,1,1,1,1
2440,0,-42,358,180,115,1,1,1,1
2440,0,253,345,90,60,1,1,1,1
2440,0,459,337,60,45,1,1,1,1
2440,0,655,337,280,65,1,1,1,1
2440,0,790,388,55,45,1,1,1,1
2441,0,-42,358,180,115,1,1,1,1
2441,0,253,345,90,60,1,1,1,1
2441,0,459,337,60,45,1,1,1,1
2441,0,655,337,280,65,1,1,1,1
2441,0,790,388,55,45,1,1,1,1
2442,0,-42,358,180,115,1,1,1,1
2442,0,253,345,90,60,1,1,1,1
2442,0,459,337,60,45,1,1,1,1
2442,0,655,337,280,65,1,1,1,1
2442,0,790,388,55,45,1,1,1,1
2443,0,-42,358,180,115,1,1,1,1
2443,0,253,345,90,60,1,1,1,1
2443,0,459,337,60,45,1,1,1,1
2443,0,655,337,280,65,1,1,1,1
2443,0,790,388,55,45,1,1,1,1
2444,0,-42,358,180,115,1,1,1,1
2444,0,253,345,90,60,1,1,1,1
2444,0,459,337,60,45,1,1,1,1
2444,0,655,337,280,65,1,1,1,1
2444,0,790,388,55,45,1,1,1,1
2445,0,-42,358,180,115,1,1,1,1
2445,0,253,345,90,60,1,1,1,1
2445,0,459,337,60,45,1,1,1,1
2445,0,655,337,280,65,1,1,1,1
2445,0,790,388,55,45,1,1,1,1
2446,0,-42,358,180,115,1,1,1,1
2446,0,253,345,90,60,1,1,1,1
2446,0,459,337,60,45,1,1,1,1
2446,0,655,337,280,65,1,1,1,1
2446,0,790,388,55,45,1,1,1,1
2447,0,-43,358,180,115,1,1,1,1
2447,0,253,345,90,60,1,1,1,1
2447,0,459,337,60,45,1,1,1,1
2447,0,655,337,280,65,1,1,1,1
2447,0,790,388,55,45,1,1,1,1
2448,0,-43,358,180,115,1,1,1,1
2448,0,253,345,90,60,1,1,1,1
2448,0,459,337,60,45,1,1,1,1
2448,0,655,337,280,65,1,1,1,1
2448,0,790,388,55,45,1,1,1,1
2449,0,-43,358,180,115,1,1,1,1
2449,0,253,345,90,60,1,1,1,1
2449,0,459,337,60,45,1,1,1,1
2449,0,655,337,280,65,1,1,1,1
2449,0,790,388,55,45,1,1,1,1
2450,0,-43,358,180,115,1,1,1,1
2450,0,253,345,90,60,1,1,1,1
2450,0,459,337,60,45,1,1,1,1
2450,0,655,337,280,65,1,1,1,1
2450,0,790,388,55,45,1,1,1,1
2451,0,-43,358,180,115,1,1,1,1
2451,0,253,345,90,60,1,1,1,1
2451,0,459,337,60,45,1,1,1,1
2451,0,655,337,280,65,1,1,1,1
2451,0,790,388,55,45,1,1,1,1
2452,0,-43,358,180,115,1,1,1,1
2452,0,253,345,90,60,1,1,1,1
2452,0,459,337,60,45,1,1,1,1
2452,0,655,337,280,65,1,1,1,1
2452,0,790,388,55,45,1,1,1,1
2453,0,-43,358,180,115,1,1,1,1
2453,0,253,345,90,60,1,1,1,1
2453,0,459,337,60,45,1,1,1,1
2453,0,655,337,280,65,1,1,1,1
2453,0,789,388,55,45,1,1,1,1
2454,0,-43,358,180,115,1,1,1,1
2454,0,253,345,90,60,1,1,1,1
2454,0,459,337,60,45,1,1,1,1
2454,0,655,337,280,65,1,1,1,1
2454,0,789,388,55,45,1,1,1,1
2455,0,-43,358,180,115,1,1,1,1
2455,0,253,345,90,60,1,1,1,1
2455,0,459,337,60,45,1,1,1,1
2455,0,655,337,280,65,1,1,1,1
2455,0,789,388,55,45,1,1,1,1
2456,0,-43,358,180,115,1,1,1,1
2456,0,253,345,90,60,1,1,1,1
2456,0,459,337,60,45,1,1,1,1
2456,0,655,337,280,65,1,1,1,1
2456,0,789,388,55,45,1,1,1,1
2457,0,-43,358,180,115,1,1,1,1
2457,0,253,345,90,60,1,1,1,1
2457,0,459,337,60,45,1,1,1,1
2457,0,655,337,280,65,1,1,1,1
2457,0,789,388,55,45,1,1,1,1
2458,0,-43,358,180,115,1,1,1,1
2458,0,253,345,90,60,1,1,1,1
2458,0,459,337,60,45,1,1,1,1
2458,0,655,337,280,65,1,1,1,1
2458,0,789,388,55,45,1,1,1,1
2459,0,-43,358,180,115,1,1,1,1
2459,0,253,345,90,60,1,1,1,1
2459,0,459,337,60,45,1,1,1,1
2459,0,655,337,280,65,1,1,1,1
2459,0,789,388,55,45,1,1,1,1
2460,0,-43,358,180,115,1,1,1,1
2460,0,253,345,90,60,1,1,1,1
2460,0,459,337,60,45,1,1,1,1
2460,0,655,337,280,65,1,1,1,1
2460,0,789,388,55,45,1,1,1,1
2461,0,-43,358,180,115,1,1,1,1
2461,0,253,345,90,60,1,1,1,1
2461,0,459,337,60,45,1,1,1,1
2461,0,655,337,280,65,1,1,1,1
2461,0,789,388,55,45,1,1,1,1
2462,0,-44,358,180,115,1,1,1,1
2462,0,253,345,90,60,1,1,1,1
2462,0,459,337,60,45,1,1,1,1
2462,0,655,337,280,65,1,1,1,1
2462,0,789,388,55,45,1,1,1,1
2463,0,-44,358,180,115,1,1,1,1
2463,0,252,345,90,60,1,1,1,1
2463,0,458,337,60,45,1,1,1,1
2463,0,655,337,280,65,1,1,1,1
2463,0,789,388,55,45,1,1,1,1
2464,0,-44,358,180,115,1,1,1,1
2464,0,252,345,90,60,1,1,1,1
2464,0,458,337,60,45,1,1,1,1
2464,0,655,337,280,65,1,1,1,1
2464,0,789,388,55,45,1,1,1,1
2465,0,-44,358,180,115,1,1,1,1
2465,0,252,345,90,60,1,1,1,1
2465,0,458,337,60,45,1,1,1,1
2465,0,655,337,280,65,1,1,1,1
2465,0,789,388,55,45,1,1,1,1
2466,0,-44,358,180,115,1,1,1,1
2466,0,252,345,90,60,1,1,1,1
2466,0,458,337,60,45,1,1,1,1
2466,0,655,337,280,65,1,1,1,1
2466,0,789,388,55,45,1,1,1,1
2467,0,-44,358,180,115,1,1,1,1
2467,0,252,345,90,60,1,1,1,1
2467,0,458,337,60,45,1,1,1,1
2467,0,655,337,280,65,1,1,1,1
2467,0,789,388,55,45,1,1,1,1
2468,0,-44,358,180,115,1,1,1,1
2468,0,252,345,90,60,1,1,1,1
2468,0,458,337,60,45,1,1,1,1
2468,0,655,337,280,65,1,1,1,1
2468,0,789,388,55,45,1,1,1,1
2469,0,-44,358,180,115,1,1,1,1
2469,0,252,345,90,60,1,1,1,1
2469,0,458,337,60,45,1,1,1,1
2469,0,655,337,280,65,1,1,1,1
2469,0,789,388,55,45,1,1,1,1
2470,0,-44,358,180,115,1,1,1,1
2470,0,252,345,90,60,1,1,1,1
2470,0,458,337,60,45,1,1,1,1
2470,0,655,337,280,65,1,1,1,1
2470,0,789,388,55,45,1,1,1,1
2471,0,-44,358,180,115,1,1,1,1
2471,0,252,345,90,60,1,1,1,1
2471,0,458,337,60,45,1,1,1,1
2471,0,655,337,280,65,1,1,1,1
2471,0,789,388,55,45,1,1,1,1
2472,0,-44,358,180,115,1,1,1,1
2472,0,252,345,90,60,1,1,1,1
2472,0,458,337,60,45,1,1,1,1
2472,0,655,337,280,65,1,1,1,1
2472,0,789,388,55,45,1,1,1,1
2473,0,-44,358,180,115,1,1,1,1
2473,0,252,345,90,60,1,1,1,1
2473,0,458,337,60,45,1,1,1,1
2473,0,655,337,280,65,1,1,1,1
2473,0,788,388,55,45,1,1,1,1
2474,0,-44,358,180,115,1,1,1,1
2474,0,252,345,90,60,1,1,1,1
2474,0,458,337,60,45,1,1,1,1
2474,0,655,337,280,65,1,1,1,1
2474,0,788,388,55,45,1,1,1,1
2475,0,-44,358,180,115,1,1,1,1
2475,0,252,345,90,60,1,1,1,1
2475,0,458,337,60,45,1,1,1,1
2475,0,655,337,280,65,1,1,1,1
2475,0,788,388,55,45,1,1,1,1
2476,0,-44,358,180,115,1,1,1,1
2476,0,252,345,90,60,1,1,1,1
2476,0,458,337,60,45,1,1,1,1
2476,0,655,337,280,65,1,1,1,1
2476,0,788,388,55,45,1,1,1,1
2477,0,-45,358,180,115,1,1,1,1
2477,0,252,345,90,60,1,1,1,1
2477,0,458,337,60,45,1,1,1,1
2477,0,655,337,280,65,1,1,1,1
2477,0,788,388,55,45,1,1,1,1
2478,0,-45,358,180,115,1,1,1,1
2478,0,252,345,90,60,1,1,1,1
2478,0,458,337,60,45,1,1,1,1
2478,0,655,337,280,65,1,1,1,1
2478,0,788,388,55,45,1,1,1,1
2479,0,-45,358,180,115,1,1,1,1
2479,0,252,345,90,60,1,1,1,1
2479,0,458,337,60,45,1,1,1,1
2479,0,655,337,280,65,1,1,1,1
2479,0,788,388,55,45,1,1,1,1
2480,0,-45,358,180,115,1,1,1,1
2480,0,252,345,90,60,1,1,1,1
2480,0,458,337,60,45,1,1,1,1
2480,0,655,337,280,65,1,1,1,1
2480,0,788,388,55,45,1,1,1,1
2481,0,-45,358,180,115,1,1,1,1
2481,0,252,345,90,60,1,1,1,1
2481,0,458,337,60,45,1,1,1,1
2481,0,655,337,280,65,1,1,1,1
2481,0,788,388,55,45,1,1,1,1
2482,0,-45,358,180,115,1,1,1,1
2482,0,252,345,90,60,1,1,1,1
2482,0,458,337,60,45,1,1,1,1
2482,0,655,337,280,65,1,1,1,1
2482,0,788,388,55,45,1,1,1,1
2483,0,-45,358,180,115,1,1,1,1
2483,0,252,345,90,60,1,1,1,1
2483,0,458,337,60,45,1,1,1,1
2483,0,655,337,280,65,1,1,1,1
2483,0,788,388,55,45,1,1,1,1
2484,0,-45,358,180,115,1,1,1,1
2484,0,252,345,90,60,1,1,1,1
2484,0,458,337,60,45,1,1,1,1
2484,0,655,337,280,65,1,1,1,1
2484,0,788,388,55,45,1,1,1,1
2485,0,-45,358,180,115,1,1,1,1
2485,0,252,345,90,60,1,1,1,1
2485,0,458,337,60,45,1,1,1,1
2485,0,655,337,280,65,1,1,1,1
2485,0,788,388,55,45,1,1,1,1
2486,0,-45,358,180,115,1,1,1,1
2486,0,252,345,90,60,1,1,1,1
2486,0,458,337,60,45,1,1,1,1
2486,0,655,337,280,65,1,1,1,1
2486,0,788,388,55,45,1,1,1,1
2487,0,-45,358,180,115,1,1,1,1
2487,0,252,345,90,60,1,1,1,1
2487,0,458,337,60,45,1,1,1,1
2487,0,655,337,280,65,1,1,1,1
2487,0,788,388,55,45,1,1,1,1
2488,0,-45,358,180,115,1,1,1,1
2488,0,252,345,90,60,1,1,1,1
2488,0,458,337,60,45,1,1,1,1
2488,0,655,337,280,65,1,1,1,1
2488,0,788,388,55,45,1,1,1,1
2489,0,-45,358,180,115,1,1,1,1
2489,0,252,345,90,60,1,1,1,1
2489,0,458,337,60,45,1,1,1,1
2489,0,655,337,280,65,1,1,1,1
2489,0,788,388,55,45,1,1,1,1
2490,0,-45,358,180,115,1,1,1,1
2490,0,252,345,90,60,1,1,1,1
2490,0,458,337,60,45,1,1,1,1
2490,0,655,337,280,65,1,1,1,1
2490,0,788,388,55,45,1,1,1,1
2491,0,-45,358,180,115,1,1,1,1
2491,0,252,345,90,60,1,1,1,1
2491,0,458,337,60,45,1,1,1,1
2491,0,655,337,280,65,1,1,1,1
2491,0,788,388,55,45,1,1,1,1
2492,0,-46,359,180,115,1,1,1,1
2492,0,252,345,90,60,1,1,1,1
2492,0,458,337,60,45,1,1,1,1
2492,0,655,337,280,65,1,1,1,1
2492,0,788,389,55,45,1,1,1,1
2493,0,-46,359,180,115,1,1,1,1
2493,0,251,345,90,60,1,1,1,1
2493,0,458,337,60,45,1,1,1,1
2493,0,655,337,280,65,1,1,1,1
2493,0,787,389,55,45,1,1,1,1
2494,0,-46,359,180,115,1,1,1,1
2494,0,251,345,90,60,1,1,1,1
2494,0,458,337,60,45,1,1,1,1
2494,0,655,337,280,65,1,1,1,1
2494,0,787,389,55,45,1,1,1,1
2495,0,-46,359,180,115,1,1,1,1
2495,0,251,345,90,60,1,1,1,1
2495,0,458,337,60,45,1,1,1,1
2495,0,655,337,280,65,1,1,1,1
2495,0,787,389,55,45,1,1,1,1
2496,0,-46,359,180,115,1,1,1,1
2496,0,251,345,90,60,1,1,1,1
2496,0,458,337,60,45,1,1,1,1
2496,0,655,337,280,65,1,1,1,1
2496,0,787,389,55,45,1,1,1,1
2497,0,-46,359,180,115,1,1,1,1
2497,0,251,345,90,60,1,1,1,1
2497,0,458,337,60,45,1,1,1,1
2497,0,655,337,280,65,1,1,1,1
2497,0,787,389,55,45,1,1,1,1
2498,0,-46,359,180,115,1,1,1,1
2498,0,251,345,90,60,1,1,1,1
2498,0,458,337,60,45,1,1,1,1
2498,0,655,337,280,65,1,1,1,1
2498,0,787,389,55,45,1,1,1,1
2499,0,-46,359,180,115,1,1,1,1
2499,0,251,345,90,60,1,1,1,1
2499,0,458,337,60,45,1,1,1,1
2499,0,655,337,280,65,1,1,1,1
2499,0,787,389,55,45,1,1,1,1
2500,0,-46,359,180,115,1,1,1,1
2500,0,251,345,90,60,1,1,1,1
2500,0,458,337,60,45,1,1,1,1
2500,0,655,337,280,65,1,1,1,1
2500,0,787,389,55,45,1,1,1,1
2501,0,-46,359,180,115,1,1,1,1
2501,0,251,345,90,60,1,1,1,1
2501,0,458,337,60,45,1,1,1,1
2501,0,655,337,280,65,1,1,1,1
2501,0,787,389,55,45,1,1,1,1
2502,0,-46,359,180,115,1,1,1,1
2502,0,251,345,90,60,1,1,1,1
2502,0,458,337,60,45,1,1,1,1
2502,0,655,337,280,65,1,1,1,1
2502,0,787,389,55,45,1,1,1,1
2503,0,-46,359,180,115,1,1,1,1
2503,0,251,345,90,60,1,1,1,1
2503,0,458,337,60,45,1,1,1,1
2503,0,654,337,280,65,1,1,1,1
2503,0,787,389,55,45,1,1,1,1
2504,0,-46,359,180,115,1,1,1,1
2504,0,251,345,90,60,1,1,1,1
2504,0,458,337,60,45,1,1,1,1
2504,0,654,337,280,65,1,1,1,1
2504,0,787,389,55,45,1,1,1,1
2505,0,-46,359,180,115,1,1,1,1
2505,0,251,345,90,60,1,1,1,1
2505,0,458,337,60,45,1,1,1,1
2505,0,654,337,280,65,1,1,1,1
2505,0,787,389,55,45,1,1,1,1
2506,0,-46,359,180,115,1,1,1,1
2506,0,251,345,90,60,1,1,1,1
2506,0,458,337,60,45,1,1,1,1
2506,0,654,337,280,65,1,1,1,1
2506,0,787,389,55,45,1,1,1,1
2507,0,-47,359,180,115,1,1,1,1
2507,0,251,345,90,60,1,1,1,1
2507,0,458,337,60,45,1,1,1,1
2507,0,654,337,280,65,1,1,1,1
2507,0,787,389,55,45,1,1,1,1
2508,0,-47,359,180,115,1,1,1,1
2508,0,251,345,90,60,1,1,1,1
2508,0,458,337,60,45,1,1,1,1
2508,0,654,337,280,65,1,1,1,1
2508,0,787,389,55,45,1,1,1,1
2509,0,-47,359,180,115,1,1,1,1
2509,0,251,345,90,60,1,1,1,1
2509,0,458,337,60,45,1,1,1,1
2509,0,654,337,280,65,1,1,1,1
2509,0,787,389,55,45,1,1,1,1
2510,0,-47,359,180,115,1,1,1,1
2510,0,251,345,90,60,1,1,1,1
2510,0,458,337,60,45,1,1,1,1
2510,0,654,337,280,65,1,1,1,1
2510,0,787,389,55,45,1,1,1,1
2511,0,-47,359,180,115,1,1,1,1
2511,0,251,345,90,60,1,1,1,1
2511,0,458,337,60,45,1,1,1,1
2511,0,654,337,280,65,1,1,1,1
2511,0,787,389,55,45,1,1,1,1
2512,0,-47,359,180,115,1,1,1,1
2512,0,251,345,90,60,1,1,1,1
2512,0,458,337,60,45,1,1,1,1
2512,0,654,337,280,65,1,1,1,1
2512,0,787,389,55,45,1,1,1,1
2513,0,-47,359,180,115,1,1,1,1
2513,0,251,345,90,60,1,1,1,1
2513,0,458,337,60,45,1,1,1,1
2513,0,654,337,280,65,1,1,1,1
2513,0,786,389,55,45,1,1,1,1
2514,0,-47,359,180,115,1,1,1,1
2514,0,251,345,90,60,1,1,1,1
2514,0,458,337,60,45,1,1,1,1
2514,0,654,337,280,65,1,1,1,1
2514,0,786,389,55,45,1,1,1,1
2515,0,-47,359,180,115,1,1,1,1
2515,0,251,345,90,60,1,1,1,1
2515,0,458,337,60,45,1,1,1,1
2515,0,654,337,280,65,1,1,1,1
2515,0,786,389,55,45,1,1,1,1
2516,0,-47,359,180,115,1,1,1,1
2516,0,251,345,90,60,1,1,1,1
2516,0,458,337,60,45,1,1,1,1
2516,0,654,337,280,65,1,1,1,1
2516,0,786,389,55,45,1,1,1,1
2517,0,-47,359,180,115,1,1,1,1
2517,0,251,345,90,60,1,1,1,1
2517,0,458,337,60,45,1,1,1,1
2517,0,654,337,280,65,1,1,1,1
2517,0,786,389,55,45,1,1,1,1
2518,0,-47,359,180,115,1,1,1,1
2518,0,251,345,90,60,1,1,1,1
2518,0,458,337,60,45,1,1,1,1
2518,0,654,337,280,65,1,1,1,1
2518,0,786,389,55,45,1,1,1,1
2519,0,-47,359,180,115,1,1,1,1
2519,0,251,345,90,60,1,1,1,1
2519,0,458,337,60,45,1,1,1,1
2519,0,654,337,280,65,1,1,1,1
2519,0,786,389,55,45,1,1,1,1
2520,0,-47,359,180,115,1,1,1,1
2520,0,251,345,90,60,1,1,1,1
2520,0,458,337,60,45,1,1,1,1
2520,0,654,337,280,65,1,1,1,1
2520,0,786,389,55,45,1,1,1,1
2521,0,-47,359,180,115,1,1,1,1
2521,0,251,345,90,60,1,1,1,1
2521,0,458,337,60,45,1,1,1,1
2521,0,654,337,280,65,1,1,1,1
2521,0,786,389,55,45,1,1,1,1
2522,0,-48,359,180,115,1,1,1,1
2522,0,251,345,90,60,1,1,1,1
2522,0,458,337,60,45,1,1,1,1
2522,0,654,337,280,65,1,1,1,1
2522,0,786,389,55,45,1,1,1,1
2523,0,-48,359,180,115,1,1,1,1
2523,0,250,345,90,60,1,1,1,1
2523,0,457,337,60,45,1,1,1,1
2523,0,654,337,280,65,1,1,1,1
2523,0,786,389,55,45,1,1,1,1
2524,0,-48,359,180,115,1,1,1,1
2524,0,250,345,90,60,1,1,1,1
2524,0,457,337,60,45,1,1,1,1
2524,0,654,337,280,65,1,1,1,1
2524,0,786,389,55,45,1,1,1,1
2525,0,-48,359,180,115,1,1,1,1
2525,0,250,345,90,60,1,1,1,1
2525,0,457,337,60,45,1,1,1,1
2525,0,654,337,280,65,1,1,1,1
2525,0,786,389,55,45,1,1,1,1
2526,0,-48,359,180,115,1,1,1,1
2526,0,250,345,90,60,1,1,1,1
2526,0,457,337,60,45,1,1,1,1
2526,0,654,337,280,65,1,1,1,1
2526,0,786,389,55,45,1,1,1,1
2527,0,-48,359,180,115,1,1,1,1
2527,0,250,345,90,60,1,1,1,1
2527,0,457,337,60,45,1,1,1,1
2527,0,654,337,280,65,1,1,1,1
2527,0,786,389,55,45,1,1,1,1
2528,0,-48,359,180,115,1,1,1,1
2528,0,250,345,90,60,1,1,1,1
2528,0,457,337,60,45,1,1,1,1
2528,0,654,337,280,65,1,1,1,1
2528,0,786,389,55,45,1,1,1,1
2529,0,-48,359,180,115,1,1,1,1
2529,0,250,345,90,60,1,1,1,1
2529,0,457,337,60,45,1,1,1,1
2529,0,654,337,280,65,1,1,1,1
2529,0,786,389,55,45,1,1,1,1
2530,0,-48,359,180,115,1,1,1,1
2530,0,250,345,90,60,1,1,1,1
2530,0,457,337,60,45,1,1,1,1
2530,0,654,337,280,65,1,1,1,1
2530,0,786,389,55,45,1,1,1,1
2531,0,-48,359,180,115,1,1,1,1
2531,0,250,345,90,60,1,1,1,1
2531,0,457,337,60,45,1,1,1,1
2531,0,654,337,280,65,1,1,1,1
2531,0,786,389,55,45,1,1,1,1
2532,0,-48,359,180,115,1,1,1,1
2532,0,250,345,90,60,1,1,1,1
2532,0,457,337,60,45,1,1,1,1
2532,0,654,337,280,65,1,1,1,1
2532,0,786,389,55,45,1,1,1,1
2533,0,-48,359,180,115,1,1,1,1
2533,0,250,345,90,60,1,1,1,1
2533,0,457,337,60,45,1,1,1,1
2533,0,654,337,280,65,1,1,1,1
2533,0,785,389,55,45,1,1,1,1
2534,0,-48,359,180,115,1,1,1,1
2534,0,250,345,90,60,1,1,1,1
2534,0,457,337,60,45,1,1,1,1
2534,0,654,337,280,65,1,1,1,1
2534,0,785,389,55,45,1,1,1,1
2535,0,-48,359,180,115,1,1,1,1
2535,0,250,345,90,60,1,1,1,1
2535,0,457,337,60,45,1,1,1,1
2535,0,654,337,280,65,1,1,1,1
2535,0,785,389,55,45,1,1,1,1
2536,0,-48,359,180,115,1,1,1,1
2536,0,250,345,90,60,1,1,1,1
2536,0,457,337,60,45,1,1,1,1
2536,0,654,337,280,65,1,1,1,1
2536,0,785,389,55,45,1,1,1,1
2537,0,-49,359,180,115,1,1,1,1
2537,0,250,345,90,60,1,1,1,1
2537,0,457,337,60,45,1,1,1,1
2537,0,654,337,280,65,1,1,1,1
2537,0,785,389,55,45,1,1,1,1
2538,0,-49,359,180,115,1,1,1,1
2538,0,250,345,90,60,1,1,1,1
2538,0,457,337,60,45,1,1,1,1
2538,0,654,337,280,65,1,1,1,1
2538,0,785,389,55,45,1,1,1,1
2539,0,-49,359,180,115,1,1,1,1
2539,0,250,345,90,60,1,1,1,1
2539,0,457,337,60,45,1,1,1,1
2539,0,654,337,280,65,1,1,1,1
2539,0,785,389,55,45,1,1,1,1
2540,0,-49,359,180,115,1,1,1,1
2540,0,250,345,90,60,1,1,1,1
2540,0,457,337,60,45,1,1,1,1
2540,0,654,337,280,65,1,1,1,1
2540,0,785,389,55,45,1,1,1,1
2541,0,-49,359,180,115,1,1,1,1
2541,0,250,345,90,60,1,1,1,1
2541,0,457,337,60,45,1,1,1,1
2541,0,654,337,280,65,1,1,1,1
2541,0,785,389,55,45,1,1,1,1
2542,0,-49,359,180,115,1,1,1,1
2542,0,250,345,90,60,1,1,1,1
2542,0,457,337,60,45,1,1,1,1
2542,0,654,337,280,65,1,1,1,1
2542,0,785,389,55,45,1,1,1,1
2543,0,-49,359,180,115,1,1,1,1
2543,0,250,345,90,60,1,1,1,1
2543,0,457,337,60,45,1,1,1,1
2543,0,654,337,280,65,1,1,1,1
2543,0,785,389,55,45,1,1,1,1
2544,0,-49,359,180,115,1,1,1,1
2544,0,250,345,90,60,1,1,1,1
2544,0,457,337,60,45,1,1,1,1
2544,0,654,337,280,65,1,1,1,1
2544,0,785,389,55,45,1,1,1,1
2545,0,-49,359,180,115,1,1,1,1
2545,0,250,345,90,60,1,1,1,1
2545,0,457,337,60,45,1,1,1,1
2545,0,654,337,280,65,1,1,1,1
2545,0,785,389,55,45,1,1,1,1
2546,0,-49,359,180,115,1,1,1,1
2546,0,250,345,90,60,1,1,1,1
2546,0,457,337,60,45,1,1,1,1
2546,0,654,337,280,65,1,1,1,1
2546,0,785,389,55,45,1,1,1,1
2547,0,-49,359,180,115,1,1,1,1
2547,0,250,345,90,60,1,1,1,1
2547,0,457,337,60,45,1,1,1,1
2547,0,654,337,280,65,1,1,1,1
2547,0,785,389,55,45,1,1,1,1
2548,0,-49,359,180,115,1,1,1,1
2548,0,250,345,90,60,1,1,1,1
2548,0,457,337,60,45,1,1,1,1
2548,0,654,337,280,65,1,1,1,1
2548,0,785,389,55,45,1,1,1,1
2549,0,-49,359,180,115,1,1,1,1
2549,0,250,345,90,60,1,1,1,1
2549,0,457,337,60,45,1,1,1,1
2549,0,654,337,280,65,1,1,1,1
2549,0,785,389,55,45,1,1,1,1
2550,0,-49,359,180,115,1,1,1,1
2550,0,250,345,90,60,1,1,1,1
2550,0,457,337,60,45,1,1,1,1
2550,0,654,337,280,65,1,1,1,1
2550,0,785,389,55,45,1,1,1,1
2551,0,-49,359,180,115,1,1,1,1
2551,0,250,345,90,60,1,1,1,1
2551,0,457,337,60,45,1,1,1,1
2551,0,654,337,280,65,1,1,1,1
2551,0,785,389,55,45,1,1,1,1
2552,0,-50,360,180,115,1,1,1,1
2552,0,250,345,90,60,1,1,1,1
2552,0,457,337,60,45,1,1,1,1
2552,0,654,337,280,65,1,1,1,1
2552,0,785,390,55,45,1,1,1,1
2553,0,-50,360,180,115,1,1,1,1
2553,0,249,345,90,60,1,1,1,1
2553,0,457,337,60,45,1,1,1,1
2553,0,654,337,280,65,1,1,1,1
2553,0,784,390,55,45,1,1,1,1
2554,0,-50,360,180,115,1,1,1,1
2554,0,249,345,90,60,1,1,1,1
2554,0,457,337,60,45,1,1,1,1
2554,0,654,337,280,65,1,1,1,1
2554,0,784,390,55,45,1,1,1,1
2555,0,-50,360,180,115,1,1,1,1
2555,0,249,345,90,60,1,1,1,1
2555,0,457,337,60,45,1,1,1,1
2555,0,654,337,280,65,1,1,1,1
2555,0,784,390,55,45,1,1,1,1
2556,0,-50,360,180,115,1,1,1,1
2556,0,249,345,90,60,1,1,1,1
2556,0,457,337,60,45,1,1,1,1
2556,0,654,337,280,65,1,1,1,1
2556,0,784,390,55,45,1,1,1,1
2557,0,-50,360,180,115,1,1,1,1
2557,0,249,345,90,60,1,1,1,1
2557,0,457,337,60,45,1,1,1,1
2557,0,654,337,280,65,1,1,1,1
2557,0,784,390,55,45,1,1,1,1
2558,0,-50,360,180,115,1,1,1,1
2558,0,249,345,90,60,1,1,1,1
2558,0,457,337,60,45,1,1,1,1
2558,0,654,337,280,65,1,1,1,1
2558,0,784,390,55,45,1,1,1,1
2559,0,-50,360,180,115,1,1,1,1
2559,0,249,345,90,60,1,1,1,1
2559,0,457,337,60,45,1,1,1,1
2559,0,654,337,280,65,1,1,1,1
2559,0,784,390,55,45,1,1,1,1
2560,0,-50,360,180,115,1,1,1,1
2560,0,249,345,90,60,1,1,1,1
2560,0,457,337,60,45,1,1,1,1
2560,0,654,337,280,65,1,1,1,1
2560,0,784,390,55,45,1,1,1,1
2561,0,-50,360,180,115,1,1,1,1
2561,0,249,345,90,60,1,1,1,1
2561,0,457,337,60,45,1,1,1,1
2561,0,654,337,280,65,1,1,1,1
2561,0,784,390,55,45,1,1,1,1
2562,0,-50,360,180,115,1,1,1,1
2562,0,249,345,90,60,1,1,1,1
2562,0,457,337,60,45,1,1,1,1
2562,0,654,337,280,65,1,1,1,1
2562,0,784,390,55,45,1,1,1,1
2563,0,-50,360,180,115,1,1,1,1
2563,0,249,345,90,60,1,1,1,1
2563,0,457,337,60,45,1,1,1,1
2563,0,654,337,280,65,1,1,1,1
2563,0,784,390,55,45,1,1,1,1
2564,0,-50,360,180,115,1,1,1,1
2564,0,249,345,90,60,1,1,1,1
2564,0,457,337,60,45,1,1,1,1
2564,0,654,337,280,65,1,1,1,1
2564,0,784,390,55,45,1,1,1,1
2565,0,-50,360,180,115,1,1,1,1
2565,0,249,345,90,60,1,1,1,1
2565,0,457,337,60,45,1,1,1,1
2565,0,654,337,280,65,1,1,1,1
2565,0,784,390,55,45,1,1,1,1
2566,0,-50,360,180,115,1,1,1,1
2566,0,249,345,90,60,1,1,1,1
2566,0,457,337,60,45,1,1,1,1
2566,0,654,337,280,65,1,1,1,1
2566,0,784,390,55,45,1,1,1,1
2567,0,-51,360,180,115,1,1,1,1
2567,0,249,345,90,60,1,1,1,1
2567,0,457,337,60,45,1,1,1,1
2567,0,654,337,280,65,1,1,1,1
2567,0,784,390,55,45,1,1,1,1
2568,0,-51,360,180,115,1,1,1,1
2568,0,249,345,90,60,1,1,1,1
2568,0,457,337,60,45,1,1,1,1
2568,0,654,337,280,65,1,1,1,1
2568,0,784,390,55,45,1,1,1,1
2569,0,-51,360,180,115,1,1,1,1
2569,0,249,345,90,60,1,1,1,1
2569,0,457,337,60,45,1,1,1,1
2569,0,654,337,280,65,1,1,1,1
2569,0,784,390,55,45,1,1,1,1
2570,0,-51,360,180,115,1,1,1,1
2570,0,249,345,90,60,1,1,1,1
2570,0,457,337,60,45,1,1,1,1
2570,0,654,337,280,65,1,1,1,1
2570,0,784,390,55,45,1,1,1,1
2571,0,-51,360,180,115,1,1,1,1
2571,0,249,345,90,60,1,1,1,1
2571,0,457,337,60,45,1,1,1,1
2571,0,654,337,280,65,1,1,1,1
2571,0,784,390,55,45,1,1,1,1
2572,0,-51,360,180,115,1,1,1,1
2572,0,249,345,90,60,1,1,1,1
2572,0,457,337,60,45,1,1,1,1
2572,0,654,337,280,65,1,1,1,1
2572,0,784,390,55,45,1,1,1,1
2573,0,-51,360,180,115,1,1,1,1
2573,0,249,345,90,60,1,1,1,1
2573,0,457,337,60,45,1,1,1,1
2573,0,654,337,280,65,1,1,1,1
2573,0,783,390,55,45,1,1,1,1
2574,0,-51,360,180,115,1,1,1,1
2574,0,249,345,90,60,1,1,1,1
2574,0,457,337,60,45,1,1,1,1
2574,0,654,337,280,65,1,1,1,1
2574,0,783,390,55,45,1,1,1,1
2575,0,-51,360,180,115,1,1,1,1
2575,0,249,345,90,60,1,1,1,1
2575,0,457,337,60,45,1,1,1,1
2575,0,654,337,280,65,1,1,1,1
2575,0,783,390,55,45,1,1,1,1
2576,0,-51,360,180,115,1,1,1,1
2576,0,249,345,90,60,1,1,1,1
2576,0,457,337,60,45,1,1,1,1
2576,0,654,337,280,65,1,1,1,1
2576,0,783,390,55,45,1,1,1,1
2577,0,-51,360,180,115,1,1,1,1
2577,0,249,345,90,60,1,1,1,1
2577,0,457,337,60,45,1,1,1,1
2577,0,654,337,280,65,1,1,1,1
2577,0,783,390,55,45,1,1,1,1
2578,0,-51,360,180,115,1,1,1,1
2578,0,249,345,90,60,1,1,1,1
2578,0,457,337,60,45,1,1,1,1
2578,0,654,337,280,65,1,1,1,1
2578,0,783,390,55,45,1,1,1,1
2579,0,-51,360,180,115,1,1,1,1
2579,0,249,345,90,60,1,1,1,1
2579,0,457,337,60,45,1,1,1,1
2579,0,654,337,280,65,1,1,1,1
2579,0,783,390,55,45,1,1,1,1
2580,0,-51,360,180,115,1,1,1,1
2580,0,249,345,90,60,1,1,1,1
2580,0,457,337,60,45,1,1,1,1
2580,0,654,337,280,65,1,1,1,1
2580,0,783,390,55,45,1,1,1,1
2581,0,-51,360,180,115,1,1,1,1
2581,0,249,345,90,60,1,1,1,1
2581,0,457,337,60,45,1,1,1,1
2581,0,654,337,280,65,1,1,1,1
2581,0,783,390,55,45,1,1,1,1
2582,0,-52,360,180,115,1,1,1,1
2582,0,249,345,90,60,1,1,1,1
2582,0,457,337,60,45,1,1,1,1
2582,0,654,337,280,65,1,1,1,1
2582,0,783,390,55,45,1,1,1,1
2583,0,-52,360,180,115,1,1,1,1
2583,0,248,345,90,60,1,1,1,1
2583,0,456,337,60,45,1,1,1,1
2583,0,654,337,280,65,1,1,1,1
2583,0,783,390,55,45,1,1,1,1
2584,0,-52,360,180,115,1,1,1,1
2584,0,248,345,90,60,1,1,1,1
2584,0,456,337,60,45,1,1,1,1
2584,0,654,337,280,65,1,1,1,1
2584,0,783,390,55,45,1,1,1,1
2585,0,-52,360,180,115,1,1,1,1
2585,0,248,345,90,60,1,1,1,1
2585,0,456,337,60,45,1,1,1,1
2585,0,654,337,280,65,1,1,1,1
2585,0,783,390,55,45,1,1,1,1
2586,0,-52,360,180,115,1,1,1,1
2586,0,248,345,90,60,1,1,1,1
2586,0,456,337,60,45,1,1,1,1
2586,0,654,337,280,65,1,1,1,1
2586,0,783,390,55,45,1,1,1,1
2587,0,-52,360,180,115,1,1,1,1
2587,0,248,345,90,60,1,1,1,1
2587,0,456,337,60,45,1,1,1,1
2587,0,654,337,280,65,1,1,1,1
2587,0,783,390,55,45,1,1,1,1
2588,0,-52,360,180,115,1,1,1,1
2588,0,248,345,90,60,1,1,1,1
2588,0,456,337,60,45,1,1,1,1
2588,0,654,337,280,65,1,1,1,1
2588,0,783,390,55,45,1,1,1,1
2589,0,-52,360,180,115,1,1,1,1
2589,0,248,345,90,60,1,1,1,1
2589,0,456,337,60,45,1,1,1,1
2589,0,654,337,280,65,1,1,1,1
2589,0,783,390,55,45,1,1,1,1
2590,0,-52,360,180,115,1,1,1,1
2590,0,248,345,90,60,1,1,1,1
2590,0,456,337,60,45,1,1,1,1
2590,0,654,337,280,65,1,1,1,1
2590,0,783,390,55,45,1,1,1,1
2591,0,-52,360,180,115,1,1,1,1
2591,0,248,345,90,60,1,1,1,1
2591,0,456,337,60,45,1,1,1,1
2591,0,654,337,280,65,1,1,1,1
2591,0,783,390,55,45,1,1,1,1
2592,0,-52,360,180,115,1,1,1,1
2592,0,248,345,90,60,1,1,1,1
2592,0,456,337,60,45,1,1,1,1
2592,0,654,337,280,65,1,1,1,1
2592,0,783,390,55,45,1,1,1,1
2593,0,-52,360,180,115,1,1,1,1
2593,0,248,345,90,60,1,1,1,1
2593,0,456,337,60,45,1,1,1,1
2593,0,654,337,280,65,1,1,1,1
2593,0,782,390,55,45,1,1,1,1
2594,0,-52,360,180,115,1,1,1,1
2594,0,248,345,90,60,1,1,1,1
2594,0,456,337,60,45,1,1,1,1
2594,0,654,337,280,65,1,1,1,1
2594,0,782,390,55,45,1,1,1,1
2595,0,-52,360,180,115,1,1,1,1
2595,0,248,345,90,60,1,1,1,1
2595,0,456,337,60,45,1,1,1,1
2595,0,654,337,280,65,1,1,1,1
2595,0,782,390,55,45,1,1,1,1
2596,0,-52,360,180,115,1,1,1,1
2596,0,248,345,90,60,1,1,1,1
2596,0,456,337,60,45,1,1,1,1
2596,0,654,337,280,65,1,1,1,1
2596,0,782,390,55,45,1,1,1,1
2597,0,-53,360,180,115,1,1,1,1
2597,0,248,345,90,60,1,1,1,1
2597,0,456,337,60,45,1,1,1,1
2597,0,654,337,280,65,1,1,1,1
2597,0,782,390,55,45,1,1,1,1
2598,0,-53,360,180,115,1,1,1,1
2598,0,248,345,90,60,1,1,1,1
2598,0,456,337,60,45,1,1,1,1
2598,0,654,337,280,65,1,1,1,1
2598,0,782,390,55,45,1,1,1,1
2599,0,-53,360,180,115,1,1,1,1
2599,0,248,345,90,60,1,1,1,1
2599,0,456,337,60,45,1,1,1,1
2599,0,654,337,280,65,1,1,1,1
2599,0,782,390,55,45,1,1,1,1
2600,0,-53,360,180,115,1,1,1,1
2600,0,248,345,90,60,1,1,1,1
2600,0,456,337,60,45,1,1,1,1
2600,0,654,337,280,65,1,1,1,1
2600,0,782,390,55,45,1,1,1,1
2601,0,-53,360,180,115,1,1,1,1
2601,0,248,345,90,60,1,1,1,1
2601,0,456,337,60,45,1,1,1,1
2601,0,654,337,280,65,1,1,1,1
2601,0,782,390,55,45,1,1,1,1
2602,0,-53,360,180,115,1,1,1,1
2602,0,248,345,90,60,1,1,1,1
2602,0,456,337,60,45,1,1,1,1
2602,0,654,337,280,65,1,1,1,1
2602,0,782,390,55,45,1,1,1,1
2603,0,-53,360,180,115,1,1,1,1
2603,0,248,345,90,60,1,1,1,1
2603,0,456,337,60,45,1,1,1,1
2603,0,653,337,280,65,1,1,1,1
2603,0,782,390,55,45,1,1,1,1
2604,0,-53,360,180,115,1,1,1,1
2604,0,248,345,90,60,1,1,1,1
2604,0,456,337,60,45,1,1,1,1
2604,0,653,337,280,65,1,1,1,1
2604,0,782,390,55,45,1,1,1,1
2605,0,-53,360,180,115,1,1,1,1
2605,0,248,345,90,60,1,1,1,1
2605,0,456,337,60,45,1,1,1,1
2605,0,653,337,280,65,1,1,1,1
2605,0,782,390,55,45,1,1,1,1
2606,0,-53,360,180,115,1,1,1,1
2606,0,248,345,90,60,1,1,1,1
2606,0,456,337,60,45,1,1,1,1
2606,0,653,337,280,65,1,1,1,1
2606,0,782,390,55,45,1,1,1,1
2607,0,-53,360,180,115,1,1,1,1
2607,0,248,345,90,60,1,1,1,1
2607,0,456,337,60,45,1,1,1,1
2607,0,653,337,280,65,1,1,1,1
2607,0,782,390,55,45,1,1,1,1
2608,0,-53,360,180,115,1,1,1,1
2608,0,248,345,90,60,1,1,1,1
2608,0,456,337,60,45,1,1,1,1
2608,0,653,337,280,65,1,1,1,1
2608,0,782,390,55,45,1,1,1,1
2609,0,-53,360,180,115,1,1,1,1
2609,0,248,345,90,60,1,1,1,1
2609,0,456,337,60,45,1,1,1,1
2609,0,653,337,280,65,1,1,1,1
2609,0,782,390,55,45,1,1,1,1
2610,0,-53,360,180,115,1,1,1,1
2610,0,248,345,90,60,1,1,1,1
2610,0,456,337,60,45,1,1,1,1
2610,0,653,337,280,65,1,1,1,1
2610,0,782,390,55,45,1,1,1,1
2611,0,-53,360,180,115,1,1,1,1
2611,0,248,345,90,60,1,1,1,1
2611,0,456,337,60,45,1,1,1,1
2611,0,653,337,280,65,1,1,1,1
2611,0,782,390,55,45,1,1,1,1
2612,0,-54,361,180,115,1,1,1,1
2612,0,248,345,90,60,1,1,1,1
2612,0,456,337,60,45,1,1,1,1
2612,0,653,337,280,65,1,1,1,1
2612,0,782,391,55,45,1,1,1,1
2613,0,-54,361,180,115,1,1,1,1
2613,0,247,345,90,60,1,1,1,1
2613,0,456,337,60,45,1,1,1,1
2613,0,653,337,280,65,1,1,1,1
2613,0,781,391,55,45,1,1,1,1
2614,0,-54,361,180,115,1,1,1,1
2614,0,247,345,90,60,1,1,1,1
2614,0,456,337,60,45,1,1,1,1
2614,0,653,337,280,65,1,1,1,1
2614,0,781,391,55,45,1,1,1,1
2615,0,-54,361,180,115,1,1,1,1
2615,0,247,345,90,60,1,1,1,1
2615,0,456,337,60,45,1,1,1,1
2615,0,653,337,280,65,1,1,1,1
2615,0,781,391,55,45,1,1,1,1
2616,0,-54,361,180,115,1,1,1,1
2616,0,247,345,90,60,1,1,1,1
2616,0,456,337,60,45,1,1,1,1
2616,0,653,337,280,65,1,1,1,1
2616,0,781,391,55,45,1,1,1,1
2617,0,-54,361,180,115,1,1,1,1
2617,0,247,345,90,60,1,1,1,1
2617,0,456,337,60,45,1,1,1,1
2617,0,653,337,280,65,1,1,1,1
2617,0,781,391,55,45,1,1,1,1
2618,0,-54,361,180,115,1,1,1,1
2618,0,247,345,90,60,1,1,1,1
2618,0,456,337,60,45,1,1,1,1
2618,0,653,337,280,65,1,1,1,1
2618,0,781,391,55,45,1,1,1,1
2619,0,-54,361,180,115,1,1,1,1
2619,0,247,345,90,60,1,1,1,1
2619,0,456,337,60,45,1,1,1,1
2619,0,653,337,280,65,1,1,1,1
2619,0,781,391,55,45,1,1,1,1
2620,0,-54,361,180,115,1,1,1,1
2620,0,247,345,90,60,1,1,1,1
2620,0,456,337,60,45,1,1,1,1
2620,0,653,337,280,65,1,1,1,1
2620,0,781,391,55,45,1,1,1,1
2621,0,-54,361,180,115,1,1,1,1
2621,0,247,345,90,60,1,1,1,1
2621,0,456,337,60,45,1,1,1,1
2621,0,653,337,280,65,1,1,1,1
2621,0,781,391,55,45,1,1,1,1
2622,0,-54,361,180,115,1,1,1,1
2622,0,247,345,90,60,1,1,1,1
2622,0,456,337,60,45,1,1,1,1
2622,0,653,337,280,65,1,1,1,1
2622,0,781,391,55,45,1,1,1,1
2623,0,-54,361,180,115,1,1,1,1
2623,0,247,345,90,60,1,1,1,1
2623,0,456,337,60,45,1,1,1,1
2623,0,653,337,280,65,1,1,1,1
2623,0,781,391,55,45,1,1,1,1
2624,0,-54,361,180,115,1,1,1,1
2624,0,247,345,90,60,1,1,1,1
2624,0,456,337,60,45,1,1,1,1
2624,0,653,337,280,65,1,1,1,1
2624,0,781,391,55,45,1,1,1,1
2625,0,-54,361,180,115,1,1,1,1
2625,0,247,345,90,60,1,1,1,1
2625,0,456,337,60,45,1,1,1,1
2625,0,653,337,280,65,1,1,1,1
2625,0,781,391,55,45,1,1,1,1
2626,0,-54,361,180,115,1,1,1,1
2626,0,247,345,90,60,1,1,1,1
2626,0,456,337,60,45,1,1,1,1
2626,0,653,337,280,65,1,1,1,1
2626,0,781,391,55,45,1,1,1,1
2627,0,-55,361,180,115,1,1,1,1
2627,0,247,345,90,60,1,1,1,1
2627,0,456,337,60,45,1,1,1,1
2627,0,653,337,280,65,1,1,1,1
2627,0,781,391,55,45,1,1,1,1
2628,0,-55,361,180,115,1,1,1,1
2628,0,247,345,90,60,1,1,1,1
2628,0,456,337,60,45,1,1,1,1
2628,0,653,337,280,65,1,1,1,1
2628,0,781,391,55,45,1,1,1,1
2629,0,-55,361,180,115,1,1,1,1
2629,0,247,345,90,60,1,1,1,1
2629,0,456,337,60,45,1,1,1,1
2629,0,653,337,280,65,1,1,1,1
2629,0,781,391,55,45,1,1,1,1
2630,0,-55,361,180,115,1,1,1,1
2630,0,247,345,90,60,1,1,1,1
2630,0,456,337,60,45,1,1,1,1
2630,0,653,337,280,65,1,1,1,1
2630,0,781,391,55,45,1,1,1,1
2631,0,-55,361,180,115,1,1,1,1
2631,0,247,345,90,60,1,1,1,1
2631,0,456,337,60,45,1,1,1,1
2631,0,653,337,280,65,1,1,1,1
2631,0,781,391,55,45,1,1,1,1
2632,0,-55,361,180,115,1,1,1,1
2632,0,247,345,90,60,1,1,1,1
2632,0,456,337,60,45,1,1,1,1
2632,0,653,337,280,65,1,1,1,1
2632,0,781,391,55,45,1,1,1,1
2633,0,-55,361,180,115,1,1,1,1
2633,0,247,345,90,60,1,1,1,1
2633,0,456,337,60,45,1,1,1,1
2633,0,653,337,280,65,1,1,1,1
2633,0,780,391,55,45,1,1,1,1
2634,0,-55,361,180,115,1,1,1,1
2634,0,247,345,90,60,1,1,1,1
2634,0,456,337,60,45,1,1,1,1
2634,0,653,337,280,65,1,1,1,1
2634,0,780,391,55,45,1,1,1,1
2635,0,-55,361,180,115,1,1,1,1
2635,0,247,345,90,60,1,1,1,1
2635,0,456,337,60,45,1,1,1,1
2635,0,653,337,280,65,1,1,1,1
2635,0,780,391,55,45,1,1,1,1
2636,0,-55,361,180,115,1,1,1,1
2636,0,247,345,90,60,1,1,1,1
2636,0,456,337,60,45,1,1,1,1
2636,0,653,337,280,65,1,1,1,1
2636,0,780,391,55,45,1,1,1,1
2637,0,-55,361,180,115,1,1,1,1
2637,0,247,345,90,60,1,1,1,1
2637,0,456,337,60,45,1,1,1,1
2637,0,653,337,280,65,1,1,1,1
2637,0,780,391,55,45,1,1,1,1
2638,0,-55,361,180,115,1,1,1,1
2638,0,247,345,90,60,1,1,1,1
2638,0,456,337,60,45,1,1,1,1
2638,0,653,337,280,65,1,1,1,1
2638,0,780,391,55,45,1,1,1,1
2639,0,-55,361,180,115,1,1,1,1
2639,0,247,345,90,60,1,1,1,1
2639,0,456,337,60,45,1,1,1,1
2639,0,653,337,280,65,1,1,1,1
2639,0,780,391,55,45,1,1,1,1
2640,0,-55,361,180,115,1,1,1,1
2640,0,247,345,90,60,1,1,1,1
2640,0,456,337,60,45,1,1,1,1
2640,0,653,337,280,65,1,1,1,1
2640,0,780,391,55,45,1,1,1,1
2641,0,-55,361,180,115,1,1,1,1
2641,0,247,345,90,60,1,1,1,1
2641,0,456,337,60,45,1,1,1,1
2641,0,653,337,280,65,1,1,1,1
2641,0,780,391,55,45,1,1,1,1
2642,0,-56,361,180,115,1,1,1,1
2642,0,247,345,90,60,1,1,1,1
2642,0,456,337,60,45,1,1,1,1
2642,0,653,337,280,65,1,1,1,1
2642,0,780,391,55,45,1,1,1,1
2643,0,-56,361,180,115,1,1,1,1
2643,0,246,345,90,60,1,1,1,1
2643,0,455,337,60,45,1,1,1,1
2643,0,653,337,280,65,1,1,1,1
2643,0,780,391,55,45,1,1,1,1
2644,0,-56,361,180,115,1,1,1,1
2644,0,246,345,90,60,1,1,1,1
2644,0,455,337,60,45,1,1,1,1
2644,0,653,337,280,65,1,1,1,1
2644,0,780,391,55,45,1,1,1,1
2645,0,-56,361,180,115,1,1,1,1
2645,0,246,345,90,60,1,1,1,1
2645,0,455,337,60,45,1,1,1,1
2645,0,653,337,280,65,1,1,1,1
2645,0,780,391,55,45,1,1,1,1
2646,0,-56,361,180,115,1,1,1,1
2646,0,246,345,90,60,1,1,1,1
2646,0,455,337,60,45,1,1,1,1
2646,0,653,337,280,65,1,1,1,1
2646,0,780,391,55,45,1,1,1,1
2647,0,-56,361,180,115,1,1,1,1
2647,0,246,345,90,60,1,1,1,1
2647,0,455,337,60,45,1,1,1,1
2647,0,653,337,280,65,1,1,1,1
2647,0,780,391,55,45,1,1,1,1
2648,0,-56,361,180,115,1,1,1,1
2648,0,246,345,90,60,1,1,1,1
2648,0,455,337,60,45,1,1,1,1
2648,0,653,337,280,65,1,1,1,1
2648,0,780,391,55,45,1,1,1,1
2649,0,-56,361,180,115,1,1,1,1
2649,0,246,345,90,60,1,1,1,1
2649,0,455,337,60,45,1,1,1,1
2649,0,653,337,280,65,1,1,1,1
2649,0,780,391,55,45,1,1,1,1
2650,0,-56,361,180,115,1,1,1,1
2650,0,246,345,90,60,1,1,1,1
2650,0,455,337,60,45,1,1,1,1
2650,0,653,337,280,65,1,1,1,1
2650,0,780,391,55,45,1,1,1,1
2651,0,-56,361,180,115,1,1,1,1
2651,0,246,345,90,60,1,1,1,1
2651,0,455,337,60,45,1,1,1,1
2651,0,653,337,280,65,1,1,1,1
2651,0,780,391,55,45,1,1,1,1
2652,0,-56,361,180,115,1,1,1,1
2652,0,246,345,90,60,1,1,1,1
2652,0,455,337,60,45,1,1,1,1
2652,0,653,337,280,65,1,1,1,1
2652,0,780,391,55,45,1,1,1,1
2653,0,-56,361,180,115,1,1,1,1
2653,0,246,345,90,60,1,1,1,1
2653,0,455,337,60,45,1,1,1,1
2653,0,653,337,280,65,1,1,1,1
2653,0,779,391,55,45,1,1,1,1
2654,0,-56,361,180,115,1,1,1,1
2654,0,246,345,90,60,1,1,1,1
2654,0,455,337,60,45,1,1,1,1
2654,0,653,337,280,65,1,1,1,1
2654,0,779,391,55,45,1,1,1,1
2655,0,-56,361,180,115,1,1,1,1
2655,0,246,345,90,60,1,1,1,1
2655,0,455,337,60,45,1,1,1,1
2655,0,653,337,280,65,1,1,1,1
2655,0,779,391,55,45,1,1,1,1
2656,0,-56,361,180,115,1,1,1,1
2656,0,246,345,90,60,1,1,1,1
2656,0,455,337,60,45,1,1,1,1
2656,0,653,337,280,65,1,1,1,1
2656,0,779,391,55,45,1,1,1,1
2657,0,-57,361,180,115,1,1,1,1
2657,0,246,345,90,60,1,1,1,1
2657,0,455,337,60,45,1,1,1,1
2657,0,653,337,280,65,1,1,1,1
2657,0,779,391,55,45,1,1,1,1
2658,0,-57,361,180,115,1,1,1,1
2658,0,246,345,90,60,1,1,1,1
2658,0,455,337,60,45,1,1,1,1
2658,0,653,337,280,65,1,1,1,1
2658,0,779,391,55,45,1,1,1,1
2659,0,-57,361,180,115,1,1,1,1
2659,0,246,345,90,60,1,1,1,1
2659,0,455,337,60,45,1,1,1,1
2659,0,653,337,280,65,1,1,1,1
2659,0,779,391,55,45,1,1,1,1
2660,0,-57,361,180,115,1,1,1,1
2660,0,246,345,90,60,1,1,1,1
2660,0,455,337,60,45,1,1,1,1
2660,0,653,337,280,65,1,1,1,1
2660,0,779,391,55,45,1,1,1,1
2661,0,-57,361,180,115,1,1,1,1
2661,0,246,345,90,60,1,1,1,1
2661,0,455,337,60,45,1,1,1,1
2661,0,653,337,280,65,1,1,1,1
2661,0,779,391,55,45,1,1,1,1
2662,0,-57,361,180,115,1,1,1,1
2662,0,246,345,90,60,1,1,1,1
2662,0,455,337,60,45,1,1,1,1
2662,0,653,337,280,65,1,1,1,1
2662,0,779,391,55,45,1,1,1,1
2663,0,-57,361,180,115,1,1,1,1
2663,0,246,345,90,60,1,1,1,1
2663,0,455,337,60,45,1,1,1,1
2663,0,653,337,280,65,1,1,1,1
2663,0,779,391,55,45,1,1,1,1
2664,0,-57,361,180,115,1,1,1,1
2664,0,246,345,90,60,1,1,1,1
2664,0,455,337,60,45,1,1,1,1
2664,0,653,337,280,65,1,1,1,1
2664,0,779,391,55,45,1,1,1,1
2665,0,-57,361,180,115,1,1,1,1
2665,0,246,345,90,60,1,1,1,1
2665,0,455,337,60,45,1,1,1,1
2665,0,653,337,280,65,1,1,1,1
2665,0,779,391,55,45,1,1,1,1
2666,0,-57,361,180,115,1,1,1,1
2666,0,246,345,90,60,1,1,1,1
2666,0,455,337,60,45,1,1,1,1
2666,0,653,337,280,65,1,1,1,1
2666,0,779,391,55,45,1,1,1,1
2667,0,-57,361,180,115,1,1,1,1
2667,0,246,345,90,60,1,1,1,1
2667,0,455,337,60,45,1,1,1,1
2667,0,653,337,280,65,1,1,1,1
2667,0,779,391,55,45,1,1,1,1
2668,0,-57,361,180,115,1,1,1,1
2668,0,246,345,90,60,1,1,1,1
2668,0,455,337,60,45,1,1,1,1
2668,0,653,337,280,65,1,1,1,1
2668,0,779,391,55,45,1,1,1,1
2669,0,-57,361,180,115,1,1,1,1
2669,0,246,345,90,60,1,1,1,1
2669,0,455,337,60,45,1,1,1,1
2669,0,653,337,280,65,1,1,1,1
2669,0,779,391,55,45,1,1,1,1
2670,0,-57,361,180,115,1,1,1,1
2670,0,246,345,90,60,1,1,1,1
2670,0,455,337,60,45,1,1,1,1
2670,0,653,337,280,65,1,1,1,1
2670,0,779,391,55,45,1,1,1,1
2671,0,-57,361,180,115,1,1,1,1
2671,0,246,345,90,60,1,1,1,1
2671,0,455,337,60,45,1,1,1,1
2671,0,653,337,280,65,1,1,1,1
2671,0,779,391,55,45,1,1,1,1
2672,0,-58,362,180,115,1,1,1,1
2672,0,246,345,90,60,1,1,1,1
2672,0,455,337,60,45,1,1,1,1
2672,0,653,337,280,65,1,1,1,1
2672,0,779,392,55,45,1,1,1,1
2673,0,-58,362,180,115,1,1,1,1
2673,0,245,345,90,60,1,1,1,1
2673,0,455,337,60,45,1,1,1,1
2673,0,653,337,280,65,1,1,1,1
2673,0,778,392,55,45,1,1,1,1
2674,0,-58,362,180,115,1,1,1,1
2674,0,245,345,90,60,1,1,1,1
2674,0,455,337,60,45,1,1,1,1
2674,0,653,337,280,65,1,1,1,1
2674,0,778,392,55,45,1,1,1,1
2675,0,-58,362,180,115,1,1,1,1
2675,0,245,345,90,60,1,1,1,1
2675,0,455,337,60,45,1,1,1,1
2675,0,653,337,280,65,1,1,1,1
2675,0,778,392,55,45,1,1,1,1
2676,0,-58,362,180,115,1,1,1,1
2676,0,245,345,90,60,1,1,1,1
2676,0,455,337,60,45,1,1,1,1
2676,0,653,337,280,65,1,1,1,1
2676,0,778,392,55,45,1,1,1,1
2677,0,-58,362,180,115,1,1,1,1
2677,0,245,345,90,60,1,1,1,1
2677,0,455,337,60,45,1,1,1,1
2677,0,653,337,280,65,1,1,1,1
2677,0,778,392,55,45,1,1,1,1
2678,0,-58,362,180,115,1,1,1,1
2678,0,245,345,90,60,1,1,1,1
2678,0,455,337,60,45,1,1,1,1
2678,0,653,337,280,65,1,1,1,1
2678,0,778,392,55,45,1,1,1,1
2679,0,-58,362,180,115,1,1,1,1
2679,0,245,345,90,60,1,1,1,1
2679,0,455,337,60,45,1,1,1,1
2679,0,653,337,280,65,1,1,1,1
2679,0,778,392,55,45,1,1,1,1
2680,0,-58,362,180,115,1,1,1,1
2680,0,245,345,90,60,1,1,1,1
2680,0,455,337,60,45,1,1,1,1
2680,0,653,337,280,65,1,1,1,1
2680,0,778,392,55,45,1,1,1,1
2681,0,-58,362,180,115,1,1,1,1
2681,0,245,345,90,60,1,1,1,1
2681,0,455,337,60,45,1,1,1,1
2681,0,653,337,280,65,1,1,1,1
2681,0,778,392,55,45,1,1,1,1
2682,0,-58,362,180,115,1,1,1,1
2682,0,245,345,90,60,1,1,1,1
2682,0,455,337,60,45,1,1,1,1
2682,0,653,337,280,65,1,1,1,1
2682,0,778,392,55,45,1,1,1,1
2683,0,-58,362,180,115,1,1,1,1
2683,0,245,345,90,60,1,1,1,1
2683,0,455,337,60,45,1,1,1,1
2683,0,653,337,280,65,1,1,1,1
2683,0,778,392,55,45,1,1,1,1
2684,0,-58,362,180,115,1,1,1,1
2684,0,245,345,90,60,1,1,1,1
2684,0,455,337,60,45,1,1,1,1
2684,0,653,337,280,65,1,1,1,1
2684,0,778,392,55,45,1,1,1,1
2685,0,-58,362,180,115,1,1,1,1
2685,0,245,345,90,60,1,1,1,1
2685,0,455,337,60,45,1,1,1,1
2685,0,653,337,280,65,1,1,1,1
2685,0,778,392,55,45,1,1,1,1
2686,0,-58,362,180,115,1,1,1,1
2686,0,245,345,90,60,1,1,1,1
2686,0,455,337,60,45,1,1,1,1
2686,0,653,337,280,65,1,1,1,1
2686,0,778,392,55,45,1,1,1,1
2687,0,-59,362,180,115,1,1,1,1
2687,0,245,345,90,60,1,1,1,1
2687,0,455,337,60,45,1,1,1,1
2687,0,653,337,280,65,1,1,1,1
2687,0,778,392,55,45,1,1,1,1
2688,0,-59,362,180,115,1,1,1,1
2688,0,245,345,90,60,1,1,1,1
2688,0,455,337,60,45,1,1,1,1
2688,0,653,337,280,65,1,1,1,1
2688,0,778,392,55,45,1,1,1,1
2689,0,-59,362,180,115,1,1,1,1
2689,0,245,345,90,60,1,1,1,1
2689,0,455,337,60,45,1,1,1,1
2689,0,653,337,280,65,1,1,1,1
2689,0,778,392,55,45,1,1,1,1
2690,0,-59,362,180,115,1,1,1,1
2690,0,245,345,90,60,1,1,1,1
2690,0,455,337,60,45,1,1,1,1
2690,0,653,337,280,65,1,1,1,1
2690,0,778,392,55,45,1,1,1,1
2691,0,-59,362,180,115,1,1,1,1
2691,0,245,345,90,60,1,1,1,1
2691,0,455,337,60,45,1,1,1,1
2691,0,653,337,280,65,1,1,1,1
2691,0,778,392,55,45,1,1,1,1
2692,0,-59,362,180,115,1,1,1,1
2692,0,245,345,90,60,1,1,1,1
2692,0,455,337,60,45,1,1,1,1
2692,0,653,337,280,65,1,1,1,1
2692,0,778,392,55,45,1,1,1,1
2693,0,-59,362,180,115,1,1,1,1
2693,0,245,345,90,60,1,1,1,1
2693,0,455,337,60,45,1,1,1,1
2693,0,653,337,280,65,1,1,1,1
2693,0,777,392,55,45,1,1,1,1
2694,0,-59,362,180,115,1,1,1,1
2694,0,245,345,90,60,1,1,1,1
2694,0,455,337,60,45,1,1,1,1
2694,0,653,337,280,65,1,1,1,1
2694,0,777,392,55,45,1,1,1,1
2695,0,-59,362,180,115,1,1,1,1
2695,0,245,345,90,60,1,1,1,1
2695,0,455,337,60,45,1,1,1,1
2695,0,653,337,280,65,1,1,1,1
2695,0,777,392,55,45,1,1,1,1
2696,0,-59,362,180,115,1,1,1,1
2696,0,245,345,90,60,1,1,1,1
2696,0,455,337,60,45,1,1,1,1
2696,0,653,337,280,65,1,1,1,1
2696,0,777,392,55,45,1,1,1,1
2697,0,-59,362,180,115,1,1,1,1
2697,0,245,345,90,60,1,1,1,1
2697,0,455,337,60,45,1,1,1,1
2697,0,653,337,280,65,1,1,1,1
2697,0,777,392,55,45,1,1,1,1
2698,0,-59,362,180,115,1,1,1,1
2698,0,245,345,90,60,1,1,1,1
2698,0,455,337,60,45,1,1,1,1
2698,0,653,337,280,65,1,1,1,1
2698,0,777,392,55,45,1,1,1,1
2699,0,-59,362,180,115,1,1,1,1
2699,0,245,345,90,60,1,1,1,1
2699,0,455,337,60,45,1,1,1,1
2699,0,653,337,280,65,1,1,1,1
2699,0,777,392,55,45,1,1,1,1
2700,0,-59,362,180,115,1,1,1,1
2700,0,245,345,90,60,1,1,1,1
2700,0,455,337,60,45,1,1,1,1
2700,0,653,337,280,65,1,1,1,1
2700,0,777,392,55,45,1,1,1,1
2701,0,-59,362,180,115,1,1,1,1
2701,0,245,345,90,60,1,1,1,1
2701,0,455,337,60,45,1,1,1,1
2701,0,653,337,280,65,1,1,1,1
2701,0,777,392,55,45,1,1,1,1
2702,0,-60,362,180,115,1,1,1,1
2702,0,245,345,90,60,1,1,1,1
2702,0,455,337,60,45,1,1,1,1
2702,0,653,337,280,65,1,1,1,1
2702,0,777,392,55,45,1,1,1,1
2703,0,-60,362,180,115,1,1,1,1
2703,0,244,345,90,60,1,1,1,1
2703,0,454,337,60,45,1,1,1,1
2703,0,652,337,280,65,1,1,1,1
2703,0,777,392,55,45,1,1,1,1
2704,0,-60,362,180,115,1,1,1,1
2704,0,244,345,90,60,1,1,1,1
2704,0,454,337,60,45,1,1,1,1
2704,0,652,337,280,65,1,1,1,1
2704,0,777,392,55,45,1,1,1,1
2705,0,-60,362,180,115,1,1,1,1
2705,0,244,345,90,60,1,1,1,1
2705,0,454,337,60,45,1,1,1,1
2705,0,652,337,280,65,1,1,1,1
2705,0,777,392,55,45,1,1,1,1
2706,0,-60,362,180,115,1,1,1,1
2706,0,244,345,90,60,1,1,1,1
2706,0,454,337,60,45,1,1,1,1
2706,0,652,337,280,65,1,1,1,1
2706,0,777,392,55,45,1,1,1,1
2707,0,-60,362,180,115,1,1,1,1
2707,0,244,345,90,60,1,1,1,1
2707,0,454,337,60,45,1,1,1,1
2707,0,652,337,280,65,1,1,1,1
2707,0,777,392,55,45,1,1,1,1
2708,0,-60,362,180,115,1,1,1,1
2708,0,244,345,90,60,1,1,1,1
2708,0,454,337,60,45,1,1,1,1
2708,0,652,337,280,65,1,1,1,1
2708,0,777,392,55,45,1,1,1,1
2709,0,-60,362,180,115,1,1,1,1
2709,0,244,345,90,60,1,1,1,1
2709,0,454,337,60,45,1,1,1,1
2709,0,652,337,280,65,1,1,1,1
2709,0,777,392,55,45,1,1,1,1
2710,0,-60,362,180,115,1,1,1,1
2710,0,244,345,90,60,1,1,1,1
2710,0,454,337,60,45,1,1,1,1
2710,0,652,337,280,65,1,1,1,1
2710,0,777,392,55,45,1,1,1,1
2711,0,-60,362,180,115,1,1,1,1
2711,0,244,345,90,60,1,1,1,1
2711,0,454,337,60,45,1,1,1,1
2711,0,652,337,280,65,1,1,1,1
2711,0,777,392,55,45,1,1,1,1
2712,0,-60,362,180,115,1,1,1,1
2712,0,244,345,90,60,1,1,1,1
2712,0,454,337,60,45,1,1,1,1
2712,0,652,337,280,65,1,1,1,1
2712,0,777,392,55,45,1,1,1,1
2713,0,-60,362,180,115,1,1,1,1
2713,0,244,345,90,60,1,1,1,1
2713,0,454,337,60,45,1,1,1,1
2713,0,652,337,280,65,1,1,1,1
2713,0,776,392,55,45,1,1,1,1
2714,0,-60,362,180,115,1,1,1,1
2714,0,244,345,90,60,1,1,1,1
2714,0,454,337,60,45,1,1,1,1
2714,0,652,337,280,65,1,1,1,1
2714,0,776,392,55,45,1,1,1,1
2715,0,-60,362,180,115,1,1,1,1
2715,0,244,345,90,60,1,1,1,1
2715,0,454,337,60,45,1,1,1,1
2715,0,652,337,280,65,1,1,1,1
2715,0,776,392,55,45,1,1,1,1
2716,0,-60,362,180,115,1,1,1,1
2716,0,244,345,90,60,1,1,1,1
2716,0,454,337,60,45,1,1,1,1
2716,0,652,337,280,65,1,1,1,1
2716,0,776,392,55,45,1,1,1,1
2717,0,-61,362,180,115,1,1,1,1
2717,0,244,345,90,60,1,1,1,1
2717,0,454,337,60,45,1,1,1,1
2717,0,652,337,280,65,1,1,1,1
2717,0,776,392,55,45,1,1,1,1
2718,0,-61,362,180,115,1,1,1,1
2718,0,244,345,90,60,1,1,1,1
2718,0,454,337,60,45,1,1,1,1
2718,0,652,337,280,65,1,1,1,1
2718,0,776,392,55,45,1,1,1,1
2719,0,-61,362,180,115,1,1,1,1
2719,0,244,345,90,60,1,1,1,1
2719,0,454,337,60,45,1,1,1,1
2719,0,652,337,280,65,1,1,1,1
2719,0,776,392,55,45,1,1,1,1
2720,0,-61,362,180,115,1,1,1,1
2720,0,244,345,90,60,1,1,1,1
2720,0,454,337,60,45,1,1,1,1
2720,0,652,337,280,65,1,1,1,1
2720,0,776,392,55,45,1,1,1,1
2721,0,-61,362,180,115,1,1,1,1
2721,0,244,345,90,60,1,1,1,1
2721,0,454,337,60,45,1,1,1,1
2721,0,652,337,280,65,1,1,1,1
2721,0,776,392,55,45,1,1,1,1
2722,0,-61,362,180,115,1,1,1,1
2722,0,244,345,90,60,1,1,1,1
2722,0,454,337,60,45,1,1,1,1
2722,0,652,337,280,65,1,1,1,1
2722,0,776,392,55,45,1,1,1,1
2723,0,-61,362,180,115,1,1,1,1
2723,0,244,345,90,60,1,1,1,1
2723,0,454,337,60,45,1,1,1,1
2723,0,652,337,280,65,1,1,1,1
2723,0,776,392,55,45,1,1,1,1
2724,0,-61,362,180,115,1,1,1,1
2724,0,244,345,90,60,1,1,1,1
2724,0,454,337,60,45,1,1,1,1
2724,0,652,337,280,65,1,1,1,1
2724,0,776,392,55,45,1,1,1,1
2725,0,-61,362,180,115,1,1,1,1
2725,0,244,345,90,60,1,1,1,1
2725,0,454,337,60,45,1,1,1,1
2725,0,652,337,280,65,1,1,1,1
2725,0,776,392,55,45,1,1,1,1
2726,0,-61,362,180,115,1,1,1,1
2726,0,244,345,90,60,1,1,1,1
2726,0,454,337,60,45,1,1,1,1
2726,0,652,337,280,65,1,1,1,1
2726,0,776,392,55,45,1,1,1,1
2727,0,-61,362,180,115,1,1,1,1
2727,0,244,345,90,60,1,1,1,1
2727,0,454,337,60,45,1,1,1,1
2727,0,652,337,280,65,1,1,1,1
2727,0,776,392,55,45,1,1,1,1
2728,0,-61,362,180,115,1,1,1,1
2728,0,244,345,90,60,1,1,1,1
2728,0,454,337,60,45,1,1,1,1
2728,0,652,337,280,65,1,1,1,1
2728,0,776,392,55,45,1,1,1,1
2729,0,-61,362,180,115,1,1,1,1
2729,0,244,345,90,60,1,1,1,1
2729,0,454,337,60,45,1,1,1,1
2729,0,652,337,280,65,1,1,1,1
2729,0,776,392,55,45,1,1,1,1
2730,0,-61,362,180,115,1,1,1,1
2730,0,244,345,90,60,1,1,1,1
2730,0,454,337,60,45,1,1,1,1
2730,0,652,337,280,65,1,1,1,1
2730,0,776,392,55,45,1,1,1,1
2731,0,-61,362,180,115,1,1,1,1
2731,0,244,345,90,60,1,1,1,1
2731,0,454,337,60,45,1,1,1,1
2731,0,652,337,280,65,1,1,1,1
2731,0,776,392,55,45,1,1,1,1
2732,0,-62,363,180,115,1,1,1,1
2732,0,244,345,90,60,1,1,1,1
2732,0,454,337,60,45,1,1,1,1
2732,0,652,337,280,65,1,1,1,1
2732,0,776,393,55,45,1,1,1,1
2733,0,-62,363,180,115,1,1,1,1
2733,0,243,345,90,60,1,1,1,1
2733,0,454,337,60,45,1,1,1,1
2733,0,652,337,280,65,1,1,1,1
2733,0,775,393,55,45,1,1,1,1
2734,0,-62,363,180,115,1,1,1,1
2734,0,243,345,90,60,1,1,1,1
2734,0,454,337,60,45,1,1,1,1
2734,0,652,337,280,65,1,1,1,1
2734,0,775,393,55,45,1,1,1,1
2735,0,-62,363,180,115,1,1,1,1
2735,0,243,345,90,60,1,1,1,1
2735,0,454,337,60,45,1,1,1,1
2735,0,652,337,280,65,1,1,1,1
2735,0,775,393,55,45,1,1,1,1
2736,0,-62,363,180,115,1,1,1,1
2736,0,243,345,90,60,1,1,1,1
2736,0,454,337,60,45,1,1,1,1
2736,0,652,337,280,65,1,1,1,1
2736,0,775,393,55,45,1,1,1,1
2737,0,-62,363,180,115,1,1,1,1
2737,0,243,345,90,60,1,1,1,1
2737,0,454,337,60,45,1,1,1,1
2737,0,652,337,280,65,1,1,1,1
2737,0,775,393,55,45,1,1,1,1
2738,0,-62,363,180,115,1,1,1,1
2738,0,243,345,90,60,1,1,1,1
2738,0,454,337,60,45,1,1,1,1
2738,0,652,337,280,65,1,1,1,1
2738,0,775,393,55,45,1,1,1,1
2739,0,-62,363,180,115,1,1,1,1
2739,0,243,345,90,60,1,1,1,1
2739,0,454,337,60,45,1,1,1,1
2739,0,652,337,280,65,1,1,1,1
2739,0,775,393,55,45,1,1,1,1
2740,0,-62,363,180,115,1,1,1,1
2740,0,243,345,90,60,1,1,1,1
2740,0,454,337,60,45,1,1,1,1
2740,0,652,337,280,65,1,1,1,1
2740,0,775,393,55,45,1,1,1,1
2741,0,-62,363,180,115,1,1,1,1
2741,0,243,345,90,60,1,1,1,1
2741,0,454,337,60,45,1,1,1,1
2741,0,652,337,280,65,1,1,1,1
2741,0,775,393,55,45,1,1,1,1
2742,0,-62,363,180,115,1,1,1,1
2742,0,243,345,90,60,1,1,1,1
2742,0,454,337,60,45,1,1,1,1
2742,0,652,337,280,65,1,1,1,1
2742,0,775,393,55,45,1,1,1,1
2743,0,-62,363,180,115,1,1,1,1
2743,0,243,345,90,60,1,1,1,1
2743,0,454,337,60,45,1,1,1,1
2743,0,652,337,280,65,1,1,1,1
2743,0,775,393,55,45,1,1,1,1
2744,0,-62,363,180,115,1,1,1,1
2744,0,243,345,90,60,1,1,1,1
2744,0,454,337,60,45,1,1,1,1
2744,0,652,337,280,65,1,1,1,1
2744,0,775,393,55,45,1,1,1,1
2745,0,-62,363,180,115,1,1,1,1
2745,0,243,345,90,60,1,1,1,1
2745,0,454,337,60,45,1,1,1,1
2745,0,652,337,280,65,1,1,1,1
2745,0,775,393,55,45,1,1,1,1
2746,0,-62,363,180,115,1,1,1,1
2746,0,243,345,90,60,1,1,1,1
2746,0,454,337,60,45,1,1,1,1
2746,0,652,337,280,65,1,1,1,1
2746,0,775,393,55,45,1,1,1,1
2747,0,-63,363,180,115,1,1,1,1
2747,0,243,345,90,60,1,1,1,1
2747,0,454,337,60,45,1,1,1,1
2747,0,652,337,280,65,1,1,1,1
2747,0,775,393,55,45,1,1,1,1
2748,0,-63,363,180,115,1,1,1,1
2748,0,243,345,90,60,1,1,1,1
2748,0,454,337,60,45,1,1,1,1
2748,0,652,337,280,65,1,1,1,1
2748,0,775,393,55,45,1,1,1,1
2749,0,-63,363,180,115,1,1,1,1
2749,0,243,345,90,60,1,1,1,1
2749,0,454,337,60,45,1,1,1,1
2749,0,652,337,280,65,1,1,1,1
2749,0,775,393,55,45,1,1,1,1
2750,0,-63,363,180,115,1,1,1,1
2750,0,243,345,90,60,1,1,1,1
2750,0,454,337,60,45,1,1,1,1
2750,0,652,337,280,65,1,1,1,1
2750,0,775,393,55,45,1,1,1,1
2751,0,-63,363,180,115,1,1,1,1
2751,0,243,345,90,60,1,1,1,1
2751,0,454,337,60,45,1,1,1,1
2751,0,652,337,280,65,1,1,1,1
2751,0,775,393,55,45,1,1,1,1
2752,0,-63,363,180,115,1,1,1,1
2752,0,243,345,90,60,1,1,1,1
2752,0,454,337,60,45,1,1,1,1
2752,0,652,337,280,65,1,1,1,1
2752,0,775,393,55,45,1,1,1,1
2753,0,-63,363,180,115,1,1,1,1
2753,0,243,345,90,60,1,1,1,1
2753,0,454,337,60,45,1,1,1,1
2753,0,652,337,280,65,1,1,1,1
2753,0,774,393,55,45,1,1,1,1
2754,0,-63,363,180,115,1,1,1,1
2754,0,243,345,90,60,1,1,1,1
2754,0,454,337,60,45,1,1,1,1
2754,0,652,337,280,65,1,1,1,1
2754,0,774,393,55,45,1,1,1,1
2755,0,-63,363,180,115,1,1,1,1
2755,0,243,345,90,60,1,1,1,1
2755,0,454,337,60,45,1,1,1,1
2755,0,652,337,280,65,1,1,1,1
2755,0,774,393,55,45,1,1,1,1
2756,0,-63,363,180,115,1,1,1,1
2756,0,243,345,90,60,1,1,1,1
2756,0,454,337,60,45,1,1,1,1
2756,0,652,337,280,65,1,1,1,1
2756,0,774,393,55,45,1,1,1,1
2757,0,-63,363,180,115,1,1,1,1
2757,0,243,345,90,60,1,1,1,1
2757,0,454,337,60,45,1,1,1,1
2757,0,652,337,280,65,1,1,1,1
2757,0,774,393,55,45,1,1,1,1
2758,0,-63,363,180,115,1,1,1,1
2758,0,243,345,90,60,1,1,1,1
2758,0,454,337,60,45,1,1,1,1
2758,0,652,337,280,65,1,1,1,1
2758,0,774,393,55,45,1,1,1,1
2759,0,-63,363,180,115,1,1,1,1
2759,0,243,345,90,60,1,1,1,1
2759,0,454,337,60,45,1,1,1,1
2759,0,652,337,280,65,1,1,1,1
2759,0,774,393,55,45,1,1,1,1
2760,0,-63,363,180,115,1,1,1,1
2760,0,243,345,90,60,1,1,1,1
2760,0,454,337,60,45,1,1,1,1
2760,0,652,337,280,65,1,1,1,1
2760,0,774,393,55,45,1,1,1,1
2761,0,-63,363,180,115,1,1,1,1
2761,0,243,345,90,60,1,1,1,1
2761,0,454,337,60,45,1,1,1,1
2761,0,652,337,280,65,1,1,1,1
2761,0,774,393,55,45,1,1,1,1
2762,0,-64,363,180,115,1,1,1,1
2762,0,243,345,90,60,1,1,1,1
2762,0,454,337,60,45,1,1,1,1
2762,0,652,337,280,65,1,1,1,1
2762,0,774,393,55,45,1,1,1,1
2763,0,-64,363,180,115,1,1,1,1
2763,0,242,345,90,60,1,1,1,1
2763,0,453,337,60,45,1,1,1,1
2763,0,652,337,280,65,1,1,1,1
2763,0,774,393,55,45,1,1,1,1
2764,0,-64,363,180,115,1,1,1,1
2764,0,242,345,90,60,1,1,1,1
2764,0,453,337,60,45,1,1,1,1
2764,0,652,337,280,65,1,1,1,1
2764,0,774,393,55,45,1,1,1,1
2765,0,-64,363,180,115,1,1,1,1
2765,0,242,345,90,60,1,1,1,1
2765,0,453,337,60,45,1,1,1,1
2765,0,652,337,280,65,1,1,1,1
2765,0,774,393,55,45,1,1,1,1
2766,0,-64,363,180,115,1,1,1,1
2766,0,242,345,90,60,1,1,1,1
2766,0,453,337,60,45,1,1,1,1
2766,0,652,337,280,65,1,1,1,1
2766,0,774,393,55,45,1,1,1,1
2767,0,-64,363,180,115,1,1,1,1
2767,0,242,345,90,60,1,1,1,1
2767,0,453,337,60,45,1,1,1,1
2767,0,652,337,280,65,1,1,1,1
2767,0,774,393,55,45,1,1,1,1
2768,0,-64,363,180,115,1,1,1,1
2768,0,242,345,90,60,1,1,1,1
2768,0,453,337,60,45,1,1,1,1
2768,0,652,337,280,65,1,1,1,1
2768,0,774,393,55,45,1,1,1,1
2769,0,-64,363,180,115,1,1,1,1
2769,0,242,345,90,60,1,1,1,1
2769,0,453,337,60,45,1,1,1,1
2769,0,652,337,280,65,1,1,1,1
2769,0,774,393,55,45,1,1,1,1
2770,0,-64,363,180,115,1,1,1,1
2770,0,242,345,90,60,1,1,1,1
2770,0,453,337,60,45,1,1,1,1
2770,0,652,337,280,65,1,1,1,1
2770,0,774,393,55,45,1,1,1,1
2771,0,-64,363,180,115,1,1,1,1
2771,0,242,345,90,60,1,1,1,1
2771,0,453,337,60,45,1,1,1,1
2771,0,652,337,280,65,1,1,1,1
2771,0,774,393,55,45,1,1,1,1
2772,0,-64,363,180,115,1,1,1,1
2772,0,242,345,90,60,1,1,1,1
2772,0,453,337,60,45,1,1,1,1
2772,0,652,337,280,65,1,1,1,1
2772,0,774,393,55,45,1,1,1,1
2773,0,-64,363,180,115,1,1,1,1
2773,0,242,345,90,60,1,1,1,1
2773,0,453,337,60,45,1,1,1,1
2773,0,652,337,280,65,1,1,1,1
2773,0,773,393,55,45,1,1,1,1
2774,0,-64,363,180,115,1,1,1,1
2774,0,242,345,90,60,1,1,1,1
2774,0,453,337,60,45,1,1,1,1
2774,0,652,337,280,65,1,1,1,1
2774,0,773,393,55,45,1,1,1,1
2775,0,-64,363,180,115,1,1,1,1
2775,0,242,345,90,60,1,1,1,1
2775,0,453,337,60,45,1,1,1,1
2775,0,652,337,280,65,1,1,1,1
2775,0,773,393,55,45,1,1,1,1
2776,0,-64,363,180,115,1,1,1,1
2776,0,242,345,90,60,1,1,1,1
2776,0,453,337,60,45,1,1,1,1
2776,0,652,337,280,65,1,1,1,1
2776,0,773,393,55,45,1,1,1,1
2777,0,-65,363,180,115,1,1,1,1
2777,0,242,345,90,60,1,1,1,1
2777,0,453,337,60,45,1,1,1,1
2777,0,652,337,280,65,1,1,1,1
2777,0,773,393,55,45,1,1,1,1
2778,0,-65,363,180,115,1,1,1,1
2778,0,242,345,90,60,1,1,1,1
2778,0,453,337,60,45,1,1,1,1
2778,0,652,337,280,65,1,1,1,1
2778,0,773,393,55,45,1,1,1,1
2779,0,-65,363,180,115,1,1,1,1
2779,0,242,345,90,60,1,1,1,1
2779,0,453,337,60,45,1,1,1,1
2779,0,652,337,280,65,1,1,1,1
2779,0,773,393,55,45,1,1,1,1
2780,0,-65,363,180,115,1,1,1,1
2780,0,242,345,90,60,1,1,1,1
2780,0,453,337,60,45,1,1,1,1
2780,0,652,337,280,65,1,1,1,1
2780,0,773,393,55,45,1,1,1,1
2781,0,-65,363,180,115,1,1,1,1
2781,0,242,345,90,60,1,1,1,1
2781,0,453,337,60,45,1,1,1,1
2781,0,652,337,280,65,1,1,1,1
2781,0,773,393,55,45,1,1,1,1
2782,0,-65,363,180,115,1,1,1,1
2782,0,242,345,90,60,1,1,1,1
2782,0,453,337,60,45,1,1,1,1
2782,0,652,337,280,65,1,1,1,1
2782,0,773,393,55,45,1,1,1,1
2783,0,-65,363,180,115,1,1,1,1
2783,0,242,345,90,60,1,1,1,1
2783,0,453,337,60,45,1,1,1,1
2783,0,652,337,280,65,1,1,1,1
2783,0,773,393,55,45,1,1,1,1
2784,0,-65,363,180,115,1,1,1,1
2784,0,242,345,90,60,1,1,1,1
2784,0,453,337,60,45,1,1,1,1
2784,0,652,337,280,65,1,1,1,1
2784,0,773,393,55,45,1,1,1,1
2785,0,-65,363,180,115,1,1,1,1
2785,0,242,345,90,60,1,1,1,1
2785,0,453,337,60,45,1,1,1,1
2785,0,652,337,280,65,1,1,1,1
2785,0,773,393,55,45,1,1,1,1
2786,0,-65,363,180,115,1,1,1,1
2786,0,242,345,90,60,1,1,1,1
2786,0,453,337,60,45,1,1,1,1
2786,0,652,337,280,65,1,1,1,1
2786,0,773,393,55,45,1,1,1,1
2787,0,-65,363,180,115,1,1,1,1
2787,0,242,345,90,60,1,1,1,1
2787,0,453,337,60,45,1,1,1,1
2787,0,652,337,280,65,1,1,1,1
2787,0,773,393,55,45,1,1,1,1
2788,0,-65,363,180,115,1,1,1,1
2788,0,242,345,90,60,1,1,1,1
2788,0,453,337,60,45,1,1,1,1
2788,0,652,337,280,65,1,1,1,1
2788,0,773,393,55,45,1,1,1,1
2789,0,-65,363,180,115,1,1,1,1
2789,0,242,345,90,60,1,1,1,1
2789,0,453,337,60,45,1,1,1,1
2789,0,652,337,280,65,1,1,1,1
2789,0,773,393,55,45,1,1,1,1
2790,0,-65,363,180,115,1,1,1,1
2790,0,242,345,90,60,1,1,1,1
2790,0,453,337,60,45,1,1,1,1
2790,0,652,337,280,65,1,1,1,1
2790,0,773,393,55,45,1,1,1,1
2791,0,-65,363,180,115,1,1,1,1
2791,0,242,345,90,60,1,1,1,1
2791,0,453,337,60,45,1,1,1,1
2791,0,652,337,280,65,1,1,1,1
2791,0,773,393,55,45,1,1,1,1
2792,0,-66,364,180,115,1,1,1,1
2792,0,242,345,90,60,1,1,1,1
2792,0,453,337,60,45,1,1,1,1
2792,0,652,337,280,65,1,1,1,1
2792,0,773,394,55,45,1,1,1,1
2793,0,-66,364,180,115,1,1,1,1
2793,0,241,345,90,60,1,1,1,1
2793,0,453,337,60,45,1,1,1,1
2793,0,652,337,280,65,1,1,1,1
2793,0,772,394,55,45,1,1,1,1
2794,0,-66,364,180,115,1,1,1,1
2794,0,241,345,90,60,1,1,1,1
2794,0,453,337,60,45,1,1,1,1
2794,0,652,337,280,65,1,1,1,1
2794,0,772,394,55,45,1,1,1,1
2795,0,-66,364,180,115,1,1,1,1
2795,0,241,345,90,60,1,1,1,1
2795,0,453,337,60,45,1,1,1,1
2795,0,652,337,280,65,1,1,1,1
2795,0,772,394,55,45,1,1,1,1
2796,0,-66,364,180,115,1,1,1,1
2796,0,241,345,90,60,1,1,1,1
2796,0,453,337,60,45,1,1,1,1
2796,0,652,337,280,65,1,1,1,1
2796,0,772,394,55,45,1,1,1,1
2797,0,-66,364,180,115,1,1,1,1
2797,0,241,345,90,60,1,1,1,1
2797,0,453,337,60,45,1,1,1,1
2797,0,652,337,280,65,1,1,1,1
2797,0,772,394,55,45,1,1,1,1
2798,0,-66,364,180,115,1,1,1,1
2798,0,241,345,90,60,1,1,1,1
2798,0,453,337,60,45,1,1,1,1
2798,0,652,337,280,65,1,1,1,1
2798,0,772,394,55,45,1,1,1,1
2799,0,-66,364,180,115,1,1,1,1
2799,0,241,345,90,60,1,1,1,1
2799,0,453,337,60,45,1,1,1,1
2799,0,652,337,280,65,1,1,1,1
2799,0,772,394,55,45,1,1,1,1
2800,0,-66,364,180,115,1,1,1,1
2800,0,241,345,90,60,1,1,1,1
2800,0,453,337,60,45,1,1,1,1
2800,0,652,337,280,65,1,1,1,1
2800,0,772,394,55,45,1,1,1,1
2801,0,-66,364,180,115,1,1,1,1
2801,0,241,345,90,60,1,1,1,1
2801,0,453,337,60,45,1,1,1,1
2801,0,652,337,280,65,1,1,1,1
2801,0,772,394,55,45,1,1,1,1
2802,0,-66,364,180,115,1,1,1,1
2802,0,241,345,90,60,1,1,1,1
2802,0,453,337,60,45,1,1,1,1
2802,0,652,337,280,65,1,1,1,1
2802,0,772,394,55,45,1,1,1,1
2803,0,-66,364,180,115,1,1,1,1
2803,0,241,345,90,60,1,1,1,1
2803,0,453,337,60,45,1,1,1,1
2803,0,651,337,280,65,1,1,1,1
2803,0,772,394,55,45,1,1,1,1
2804,0,-66,364,180,115,1,1,1,1
2804,0,241,345,90,60,1,1,1,1
2804,0,453,337,60,45,1,1,1,1
2804,0,651,337,280,65,1,1,1,1
2804,0,772,394,55,45,1,1,1,1
2805,0,-66,364,180,115,1,1,1,1
2805,0,241,345,90,60,1,1,1,1
2805,0,453,337,60,45,1,1,1,1
2805,0,651,337,280,65,1,1,1,1
2805,0,772,394,55,45,1,1,1,1
2806,0,-66,364,180,115,1,1,1,1
2806,0,241,345,90,60,1,1,1,1
2806,0,453,337,60,45,1,1,1,1
2806,0,651,337,280,65,1,1,1,1
2806,0,772,394,55,45,1,1,1,1
2807,0,-67,364,180,115,1,1,1,1
2807,0,241,345,90,60,1,1,1,1
2807,0,453,337,60,45,1,1,1,1
2807,0,651,337,280,65,1,1,1,1
2807,0,772,394,55,45,1,1,1,1
2808,0,-67,364,180,115,1,1,1,1
2808,0,241,345,90,60,1,1,1,1
2808,0,453,337,60,45,1,1,1,1
2808,0,651,337,280,65,1,1,1,1
2808,0,772,394,55,45,1,1,1,1
2809,0,-67,364,180,115,1,1,1,1
2809,0,241,345,90,60,1,1,1,1
2809,0,453,337,60,45,1,1,1,1
2809,0,651,337,280,65,1,1,1,1
2809,0,772,394,55,45,1,1,1,1
2810,0,-67,364,180,115,1,1,1,1
2810,0,241,345,90,60,1,1,1,1
2810,0,453,337,60,45,1,1,1,1
2810,0,651,337,280,65,1,1,1,1
2810,0,772,394,55,45,1,1,1,1
2811,0,-67,364,180,115,1,1,1,1
2811,0,241,345,90,60,1,1,1,1
2811,0,453,337,60,45,1,1,1,1
2811,0,651,337,280,65,1,1,1,1
2811,0,772,394,55,45,1,1,1,1
2812,0,-67,364,180,115,1,1,1,1
2812,0,241,345,90,60,1,1,1,1
2812,0,453,337,60,45,1,1,1,1
2812,0,651,337,280,65,1,1,1,1
2812,0,772,394,55,45,1,1,1,1
2813,0,-67,364,180,115,1,1,1,1
2813,0,241,345,90,60,1,1,1,1
2813,0,453,337,60,45,1,1,1,1
2813,0,651,337,280,65,1,1,1,1
2813,0,771,394,55,45,1,1,1,1
2814,0,-67,364,180,115,1,1,1,1
2814,0,241,345,90,60,1,1,1,1
2814,0,453,337,60,45,1,1,1,1
2814,0,651,337,280,65,1,1,1,1
2814,0,771,394,55,45,1,1,1,1
2815,0,-67,364,180,115,1,1,1,1
2815,0,241,345,90,60,1,1,1,1
2815,0,453,337,60,45,1,1,1,1
2815,0,651,337,280,65,1,1,1,1
2815,0,771,394,55,45,1,1,1,1
2816,0,-67,364,180,115,1,1,1,1
2816,0,241,345,90,60,1,1,1,1
2816,0,453,337,60,45,1,1,1,1
2816,0,651,337,280,65,1,1,1,1
2816,0,771,394,55,45,1,1,1,1
2817,0,-67,364,180,115,1,1,1,1
2817,0,241,345,90,60,1,1,1,1
2817,0,453,337,60,45,1,1,1,1
2817,0,651,337,280,65,1,1,1,1
2817,0,771,394,55,45,1,1,1,1
2818,0,-67,364,180,115,1,1,1,1
2818,0,241,345,90,60,1,1,1,1
2818,0,453,337,60,45,1,1,1,1
2818,0,651,337,280,65,1,1,1,1
2818,0,771,394,55,45,1,1,1,1
2819,0,-67,364,180,115,1,1,1,1
2819,0,241,345,90,60,1,1,1,1
2819,0,453,337,60,45,1,1,1,1
2819,0,651,337,280,65,1,1,1,1
2819,0,771,394,55,45,1,1,1,1
2820,0,-67,364,180,115,1,1,1,1
2820,0,241,345,90,60,1,1,1,1
2820,0,453,337,60,45,1,1,1,1
2820,0,651,337,280,65,1,1,1,1
2820,0,771,394,55,45,1,1,1,1
2821,0,-67,364,180,115,1,1,1,1
2821,0,241,345,90,60,1,1,1,1
2821,0,453,337,60,45,1,1,1,1
2821,0,651,337,280,65,1,1,1,1
2821,0,771,394,55,45,1,1,1,1
2822,0,-68,364,180,115,1,1,1,1
2822,0,241,345,90,60,1,1,1,1
2822,0,453,337,60,45,1,1,1,1
2822,0,651,337,280,65,1,1,1,1
2822,0,771,394,55,45,1,1,1,1
2823,0,-68,364,180,115,1,1,1,1
2823,0,240,345,90,60,1,1,1,1
2823,0,452,337,60,45,1,1,1,1
2823,0,651,337,280,65,1,1,1,1
2823,0,771,394,55,45,1,1,1,1
2824,0,-68,364,180,115,1,1,1,1
2824,0,240,345,90,60,1,1,1,1
2824,0,452,337,60,45,1,1,1,1
2824,0,651,337,280,65,1,1,1,1
2824,0,771,394,55,45,1,1,1,1
2825,0,-68,364,180,115,1,1,1,1
2825,0,240,345,90,60,1,1,1,1
2825,0,452,337,60,45,1,1,1,1
2825,0,651,337,280,65,1,1,1,1
2825,0,771,394,55,45,1,1,1,1
2826,0,-68,364,180,115,1,1,1,1
2826,0,240,345,90,60,1,1,1,1
2826,0,452,337,60,45,1,1,1,1
2826,0,651,337,280,65,1,1,1,1
2826,0,771,394,55,45,1,1,1,1
2827,0,-68,364,180,115,1,1,1,1
2827,0,240,345,90,60,1,1,1,1
2827,0,452,337,60,45,1,1,1,1
2827,0,651,337,280,65,1,1,1,1
2827,0,771,394,55,45,1,1,1,1
2828,0,-68,364,180,115,1,1,1,1
2828,0,240,345,90,60,1,1,1,1
2828,0,452,337,60,45,1,1,1,1
2828,0,651,337,280,65,1,1,1,1
2828,0,771,394,55,45,1,1,1,1
2829,0,-68,364,180,115,1,1,1,1
2829,0,240,345,90,60,1,1,1,1
2829,0,452,337,60,45,1,1,1,1
2829,0,651,337,280,65,1,1,1,1
2829,0,771,394,55,45,1,1,1,1
2830,0,-68,364,180,115,1,1,1,1
2830,0,240,345,90,60,1,1,1,1
2830,0,452,337,60,45,1,1,1,1
2830,0,651,337,280,65,1,1,1,1
2830,0,771,394,55,45,1,1,1,1
2831,0,-68,364,180,115,1,1,1,1
2831,0,240,345,90,60,1,1,1,1
2831,0,452,337,60,45,1,1,1,1
2831,0,651,337,280,65,1,1,1,1
2831,0,771,394,55,45,1,1,1,1
2832,0,-68,364,180,115,1,1,1,1
2832,0,240,345,90,60,1,1,1,1
2832,0,452,337,60,45,1,1,1,1
2832,0,651,337,280,65,1,1,1,1
2832,0,771,394,55,45,1,1,1,1
2833,0,-68,364,180,115,1,1,1,1
2833,0,240,345,90,60,1,1,1,1
2833,0,452,337,60,45,1,1,1,1
2833,0,651,337,280,65,1,1,1,1
2833,0,770,394,55,45,1,1,1,1
2834,0,-68,364,180,115,1,1,1,1
2834,0,240,345,90,60,1,1,1,1
2834,0,452,337,60,45,1,1,1,1
2834,0,651,337,280,65,1,1,1,1
2834,0,770,394,55,45,1,1,1,1
2835,0,-68,364,180,115,1,1,1,1
2835,0,240,345,90,60,1,1,1,1
2835,0,452,337,60,45,1,1,1,1
2835,0,651,337,280,65,1,1,1,1
2835,0,770,394,55,45,1,1,1,1
2836,0,-68,364,180,115,1,1,1,1
2836,0,240,345,90,60,1,1,1,1
2836,0,452,337,60,45,1,1,1,1
2836,0,651,337,280,65,1,1,1,1
2836,0,770,394,55,45,1,1,1,1
2837,0,-69,364,180,115,1,1,1,1
2837,0,240,345,90,60,1,1,1,1
2837,0,452,337,60,45,1,1,1,1
2837,0,651,337,280,65,1,1,1,1
2837,0,770,394,55,45,1,1,1,1
2838,0,-69,364,180,115,1,1,1,1
2838,0,240,345,90,60,1,1,1,1
2838,0,452,337,60,45,1,1,1,1
2838,0,651,337,280,65,1,1,1,1
2838,0,770,394,55,45,1,1,1,1
2839,0,-69,364,180,115,1,1,1,1
2839,0,240,345,90,60,1,1,1,1
2839,0,452,337,60,45,1,1,1,1
2839,0,651,337,280,65,1,1,1,1
2839,0,770,394,55,45,1,1,1,1
2840,0,-69,364,180,115,1,1,1,1
2840,0,240,345,90,60,1,1,1,1
2840,0,452,337,60,45,1,1,1,1
2840,0,651,337,280,65,1,1,1,1
2840,0,770,394,55,45,1,1,1,1
2841,0,-69,364,180,115,1,1,1,1
2841,0,240,345,90,60,1,1,1,1
2841,0,452,337,60,45,1,1,1,1
2841,0,651,337,280,65,1,1,1,1
2841,0,770,394,55,45,1,1,1,1
2842,0,-69,364,180,115,1,1,1,1
2842,0,240,345,90,60,1,1,1,1
2842,0,452,337,60,45,1,1,1,1
2842,0,651,337,280,65,1,1,1,1
2842,0,770,394,55,45,1,1,1,1
2843,0,-69,364,180,115,1,1,1,1
2843,0,240,345,90,60,1,1,1,1
2843,0,452,337,60,45,1,1,1,1
2843,0,651,337,280,65,1,1,1,1
2843,0,770,394,55,45,1,1,1,1
2844,0,-69,364,180,115,1,1,1,1
2844,0,240,345,90,60,1,1,1,1
2844,0,452,337,60,45,1,1,1,1
2844,0,651,337,280,65,1,1,1,1
2844,0,770,394,55,45,1,1,1,1
2845,0,-69,364,180,115,1,1,1,1
2845,0,240,345,90,60,1,1,1,1
2845,0,452,337,60,45,1,1,1,1
2845,0,651,337,280,65,1,1,1,1
2845,0,770,394,55,45,1,1,1,1
2846,0,-69,364,180,115,1,1,1,1
2846,0,240,345,90,60,1,1,1,1
2846,0,452,337,60,45,1,1,1,1
2846,0,651,337,280,65,1,1,1,1
2846,0,770,394,55,45,1,1,1,1
2847,0,-69,364,180,115,1,1,1,1
2847,0,240,345,90,60,1,1,1,1
2847,0,452,337,60,45,1,1,1,1
2847,0,651,337,280,65,1,1,1,1
2847,0,770,394,55,45,1,1,1,1
2848,0,-69,364,180,115,1,1,1,1
2848,0,240,345,90,60,1,1,1,1
2848,0,452,337,60,45,1,1,1,1
2848,0,651,337,280,65,1,1,1,1
2848,0,770,394,55,45,1,1,1,1
2849,0,-69,364,180,115,1,1,1,1
2849,0,240,345,90,60,1,1,1,1
2849,0,452,337,60,45,1,1,1,1
2849,0,651,337,280,65,1,1,1,1
2849,0,770,394,55,45,1,1,1,1
2850,0,-69,364,180,115,1,1,1,1
2850,0,240,345,90,60,1,1,1,1
2850,0,452,337,60,45,1,1,1,1
2850,0,651,337,280,65,1,1,1,1
2850,0,770,394,55,45,1,1,1,1
2851,0,-69,364,180,115,1,1,1,1
2851,0,240,345,90,60,1,1,1,1
2851,0,452,337,60,45,1,1,1,1
2851,0,651,337,280,65,1,1,1,1
2851,0,770,394,55,45,1,1,1,1
2852,0,-70,365,180,115,1,1,1,1
2852,0,240,345,90,60,1,1,1,1
2852,0,452,337,60,45,1,1,1,1
2852,0,651,337,280,65,1,1,1,1
2852,0,770,395,55,45,1,1,1,1
2853,0,-70,365,180,115,1,1,1,1
2853,0,239,345,90,60,1,1,1,1
2853,0,452,337,60,45,1,1,1,1
2853,0,651,337,280,65,1,1,1,1
2853,0,769,395,55,45,1,1,1,1
2854,0,-70,365,180,115,1,1,1,1
2854,0,239,345,90,60,1,1,1,1
2854,0,452,337,60,45,1,1,1,1
2854,0,651,337,280,65,1,1,1,1
2854,0,769,395,55,45,1,1,1,1
2855,0,-70,365,180,115,1,1,1,1
2855,0,239,345,90,60,1,1,1,1
2855,0,452,337,60,45,1,1,1,1
2855,0,651,337,280,65,1,1,1,1
2855,0,769,395,55,45,1,1,1,1
2856,0,-70,365,180,115,1,1,1,1
2856,0,239,345,90,60,1,1,1,1
2856,0,452,337,60,45,1,1,1,1
2856,0,651,337,280,65,1,1,1,1
2856,0,769,395,55,45,1,1,1,1
2857,0,-70,365,180,115,1,1,1,1
2857,0,239,345,90,60,1,1,1,1
2857,0,452,337,60,45,1,1,1,1
2857,0,651,337,280,65,1,1,1,1
2857,0,769,395,55,45,1,1,1,1
2858,0,-70,365,180,115,1,1,1,1
2858,0,239,345,90,60,1,1,1,1
2858,0,452,337,60,45,1,1,1,1
2858,0,651,337,280,65,1,1,1,1
2858,0,769,395,55,45,1,1,1,1
2859,0,-70,365,180,115,1,1,1,1
2859,0,239,345,90,60,1,1,1,1
2859,0,452,337,60,45,1,1,1,1
2859,0,651,337,280,65,1,1,1,1
2859,0,769,395,55,45,1,1,1,1
2860,0,-70,365,180,115,1,1,1,1
2860,0,239,345,90,60,1,1,1,1
2860,0,452,337,60,45,1,1,1,1
2860,0,651,337,280,65,1,1,1,1
2860,0,769,395,55,45,1,1,1,1
2861,0,-70,365,180,115,1,1,1,1
2861,0,239,345,90,60,1,1,1,1
2861,0,452,337,60,45,1,1,1,1
2861,0,651,337,280,65,1,1,1,1
2861,0,769,395,55,45,1,1,1,1
2862,0,-70,365,180,115,1,1,1,1
2862,0,239,345,90,60,1,1,1,1
2862,0,452,337,60,45,1,1,1,1
2862,0,651,337,280,65,1,1,1,1
2862,0,769,395,55,45,1,1,1,1
2863,0,-70,365,180,115,1,1,1,1
2863,0,239,345,90,60,1,1,1,1
2863,0,452,337,60,45,1,1,1,1
2863,0,651,337,280,65,1,1,1,1
2863,0,769,395,55,45,1,1,1,1
2864,0,-70,365,180,115,1,1,1,1
2864,0,239,345,90,60,1,1,1,1
2864,0,452,337,60,45,1,1,1,1
2864,0,651,337,280,65,1,1,1,1
2864,0,769,395,55,45,1,1,1,1
2865,0,-70,365,180,115,1,1,1,1
2865,0,239,345,90,60,1,1,1,1
2865,0,452,337,60,45,1,1,1,1
2865,0,651,337,280,65,1,1,1,1
2865,0,769,395,55,45,1,1,1,1
2866,0,-70,365,180,115,1,1,1,1
2866,0,239,345,90,60,1,1,1,1
2866,0,452,337,60,45,1,1,1,1
2866,0,651,337,280,65,1,1,1,1
2866,0,769,395,55,45,1,1,1,1
2867,0,-71,365,180,115,1,1,1,1
2867,0,239,345,90,60,1,1,1,1
2867,0,452,337,60,45,1,1,1,1
2867,0,651,337,280,65,1,1,1,1
2867,0,769,395,55,45,1,1,1,1
2868,0,-71,365,180,115,1,1,1,1
2868,0,239,345,90,60,1,1,1,1
2868,0,452,337,60,45,1,1,1,1
2868,0,651,337,280,65,1,1,1,1
2868,0,769,395,55,45,1,1,1,1
2869,0,-71,365,180,115,1,1,1,1
2869,0,239,345,90,60,1,1,1,1
2869,0,452,337,60,45,1,1,1,1
2869,0,651,337,280,65,1,1,1,1
2869,0,769,395,55,45,1,1,1,1
2870,0,-71,365,180,115,1,1,1,1
2870,0,239,345,90,60,1,1,1,1
2870,0,452,337,60,45,1,1,1,1
2870,0,651,337,280,65,1,1,1,1
2870,0,769,395,55,45,1,1,1,1
2871,0,-71,365,180,115,1,1,1,1
2871,0,239,345,90,60,1,1,1,1
2871,0,452,337,60,45,1,1,1,1
2871,0,651,337,280,65,1,1,1,1
2871,0,769,395,55,45,1,1,1,1
2872,0,-71,365,180,115,1,1,1,1
2872,0,239,345,90,60,1,1,1,1
2872,0,452,337,60,45,1,1,1,1
2872,0,651,337,280,65,1,1,1,1
2872,0,769,395,55,45,1,1,1,1
2873,0,-71,365,180,115,1,1,1,1
2873,0,239,345,90,60,1,1,1,1
2873,0,452,337,60,45,1,1,1,1
2873,0,651,337,280,65,1,1,1,1
2873,0,768,395,55,45,1,1,1,1
2874,0,-71,365,180,115,1,1,1,1
2874,0,239,345,90,60,1,1,1,1
2874,0,452,337,60,45,1,1,1,1
2874,0,651,337,280,65,1,1,1,1
2874,0,768,395,55,45,1,1,1,1
2875,0,-71,365,180,115,1,1,1,1
2875,0,239,345,90,60,1,1,1,1
2875,0,452,337,60,45,1,1,1,1
2875,0,651,337,280,65,1,1,1,1
2875,0,768,395,55,45,1,1,1,1
2876,0,-71,365,180,115,1,1,1,1
2876,0,239,345,90,60,1,1,1,1
2876,0,452,337,60,45,1,1,1,1
2876,0,651,337,280,65,1,1,1,1
2876,0,768,395,55,45,1,1,1,1
2877,0,-71,365,180,115,1,1,1,1
2877,0,239,345,90,60,1,1,1,1
2877,0,452,337,60,45,1,1,1,1
2877,0,651,337,280,65,1,1,1,1
2877,0,768,395,55,45,1,1,1,1
2878,0,-71,365,180,115,1,1,1,1
2878,0,239,345,90,60,1,1,1,1
2878,0,452,337,60,45,1,1,1,1
2878,0,651,337,280,65,1,1,1,1
2878,0,768,395,55,45,1,1,1,1
2879,0,-71,365,180,115,1,1,1,1
2879,0,239,345,90,60,1,1,1,1
2879,0,452,337,60,45,1,1,1,1
2879,0,651,337,280,65,1,1,1,1
2879,0,768,395,55,45,1,1,1,1
2880,0,-71,365,180,115,1,1,1,1
2880,0,239,345,90,60,1,1,1,1
2880,0,452,337,60,45,1,1,1,1
2880,0,651,337,280,65,1,1,1,1
2880,0,768,395,55,45,1,1,1,1
2881,0,-71,365,180,115,1,1,1,1
2881,0,239,345,90,60,1,1,1,1
2881,0,452,337,60,45,1,1,1,1
2881,0,651,337,280,65,1,1,1,1
2881,0,768,395,55,45,1,1,1,1
2882,0,-72,365,180,115,1,1,1,1
2882,0,239,345,90,60,1,1,1,1
2882,0,452,337,60,45,1,1,1,1
2882,0,651,337,280,65,1,1,1,1
2882,0,768,395,55,45,1,1,1,1
2883,0,-72,365,180,115,1,1,1,1
2883,0,238,345,90,60,1,1,1,1
2883,0,451,337,60,45,1,1,1,1
2883,0,651,337,280,65,1,1,1,1
2883,0,768,395,55,45,1,1,1,1
2884,0,-72,365,180,115,1,1,1,1
2884,0,238,345,90,60,1,1,1,1
2884,0,451,337,60,45,1,1,1,1
2884,0,651,337,280,65,1,1,1,1
2884,0,768,395,55,45,1,1,1,1
2885,0,-72,365,180,115,1,1,1,1
2885,0,238,345,90,60,1,1,1,1
2885,0,451,337,60,45,1,1,1,1
2885,0,651,337,280,65,1,1,1,1
2885,0,768,395,55,45,1,1,1,1
2886,0,-72,365,180,115,1,1,1,1
2886,0,238,345,90,60,1,1,1,1
2886,0,451,337,60,45,1,1,1,1
2886,0,651,337,280,65,1,1,1,1
2886,0,768,395,55,45,1,1,1,1
2887,0,-72,365,180,115,1,1,1,1
2887,0,238,345,90,60,1,1,1,1
2887,0,451,337,60,45,1,1,1,1
2887,0,651,337,280,65,1,1,1,1
2887,0,768,395,55,45,1,1,1,1
2888,0,-72,365,180,115,1,1,1,1
2888,0,238,345,90,60,1,1,1,1
2888,0,451,337,60,45,1,1,1,1
2888,0,651,337,280,65,1,1,1,1
2888,0,768,395,55,45,1,1,1,1
2889,0,-72,365,180,115,1,1,1,1
2889,0,238,345,90,60,1,1,1,1
2889,0,451,337,60,45,1,1,1,1
2889,0,651,337,280,65,1,1,1,1
2889,0,768,395,55,45,1,1,1,1
2890,0,-72,365,180,115,1,1,1,1
2890,0,238,345,90,60,1,1,1,1
2890,0,451,337,60,45,1,1,1,1
2890,0,651,337,280,65,1,1,1,1
2890,0,768,395,55,45,1,1,1,1
2891,0,-72,365,180,115,1,1,1,1
2891,0,238,345,90,60,1,1,1,1
2891,0,451,337,60,45,1,1,1,1
2891,0,651,337,280,65,1,1,1,1
2891,0,768,395,55,45,1,1,1,1
2892,0,-72,365,180,115,1,1,1,1
2892,0,238,345,90,60,1,1,1,1
2892,0,451,337,60,45,1,1,1,1
2892,0,651,337,280,65,1,1,1,1
2892,0,768,395,55,45,1,1,1,1
2893,0,-72,365,180,115,1,1,1,1
2893,0,238,345,90,60,1,1,1,1
2893,0,451,337,60,45,1,1,1,1
2893,0,651,337,280,65,1,1,1,1
2893,0,767,395,55,45,1,1,1,1
2894,0,-72,365,180,115,1,1,1,1
2894,0,238,345,90,60,1,1,1,1
2894,0,451,337,60,45,1,1,1,1
2894,0,651,337,280,65,1,1,1,1
2894,0,767,395,55,45,1,1,1,1
2895,0,-72,365,180,115,1,1,1,1
2895,0,238,345,90,60,1,1,1,1
2895,0,451,337,60,45,1,1,1,1
2895,0,651,337,280,65,1,1,1,1
2895,0,767,395,55,45,1,1,1,1
2896,0,-72,365,180,115,1,1,1,1
2896,0,238,345,90,60,1,1,1,1
2896,0,451,337,60,45,1,1,1,1
2896,0,651,337,280,65,1,1,1,1
2896,0,767,395,55,45,1,1,1,1
2897,0,-73,365,180,115,1,1,1,1
2897,0,238,345,90,60,1,1,1,1
2897,0,451,337,60,45,1,1,1,1
2897,0,651,337,280,65,1,1,1,1
2897,0,767,395,55,45,1,1,1,1
2898,0,-73,365,180,115,1,1,1,1
2898,0,238,345,90,60,1,1,1,1
2898,0,451,337,60,45,1,1,1,1
2898,0,651,337,280,65,1,1,1,1
2898,0,767,395,55,45,1,1,1,1
2899,0,-73,365,180,115,1,1,1,1
2899,0,238,345,90,60,1,1,1,1
2899,0,451,337,60,45,1,1,1,1
2899,0,651,337,280,65,1,1,1,1
2899,0,767,395,55,45,1,1,1,1
2900,0,-73,365,180,115,1,1,1,1
2900,0,238,345,90,60,1,1,1,1
2900,0,451,337,60,45,1,1,1,1
2900,0,651,337,280,65,1,1,1,1
2900,0,767,395,55,45,1,1,1,1
2901,0,-73,365,180,115,1,1,1,1
2901,0,238,345,90,60,1,1,1,1
2901,0,451,337,60,45,1,1,1,1
2901,0,651,337,280,65,1,1,1,1
2901,0,767,395,55,45,1,1,1,1
2902,0,-73,365,180,115,1,1,1,1
2902,0,238,345,90,60,1,1,1,1
2902,0,451,337,60,45,1,1,1,1
2902,0,651,337,280,65,1,1,1,1
2902,0,767,395,55,45,1,1,1,1
2903,0,-73,365,180,115,1,1,1,1
2903,0,238,345,90,60,1,1,1,1
2903,0,451,337,60,45,1,1,1,1
2903,0,650,337,280,65,1,1,1,1
2903,0,767,395,55,45,1,1,1,1
2904,0,-73,365,180,115,1,1,1,1
2904,0,238,345,90,60,1,1,1,1
2904,0,451,337,60,45,1,1,1,1
2904,0,650,337,280,65,1,1,1,1
2904,0,767,395,55,45,1,1,1,1
2905,0,-73,365,180,115,1,1,1,1
2905,0,238,345,90,60,1,1,1,1
2905,0,451,337,60,45,1,1,1,1
2905,0,650,337,280,65,1,1,1,1
2905,0,767,395,55,45,1,1,1,1
2906,0,-73,365,180,115,1,1,1,1
2906,0,238,345,90,60,1,1,1,1
2906,0,451,337,60,45,1,1,1,1
2906,0,650,337,280,65,1,1,1,1
2906,0,767,395,55,45,1,1,1,1
2907,0,-73,365,180,115,1,1,1,1
2907,0,238,345,90,60,1,1,1,1
2907,0,451,337,60,45,1,1,1,1
2907,0,650,337,280,65,1,1,1,1
2907,0,767,395,55,45,1,1,1,1
2908,0,-73,365,180,115,1,1,1,1
2908,0,238,345,90,60,1,1,1,1
2908,0,451,337,60,45,1,1,1,1
2908,0,650,337,280,65,1,1,1,1
2908,0,767,395,55,45,1,1,1,1
2909,0,-73,365,180,115,1,1,1,1
2909,0,238,345,90,60,1,1,1,1
2909,0,451,337,60,45,1,1,1,1
2909,0,650,337,280,65,1,1,1,1
2909,0,767,395,55,45,1,1,1,1
2910,0,-73,365,180,115,1,1,1,1
2910,0,238,345,90,60,1,1,1,1
2910,0,451,337,60,45,1,1,1,1
2910,0,650,337,280,65,1,1,1,1
2910,0,767,395,55,45,1,1,1,1
2911,0,-73,365,180,115,1,1,1,1
2911,0,238,345,90,60,1,1,1,1
2911,0,451,337,60,45,1,1,1,1
2911,0,650,337,280,65,1,1,1,1
2911,0,767,395,55,45,1,1,1,1
2912,0,-74,366,180,115,1,1,1,1
2912,0,238,345,90,60,1,1,1,1
2912,0,451,337,60,45,1,1,1,1
2912,0,650,337,280,65,1,1,1,1
2912,0,767,396,55,45,1,1,1,1
2913,0,-74,366,180,115,1,1,1,1
2913,0,237,345,90,60,1,1,1,1
2913,0,451,337,60,45,1,1,1,1
2913,0,650,337,280,65,1,1,1,1
2913,0,766,396,55,45,1,1,1,1
2914,0,-74,366,180,115,1,1,1,1
2914,0,237,345,90,60,1,1,1,1
2914,0,451,337,60,45,1,1,1,1
2914,0,650,337,280,65,1,1,1,1
2914,0,766,396,55,45,1,1,1,1
2915,0,-74,366,180,115,1,1,1,1
2915,0,237,345,90,60,1,1,1,1
2915,0,451,337,60,45,1,1,1,1
2915,0,650,337,280,65,1,1,1,1
2915,0,766,396,55,45,1,1,1,1
2916,0,-74,366,180,115,1,1,1,1
2916,0,237,345,90,60,1,1,1,1
2916,0,451,337,60,45,1,1,1,1
2916,0,650,337,280,65,1,1,1,1
2916,0,766,396,55,45,1,1,1,1
2917,0,-74,366,180,115,1,1,1,1
2917,0,237,345,90,60,1,1,1,1
2917,0,451,337,60,45,1,1,1,1
2917,0,650,337,280,65,1,1,1,1
2917,0,766,396,55,45,1,1,1,1
2918,0,-74,366,180,115,1,1,1,1
2918,0,237,345,90,60,1,1,1,1
2918,0,451,337,60,45,1,1,1,1
2918,0,650,337,280,65,1,1,1,1
2918,0,766,396,55,45,1,1,1,1
2919,0,-74,366,180,115,1,1,1,1
2919,0,237,345,90,60,1,1,1,1
2919,0,451,337,60,45,1,1,1,1
2919,0,650,337,280,65,1,1,1,1
2919,0,766,396,55,45,1,1,1,1
2920,0,-74,366,180,115,1,1,1,1
2920,0,237,345,90,60,1,1,1,1
2920,0,451,337,60,45,1,1,1,1
2920,0,650,337,280,65,1,1,1,1
2920,0,766,396,55,45,1,1,1,1
2921,0,-74,366,180,115,1,1,1,1
2921,0,237,345,90,60,1,1,1,1
2921,0,451,337,60,45,1,1,1,1
2921,0,650,337,280,65,1,1,1,1
2921,0,766,396,55,45,1,1,1,1
2922,0,-74,366,180,115,1,1,1,1
2922,0,237,345,90,60,1,1,1,1
2922,0,451,337,60,45,1,1,1,1
2922,0,650,337,280,65,1,1,1,1
2922,0,766,396,55,45,1,1,1,1
2923,0,-74,366,180,115,1,1,1,1
2923,0,237,345,90,60,1,1,1,1
2923,0,451,337,60,45,1,1,1,1
2923,0,650,337,280,65,1,1,1,1
2923,0,766,396,55,45,1,1,1,1
2924,0,-74,366,180,115,1,1,1,1
2924,0,237,345,90,60,1,1,1,1
2924,0,451,337,60,45,1,1,1,1
2924,0,650,337,280,65,1,1,1,1
2924,0,766,396,55,45,1,1,1,1
2925,0,-74,366,180,115,1,1,1,1
2925,0,237,345,90,60,1,1,1,1
2925,0,451,337,60,45,1,1,1,1
2925,0,650,337,280,65,1,1,1,1
2925,0,766,396,55,45,1,1,1,1
2926,0,-74,366,180,115,1,1,1,1
2926,0,237,345,90,60,1,1,1,1
2926,0,451,337,60,45,1,1,1,1
2926,0,650,337,280,65,1,1,1,1
2926,0,766,396,55,45,1,1,1,1
2927,0,-75,366,180,115,1,1,1,1
2927,0,237,345,90,60,1,1,1,1
2927,0,451,337,60,45,1,1,1,1
2927,0,650,337,280,65,1,1,1,1
2927,0,766,396,55,45,1,1,1,1
2928,0,-75,366,180,115,1,1,1,1
2928,0,237,345,90,60,1,1,1,1
2928,0,451,337,60,45,1,1,1,1
2928,0,650,337,280,65,1,1,1,1
2928,0,766,396,55,45,1,1,1,1
2929,0,-75,366,180,115,1,1,1,1
2929,0,237,345,90,60,1,1,1,1
2929,0,451,337,60,45,1,1,1,1
2929,0,650,337,280,65,1,1,1,1
2929,0,766,396,55,45,1,1,1,1
2930,0,-75,366,180,115,1,1,1,1
2930,0,237,345,90,60,1,1,1,1
2930,0,451,337,60,45,1,1,1,1
2930,0,650,337,280,65,1,1,1,1
2930,0,766,396,55,45,1,1,1,1
2931,0,-75,366,180,115,1,1,1,1
2931,0,237,345,90,60,1,1,1,1
2931,0,451,337,60,45,1,1,1,1
2931,0,650,337,280,65,1,1,1,1
2931,0,766,396,55,45,1,1,1,1
2932,0,-75,366,180,115,1,1,1,1
2932,0,237,345,90,60,1,1,1,1
2932,0,451,337,60,45,1,1,1,1
2932,0,650,337,280,65,1,1,1,1
2932,0,766,396,55,45,1,1,1,1
2933,0,-75,366,180,115,1,1,1,1
2933,0,237,345,90,60,1,1,1,1
2933,0,451,337,60,45,1,1,1,1
2933,0,650,337,280,65,1,1,1,1
2933,0,765,396,55,45,1,1,1,1
2934,0,-75,366,180,115,1,1,1,1
2934,0,237,345,90,60,1,1,1,1
2934,0,451,337,60,45,1,1,1,1
2934,0,650,337,280,65,1,1,1,1
2934,0,765,396,55,45,1,1,1,1
2935,0,-75,366,180,115,1,1,1,1
2935,0,237,345,90,60,1,1,1,1
2935,0,451,337,60,45,1,1,1,1
2935,0,650,337,280,65,1,1,1,1
2935,0,765,396,55,45,1,1,1,1
2936,0,-75,366,180,115,1,1,1,1
2936,0,237,345,90,60,1,1,1,1
2936,0,451,337,60,45,1,1,1,1
2936,0,650,337,280,65,1,1,1,1
2936,0,765,396,55,45,1,1,1,1
2937,0,-75,366,180,115,1,1,1,1
2937,0,237,345,90,60,1,1,1,1
2937,0,451,337,60,45,1,1,1,1
2937,0,650,337,280,65,1,1,1,1
2937,0,765,396,55,45,1,1,1,1
2938,0,-75,366,180,115,1,1,1,1
2938,0,237,345,90,60,1,1,1,1
2938,0,451,337,60,45,1,1,1,1
2938,0,650,337,280,65,1,1,1,1
2938,0,765,396,55,45,1,1,1,1
2939,0,-75,366,180,115,1,1,1,1
2939,0,237,345,90,60,1,1,1,1
2939,0,451,337,60,45,1,1,1,1
2939,0,650,337,280,65,1,1,1,1
2939,0,765,396,55,45,1,1,1,1
2940,0,-75,366,180,115,1,1,1,1
2940,0,237,345,90,60,1,1,1,1
2940,0,451,337,60,45,1,1,1,1
2940,0,650,337,280,65,1,1,1,1
2940,0,765,396,55,45,1,1,1,1
2941,0,-75,366,180,115,1,1,1,1
2941,0,237,345,90,60,1,1,1,1
2941,0,451,337,60,45,1,1,1,1
2941,0,650,337,280,65,1,1,1,1
2941,0,765,396,55,45,1,1,1,1
2942,0,-76,366,180,115,1,1,1,1
2942,0,237,345,90,60,1,1,1,1
2942,0,451,337,60,45,1,1,1,1
2942,0,650,337,280,65,1,1,1,1
2942,0,765,396,55,45,1,1,1,1
2943,0,-76,366,180,115,1,1,1,1
2943,0,236,345,90,60,1,1,1,1
2943,0,450,337,60,45,1,1,1,1
2943,0,650,337,280,65,1,1,1,1
2943,0,765,396,55,45,1,1,1,1
2944,0,-76,366,180,115,1,1,1,1
2944,0,236,345,90,60,1,1,1,1
2944,0,450,337,60,45,1,1,1,1
2944,0,650,337,280,65,1,1,1,1
2944,0,765,396,55,45,1,1,1,1
2945,0,-76,366,180,115,1,1,1,1
2945,0,236,345,90,60,1,1,1,1
2945,0,450,337,60,45,1,1,1,1
2945,0,650,337,280,65,1,1,1,1
2945,0,765,396,55,45,1,1,1,1
2946,0,-76,366,180,115,1,1,1,1
2946,0,236,345,90,60,1,1,1,1
2946,0,450,337,60,45,1,1,1,1
2946,0,650,337,280,65,1,1,1,1
2946,0,765,396,55,45,1,1,1,1
2947,0,-76,366,180,115,1,1,1,1
2947,0,236,345,90,60,1,1,1,1
2947,0,450,337,60,45,1,1,1,1
2947,0,650,337,280,65,1,1,1,1
2947,0,765,396,55,45,1,1,1,1
2948,0,-76,366,180,115,1,1,1,1
2948,0,236,345,90,60,1,1,1,1
2948,0,450,337,60,45,1,1,1,1
2948,0,650,337,280,65,1,1,1,1
2948,0,765,396,55,45,1,1,1,1
2949,0,-76,366,180,115,1,1,1,1
2949,0,236,345,90,60,1,1,1,1
2949,0,450,337,60,45,1,1,1,1
2949,0,650,337,280,65,1,1,1,1
2949,0,765,396,55,45,1,1,1,1
2950,0,-76,366,180,115,1,1,1,1
2950,0,236,345,90,60,1,1,1,1
2950,0,450,337,60,45,1,1,1,1
2950,0,650,337,280,65,1,1,1,1
2950,0,765,396,55,45,1,1,1,1
2951,0,-76,366,180,115,1,1,1,1
2951,0,236,345,90,60,1,1,1,1
2951,0,450,337,60,45,1,1,1,1
2951,0,650,337,280,65,1,1,1,1
2951,0,765,396,55,45,1,1,1,1
2952,0,-76,366,180,115,1,1,1,1
2952,0,236,345,90,60,1,1,1,1
2952,0,450,337,60,45,1,1,1,1
2952,0,650,337,280,65,1,1,1,1
2952,0,765,396,55,45,1,1,1,1
2953,0,-76,366,180,115,1,1,1,1
2953,0,236,345,90,60,1,1,1,1
2953,0,450,337,60,45,1,1,1,1
2953,0,650,337,280,65,1,1,1,1
2953,0,764,396,55,45,1,1,1,1
2954,0,-76,366,180,115,1,1,1,1
2954,0,236,345,90,60,1,1,1,1
2954,0,450,337,60,45,1,1,1,1
2954,0,650,337,280,65,1,1,1,1
2954,0,764,396,55,45,1,1,1,1
2955,0,-76,366,180,115,1,1,1,1
2955,0,236,345,90,60,1,1,1,1
2955,0,450,337,60,45,1,1,1,1
2955,0,650,337,280,65,1,1,1,1
2955,0,764,396,55,45,1,1,1,1
2956,0,-76,366,180,115,1,1,1,1
2956,0,236,345,90,60,1,1,1,1
2956,0,450,337,60,45,1,1,1,1
2956,0,650,337,280,65,1,1,1,1
2956,0,764,396,55,45,1,1,1,1
2957,0,-77,366,180,115,1,1,1,1
2957,0,236,345,90,60,1,1,1,1
2957,0,450,337,60,45,1,1,1,1
2957,0,650,337,280,65,1,1,1,1
2957,0,764,396,55,45,1,1,1,1
2958,0,-77,366,180,115,1,1,1,1
2958,0,236,345,90,60,1,1,1,1
2958,0,450,337,60,45,1,1,1,1
2958,0,650,337,280,65,1,1,1,1
2958,0,764,396,55,45,1,1,1,1
2959,0,-77,366,180,115,1,1,1,1
2959,0,236,345,90,60,1,1,1,1
2959,0,450,337,60,45,1,1,1,1
2959,0,650,337,280,65,1,1,1,1
2959,0,764,396,55,45,1,1,1,1
2960,0,-77,366,180,115,1,1,1,1
2960,0,236,345,90,60,1,1,1,1
2960,0,450,337,60,45,1,1,1,1
2960,0,650,337,280,65,1,1,1,1
2960,0,764,396,55,45,1,1,1,1
2961,0,-77,366,180,115,1,1,1,1
2961,0,236,345,90,60,1,1,1,1
2961,0,450,337,60,45,1,1,1,1
2961,0,650,337,280,65,1,1,1,1
2961,0,764,396,55,45,1,1,1,1
2962,0,-77,366,180,115,1,1,1,1
2962,0,236,345,90,60,1,1,1,1
2962,0,450,337,60,45,1,1,1,1
2962,0,650,337,280,65,1,1,1,1
2962,0,764,396,55,45,1,1,1,1
2963,0,-77,366,180,115,1,1,1,1
2963,0,236,345,90,60,1,1,1,1
2963,0,450,337,60,45,1,1,1,1
2963,0,650,337,280,65,1,1,1,1
2963,0,764,396,55,45,1,1,1,1
2964,0,-77,366,180,115,1,1,1,1
2964,0,236,345,90,60,1,1,1,1
2964,0,450,337,60,45,1,1,1,1
2964,0,650,337,280,65,1,1,1,1
2964,0,764,396,55,45,1,1,1,1
2965,0,-77,366,180,115,1,1,1,1
2965,0,236,345,90,60,1,1,1,1
2965,0,450,337,60,45,1,1,1,1
2965,0,650,337,280,65,1,1,1,1
2965,0,764,396,55,45,1,1,1,1
2966,0,-77,366,180,115,1,1,1,1
2966,0,236,345,90,60,1,1,1,1
2966,0,450,337,60,45,1,1,1,1
2966,0,650,337,280,65,1,1,1,1
2966,0,764,396,55,45,1,1,1,1
2967,0,-77,366,180,115,1,1,1,1
2967,0,236,345,90,60,1,1,1,1
2967,0,450,337,60,45,1,1,1,1
2967,0,650,337,280,65,1,1,1,1
2967,0,764,396,55,45,1,1,1,1
2968,0,-77,366,180,115,1,1,1,1
2968,0,236,345,90,60,1,1,1,1
2968,0,450,337,60,45,1,1,1,1
2968,0,650,337,280,65,1,1,1,1
2968,0,764,396,55,45,1,1,1,1
2969,0,-77,366,180,115,1,1,1,1
2969,0,236,345,90,60,1,1,1,1
2969,0,450,337,60,45,1,1,1,1
2969,0,650,337,280,65,1,1,1,1
2969,0,764,396,55,45,1,1,1,1
2970,0,-77,366,180,115,1,1,1,1
2970,0,236,345,90,60,1,1,1,1
2970,0,450,337,60,45,1,1,1,1
2970,0,650,337,280,65,1,1,1,1
2970,0,764,396,55,45,1,1,1,1
2971,0,-77,366,180,115,1,1,1,1
2971,0,236,345,90,60,1,1,1,1
2971,0,450,337,60,45,1,1,1,1
2971,0,650,337,280,65,1,1,1,1
2971,0,764,396,55,45,1,1,1,1
2972,0,-78,367,180,115,1,1,1,1
2972,0,236,345,90,60,1,1,1,1
2972,0,450,337,60,45,1,1,1,1
2972,0,650,337,280,65,1,1,1,1
2972,0,764,397,55,45,1,1,1,1
2973,0,-78,367,180,115,1,1,1,1
2973,0,235,345,90,60,1,1,1,1
2973,0,450,337,60,45,1,1,1,1
2973,0,650,337,280,65,1,1,1,1
2973,0,763,397,55,45,1,1,1,1
2974,0,-78,367,180,115,1,1,1,1
2974,0,235,345,90,60,1,1,1,1
2974,0,450,337,60,45,1,1,1,1
2974,0,650,337,280,65,1,1,1,1
2974,0,763,397,55,45,1,1,1,1
2975,0,-78,367,180,115,1,1,1,1
2975,0,235,345,90,60,1,1,1,1
2975,0,450,337,60,45,1,1,1,1
2975,0,650,337,280,65,1,1,1,1
2975,0,763,397,55,45,1,1,1,1
2976,0,-78,367,180,115,1,1,1,1
2976,0,235,345,90,60,1,1,1,1
2976,0,450,337,60,45,1,1,1,1
2976,0,650,337,280,65,1,1,1,1
2976,0,763,397,55,45,1,1,1,1
2977,0,-78,367,180,115,1,1,1,1
2977,0,235,345,90,60,1,1,1,1
2977,0,450,337,60,45,1,1,1,1
2977,0,650,337,280,65,1,1,1,1
2977,0,763,397,55,45,1,1,1,1
2978,0,-78,367,180,115,1,1,1,1
2978,0,235,345,90,60,1,1,1,1
2978,0,450,337,60,45,1,1,1,1
2978,0,650,337,280,65,1,1,1,1
2978,0,763,397,55,45,1,1,1,1
2979,0,-78,367,180,115,1,1,1,1
2979,0,235,345,90,60,1,1,1,1
2979,0,450,337,60,45,1,1,1,1
2979,0,650,337,280,65,1,1,1,1
2979,0,763,397,55,45,1,1,1,1
2980,0,-78,367,180,115,1,1,1,1
2980,0,235,345,90,60,1,1,1,1
2980,0,450,337,60,45,1,1,1,1
2980,0,650,337,280,65,1,1,1,1
2980,0,763,397,55,45,1,1,1,1
2981,0,-78,367,180,115,1,1,1,1
2981,0,235,345,90,60,1,1,1,1
2981,0,450,337,60,45,1,1,1,1
2981,0,650,337,280,65,1,1,1,1
2981,0,763,397,55,45,1,1,1,1
2982,0,-78,367,180,115,1,1,1,1
2982,0,235,345,90,60,1,1,1,1
2982,0,450,337,60,45,1,1,1,1
2982,0,650,337,280,65,1,1,1,1
2982,0,763,397,55,45,1,1,1,1
2983,0,-78,367,180,115,1,1,1,1
2983,0,235,345,90,60,1,1,1,1
2983,0,450,337,60,45,1,1,1,1
2983,0,650,337,280,65,1,1,1,1
2983,0,763,397,55,45,1,1,1,1
2984,0,-78,367,180,115,1,1,1,1
2984,0,235,345,90,60,1,1,1,1
2984,0,450,337,60,45,1,1,1,1
2984,0,650,337,280,65,1,1,1,1
2984,0,763,397,55,45,1,1,1,1
2985,0,-78,367,180,115,1,1,1,1
2985,0,235,345,90,60,1,1,1,1
2985,0,450,337,60,45,1,1,1,1
2985,0,650,337,280,65,1,1,1,1
2985,0,763,397,55,45,1,1,1,1
2986,0,-78,367,180,115,1,1,1,1
2986,0,235,345,90,60,1,1,1,1
2986,0,450,337,60,45,1,1,1,1
2986,0,650,337,280,65,1,1,1,1
2986,0,763,397,55,45,1,1,1,1
2987,0,-79,367,180,115,1,1,1,1
2987,0,235,345,90,60,1,1,1,1
2987,0,450,337,60,45,1,1,1,1
2987,0,650,337,280,65,1,1,1,1
2987,0,763,397,55,45,1,1,1,1
2988,0,-79,367,180,115,1,1,1,1
2988,0,235,345,90,60,1,1,1,1
2988,0,450,337,60,45,1,1,1,1
2988,0,650,337,280,65,1,1,1,1
2988,0,763,397,55,45,1,1,1,1
2989,0,-79,367,180,115,1,1,1,1
2989,0,235,345,90,60,1,1,1,1
2989,0,450,337,60,45,1,1,1,1
2989,0,650,337,280,65,1,1,1,1
2989,0,763,397,55,45,1,1,1,1
2990,0,-79,367,180,115,1,1,1,1
2990,0,235,345,90,60,1,1,1,1
2990,0,450,337,60,45,1,1,1,1
2990,0,650,337,280,65,1,1,1,1
2990,0,763,397,55,45,1,1,1,1
2991,0,-79,367,180,115,1,1,1,1
2991,0,235,345,90,60,1,1,1,1
2991,0,450,337,60,45,1,1,1,1
2991,0,650,337,280,65,1,1,1,1
2991,0,763,397,55,45,1,1,1,1
2992,0,-79,367,180,115,1,1,1,1
2992,0,235,345,90,60,1,1,1,1
2992,0,450,337,60,45,1,1,1,1
2992,0,650,337,280,65,1,1,1,1
2992,0,763,397,55,45,1,1,1,1
2993,0,-79,367,180,115,1,1,1,1
2993,0,235,345,90,60,1,1,1,1
2993,0,450,337,60,45,1,1,1,1
2993,0,650,337,280,65,1,1,1,1
2993,0,762,397,55,45,1,1,1,1
2994,0,-79,367,180,115,1,1,1,1
2994,0,235,345,90,60,1,1,1,1
2994,0,450,337,60,45,1,1,1,1
2994,0,650,337,280,65,1,1,1,1
2994,0,762,397,55,45,1,1,1,1
2995,0,-79,367,180,115,1,1,1,1
2995,0,235,345,90,60,1,1,1,1
2995,0,450,337,60,45,1,1,1,1
2995,0,650,337,280,65,1,1,1,1
2995,0,762,397,55,45,1,1,1,1
2996,0,-79,367,180,115,1,1,1,1
2996,0,235,345,90,60,1,1,1,1
2996,0,450,337,60,45,1,1,1,1
2996,0,650,337,280,65,1,1,1,1
2996,0,762,397,55,45,1,1,1,1
2997,0,-79,367,180,115,1,1,1,1
2997,0,235,345,90,60,1,1,1,1
2997,0,450,337,60,45,1,1,1,1
2997,0,650,337,280,65,1,1,1,1
2997,0,762,397,55,45,1,1,1,1
2998,0,-79,367,180,115,1,1,1,1
2998,0,235,345,90,60,1,1,1,1
2998,0,450,337,60,45,1,1,1,1
2998,0,650,337,280,65,1,1,1,1
2998,0,762,397,55,45,1,1,1,1
2999,0,-79,367,180,115,1,1,1,1
2999,0,235,345,90,60,1,1,1,1
2999,0,450,337,60,45,1,1,1,1
2999,0,650,337,280,65,1,1,1,1
2999,0,762,397,55,45,1,1,1,1
3000,0,-79,367,180,115,1,1,1,1
3000,0,235,345,90,60,1,1,1,1
3000,0,450,337,60,45,1,1,1,1
3000,0,650,337,280,65,1,1,1,1
3000,0,762,397,55,45,1,1,1,1
3001,0,-79,367,180,115,1,1,1,1
3001,0,235,345,90,60,1,1,1,1
3001,0,450,337,60,45,1,1,1,1
3001,0,650,337,280,65,1,1,1,1
3001,0,762,397,55,45,1,1,1,1
3002,0,-80,367,180,115,1,1,1,1
3002,0,235,345,90,60,1,1,1,1
3002,0,450,337,60,45,1,1,1,1
3002,0,650,337,280,65,1,1,1,1
3002,0,762,397,55,45,1,1,1,1
3003,0,-80,367,180,115,1,1,1,1
3003,0,234,345,90,60,1,1,1,1
3003,0,449,337,60,45,1,1,1,1
3003,0,649,337,280,65,1,1,1,1
3003,0,762,397,55,45,1,1,1,1
3004,0,-80,367,180,115,1,1,1,1
3004,0,234,345,90,60,1,1,1,1
3004,0,449,337,60,45,1,1,1,1
3004,0,649,337,280,65,1,1,1,1
3004,0,762,397,55,45,1,1,1,1
3005,0,-80,367,180,115,1,1,1,1
3005,0,234,345,90,60,1,1,1,1
3005,0,449,337,60,45,1,1,1,1
3005,0,649,337,280,65,1,1,1,1
3005,0,762,397,55,45,1,1,1,1
3006,0,-80,367,180,115,1,1,1,1
3006,0,234,345,90,60,1,1,1,1
3006,0,449,337,60,45,1,1,1,1
3006,0,649,337,280,65,1,1,1,1
3006,0,762,397,55,45,1,1,1,1
3007,0,-80,367,180,115,1,1,1,1
3007,0,234,345,90,60,1,1,1,1
3007,0,449,337,60,45,1,1,1,1
3007,0,649,337,280,65,1,1,1,1
3007,0,762,397,55,45,1,1,1,1
3008,0,-80,367,180,115,1,1,1,1
3008,0,234,345,90,60,1,1,1,1
3008,0,449,337,60,45,1,1,1,1
3008,0,649,337,280,65,1,1,1,1
3008,0,762,397,55,45,1,1,1,1
3009,0,-80,367,180,115,1,1,1,1
3009,0,234,345,90,60,1,1,1,1
3009,0,449,337,60,45,1,1,1,1
3009,0,649,337,280,65,1,1,1,1
3009,0,762,397,55,45,1,1,1,1
3010,0,-80,367,180,115,1,1,1,1
3010,0,234,345,90,60,1,1,1,1
3010,0,449,337,60,45,1,1,1,1
3010,0,649,337,280,65,1,1,1,1
3010,0,762,397,55,45,1,1,1,1
3011,0,-80,367,180,115,1,1,1,1
3011,0,234,345,90,60,1,1,1,1
3011,0,449,337,60,45,1,1,1,1
3011,0,649,337,280,65,1,1,1,1
3011,0,762,397,55,45,1,1,1,1
3012,0,-80,367,180,115,1,1,1,1
3012,0,234,345,90,60,1,1,1,1
3012,0,449,337,60,45,1,1,1,1
3012,0,649,337,280,65,1,1,1,1
3012,0,762,397,55,45,1,1,1,1
3013,0,-80,367,180,115,1,1,1,1
3013,0,234,345,90,60,1,1,1,1
3013,0,449,337,60,45,1,1,1,1
3013,0,649,337,280,65,1,1,1,1
3013,0,761,397,55,45,1,1,1,1
3014,0,-80,367,180,115,1,1,1,1
3014,0,234,345,90,60,1,1,1,1
3014,0,449,337,60,45,1,1,1,1
3014,0,649,337,280,65,1,1,1,1
3014,0,761,397,55,45,1,1,1,1
3015,0,-80,367,180,115,1,1,1,1
3015,0,234,345,90,60,1,1,1,1
3015,0,449,337,60,45,1,1,1,1
3015,0,649,337,280,65,1,1,1,1
3015,0,761,397,55,45,1,1,1,1
3016,0,-80,367,180,115,1,1,1,1
3016,0,234,345,90,60,1,1,1,1
3016,0,449,337,60,45,1,1,1,1
3016,0,649,337,280,65,1,1,1,1
3016,0,761,397,55,45,1,1,1,1
3017,0,-81,367,180,115,1,1,1,1
3017,0,234,345,90,60,1,1,1,1
3017,0,449,337,60,45,1,1,1,1
3017,0,649,337,280,65,1,1,1,1
3017,0,761,397,55,45,1,1,1,1
3018,0,-81,367,180,115,1,1,1,1
3018,0,234,345,90,60,1,1,1,1
3018,0,449,337,60,45,1,1,1,1
3018,0,649,337,280,65,1,1,1,1
3018,0,761,397,55,45,1,1,1,1
3019,0,-81,367,180,115,1,1,1,1
3019,0,234,345,90,60,1,1,1,1
3019,0,449,337,60,45,1,1,1,1
3019,0,649,337,280,65,1,1,1,1
3019,0,761,397,55,45,1,1,1,1
3020,0,-81,367,180,115,1,1,1,1
3020,0,234,345,90,60,1,1,1,1
3020,0,449,337,60,45,1,1,1,1
3020,0,649,337,280,65,1,1,1,1
3020,0,761,397,55,45,1,1,1,1
3021,0,-81,367,180,115,1,1,1,1
3021,0,234,345,90,60,1,1,1,1
3021,0,449,337,60,45,1,1,1,1
3021,0,649,337,280,65,1,1,1,1
3021,0,761,397,55,45,1,1,1,1
3022,0,-81,367,180,115,1,1,1,1
3022,0,234,345,90,60,1,1,1,1
3022,0,449,337,60,45,1,1,1,1
3022,0,649,337,280,65,1,1,1,1
3022,0,761,397,55,45,1,1,1,1
3023,0,-81,367,180,115,1,1,1,1
3023,0,234,345,90,60,1,1,1,1
3023,0,449,337,60,45,1,1,1,1
3023,0,649,337,280,65,1,1,1,1
3023,0,761,397,55,45,1,1,1,1
3024,0,-81,367,180,115,1,1,1,1
3024,0,234,345,90,60,1,1,1,1
3024,0,449,337,60,45,1,1,1,1
3024,0,649,337,280,65,1,1,1,1
3024,0,761,397,55,45,1,1,1,1
3025,0,-81,367,180,115,1,1,1,1
3025,0,234,345,90,60,1,1,1,1
3025,0,449,337,60,45,1,1,1,1
3025,0,649,337,280,65,1,1,1,1
3025,0,761,397,55,45,1,1,1,1
3026,0,-81,367,180,115,1,1,1,1
3026,0,234,345,90,60,1,1,1,1
3026,0,449,337,60,45,1,1,1,1
3026,0,649,337,280,65,1,1,1,1
3026,0,761,397,55,45,1,1,1,1
3027,0,-81,367,180,115,1,1,1,1
3027,0,234,345,90,60,1,1,1,1
3027,0,449,337,60,45,1,1,1,1
3027,0,649,337,280,65,1,1,1,1
3027,0,761,397,55,45,1,1,1,1
3028,0,-81,367,180,115,1,1,1,1
3028,0,234,345,90,60,1,1,1,1
3028,0,449,337,60,45,1,1,1,1
3028,0,649,337,280,65,1,1,1,1
3028,0,761,397,55,45,1,1,1,1
3029,0,-81,367,180,115,1,1,1,1
3029,0,234,345,90,60,1,1,1,1
3029,0,449,337,60,45,1,1,1,1
3029,0,649,337,280,65,1,1,1,1
3029,0,761,397,55,45,1,1,1,1
3030,0,-81,367,180,115,1,1,1,1
3030,0,234,345,90,60,1,1,1,1
3030,0,449,337,60,45,1,1,1,1
3030,0,649,337,280,65,1,1,1,1
3030,0,761,397,55,45,1,1,1,1
3031,0,-81,367,180,115,1,1,1,1
3031,0,234,345,90,60,1,1,1,1
3031,0,449,337,60,45,1,1,1,1
3031,0,649,337,280,65,1,1,1,1
3031,0,761,397,55,45,1,1,1,1
3032,0,-82,368,180,115,1,1,1,1
3032,0,234,345,90,60,1,1,1,1
3032,0,449,337,60,45,1,1,1,1
3032,0,649,337,280,65,1,1,1,1
3032,0,761,398,55,45,1,1,1,1
3033,0,-82,368,180,115,1,1,1,1
3033,0,233,345,90,60,1,1,1,1
3033,0,449,337,60,45,1,1,1,1
3033,0,649,337,280,65,1,1,1,1
3033,0,760,398,55,45,1,1,1,1
3034,0,-82,368,180,115,1,1,1,1
3034,0,233,345,90,60,1,1,1,1
3034,0,449,337,60,45,1,1,1,1
3034,0,649,337,280,65,1,1,1,1
3034,0,760,398,55,45,1,1,1,1
3035,0,-82,368,180,115,1,1,1,1
3035,0,233,345,90,60,1,1,1,1
3035,0,449,337,60,45,1,1,1,1
3035,0,649,337,280,65,1,1,1,1
3035,0,760,398,55,45,1,1,1,1
3036,0,-82,368,180,115,1,1,1,1
3036,0,233,345,90,60,1,1,1,1
3036,0,449,337,60,45,1,1,1,1
3036,0,649,337,280,65,1,1,1,1
3036,0,760,398,55,45,1,1,1,1
3037,0,-82,368,180,115,1,1,1,1
3037,0,233,345,90,60,1,1,1,1
3037,0,449,337,60,45,1,1,1,1
3037,0,649,337,280,65,1,1,1,1
3037,0,760,398,55,45,1,1,1,1
3038,0,-82,368,180,115,1,1,1,1
3038,0,233,345,90,60,1,1,1,1
3038,0,449,337,60,45,1,1,1,1
3038,0,649,337,280,65,1,1,1,1
3038,0,760,398,55,45,1,1,1,1
3039,0,-82,368,180,115,1,1,1,1
3039,0,233,345,90,60,1,1,1,1
3039,0,449,337,60,45,1,1,1,1
3039,0,649,337,280,65,1,1,1,1
3039,0,760,398,55,45,1,1,1,1
3040,0,-82,368,180,115,1,1,1,1
3040,0,233,345,90,60,1,1,1,1
3040,0,449,337,60,45,1,1,1,1
3040,0,649,337,280,65,1,1,1,1
3040,0,760,398,55,45,1,1,1,1
3041,0,-82,368,180,115,1,1,1,1
3041,0,233,345,90,60,1,1,1,1
3041,0,449,337,60,45,1,1,1,1
3041,0,649,337,280,65,1,1,1,1
3041,0,760,398,55,45,1,1,1,1
3042,0,-82,368,180,115,1,1,1,1
3042,0,233,345,90,60,1,1,1,1
3042,0,449,337,60,45,1,1,1,1
3042,0,649,337,280,65,1,1,1,1
3042,0,760,398,55,45,1,1,1,1
3043,0,-82,368,180,115,1,1,1,1
3043,0,233,345,90,60,1,1,1,1
3043,0,449,337,60,45,1,1,1,1
3043,0,649,337,280,65,1,1,1,1
3043,0,760,398,55,45,1,1,1,1
3044,0,-82,368,180,115,1,1,1,1
3044,0,233,345,90,60,1,1,1,1
3044,0,449,337,60,45,1,1,1,1
3044,0,649,337,280,65,1,1,1,1
3044,0,760,398,55,45,1,1,1,1
3045,0,-82,368,180,115,1,1,1,1
3045,0,233,345,90,60,1,1,1,1
3045,0,449,337,60,45,1,1,1,1
3045,0,649,337,280,65,1,1,1,1
3045,0,760,398,55,45,1,1,1,1
3046,0,-82,368,180,115,1,1,1,1
3046,0,233,345,90,60,1,1,1,1
3046,0,449,337,60,45,1,1,1,1
3046,0,649,337,280,65,1,1,1,1
3046,0,760,398,55,45,1,1,1,1
3047,0,-83,368,180,115,1,1,1,1
3047,0,233,345,90,60,1,1,1,1
3047,0,449,337,60,45,1,1,1,1
3047,0,649,337,280,65,1,1,1,1
3047,0,760,398,55,45,1,1,1,1
3048,0,-83,368,180,115,1,1,1,1
3048,0,233,345,90,60,1,1,1,1
3048,0,449,337,60,45,1,1,1,1
3048,0,649,337,280,65,1,1,1,1
3048,0,760,398,55,45,1,1,1,1
3049,0,-83,368,180,115,1,1,1,1
3049,0,233,345,90,60,1,1,1,1
3049,0,449,337,60,45,1,1,1,1
3049,0,649,337,280,65,1,1,1,1
3049,0,760,398,55,45,1,1,1,1
3050,0,-83,368,180,115,1,1,1,1
3050,0,233,345,90,60,1,1,1,1
3050,0,449,337,60,45,1,1,1,1
3050,0,649,337,280,65,1,1,1,1
3050,0,760,398,55,45,1,1,1,1
3051,0,-83,368,180,115,1,1,1,1
3051,0,233,345,90,60,1,1,1,1
3051,0,449,337,60,45,1,1,1,1
3051,0,649,337,280,65,1,1,1,1
3051,0,760,398,55,45,1,1,1,1
3052,0,-83,368,180,115,1,1,1,1
3052,0,233,345,90,60,1,1,1,1
3052,0,449,337,60,45,1,1,1,1
3052,0,649,337,280,65,1,1,1,1
3052,0,760,398,55,45,1,1,1,1
3053,0,-83,368,180,115,1,1,1,1
3053,0,233,345,90,60,1,1,1,1
3053,0,449,337,60,45,1,1,1,1
3053,0,649,337,280,65,1,1,1,1
3053,0,759,398,55,45,1,1,1,1
3054,0,-83,368,180,115,1,1,1,1
3054,0,233,345,90,60,1,1,1,1
3054,0,449,337,60,45,1,1,1,1
3054,0,649,337,280,65,1,1,1,1
3054,0,759,398,55,45,1,1,1,1
3055,0,-83,368,180,115,1,1,1,1
3055,0,233,345,90,60,1,1,1,1
3055,0,449,337,60,45,1,1,1,1
3055,0,649,337,280,65,1,1,1,1
3055,0,759,398,55,45,1,1,1,1
3056,0,-83,368,180,115,1,1,1,1
3056,0,233,345,90,60,1,1,1,1
3056,0,449,337,60,45,1,1,1,1
3056,0,649,337,280,65,1,1,1,1
3056,0,759,398,55,45,1,1,1,1
3057,0,-83,368,180,115,1,1,1,1
3057,0,233,345,90,60,1,1,1,1
3057,0,449,337,60,45,1,1,1,1
3057,0,649,337,280,65,1,1,1,1
3057,0,759,398,55,45,1,1,1,1
3058,0,-83,368,180,115,1,1,1,1
3058,0,233,345,90,60,1,1,1,1
3058,0,449,337,60,45,1,1,1,1
3058,0,649,337,280,65,1,1,1,1
3058,0,759,398,55,45,1,1,1,1
3059,0,-83,368,180,115,1,1,1,1
3059,0,233,345,90,60,1,1,1,1
3059,0,449,337,60,45,1,1,1,1
3059,0,649,337,280,65,1,1,1,1
3059,0,759,398,55,45,1,1,1,1
3060,0,-83,368,180,115,1,1,1,1
3060,0,233,345,90,60,1,1,1,1
3060,0,449,337,60,45,1,1,1,1
3060,0,649,337,280,65,1,1,1,1
3060,0,759,398,55,45,1,1,1,1
3061,0,-83,368,180,115,1,1,1,1
3061,0,233,345,90,60,1,1,1,1
3061,0,449,337,60,45,1,1,1,1
3061,0,649,337,280,65,1,1,1,1
3061,0,759,398,55,45,1,1,1,1
3062,0,-84,368,180,115,1,1,1,1
3062,0,233,345,90,60,1,1,1,1
3062,0,449,337,60,45,1,1,1,1
3062,0,649,337,280,65,1,1,1,1
3062,0,759,398,55,45,1,1,1,1
3063,0,-84,368,180,115,1,1,1,1
3063,0,232,345,90,60,1,1,1,1
3063,0,448,337,60,45,1,1,1,1
3063,0,649,337,280,65,1,1,1,1
3063,0,759,398,55,45,1,1,1,1
3064,0,-84,368,180,115,1,1,1,1
3064,0,232,345,90,60,1,1,1,1
3064,0,448,337,60,45,1,1,1,1
3064,0,649,337,280,65,1,1,1,1
3064,0,759,398,55,45,1,1,1,1
3065,0,-84,368,180,115,1,1,1,1
3065,0,232,345,90,60,1,1,1,1
3065,0,448,337,60,45,1,1,1,1
3065,0,649,337,280,65,1,1,1,1
3065,0,759,398,55,45,1,1,1,1
3066,0,-84,368,180,115,1,1,1,1
3066,0,232,345,90,60,1,1,1,1
3066,0,448,337,60,45,1,1,1,1
3066,0,649,337,280,65,1,1,1,1
3066,0,759,398,55,45,1,1,1,1
3067,0,-84,368,180,115,1,1,1,1
3067,0,232,345,90,60,1,1,1,1
3067,0,448,337,60,45,1,1,1,1
3067,0,649,337,280,65,1,1,1,1
3067,0,759,398,55,45,1,1,1,1
3068,0,-84,368,180,115,1,1,1,1
3068,0,232,345,90,60,1,1,1,1
3068,0,448,337,60,45,1,1,1,1
3068,0,649,337,280,65,1,1,1,1
3068,0,759,398,55,45,1,1,1,1
3069,0,-84,368,180,115,1,1,1,1
3069,0,232,345,90,60,1,1,1,1
3069,0,448,337,60,45,1,1,1,1
3069,0,649,337,280,65,1,1,1,1
3069,0,759,398,55,45,1,1,1,1
3070,0,-84,368,180,115,1,1,1,1
3070,0,232,345,90,60,1,1,1,1
3070,0,448,337,60,45,1,1,1,1
3070,0,649,337,280,65,1,1,1,1
3070,0,759,398,55,45,1,1,1,1
3071,0,-84,368,180,115,1,1,1,1
3071,0,232,345,90,60,1,1,1,1
3071,0,448,337,60,45,1,1,1,1
3071,0,649,337,280,65,1,1,1,1
3071,0,759,398,55,45,1,1,1,1
3072,0,-84,368,180,115,1,1,1,1
3072,0,232,345,90,60,1,1,1,1
3072,0,448,337,60,45,1,1,1,1
3072,0,649,337,280,65,1,1,1,1
3072,0,759,398,55,45,1,1,1,1
3073,0,-84,368,180,115,1,1,1,1
3073,0,232,345,90,60,1,1,1,1
3073,0,448,337,60,45,1,1,1,1
3073,0,649,337,280,65,1,1,1,1
3073,0,758,398,55,45,1,1,1,1
3074,0,-84,368,180,115,1,1,1,1
3074,0,232,345,90,60,1,1,1,1
3074,0,448,337,60,45,1,1,1,1
3074,0,649,337,280,65,1,1,1,1
3074,0,758,398,55,45,1,1,1,1
3075,0,-84,368,180,115,1,1,1,1
3075,0,232,345,90,60,1,1,1,1
3075,0,448,337,60,45,1,1,1,1
3075,0,649,337,280,65,1,1,1,1
3075,0,758,398,55,45,1,1,1,1
3076,0,-84,368,180,115,1,1,1,1
3076,0,232,345,90,60,1,1,1,1
3076,0,448,337,60,45,1,1,1,1
3076,0,649,337,280,65,1,1,1,1
3076,0,758,398,55,45,1,1,1,1
3077,0,-85,368,180,115,1,1,1,1
3077,0,232,345,90,60,1,1,1,1
3077,0,448,337,60,45,1,1,1,1
3077,0,649,337,280,65,1,1,1,1
3077,0,758,398,55,45,1,1,1,1
3078,0,-85,368,180,115,1,1,1,1
3078,0,232,345,90,60,1,1,1,1
3078,0,448,337,60,45,1,1,1,1
3078,0,649,337,280,65,1,1,1,1
3078,0,758,398,55,45,1,1,1,1
3079,0,-85,368,180,115,1,1,1,1
3079,0,232,345,90,60,1,1,1,1
3079,0,448,337,60,45,1,1,1,1
3079,0,649,337,280,65,1,1,1,1
3079,0,758,398,55,45,1,1,1,1
3080,0,-85,368,180,115,1,1,1,1
3080,0,232,345,90,60,1,1,1,1
3080,0,448,337,60,45,1,1,1,1
3080,0,649,337,280,65,1,1,1,1
3080,0,758,398,55,45,1,1,1,1
3081,0,-85,368,180,115,1,1,1,1
3081,0,232,345,90,60,1,1,1,1
3081,0,448,337,60,45,1,1,1,1
3081,0,649,337,280,65,1,1,1,1
3081,0,758,398,55,45,1,1,1,1
3082,0,-85,368,180,115,1,1,1,1
3082,0,232,345,90,60,1,1,1,1
3082,0,448,337,60,45,1,1,1,1
3082,0,649,337,280,65,1,1,1,1
3082,0,758,398,55,45,1,1,1,1
3083,0,-85,368,180,115,1,1,1,1
3083,0,232,345,90,60,1,1,1,1
3083,0,448,337,60,45,1,1,1,1
3083,0,649,337,280,65,1,1,1,1
3083,0,758,398,55,45,1,1,1,1
3084,0,-85,368,180,115,1,1,1,1
3084,0,232,345,90,60,1,1,1,1
3084,0,448,337,60,45,1,1,1,1
3084,0,649,337,280,65,1,1,1,1
3084,0,758,398,55,45,1,1,1,1
3085,0,-85,368,180,115,1,1,1,1
3085,0,232,345,90,60,1,1,1,1
3085,0,448,337,60,45,1,1,1,1
3085,0,649,337,280,65,1,1,1,1
3085,0,758,398,55,45,1,1,1,1
3086,0,-85,368,180,115,1,1,1,1
3086,0,232,345,90,60,1,1,1,1
3086,0,448,337,60,45,1,1,1,1
3086,0,649,337,280,65,1,1,1,1
3086,0,758,398,55,45,1,1,1,1
3087,0,-85,368,180,115,1,1,1,1
3087,0,232,345,90,60,1,1,1,1
3087,0,448,337,60,45,1,1,1,1
3087,0,649,337,280,65,1,1,1,1
3087,0,758,398,55,45,1,1,1,1
3088,0,-85,368,180,115,1,1,1,1
3088,0,232,345,90,60,1,1,1,1
3088,0,448,337,60,45,1,1,1,1
3088,0,649,337,280,65,1,1,1,1
3088,0,758,398,55,45,1,1,1,1
3089,0,-85,368,180,115,1,1,1,1
3089,0,232,345,90,60,1,1,1,1
3089,0,448,337,60,45,1,1,1,1
3089,0,649,337,280,65,1,1,1,1
3089,0,758,398,55,45,1,1,1,1
3090,0,-85,368,180,115,1,1,1,1
3090,0,232,345,90,60,1,1,1,1
3090,0,448,337,60,45,1,1,1,1
3090,0,649,337,280,65,1,1,1,1
3090,0,758,398,55,45,1,1,1,1
3091,0,-85,368,180,115,1,1,1,1
3091,0,232,345,90,60,1,1,1,1
3091,0,448,337,60,45,1,1,1,1
3091,0,649,337,280,65,1,1,1,1
3091,0,758,398,55,45,1,1,1,1
3092,0,-86,369,180,115,1,1,1,1
3092,0,232,345,90,60,1,1,1,1
3092,0,448,337,60,45,1,1,1,1
3092,0,649,337,280,65,1,1,1,1
3092,0,758,399,55,45,1,1,1,1
3093,0,-86,369,180,115,1,1,1,1
3093,0,231,345,90,60,1,1,1,1
3093,0,448,337,60,45,1,1,1,1
3093,0,649,337,280,65,1,1,1,1
3093,0,757,399,55,45,1,1,1,1
3094,0,-86,369,180,115,1,1,1,1
3094,0,231,345,90,60,1,1,1,1
3094,0,448,337,60,45,1,1,1,1
3094,0,649,337,280,65,1,1,1,1
3094,0,757,399,55,45,1,1,1,1
3095,0,-86,369,180,115,1,1,1,1
3095,0,231,345,90,60,1,1,1,1
3095,0,448,337,60,45,1,1,1,1
3095,0,649,337,280,65,1,1,1,1
3095,0,757,399,55,45,1,1,1,1
3096,0,-86,369,180,115,1,1,1,1
3096,0,231,345,90,60,1,1,1,1
3096,0,448,337,60,45,1,1,1,1
3096,0,649,337,280,65,1,1,1,1
3096,0,757,399,55,45,1,1,1,1
3097,0,-86,369,180,115,1,1,1,1
3097,0,231,345,90,60,1,1,1,1
3097,0,448,337,60,45,1,1,1,1
3097,0,649,337,280,65,1,1,1,1
3097,0,757,399,55,45,1,1,1,1
3098,0,-86,369,180,115,1,1,1,1
3098,0,231,345,90,60,1,1,1,1
3098,0,448,337,60,45,1,1,1,1
3098,0,649,337,280,65,1,1,1,1
3098,0,757,399,55,45,1,1,1,1
3099,0,-86,369,180,115,1,1,1,1
3099,0,231,345,90,60,1,1,1,1
3099,0,448,337,60,45,1,1,1,1
3099,0,649,337,280,65,1,1,1,1
3099,0,757,399,55,45,1,1,1,1
3100,0,-86,369,180,115,1,1,1,1
3100,0,231,345,90,60,1,1,1,1
3100,0,448,337,60,45,1,1,1,1
3100,0,649,337,280,65,1,1,1,1
3100,0,757,399,55,45,1,1,1,1
3101,0,-86,369,180,115,1,1,1,1
3101,0,231,345,90,60,1,1,1,1
3101,0,448,337,60,45,1,1,1,1
3101,0,649,337,280,65,1,1,1,1
3101,0,757,399,55,45,1,1,1,1
3102,0,-86,369,180,115,1,1,1,1
3102,0,231,345,90,60,1,1,1,1
3102,0,448,337,60,45,1,1,1,1
3102,0,649,337,280,65,1,1,1,1
3102,0,757,399,55,45,1,1,1,1
3103,0,-86,369,180,115,1,1,1,1
3103,0,231,345,90,60,1,1,1,1
3103,0,448,337,60,45,1,1,1,1
3103,0,648,337,280,65,1,1,1,1
3103,0,757,399,55,45,1,1,1,1
3104,0,-86,369,180,115,1,1,1,1
3104,0,231,345,90,60,1,1,1,1
3104,0,448,337,60,45,1,1,1,1
3104,0,648,337,280,65,1,1,1,1
3104,0,757,399,55,45,1,1,1,1
3105,0,-86,369,180,115,1,1,1,1
3105,0,231,345,90,60,1,1,1,1
3105,0,448,337,60,45,1,1,1,1
3105,0,648,337,280,65,1,1,1,1
3105,0,757,399,55,45,1,1,1,1
3106,0,-86,369,180,115,1,1,1,1
3106,0,231,345,90,60,1,1,1,1
3106,0,448,337,60,45,1,1,1,1
3106,0,648,337,280,65,1,1,1,1
3106,0,757,399,55,45,1,1,1,1
3107,0,-87,369,180,115,1,1,1,1
3107,0,231,345,90,60,1,1,1,1
3107,0,448,337,60,45,1,1,1,1
3107,0,648,337,280,65,1,1,1,1
3107,0,757,399,55,45,1,1,1,1
3108,0,-87,369,180,115,1,1,1,1
3108,0,231,345,90,60,1,1,1,1
3108,0,448,337,60,45,1,1,1,1
3108,0,648,337,280,65,1,1,1,1
3108,0,757,399,55,45,1,1,1,1
3109,0,-87,369,180,115,1,1,1,1
3109,0,231,345,90,60,1,1,1,1
3109,0,448,337,60,45,1,1,1,1
3109,0,648,337,280,65,1,1,1,1
3109,0,757,399,55,45,1,1,1,1
3110,0,-87,369,180,115,1,1,1,1
3110,0,231,345,90,60,1,1,1,1
3110,0,448,337,60,45,1,1,1,1
3110,0,648,337,280,65,1,1,1,1
3110,0,757,399,55,45,1,1,1,1
3111,0,-87,369,180,115,1,1,1,1
3111,0,231,345,90,60,1,1,1,1
3111,0,448,337,60,45,1,1,1,1
3111,0,648,337,280,65,1,1,1,1
3111,0,757,399,55,45,1,1,1,1
3112,0,-87,369,180,115,1,1,1,1
3112,0,231,345,90,60,1,1,1,1
3112,0,448,337,60,45,1,1,1,1
3112,0,648,337,280,65,1,1,1,1
3112,0,757,399,55,45,1,1,1,1
3113,0,-87,369,180,115,1,1,1,1
3113,0,231,345,90,60,1,1,1,1
3113,0,448,337,60,45,1,1,1,1
3113,0,648,337,280,65,1,1,1,1
3113,0,756,399,55,45,1,1,1,1
3114,0,-87,369,180,115,1,1,1,1
3114,0,231,345,90,60,1,1,1,1
3114,0,448,337,60,45,1,1,1,1
3114,0,648,337,280,65,1,1,1,1
3114,0,756,399,55,45,1,1,1,1
3115,0,-87,369,180,115,1,1,1,1
3115,0,231,345,90,60,1,1,1,1
3115,0,448,337,60,45,1,1,1,1
3115,0,648,337,280,65,1,1,1,1
3115,0,756,399,55,45,1,1,1,1
3116,0,-87,369,180,115,1,1,1,1
3116,0,231,345,90,60,1,1,1,1
3116,0,448,337,60,45,1,1,1,1
3116,0,648,337,280,65,1,1,1,1
3116,0,756,399,55,45,1,1,1,1
3117,0,-87,369,180,115,1,1,1,1
3117,0,231,345,90,60,1,1,1,1
3117,0,448,337,60,45,1,1,1,1
3117,0,648,337,280,65,1,1,1,1
3117,0,756,399,55,45,1,1,1,1
3118,0,-87,369,180,115,1,1,1,1
3118,0,231,345,90,60,1,1,1,1
3118,0,448,337,60,45,1,1,1,1
3118,0,648,337,280,65,1,1,1,1
3118,0,756,399,55,45,1,1,1,1
3119,0,-87,369,180,115,1,1,1,1
3119,0,231,345,90,60,1,1,1,1
3119,0,448,337,60,45,1,1,1,1
3119,0,648,337,280,65,1,1,1,1
3119,0,756,399,55,45,1,1,1,1
3120,0,-87,369,180,115,1,1,1,1
3120,0,231,345,90,60,1,1,1,1
3120,0,448,337,60,45,1,1,1,1
3120,0,648,337,280,65,1,1,1,1
3120,0,756,399,55,45,1,1,1,1
3121,0,-87,369,180,115,1,1,1,1
3121,0,231,345,90,60,1,1,1,1
3121,0,448,337,60,45,1,1,1,1
3121,0,648,337,280,65,1,1,1,1
3121,0,756,399,55,45,1,1,1,1
3122,0,-88,369,180,115,1,1,1,1
3122,0,231,345,90,60,1,1,1,1
3122,0,448,337,60,45,1,1,1,1
3122,0,648,337,280,65,1,1,1,1
3122,0,756,399,55,45,1,1,1,1
3123,0,-88,369,180,115,1,1,1,1
3123,0,230,345,90,60,1,1,1,1
3123,0,447,337,60,45,1,1,1,1
3123,0,648,337,280,65,1,1,1,1
3123,0,756,399,55,45,1,1,1,1
3124,0,-88,369,180,115,1,1,1,1
3124,0,230,345,90,60,1,1,1,1
3124,0,447,337,60,45,1,1,1,1
3124,0,648,337,280,65,1,1,1,1
3124,0,756,399,55,45,1,1,1,1
3125,0,-88,369,180,115,1,1,1,1
3125,0,230,345,90,60,1,1,1,1
3125,0,447,337,60,45,1,1,1,1
3125,0,648,337,280,65,1,1,1,1
3125,0,756,399,55,45,1,1,1,1
3126,0,-88,369,180,115,1,1,1,1
3126,0,230,345,90,60,1,1,1,1
3126,0,447,337,60,45,1,1,1,1
3126,0,648,337,280,65,1,1,1,1
3126,0,756,399,55,45,1,1,1,1
3127,0,-88,369,180,115,1,1,1,1
3127,0,230,345,90,60,1,1,1,1
3127,0,447,337,60,45,1,1,1,1
3127,0,648,337,280,65,1,1,1,1
3127,0,756,399,55,45,1,1,1,1
3128,0,-88,369,180,115,1,1,1,1
3128,0,230,345,90,60,1,1,1,1
3128,0,447,337,60,45,1,1,1,1
3128,0,648,337,280,65,1,1,1,1
3128,0,756,399,55,45,1,1,1,1
3129,0,-88,369,180,115,1,1,1,1
3129,0,230,345,90,60,1,1,1,1
3129,0,447,337,60,45,1,1,1,1
3129,0,648,337,280,65,1,1,1,1
3129,0,756,399,55,45,1,1,1,1
3130,0,-88,369,180,115,1,1,1,1
3130,0,230,345,90,60,1,1,1,1
3130,0,447,337,60,45,1,1,1,1
3130,0,648,337,280,65,1,1,1,1
3130,0,756,399,55,45,1,1,1,1
3131,0,-88,369,180,115,1,1,1,1
3131,0,230,345,90,60,1,1,1,1
3131,0,447,337,60,45,1,1,1,1
3131,0,648,337,280,65,1,1,1,1
3131,0,756,399,55,45,1,1,1,1
3132,0,-88,369,180,115,1,1,1,1
3132,0,230,345,90,60,1,1,1,1
3132,0,447,337,60,45,1,1,1,1
3132,0,648,337,280,65,1,1,1,1
3132,0,756,399,55,45,1,1,1,1
3133,0,-88,369,180,115,1,1,1,1
3133,0,230,345,90,60,1,1,1,1
3133,0,447,337,60,45,1,1,1,1
3133,0,648,337,280,65,1,1,1,1
3133,0,755,399,55,45,1,1,1,1
3134,0,-88,369,180,115,1,1,1,1
3134,0,230,345,90,60,1,1,1,1
3134,0,447,337,60,45,1,1,1,1
3134,0,648,337,280,65,1,1,1,1
3134,0,755,399,55,45,1,1,1,1
3135,0,-88,369,180,115,1,1,1,1
3135,0,230,345,90,60,1,1,1,1
3135,0,447,337,60,45,1,1,1,1
3135,0,648,337,280,65,1,1,1,1
3135,0,755,399,55,45,1,1,1,1
3136,0,-88,369,180,115,1,1,1,1
3136,0,230,345,90,60,1,1,1,1
3136,0,447,337,60,45,1,1,1,1
3136,0,648,337,280,65,1,1,1,1
3136,0,755,399,55,45,1,1,1,1
3137,0,-89,369,180,115,1,1,1,1
3137,0,230,345,90,60,1,1,1,1
3137,0,447,337,60,45,1,1,1,1
3137,0,648,337,280,65,1,1,1,1
3137,0,755,399,55,45,1,1,1,1
3138,0,-89,369,180,115,1,1,1,1
3138,0,230,345,90,60,1,1,1,1
3138,0,447,337,60,45,1,1,1,1
3138,0,648,337,280,65,1,1,1,1
3138,0,755,399,55,45,1,1,1,1
3139,0,-89,369,180,115,1,1,1,1
3139,0,230,345,90,60,1,1,1,1
3139,0,447,337,60,45,1,1,1,1
3139,0,648,337,280,65,1,1,1,1
3139,0,755,399,55,45,1,1,1,1
3140,0,-89,369,180,115,1,1,1,1
3140,0,230,345,90,60,1,1,1,1
3140,0,447,337,60,45,1,1,1,1
3140,0,648,337,280,65,1,1,1,1
3140,0,755,399,55,45,1,1,1,1
3141,0,-89,369,180,115,1,1,1,1
3141,0,230,345,90,60,1,1,1,1
3141,0,447,337,60,45,1,1,1,1
3141,0,648,337,280,65,1,1,1,1
3141,0,755,399,55,45,1,1,1,1
3142,0,-89,369,180,115,1,1,1,1
3142,0,230,345,90,60,1,1,1,1
3142,0,447,337,60,45,1,1,1,1
3142,0,648,337,280,65,1,1,1,1
3142,0,755,399,55,45,1,1,1,1
3143,0,-89,369,180,115,1,1,1,1
3143,0,230,345,90,60,1,1,1,1
3143,0,447,337,60,45,1,1,1,1
3143,0,648,337,280,65,1,1,1,1
3143,0,755,399,55,45,1,1,1,1
3144,0,-89,369,180,115,1,1,1,1
3144,0,230,345,90,60,1,1,1,1
3144,0,447,337,60,45,1,1,1,1
3144,0,648,337,280,65,1,1,1,1
3144,0,755,399,55,45,1,1,1,1
3145,0,-89,369,180,115,1,1,1,1
3145,0,230,345,90,60,1,1,1,1
3145,0,447,337,60,45,1,1,1,1
3145,0,648,337,280,65,1,1,1,1
3145,0,755,399,55,45,1,1,1,1
3146,0,-89,369,180,115,1,1,1,1
3146,0,230,345,90,60,1,1,1,1
3146,0,447,337,60,45,1,1,1,1
3146,0,648,337,280,65,1,1,1,1
3146,0,755,399,55,45,1,1,1,1
3147,0,-89,369,180,115,1,1,1,1
3147,0,230,345,90,60,1,1,1,1
3147,0,447,337,60,45,1,1,1,1
3147,0,648,337,280,65,1,1,1,1
3147,0,755,399,55,45,1,1,1,1
3148,0,-89,369,180,115,1,1,1,1
3148,0,230,345,90,60,1,1,1,1
3148,0,447,337,60,45,1,1,1,1
3148,0,648,337,280,65,1,1,1,1
3148,0,755,399,55,45,1,1,1,1
3149,0,-89,369,180,115,1,1,1,1
3149,0,230,345,90,60,1,1,1,1
3149,0,447,337,60,45,1,1,1,1
3149,0,648,337,280,65,1,1,1,1
3149,0,755,399,55,45,1,1,1,1
3150,0,-89,369,180,115,1,1,1,1
3150,0,230,345,90,60,1,1,1,1
3150,0,447,337,60,45,1,1,1,1
3150,0,648,337,280,65,1,1,1,1
3150,0,755,399,55,45,1,1,1,1
3151,0,-89,369,180,115,1,1,1,1
3151,0,230,345,90,60,1,1,1,1
3151,0,447,337,60,45,1,1,1,1
3151,0,648,337,280,65,1,1,1,1
3151,0,755,399,55,45,1,1,1,1
3152,0,-90,370,180,115,1,1,1,1
3152,0,230,345,90,60,1,1,1,1
3152,0,447,337,60,45,1,1,1,1
3152,0,648,337,280,65,1,1,1,1
3152,0,755,400,55,45,1,1,1,1
3153,0,-90,370,180,115,1,1,1,1
3153,0,229,345,90,60,1,1,1,1
3153,0,447,337,60,45,1,1,1,1
3153,0,648,337,280,65,1,1,1,1
3153,0,754,400,55,45,1,1,1,1
3154,0,-90,370,180,115,1,1,1,1
3154,0,229,345,90,60,1,1,1,1
3154,0,447,337,60,45,1,1,1,1
3154,0,648,337,280,65,1,1,1,1
3154,0,754,400,55,45,1,1,1,1
3155,0,-90,370,180,115,1,1,1,1
3155,0,229,345,90,60,1,1,1,1
3155,0,447,337,60,45,1,1,1,1
3155,0,648,337,280,65,1,1,1,1
3155,0,754,400,55,45,1,1,1,1
3156,0,-90,370,180,115,1,1,1,1
3156,0,229,345,90,60,1,1,1,1
3156,0,447,337,60,45,1,1,1,1
3156,0,648,337,280,65,1,1,1,1
3156,0,754,400,55,45,1,1,1,1
3157,0,-90,370,180,115,1,1,1,1
3157,0,229,345,90,60,1,1,1,1
3157,0,447,337,60,45,1,1,1,1
3157,0,648,337,280,65,1,1,1,1
3157,0,754,400,55,45,1,1,1,1
3158,0,-90,370,180,115,1,1,1,1
3158,0,229,345,90,60,1,1,1,1
3158,0,447,337,60,45,1,1,1,1
3158,0,648,337,280,65,1,1,1,1
3158,0,754,400,55,45,1,1,1,1
3159,0,-90,370,180,115,1,1,1,1
3159,0,229,345,90,60,1,1,1,1
3159,0,447,337,60,45,1,1,1,1
3159,0,648,337,280,65,1,1,1,1
3159,0,754,400,55,45,1,1,1,1
3160,0,-90,370,180,115,1,1,1,1
3160,0,229,345,90,60,1,1,1,1
3160,0,447,337,60,45,1,1,1,1
3160,0,648,337,280,65,1,1,1,1
3160,0,754,400,55,45,1,1,1,1
3161,0,-90,370,180,115,1,1,1,1
3161,0,229,345,90,60,1,1,1,1
3161,0,447,337,60,45,1,1,1,1
3161,0,648,337,280,65,1,1,1,1
3161,0,754,400,55,45,1,1,1,1
3162,0,-90,370,180,115,1,1,1,1
3162,0,229,345,90,60,1,1,1,1
3162,0,447,337,60,45,1,1,1,1
3162,0,648,337,280,65,1,1,1,1
3162,0,754,400,55,45,1,1,1,1
3163,0,-90,370,180,115,1,1,1,1
3163,0,229,345,90,60,1,1,1,1
3163,0,447,337,60,45,1,1,1,1
3163,0,648,337,280,65,1,1,1,1
3163,0,754,400,55,45,1,1,1,1
3164,0,-90,370,180,115,1,1,1,1
3164,0,229,345,90,60,1,1,1,1
3164,0,447,337,60,45,1,1,1,1
3164,0,648,337,280,65,1,1,1,1
3164,0,754,400,55,45,1,1,1,1
3165,0,-90,370,180,115,1,1,1,1
3165,0,229,345,90,60,1,1,1,1
3165,0,447,337,60,45,1,1,1,1
3165,0,648,337,280,65,1,1,1,1
3165,0,754,400,55,45,1,1,1,1
3166,0,-90,370,180,115,1,1,1,1
3166,0,229,345,90,60,1,1,1,1
3166,0,447,337,60,45,1,1,1,1
3166,0,648,337,280,65,1,1,1,1
3166,0,754,400,55,45,1,1,1,1
3167,0,-91,370,180,115,1,1,1,1
3167,0,229,345,90,60,1,1,1,1
3167,0,447,337,60,45,1,1,1,1
3167,0,648,337,280,65,1,1,1,1
3167,0,754,400,55,45,1,1,1,1
3168,0,-91,370,180,115,1,1,1,1
3168,0,229,345,90,60,1,1,1,1
3168,0,447,337,60,45,1,1,1,1
3168,0,648,337,280,65,1,1,1,1
3168,0,754,400,55,45,1,1,1,1
3169,0,-91,370,180,115,1,1,1,1
3169,0,229,345,90,60,1,1,1,1
3169,0,447,337,60,45,1,1,1,1
3169,0,648,337,280,65,1,1,1,1
3169,0,754,400,55,45,1,1,1,1
3170,0,-91,370,180,115,1,1,1,1
3170,0,229,345,90,60,1,1,1,1
3170,0,447,337,60,45,1,1,1,1
3170,0,648,337,280,65,1,1,1,1
3170,0,754,400,55,45,1,1,1,1
3171,0,-91,370,180,115,1,1,1,1
3171,0,229,345,90,60,1,1,1,1
3171,0,447,337,60,45,1,1,1,1
3171,0,648,337,280,65,1,1,1,1
3171,0,754,400,55,45,1,1,1,1
3172,0,-91,370,180,115,1,1,1,1
3172,0,229,345,90,60,1,1,1,1
3172,0,447,337,60,45,1,1,1,1
3172,0,648,337,280,65,1,1,1,1
3172,0,754,400,55,45,1,1,1,1
3173,0,-91,370,180,115,1,1,1,1
3173,0,229,345,90,60,1,1,1,1
3173,0,447,337,60,45,1,1,1,1
3173,0,648,337,280,65,1,1,1,1
3173,0,753,400,55,45,1,1,1,1
3174,0,-91,370,180,115,1,1,1,1
3174,0,229,345,90,60,1,1,1,1
3174,0,447,337,60,45,1,1,1,1
3174,0,648,337,280,65,1,1,1,1
3174,0,753,400,55,45,1,1,1,1
3175,0,-91,370,180,115,1,1,1,1
3175,0,229,345,90,60,1,1,1,1
3175,0,447,337,60,45,1,1,1,1
3175,0,648,337,280,65,1,1,1,1
3175,0,753,400,55,45,1,1,1,1
3176,0,-91,370,180,115,1,1,1,1
3176,0,229,345,90,60,1,1,1,1
3176,0,447,337,60,45,1,1,1,1
3176,0,648,337,280,65,1,1,1,1
3176,0,753,400,55,45,1,1,1,1
3177,0,-91,370,180,115,1,1,1,1
3177,0,229,345,90,60,1,1,1,1
3177,0,447,337,60,45,1,1,1,1
3177,0,648,337,280,65,1,1,1,1
3177,0,753,400,55,45,1,1,1,1
3178,0,-91,370,180,115,1,1,1,1
3178,0,229,345,90,60,1,1,1,1
3178,0,447,337,60,45,1,1,1,1
3178,0,648,337,280,65,1,1,1,1
3178,0,753,400,55,45,1,1,1,1
3179,0,-91,370,180,115,1,1,1,1
3179,0,229,345,90,60,1,1,1,1
3179,0,447,337,60,45,1,1,1,1
3179,0,648,337,280,65,1,1,1,1
3179,0,753,400,55,45,1,1,1,1
3180,0,-91,370,180,115,1,1,1,1
3180,0,229,345,90,60,1,1,1,1
3180,0,447,337,60,45,1,1,1,1
3180,0,648,337,280,65,1,1,1,1
3180,0,753,400,55,45,1,1,1,1
3181,0,-91,370,180,115,1,1,1,1
3181,0,229,345,90,60,1,1,1,1
3181,0,447,337,60,45,1,1,1,1
3181,0,648,337,280,65,1,1,1,1
3181,0,753,400,55,45,1,1,1,1
3182,0,-92,370,180,115,1,1,1,1
3182,0,229,345,90,60,1,1,1,1
3182,0,447,337,60,45,1,1,1,1
3182,0,648,337,280,65,1,1,1,1
3182,0,753,400,55,45,1,1,1,1
3183,0,-92,370,180,115,1,1,1,1
3183,0,228,345,90,60,1,1,1,1
3183,0,446,337,60,45,1,1,1,1
3183,0,648,337,280,65,1,1,1,1
3183,0,753,400,55,45,1,1,1,1
3184,0,-92,370,180,115,1,1,1,1
3184,0,228,345,90,60,1,1,1,1
3184,0,446,337,60,45,1,1,1,1
3184,0,648,337,280,65,1,1,1,1
3184,0,753,400,55,45,1,1,1,1
3185,0,-92,370,180,115,1,1,1,1
3185,0,228,345,90,60,1,1,1,1
3185,0,446,337,60,45,1,1,1,1
3185,0,648,337,280,65,1,1,1,1
3185,0,753,400,55,45,1,1,1,1
3186,0,-92,370,180,115,1,1,1,1
3186,0,228,345,90,60,1,1,1,1
3186,0,446,337,60,45,1,1,1,1
3186,0,648,337,280,65,1,1,1,1
3186,0,753,400,55,45,1,1,1,1
3187,0,-92,370,180,115,1,1,1,1
3187,0,228,345,90,60,1,1,1,1
3187,0,446,337,60,45,1,1,1,1
3187,0,648,337,280,65,1,1,1,1
3187,0,753,400,55,45,1,1,1,1
3188,0,-92,370,180,115,1,1,1,1
3188,0,228,345,90,60,1,1,1,1
3188,0,446,337,60,45,1,1,1,1
3188,0,648,337,280,65,1,1,1,1
3188,0,753,400,55,45,1,1,1,1
3189,0,-92,370,180,115,1,1,1,1
3189,0,228,345,90,60,1,1,1,1
3189,0,446,337,60,45,1,1,1,1
3189,0,648,337,280,65,1,1,1,1
3189,0,753,400,55,45,1,1,1,1
3190,0,-92,370,180,115,1,1,1,1
3190,0,228,345,90,60,1,1,1,1
3190,0,446,337,60,45,1,1,1,1
3190,0,648,337,280,65,1,1,1,1
3190,0,753,400,55,45,1,1,1,1
3191,0,-92,370,180,115,1,1,1,1
3191,0,228,345,90,60,1,1,1,1
3191,0,446,337,60,45,1,1,1,1
3191,0,648,337,280,65,1,1,1,1
3191,0,753,400,55,45,1,1,1,1
3192,0,-92,370,180,115,1,1,1,1
3192,0,228,345,90,60,1,1,1,1
3192,0,446,337,60,45,1,1,1,1
3192,0,648,337,280,65,1,1,1,1
3192,0,753,400,55,45,1,1,1,1
3193,0,-92,370,180,115,1,1,1,1
3193,0,228,345,90,60,1,1,1,1
3193,0,446,337,60,45,1,1,1,1
3193,0,648,337,280,65,1,1,1,1
3193,0,752,400,55,45,1,1,1,1
3194,0,-92,370,180,115,1,1,1,1
3194,0,228,345,90,60,1,1,1,1
3194,0,446,337,60,45,1,1,1,1
3194,0,648,337,280,65,1,1,1,1
3194,0,752,400,55,45,1,1,1,1
3195,0,-92,370,180,115,1,1,1,1
3195,0,228,345,90,60,1,1,1,1
3195,0,446,337,60,45,1,1,1,1
3195,0,648,337,280,65,1,1,1,1
3195,0,752,400,55,45,1,1,1,1
3196,0,-92,370,180,115,1,1,1,1
3196,0,228,345,90,60,1,1,1,1
3196,0,446,337,60,45,1,1,1,1
3196,0,648,337,280,65,1,1,1,1
3196,0,752,400,55,45,1,1,1,1
3197,0,-93,370,180,115,1,1,1,1
3197,0,228,345,90,60,1,1,1,1
3197,0,446,337,60,45,1,1,1,1
3197,0,648,337,280,65,1,1,1,1
3197,0,752,400,55,45,1,1,1,1
3198,0,-93,370,180,115,1,1,1,1
3198,0,228,345,90,60,1,1,1,1
3198,0,446,337,60,45,1,1,1,1
3198,0,648,337,280,65,1,1,1,1
3198,0,752,400,55,45,1,1,1,1
3199,0,-93,370,180,115,1,1,1,1
3199,0,228,345,90,60,1,1,1,1
3199,0,446,337,60,45,1,1,1,1
3199,0,648,337,280,65,1,1,1,1
3199,0,752,400,55,45,1,1,1,1
3200,0,-93,370,180,115,1,1,1,1
3200,0,228,345,90,60,1,1,1,1
3200,0,446,337,60,45,1,1,1,1
3200,0,648,337,280,65,1,1,1,1
3200,0,752,400,55,45,1,1,1,1
3201,0,-93,370,180,115,1,1,1,1
3201,0,228,345,90,60,1,1,1,1
3201,0,446,337,60,45,1,1,1,1
3201,0,648,337,280,65,1,1,1,1
3201,0,752,400,55,45,1,1,1,1
3202,0,-93,370,180,115,1,1,1,1
3202,0,228,345,90,60,1,1,1,1
3202,0,446,337,60,45,1,1,1,1
3202,0,648,337,280,65,1,1,1,1
3202,0,752,400,55,45,1,1,1,1
3203,0,-93,370,180,115,1,1,1,1
3203,0,228,345,90,60,1,1,1,1
3203,0,446,337,60,45,1,1,1,1
3203,0,647,337,280,65,1,1,1,1
3203,0,752,400,55,45,1,1,1,1
3204,0,-93,370,180,115,1,1,1,1
3204,0,228,345,90,60,1,1,1,1
3204,0,446,337,60,45,1,1,1,1
3204,0,647,337,280,65,1,1,1,1
3204,0,752,400,55,45,1,1,1,1
3205,0,-93,370,180,115,1,1,1,1
3205,0,228,345,90,60,1,1,1,1
3205,0,446,337,60,45,1,1,1,1
3205,0,647,337,280,65,1,1,1,1
3205,0,752,400,55,45,1,1,1,1
3206,0,-93,370,180,115,1,1,1,1
3206,0,228,345,90,60,1,1,1,1
3206,0,446,337,60,45,1,1,1,1
3206,0,647,337,280,65,1,1,1,1
3206,0,752,400,55,45,1,1,1,1
3207,0,-93,370,180,115,1,1,1,1
3207,0,228,345,90,60,1,1,1,1
3207,0,446,337,60,45,1,1,1,1
3207,0,647,337,280,65,1,1,1,1
3207,0,752,400,55,45,1,1,1,1
3208,0,-93,370,180,115,1,1,1,1
3208,0,228,345,90,60,1,1,1,1
3208,0,446,337,60,45,1,1,1,1
3208,0,647,337,280,65,1,1,1,1
3208,0,752,400,55,45,1,1,1,1
3209,0,-93,370,180,115,1,1,1,1
3209,0,228,345,90,60,1,1,1,1
3209,0,446,337,60,45,1,1,1,1
3209,0,647,337,280,65,1,1,1,1
3209,0,752,400,55,45,1,1,1,1
3210,0,-93,370,180,115,1,1,1,1
3210,0,228,345,90,60,1,1,1,1
3210,0,446,337,60,45,1,1,1,1
3210,0,647,337,280,65,1,1,1,1
3210,0,752,400,55,45,1,1,1,1
3211,0,-93,370,180,115,1,1,1,1
3211,0,228,345,90,60,1,1,1,1
3211,0,446,337,60,45,1,1,1,1
3211,0,647,337,280,65,1,1,1,1
3211,0,752,400,55,45,1,1,1,1
3212,0,-94,371,180,115,1,1,1,1
3212,0,228,345,90,60,1,1,1,1
3212,0,446,337,60,45,1,1,1,1
3212,0,647,337,280,65,1,1,1,1
3212,0,752,401,55,45,1,1,1,1
3213,0,-94,371,180,115,1,1,1,1
3213,0,227,345,90,60,1,1,1,1
3213,0,446,337,60,45,1,1,1,1
3213,0,647,337,280,65,1,1,1,1
3213,0,751,401,55,45,1,1,1,1
3214,0,-94,371,180,115,1,1,1,1
3214,0,227,345,90,60,1,1,1,1
3214,0,446,337,60,45,1,1,1,1
3214,0,647,337,280,65,1,1,1,1
3214,0,751,401,55,45,1,1,1,1
3215,0,-94,371,180,115,1,1,1,1
3215,0,227,345,90,60,1,1,1,1
3215,0,446,337,60,45,1,1,1,1
3215,0,647,337,280,65,1,1,1,1
3215,0,751,401,55,45,1,1,1,1
3216,0,-94,371,180,115,1,1,1,1
3216,0,227,345,90,60,1,1,1,1
3216,0,446,337,60,45,1,1,1,1
3216,0,647,337,280,65,1,1,1,1
3216,0,751,401,55,45,1,1,1,1
3217,0,-94,371,180,115,1,1,1,1
3217,0,227,345,90,60,1,1,1,1
3217,0,446,337,60,45,1,1,1,1
3217,0,647,337,280,65,1,1,1,1
3217,0,751,401,55,45,1,1,1,1
3218,0,-94,371,180,115,1,1,1,1
3218,0,227,345,90,60,1,1,1,1
3218,0,446,337,60,45,1,1,1,1
3218,0,647,337,280,65,1,1,1,1
3218,0,751,401,55,45,1,1,1,1
3219,0,-94,371,180,115,1,1,1,1
3219,0,227,345,90,60,1,1,1,1
3219,0,446,337,60,45,1,1,1,1
3219,0,647,337,280,65,1,1,1,1
3219,0,751,401,55,45,1,1,1,1
3220,0,-94,371,180,115,1,1,1,1
3220,0,227,345,90,60,1,1,1,1
3220,0,446,337,60,45,1,1,1,1
3220,0,647,337,280,65,1,1,1,1
3220,0,751,401,55,45,1,1,1,1
3221,0,-94,371,180,115,1,1,1,1
3221,0,227,345,90,60,1,1,1,1
3221,0,446,337,60,45,1,1,1,1
3221,0,647,337,280,65,1,1,1,1
3221,0,751,401,55,45,1,1,1,1
3222,0,-94,371,180,115,1,1,1,1
3222,0,227,345,90,60,1,1,1,1
3222,0,446,337,60,45,1,1,1,1
3222,0,647,337,280,65,1,1,1,1
3222,0,751,401,55,45,1,1,1,1
3223,0,-94,371,180,115,1,1,1,1
3223,0,227,345,90,60,1,1,1,1
3223,0,446,337,60,45,1,1,1,1
3223,0,647,337,280,65,1,1,1,1
3223,0,751,401,55,45,1,1,1,1
3224,0,-94,371,180,115,1,1,1,1
3224,0,227,345,90,60,1,1,1,1
3224,0,446,337,60,45,1,1,1,1
3224,0,647,337,280,65,1,1,1,1
3224,0,751,401,55,45,1,1,1,1
3225,0,-94,371,180,115,1,1,1,1
3225,0,227,345,90,60,1,1,1,1
3225,0,446,337,60,45,1,1,1,1
3225,0,647,337,280,65,1,1,1,1
3225,0,751,401,55,45,1,1,1,1
3226,0,-94,371,180,115,1,1,1,1
3226,0,227,345,90,60,1,1,1,1
3226,0,446,337,60,45,1,1,1,1
3226,0,647,337,280,65,1,1,1,1
3226,0,751,401,55,45,1,1,1,1
3227,0,-95,371,180,115,1,1,1,1
3227,0,227,345,90,60,1,1,1,1
3227,0,446,337,60,45,1,1,1,1
3227,0,647,337,280,65,1,1,1,1
3227,0,751,401,55,45,1,1,1,1
3228,0,-95,371,180,115,1,1,1,1
3228,0,227,345,90,60,1,1,1,1
3228,0,446,337,60,45,1,1,1,1
3228,0,647,337,280,65,1,1,1,1
3228,0,751,401,55,45,1,1,1,1
3229,0,-95,371,180,115,1,1,1,1
3229,0,227,345,90,60,1,1,1,1
3229,0,446,337,60,45,1,1,1,1
3229,0,647,337,280,65,1,1,1,1
3229,0,751,401,55,45,1,1,1,1
3230,0,-95,371,180,115,1,1,1,1
3230,0,227,345,90,60,1,1,1,1
3230,0,446,337,60,45,1,1,1,1
3230,0,647,337,280,65,1,1,1,1
3230,0,751,401,55,45,1,1,1,1
3231,0,-95,371,180,115,1,1,1,1
3231,0,227,345,90,60,1,1,1,1
3231,0,446,337,60,45,1,1,1,1
3231,0,647,337,280,65,1,1,1,1
3231,0,751,401,55,45,1,1,1,1
3232,0,-95,371,180,115,1,1,1,1
3232,0,227,345,90,60,1,1,1,1
3232,0,446,337,60,45,1,1,1,1
3232,0,647,337,280,65,1,1,1,1
3232,0,751,401,55,45,1,1,1,1
3233,0,-95,371,180,115,1,1,1,1
3233,0,227,345,90,60,1,1,1,1
3233,0,446,337,60,45,1,1,1,1
3233,0,647,337,280,65,1,1,1,1
3233,0,750,401,55,45,1,1,1,1
3234,0,-95,371,180,115,1,1,1,1
3234,0,227,345,90,60,1,1,1,1
3234,0,446,337,60,45,1,1,1,1
3234,0,647,337,280,65,1,1,1,1
3234,0,750,401,55,45,1,1,1,1
3235,0,-95,371,180,115,1,1,1,1
3235,0,227,345,90,60,1,1,1,1
3235,0,446,337,60,45,1,1,1,1
3235,0,647,337,280,65,1,1,1,1
3235,0,750,401,55,45,1,1,1,1
3236,0,-95,371,180,115,1,1,1,1
3236,0,227,345,90,60,1,1,1,1
3236,0,446,337,60,45,1,1,1,1
3236,0,647,337,280,65,1,1,1,1
3236,0,750,401,55,45,1,1,1,1
3237,0,-95,371,180,115,1,1,1,1
3237,0,227,345,90,60,1,1,1,1
3237,0,446,337,60,45,1,1,1,1
3237,0,647,337,280,65,1,1,1,1
3237,0,750,401,55,45,1,1,1,1
3238,0,-95,371,180,115,1,1,1,1
3238,0,227,345,90,60,1,1,1,1
3238,0,446,337,60,45,1,1,1,1
3238,0,647,337,280,65,1,1,1,1
3238,0,750,401,55,45,1,1,1,1
3239,0,-95,371,180,115,1,1,1,1
3239,0,227,345,90,60,1,1,1,1
3239,0,446,337,60,45,1,1,1,1
3239,0,647,337,280,65,1,1,1,1
3239,0,750,401,55,45,1,1,1,1
3240,0,-95,371,180,115,1,1,1,1
3240,0,227,345,90,60,1,1,1,1
3240,0,446,337,60,45,1,1,1,1
3240,0,647,337,280,65,1,1,1,1
3240,0,750,401,55,45,1,1,1,1
3241,0,-95,371,180,115,1,1,1,1
3241,0,227,345,90,60,1,1,1,1
3241,0,446,337,60,45,1,1,1,1
3241,0,647,337,280,65,1,1,1,1
3241,0,750,401,55,45,1,1,1,1
3242,0,-96,371,180,115,1,1,1,1
3242,0,227,345,90,60,1,1,1,1
3242,0,446,337,60,45,1,1,1,1
3242,0,647,337,280,65,1,1,1,1
3242,0,750,401,55,45,1,1,1,1
3243,0,-96,371,180,115,1,1,1,1
3243,0,226,345,90,60,1,1,1,1
3243,0,445,337,60,45,1,1,1,1
3243,0,647,337,280,65,1,1,1,1
3243,0,750,401,55,45,1,1,1,1
3244,0,-96,371,180,115,1,1,1,1
3244,0,226,345,90,60,1,1,1,1
3244,0,445,337,60,45,1,1,1,1
3244,0,647,337,280,65,1,1,1,1
3244,0,750,401,55,45,1,1,1,1
3245,0,-96,371,180,115,1,1,1,1
3245,0,226,345,90,60,1,1,1,1
3245,0,445,337,60,45,1,1,1,1
3245,0,647,337,280,65,1,1,1,1
3245,0,750,401,55,45,1,1,1,1
3246,0,-96,371,180,115,1,1,1,1
3246,0,226,345,90,60,1,1,1,1
3246,0,445,337,60,45,1,1,1,1
3246,0,647,337,280,65,1,1,1,1
3246,0,750,401,55,45,1,1,1,1
3247,0,-96,371,180,115,1,1,1,1
3247,0,226,345,90,60,1,1,1,1
3247,0,445,337,60,45,1,1,1,1
3247,0,647,337,280,65,1,1,1,1
3247,0,750,401,55,45,1,1,1,1
3248,0,-96,371,180,115,1,1,1,1
3248,0,226,345,90,60,1,1,1,1
3248,0,445,337,60,45,1,1,1,1
3248,0,647,337,280,65,1,1,1,1
3248,0,750,401,55,45,1,1,1,1
3249,0,-96,371,180,115,1,1,1,1
3249,0,226,345,90,60,1,1,1,1
3249,0,445,337,60,45,1,1,1,1
3249,0,647,337,280,65,1,1,1,1
3249,0,750,401,55,45,1,1,1,1
3250,0,-96,371,180,115,1,1,1,1
3250,0,226,345,90,60,1,1,1,1
3250,0,445,337,60,45,1,1,1,1
3250,0,647,337,280,65,1,1,1,1
3250,0,750,401,55,45,1,1,1,1
3251,0,-96,371,180,115,1,1,1,1
3251,0,226,345,90,60,1,1,1,1
3251,0,445,337,60,45,1,1,1,1
3251,0,647,337,280,65,1,1,1,1
3251,0,750,401,55,45,1,1,1,1
3252,0,-96,371,180,115,1,1,1,1
3252,0,226,345,90,60,1,1,1,1
3252,0,445,337,60,45,1,1,1,1
3252,0,647,337,280,65,1,1,1,1
3252,0,750,401,55,45,1,1,1,1
3253,0,-96,371,180,115,1,1,1,1
3253,0,226,345,90,60,1,1,1,1
3253,0,445,337,60,45,1,1,1,1
3253,0,647,337,280,65,1,1,1,1
3253,0,749,401,55,45,1,1,1,1
3254,0,-96,371,180,115,1,1,1,1
3254,0,226,345,90,60,1,1,1,1
3254,0,445,337,60,45,1,1,1,1
3254,0,647,337,280,65,1,1,1,1
3254,0,749,401,55,45,1,1,1,1
3255,0,-96,371,180,115,1,1,1,1
3255,0,226,345,90,60,1,1,1,1
3255,0,445,337,60,45,1,1,1,1
3255,0,647,337,280,65,1,1,1,1
3255,0,749,401,55,45,1,1,1,1
3256,0,-96,371,180,115,1,1,1,1
3256,0,226,345,90,60,1,1,1,1
3256,0,445,337,60,45,1,1,1,1
3256,0,647,337,280,65,1,1,1,1
3256,0,749,401,55,45,1,1,1,1
3257,0,-97,371,180,115,1,1,1,1
3257,0,226,345,90,60,1,1,1,1
3257,0,445,337,60,45,1,1,1,1
3257,0,647,337,280,65,1,1,1,1
3257,0,749,401,55,45,1,1,1,1
3258,0,-97,371,180,115,1,1,1,1
3258,0,226,345,90,60,1,1,1,1
3258,0,445,337,60,45,1,1,1,1
3258,0,647,337,280,65,1,1,1,1
3258,0,749,401,55,45,1,1,1,1
3259,0,-97,371,180,115,1,1,1,1
3259,0,226,345,90,60,1,1,1,1
3259,0,445,337,60,45,1,1,1,1
3259,0,647,337,280,65,1,1,1,1
3259,0,749,401,55,45,1,1,1,1
3260,0,-97,371,180,115,1,1,1,1
3260,0,226,345,90,60,1,1,1,1
3260,0,445,337,60,45,1,1,1,1
3260,0,647,337,280,65,1,1,1,1
3260,0,749,401,55,45,1,1,1,1
3261,0,-97,371,180,115,1,1,1,1
3261,0,226,345,90,60,1,1,1,1
3261,0,445,337,60,45,1,1,1,1
3261,0,647,337,280,65,1,1,1,1
3261,0,749,401,55,45,1,1,1,1
3262,0,-97,371,180,115,1,1,1,1
3262,0,226,345,90,60,1,1,1,1
3262,0,445,337,60,45,1,1,1,1
3262,0,647,337,280,65,1,1,1,1
3262,0,749,401,55,45,1,1,1,1
3263,0,-97,371,180,115,1,1,1,1
3263,0,226,345,90,60,1,1,1,1
3263,0,445,337,60,45,1,1,1,1
3263,0,647,337,280,65,1,1,1,1
3263,0,749,401,55,45,1,1,1,1
3264,0,-97,371,180,115,1,1,1,1
3264,0,226,345,90,60,1,1,1,1
3264,0,445,337,60,45,1,1,1,1
3264,0,647,337,280,65,1,1,1,1
3264,0,749,401,55,45,1,1,1,1
3265,0,-97,371,180,115,1,1,1,1
3265,0,226,345,90,60,1,1,1,1
3265,0,445,337,60,45,1,1,1,1
3265,0,647,337,280,65,1,1,1,1
3265,0,749,401,55,45,1,1,1,1
3266,0,-97,371,180,115,1,1,1,1
3266,0,226,345,90,60,1,1,1,1
3266,0,445,337,60,45,1,1,1,1
3266,0,647,337,280,65,1,1,1,1
3266,0,749,401,55,45,1,1,1,1
3267,0,-97,371,180,115,1,1,1,1
3267,0,226,345,90,60,1,1,1,1
3267,0,445,337,60,45,1,1,1,1
3267,0,647,337,280,65,1,1,1,1
3267,0,749,401,55,45,1,1,1,1
3268,0,-97,371,180,115,1,1,1,1
3268,0,226,345,90,60,1,1,1,1
3268,0,445,337,60,45,1,1,1,1
3268,0,647,337,280,65,1,1,1,1
3268,0,749,401,55,45,1,1,1,1
3269,0,-97,371,180,115,1,1,1,1
3269,0,226,345,90,60,1,1,1,1
3269,0,445,337,60,45,1,1,1,1
3269,0,647,337,280,65,1,1,1,1
3269,0,749,401,55,45,1,1,1,1
3270,0,-97,371,180,115,1,1,1,1
3270,0,226,345,90,60,1,1,1,1
3270,0,445,337,60,45,1,1,1,1
3270,0,647,337,280,65,1,1,1,1
3270,0,749,401,55,45,1,1,1,1
3271,0,-97,371,180,115,1,1,1,1
3271,0,226,345,90,60,1,1,1,1
3271,0,445,337,60,45,1,1,1,1
3271,0,647,337,280,65,1,1,1,1
3271,0,749,401,55,45,1,1,1,1
3272,0,-98,372,180,115,1,1,1,1
3272,0,226,345,90,60,1,1,1,1
3272,0,445,337,60,45,1,1,1,1
3272,0,647,337,280,65,1,1,1,1
3272,0,749,402,55,45,1,1,1,1
3273,0,-98,372,180,115,1,1,1,1
3273,0,225,345,90,60,1,1,1,1
3273,0,445,337,60,45,1,1,1,1
3273,0,647,337,280,65,1,1,1,1
3273,0,748,402,55,45,1,1,1,1
3274,0,-98,372,180,115,1,1,1,1
3274,0,225,345,90,60,1,1,1,1
3274,0,445,337,60,45,1,1,1,1
3274,0,647,337,280,65,1,1,1,1
3274,0,748,402,55,45,1,1,1,1
3275,0,-98,372,180,115,1,1,1,1
3275,0,225,345,90,60,1,1,1,1
3275,0,445,337,60,45,1,1,1,1
3275,0,647,337,280,65,1,1,1,1
3275,0,748,402,55,45,1,1,1,1
3276,0,-98,372,180,115,1,1,1,1
3276,0,225,345,90,60,1,1,1,1
3276,0,445,337,60,45,1,1,1,1
3276,0,647,337,280,65,1,1,1,1
3276,0,748,402,55,45,1,1,1,1
3277,0,-98,372,180,115,1,1,1,1
3277,0,225,345,90,60,1,1,1,1
3277,0,445,337,60,45,1,1,1,1
3277,0,647,337,280,65,1,1,1,1
3277,0,748,402,55,45,1,1,1,1
3278,0,-98,372,180,115,1,1,1,1
3278,0,225,345,90,60,1,1,1,1
3278,0,445,337,60,45,1,1,1,1
3278,0,647,337,280,65,1,1,1,1
3278,0,748,402,55,45,1,1,1,1
3279,0,-98,372,180,115,1,1,1,1
3279,0,225,345,90,60,1,1,1,1
3279,0,445,337,60,45,1,1,1,1
3279,0,647,337,280,65,1,1,1,1
3279,0,748,402,55,45,1,1,1,1
3280,0,-98,372,180,115,1,1,1,1
3280,0,225,345,90,60,1,1,1,1
3280,0,445,337,60,45,1,1,1,1
3280,0,647,337,280,65,1,1,1,1
3280,0,748,402,55,45,1,1,1,1
3281,0,-98,372,180,115,1,1,1,1
3281,0,225,345,90,60,1,1,1,1
3281,0,445,337,60,45,1,1,1,1
3281,0,647,337,280,65,1,1,1,1
3281,0,748,402,55,45,1,1,1,1
3282,0,-98,372,180,115,1,1,1,1
3282,0,225,345,90,60,1,1,1,1
3282,0,445,337,60,45,1,1,1,1
3282,0,647,337,280,65,1,1,1,1
3282,0,748,402,55,45,1,1,1,1
3283,0,-98,372,180,115,1,1,1,1
3283,0,225,345,90,60,1,1,1,1
3283,0,445,337,60,45,1,1,1,1
3283,0,647,337,280,65,1,1,1,1
3283,0,748,402,55,45,1,1,1,1
3284,0,-98,372,180,115,1,1,1,1
3284,0,225,345,90,60,1,1,1,1
3284,0,445,337,60,45,1,1,1,1
3284,0,647,337,280,65,1,1,1,1
3284,0,748,402,55,45,1,1,1,1
3285,0,-98,372,180,115,1,1,1,1
3285,0,225,345,90,60,1,1,1,1
3285,0,445,337,60,45,1,1,1,1
3285,0,647,337,280,65,1,1,1,1
3285,0,748,402,55,45,1,1,1,1
3286,0,-98,372,180,115,1,1,1,1
3286,0,225,345,90,60,1,1,1,1
3286,0,445,337,60,45,1,1,1,1
3286,0,647,337,280,65,1,1,1,1
3286,0,748,402,55,45,1,1,1,1
3287,0,-99,372,180,115,1,1,1,1
3287,0,225,345,90,60,1,1,1,1
3287,0,445,337,60,45,1,1,1,1
3287,0,647,337,280,65,1,1,1,1
3287,0,748,402,55,45,1,1,1,1
3288,0,-99,372,180,115,1,1,1,1
3288,0,225,345,90,60,1,1,1,1
3288,0,445,337,60,45,1,1,1,1
3288,0,647,337,280,65,1,1,1,1
3288,0,748,402,55,45,1,1,1,1
3289,0,-99,372,180,115,1,1,1,1
3289,0,225,345,90,60,1,1,1,1
3289,0,445,337,60,45,1,1,1,1
3289,0,647,337,280,65,1,1,1,1
3289,0,748,402,55,45,1,1,1,1
3290,0,-99,372,180,115,1,1,1,1
3290,0,225,345,90,60,1,1,1,1
3290,0,445,337,60,45,1,1,1,1
3290,0,647,337,280,65,1,1,1,1
3290,0,748,402,55,45,1,1,1,1
3291,0,-99,372,180,115,1,1,1,1
3291,0,225,345,90,60,1,1,1,1
3291,0,445,337,60,45,1,1,1,1
3291,0,647,337,280,65,1,1,1,1
3291,0,748,402,55,45,1,1,1,1
3292,0,-99,372,180,115,1,1,1,1
3292,0,225,345,90,60,1,1,1,1
3292,0,445,337,60,45,1,1,1,1
3292,0,647,337,280,65,1,1,1,1
3292,0,748,402,55,45,1,1,1,1
3293,0,-99,372,180,115,1,1,1,1
3293,0,225,345,90,60,1,1,1,1
3293,0,445,337,60,45,1,1,1,1
3293,0,647,337,280,65,1,1,1,1
3293,0,747,402,55,45,1,1,1,1
3294,0,-99,372,180,115,1,1,1,1
3294,0,225,345,90,60,1,1,1,1
3294,0,445,337,60,45,1,1,1,1
3294,0,647,337,280,65,1,1,1,1
3294,0,747,402,55,45,1,1,1,1
3295,0,-99,372,180,115,1,1,1,1
3295,0,225,345,90,60,1,1,1,1
3295,0,445,337,60,45,1,1,1,1
3295,0,647,337,280,65,1,1,1,1
3295,0,747,402,55,45,1,1,1,1
3296,0,-99,372,180,115,1,1,1,1
3296,0,225,345,90,60,1,1,1,1
3296,0,445,337,60,45,1,1,1,1
3296,0,647,337,280,65,1,1,1,1
3296,0,747,402,55,45,1,1,1,1
3297,0,-99,372,180,115,1,1,1,1
3297,0,225,345,90,60,1,1,1,1
3297,0,445,337,60,45,1,1,1,1
3297,0,647,337,280,65,1,1,1,1
3297,0,747,402,55,45,1,1,1,1
3298,0,-99,372,180,115,1,1,1,1
3298,0,225,345,90,60,1,1,1,1
3298,0,445,337,60,45,1,1,1,1
3298,0,647,337,280,65,1,1,1,1
3298,0,747,402,55,45,1,1,1,1
3299,0,-99,372,180,115,1,1,1,1
3299,0,225,345,90,60,1,1,1,1
3299,0,445,337,60,45,1,1,1,1
3299,0,647,337,280,65,1,1,1,1
3299,0,747,402,55,45,1,1,1,1
3300,0,-99,372,180,115,1,1,1,1
3300,0,225,345,90,60,1,1,1,1
3300,0,445,337,60,45,1,1,1,1
3300,0,647,337,280,65,1,1,1,1
3300,0,747,402,55,45,1,1,1,1
3301,0,-99,372,180,115,1,1,1,1
3301,0,225,345,90,60,1,1,1,1
3301,0,445,337,60,45,1,1,1,1
3301,0,647,337,280,65,1,1,1,1
3301,0,747,402,55,45,1,1,1,1
3302,0,-100,372,180,115,1,1,1,1
3302,0,225,345,90,60,1,1,1,1
3302,0,445,337,60,45,1,1,1,1
3302,0,647,337,280,65,1,1,1,1
3302,0,747,402,55,45,1,1,1,1
3303,0,-100,372,180,115,1,1,1,1
3303,0,224,345,90,60,1,1,1,1
3303,0,444,337,60,45,1,1,1,1
3303,0,646,337,280,65,1,1,1,1
3303,0,747,402,55,45,1,1,1,1
3304,0,-100,372,180,115,1,1,1,1
3304,0,224,345,90,60,1,1,1,1
3304,0,444,337,60,45,1,1,1,1
3304,0,646,337,280,65,1,1,1,1
3304,0,747,402,55,45,1,1,1,1
3305,0,-100,372,180,115,1,1,1,1
3305,0,224,345,90,60,1,1,1,1
3305,0,444,337,60,45,1,1,1,1
3305,0,646,337,280,65,1,1,1,1
3305,0,747,402,55,45,1,1,1,1
3306,0,-100,372,180,115,1,1,1,1
3306,0,224,345,90,60,1,1,1,1
3306,0,444,337,60,45,1,1,1,1
3306,0,646,337,280,65,1,1,1,1
3306,0,747,402,55,45,1,1,1,1
3307,0,-100,372,180,115,1,1,1,1
3307,0,224,345,90,60,1,1,1,1
3307,0,444,337,60,45,1,1,1,1
3307,0,646,337,280,65,1,1,1,1
3307,0,747,402,55,45,1,1,1,1
3308,0,-100,372,180,115,1,1,1,1
3308,0,224,345,90,60,1,1,1,1
3308,0,444,337,60,45,1,1,1,1
3308,0,646,337,280,65,1,1,1,1
3308,0,747,402,55,45,1,1,1,1
3309,0,-100,372,180,115,1,1,1,1
3309,0,224,345,90,60,1,1,1,1
3309,0,444,337,60,45,1,1,1,1
3309,0,646,337,280,65,1,1,1,1
3309,0,747,402,55,45,1,1,1,1
3310,0,-100,372,180,115,1,1,1,1
3310,0,224,345,90,60,1,1,1,1
3310,0,444,337,60,45,1,1,1,1
3310,0,646,337,280,65,1,1,1,1
3310,0,747,402,55,45,1,1,1,1
3311,0,-100,372,180,115,1,1,1,1
3311,0,224,345,90,60,1,1,1,1
3311,0,444,337,60,45,1,1,1,1
3311,0,646,337,280,65,1,1,1,1
3311,0,747,402,55,45,1,1,1,1
3312,0,-100,372,180,115,1,1,1,1
3312,0,224,345,90,60,1,1,1,1
3312,0,444,337,60,45,1,1,1,1
3312,0,646,337,280,65,1,1,1,1
3312,0,747,402,55,45,1,1,1,1
3313,0,-100,372,180,115,1,1,1,1
3313,0,224,345,90,60,1,1,1,1
3313,0,444,337,60,45,1,1,1,1
3313,0,646,337,280,65,1,1,1,1
3313,0,746,402,55,45,1,1,1,1
3314,0,-100,372,180,115,1,1,1,1
3314,0,224,345,90,60,1,1,1,1
3314,0,444,337,60,45,1,1,1,1
3314,0,646,337,280,65,1,1,1,1
3314,0,746,402,55,45,1,1,1,1
3315,0,-100,372,180,115,1,1,1,1
3315,0,224,345,90,60,1,1,1,1
3315,0,444,337,60,45,1,1,1,1
3315,0,646,337,280,65,1,1,1,1
3315,0,746,402,55,45,1,1,1,1
3316,0,-100,372,180,115,1,1,1,1
3316,0,224,345,90,60,1,1,1,1
3316,0,444,337,60,45,1,1,1,1
3316,0,646,337,280,65,1,1,1,1
3316,0,746,402,55,45,1,1,1,1
3317,0,-101,372,180,115,1,1,1,1
3317,0,224,345,90,60,1,1,1,1
3317,0,444,337,60,45,1,1,1,1
3317,0,646,337,280,65,1,1,1,1
3317,0,746,402,55,45,1,1,1,1
3318,0,-101,372,180,115,1,1,1,1
3318,0,224,345,90,60,1,1,1,1
3318,0,444,337,60,45,1,1,1,1
3318,0,646,337,280,65,1,1,1,1
3318,0,746,402,55,45,1,1,1,1
3319,0,-101,372,180,115,1,1,1,1
3319,0,224,345,90,60,1,1,1,1
3319,0,444,337,60,45,1,1,1,1
3319,0,646,337,280,65,1,1,1,1
3319,0,746,402,55,45,1,1,1,1
3320,0,-101,372,180,115,1,1,1,1
3320,0,224,345,90,60,1,1,1,1
3320,0,444,337,60,45,1,1,1,1
3320,0,646,337,280,65,1,1,1,1
3320,0,746,402,55,45,1,1,1,1
3321,0,-101,372,180,115,1,1,1,1
3321,0,224,345,90,60,1,1,1,1
3321,0,444,337,60,45,1,1,1,1
3321,0,646,337,280,65,1,1,1,1
3321,0,746,402,55,45,1,1,1,1
3322,0,-101,372,180,115,1,1,1,1
3322,0,224,345,90,60,1,1,1,1
3322,0,444,337,60,45,1,1,1,1
3322,0,646,337,280,65,1,1,1,1
3322,0,746,402,55,45,1,1,1,1
3323,0,-101,372,180,115,1,1,1,1
3323,0,224,345,90,60,1,1,1,1
3323,0,444,337,60,45,1,1,1,1
3323,0,646,337,280,65,1,1,1,1
3323,0,746,402,55,45,1,1,1,1
3324,0,-101,372,180,115,1,1,1,1
3324,0,224,345,90,60,1,1,1,1
3324,0,444,337,60,45,1,1,1,1
3324,0,646,337,280,65,1,1,1,1
3324,0,746,402,55,45,1,1,1,1
3325,0,-101,372,180,115,1,1,1,1
3325,0,224,345,90,60,1,1,1,1
3325,0,444,337,60,45,1,1,1,1
3325,0,646,337,280,65,1,1,1,1
3325,0,746,402,55,45,1,1,1,1
3326,0,-101,372,180,115,1,1,1,1
3326,0,224,345,90,60,1,1,1,1
3326,0,444,337,60,45,1,1,1,1
3326,0,646,337,280,65,1,1,1,1
3326,0,746,402,55,45,1,1,1,1
3327,0,-101,372,180,115,1,1,1,1
3327,0,224,345,90,60,1,1,1,1
3327,0,444,337,60,45,1,1,1,1
3327,0,646,337,280,65,1,1,1,1
3327,0,746,402,55,45,1,1,1,1
3328,0,-101,372,180,115,1,1,1,1
3328,0,224,345,90,60,1,1,1,1
3328,0,444,337,60,45,1,1,1,1
3328,0,646,337,280,65,1,1,1,1
3328,0,746,402,55,45,1,1,1,1
3329,0,-101,372,180,115,1,1,1,1
3329,0,224,345,90,60,1,1,1,1
3329,0,444,337,60,45,1,1,1,1
3329,0,646,337,280,65,1,1,1,1
3329,0,746,402,55,45,1,1,1,1
3330,0,-101,372,180,115,1,1,1,1
3330,0,224,345,90,60,1,1,1,1
3330,0,444,337,60,45,1,1,1,1
3330,0,646,337,280,65,1,1,1,1
3330,0,746,402,55,45,1,1,1,1
3331,0,-101,372,180,115,1,1,1,1
3331,0,224,345,90,60,1,1,1,1
3331,0,444,337,60,45,1,1,1,1
3331,0,646,337,280,65,1,1,1,1
3331,0,746,402,55,45,1,1,1,1
3332,0,-102,373,180,115,1,1,1,1
3332,0,224,345,90,60,1,1,1,1
3332,0,444,337,60,45,1,1,1,1
3332,0,646,337,280,65,1,1,1,1
3332,0,746,403,55,45,1,1,1,1
3333,0,-102,373,180,115,1,1,1,1
3333,0,223,345,90,60,1,1,1,1
3333,0,444,337,60,45,1,1,1,1
3333,0,646,337,280,65,1,1,1,1
3333,0,745,403,55,45,1,1,1,1
3334,0,-102,373,180,115,1,1,1,1
3334,0,223,345,90,60,1,1,1,1
3334,0,444,337,60,45,1,1,1,1
3334,0,646,337,280,65,1,1,1,1
3334,0,745,403,55,45,1,1,1,1
3335,0,-102,373,180,115,1,1,1,1
3335,0,223,345,90,60,1,1,1,1
3335,0,444,337,60,45,1,1,1,1
3335,0,646,337,280,65,1,1,1,1
3335,0,745,403,55,45,1,1,1,1
3336,0,-102,373,180,115,1,1,1,1
3336,0,223,345,90,60,1,1,1,1
3336,0,444,337,60,45,1,1,1,1
3336,0,646,337,280,65,1,1,1,1
3336,0,745,403,55,45,1,1,1,1
3337,0,-102,373,180,115,1,1,1,1
3337,0,223,345,90,60,1,1,1,1
3337,0,444,337,60,45,1,1,1,1
3337,0,646,337,280,65,1,1,1,1
3337,0,745,403,55,45,1,1,1,1
3338,0,-102,373,180,115,1,1,1,1
3338,0,223,345,90,60,1,1,1,1
3338,0,444,337,60,45,1,1,1,1
3338,0,646,337,280,65,1,1,1,1
3338,0,745,403,55,45,1,1,1,1
3339,0,-102,373,180,115,1,1,1,1
3339,0,223,345,90,60,1,1,1,1
3339,0,444,337,60,45,1,1,1,1
3339,0,646,337,280,65,1,1,1,1
3339,0,745,403,55,45,1,1,1,1
3340,0,-102,373,180,115,1,1,1,1
3340,0,223,345,90,60,1,1,1,1
3340,0,444,337,60,45,1,1,1,1
3340,0,646,337,280,65,1,1,1,1
3340,0,745,403,55,45,1,1,1,1
3341,0,-102,373,180,115,1,1,1,1
3341,0,223,345,90,60,1,1,1,1
3341,0,444,337,60,45,1,1,1,1
3341,0,646,337,280,65,1,1,1,1
3341,0,745,403,55,45,1,1,1,1
3342,0,-102,373,180,115,1,1,1,1
3342,0,223,345,90,60,1,1,1,1
3342,0,444,337,60,45,1,1,1,1
3342,0,646,337,280,65,1,1,1,1
3342,0,745,403,55,45,1,1,1,1
3343,0,-102,373,180,115,1,1,1,1
3343,0,223,345,90,60,1,1,1,1
3343,0,444,337,60,45,1,1,1,1
3343,0,646,337,280,65,1,1,1,1
3343,0,745,403,55,45,1,1,1,1
3344,0,-102,373,180,115,1,1,1,1
3344,0,223,345,90,60,1,1,1,1
3344,0,444,337,60,45,1,1,1,1
3344,0,646,337,280,65,1,1,1,1
3344,0,745,403,55,45,1,1,1,1
3345,0,-102,373,180,115,1,1,1,1
3345,0,223,345,90,60,1,1,1,1
3345,0,444,337,60,45,1,1,1,1
3345,0,646,337,280,65,1,1,1,1
3345,0,745,403,55,45,1,1,1,1
3346,0,-102,373,180,115,1,1,1,1
3346,0,223,345,90,60,1,1,1,1
3346,0,444,337,60,45,1,1,1,1
3346,0,646,337,280,65,1,1,1,1
3346,0,745,403,55,45,1,1,1,1
3347,0,-103,373,180,115,1,1,1,1
3347,0,223,345,90,60,1,1,1,1
3347,0,444,337,60,45,1,1,1,1
3347,0,646,337,280,65,1,1,1,1
3347,0,745,403,55,45,1,1,1,1
3348,0,-103,373,180,115,1,1,1,1
3348,0,223,345,90,60,1,1,1,1
3348,0,444,337,60,45,1,1,1,1
3348,0,646,337,280,65,1,1,1,1
3348,0,745,403,55,45,1,1,1,1
3349,0,-103,373,180,115,1,1,1,1
3349,0,223,345,90,60,1,1,1,1
3349,0,444,337,60,45,1,1,1,1
3349,0,646,337,280,65,1,1,1,1
3349,0,745,403,55,45,1,1,1,1
3350,0,-103,373,180,115,1,1,1,1
3350,0,223,345,90,60,1,1,1,1
3350,0,444,337,60,45,1,1,1,1
3350,0,646,337,280,65,1,1,1,1
3350,0,745,403,55,45,1,1,1,1
3351,0,-103,373,180,115,1,1,1,1
3351,0,223,345,90,60,1,1,1,1
3351,0,444,337,60,45,1,1,1,1
3351,0,646,337,280,65,1,1,1,1
3351,0,745,403,55,45,1,1,1,1
3352,0,-103,373,180,115,1,1,1,1
3352,0,223,345,90,60,1,1,1,1
3352,0,444,337,60,45,1,1,1,1
3352,0,646,337,280,65,1,1,1,1
3352,0,745,403,55,45,1,1,1,1
3353,0,-103,373,180,115,1,1,1,1
3353,0,223,345,90,60,1,1,1,1
3353,0,444,337,60,45,1,1,1,1
3353,0,646,337,280,65,1,1,1,1
3353,0,744,403,55,45,1,1,1,1
3354,0,-103,373,180,115,1,1,1,1
3354,0,223,345,90,60,1,1,1,1
3354,0,444,337,60,45,1,1,1,1
3354,0,646,337,280,65,1,1,1,1
3354,0,744,403,55,45,1,1,1,1
3355,0,-103,373,180,115,1,1,1,1
3355,0,223,345,90,60,1,1,1,1
3355,0,444,337,60,45,1,1,1,1
3355,0,646,337,280,65,1,1,1,1
3355,0,744,403,55,45,1,1,1,1
3356,0,-103,373,180,115,1,1,1,1
3356,0,223,345,90,60,1,1,1,1
3356,0,444,337,60,45,1,1,1,1
3356,0,646,337,280,65,1,1,1,1
3356,0,744,403,55,45,1,1,1,1
3357,0,-103,373,180,115,1,1,1,1
3357,0,223,345,90,60,1,1,1,1
3357,0,444,337,60,45,1,1,1,1
3357,0,646,337,280,65,1,1,1,1
3357,0,744,403,55,45,1,1,1,1
3358,0,-103,373,180,115,1,1,1,1
3358,0,223,345,90,60,1,1,1,1
3358,0,444,337,60,45,1,1,1,1
3358,0,646,337,280,65,1,1,1,1
3358,0,744,403,55,45,1,1,1,1
3359,0,-103,373,180,115,1,1,1,1
3359,0,223,345,90,60,1,1,1,1
3359,0,444,337,60,45,1,1,1,1
3359,0,646,337,280,65,1,1,1,1
3359,0,744,403,55,45,1,1,1,1
3360,0,-103,373,180,115,1,1,1,1
3360,0,223,345,90,60,1,1,1,1
3360,0,444,337,60,45,1,1,1,1
3360,0,646,337,280,65,1,1,1,1
3360,0,744,403,55,45,1,1,1,1
3361,0,-103,373,180,115,1,1,1,1
3361,0,223,345,90,60,1,1,1,1
3361,0,444,337,60,45,1,1,1,1
3361,0,646,337,280,65,1,1,1,1
3361,0,744,403,55,45,1,1,1,1
3362,0,-104,373,180,115,1,1,1,1
3362,0,223,345,90,60,1,1,1,1
3362,0,444,337,60,45,1,1,1,1
3362,0,646,337,280,65,1,1,1,1
3362,0,744,403,55,45,1,1,1,1
3363,0,-104,373,180,115,1,1,1,1
3363,0,222,345,90,60,1,1,1,1
3363,0,443,337,60,45,1,1,1,1
3363,0,646,337,280,65,1,1,1,1
3363,0,744,403,55,45,1,1,1,1
3364,0,-104,373,180,115,1,1,1,1
3364,0,222,345,90,60,1,1,1,1
3364,0,443,337,60,45,1,1,1,1
3364,0,646,337,280,65,1,1,1,1
3364,0,744,403,55,45,1,1,1,1
3365,0,-104,373,180,115,1,1,1,1
3365,0,222,345,90,60,1,1,1,1
3365,0,443,337,60,45,1,1,1,1
3365,0,646,337,280,65,1,1,1,1
3365,0,744,403,55,45,1,1,1,1
3366,0,-104,373,180,115,1,1,1,1
3366,0,222,345,90,60,1,1,1,1
3366,0,443,337,60,45,1,1,1,1
3366,0,646,337,280,65,1,1,1,1
3366,0,744,403,55,45,1,1,1,1
3367,0,-104,373,180,115,1,1,1,1
3367,0,222,345,90,60,1,1,1,1
3367,0,443,337,60,45,1,1,1,1
3367,0,646,337,280,65,1,1,1,1
3367,0,744,403,55,45,1,1,1,1
3368,0,-104,373,180,115,1,1,1,1
3368,0,222,345,90,60,1,1,1,1
3368,0,443,337,60,45,1,1,1,1
3368,0,646,337,280,65,1,1,1,1
3368,0,744,403,55,45,1,1,1,1
3369,0,-104,373,180,115,1,1,1,1
3369,0,222,345,90,60,1,1,1,1
3369,0,443,337,60,45,1,1,1,1
3369,0,646,337,280,65,1,1,1,1
3369,0,744,403,55,45,1,1,1,1
3370,0,-104,373,180,115,1,1,1,1
3370,0,222,345,90,60,1,1,1,1
3370,0,443,337,60,45,1,1,1,1
3370,0,646,337,280,65,1,1,1,1
3370,0,744,403,55,45,1,1,1,1
3371,0,-104,373,180,115,1,1,1,1
3371,0,222,345,90,60,1,1,1,1
3371,0,443,337,60,45,1,1,1,1
3371,0,646,337,280,65,1,1,1,1
3371,0,744,403,55,45,1,1,1,1
3372,0,-104,373,180,115,1,1,1,1
3372,0,222,345,90,60,1,1,1,1
3372,0,443,337,60,45,1,1,1,1
3372,0,646,337,280,65,1,1,1,1
3372,0,744,403,55,45,1,1,1,1
3373,0,-104,373,180,115,1,1,1,1
3373,0,222,345,90,60,1,1,1,1
3373,0,443,337,60,45,1,1,1,1
3373,0,646,337,280,65,1,1,1,1
3373,0,743,403,55,45,1,1,1,1
3374,0,-104,373,180,115,1,1,1,1
3374,0,222,345,90,60,1,1,1,1
3374,0,443,337,60,45,1,1,1,1
3374,0,646,337,280,65,1,1,1,1
3374,0,743,403,55,45,1,1,1,1
3375,0,-104,373,180,115,1,1,1,1
3375,0,222,345,90,60,1,1,1,1
3375,0,443,337,60,45,1,1,1,1
3375,0,646,337,280,65,1,1,1,1
3375,0,743,403,55,45,1,1,1,1
3376,0,-104,373,180,115,1,1,1,1
3376,0,222,345,90,60,1,1,1,1
3376,0,443,337,60,45,1,1,1,1
3376,0,646,337,280,65,1,1,1,1
3376,0,743,403,55,45,1,1,1,1
3377,0,-105,373,180,115,1,1,1,1
3377,0,222,345,90,60,1,1,1,1
3377,0,443,337,60,45,1,1,1,1
3377,0,646,337,280,65,1,1,1,1
3377,0,743,403,55,45,1,1,1,1
3378,0,-105,373,180,115,1,1,1,1
3378,0,222,345,90,60,1,1,1,1
3378,0,443,337,60,45,1,1,1,1
3378,0,646,337,280,65,1,1,1,1
3378,0,743,403,55,45,1,1,1,1
3379,0,-105,373,180,115,1,1,1,1
3379,0,222,345,90,60,1,1,1,1
3379,0,443,337,60,45,1,1,1,1
3379,0,646,337,280,65,1,1,1,1
3379,0,743,403,55,45,1,1,1,1
3380,0,-105,373,180,115,1,1,1,1
3380,0,222,345,90,60,1,1,1,1
3380,0,443,337,60,45,1,1,1,1
3380,0,646,337,280,65,1,1,1,1
3380,0,743,403,55,45,1,1,1,1
3381,0,-105,373,180,115,1,1,1,1
3381,0,222,345,90,60,1,1,1,1
3381,0,443,337,60,45,1,1,1,1
3381,0,646,337,280,65,1,1,1,1
3381,0,743,403,55,45,1,1,1,1
3382,0,-105,373,180,115,1,1,1,1
3382,0,222,345,90,60,1,1,1,1
3382,0,443,337,60,45,1,1,1,1
3382,0,646,337,280,65,1,1,1,1
3382,0,743,403,55,45,1,1,1,1
3383,0,-105,373,180,115,1,1,1,1
3383,0,222,345,90,60,1,1,1,1
3383,0,443,337,60,45,1,1,1,1
3383,0,646,337,280,65,1,1,1,1
3383,0,743,403,55,45,1,1,1,1
3384,0,-105,373,180,115,1,1,1,1
3384,0,222,345,90,60,1,1,1,1
3384,0,443,337,60,45,1,1,1,1
3384,0,646,337,280,65,1,1,1,1
3384,0,743,403,55,45,1,1,1,1
3385,0,-105,373,180,115,1,1,1,1
3385,0,222,345,90,60,1,1,1,1
3385,0,443,337,60,45,1,1,1,1
3385,0,646,337,280,65,1,1,1,1
3385,0,743,403,55,45,1,1,1,1
3386,0,-105,373,180,115,1,1,1,1
3386,0,222,345,90,60,1,1,1,1
3386,0,443,337,60,45,1,1,1,1
3386,0,646,337,280,65,1,1,1,1
3386,0,743,403,55,45,1,1,1,1
3387,0,-105,373,180,115,1,1,1,1
3387,0,222,345,90,60,1,1,1,1
3387,0,443,337,60,45,1,1,1,1
3387,0,646,337,280,65,1,1,1,1
3387,0,743,403,55,45,1,1,1,1
3388,0,-105,373,180,115,1,1,1,1
3388,0,222,345,90,60,1,1,1,1
3388,0,443,337,60,45,1,1,1,1
3388,0,646,337,280,65,1,1,1,1
3388,0,743,403,55,45,1,1,1,1
3389,0,-105,373,180,115,1,1,1,1
3389,0,222,345,90,60,1,1,1,1
3389,0,443,337,60,45,1,1,1,1
3389,0,646,337,280,65,1,1,1,1
3389,0,743,403,55,45,1,1,1,1
3390,0,-105,373,180,115,1,1,1,1
3390,0,222,345,90,60,1,1,1,1
3390,0,443,337,60,45,1,1,1,1
3390,0,646,337,280,65,1,1,1,1
3390,0,743,403,55,45,1,1,1,1
3391,0,-105,373,180,115,1,1,1,1
3391,0,222,345,90,60,1,1,1,1
3391,0,443,337,60,45,1,1,1,1
3391,0,646,337,280,65,1,1,1,1
3391,0,743,403,55,45,1,1,1,1
3392,0,-106,374,180,115,1,1,1,1
3392,0,222,345,90,60,1,1,1,1
3392,0,443,337,60,45,1,1,1,1
3392,0,646,337,280,65,1,1,1,1
3392,0,743,404,55,45,1,1,1,1
3393,0,-106,374,180,115,1,1,1,1
3393,0,221,345,90,60,1,1,1,1
3393,0,443,337,60,45,1,1,1,1
3393,0,646,337,280,65,1,1,1,1
3393,0,742,404,55,45,1,1,1,1
3394,0,-106,374,180,115,1,1,1,1
3394,0,221,345,90,60,1,1,1,1
3394,0,443,337,60,45,1,1,1,1
3394,0,646,337,280,65,1,1,1,1
3394,0,742,404,55,45,1,1,1,1
3395,0,-106,374,180,115,1,1,1,1
3395,0,221,345,90,60,1,1,1,1
3395,0,443,337,60,45,1,1,1,1
3395,0,646,337,280,65,1,1,1,1
3395,0,742,404,55,45,1,1,1,1
3396,0,-106,374,180,115,1,1,1,1
3396,0,221,345,90,60,1,1,1,1
3396,0,443,337,60,45,1,1,1,1
3396,0,646,337,280,65,1,1,1,1
3396,0,742,404,55,45,1,1,1,1
3397,0,-106,374,180,115,1,1,1,1
3397,0,221,345,90,60,1,1,1,1
3397,0,443,337,60,45,1,1,1,1
3397,0,646,337,280,65,1,1,1,1
3397,0,742,404,55,45,1,1,1,1
3398,0,-106,374,180,115,1,1,1,1
3398,0,221,345,90,60,1,1,1,1
3398,0,443,337,60,45,1,1,1,1
3398,0,646,337,280,65,1,1,1,1
3398,0,742,404,55,45,1,1,1,1
3399,0,-106,374,180,115,1,1,1,1
3399,0,221,345,90,60,1,1,1,1
3399,0,443,337,60,45,1,1,1,1
3399,0,646,337,280,65,1,1,1,1
3399,0,742,404,55,45,1,1,1,1
3400,0,-106,374,180,115,1,1,1,1
3400,0,221,345,90,60,1,1,1,1
3400,0,443,337,60,45,1,1,1,1
3400,0,646,337,280,65,1,1,1,1
3400,0,742,404,55,45,1,1,1,1
3401,0,-106,374,180,115,1,1,1,1
3401,0,221,345,90,60,1,1,1,1
3401,0,443,337,60,45,1,1,1,1
3401,0,646,337,280,65,1,1,1,1
3401,0,742,404,55,45,1,1,1,1
3402,0,-106,374,180,115,1,1,1,1
3402,0,221,345,90,60,1,1,1,1
3402,0,443,337,60,45,1,1,1,1
3402,0,646,337,280,65,1,1,1,1
3402,0,742,404,55,45,1,1,1,1
3403,0,-106,374,180,115,1,1,1,1
3403,0,221,345,90,60,1,1,1,1
3403,0,443,337,60,45,1,1,1,1
3403,0,645,337,280,65,1,1,1,1
3403,0,742,404,55,45,1,1,1,1
3404,0,-106,374,180,115,1,1,1,1
3404,0,221,345,90,60,1,1,1,1
3404,0,443,337,60,45,1,1,1,1
3404,0,645,337,280,65,1,1,1,1
3404,0,742,404,55,45,1,1,1,1
3405,0,-106,374,180,115,1,1,1,1
3405,0,221,345,90,60,1,1,1,1
3405,0,443,337,60,45,1,1,1,1
3405,0,645,337,280,65,1,1,1,1
3405,0,742,404,55,45,1,1,1,1
3406,0,-106,374,180,115,1,1,1,1
3406,0,221,345,90,60,1,1,1,1
3406,0,443,337,60,45,1,1,1,1
3406,0,645,337,280,65,1,1,1,1
3406,0,742,404,55,45,1,1,1,1
3407,0,-107,374,180,115,1,1,1,1
3407,0,221,345,90,60,1,1,1,1
3407,0,443,337,60,45,1,1,1,1
3407,0,645,337,280,65,1,1,1,1
3407,0,742,404,55,45,1,1,1,1
3408,0,-107,374,180,115,1,1,1,1
3408,0,221,345,90,60,1,1,1,1
3408,0,443,337,60,45,1,1,1,1
3408,0,645,337,280,65,1,1,1,1
3408,0,742,404,55,45,1,1,1,1
3409,0,-107,374,180,115,1,1,1,1
3409,0,221,345,90,60,1,1,1,1
3409,0,443,337,60,45,1,1,1,1
3409,0,645,337,280,65,1,1,1,1
3409,0,742,404,55,45,1,1,1,1
3410,0,-107,374,180,115,1,1,1,1
3410,0,221,345,90,60,1,1,1,1
3410,0,443,337,60,45,1,1,1,1
3410,0,645,337,280,65,1,1,1,1
3410,0,742,404,55,45,1,1,1,1
3411,0,-107,374,180,115,1,1,1,1
3411,0,221,345,90,60,1,1,1,1
3411,0,443,337,60,45,1,1,1,1
3411,0,645,337,280,65,1,1,1,1
3411,0,742,404,55,45,1,1,1,1
3412,0,-107,374,180,115,1,1,1,1
3412,0,221,345,90,60,1,1,1,1
3412,0,443,337,60,45,1,1,1,1
3412,0,645,337,280,65,1,1,1,1
3412,0,742,404,55,45,1,1,1,1
3413,0,-107,374,180,115,1,1,1,1
3413,0,221,345,90,60,1,1,1,1
3413,0,443,337,60,45,1,1,1,1
3413,0,645,337,280,65,1,1,1,1
3413,0,741,404,55,45,1,1,1,1
3414,0,-107,374,180,115,1,1,1,1
3414,0,221,345,90,60,1,1,1,1
3414,0,443,337,60,45,1,1,1,1
3414,0,645,337,280,65,1,1,1,1
3414,0,741,404,55,45,1,1,1,1
3415,0,-107,374,180,115,1,1,1,1
3415,0,221,345,90,60,1,1,1,1
3415,0,443,337,60,45,1,1,1,1
3415,0,645,337,280,65,1,1,1,1
3415,0,741,404,55,45,1,1,1,1
3416,0,-107,374,180,115,1,1,1,1
3416,0,221,345,90,60,1,1,1,1
3416,0,443,337,60,45,1,1,1,1
3416,0,645,337,280,65,1,1,1,1
3416,0,741,404,55,45,1,1,1,1
3417,0,-107,374,180,115,1,1,1,1
3417,0,221,345,90,60,1,1,1,1
3417,0,443,337,60,45,1,1,1,1
3417,0,645,337,280,65,1,1,1,1
3417,0,741,404,55,45,1,1,1,1
3418,0,-107,374,180,115,1,1,1,1
3418,0,221,345,90,60,1,1,1,1
3418,0,443,337,60,45,1,1,1,1
3418,0,645,337,280,65,1,1,1,1
3418,0,741,404,55,45,1,1,1,1
3419,0,-107,374,180,115,1,1,1,1
3419,0,221,345,90,60,1,1,1,1
3419,0,443,337,60,45,1,1,1,1
3419,0,645,337,280,65,1,1,1,1
3419,0,741,404,55,45,1,1,1,1
3420,0,-107,374,180,115,1,1,1,1
3420,0,221,345,90,60,1,1,1,1
3420,0,443,337,60,45,1,1,1,1
3420,0,645,337,280,65,1,1,1,1
3420,0,741,404,55,45,1,1,1,1
3421,0,-107,374,180,115,1,1,1,1
3421,0,221,345,90,60,1,1,1,1
3421,0,443,337,60,45,1,1,1,1
3421,0,645,337,280,65,1,1,1,1
3421,0,741,404,55,45,1,1,1,1
3422,0,-108,374,180,115,1,1,1,1
3422,0,221,345,90,60,1,1,1,1
3422,0,443,337,60,45,1,1,1,1
3422,0,645,337,280,65,1,1,1,1
3422,0,741,404,55,45,1,1,1,1
3423,0,-108,374,180,115,1,1,1,1
3423,0,220,345,90,60,1,1,1,1
3423,0,442,337,60,45,1,1,1,1
3423,0,645,337,280,65,1,1,1,1
3423,0,741,404,55,45,1,1,1,1
3424,0,-108,374,180,115,1,1,1,1
3424,0,220,345,90,60,1,1,1,1
3424,0,442,337,60,45,1,1,1,1
3424,0,645,337,280,65,1,1,1,1
3424,0,741,404,55,45,1,1,1,1
3425,0,-108,374,180,115,1,1,1,1
3425,0,220,345,90,60,1,1,1,1
3425,0,442,337,60,45,1,1,1,1
3425,0,645,337,280,65,1,1,1,1
3425,0,741,404,55,45,1,1,1,1
3426,0,-108,374,180,115,1,1,1,1
3426,0,220,345,90,60,1,1,1,1
3426,0,442,337,60,45,1,1,1,1
3426,0,645,337,280,65,1,1,1,1
3426,0,741,404,55,45,1,1,1,1
3427,0,-108,374,180,115,1,1,1,1
3427,0,220,345,90,60,1,1,1,1
3427,0,442,337,60,45,1,1,1,1
3427,0,645,337,280,65,1,1,1,1
3427,0,741,404,55,45,1,1,1,1
3428,0,-108,374,180,115,1,1,1,1
3428,0,220,345,90,60,1,1,1,1
3428,0,442,337,60,45,1,1,1,1
3428,0,645,337,280,65,1,1,1,1
3428,0,741,404,55,45,1,1,1,1
3429,0,-108,374,180,115,1,1,1,1
3429,0,220,345,90,60,1,1,1,1
3429,0,442,337,60,45,1,1,1,1
3429,0,645,337,280,65,1,1,1,1
3429,0,741,404,55,45,1,1,1,1
3430,0,-108,374,180,115,1,1,1,1
3430,0,220,345,90,60,1,1,1,1
3430,0,442,337,60,45,1,1,1,1
3430,0,645,337,280,65,1,1,1,1
3430,0,741,404,55,45,1,1,1,1
3431,0,-108,374,180,115,1,1,1,1
3431,0,220,345,90,60,1,1,1,1
3431,0,442,337,60,45,1,1,1,1
3431,0,645,337,280,65,1,1,1,1
3431,0,741,404,55,45,1,1,1,1
3432,0,-108,374,180,115,1,1,1,1
3432,0,220,345,90,60,1,1,1,1
3432,0,442,337,60,45,1,1,1,1
3432,0,645,337,280,65,1,1,1,1
3432,0,741,404,55,45,1,1,1,1
3433,0,-108,374,180,115,1,1,1,1
3433,0,220,345,90,60,1,1,1,1
3433,0,442,337,60,45,1,1,1,1
3433,0,645,337,280,65,1,1,1,1
3433,0,740,404,55,45,1,1,1,1
3434,0,-108,374,180,115,1,1,1,1
3434,0,220,345,90,60,1,1,1,1
3434,0,442,337,60,45,1,1,1,1
3434,0,645,337,280,65,1,1,1,1
3434,0,740,404,55,45,1,1,1,1
3435,0,-108,374,180,115,1,1,1,1
3435,0,220,345,90,60,1,1,1,1
3435,0,442,337,60,45,1,1,1,1
3435,0,645,337,280,65,1,1,1,1
3435,0,740,404,55,45,1,1,1,1
3436,0,-108,374,180,115,1,1,1,1
3436,0,220,345,90,60,1,1,1,1
3436,0,442,337,60,45,1,1,1,1
3436,0,645,337,280,65,1,1,1,1
3436,0,740,404,55,45,1,1,1,1
3437,0,-109,374,180,115,1,1,1,1
3437,0,220,345,90,60,1,1,1,1
3437,0,442,337,60,45,1,1,1,1
3437,0,645,337,280,65,1,1,1,1
3437,0,740,404,55,45,1,1,1,1
3438,0,-109,374,180,115,1,1,1,1
3438,0,220,345,90,60,1,1,1,1
3438,0,442,337,60,45,1,1,1,1
3438,0,645,337,280,65,1,1,1,1
3438,0,740,404,55,45,1,1,1,1
3439,0,-109,374,180,115,1,1,1,1
3439,0,220,345,90,60,1,1,1,1
3439,0,442,337,60,45,1,1,1,1
3439,0,645,337,280,65,1,1,1,1
3439,0,740,404,55,45,1,1,1,1
3440,0,-109,374,180,115,1,1,1,1
3440,0,220,345,90,60,1,1,1,1
3440,0,442,337,60,45,1,1,1,1
3440,0,645,337,280,65,1,1,1,1
3440,0,740,404,55,45,1,1,1,1
3441,0,-109,374,180,115,1,1,1,1
3441,0,220,345,90,60,1,1,1,1
3441,0,442,337,60,45,1,1,1,1
3441,0,645,337,280,65,1,1,1,1
3441,0,740,404,55,45,1,1,1,1
3442,0,-109,374,180,115,1,1,1,1
3442,0,220,345,90,60,1,1,1,1
3442,0,442,337,60,45,1,1,1,1
3442,0,645,337,280,65,1,1,1,1
3442,0,740,404,55,45,1,1,1,1
3443,0,-109,374,180,115,1,1,1,1
3443,0,220,345,90,60,1,1,1,1
3443,0,442,337,60,45,1,1,1,1
3443,0,645,337,280,65,1,1,1,1
3443,0,740,404,55,45,1,1,1,1
3444,0,-109,374,180,115,1,1,1,1
3444,0,220,345,90,60,1,1,1,1
3444,0,442,337,60,45,1,1,1,1
3444,0,645,337,280,65,1,1,1,1
3444,0,740,404,55,45,1,1,1,1
3445,0,-109,374,180,115,1,1,1,1
3445,0,220,345,90,60,1,1,1,1
3445,0,442,337,60,45,1,1,1,1
3445,0,645,337,280,65,1,1,1,1
3445,0,740,404,55,45,1,1,1,1
3446,0,-109,374,180,115,1,1,1,1
3446,0,220,345,90,60,1,1,1,1
3446,0,442,337,60,45,1,1,1,1
3446,0,645,337,280,65,1,1,1,1
3446,0,740,404,55,45,1,1,1,1
3447,0,-109,374,180,115,1,1,1,1
3447,0,220,345,90,60,1,1,1,1
3447,0,442,337,60,45,1,1,1,1
3447,0,645,337,280,65,1,1,1,1
3447,0,740,404,55,45,1,1,1,1
3448,0,-109,374,180,115,1,1,1,1
3448,0,220,345,90,60,1,1,1,1
3448,0,442,337,60,45,1,1,1,1
3448,0,645,337,280,65,1,1,1,1
3448,0,740,404,55,45,1,1,1,1
3449,0,-109,374,180,115,1,1,1,1
3449,0,220,345,90,60,1,1,1,1
3449,0,442,337,60,45,1,1,1,1
3449,0,645,337,280,65,1,1,1,1
3449,0,740,404,55,45,1,1,1,1
3450,0,-109,374,180,115,1,1,1,1
3450,0,220,345,90,60,1,1,1,1
3450,0,442,337,60,45,1,1,1,1
3450,0,645,337,280,65,1,1,1,1
3450,0,740,404,55,45,1,1,1,1
3451,0,-109,374,180,115,1,1,1,1
3451,0,220,345,90,60,1,1,1,1
3451,0,442,337,60,45,1,1,1,1
3451,0,645,337,280,65,1,1,1,1
3451,0,740,404,55,45,1,1,1,1
3452,0,-110,375,180,115,1,1,1,1
3452,0,220,345,90,60,1,1,1,1
3452,0,442,337,60,45,1,1,1,1
3452,0,645,337,280,65,1,1,1,1
3452,0,740,405,55,45,1,1,1,1
3453,0,-110,375,180,115,1,1,1,1
3453,0,219,345,90,60,1,1,1,1
3453,0,442,337,60,45,1,1,1,1
3453,0,645,337,280,65,1,1,1,1
3453,0,739,405,55,45,1,1,1,1
3454,0,-110,375,180,115,1,1,1,1
3454,0,219,345,90,60,1,1,1,1
3454,0,442,337,60,45,1,1,1,1
3454,0,645,337,280,65,1,1,1,1
3454,0,739,405,55,45,1,1,1,1
3455,0,-110,375,180,115,1,1,1,1
3455,0,219,345,90,60,1,1,1,1
3455,0,442,337,60,45,1,1,1,1
3455,0,645,337,280,65,1,1,1,1
3455,0,739,405,55,45,1,1,1,1
3456,0,-110,375,180,115,1,1,1,1
3456,0,219,345,90,60,1,1,1,1
3456,0,442,337,60,45,1,1,1,1
3456,0,645,337,280,65,1,1,1,1
3456,0,739,405,55,45,1,1,1,1
3457,0,-110,375,180,115,1,1,1,1
3457,0,219,345,90,60,1,1,1,1
3457,0,442,337,60,45,1,1,1,1
3457,0,645,337,280,65,1,1,1,1
3457,0,739,405,55,45,1,1,1,1
3458,0,-110,375,180,115,1,1,1,1
3458,0,219,345,90,60,1,1,1,1
3458,0,442,337,60,45,1,1,1,1
3458,0,645,337,280,65,1,1,1,1
3458,0,739,405,55,45,1,1,1,1
3459,0,-110,375,180,115,1,1,1,1
3459,0,219,345,90,60,1,1,1,1
3459,0,442,337,60,45,1,1,1,1
3459,0,645,337,280,65,1,1,1,1
3459,0,739,405,55,45,1,1,1,1
3460,0,-110,375,180,115,1,1,1,1
3460,0,219,345,90,60,1,1,1,1
3460,0,442,337,60,45,1,1,1,1
3460,0,645,337,280,65,1,1,1,1
3460,0,739,405,55,45,1,1,1,1
3461,0,-110,375,180,115,1,1,1,1
3461,0,219,345,90,60,1,1,1,1
3461,0,442,337,60,45,1,1,1,1
3461,0,645,337,280,65,1,1,1,1
3461,0,739,405,55,45,1,1,1,1
3462,0,-110,375,180,115,1,1,1,1
3462,0,219,345,90,60,1,1,1,1
3462,0,442,337,60,45,1,1,1,1
3462,0,645,337,280,65,1,1,1,1
3462,0,739,405,55,45,1,1,1,1
3463,0,-110,375,180,115,1,1,1,1
3463,0,219,345,90,60,1,1,1,1
3463,0,442,337,60,45,1,1,1,1
3463,0,645,337,280,65,1,1,1,1
3463,0,739,405,55,45,1,1,1,1
3464,0,-110,375,180,115,1,1,1,1
3464,0,219,345,90,60,1,1,1,1
3464,0,442,337,60,45,1,1,1,1
3464,0,645,337,280,65,1,1,1,1
3464,0,739,405,55,45,1,1,1,1
3465,0,-110,375,180,115,1,1,1,1
3465,0,219,345,90,60,1,1,1,1
3465,0,442,337,60,45,1,1,1,1
3465,0,645,337,280,65,1,1,1,1
3465,0,739,405,55,45,1,1,1,1
3466,0,-110,375,180,115,1,1,1,1
3466,0,219,345,90,60,1,1,1,1
3466,0,442,337,60,45,1,1,1,1
3466,0,645,337,280,65,1,1,1,1
3466,0,739,405,55,45,1,1,1,1
3467,0,-111,375,180,115,1,1,1,1
3467,0,219,345,90,60,1,1,1,1
3467,0,442,337,60,45,1,1,1,1
3467,0,645,337,280,65,1,1,1,1
3467,0,739,405,55,45,1,1,1,1
3468,0,-111,375,180,115,1,1,1,1
3468,0,219,345,90,60,1,1,1,1
3468,0,442,337,60,45,1,1,1,1
3468,0,645,337,280,65,1,1,1,1
3468,0,739,405,55,45,1,1,1,1
3469,0,-111,375,180,115,1,1,1,1
3469,0,219,345,90,60,1,1,1,1
3469,0,442,337,60,45,1,1,1,1
3469,0,645,337,280,65,1,1,1,1
3469,0,739,405,55,45,1,1,1,1
3470,0,-111,375,180,115,1,1,1,1
3470,0,219,345,90,60,1,1,1,1
3470,0,442,337,60,45,1,1,1,1
3470,0,645,337,280,65,1,1,1,1
3470,0,739,405,55,45,1,1,1,1
3471,0,-111,375,180,115,1,1,1,1
3471,0,219,345,90,60,1,1,1,1
3471,0,442,337,60,45,1,1,1,1
3471,0,645,337,280,65,1,1,1,1
3471,0,739,405,55,45,1,1,1,1
3472,0,-111,375,180,115,1,1,1,1
3472,0,219,345,90,60,1,1,1,1
3472,0,442,337,60,45,1,1,1,1
3472,0,645,337,280,65,1,1,1,1
3472,0,739,405,55,45,1,1,1,1
3473,0,-111,375,180,115,1,1,1,1
3473,0,219,345,90,60,1,1,1,1
3473,0,442,337,60,45,1,1,1,1
3473,0,645,337,280,65,1,1,1,1
3473,0,738,405,55,45,1,1,1,1
3474,0,-111,375,180,115,1,1,1,1
3474,0,219,345,90,60,1,1,1,1
3474,0,442,337,60,45,1,1,1,1
3474,0,645,337,280,65,1,1,1,1
3474,0,738,405,55,45,1,1,1,1
3475,0,-111,375,180,115,1,1,1,1
3475,0,219,345,90,60,1,1,1,1
3475,0,442,337,60,45,1,1,1,1
3475,0,645,337,280,65,1,1,1,1
3475,0,738,405,55,45,1,1,1,1
3476,0,-111,375,180,115,1,1,1,1
3476,0,219,345,90,60,1,1,1,1
3476,0,442,337,60,45,1,1,1,1
3476,0,645,337,280,65,1,1,1,1
3476,0,738,405,55,45,1,1,1,1
3477,0,-111,375,180,115,1,1,1,1
3477,0,219,345,90,60,1,1,1,1
3477,0,442,337,60,45,1,1,1,1
3477,0,645,337,280,65,1,1,1,1
3477,0,738,405,55,45,1,1,1,1
3478,0,-111,375,180,115,1,1,1,1
3478,0,219,345,90,60,1,1,1,1
3478,0,442,337,60,45,1,1,1,1
3478,0,645,337,280,65,1,1,1,1
3478,0,738,405,55,45,1,1,1,1
3479,0,-111,375,180,115,1,1,1,1
3479,0,219,345,90,60,1,1,1,1
3479,0,442,337,60,45,1,1,1,1
3479,0,645,337,280,65,1,1,1,1
3479,0,738,405,55,45,1,1,1,1
3480,0,-111,375,180,115,1,1,1,1
3480,0,219,345,90,60,1,1,1,1
3480,0,442,337,60,45,1,1,1,1
3480,0,645,337,280,65,1,1,1,1
3480,0,738,405,55,45,1,1,1,1
3481,0,-111,375,180,115,1,1,1,1
3481,0,219,345,90,60,1,1,1,1
3481,0,442,337,60,45,1,1,1,1
3481,0,645,337,280,65,1,1,1,1
3481,0,738,405,55,45,1,1,1,1
3482,0,-112,375,180,115,1,1,1,1
3482,0,219,345,90,60,1,1,1,1
3482,0,442,337,60,45,1,1,1,1
3482,0,645,337,280,65,1,1,1,1
3482,0,738,405,55,45,1,1,1,1
3483,0,-112,375,180,115,1,1,1,1
3483,0,218,345,90,60,1,1,1,1
3483,0,441,337,60,45,1,1,1,1
3483,0,645,337,280,65,1,1,1,1
3483,0,738,405,55,45,1,1,1,1
3484,0,-112,375,180,115,1,1,1,1
3484,0,218,345,90,60,1,1,1,1
3484,0,441,337,60,45,1,1,1,1
3484,0,645,337,280,65,1,1,1,1
3484,0,738,405,55,45,1,1,1,1
3485,0,-112,375,180,115,1,1,1,1
3485,0,218,345,90,60,1,1,1,1
3485,0,441,337,60,45,1,1,1,1
3485,0,645,337,280,65,1,1,1,1
3485,0,738,405,55,45,1,1,1,1
3486,0,-112,375,180,115,1,1,1,1
3486,0,218,345,90,60,1,1,1,1
3486,0,441,337,60,45,1,1,1,1
3486,0,645,337,280,65,1,1,1,1
3486,0,738,405,55,45,1,1,1,1
3487,0,-112,375,180,115,1,1,1,1
3487,0,218,345,90,60,1,1,1,1
3487,0,441,337,60,45,1,1,1,1
3487,0,645,337,280,65,1,1,1,1
3487,0,738,405,55,45,1,1,1,1
3488,0,-112,375,180,115,1,1,1,1
3488,0,218,345,90,60,1,1,1,1
3488,0,441,337,60,45,1,1,1,1
3488,0,645,337,280,65,1,1,1,1
3488,0,738,405,55,45,1,1,1,1
3489,0,-112,375,180,115,1,1,1,1
3489,0,218,345,90,60,1,1,1,1
3489,0,441,337,60,45,1,1,1,1
3489,0,645,337,280,65,1,1,1,1
3489,0,738,405,55,45,1,1,1,1
3490,0,-112,375,180,115,1,1,1,1
3490,0,218,345,90,60,1,1,1,1
3490,0,441,337,60,45,1,1,1,1
3490,0,645,337,280,65,1,1,1,1
3490,0,738,405,55,45,1,1,1,1
3491,0,-112,375,180,115,1,1,1,1
3491,0,218,345,90,60,1,1,1,1
3491,0,441,337,60,45,1,1,1,1
3491,0,645,337,280,65,1,1,1,1
3491,0,738,405,55,45,1,1,1,1
3492,0,-112,375,180,115,1,1,1,1
3492,0,218,345,90,60,1,1,1,1
3492,0,441,337,60,45,1,1,1,1
3492,0,645,337,280,65,1,1,1,1
3492,0,738,405,55,45,1,1,1,1
3493,0,-112,375,180,115,1,1,1,1
3493,0,218,345,90,60,1,1,1,1
3493,0,441,337,60,45,1,1,1,1
3493,0,645,337,280,65,1,1,1,1
3493,0,737,405,55,45,1,1,1,1
3494,0,-112,375,180,115,1,1,1,1
3494,0,218,345,90,60,1,1,1,1
3494,0,441,337,60,45,1,1,1,1
3494,0,645,337,280,65,1,1,1,1
3494,0,737,405,55,45,1,1,1,1
3495,0,-112,375,180,115,1,1,1,1
3495,0,218,345,90,60,1,1,1,1
3495,0,441,337,60,45,1,1,1,1
3495,0,645,337,280,65,1,1,1,1
3495,0,737,405,55,45,1,1,1,1
3496,0,-112,375,180,115,1,1,1,1
3496,0,218,345,90,60,1,1,1,1
3496,0,441,337,60,45,1,1,1,1
3496,0,645,337,280,65,1,1,1,1
3496,0,737,405,55,45,1,1,1,1
3497,0,-113,375,180,115,1,1,1,1
3497,0,218,345,90,60,1,1,1,1
3497,0,441,337,60,45,1,1,1,1
3497,0,645,337,280,65,1,1,1,1
3497,0,737,405,55,45,1,1,1,1
3498,0,-113,375,180,115,1,1,1,1
3498,0,218,345,90,60,1,1,1,1
3498,0,441,337,60,45,1,1,1,1
3498,0,645,337,280,65,1,1,1,1
3498,0,737,405,55,45,1,1,1,1
3499,0,-113,375,180,115,1,1,1,1
3499,0,218,345,90,60,1,1,1,1
3499,0,441,337,60,45,1,1,1,1
3499,0,645,337,280,65,1,1,1,1
3499,0,737,405,55,45,1,1,1,1
3500,0,-113,375,180,115,1,1,1,1
3500,0,218,345,90,60,1,1,1,1
3500,0,441,337,60,45,1,1,1,1
3500,0,645,337,280,65,1,1,1,1
3500,0,737,405,55,45,1,1,1,1
3501,0,-113,375,180,115,1,1,1,1
3501,0,218,345,90,60,1,1,1,1
3501,0,441,337,60,45,1,1,1,1
3501,0,645,337,280,65,1,1,1,1
3501,0,737,405,55,45,1,1,1,1
3502,0,-113,375,180,115,1,1,1,1
3502,0,218,345,90,60,1,1,1,1
3502,0,441,337,60,45,1,1,1,1
3502,0,645,337,280,65,1,1,1,1
3502,0,737,405,55,45,1,1,1,1
3503,0,-113,375,180,115,1,1,1,1
3503,0,218,345,90,60,1,1,1,1
3503,0,441,337,60,45,1,1,1,1
3503,0,644,337,280,65,1,1,1,1
3503,0,737,405,55,45,1,1,1,1
3504,0,-113,375,180,115,1,1,1,1
3504,0,218,345,90,60,1,1,1,1
3504,0,441,337,60,45,1,1,1,1
3504,0,644,337,280,65,1,1,1,1
3504,0,737,405,55,45,1,1,1,1
3505,0,-113,375,180,115,1,1,1,1
3505,0,218,345,90,60,1,1,1,1
3505,0,441,337,60,45,1,1,1,1
3505,0,644,337,280,65,1,1,1,1
3505,0,737,405,55,45,1,1,1,1
3506,0,-113,375,180,115,1,1,1,1
3506,0,218,345,90,60,1,1,1,1
3506,0,441,337,60,45,1,1,1,1
3506,0,644,337,280,65,1,1,1,1
3506,0,737,405,55,45,1,1,1,1
3507,0,-113,375,180,115,1,1,1,1
3507,0,218,345,90,60,1,1,1,1
3507,0,441,337,60,45,1,1,1,1
3507,0,644,337,280,65,1,1,1,1
3507,0,737,405,55,45,1,1,1,1
3508,0,-113,375,180,115,1,1,1,1
3508,0,218,345,90,60,1,1,1,1
3508,0,441,337,60,45,1,1,1,1
3508,0,644,337,280,65,1,1,1,1
3508,0,737,405,55,45,1,1,1,1
3509,0,-113,375,180,115,1,1,1,1
3509,0,218,345,90,60,1,1,1,1
3509,0,441,337,60,45,1,1,1,1
3509,0,644,337,280,65,1,1,1,1
3509,0,737,405,55,45,1,1,1,1
3510,0,-113,375,180,115,1,1,1,1
3510,0,218,345,90,60,1,1,1,1
3510,0,441,337,60,45,1,1,1,1
3510,0,644,337,280,65,1,1,1,1
3510,0,737,405,55,45,1,1,1,1
3511,0,-113,375,180,115,1,1,1,1
3511,0,218,345,90,60,1,1,1,1
3511,0,441,337,60,45,1,1,1,1
3511,0,644,337,280,65,1,1,1,1
3511,0,737,405,55,45,1,1,1,1
3512,0,-114,376,180,115,1,1,1,1
3512,0,218,345,90,60,1,1,1,1
3512,0,441,337,60,45,1,1,1,1
3512,0,644,337,280,65,1,1,1,1
3512,0,737,406,55,45,1,1,1,1
3513,0,-114,376,180,115,1,1,1,1
3513,0,217,345,90,60,1,1,1,1
3513,0,441,337,60,45,1,1,1,1
3513,0,644,337,280,65,1,1,1,1
3513,0,736,406,55,45,1,1,1,1
3514,0,-114,376,180,115,1,1,1,1
3514,0,217,345,90,60,1,1,1,1
3514,0,441,337,60,45,1,1,1,1
3514,0,644,337,280,65,1,1,1,1
3514,0,736,406,55,45,1,1,1,1
3515,0,-114,376,180,115,1,1,1,1
3515,0,217,345,90,60,1,1,1,1
3515,0,441,337,60,45,1,1,1,1
3515,0,644,337,280,65,1,1,1,1
3515,0,736,406,55,45,1,1,1,1
3516,0,-114,376,180,115,1,1,1,1
3516,0,217,345,90,60,1,1,1,1
3516,0,441,337,60,45,1,1,1,1
3516,0,644,337,280,65,1,1,1,1
3516,0,736,406,55,45,1,1,1,1
3517,0,-114,376,180,115,1,1,1,1
3517,0,217,345,90,60,1,1,1,1
3517,0,441,337,60,45,1,1,1,1
3517,0,644,337,280,65,1,1,1,1
3517,0,736,406,55,45,1,1,1,1
3518,0,-114,376,180,115,1,1,1,1
3518,0,217,345,90,60,1,1,1,1
3518,0,441,337,60,45,1,1,1,1
3518,0,644,337,280,65,1,1,1,1
3518,0,736,406,55,45,1,1,1,1
3519,0,-114,376,180,115,1,1,1,1
3519,0,217,345,90,60,1,1,1,1
3519,0,441,337,60,45,1,1,1,1
3519,0,644,337,280,65,1,1,1,1
3519,0,736,406,55,45,1,1,1,1
3520,0,-114,376,180,115,1,1,1,1
3520,0,217,345,90,60,1,1,1,1
3520,0,441,337,60,45,1,1,1,1
3520,0,644,337,280,65,1,1,1,1
3520,0,736,406,55,45,1,1,1,1
3521,0,-114,376,180,115,1,1,1,1
3521,0,217,345,90,60,1,1,1,1
3521,0,441,337,60,45,1,1,1,1
3521,0,644,337,280,65,1,1,1,1
3521,0,736,406,55,45,1,1,1,1
3522,0,-114,376,180,115,1,1,1,1
3522,0,217,345,90,60,1,1,1,1
3522,0,441,337,60,45,1,1,1,1
3522,0,644,337,280,65,1,1,1,1
3522,0,736,406,55,45,1,1,1,1
3523,0,-114,376,180,115,1,1,1,1
3523,0,217,345,90,60,1,1,1,1
3523,0,441,337,60,45,1,1,1,1
3523,0,644,337,280,65,1,1,1,1
3523,0,736,406,55,45,1,1,1,1
3524,0,-114,376,180,115,1,1,1,1
3524,0,217,345,90,60,1,1,1,1
3524,0,441,337,60,45,1,1,1,1
3524,0,644,337,280,65,1,1,1,1
3524,0,736,406,55,45,1,1,1,1
3525,0,-114,376,180,115,1,1,1,1
3525,0,217,345,90,60,1,1,1,1
3525,0,441,337,60,45,1,1,1,1
3525,0,644,337,280,65,1,1,1,1
3525,0,736,406,55,45,1,1,1,1
3526,0,-114,376,180,115,1,1,1,1
3526,0,217,345,90,60,1,1,1,1
3526,0,441,337,60,45,1,1,1,1
3526,0,644,337,280,65,1,1,1,1
3526,0,736,406,55,45,1,1,1,1
3527,0,-115,376,180,115,1,1,1,1
3527,0,217,345,90,60,1,1,1,1
3527,0,441,337,60,45,1,1,1,1
3527,0,644,337,280,65,1,1,1,1
3527,0,736,406,55,45,1,1,1,1
3528,0,-115,376,180,115,1,1,1,1
3528,0,217,345,90,60,1,1,1,1
3528,0,441,337,60,45,1,1,1,1
3528,0,644,337,280,65,1,1,1,1
3528,0,736,406,55,45,1,1,1,1
3529,0,-115,376,180,115,1,1,1,1
3529,0,217,345,90,60,1,1,1,1
3529,0,441,337,60,45,1,1,1,1
3529,0,644,337,280,65,1,1,1,1
3529,0,736,406,55,45,1,1,1,1
3530,0,-115,376,180,115,1,1,1,1
3530,0,217,345,90,60,1,1,1,1
3530,0,441,337,60,45,1,1,1,1
3530,0,644,337,280,65,1,1,1,1
3530,0,736,406,55,45,1,1,1,1
3531,0,-115,376,180,115,1,1,1,1
3531,0,217,345,90,60,1,1,1,1
3531,0,441,337,60,45,1,1,1,1
3531,0,644,337,280,65,1,1,1,1
3531,0,736,406,55,45,1,1,1,1
3532,0,-115,376,180,115,1,1,1,1
3532,0,217,345,90,60,1,1,1,1
3532,0,441,337,60,45,1,1,1,1
3532,0,644,337,280,65,1,1,1,1
3532,0,736,406,55,45,1,1,1,1
3533,0,-115,376,180,115,1,1,1,1
3533,0,217,345,90,60,1,1,1,1
3533,0,441,337,60,45,1,1,1,1
3533,0,644,337,280,65,1,1,1,1
3533,0,735,406,55,45,1,1,1,1
3534,0,-115,376,180,115,1,1,1,1
3534,0,217,345,90,60,1,1,1,1
3534,0,441,337,60,45,1,1,1,1
3534,0,644,337,280,65,1,1,1,1
3534,0,735,406,55,45,1,1,1,1
3535,0,-115,376,180,115,1,1,1,1
3535,0,217,345,90,60,1,1,1,1
3535,0,441,337,60,45,1,1,1,1
3535,0,644,337,280,65,1,1,1,1
3535,0,735,406,55,45,1,1,1,1
3536,0,-115,376,180,115,1,1,1,1
3536,0,217,345,90,60,1,1,1,1
3536,0,441,337,60,45,1,1,1,1
3536,0,644,337,280,65,1,1,1,1
3536,0,735,406,55,45,1,1,1,1
3537,0,-115,376,180,115,1,1,1,1
3537,0,217,345,90,60,1,1,1,1
3537,0,441,337,60,45,1,1,1,1
3537,0,644,337,280,65,1,1,1,1
3537,0,735,406,55,45,1,1,1,1
3538,0,-115,376,180,115,1,1,1,1
3538,0,217,345,90,60,1,1,1,1
3538,0,441,337,60,45,1,1,1,1
3538,0,644,337,280,65,1,1,1,1
3538,0,735,406,55,45,1,1,1,1
3539,0,-115,376,180,115,1,1,1,1
3539,0,217,345,90,60,1,1,1,1
3539,0,441,337,60,45,1,1,1,1
3539,0,644,337,280,65,1,1,1,1
3539,0,735,406,55,45,1,1,1,1
3540,0,-115,376,180,115,1,1,1,1
3540,0,217,345,90,60,1,1,1,1
3540,0,441,337,60,45,1,1,1,1
3540,0,644,337,280,65,1,1,1,1
3540,0,735,406,55,45,1,1,1,1
3541,0,-115,376,180,115,1,1,1,1
3541,0,217,345,90,60,1,1,1,1
3541,0,441,337,60,45,1,1,1,1
3541,0,644,337,280,65,1,1,1,1
3541,0,735,406,55,45,1,1,1,1
3542,0,-116,376,180,115,1,1,1,1
3542,0,217,345,90,60,1,1,1,1
3542,0,441,337,60,45,1,1,1,1
3542,0,644,337,280,65,1,1,1,1
3542,0,735,406,55,45,1,1,1,1
3543,0,-116,376,180,115,1,1,1,1
3543,0,216,345,90,60,1,1,1,1
3543,0,440,337,60,45,1,1,1,1
3543,0,644,337,280,65,1,1,1,1
3543,0,735,406,55,45,1,1,1,1
3544,0,-116,376,180,115,1,1,1,1
3544,0,216,345,90,60,1,1,1,1
3544,0,440,337,60,45,1,1,1,1
3544,0,644,337,280,65,1,1,1,1
3544,0,735,406,55,45,1,1,1,1
3545,0,-116,376,180,115,1,1,1,1
3545,0,216,345,90,60,1,1,1,1
3545,0,440,337,60,45,1,1,1,1
3545,0,644,337,280,65,1,1,1,1
3545,0,735,406,55,45,1,1,1,1
3546,0,-116,376,180,115,1,1,1,1
3546,0,216,345,90,60,1,1,1,1
3546,0,440,337,60,45,1,1,1,1
3546,0,644,337,280,65,1,1,1,1
3546,0,735,406,55,45,1,1,1,1
3547,0,-116,376,180,115,1,1,1,1
3547,0,216,345,90,60,1,1,1,1
3547,0,440,337,60,45,1,1,1,1
3547,0,644,337,280,65,1,1,1,1
3547,0,735,406,55,45,1,1,1,1
3548,0,-116,376,180,115,1,1,1,1
3548,0,216,345,90,60,1,1,1,1
3548,0,440,337,60,45,1,1,1,1
3548,0,644,337,280,65,1,1,1,1
3548,0,735,406,55,45,1,1,1,1
3549,0,-116,376,180,115,1,1,1,1
3549,0,216,345,90,60,1,1,1,1
3549,0,440,337,60,45,1,1,1,1
3549,0,644,337,280,65,1,1,1,1
3549,0,735,406,55,45,1,1,1,1
3550,0,-116,376,180,115,1,1,1,1
3550,0,216,345,90,60,1,1,1,1
3550,0,440,337,60,45,1,1,1,1
3550,0,644,337,280,65,1,1,1,1
3550,0,735,406,55,45,1,1,1,1
3551,0,-116,376,180,115,1,1,1,1
3551,0,216,345,90,60,1,1,1,1
3551,0,440,337,60,45,1,1,1,1
3551,0,644,337,280,65,1,1,1,1
3551,0,735,406,55,45,1,1,1,1
3552,0,-116,376,180,115,1,1,1,1
3552,0,216,345,90,60,1,1,1,1
3552,0,440,337,60,45,1,1,1,1
3552,0,644,337,280,65,1,1,1,1
3552,0,735,406,55,45,1,1,1,1
3553,0,-116,376,180,115,1,1,1,1
3553,0,216,345,90,60,1,1,1,1
3553,0,440,337,60,45,1,1,1,1
3553,0,644,337,280,65,1,1,1,1
3553,0,734,406,55,45,1,1,1,1
3554,0,-116,376,180,115,1,1,1,1
3554,0,216,345,90,60,1,1,1,1
3554,0,440,337,60,45,1,1,1,1
3554,0,644,337,280,65,1,1,1,1
3554,0,734,406,55,45,1,1,1,1
3555,0,-116,376,180,115,1,1,1,1
3555,0,216,345,90,60,1,1,1,1
3555,0,440,337,60,45,1,1,1,1
3555,0,644,337,280,65,1,1,1,1
3555,0,734,406,55,45,1,1,1,1
3556,0,-116,376,180,115,1,1,1,1
3556,0,216,345,90,60,1,1,1,1
3556,0,440,337,60,45,1,1,1,1
3556,0,644,337,280,65,1,1,1,1
3556,0,734,406,55,45,1,1,1,1
3557,0,-117,376,180,115,1,1,1,1
3557,0,216,345,90,60,1,1,1,1
3557,0,440,337,60,45,1,1,1,1
3557,0,644,337,280,65,1,1,1,1
3557,0,734,406,55,45,1,1,1,1
3558,0,-117,376,180,115,1,1,1,1
3558,0,216,345,90,60,1,1,1,1
3558,0,440,337,60,45,1,1,1,1
3558,0,644,337,280,65,1,1,1,1
3558,0,734,406,55,45,1,1,1,1
3559,0,-117,376,180,115,1,1,1,1
3559,0,216,345,90,60,1,1,1,1
3559,0,440,337,60,45,1,1,1,1
3559,0,644,337,280,65,1,1,1,1
3559,0,734,406,55,45,1,1,1,1
3560,0,-117,376,180,115,1,1,1,1
3560,0,216,345,90,60,1,1,1,1
3560,0,440,337,60,45,1,1,1,1
3560,0,644,337,280,65,1,1,1,1
3560,0,734,406,55,45,1,1,1,1
3561,0,-117,376,180,115,1,1,1,1
3561,0,216,345,90,60,1,1,1,1
3561,0,440,337,60,45,1,1,1,1
3561,0,644,337,280,65,1,1,1,1
3561,0,734,406,55,45,1,1,1,1
3562,0,-117,376,180,115,1,1,1,1
3562,0,216,345,90,60,1,1,1,1
3562,0,440,337,60,45,1,1,1,1
3562,0,644,337,280,65,1,1,1,1
3562,0,734,406,55,45,1,1,1,1
3563,0,-117,376,180,115,1,1,1,1
3563,0,216,345,90,60,1,1,1,1
3563,0,440,337,60,45,1,1,1,1
3563,0,644,337,280,65,1,1,1,1
3563,0,734,406,55,45,1,1,1,1
3564,0,-117,376,180,115,1,1,1,1
3564,0,216,345,90,60,1,1,1,1
3564,0,440,337,60,45,1,1,1,1
3564,0,644,337,280,65,1,1,1,1
3564,0,734,406,55,45,1,1,1,1
3565,0,-117,376,180,115,1,1,1,1
3565,0,216,345,90,60,1,1,1,1
3565,0,440,337,60,45,1,1,1,1
3565,0,644,337,280,65,1,1,1,1
3565,0,734,406,55,45,1,1,1,1
3566,0,-117,376,180,115,1,1,1,1
3566,0,216,345,90,60,1,1,1,1
3566,0,440,337,60,45,1,1,1,1
3566,0,644,337,280,65,1,1,1,1
3566,0,734,406,55,45,1,1,1,1
3567,0,-117,376,180,115,1,1,1,1
3567,0,216,345,90,60,1,1,1,1
3567,0,440,337,60,45,1,1,1,1
3567,0,644,337,280,65,1,1,1,1
3567,0,734,406,55,45,1,1,1,1
3568,0,-117,376,180,115,1,1,1,1
3568,0,216,345,90,60,1,1,1,1
3568,0,440,337,60,45,1,1,1,1
3568,0,644,337,280,65,1,1,1,1
3568,0,734,406,55,45,1,1,1,1
3569,0,-117,376,180,115,1,1,1,1
3569,0,216,345,90,60,1,1,1,1
3569,0,440,337,60,45,1,1,1,1
3569,0,644,337,280,65,1,1,1,1
3569,0,734,406,55,45,1,1,1,1
3570,0,-117,376,180,115,1,1,1,1
3570,0,216,345,90,60,1,1,1,1
3570,0,440,337,60,45,1,1,1,1
3570,0,644,337,280,65,1,1,1,1
3570,0,734,406,55,45,1,1,1,1
3571,0,-117,376,180,115,1,1,1,1
3571,0,216,345,90,60,1,1,1,1
3571,0,440,337,60,45,1,1,1,1
3571,0,644,337,280,65,1,1,1,1
3571,0,734,406,55,45,1,1,1,1
3572,0,-118,377,180,115,1,1,1,1
3572,0,216,345,90,60,1,1,1,1
3572,0,440,337,60,45,1,1,1,1
3572,0,644,337,280,65,1,1,1,1
3572,0,734,407,55,45,1,1,1,1
3573,0,-118,377,180,115,1,1,1,1
3573,0,215,345,90,60,1,1,1,1
3573,0,440,337,60,45,1,1,1,1
3573,0,644,337,280,65,1,1,1,1
3573,0,733,407,55,45,1,1,1,1
3574,0,-118,377,180,115,1,1,1,1
3574,0,215,345,90,60,1,1,1,1
3574,0,440,337,60,45,1,1,1,1
3574,0,644,337,280,65,1,1,1,1
3574,0,733,407,55,45,1,1,1,1
3575,0,-118,377,180,115,1,1,1,1
3575,0,215,345,90,60,1,1,1,1
3575,0,440,337,60,45,1,1,1,1
3575,0,644,337,280,65,1,1,1,1
3575,0,733,407,55,45,1,1,1,1
3576,0,-118,377,180,115,1,1,1,1
3576,0,215,345,90,60,1,1,1,1
3576,0,440,337,60,45,1,1,1,1
3576,0,644,337,280,65,1,1,1,1
3576,0,733,407,55,45,1,1,1,1
3577,0,-118,377,180,115,1,1,1,1
3577,0,215,345,90,60,1,1,1,1
3577,0,440,337,60,45,1,1,1,1
3577,0,644,337,280,65,1,1,1,1
3577,0,733,407,55,45,1,1,1,1
3578,0,-118,377,180,115,1,1,1,1
3578,0,215,345,90,60,1,1,1,1
3578,0,440,337,60,45,1,1,1,1
3578,0,644,337,280,65,1,1,1,1
3578,0,733,407,55,45,1,1,1,1
3579,0,-118,377,180,115,1,1,1,1
3579,0,215,345,90,60,1,1,1,1
3579,0,440,337,60,45,1,1,1,1
3579,0,644,337,280,65,1,1,1,1
3579,0,733,407,55,45,1,1,1,1
3580,0,-118,377,180,115,1,1,1,1
3580,0,215,345,90,60,1,1,1,1
3580,0,440,337,60,45,1,1,1,1
3580,0,644,337,280,65,1,1,1,1
3580,0,733,407,55,45,1,1,1,1
3581,0,-118,377,180,115,1,1,1,1
3581,0,215,345,90,60,1,1,1,1
3581,0,440,337,60,45,1,1,1,1
3581,0,644,337,280,65,1,1,1,1
3581,0,733,407,55,45,1,1,1,1
3582,0,-118,377,180,115,1,1,1,1
3582,0,215,345,90,60,1,1,1,1
3582,0,440,337,60,45,1,1,1,1
3582,0,644,337,280,65,1,1,1,1
3582,0,733,407,55,45,1,1,1,1
3583,0,-118,377,180,115,1,1,1,1
3583,0,215,345,90,60,1,1,1,1
3583,0,440,337,60,45,1,1,1,1
3583,0,644,337,280,65,1,1,1,1
3583,0,733,407,55,45,1,1,1,1
3584,0,-118,377,180,115,1,1,1,1
3584,0,215,345,90,60,1,1,1,1
3584,0,440,337,60,45,1,1,1,1
3584,0,644,337,280,65,1,1,1,1
3584,0,733,407,55,45,1,1,1,1
3585,0,-118,377,180,115,1,1,1,1
3585,0,215,345,90,60,1,1,1,1
3585,0,440,337,60,45,1,1,1,1
3585,0,644,337,280,65,1,1,1,1
3585,0,733,407,55,45,1,1,1,1
3586,0,-118,377,180,115,1,1,1,1
3586,0,215,345,90,60,1,1,1,1
3586,0,440,337,60,45,1,1,1,1
3586,0,644,337,280,65,1,1,1,1
3586,0,733,407,55,45,1,1,1,1
3587,0,-119,377,180,115,1,1,1,1
3587,0,215,345,90,60,1,1,1,1
3587,0,440,337,60,45,1,1,1,1
3587,0,644,337,280,65,1,1,1,1
3587,0,733,407,55,45,1,1,1,1
3588,0,-119,377,180,115,1,1,1,1
3588,0,215,345,90,60,1,1,1,1
3588,0,440,337,60,45,1,1,1,1
3588,0,644,337,280,65,1,1,1,1
3588,0,733,407,55,45,1,1,1,1
3589,0,-119,377,180,115,1,1,1,1
3589,0,215,345,90,60,1,1,1,1
3589,0,440,337,60,45,1,1,1,1
3589,0,644,337,280,65,1,1,1,1
3589,0,733,407,55,45,1,1,1,1
3590,0,-119,377,180,115,1,1,1,1
3590,0,215,345,90,60,1,1,1,1
3590,0,440,337,60,45,1,1,1,1
3590,0,644,337,280,65,1,1,1,1
3590,0,733,407,55,45,1,1,1,1
3591,0,-119,377,180,115,1,1,1,1
3591,0,215,345,90,60,1,1,1,1
3591,0,440,337,60,45,1,1,1,1
3591,0,644,337,280,65,1,1,1,1
3591,0,733,407,55,45,1,1,1,1
3592,0,-119,377,180,115,1,1,1,1
3592,0,215,345,90,60,1,1,1,1
3592,0,440,337,60,45,1,1,1,1
3592,0,644,337,280,65,1,1,1,1
3592,0,733,407,55,45,1,1,1,1
3593,0,-119,377,180,115,1,1,1,1
3593,0,215,345,90,60,1,1,1,1
3593,0,440,337,60,45,1,1,1,1
3593,0,644,337,280,65,1,1,1,1
3593,0,732,407,55,45,1,1,1,1
3594,0,-119,377,180,115,1,1,1,1
3594,0,215,345,90,60,1,1,1,1
3594,0,440,337,60,45,1,1,1,1
3594,0,644,337,280,65,1,1,1,1
3594,0,732,407,55,45,1,1,1,1
3595,0,-119,377,180,115,1,1,1,1
3595,0,215,345,90,60,1,1,1,1
3595,0,440,337,60,45,1,1,1,1
3595,0,644,337,280,65,1,1,1,1
3595,0,732,407,55,45,1,1,1,1
3596,0,-119,377,180,115,1,1,1,1
3596,0,215,345,90,60,1,1,1,1
3596,0,440,337,60,45,1,1,1,1
3596,0,644,337,280,65,1,1,1,1
3596,0,732,407,55,45,1,1,1,1
3597,0,-119,377,180,115,1,1,1,1
3597,0,215,345,90,60,1,1,1,1
3597,0,440,337,60,45,1,1,1,1
3597,0,644,337,280,65,1,1,1,1
3597,0,732,407,55,45,1,1,1,1
3598,0,-119,377,180,115,1,1,1,1
3598,0,215,345,90,60,1,1,1,1
3598,0,440,337,60,45,1,1,1,1
3598,0,644,337,280,65,1,1,1,1
3598,0,732,407,55,45,1,1,1,1
3599,0,-119,377,180,115,1,1,1,1
3599,0,215,345,90,60,1,1,1,1
3599,0,440,337,60,45,1,1,1,1
3599,0,644,337,280,65,1,1,1,1
3599,0,732,407,55,45,1,1,1,1
3600,0,-119,377,180,115,1,1,1,1
3600,0,215,345,90,60,1,1,1,1
3600,0,440,337,60,45,1,1,1,1
3600,0,644,337,280,65,1,1,1,1
3600,0,732,407,55,45,1,1,1,1
3601,0,-119,377,180,115,1,1,1,1
3601,0,215,345,90,60,1,1,1,1
3601,0,440,337,60,45,1,1,1,1
3601,0,644,337,280,65,1,1,1,1
3601,0,732,407,55,45,1,1,1,1