2,537200000,2222,931,54,27,1,1,1,1
2,789700000,1736,938,85,23,1,1,1,1
2,971200000,2396,924,66,26,1,1,1,1
3,537200000,2223,931,54,27,1,1,1,1
3,789700000,1734,938,86,23,1,1,1,1
3,971200000,2397,924,66,26,1,1,1,1
4,537200000,2224,931,54,27,1,1,1,1
4,789700000,1732,938,86,23,1,1,1,1
4,971200000,2397,924,66,26,1,1,1,1
5,537200000,2225,931,54,27,1,1,1,1
5,789700000,1729,938,86,23,1,1,1,1
5,971200000,2398,924,66,26,1,1,1,1
6,537200000,2226,931,54,27,1,1,1,1
6,789700000,1727,938,86,23,1,1,1,1
6,971200000,2398,924,66,26,1,1,1,1
7,537200000,2227,931,54,27,1,1,1,1
7,789700000,1724,938,87,23,1,1,1,1
7,971200000,2399,924,66,26,1,1,1,1
8,537200000,2228,931,54,27,1,1,1,1
8,789700000,1722,938,87,23,1,1,1,1
8,971200000,2399,924,66,26,1,1,1,1
9,537200000,2229,931,54,27,1,1,1,1
9,789700000,1720,938,87,24,1,1,1,1
9,971200000,2400,924,66,26,1,1,1,1
10,537200000,2230,931,54,26,1,1,1,1
10,789700000,1717,938,87,24,1,1,1,1
10,971200000,2400,924,66,26,1,1,1,1
11,537200000,2231,931,54,26,1,1,1,1
11,789700000,1715,938,87,24,1,1,1,1
11,971200000,2401,924,66,26,1,1,1,1
12,537200000,2232,931,54,26,1,1,1,1
12,789700000,1713,938,88,24,1,1,1,1
12,971200000,2401,924,65,26,1,1,1,1
13,537200000,2233,931,54,26,1,1,1,1
13,789700000,1710,938,88,24,1,1,1,1
13,971200000,2402,924,65,26,1,1,1,1
14,537200000,2234,931,54,26,1,1,1,1
14,789700000,1708,938,88,24,1,1,1,1
14,971200000,2403,924,65,26,1,1,1,1
15,537200000,2235,931,54,26,1,1,1,1
15,789700000,1706,938,88,24,1,1,1,1
15,971200000,2403,924,65,26,1,1,1,1
16,537200000,2236,931,54,26,1,1,1,1
16,789700000,1703,938,89,24,1,1,1,1
16,971200000,2404,924,65,26,1,1,1,1
17,537200000,2237,931,54,26,1,1,1,1
17,789700000,1701,938,89,24,1,1,1,1
17,971200000,2404,924,65,26,1,1,1,1
18,537200000,2238,931,54,26,1,1,1,1
18,789700000,1699,939,89,24,1,1,1,1
18,971200000,2405,924,65,26,1,1,1,1
19,537200000,2240,931,54,26,1,1,1,1
19,789700000,1696,939,89,24,1,1,1,1
19,971200000,2405,924,65,26,1,1,1,1
20,537200000,2241,930,53,26,1,1,1,1
20,789700000,1694,939,89,24,1,1,1,1
20,971200000,2406,924,65,26,1,1,1,1
21,537200000,2242,930,53,26,1,1,1,1
21,789700000,1691,939,90,24,1,1,1,1
21,971200000,2406,924,65,26,1,1,1,1
22,537200000,2243,930,53,26,1,1,1,1
22,789700000,1689,939,90,24,1,1,1,1
22,971200000,2407,924,65,26,1,1,1,1
23,537200000,2244,930,53,26,1,1,1,1
23,789700000,1687,939,90,24,1,1,1,1
23,971200000,2407,924,65,26,1,1,1,1
24,537200000,2245,930,53,26,1,1,1,1
24,789700000,1684,939,90,24,1,1,1,1
24,971200000,2408,924,65,26,1,1,1,1
25,537200000,2246,930,53,26,1,1,1,1
25,789700000,1682,939,91,24,1,1,1,1
25,971200000,2409,924,65,26,1,1,1,1
26,537200000,2247,930,53,26,1,1,1,1
26,789700000,1680,939,91,24,1,1,1,1
26,971200000,2409,924,65,26,1,1,1,1
27,537200000,2248,930,53,26,1,1,1,1
27,789700000,1677,939,91,25,1,1,1,1
27,971200000,2410,924,65,26,1,1,1,1
28,537200000,2249,930,53,26,1,1,1,1
28,789700000,1675,939,91,25,1,1,1,1
28,971200000,2410,924,65,26,1,1,1,1
29,537200000,2250,930,53,25,1,1,1,1
29,789700000,1673,939,91,25,1,1,1,1
29,971200000,2411,924,65,26,1,1,1,1
30,537200000,2251,930,53,25,1,1,1,1
30,789700000,1670,939,92,25,1,1,1,1
30,971200000,2411,924,65,26,1,1,1,1
31,537200000,2252,930,53,25,1,1,1,1
31,789700000,1668,939,92,25,1,1,1,1
31,971200000,2412,924,65,26,1,1,1,1
32,537200000,2253,930,53,25,1,1,1,1
32,789700000,1665,939,92,25,1,1,1,1
32,971200000,2412,924,65,26,1,1,1,1
33,537200000,2254,930,53,25,1,1,1,1
33,789700000,1663,939,92,25,1,1,1,1
33,971200000,2413,924,65,26,1,1,1,1
34,537200000,2255,930,53,25,1,1,1,1
34,789700000,1661,939,93,25,1,1,1,1
34,971200000,2413,924,64,26,1,1,1,1
35,537200000,2256,930,53,25,1,1,1,1
35,789700000,1658,939,93,25,1,1,1,1
35,971200000,2414,924,64,26,1,1,1,1
36,537200000,2257,930,53,25,1,1,1,1
36,789700000,1656,939,93,25,1,1,1,1
36,971200000,2414,924,64,26,1,1,1,1
37,537200000,2258,930,53,25,1,1,1,1
37,789700000,1653,939,93,25,1,1,1,1
37,971200000,2415,924,64,26,1,1,1,1
38,537200000,2259,930,53,25,1,1,1,1
38,789700000,1651,939,93,25,1,1,1,1
38,971200000,2416,924,64,26,1,1,1,1
39,537200000,2260,930,53,25,1,1,1,1
39,789700000,1648,939,94,25,1,1,1,1
39,971200000,2416,924,64,26,1,1,1,1
40,537200000,2261,930,53,25,1,1,1,1
40,789700000,1645,939,94,25,1,1,1,1
40,971200000,2417,924,64,26,1,1,1,1
41,537200000,2262,930,53,25,1,1,1,1
41,789700000,1643,939,94,25,1,1,1,1
41,971200000,2417,924,64,26,1,1,1,1
42,537200000,2264,930,53,25,1,1,1,1
42,789700000,1640,939,94,25,1,1,1,1
42,971200000,2418,924,64,26,1,1,1,1
43,537200000,2265,930,53,25,1,1,1,1
43,789700000,1637,939,94,25,1,1,1,1
43,971200000,2418,924,64,26,1,1,1,1
44,537200000,2266,930,53,25,1,1,1,1
44,789700000,1635,939,94,25,1,1,1,1
44,971200000,2419,924,64,26,1,1,1,1
45,537200000,2267,930,53,25,1,1,1,1
45,789700000,1632,939,95,25,1,1,1,1
45,971200000,2419,924,64,26,1,1,1,1
46,537200000,2268,930,53,25,1,1,1,1
46,789700000,1630,939,95,25,1,1,1,1
46,971200000,2420,924,64,26,1,1,1,1
47,537200000,2269,930,53,25,1,1,1,1
47,789700000,1627,939,95,25,1,1,1,1
47,971200000,2420,924,64,26,1,1,1,1
48,537200000,2270,930,53,25,1,1,1,1
48,789700000,1624,939,95,25,1,1,1,1
48,971200000,2421,924,64,26,1,1,1,1
49,537200000,2271,930,54,25,1,1,1,1
49,789700000,1622,939,95,25,1,1,1,1
49,971200000,2421,924,64,26,1,1,1,1
50,537200000,2273,930,54,25,1,1,1,1
50,789700000,1619,940,95,25,1,1,1,1
50,971200000,2422,924,64,26,1,1,1,1
51,537200000,2274,930,54,25,1,1,1,1
51,789700000,1616,940,96,25,1,1,1,1
51,971200000,2423,924,64,26,1,1,1,1
52,537200000,2275,930,54,25,1,1,1,1
52,789700000,1614,940,96,25,1,1,1,1
52,971200000,2423,924,64,26,1,1,1,1
53,537200000,2276,930,54,25,1,1,1,1
53,789700000,1611,940,96,25,1,1,1,1
53,971200000,2424,924,64,26,1,1,1,1
54,537200000,2277,930,54,25,1,1,1,1
54,789700000,1608,940,96,25,1,1,1,1
54,971200000,2424,924,64,26,1,1,1,1
55,537200000,2278,929,54,25,1,1,1,1
55,789700000,1606,940,96,25,1,1,1,1
55,971200000,2425,924,64,26,1,1,1,1
56,537200000,2279,929,54,25,1,1,1,1
56,789700000,1603,940,96,25,1,1,1,1
56,971200000,2425,924,64,26,1,1,1,1
57,537200000,2280,929,54,25,1,1,1,1
57,789700000,1600,940,97,25,1,1,1,1
57,971200000,2426,924,63,26,1,1,1,1
58,537200000,2282,929,54,25,1,1,1,1
58,789700000,1598,940,97,25,1,1,1,1
58,971200000,2426,924,63,26,1,1,1,1
59,537200000,2283,929,54,25,1,1,1,1
59,789700000,1595,940,97,25,1,1,1,1
59,971200000,2427,924,63,26,1,1,1,1
60,537200000,2284,929,54,25,1,1,1,1
60,789700000,1592,940,97,25,1,1,1,1
60,971200000,2427,924,63,26,1,1,1,1
61,537200000,2285,929,54,25,1,1,1,1
61,789700000,1590,940,97,25,1,1,1,1
61,971200000,2428,924,63,26,1,1,1,1
62,537200000,2286,929,54,25,1,1,1,1
62,789700000,1587,940,97,25,1,1,1,1
62,971200000,2429,924,63,26,1,1,1,1
63,537200000,2287,929,54,25,1,1,1,1
63,789700000,1585,940,98,25,1,1,1,1
63,971200000,2429,924,63,26,1,1,1,1
64,537200000,2288,929,54,25,1,1,1,1
64,789700000,1582,940,98,25,1,1,1,1
64,971200000,2430,924,63,26,1,1,1,1
65,537200000,2289,929,54,25,1,1,1,1
65,789700000,1579,940,98,25,1,1,1,1
65,971200000,2430,924,63,26,1,1,1,1
66,537200000,2291,929,54,25,1,1,1,1
66,789700000,1577,940,98,25,1,1,1,1
66,971200000,2431,924,63,26,1,1,1,1
67,537200000,2292,929,54,25,1,1,1,1
67,789700000,1574,940,98,25,1,1,1,1
67,971200000,2431,924,63,26,1,1,1,1
68,537200000,2293,929,54,25,1,1,1,1
68,789700000,1571,940,98,25,1,1,1,1
68,971200000,2432,923,63,26,1,1,1,1
69,537200000,2294,929,54,25,1,1,1,1
69,789700000,1569,940,99,25,1,1,1,1
69,971200000,2432,923,63,26,1,1,1,1
70,537200000,2295,929,55,25,1,1,1,1
70,789700000,1566,940,99,25,1,1,1,1
70,971200000,2433,923,63,26,1,1,1,1
71,537200000,2296,929,55,24,1,1,1,1
71,789700000,1563,940,99,25,1,1,1,1
71,971200000,2433,923,63,26,1,1,1,1
72,537200000,2297,929,55,24,1,1,1,1
72,789700000,1561,940,99,25,1,1,1,1
72,971200000,2434,923,63,26,1,1,1,1
73,537200000,2298,929,55,24,1,1,1,1
73,789700000,1558,940,99,25,1,1,1,1
73,971200000,2434,923,63,26,1,1,1,1
74,537200000,2300,929,55,24,1,1,1,1
74,789700000,1555,940,99,25,1,1,1,1
74,971200000,2435,923,63,26,1,1,1,1
75,537200000,2301,929,55,24,1,1,1,1
75,789700000,1553,940,100,25,1,1,1,1
75,971200000,2436,923,63,26,1,1,1,1
76,537200000,2302,929,55,24,1,1,1,1
76,789700000,1550,940,100,25,1,1,1,1
76,971200000,2436,923,63,26,1,1,1,1
77,537200000,2303,929,55,24,1,1,1,1
77,789700000,1547,941,100,25,1,1,1,1
77,971200000,2437,923,63,26,1,1,1,1
78,537200000,2304,929,55,24,1,1,1,1
78,789700000,1545,941,100,25,1,1,1,1
78,971200000,2437,923,63,26,1,1,1,1
79,537200000,2305,929,55,24,1,1,1,1
79,789700000,1542,941,100,25,1,1,1,1
79,971200000,2438,923,62,26,1,1,1,1
80,537200000,2306,929,55,24,1,1,1,1
80,789700000,1539,941,100,25,1,1,1,1
80,971200000,2438,923,62,26,1,1,1,1
81,537200000,2307,929,55,24,1,1,1,1
81,789700000,1537,941,101,25,1,1,1,1
81,971200000,2439,923,62,26,1,1,1,1
82,537200000,2309,929,55,24,1,1,1,1
82,789700000,1534,941,101,25,1,1,1,1
82,971200000,2439,923,62,26,1,1,1,1
83,537200000,2310,929,55,24,1,1,1,1
83,789700000,1532,941,101,25,1,1,1,1
83,971200000,2440,923,62,26,1,1,1,1
84,537200000,2311,929,55,24,1,1,1,1
84,789700000,1529,941,101,25,1,1,1,1
84,971200000,2440,923,62,26,1,1,1,1
85,537200000,2312,929,55,24,1,1,1,1
85,789700000,1526,941,101,25,1,1,1,1
85,971200000,2441,923,62,26,1,1,1,1
86,537200000,2313,929,55,24,1,1,1,1
86,789700000,1524,941,101,25,1,1,1,1
86,971200000,2442,923,62,26,1,1,1,1
87,537200000,2314,928,55,24,1,1,1,1
87,789700000,1521,941,102,25,1,1,1,1
87,971200000,2442,923,62,26,1,1,1,1
88,537200000,2315,928,55,24,1,1,1,1
88,789700000,1518,941,102,25,1,1,1,1
88,971200000,2443,923,62,26,1,1,1,1
89,537200000,2316,928,55,24,1,1,1,1
89,789700000,1516,941,102,25,1,1,1,1
89,971200000,2443,923,62,26,1,1,1,1
90,537200000,2318,928,55,24,1,1,1,1
90,789700000,1513,941,102,25,1,1,1,1
90,971200000,2444,923,62,26,1,1,1,1
91,537200000,2319,928,55,24,1,1,1,1
91,789700000,1510,941,102,25,1,1,1,1
91,971200000,2444,923,62,26,1,1,1,1
92,537200000,2320,928,56,24,1,1,1,1
92,789700000,1507,941,102,25,1,1,1,1
92,971200000,2445,923,62,26,1,1,1,1
93,537200000,2321,928,56,24,1,1,1,1
93,789700000,1504,941,102,25,1,1,1,1
93,971200000,2445,923,62,26,1,1,1,1
94,537200000,2322,928,56,24,1,1,1,1
94,789700000,1501,941,103,25,1,1,1,1
94,971200000,2446,923,62,26,1,1,1,1
95,537200000,2323,928,56,24,1,1,1,1
95,789700000,1498,941,103,25,1,1,1,1
95,971200000,2446,923,62,26,1,1,1,1
96,537200000,2324,928,56,24,1,1,1,1
96,789700000,1495,941,103,25,1,1,1,1
96,971200000,2447,923,62,26,1,1,1,1
97,537200000,2325,928,56,24,1,1,1,1
97,789700000,1492,941,103,25,1,1,1,1
97,971200000,2447,923,62,26,1,1,1,1
98,537200000,2327,928,56,24,1,1,1,1
98,789700000,1489,941,103,25,1,1,1,1
98,971200000,2448,923,62,26,1,1,1,1
98,346400000,2414,925,29,20,1,1,1,1
98,962300000,2391,928,28,17,1,1,1,1
99,537200000,2328,928,56,24,1,1,1,1
99,789700000,1486,941,103,25,1,1,1,1
99,971200000,2449,923,62,26,1,1,1,1
99,346400000,2413,925,29,20,1,1,1,1
99,962300000,2390,928,28,17,1,1,1,1
100,537200000,2329,928,56,24,1,1,1,1
100,789700000,1483,941,103,25,1,1,1,1
100,971200000,2449,923,62,26,1,1,1,1
100,346400000,2412,925,29,20,1,1,1,1
100,962300000,2390,928,28,17,1,1,1,1
101,537200000,2330,928,56,24,1,1,1,1
101,789700000,1480,941,104,25,1,1,1,1
101,971200000,2450,923,62,26,1,1,1,1
101,346400000,2412,925,29,20,1,1,1,1
101,962300000,2389,928,28,17,1,1,1,1
102,537200000,2331,928,56,24,1,1,1,1
102,789700000,1477,941,104,25,1,1,1,1
102,971200000,2450,923,61,26,1,1,1,1
102,346400000,2411,925,29,20,1,1,1,1
102,962300000,2388,928,28,17,1,1,1,1
103,537200000,2332,928,56,24,1,1,1,1
103,789700000,1474,941,104,25,1,1,1,1
103,971200000,2451,923,61,26,1,1,1,1
103,346400000,2410,925,29,20,1,1,1,1
103,962300000,2388,928,28,17,1,1,1,1
104,537200000,2334,928,55,24,1,1,1,1
104,789700000,1472,942,104,26,1,1,1,1
104,971200000,2451,923,61,26,1,1,1,1
104,346400000,2409,925,29,20,1,1,1,1
104,962300000,2387,928,28,17,1,1,1,1
105,537200000,2335,928,55,24,1,1,1,1
105,789700000,1469,942,104,26,1,1,1,1
105,971200000,2452,923,61,26,1,1,1,1
105,346400000,2408,925,29,20,1,1,1,1
105,962300000,2386,928,28,17,1,1,1,1
106,537200000,2337,928,55,24,1,1,1,1
106,789700000,1466,942,104,26,1,1,1,1
106,971200000,2452,923,61,26,1,1,1,1
106,346400000,2408,925,29,20,1,1,1,1
106,962300000,2386,928,28,17,1,1,1,1
107,537200000,2338,928,54,24,1,1,1,1
107,789700000,1463,942,104,26,1,1,1,1
107,971200000,2453,923,61,26,1,1,1,1
107,346400000,2407,925,29,20,1,1,1,1
107,962300000,2385,928,28,17,1,1,1,1
108,537200000,2340,928,54,24,1,1,1,1
108,789700000,1460,942,105,26,1,1,1,1
108,971200000,2453,923,61,26,1,1,1,1
108,346400000,2406,925,29,20,1,1,1,1
108,962300000,2384,928,28,17,1,1,1,1
109,537200000,2341,928,54,24,1,1,1,1
109,789700000,1457,942,105,26,1,1,1,1
109,971200000,2454,923,61,26,1,1,1,1
109,346400000,2405,925,29,20,1,1,1,1
109,962300000,2384,928,28,17,1,1,1,1
110,537200000,2343,928,53,24,1,1,1,1
110,789700000,1454,942,105,26,1,1,1,1
110,971200000,2454,923,61,26,1,1,1,1
110,346400000,2404,925,29,20,1,1,1,1
110,962300000,2383,928,28,17,1,1,1,1
111,537200000,2344,928,53,24,1,1,1,1
111,789700000,1451,942,105,26,1,1,1,1
111,971200000,2455,923,61,26,1,1,1,1
111,346400000,2404,925,29,20,1,1,1,1
111,962300000,2383,928,28,17,1,1,1,1
112,537200000,2345,928,53,24,1,1,1,1
112,789700000,1448,942,105,26,1,1,1,1
112,971200000,2456,923,61,26,1,1,1,1
112,346400000,2403,926,29,20,1,1,1,1
112,962300000,2382,928,28,17,1,1,1,1
113,537200000,2347,928,53,24,1,1,1,1
113,789700000,1445,942,105,26,1,1,1,1
113,971200000,2456,923,61,26,1,1,1,1
113,346400000,2402,926,29,20,1,1,1,1
113,962300000,2381,928,28,17,1,1,1,1
114,537200000,2348,928,53,24,1,1,1,1
114,789700000,1442,942,105,26,1,1,1,1
114,971200000,2457,923,61,26,1,1,1,1
114,346400000,2401,926,29,20,1,1,1,1
114,962300000,2381,928,28,17,1,1,1,1
115,537200000,2349,928,52,24,1,1,1,1
115,789700000,1439,942,106,26,1,1,1,1
115,971200000,2457,923,61,26,1,1,1,1
115,346400000,2401,926,29,20,1,1,1,1
115,962300000,2380,928,28,17,1,1,1,1
116,537200000,2351,928,52,24,1,1,1,1
116,789700000,1436,942,106,26,1,1,1,1
116,971200000,2458,923,61,26,1,1,1,1
116,346400000,2400,926,29,20,1,1,1,1
116,962300000,2379,928,28,17,1,1,1,1
117,537200000,2352,928,52,24,1,1,1,1
117,789700000,1433,942,106,26,1,1,1,1
117,971200000,2458,923,61,26,1,1,1,1
117,346400000,2399,926,29,20,1,1,1,1
117,962300000,2379,928,28,17,1,1,1,1
118,537200000,2353,928,52,24,1,1,1,1
118,789700000,1430,942,106,26,1,1,1,1
118,971200000,2459,923,61,26,1,1,1,1
118,346400000,2398,926,29,20,1,1,1,1
118,962300000,2378,928,28,17,1,1,1,1
119,537200000,2355,928,52,24,1,1,1,1
119,789700000,1427,942,106,26,1,1,1,1
119,971200000,2459,923,61,26,1,1,1,1
119,346400000,2397,926,29,20,1,1,1,1
119,962300000,2377,928,28,17,1,1,1,1
120,537200000,2356,928,52,24,1,1,1,1
120,789700000,1423,942,106,26,1,1,1,1
120,971200000,2460,923,61,26,1,1,1,1
120,346400000,2397,926,29,20,1,1,1,1
120,962300000,2377,928,28,17,1,1,1,1
121,537200000,2357,928,52,24,1,1,1,1
121,789700000,1420,942,106,26,1,1,1,1
121,971200000,2460,923,61,26,1,1,1,1
121,346400000,2396,926,29,20,1,1,1,1
121,962300000,2376,928,28,17,1,1,1,1
122,537200000,2359,928,52,24,1,1,1,1
122,789700000,1417,942,107,26,1,1,1,1
122,971200000,2461,923,61,26,1,1,1,1
122,346400000,2395,926,29,20,1,1,1,1
122,962300000,2375,928,28,17,1,1,1,1
123,537200000,2360,928,51,24,1,1,1,1
123,789700000,1414,942,107,26,1,1,1,1
123,971200000,2462,923,61,26,1,1,1,1
123,346400000,2394,926,29,20,1,1,1,1
123,962300000,2375,928,28,17,1,1,1,1
124,537200000,2361,928,51,24,1,1,1,1
124,789700000,1410,942,107,26,1,1,1,1
124,971200000,2462,923,60,26,1,1,1,1
124,346400000,2393,926,29,20,1,1,1,1
124,962300000,2374,929,28,17,1,1,1,1
125,537200000,2363,928,51,24,1,1,1,1
125,789700000,1407,942,107,26,1,1,1,1
125,971200000,2463,923,60,26,1,1,1,1
125,346400000,2393,926,30,19,1,1,1,1
125,962300000,2373,929,28,17,1,1,1,1
126,537200000,2364,928,51,24,1,1,1,1
126,789700000,1404,942,107,26,1,1,1,1
126,971200000,2463,923,60,26,1,1,1,1
126,346400000,2392,926,30,19,1,1,1,1
126,962300000,2373,929,28,17,1,1,1,1
127,537200000,2365,927,51,24,1,1,1,1
127,789700000,1401,942,107,26,1,1,1,1
127,971200000,2464,923,60,26,1,1,1,1
127,346400000,2391,926,30,19,1,1,1,1
127,962300000,2372,929,28,17,1,1,1,1
128,537200000,2367,927,51,24,1,1,1,1
128,789700000,1397,942,107,26,1,1,1,1
128,971200000,2464,923,60,26,1,1,1,1
128,346400000,2390,926,30,19,1,1,1,1
128,962300000,2371,929,28,17,1,1,1,1
129,537200000,2368,927,51,24,1,1,1,1
129,789700000,1394,942,108,26,1,1,1,1
129,971200000,2465,923,60,26,1,1,1,1
129,346400000,2389,926,30,19,1,1,1,1
129,962300000,2371,929,28,17,1,1,1,1
130,537200000,2369,927,50,24,1,1,1,1
130,789700000,1391,942,108,26,1,1,1,1
130,971200000,2465,923,60,26,1,1,1,1
130,346400000,2389,926,30,19,1,1,1,1
130,962300000,2370,929,28,17,1,1,1,1
131,537200000,2371,927,50,24,1,1,1,1
131,789700000,1388,942,108,26,1,1,1,1
131,971200000,2466,923,60,26,1,1,1,1
131,346400000,2388,926,30,19,1,1,1,1
131,962300000,2369,929,28,17,1,1,1,1
132,537200000,2372,927,50,24,1,1,1,1
132,789700000,1384,942,108,26,1,1,1,1
132,971200000,2466,923,60,26,1,1,1,1
132,346400000,2387,926,30,19,1,1,1,1
132,962300000,2369,929,28,17,1,1,1,1
133,537200000,2373,927,50,24,1,1,1,1
133,789700000,1381,942,108,26,1,1,1,1
133,971200000,2467,923,60,26,1,1,1,1
133,346400000,2386,926,30,19,1,1,1,1
133,962300000,2368,929,28,17,1,1,1,1
134,537200000,2375,927,50,24,1,1,1,1
134,789700000,1378,942,108,26,1,1,1,1
134,971200000,2467,923,60,26,1,1,1,1
134,346400000,2385,926,30,19,1,1,1,1
134,962300000,2367,929,28,17,1,1,1,1
135,537200000,2376,927,50,24,1,1,1,1
135,789700000,1374,942,108,26,1,1,1,1
135,971200000,2468,923,60,26,1,1,1,1
135,346400000,2385,926,30,19,1,1,1,1
135,962300000,2367,929,28,17,1,1,1,1
136,537200000,2377,927,50,24,1,1,1,1
136,789700000,1371,942,109,26,1,1,1,1
136,971200000,2469,923,60,26,1,1,1,1
136,346400000,2384,926,30,19,1,1,1,1
136,962300000,2366,929,28,17,1,1,1,1
137,537200000,2379,927,50,24,1,1,1,1
137,789700000,1368,942,109,26,1,1,1,1
137,971200000,2469,923,59,26,1,1,1,1
137,346400000,2383,926,30,19,1,1,1,1
137,962300000,2366,929,28,17,1,1,1,1
138,537200000,2380,927,49,24,1,1,1,1
138,789700000,1365,942,109,26,1,1,1,1
138,971200000,2470,923,59,26,1,1,1,1
138,346400000,2382,927,30,19,1,1,1,1
138,962300000,2365,929,28,17,1,1,1,1
139,537200000,2381,927,49,24,1,1,1,1
139,789700000,1361,943,109,27,1,1,1,1
139,971200000,2470,923,59,26,1,1,1,1
139,346400000,2382,927,30,19,1,1,1,1
139,962300000,2364,929,28,17,1,1,1,1
140,537200000,2383,927,49,24,1,1,1,1
140,789700000,1358,943,109,27,1,1,1,1
140,971200000,2471,923,58,25,1,1,1,1
140,346400000,2381,927,30,19,1,1,1,1
140,962300000,2364,929,28,17,1,1,1,1
141,537200000,2384,927,49,24,1,1,1,1
141,789700000,1355,943,109,27,1,1,1,1
141,971200000,2471,923,58,25,1,1,1,1
141,346400000,2380,927,30,19,1,1,1,1
141,962300000,2363,929,28,17,1,1,1,1
142,537200000,2385,927,49,23,1,1,1,1
142,789700000,1352,943,110,27,1,1,1,1
142,971200000,2472,924,58,25,1,1,1,1
142,346400000,2379,927,30,19,1,1,1,1
142,962300000,2362,929,28,17,1,1,1,1
143,537200000,2387,927,49,23,1,1,1,1
143,789700000,1348,943,110,27,1,1,1,1
143,971200000,2472,924,57,25,1,1,1,1
143,346400000,2378,927,30,19,1,1,1,1
143,962300000,2362,929,28,17,1,1,1,1
144,537200000,2388,927,49,23,1,1,1,1
144,789700000,1345,943,110,27,1,1,1,1
144,971200000,2473,924,57,25,1,1,1,1
144,346400000,2378,927,30,19,1,1,1,1
144,962300000,2361,929,28,17,1,1,1,1
145,537200000,2389,927,48,23,1,1,1,1
145,789700000,1342,943,110,27,1,1,1,1
145,971200000,2473,924,57,25,1,1,1,1
145,346400000,2377,927,30,19,1,1,1,1
145,962300000,2360,929,28,17,1,1,1,1
146,537200000,2391,927,48,23,1,1,1,1
146,789700000,1338,943,110,27,1,1,1,1
146,971200000,2474,924,56,25,1,1,1,1
146,346400000,2376,927,30,19,1,1,1,1
146,962300000,2360,929,28,17,1,1,1,1
147,537200000,2392,927,48,23,1,1,1,1
147,789700000,1335,943,110,27,1,1,1,1
147,971200000,2474,924,56,25,1,1,1,1
147,346400000,2375,927,30,19,1,1,1,1
147,962300000,2359,929,28,17,1,1,1,1
148,537200000,2393,927,48,23,1,1,1,1
148,789700000,1332,943,110,27,1,1,1,1
148,971200000,2475,924,56,25,1,1,1,1
148,346400000,2374,927,30,19,1,1,1,1
148,962300000,2358,929,28,17,1,1,1,1
149,537200000,2395,927,48,23,1,1,1,1
149,789700000,1329,943,111,27,1,1,1,1
149,971200000,2475,924,55,24,1,1,1,1
149,346400000,2374,927,30,19,1,1,1,1
149,962300000,2358,929,28,18,1,1,1,1
150,537200000,2396,927,48,23,1,1,1,1
150,789700000,1325,943,111,27,1,1,1,1
150,971200000,2476,924,55,24,1,1,1,1
150,346400000,2373,927,30,19,1,1,1,1
150,962300000,2357,929,28,18,1,1,1,1
151,537200000,2397,927,48,23,1,1,1,1
151,789700000,1322,943,111,27,1,1,1,1
151,971200000,2476,924,54,24,1,1,1,1
151,346400000,2372,927,30,19,1,1,1,1
151,962300000,2356,929,28,18,1,1,1,1
152,537200000,2399,927,48,23,1,1,1,1
152,789700000,1319,943,111,27,1,1,1,1
152,971200000,2477,924,54,24,1,1,1,1
152,346400000,2371,927,30,19,1,1,1,1
152,962300000,2356,929,28,18,1,1,1,1
153,537200000,2400,927,47,23,1,1,1,1
153,789700000,1316,943,111,27,1,1,1,1
153,971200000,2477,924,54,24,1,1,1,1
153,346400000,2370,927,31,19,1,1,1,1
153,962300000,2355,929,28,18,1,1,1,1
154,537200000,2401,927,47,23,1,1,1,1
154,789700000,1312,943,111,27,1,1,1,1
154,971200000,2478,925,53,24,1,1,1,1
154,346400000,2369,927,31,19,1,1,1,1
154,962300000,2354,929,28,18,1,1,1,1
155,537200000,2403,927,47,23,1,1,1,1
155,789700000,1309,943,111,27,1,1,1,1
155,971200000,2478,925,53,24,1,1,1,1
155,346400000,2368,927,31,19,1,1,1,1
155,962300000,2354,929,28,18,1,1,1,1
156,537200000,2404,927,47,23,1,1,1,1
156,789700000,1306,943,112,27,1,1,1,1
156,971200000,2479,925,53,24,1,1,1,1
156,346400000,2367,927,31,19,1,1,1,1
156,962300000,2353,929,28,18,1,1,1,1
157,537200000,2405,926,47,23,1,1,1,1
157,789700000,1303,943,112,27,1,1,1,1
157,971200000,2480,925,52,23,1,1,1,1
157,346400000,2366,927,32,19,1,1,1,1
157,962300000,2352,929,28,18,1,1,1,1
158,537200000,2407,926,47,23,1,1,1,1
158,789700000,1299,943,112,27,1,1,1,1
158,971200000,2480,925,52,23,1,1,1,1
158,346400000,2365,927,32,19,1,1,1,1
158,962300000,2352,929,28,18,1,1,1,1
159,537200000,2408,926,47,23,1,1,1,1
159,789700000,1296,943,112,27,1,1,1,1
159,971200000,2481,925,52,23,1,1,1,1
159,346400000,2364,927,32,20,1,1,1,1
159,962300000,2351,929,28,18,1,1,1,1
160,537200000,2409,926,46,23,1,1,1,1
160,789700000,1292,943,112,27,1,1,1,1
160,971200000,2481,925,51,23,1,1,1,1
160,346400000,2363,927,33,20,1,1,1,1
160,962300000,2350,929,28,18,1,1,1,1
161,537200000,2411,926,46,23,1,1,1,1
161,789700000,1289,943,113,27,1,1,1,1
161,971200000,2482,925,51,23,1,1,1,1
161,346400000,2362,927,33,20,1,1,1,1
161,962300000,2350,929,28,18,1,1,1,1
162,537200000,2412,926,46,23,1,1,1,1
162,789700000,1285,943,113,27,1,1,1,1
162,971200000,2482,925,51,23,1,1,1,1
162,346400000,2361,927,33,20,1,1,1,1
162,962300000,2349,929,28,18,1,1,1,1
163,537200000,2413,926,46,23,1,1,1,1
163,789700000,1282,943,113,27,1,1,1,1
163,971200000,2483,925,50,23,1,1,1,1
163,346400000,2359,926,33,20,1,1,1,1
163,962300000,2349,929,28,18,1,1,1,1
164,537200000,2415,926,46,23,1,1,1,1
164,789700000,1278,943,114,27,1,1,1,1
164,971200000,2483,925,50,23,1,1,1,1
164,346400000,2358,926,34,20,1,1,1,1
164,962300000,2348,929,28,18,1,1,1,1
165,537200000,2416,926,46,23,1,1,1,1
165,789700000,1274,943,114,27,1,1,1,1
165,971200000,2484,925,50,23,1,1,1,1
165,346400000,2357,926,34,20,1,1,1,1
165,962300000,2347,929,28,18,1,1,1,1
166,537200000,2417,926,46,23,1,1,1,1
166,789700000,1271,943,114,27,1,1,1,1
166,971200000,2484,926,49,22,1,1,1,1
166,346400000,2356,926,34,20,1,1,1,1
166,962300000,2347,929,28,18,1,1,1,1
167,537200000,2419,926,46,23,1,1,1,1
167,789700000,1267,943,115,27,1,1,1,1
167,971200000,2485,926,49,22,1,1,1,1
167,346400000,2355,926,35,20,1,1,1,1
167,962300000,2346,929,28,18,1,1,1,1
168,537200000,2420,926,45,23,1,1,1,1
168,789700000,1264,943,115,27,1,1,1,1
168,971200000,2485,926,49,22,1,1,1,1
168,346400000,2354,926,35,20,1,1,1,1
168,962300000,2345,929,28,18,1,1,1,1
169,537200000,2421,926,45,23,1,1,1,1
169,789700000,1260,943,115,27,1,1,1,1
169,971200000,2486,926,48,22,1,1,1,1
169,346400000,2353,926,35,20,1,1,1,1
169,962300000,2345,929,28,18,1,1,1,1
170,537200000,2423,926,45,23,1,1,1,1
170,789700000,1257,943,115,27,1,1,1,1
170,971200000,2486,926,48,22,1,1,1,1
170,346400000,2352,926,35,20,1,1,1,1
170,962300000,2344,929,28,18,1,1,1,1
171,537200000,2424,926,45,23,1,1,1,1
171,789700000,1253,943,116,27,1,1,1,1
171,971200000,2487,926,48,22,1,1,1,1
171,346400000,2351,926,36,20,1,1,1,1
171,962300000,2343,929,28,18,1,1,1,1
172,537200000,2425,926,45,23,1,1,1,1
172,789700000,1249,943,116,27,1,1,1,1
172,971200000,2487,926,47,22,1,1,1,1
172,346400000,2350,926,36,20,1,1,1,1
172,962300000,2343,929,28,18,1,1,1,1
173,537200000,2426,926,45,23,1,1,1,1
173,789700000,1246,943,116,27,1,1,1,1
173,971200000,2488,926,47,22,1,1,1,1
173,346400000,2349,926,36,20,1,1,1,1
173,962300000,2342,929,28,18,1,1,1,1
174,537200000,2427,926,45,23,1,1,1,1
174,789700000,1242,943,117,27,1,1,1,1
174,971200000,2488,926,47,22,1,1,1,1
174,346400000,2348,926,37,21,1,1,1,1
174,962300000,2341,930,28,18,1,1,1,1
175,537200000,2428,926,45,23,1,1,1,1
175,789700000,1239,943,117,27,1,1,1,1
175,971200000,2489,926,46,21,1,1,1,1
175,346400000,2347,926,37,21,1,1,1,1
175,962300000,2341,930,28,18,1,1,1,1
176,537200000,2429,926,45,23,1,1,1,1
176,789700000,1235,943,117,27,1,1,1,1
176,971200000,2490,926,46,21,1,1,1,1
176,612600000,0,950,35,47,1,1,1,1
176,346400000,2346,926,37,21,1,1,1,1
176,962300000,2340,930,28,18,1,1,1,1
177,537200000,2430,926,45,23,1,1,1,1
177,789700000,1231,943,118,27,1,1,1,1
177,971200000,2490,926,46,21,1,1,1,1
177,612600000,0,949,49,48,1,1,1,1
177,346400000,2345,926,37,21,1,1,1,1
177,962300000,2339,930,28,18,1,1,1,1
178,537200000,2431,926,44,23,1,1,1,1
178,789700000,1228,943,118,27,1,1,1,1
178,971200000,2491,927,45,21,1,1,1,1
178,612600000,0,949,63,48,1,1,1,1
178,346400000,2344,926,38,21,1,1,1,1
178,962300000,2339,930,28,18,1,1,1,1
179,537200000,2432,926,44,23,1,1,1,1
179,789700000,1224,943,118,27,1,1,1,1
179,971200000,2491,927,45,21,1,1,1,1
179,612600000,0,948,78,49,1,1,1,1
179,346400000,2343,926,38,21,1,1,1,1
179,962300000,2338,930,28,18,1,1,1,1
180,537200000,2433,926,44,23,1,1,1,1
180,789700000,1221,944,119,28,1,1,1,1
180,971200000,2492,927,45,21,1,1,1,1
180,612600000,0,947,92,50,1,1,1,1
180,346400000,2342,926,38,21,1,1,1,1
180,962300000,2337,930,28,18,1,1,1,1
181,537200000,2434,926,44,23,1,1,1,1
181,789700000,1217,944,119,28,1,1,1,1
181,971200000,2492,927,44,21,1,1,1,1
181,612600000,0,946,106,51,1,1,1,1
181,346400000,2341,926,38,21,1,1,1,1
181,962300000,2337,930,28,18,1,1,1,1
182,537200000,2435,926,44,22,1,1,1,1
182,789700000,1214,944,119,28,1,1,1,1
182,971200000,2493,927,44,21,1,1,1,1
182,612600000,1,946,120,51,1,1,1,1
182,346400000,2340,926,39,21,1,1,1,1
182,962300000,2336,930,28,18,1,1,1,1
183,537200000,2436,926,44,22,1,1,1,1
183,789700000,1210,944,120,28,1,1,1,1
183,971200000,2493,927,43,20,1,1,1,1
183,612600000,1,945,134,52,1,1,1,1
183,346400000,2339,926,39,21,1,1,1,1
183,962300000,2335,930,28,18,1,1,1,1
184,537200000,2437,926,44,22,1,1,1,1
184,789700000,1206,944,120,28,1,1,1,1
184,971200000,2494,927,43,20,1,1,1,1
184,612600000,1,944,148,53,1,1,1,1
184,346400000,2338,926,39,21,1,1,1,1
184,962300000,2335,930,28,18,1,1,1,1
185,537200000,2438,926,44,22,1,1,1,1
185,789700000,1203,944,120,28,1,1,1,1
185,971200000,2494,927,43,20,1,1,1,1
185,612600000,1,943,163,54,1,1,1,1
185,346400000,2337,926,40,21,1,1,1,1
185,962300000,2334,930,28,18,1,1,1,1
186,537200000,2439,926,44,22,1,1,1,1
186,789700000,1199,944,121,28,1,1,1,1
186,971200000,2495,927,42,20,1,1,1,1
186,612600000,1,943,177,54,1,1,1,1
186,346400000,2335,925,40,21,1,1,1,1
186,962300000,2333,930,28,18,1,1,1,1
187,537200000,2440,926,44,22,1,1,1,1
187,789700000,1196,944,121,28,1,1,1,1
187,971200000,2495,927,42,20,1,1,1,1
187,612600000,1,942,191,55,1,1,1,1
187,346400000,2334,925,40,21,1,1,1,1
187,962300000,2333,930,28,18,1,1,1,1
188,537200000,2441,926,44,22,1,1,1,1
188,789700000,1192,944,121,28,1,1,1,1
188,971200000,2496,927,42,20,1,1,1,1
188,612600000,1,941,201,56,1,1,1,1
188,346400000,2333,925,40,21,1,1,1,1
188,962300000,2332,930,28,18,1,1,1,1
189,537200000,2442,926,44,22,1,1,1,1
189,789700000,1188,944,122,28,1,1,1,1
189,971200000,2496,927,41,20,1,1,1,1
189,612600000,1,940,211,57,1,1,1,1
189,346400000,2332,925,41,21,1,1,1,1
189,962300000,2332,930,28,18,1,1,1,1
190,537200000,2443,926,44,22,1,1,1,1
190,789700000,1185,944,122,28,1,1,1,1
190,971200000,2497,928,41,20,1,1,1,1
190,612600000,0,939,227,58,1,1,1,1
190,346400000,2331,925,41,22,1,1,1,1
190,962300000,2331,930,28,18,1,1,1,1
191,537200000,2444,926,44,22,1,1,1,1
191,789700000,1181,944,122,28,1,1,1,1
191,971200000,2497,928,41,20,1,1,1,1
191,612600000,-2,938,242,59,1,1,1,1
191,346400000,2330,925,41,22,1,1,1,1
191,962300000,2330,930,28,18,1,1,1,1
192,537200000,2446,927,43,22,1,1,1,1
192,789700000,1178,944,122,28,1,1,1,1
192,971200000,2498,928,40,19,1,1,1,1
192,612600000,-3,936,257,60,1,1,1,1
192,346400000,2329,925,42,22,1,1,1,1
192,962300000,2330,930,28,18,1,1,1,1
193,537200000,2447,927,43,22,1,1,1,1
193,789700000,1174,944,123,28,1,1,1,1
193,971200000,2498,928,40,19,1,1,1,1
193,612600000,-1,930,269,66,1,1,1,1
193,346400000,2328,925,42,22,1,1,1,1
193,962300000,2329,930,28,18,1,1,1,1
194,537200000,2448,927,43,22,1,1,1,1
194,789700000,1171,944,123,28,1,1,1,1
194,971200000,2499,928,40,19,1,1,1,1
194,612600000,0,924,281,72,1,1,1,1
194,346400000,2327,925,42,22,1,1,1,1
194,962300000,2328,930,28,18,1,1,1,1
195,537200000,2449,927,43,22,1,1,1,1
195,789700000,1167,944,123,28,1,1,1,1
195,971200000,2499,928,39,19,1,1,1,1
195,612600000,1,918,293,78,1,1,1,1
195,346400000,2326,925,42,22,1,1,1,1
195,962300000,2328,930,28,18,1,1,1,1
196,537200000,2450,927,43,22,1,1,1,1
196,789700000,1163,944,124,28,1,1,1,1
196,971200000,2500,928,39,19,1,1,1,1
196,612600000,3,916,305,81,1,1,1,1
196,346400000,2325,925,43,22,1,1,1,1
196,962300000,2327,930,28,18,1,1,1,1
197,537200000,2451,927,43,22,1,1,1,1
197,789700000,1160,944,124,28,1,1,1,1
197,971200000,2500,929,39,19,1,1,1,1
197,612600000,4,913,317,83,1,1,1,1
197,346400000,2324,925,43,22,1,1,1,1
197,962300000,2326,930,28,18,1,1,1,1
198,537200000,2452,927,43,22,1,1,1,1
198,789700000,1156,944,124,28,1,1,1,1
198,971200000,2499,929,39,18,1,1,1,1
198,612600000,-3,911,339,86,1,1,1,1
198,346400000,2323,925,43,22,1,1,1,1
198,962300000,2326,930,28,18,1,1,1,1
199,537200000,2453,927,43,22,1,1,1,1
199,789700000,1153,944,125,28,1,1,1,1
199,612600000,4,908,344,88,1,1,1,1
199,346400000,2322,925,43,22,1,1,1,1
199,962300000,2325,930,28,18,1,1,1,1
200,537200000,2454,927,43,22,1,1,1,1
200,789700000,1149,944,125,28,1,1,1,1
200,612600000,19,912,343,84,1,1,1,1
200,346400000,2321,925,43,22,1,1,1,1
200,962300000,2324,930,28,18,1,1,1,1
201,537200000,2455,927,43,22,1,1,1,1
201,789700000,1145,944,126,28,1,1,1,1
201,612600000,35,915,341,81,1,1,1,1
201,346400000,2320,925,43,22,1,1,1,1
201,962300000,2324,930,28,18,1,1,1,1
202,537200000,2456,927,43,21,1,1,1,1
202,789700000,1140,944,126,28,1,1,1,1
202,612600000,50,919,340,77,1,1,1,1
202,346400000,2319,925,43,22,1,1,1,1
202,962300000,2323,930,28,18,1,1,1,1
203,537200000,2457,927,43,21,1,1,1,1
203,789700000,1136,944,127,28,1,1,1,1
203,612600000,65,922,338,73,1,1,1,1
203,346400000,2319,925,42,22,1,1,1,1
203,962300000,2322,930,28,18,1,1,1,1
204,537200000,2458,927,43,21,1,1,1,1
204,789700000,1131,944,128,28,1,1,1,1
204,612600000,78,922,336,73,1,1,1,1
204,346400000,2318,925,42,22,1,1,1,1
204,962300000,2321,930,28,18,1,1,1,1
205,537200000,2459,927,43,21,1,1,1,1
205,789700000,1127,944,129,28,1,1,1,1
205,612600000,92,922,334,73,1,1,1,1
205,346400000,2317,925,42,22,1,1,1,1
205,962300000,2321,930,28,18,1,1,1,1
206,537200000,2460,927,42,21,1,1,1,1
206,789700000,1123,944,129,28,1,1,1,1
206,612600000,105,922,332,72,1,1,1,1
206,346400000,2316,925,42,22,1,1,1,1
206,962300000,2320,930,28,18,1,1,1,1
207,537200000,2461,927,42,21,1,1,1,1
207,789700000,1118,944,130,28,1,1,1,1
207,612600000,119,922,331,72,1,1,1,1
207,346400000,2315,925,42,22,1,1,1,1
207,962300000,2319,930,29,18,1,1,1,1
208,537200000,2462,927,42,21,1,1,1,1
208,789700000,1114,944,131,29,1,1,1,1
208,612600000,132,922,329,72,1,1,1,1
208,346400000,2314,925,42,22,1,1,1,1
208,962300000,2318,930,29,18,1,1,1,1
209,537200000,2463,927,42,21,1,1,1,1
209,789700000,1109,944,131,29,1,1,1,1
209,612600000,146,923,327,72,1,1,1,1
209,346400000,2313,925,42,22,1,1,1,1
209,962300000,2318,930,29,18,1,1,1,1
210,537200000,2464,927,42,21,1,1,1,1
210,789700000,1105,944,132,29,1,1,1,1
210,612600000,159,923,325,72,1,1,1,1
210,346400000,2312,925,42,22,1,1,1,1
210,962300000,2317,930,29,18,1,1,1,1
211,537200000,2465,927,42,21,1,1,1,1
211,789700000,1101,944,133,29,1,1,1,1
211,612600000,172,923,323,72,1,1,1,1
211,346400000,2311,925,42,22,1,1,1,1
211,962300000,2316,930,29,18,1,1,1,1
212,537200000,2466,927,42,21,1,1,1,1
212,789700000,1096,944,133,29,1,1,1,1
212,612600000,186,923,321,71,1,1,1,1
212,346400000,2310,925,42,22,1,1,1,1
212,962300000,2315,930,29,18,1,1,1,1
213,537200000,2467,927,42,21,1,1,1,1
213,789700000,1092,944,134,29,1,1,1,1
213,612600000,199,923,319,71,1,1,1,1
213,346400000,2309,925,42,22,1,1,1,1
213,962300000,2315,930,29,18,1,1,1,1
214,537200000,2468,927,42,21,1,1,1,1
214,789700000,1087,944,135,29,1,1,1,1
214,612600000,213,923,317,71,1,1,1,1
214,346400000,2308,925,42,22,1,1,1,1
214,962300000,2314,930,29,18,1,1,1,1
215,537200000,2468,927,42,21,1,1,1,1
215,789700000,1083,944,136,29,1,1,1,1
215,612600000,226,923,316,71,1,1,1,1
215,346400000,2308,925,41,22,1,1,1,1
215,962300000,2313,930,29,18,1,1,1,1
216,537200000,2469,927,42,21,1,1,1,1
216,789700000,1079,944,136,29,1,1,1,1
216,612600000,240,923,314,71,1,1,1,1
216,346400000,2307,925,41,22,1,1,1,1
216,962300000,2312,930,29,18,1,1,1,1
217,537200000,2470,927,42,21,1,1,1,1
217,789700000,1074,944,137,29,1,1,1,1
217,612600000,253,923,312,71,1,1,1,1
217,346400000,2306,925,41,22,1,1,1,1
217,962300000,2311,930,29,18,1,1,1,1
218,537200000,2471,927,42,21,1,1,1,1
218,789700000,1070,944,138,29,1,1,1,1
218,612600000,267,923,310,70,1,1,1,1
218,346400000,2305,925,41,22,1,1,1,1
218,962300000,2310,930,29,18,1,1,1,1
219,537200000,2472,927,42,21,1,1,1,1
219,789700000,1065,944,138,29,1,1,1,1
219,612600000,280,923,308,70,1,1,1,1
219,346400000,2304,925,41,22,1,1,1,1
219,962300000,2309,930,29,18,1,1,1,1
220,537200000,2472,927,42,21,1,1,1,1
220,789700000,1061,944,139,29,1,1,1,1
220,612600000,293,923,306,70,1,1,1,1
220,346400000,2303,925,41,22,1,1,1,1
220,962300000,2308,930,29,18,1,1,1,1
221,537200000,2473,927,42,21,1,1,1,1
221,789700000,1057,944,140,29,1,1,1,1
221,612600000,307,924,304,70,1,1,1,1
221,346400000,2302,925,41,22,1,1,1,1
221,962300000,2307,930,29,18,1,1,1,1
222,537200000,2474,926,43,21,1,1,1,1
222,789700000,1052,944,140,29,1,1,1,1
222,612600000,320,924,302,70,1,1,1,1
222,346400000,2301,925,41,22,1,1,1,1
222,962300000,2305,930,30,18,1,1,1,1
223,537200000,2475,926,43,21,1,1,1,1
223,789700000,1048,944,141,29,1,1,1,1
223,612600000,334,924,301,70,1,1,1,1
223,346400000,2300,925,41,22,1,1,1,1
223,962300000,2304,930,30,18,1,1,1,1
224,537200000,2475,926,43,21,1,1,1,1
224,789700000,1043,945,142,30,1,1,1,1
224,612600000,347,924,299,69,1,1,1,1
224,346400000,2299,925,41,22,1,1,1,1
224,962300000,2303,930,30,18,1,1,1,1
225,537200000,2476,926,43,21,1,1,1,1
225,789700000,1039,945,143,30,1,1,1,1
225,612600000,361,924,297,69,1,1,1,1
225,346400000,2298,925,41,22,1,1,1,1
225,962300000,2302,930,30,18,1,1,1,1
226,537200000,2477,926,43,21,1,1,1,1
226,789700000,1034,945,143,30,1,1,1,1
226,612600000,374,924,295,69,1,1,1,1
226,346400000,2297,925,41,22,1,1,1,1
226,962300000,2301,930,30,18,1,1,1,1
227,537200000,2478,926,43,21,1,1,1,1
227,789700000,1030,945,144,30,1,1,1,1
227,612600000,385,924,293,69,1,1,1,1
227,346400000,2297,925,40,23,1,1,1,1
227,962300000,2300,930,30,18,1,1,1,1
228,537200000,2479,926,43,21,1,1,1,1
228,789700000,1026,945,145,30,1,1,1,1
228,612600000,397,924,292,69,1,1,1,1
228,346400000,2296,925,40,23,1,1,1,1
228,962300000,2299,930,30,18,1,1,1,1
229,537200000,2479,926,43,21,1,1,1,1
229,789700000,1021,945,145,30,1,1,1,1
229,612600000,408,924,290,69,1,1,1,1
229,346400000,2295,925,40,23,1,1,1,1
229,962300000,2298,930,30,18,1,1,1,1
230,537200000,2480,926,43,21,1,1,1,1
230,789700000,1017,945,146,30,1,1,1,1
230,612600000,419,924,288,68,1,1,1,1
230,346400000,2294,925,40,23,1,1,1,1
230,962300000,2297,930,30,18,1,1,1,1
231,537200000,2481,926,43,21,1,1,1,1
231,789700000,1012,945,147,30,1,1,1,1
231,612600000,430,924,286,68,1,1,1,1
231,346400000,2293,925,40,23,1,1,1,1
231,962300000,2297,930,30,18,1,1,1,1
232,537200000,2482,926,42,21,1,1,1,1
232,789700000,1008,945,147,30,1,1,1,1
232,612600000,442,924,285,68,1,1,1,1
232,346400000,2292,925,40,23,1,1,1,1
232,962300000,2296,930,30,18,1,1,1,1
233,537200000,2483,926,40,21,1,1,1,1
233,789700000,1004,945,148,30,1,1,1,1
233,612600000,453,925,283,68,1,1,1,1
233,346400000,2291,925,40,23,1,1,1,1
233,962300000,2295,930,30,18,1,1,1,1
234,537200000,2484,926,40,21,1,1,1,1
234,789700000,999,945,149,30,1,1,1,1
234,612600000,464,925,281,68,1,1,1,1
234,346400000,2290,925,40,23,1,1,1,1
234,962300000,2294,930,30,18,1,1,1,1
235,537200000,2485,926,41,21,1,1,1,1
235,789700000,995,945,150,30,1,1,1,1
235,612600000,475,925,279,68,1,1,1,1
235,346400000,2289,925,40,23,1,1,1,1
235,962300000,2294,930,30,18,1,1,1,1
236,537200000,2486,926,41,21,1,1,1,1
236,789700000,990,945,150,30,1,1,1,1
236,612600000,487,925,278,68,1,1,1,1
236,346400000,2288,925,40,23,1,1,1,1
236,962300000,2293,930,30,18,1,1,1,1
237,537200000,2487,926,41,21,1,1,1,1
237,789700000,986,945,151,30,1,1,1,1
237,612600000,498,925,276,67,1,1,1,1
237,346400000,2287,925,40,23,1,1,1,1
237,962300000,2292,930,30,18,1,1,1,1
238,537200000,2488,926,42,21,1,1,1,1
238,789700000,982,945,152,30,1,1,1,1
238,612600000,509,925,274,67,1,1,1,1
238,346400000,2286,925,40,23,1,1,1,1
238,962300000,2291,930,30,18,1,1,1,1
239,537200000,2489,926,42,21,1,1,1,1
239,789700000,977,945,152,30,1,1,1,1
239,612600000,520,925,272,67,1,1,1,1
239,346400000,2286,925,39,23,1,1,1,1
239,962300000,2290,930,30,18,1,1,1,1
240,537200000,2490,926,42,21,1,1,1,1
240,789700000,973,945,153,31,1,1,1,1
240,612600000,532,925,271,67,1,1,1,1
240,346400000,2285,925,39,23,1,1,1,1
240,962300000,2290,930,30,18,1,1,1,1
241,537200000,2491,926,42,21,1,1,1,1
241,789700000,968,945,154,31,1,1,1,1
241,612600000,543,925,269,67,1,1,1,1
241,346400000,2284,925,39,23,1,1,1,1
241,962300000,2289,930,30,18,1,1,1,1
242,537200000,2492,926,41,21,1,1,1,1
242,789700000,964,945,154,31,1,1,1,1
242,612600000,554,925,267,67,1,1,1,1
242,346400000,2283,925,39,23,1,1,1,1
242,962300000,2288,930,30,18,1,1,1,1
243,537200000,2493,926,41,21,1,1,1,1
243,789700000,960,945,155,31,1,1,1,1
243,612600000,565,925,265,66,1,1,1,1
243,346400000,2282,925,39,23,1,1,1,1
243,962300000,2287,930,30,18,1,1,1,1
244,537200000,2494,926,40,21,1,1,1,1
244,789700000,955,945,156,31,1,1,1,1
244,612600000,577,925,264,66,1,1,1,1
244,346400000,2281,925,39,23,1,1,1,1
244,962300000,2286,930,30,18,1,1,1,1
245,537200000,2495,926,40,21,1,1,1,1
245,789700000,951,945,157,31,1,1,1,1
245,612600000,588,925,262,66,1,1,1,1
245,346400000,2280,925,39,23,1,1,1,1
245,962300000,2286,930,30,18,1,1,1,1
246,537200000,2496,926,39,21,1,1,1,1
246,789700000,946,945,157,31,1,1,1,1
246,612600000,599,925,260,66,1,1,1,1
246,346400000,2279,925,39,23,1,1,1,1
246,962300000,2285,930,30,18,1,1,1,1
247,537200000,2497,926,38,21,1,1,1,1
247,789700000,942,945,158,31,1,1,1,1
247,612600000,610,926,258,66,1,1,1,1
247,346400000,2278,925,39,23,1,1,1,1
247,962300000,2284,930,30,18,1,1,1,1
248,537200000,2498,926,38,21,1,1,1,1
248,789700000,937,945,159,31,1,1,1,1
248,612600000,622,926,257,66,1,1,1,1
248,346400000,2277,925,39,23,1,1,1,1
248,962300000,2283,930,30,18,1,1,1,1
249,537200000,2498,925,39,21,1,1,1,1
249,789700000,931,945,159,31,1,1,1,1
249,612600000,633,926,255,66,1,1,1,1
249,346400000,2276,925,39,23,1,1,1,1
249,962300000,2283,930,30,18,1,1,1,1
250,537200000,2499,925,37,22,1,1,1,1
250,789700000,926,945,160,31,1,1,1,1
250,612600000,644,926,253,65,1,1,1,1
250,346400000,2275,925,39,23,1,1,1,1
250,962300000,2282,930,30,18,1,1,1,1
251,537200000,2500,925,38,22,1,1,1,1
251,789700000,921,945,160,31,1,1,1,1
251,612600000,655,926,251,65,1,1,1,1
251,346400000,2275,925,38,23,1,1,1,1
251,962300000,2281,930,30,18,1,1,1,1
252,537200000,2501,925,38,22,1,1,1,1
252,789700000,916,945,161,32,1,1,1,1
252,612600000,667,926,250,65,1,1,1,1
252,346400000,2274,925,38,23,1,1,1,1
252,962300000,2280,930,30,18,1,1,1,1
253,537200000,2501,925,37,22,1,1,1,1
253,789700000,910,945,161,32,1,1,1,1
253,612600000,678,926,248,65,1,1,1,1
253,346400000,2273,925,38,23,1,1,1,1
253,962300000,2279,930,30,18,1,1,1,1
254,537200000,2502,925,37,22,1,1,1,1
254,789700000,905,945,162,32,1,1,1,1
254,612600000,688,926,247,65,1,1,1,1
254,346400000,2272,925,38,23,1,1,1,1
254,962300000,2279,930,30,18,1,1,1,1
255,537200000,2503,925,36,22,1,1,1,1
255,789700000,900,944,163,32,1,1,1,1
255,612600000,698,926,245,65,1,1,1,1
255,346400000,2271,925,38,23,1,1,1,1
255,962300000,2278,930,30,18,1,1,1,1
256,537200000,2504,925,36,22,1,1,1,1
256,789700000,894,944,163,32,1,1,1,1
256,612600000,707,926,244,65,1,1,1,1
256,346400000,2270,925,38,23,1,1,1,1
256,962300000,2277,930,30,18,1,1,1,1
257,537200000,2504,925,35,22,1,1,1,1
257,789700000,889,944,164,32,1,1,1,1
257,612600000,717,926,242,65,1,1,1,1
257,346400000,2269,925,38,23,1,1,1,1
257,962300000,2276,930,30,18,1,1,1,1
258,537200000,2505,925,35,22,1,1,1,1
258,789700000,884,944,164,32,1,1,1,1
258,612600000,727,927,241,65,1,1,1,1
258,346400000,2268,925,38,23,1,1,1,1
258,962300000,2275,930,30,18,1,1,1,1
259,537200000,2506,925,34,22,1,1,1,1
259,789700000,879,944,165,32,1,1,1,1
259,612600000,737,927,239,64,1,1,1,1
259,346400000,2267,925,38,23,1,1,1,1
259,962300000,2275,930,30,18,1,1,1,1
260,537200000,2507,925,34,22,1,1,1,1
260,789700000,873,944,165,32,1,1,1,1
260,612600000,747,927,238,64,1,1,1,1
260,346400000,2265,925,39,23,1,1,1,1
260,962300000,2274,930,30,18,1,1,1,1
261,537200000,2507,925,33,22,1,1,1,1
261,789700000,868,944,166,33,1,1,1,1
261,612600000,756,927,236,64,1,1,1,1
261,346400000,2264,925,39,23,1,1,1,1
261,962300000,2273,930,30,18,1,1,1,1
262,537200000,2508,925,33,22,1,1,1,1
262,789700000,863,944,167,33,1,1,1,1
262,612600000,766,927,235,64,1,1,1,1
262,346400000,2263,925,39,23,1,1,1,1
262,962300000,2272,930,30,18,1,1,1,1
263,537200000,2509,925,32,22,1,1,1,1
263,789700000,857,944,167,33,1,1,1,1
263,612600000,776,927,233,64,1,1,1,1
263,346400000,2262,925,39,23,1,1,1,1
263,962300000,2272,930,30,18,1,1,1,1
264,537200000,2510,925,32,22,1,1,1,1
264,789700000,852,944,168,33,1,1,1,1
264,612600000,785,927,232,64,1,1,1,1
264,346400000,2261,925,39,23,1,1,1,1
264,962300000,2271,930,30,18,1,1,1,1
265,537200000,2510,925,31,22,1,1,1,1
265,789700000,847,944,168,33,1,1,1,1
265,612600000,794,927,230,64,1,1,1,1
265,346400000,2260,925,39,23,1,1,1,1
265,962300000,2270,930,30,18,1,1,1,1
266,537200000,2511,925,31,22,1,1,1,1
266,789700000,842,944,169,33,1,1,1,1
266,612600000,803,927,229,64,1,1,1,1
266,346400000,2259,925,40,23,1,1,1,1
266,962300000,2269,930,30,18,1,1,1,1
267,537200000,2512,925,30,22,1,1,1,1
267,789700000,836,944,169,33,1,1,1,1
267,612600000,812,927,227,63,1,1,1,1
267,346400000,2257,925,40,23,1,1,1,1
267,962300000,2268,930,30,18,1,1,1,1
268,537200000,2513,925,29,22,1,1,1,1
268,789700000,831,944,170,33,1,1,1,1
268,612600000,821,927,226,63,1,1,1,1
268,346400000,2256,925,40,23,1,1,1,1
268,962300000,2268,930,30,18,1,1,1,1
269,537200000,2514,925,28,21,1,1,1,1
269,789700000,826,943,171,33,1,1,1,1
269,612600000,830,927,225,63,1,1,1,1
269,346400000,2255,925,40,23,1,1,1,1
269,962300000,2267,930,30,18,1,1,1,1
270,537200000,2515,926,28,21,1,1,1,1
270,789700000,820,943,171,33,1,1,1,1
270,612600000,839,927,223,63,1,1,1,1
270,346400000,2254,925,40,23,1,1,1,1
270,962300000,2266,930,30,18,1,1,1,1
271,537200000,2515,926,27,21,1,1,1,1
271,789700000,815,943,172,34,1,1,1,1
271,612600000,848,927,222,63,1,1,1,1
271,346400000,2253,925,40,23,1,1,1,1
271,962300000,2265,930,30,18,1,1,1,1
272,537200000,2516,926,26,21,1,1,1,1
272,789700000,810,943,172,34,1,1,1,1
272,612600000,858,928,221,63,1,1,1,1
272,346400000,2252,925,40,23,1,1,1,1
272,962300000,2264,930,30,18,1,1,1,1
273,537200000,2517,926,25,20,1,1,1,1
273,789700000,805,943,173,34,1,1,1,1
273,612600000,867,928,219,62,1,1,1,1
273,346400000,2250,925,41,23,1,1,1,1
273,962300000,2264,930,30,18,1,1,1,1
274,537200000,2518,926,24,20,1,1,1,1
274,789700000,799,943,173,34,1,1,1,1
274,612600000,876,928,218,62,1,1,1,1
274,346400000,2249,925,41,23,1,1,1,1
274,962300000,2263,930,30,18,1,1,1,1
275,789700000,794,943,174,34,1,1,1,1
275,612600000,885,928,216,62,1,1,1,1
275,346400000,2248,925,41,23,1,1,1,1
275,962300000,2262,930,30,18,1,1,1,1
276,789700000,788,943,175,34,1,1,1,1
276,612600000,894,928,215,62,1,1,1,1
276,346400000,2247,926,41,24,1,1,1,1
276,962300000,2261,930,30,18,1,1,1,1
277,789700000,783,943,175,34,1,1,1,1
277,612600000,903,928,214,62,1,1,1,1
277,346400000,2246,926,41,24,1,1,1,1
277,962300000,2261,931,30,18,1,1,1,1
278,789700000,777,943,176,34,1,1,1,1
278,612600000,912,928,212,62,1,1,1,1
278,346400000,2245,926,41,24,1,1,1,1
278,962300000,2260,931,29,18,1,1,1,1
279,789700000,772,943,177,34,1,1,1,1
279,612600000,921,928,211,61,1,1,1,1
279,346400000,2244,926,41,24,1,1,1,1
279,962300000,2259,931,29,18,1,1,1,1
280,789700000,766,943,178,35,1,1,1,1
280,612600000,930,928,209,61,1,1,1,1
280,346400000,2242,926,42,24,1,1,1,1
280,962300000,2258,931,29,18,1,1,1,1
281,789700000,760,943,178,35,1,1,1,1
281,612600000,939,928,208,61,1,1,1,1
281,346400000,2241,926,42,24,1,1,1,1
281,962300000,2257,931,29,18,1,1,1,1
282,789700000,755,943,179,35,1,1,1,1
282,612600000,946,928,207,61,1,1,1,1
282,346400000,2240,926,42,24,1,1,1,1
282,962300000,2257,931,29,18,1,1,1,1
283,789700000,749,943,180,35,1,1,1,1
283,612600000,954,928,207,61,1,1,1,1
283,346400000,2239,926,42,24,1,1,1,1
283,962300000,2256,931,29,18,1,1,1,1
284,789700000,744,942,180,35,1,1,1,1
284,612600000,961,928,206,61,1,1,1,1
284,346400000,2238,926,42,24,1,1,1,1
284,962300000,2255,931,29,18,1,1,1,1
285,789700000,738,942,181,35,1,1,1,1
285,612600000,969,928,205,60,1,1,1,1
285,346400000,2237,926,42,24,1,1,1,1
285,962300000,2254,931,29,18,1,1,1,1
286,789700000,733,942,182,35,1,1,1,1
286,612600000,976,928,205,60,1,1,1,1
286,346400000,2236,926,43,24,1,1,1,1
286,962300000,2253,931,29,18,1,1,1,1
287,789700000,727,942,182,35,1,1,1,1
287,612600000,984,928,204,60,1,1,1,1
287,346400000,2234,926,43,24,1,1,1,1
287,962300000,2253,931,29,18,1,1,1,1
288,789700000,721,942,183,36,1,1,1,1
288,612600000,991,928,203,60,1,1,1,1
288,346400000,2233,926,43,24,1,1,1,1
288,962300000,2252,931,29,18,1,1,1,1
289,789700000,716,942,184,36,1,1,1,1
289,612600000,999,928,203,60,1,1,1,1
289,346400000,2232,926,43,24,1,1,1,1
289,962300000,2251,931,29,18,1,1,1,1
290,789700000,710,942,185,36,1,1,1,1
290,612600000,1006,928,202,60,1,1,1,1
290,346400000,2231,926,43,24,1,1,1,1
290,962300000,2250,931,29,18,1,1,1,1
291,789700000,705,942,185,36,1,1,1,1
291,612600000,1014,928,202,60,1,1,1,1
291,346400000,2230,926,43,24,1,1,1,1
291,962300000,2250,931,29,18,1,1,1,1
292,789700000,699,942,186,36,1,1,1,1
292,612600000,1021,928,201,60,1,1,1,1
292,346400000,2229,926,43,24,1,1,1,1
292,962300000,2249,931,29,18,1,1,1,1
293,789700000,693,942,187,36,1,1,1,1
293,612600000,1029,928,200,59,1,1,1,1
293,346400000,2227,926,44,24,1,1,1,1
293,962300000,2248,931,29,18,1,1,1,1
294,789700000,687,942,187,36,1,1,1,1
294,612600000,1036,928,200,59,1,1,1,1
294,346400000,2226,926,44,24,1,1,1,1
294,962300000,2247,931,29,18,1,1,1,1
295,789700000,681,942,188,36,1,1,1,1
295,612600000,1044,928,199,59,1,1,1,1
295,346400000,2225,926,44,24,1,1,1,1
295,962300000,2246,931,29,18,1,1,1,1
296,789700000,675,942,189,36,1,1,1,1
296,612600000,1051,928,198,59,1,1,1,1
296,346400000,2224,926,44,24,1,1,1,1
296,962300000,2246,931,29,18,1,1,1,1
297,789700000,669,942,189,36,1,1,1,1
297,612600000,1059,928,198,59,1,1,1,1
297,346400000,2223,926,44,24,1,1,1,1
297,962300000,2245,931,29,18,1,1,1,1
298,789700000,663,942,190,37,1,1,1,1
298,612600000,1066,928,197,59,1,1,1,1
298,346400000,2222,926,44,24,1,1,1,1
298,962300000,2244,931,29,18,1,1,1,1
299,789700000,657,942,191,37,1,1,1,1
299,612600000,1074,928,196,59,1,1,1,1
299,346400000,2220,926,44,24,1,1,1,1
299,962300000,2243,931,29,18,1,1,1,1
300,789700000,651,942,191,37,1,1,1,1
300,612600000,1081,928,196,59,1,1,1,1
300,346400000,2219,926,44,24,1,1,1,1
300,962300000,2242,931,29,18,1,1,1,1
301,789700000,645,942,192,37,1,1,1,1
301,612600000,1089,928,195,58,1,1,1,1
301,346400000,2218,926,44,24,1,1,1,1
301,962300000,2242,931,29,18,1,1,1,1
302,789700000,639,942,193,37,1,1,1,1
302,612600000,1096,928,194,58,1,1,1,1
302,346400000,2217,926,44,24,1,1,1,1
302,962300000,2241,931,29,18,1,1,1,1
303,789700000,633,942,193,37,1,1,1,1
303,612600000,1104,928,194,58,1,1,1,1
303,346400000,2216,926,44,24,1,1,1,1
303,962300000,2240,931,29,18,1,1,1,1
304,789700000,627,942,194,37,1,1,1,1
304,612600000,1111,928,193,58,1,1,1,1
304,346400000,2214,926,44,24,1,1,1,1
304,962300000,2239,931,29,18,1,1,1,1
305,789700000,620,942,195,37,1,1,1,1
305,612600000,1119,928,193,58,1,1,1,1
305,346400000,2213,926,44,24,1,1,1,1
305,962300000,2239,931,29,18,1,1,1,1
306,789700000,614,942,195,37,1,1,1,1
306,612600000,1126,928,192,58,1,1,1,1
306,346400000,2212,926,44,24,1,1,1,1
306,962300000,2238,931,29,18,1,1,1,1
307,789700000,607,942,196,37,1,1,1,1
307,612600000,1134,928,191,58,1,1,1,1
307,346400000,2211,926,44,24,1,1,1,1
307,962300000,2237,931,29,18,1,1,1,1
308,789700000,600,942,197,37,1,1,1,1
308,612600000,1141,928,191,58,1,1,1,1
308,346400000,2209,926,44,24,1,1,1,1
308,962300000,2236,931,29,18,1,1,1,1
309,789700000,594,942,197,37,1,1,1,1
309,612600000,1149,928,190,57,1,1,1,1
309,346400000,2208,926,44,24,1,1,1,1
309,962300000,2235,931,29,18,1,1,1,1
310,789700000,587,942,198,37,1,1,1,1
310,612600000,1156,928,189,57,1,1,1,1
310,346400000,2207,926,44,24,1,1,1,1
310,962300000,2235,931,29,18,1,1,1,1
311,789700000,580,942,198,37,1,1,1,1
311,612600000,1164,928,189,57,1,1,1,1
311,346400000,2206,926,44,24,1,1,1,1
311,962300000,2234,931,29,18,1,1,1,1
312,789700000,573,942,199,37,1,1,1,1
312,612600000,1171,928,188,57,1,1,1,1
312,346400000,2205,926,44,24,1,1,1,1
312,962300000,2233,931,29,18,1,1,1,1
313,789700000,567,942,200,37,1,1,1,1
313,612600000,1178,928,187,57,1,1,1,1
313,346400000,2203,926,44,24,1,1,1,1
313,962300000,2232,931,29,18,1,1,1,1
314,789700000,560,942,200,37,1,1,1,1
314,612600000,1184,928,186,57,1,1,1,1
314,346400000,2202,926,44,24,1,1,1,1
314,962300000,2231,931,29,18,1,1,1,1
315,789700000,553,942,201,37,1,1,1,1
315,612600000,1191,928,186,57,1,1,1,1
315,346400000,2201,926,44,25,1,1,1,1
315,962300000,2231,931,29,18,1,1,1,1
316,789700000,547,942,202,38,1,1,1,1
316,612600000,1197,928,185,56,1,1,1,1
316,346400000,2200,926,43,25,1,1,1,1
316,962300000,2230,931,29,18,1,1,1,1
317,789700000,540,942,202,38,1,1,1,1
317,612600000,1204,928,184,56,1,1,1,1
317,346400000,2199,926,43,25,1,1,1,1
317,962300000,2229,931,29,18,1,1,1,1
318,789700000,533,942,203,38,1,1,1,1
318,612600000,1211,928,183,56,1,1,1,1
318,346400000,2197,926,43,25,1,1,1,1
318,962300000,2228,931,29,18,1,1,1,1
319,789700000,527,942,203,38,1,1,1,1
319,612600000,1217,928,183,56,1,1,1,1
319,346400000,2196,926,43,25,1,1,1,1
319,962300000,2228,931,29,18,1,1,1,1
320,789700000,520,942,204,38,1,1,1,1
320,612600000,1224,928,182,56,1,1,1,1
320,346400000,2195,926,43,25,1,1,1,1
320,962300000,2227,931,29,18,1,1,1,1
321,789700000,513,942,205,38,1,1,1,1
321,612600000,1230,928,181,56,1,1,1,1
321,346400000,2194,926,43,25,1,1,1,1
321,962300000,2226,931,29,18,1,1,1,1
322,789700000,506,942,205,38,1,1,1,1
322,612600000,1237,928,180,56,1,1,1,1
322,346400000,2193,926,43,25,1,1,1,1
322,962300000,2225,931,29,18,1,1,1,1
323,789700000,500,942,206,38,1,1,1,1
323,612600000,1243,928,179,55,1,1,1,1
323,346400000,2191,926,43,25,1,1,1,1
323,962300000,2224,931,29,18,1,1,1,1
324,789700000,493,942,207,38,1,1,1,1
324,612600000,1250,928,179,55,1,1,1,1
324,346400000,2190,926,43,25,1,1,1,1
324,962300000,2224,931,29,18,1,1,1,1
325,789700000,486,942,207,38,1,1,1,1
325,612600000,1257,928,178,55,1,1,1,1
325,346400000,2189,926,43,25,1,1,1,1
325,962300000,2223,931,29,18,1,1,1,1
326,789700000,480,942,208,38,1,1,1,1
326,612600000,1263,928,177,55,1,1,1,1
326,346400000,2188,926,43,25,1,1,1,1
326,962300000,2222,931,29,18,1,1,1,1
327,789700000,473,942,209,38,1,1,1,1
327,612600000,1270,928,176,55,1,1,1,1
327,346400000,2186,926,43,25,1,1,1,1
327,962300000,2223,931,30,18,1,1,1,1
328,789700000,466,942,209,38,1,1,1,1
328,612600000,1276,928,176,55,1,1,1,1
328,346400000,2185,926,43,25,1,1,1,1
328,962300000,2223,931,30,18,1,1,1,1
329,789700000,460,942,210,38,1,1,1,1
329,612600000,1283,928,175,55,1,1,1,1
329,346400000,2184,926,43,25,1,1,1,1
329,962300000,2222,931,30,18,1,1,1,1
330,789700000,453,942,210,38,1,1,1,1
330,612600000,1290,928,174,55,1,1,1,1
330,346400000,2183,926,43,25,1,1,1,1
330,962300000,2221,931,30,18,1,1,1,1
331,789700000,446,942,211,38,1,1,1,1
331,612600000,1296,927,173,54,1,1,1,1
331,346400000,2182,926,43,25,1,1,1,1
331,962300000,2221,931,30,18,1,1,1,1
332,789700000,440,942,212,38,1,1,1,1
332,612600000,1303,927,172,54,1,1,1,1
332,346400000,2180,926,43,25,1,1,1,1
332,962300000,2220,931,30,18,1,1,1,1
333,789700000,433,942,212,38,1,1,1,1
333,612600000,1309,927,172,54,1,1,1,1
333,346400000,2179,926,43,25,1,1,1,1
333,962300000,2219,931,29,18,1,1,1,1
334,789700000,426,942,213,38,1,1,1,1
334,612600000,1316,927,171,54,1,1,1,1
334,346400000,2178,926,43,25,1,1,1,1
334,962300000,2218,931,29,18,1,1,1,1
335,789700000,419,942,214,38,1,1,1,1
335,612600000,1322,927,170,54,1,1,1,1
335,346400000,2177,926,43,25,1,1,1,1
335,962300000,2217,931,29,18,1,1,1,1
336,789700000,413,942,214,38,1,1,1,1
336,612600000,1329,927,169,54,1,1,1,1
336,346400000,2175,926,43,25,1,1,1,1
336,962300000,2216,931,29,18,1,1,1,1
337,789700000,406,942,215,38,1,1,1,1
337,612600000,1336,927,169,54,1,1,1,1
337,346400000,2174,926,43,25,1,1,1,1
337,962300000,2216,931,29,18,1,1,1,1
338,789700000,399,942,215,38,1,1,1,1
338,612600000,1342,927,168,53,1,1,1,1
338,346400000,2173,926,43,25,1,1,1,1
338,962300000,2215,931,29,18,1,1,1,1
339,789700000,393,942,216,39,1,1,1,1
339,612600000,1349,927,167,53,1,1,1,1
339,346400000,2171,926,43,25,1,1,1,1
339,962300000,2214,931,29,18,1,1,1,1
340,789700000,386,942,217,39,1,1,1,1
340,612600000,1355,927,166,53,1,1,1,1
340,346400000,2170,926,44,25,1,1,1,1
340,962300000,2213,931,29,18,1,1,1,1
341,789700000,379,942,217,39,1,1,1,1
341,612600000,1362,927,165,53,1,1,1,1
341,346400000,2169,926,44,25,1,1,1,1
341,962300000,2212,931,28,18,1,1,1,1
342,789700000,373,942,218,39,1,1,1,1
342,612600000,1369,927,165,53,1,1,1,1
342,346400000,2168,926,44,25,1,1,1,1
342,962300000,2211,931,28,18,1,1,1,1
343,789700000,366,942,219,39,1,1,1,1
343,612600000,1375,927,164,53,1,1,1,1
343,346400000,2166,926,44,25,1,1,1,1
343,962300000,2211,931,28,18,1,1,1,1
344,789700000,359,942,219,39,1,1,1,1
344,612600000,1382,927,163,53,1,1,1,1
344,346400000,2165,926,44,25,1,1,1,1
344,962300000,2210,931,28,18,1,1,1,1
345,789700000,352,942,220,39,1,1,1,1
345,612600000,1388,927,162,52,1,1,1,1
345,346400000,2164,926,44,25,1,1,1,1
345,962300000,2209,931,28,18,1,1,1,1
346,789700000,346,942,220,39,1,1,1,1
346,612600000,1395,927,162,52,1,1,1,1
346,346400000,2162,926,44,25,1,1,1,1
346,962300000,2208,931,28,18,1,1,1,1
347,789700000,339,942,221,39,1,1,1,1
347,612600000,1401,927,161,52,1,1,1,1
347,346400000,2161,926,44,25,1,1,1,1
347,962300000,2207,931,29,18,1,1,1,1
348,789700000,332,942,222,39,1,1,1,1
348,612600000,1408,927,160,52,1,1,1,1
348,346400000,2160,926,44,25,1,1,1,1
348,962300000,2206,931,29,18,1,1,1,1
349,789700000,326,942,222,39,1,1,1,1
349,612600000,1414,927,159,52,1,1,1,1
349,346400000,2158,926,44,25,1,1,1,1
349,962300000,2205,931,30,18,1,1,1,1
350,789700000,319,942,223,39,1,1,1,1
350,612600000,1419,927,159,52,1,1,1,1
350,346400000,2157,926,44,25,1,1,1,1
350,962300000,2203,931,30,18,1,1,1,1
351,789700000,311,942,224,39,1,1,1,1
351,612600000,1425,927,158,52,1,1,1,1
351,346400000,2156,926,44,25,1,1,1,1
351,962300000,2202,931,30,18,1,1,1,1
352,789700000,304,942,224,39,1,1,1,1
352,612600000,1430,927,157,51,1,1,1,1
352,346400000,2155,926,45,25,1,1,1,1
352,962300000,2201,931,31,18,1,1,1,1
353,789700000,296,942,225,39,1,1,1,1
353,612600000,1436,927,157,51,1,1,1,1
353,346400000,2153,926,45,25,1,1,1,1
353,962300000,2200,931,31,18,1,1,1,1
354,789700000,288,942,226,39,1,1,1,1
354,612600000,1441,927,156,51,1,1,1,1
354,346400000,2152,926,45,25,1,1,1,1
354,962300000,2199,931,31,18,1,1,1,1
355,789700000,281,942,227,39,1,1,1,1
355,612600000,1447,927,155,51,1,1,1,1
355,346400000,2151,926,45,25,1,1,1,1
355,962300000,2198,931,31,18,1,1,1,1
356,789700000,273,942,227,39,1,1,1,1
356,612600000,1453,927,155,51,1,1,1,1
356,346400000,2149,926,45,25,1,1,1,1
356,962300000,2197,931,32,18,1,1,1,1
357,789700000,265,942,228,39,1,1,1,1
357,612600000,1458,927,154,51,1,1,1,1
357,346400000,2148,926,45,25,1,1,1,1
357,962300000,2196,931,32,18,1,1,1,1
358,789700000,258,942,229,39,1,1,1,1
358,612600000,1464,927,154,51,1,1,1,1
358,346400000,2146,926,45,25,1,1,1,1
358,962300000,2195,931,32,18,1,1,1,1
359,789700000,250,942,229,39,1,1,1,1
359,612600000,1469,927,153,51,1,1,1,1
359,346400000,2145,926,45,25,1,1,1,1
359,962300000,2194,931,32,18,1,1,1,1
360,789700000,242,942,230,39,1,1,1,1
360,612600000,1475,927,152,50,1,1,1,1
360,346400000,2143,926,45,25,1,1,1,1
360,962300000,2193,931,33,18,1,1,1,1
361,789700000,235,942,231,39,1,1,1,1
361,612600000,1481,927,152,50,1,1,1,1
361,346400000,2142,926,46,25,1,1,1,1
361,962300000,2192,931,33,18,1,1,1,1
362,789700000,227,942,232,39,1,1,1,1
362,612600000,1486,927,151,50,1,1,1,1
362,346400000,2140,926,46,25,1,1,1,1
362,962300000,2191,931,33,18,1,1,1,1
363,789700000,219,942,232,39,1,1,1,1
363,612600000,1492,927,150,50,1,1,1,1
363,346400000,2139,926,46,25,1,1,1,1
363,962300000,2190,931,33,18,1,1,1,1
364,789700000,212,942,233,39,1,1,1,1
364,612600000,1497,927,150,50,1,1,1,1
364,346400000,2137,926,46,25,1,1,1,1
364,962300000,2189,931,33,18,1,1,1,1
365,789700000,204,942,234,39,1,1,1,1
365,612600000,1503,927,149,50,1,1,1,1
365,346400000,2136,926,46,25,1,1,1,1
365,962300000,2189,931,34,18,1,1,1,1
366,789700000,196,942,234,39,1,1,1,1
366,612600000,1508,927,148,50,1,1,1,1
366,346400000,2134,926,46,25,1,1,1,1
366,962300000,2188,931,34,18,1,1,1,1
367,789700000,189,942,235,39,1,1,1,1
367,612600000,1514,927,148,50,1,1,1,1
367,346400000,2132,926,47,25,1,1,1,1
367,962300000,2187,931,34,18,1,1,1,1
368,789700000,181,942,236,39,1,1,1,1
368,612600000,1520,927,147,49,1,1,1,1
368,346400000,2131,926,47,25,1,1,1,1
368,962300000,2186,931,34,18,1,1,1,1
369,789700000,173,942,236,39,1,1,1,1
369,612600000,1525,927,146,49,1,1,1,1
369,346400000,2129,926,47,25,1,1,1,1
369,962300000,2185,931,34,18,1,1,1,1
370,789700000,166,942,237,39,1,1,1,1
370,612600000,1531,927,146,49,1,1,1,1
370,346400000,2128,926,47,25,1,1,1,1
370,962300000,2184,931,35,18,1,1,1,1
371,789700000,158,942,238,39,1,1,1,1
371,612600000,1536,927,145,49,1,1,1,1
371,346400000,2126,926,47,25,1,1,1,1
371,962300000,2183,931,35,18,1,1,1,1
372,789700000,150,942,239,39,1,1,1,1
372,612600000,1542,927,145,49,1,1,1,1
372,346400000,2125,926,47,25,1,1,1,1
372,962300000,2182,931,35,18,1,1,1,1
373,789700000,143,942,239,39,1,1,1,1
373,612600000,1548,927,144,49,1,1,1,1
373,346400000,2123,926,47,25,1,1,1,1
373,962300000,2181,931,35,18,1,1,1,1
374,789700000,135,942,240,39,1,1,1,1
374,612600000,1553,927,143,49,1,1,1,1
374,346400000,2122,926,48,25,1,1,1,1
374,962300000,2180,931,36,18,1,1,1,1
375,789700000,126,942,241,39,1,1,1,1
375,612600000,1559,927,143,49,1,1,1,1
375,346400000,2120,926,48,25,1,1,1,1
375,962300000,2179,931,36,18,1,1,1,1
376,789700000,118,942,242,39,1,1,1,1
376,612600000,1564,927,142,48,1,1,1,1
376,346400000,2119,926,48,25,1,1,1,1
376,962300000,2178,931,36,18,1,1,1,1
377,789700000,109,942,244,39,1,1,1,1
377,612600000,1570,927,141,48,1,1,1,1
377,346400000,2117,926,48,26,1,1,1,1
377,962300000,2177,931,36,18,1,1,1,1
378,789700000,100,942,245,39,1,1,1,1
378,612600000,1575,927,141,48,1,1,1,1
378,346400000,2115,926,48,26,1,1,1,1
378,962300000,2176,931,36,18,1,1,1,1
379,789700000,92,942,246,39,1,1,1,1
379,612600000,1581,927,140,48,1,1,1,1
379,346400000,2114,926,48,26,1,1,1,1
379,962300000,2175,931,36,18,1,1,1,1
380,789700000,83,942,247,39,1,1,1,1
380,612600000,1586,927,139,48,1,1,1,1
380,346400000,2112,926,49,26,1,1,1,1
380,962300000,2174,931,36,18,1,1,1,1
381,789700000,74,942,248,39,1,1,1,1
381,612600000,1591,927,139,48,1,1,1,1
381,346400000,2111,926,49,26,1,1,1,1
381,962300000,2172,931,36,18,1,1,1,1
382,789700000,66,943,250,40,1,1,1,1
382,612600000,1596,927,138,48,1,1,1,1
382,346400000,2109,926,49,26,1,1,1,1
382,962300000,2171,931,37,18,1,1,1,1
383,789700000,57,943,251,40,1,1,1,1
383,612600000,1601,927,138,48,1,1,1,1
383,346400000,2108,926,49,26,1,1,1,1
383,962300000,2170,931,37,18,1,1,1,1
384,789700000,48,943,252,40,1,1,1,1
384,612600000,1606,927,137,47,1,1,1,1
384,346400000,2106,926,49,26,1,1,1,1
384,962300000,2169,931,37,18,1,1,1,1
385,789700000,40,943,253,40,1,1,1,1
385,612600000,1611,927,137,47,1,1,1,1
385,346400000,2105,926,49,26,1,1,1,1
385,962300000,2168,931,37,18,1,1,1,1
386,789700000,31,943,254,40,1,1,1,1
386,612600000,1616,927,136,47,1,1,1,1
386,346400000,2103,926,49,26,1,1,1,1
386,962300000,2167,931,37,18,1,1,1,1
387,789700000,22,943,256,40,1,1,1,1
387,612600000,1621,927,136,47,1,1,1,1
387,346400000,2101,926,50,26,1,1,1,1
387,962300000,2166,931,37,18,1,1,1,1
388,789700000,14,943,257,40,1,1,1,1
388,612600000,1626,927,135,47,1,1,1,1
388,346400000,2100,926,50,26,1,1,1,1
388,962300000,2165,931,37,18,1,1,1,1
389,789700000,5,943,258,40,1,1,1,1
389,612600000,1631,927,134,47,1,1,1,1
389,346400000,2098,926,50,26,1,1,1,1
389,962300000,2163,931,37,18,1,1,1,1
390,789700000,3,943,253,40,1,1,1,1
390,612600000,1636,927,134,47,1,1,1,1
390,346400000,2097,926,50,26,1,1,1,1
390,962300000,2162,931,37,18,1,1,1,1
391,789700000,0,943,247,40,1,1,1,1
391,612600000,1641,927,133,47,1,1,1,1
391,346400000,2095,926,50,26,1,1,1,1
391,962300000,2161,931,37,18,1,1,1,1
392,789700000,0,943,239,40,1,1,1,1
392,612600000,1646,927,133,46,1,1,1,1
392,346400000,2094,926,50,26,1,1,1,1
392,962300000,2160,931,38,18,1,1,1,1
393,789700000,0,943,232,40,1,1,1,1
393,612600000,1651,927,132,46,1,1,1,1
393,346400000,2092,926,51,26,1,1,1,1
393,962300000,2159,931,38,18,1,1,1,1
394,789700000,0,943,224,40,1,1,1,1
394,612600000,1656,927,132,46,1,1,1,1
394,346400000,2091,926,51,26,1,1,1,1
394,962300000,2158,931,38,18,1,1,1,1
395,789700000,0,943,217,40,1,1,1,1
395,612600000,1661,927,131,46,1,1,1,1
395,346400000,2089,926,51,26,1,1,1,1
395,962300000,2157,931,38,18,1,1,1,1
396,789700000,0,943,209,40,1,1,1,1
396,612600000,1665,927,130,46,1,1,1,1
396,346400000,2088,927,51,26,1,1,1,1
396,962300000,2156,931,38,18,1,1,1,1
397,789700000,0,943,201,40,1,1,1,1
397,612600000,1670,927,130,46,1,1,1,1
397,346400000,2086,927,51,26,1,1,1,1
397,962300000,2155,932,38,18,1,1,1,1
398,789700000,0,943,193,40,1,1,1,1
398,612600000,1674,927,129,46,1,1,1,1
398,346400000,2084,927,51,26,1,1,1,1
398,962300000,2153,932,38,18,1,1,1,1
399,789700000,0,943,185,40,1,1,1,1
399,612600000,1679,927,128,46,1,1,1,1
399,346400000,2083,927,51,26,1,1,1,1
399,962300000,2152,932,38,18,1,1,1,1
400,789700000,0,943,177,40,1,1,1,1
400,612600000,1683,927,127,46,1,1,1,1
400,346400000,2081,927,52,26,1,1,1,1
400,962300000,2151,932,38,18,1,1,1,1
401,789700000,0,943,169,39,1,1,1,1
401,612600000,1688,927,127,46,1,1,1,1
401,346400000,2080,927,52,26,1,1,1,1
401,962300000,2150,932,38,18,1,1,1,1
402,789700000,0,943,161,39,1,1,1,1
402,612600000,1692,927,126,46,1,1,1,1
402,346400000,2078,927,52,26,1,1,1,1
402,962300000,2149,932,38,18,1,1,1,1
403,789700000,0,943,153,39,1,1,1,1
403,612600000,1697,927,125,46,1,1,1,1
403,346400000,2077,927,52,26,1,1,1,1
403,962300000,2148,932,39,18,1,1,1,1
404,789700000,0,943,145,39,1,1,1,1
404,612600000,1701,927,124,46,1,1,1,1
404,346400000,2075,927,52,26,1,1,1,1
404,962300000,2147,932,39,18,1,1,1,1
405,789700000,0,943,137,39,1,1,1,1
405,612600000,1706,927,124,45,1,1,1,1
405,346400000,2074,927,52,26,1,1,1,1
405,962300000,2146,932,39,18,1,1,1,1
406,789700000,0,943,128,39,1,1,1,1
406,612600000,1710,927,123,45,1,1,1,1
406,346400000,2072,927,53,26,1,1,1,1
406,962300000,2144,932,39,18,1,1,1,1
407,789700000,0,943,119,39,1,1,1,1
407,612600000,1715,927,122,45,1,1,1,1
407,346400000,2070,927,53,26,1,1,1,1
407,962300000,2143,932,39,18,1,1,1,1
408,789700000,0,943,110,39,1,1,1,1
408,612600000,1719,927,121,45,1,1,1,1
408,346400000,2069,927,53,26,1,1,1,1
408,962300000,2142,932,39,18,1,1,1,1
409,789700000,0,943,101,39,1,1,1,1
409,612600000,1724,927,121,45,1,1,1,1
409,346400000,2067,927,53,26,1,1,1,1
409,962300000,2141,932,39,18,1,1,1,1
410,789700000,0,943,92,39,1,1,1,1
410,612600000,1728,927,120,45,1,1,1,1
410,346400000,2066,927,53,26,1,1,1,1
410,962300000,2140,932,39,18,1,1,1,1
411,789700000,0,943,84,39,1,1,1,1
411,612600000,1733,927,119,45,1,1,1,1
411,346400000,2064,927,53,26,1,1,1,1
411,962300000,2139,932,39,18,1,1,1,1
412,789700000,0,943,75,39,1,1,1,1
412,612600000,1737,927,118,45,1,1,1,1
412,346400000,2063,927,53,26,1,1,1,1
412,962300000,2138,932,39,18,1,1,1,1
413,789700000,0,943,66,39,1,1,1,1
413,612600000,1742,927,118,45,1,1,1,1
413,346400000,2061,927,54,26,1,1,1,1
413,962300000,2137,932,40,18,1,1,1,1
414,789700000,0,943,57,39,1,1,1,1
414,612600000,1746,927,117,45,1,1,1,1
414,346400000,2060,927,54,26,1,1,1,1
414,962300000,2135,932,40,18,1,1,1,1
415,789700000,0,943,48,39,1,1,1,1
415,612600000,1750,927,117,45,1,1,1,1
415,346400000,2058,927,54,26,1,1,1,1
415,962300000,2134,932,40,18,1,1,1,1
416,789700000,0,943,39,39,1,1,1,1
416,612600000,1754,927,116,45,1,1,1,1
416,346400000,2056,927,54,27,1,1,1,1
416,962300000,2133,932,40,18,1,1,1,1
417,789700000,0,945,31,37,1,1,1,1
417,612600000,1758,927,116,45,1,1,1,1
417,346400000,2055,927,54,27,1,1,1,1
417,962300000,2132,932,40,18,1,1,1,1
418,789700000,0,946,23,35,1,1,1,1
418,612600000,1762,927,115,45,1,1,1,1
418,346400000,2053,927,54,27,1,1,1,1
418,962300000,2131,932,40,19,1,1,1,1
419,612600000,1766,927,115,45,1,1,1,1
419,346400000,2052,927,55,27,1,1,1,1
419,962300000,2130,932,40,19,1,1,1,1
420,612600000,1770,927,115,45,1,1,1,1
420,346400000,2050,927,55,27,1,1,1,1
420,962300000,2129,932,40,19,1,1,1,1
421,612600000,1774,927,114,45,1,1,1,1
421,346400000,2049,927,55,27,1,1,1,1
421,962300000,2128,932,40,19,1,1,1,1
422,612600000,1778,927,114,45,1,1,1,1
422,346400000,2047,927,55,27,1,1,1,1
422,962300000,2127,932,40,19,1,1,1,1
423,612600000,1782,927,114,45,1,1,1,1
423,346400000,2046,927,55,27,1,1,1,1
423,962300000,2125,932,40,19,1,1,1,1
424,612600000,1786,927,113,45,1,1,1,1
424,346400000,2044,927,55,27,1,1,1,1
424,962300000,2124,932,41,19,1,1,1,1
425,612600000,1791,926,113,44,1,1,1,1
425,346400000,2043,927,55,27,1,1,1,1
425,962300000,2123,932,41,19,1,1,1,1
426,612600000,1795,926,112,44,1,1,1,1
426,346400000,2041,927,56,27,1,1,1,1
426,962300000,2122,932,41,19,1,1,1,1
427,612600000,1799,926,112,44,1,1,1,1
427,346400000,2039,927,56,27,1,1,1,1
427,962300000,2121,932,41,19,1,1,1,1
428,612600000,1803,926,112,44,1,1,1,1
428,346400000,2038,927,56,27,1,1,1,1
428,962300000,2120,932,41,19,1,1,1,1
429,612600000,1807,926,111,44,1,1,1,1
429,346400000,2036,927,56,27,1,1,1,1
429,962300000,2119,932,41,19,1,1,1,1
430,612600000,1811,926,111,44,1,1,1,1
430,346400000,2035,927,56,27,1,1,1,1
430,962300000,2118,932,41,19,1,1,1,1
431,612600000,1815,926,111,44,1,1,1,1
431,346400000,2033,927,56,27,1,1,1,1
431,962300000,2116,932,41,19,1,1,1,1
432,612600000,1819,926,110,44,1,1,1,1
432,346400000,2032,927,57,27,1,1,1,1
432,962300000,2115,932,41,19,1,1,1,1
433,612600000,1823,926,110,44,1,1,1,1
433,346400000,2030,927,57,27,1,1,1,1
433,962300000,2114,932,41,19,1,1,1,1
434,612600000,1827,926,109,44,1,1,1,1
434,346400000,2029,927,57,27,1,1,1,1
434,962300000,2113,932,42,19,1,1,1,1
435,612600000,1831,926,109,44,1,1,1,1
435,346400000,2027,927,57,27,1,1,1,1
435,962300000,2112,932,42,19,1,1,1,1
436,612600000,1834,926,109,44,1,1,1,1
436,346400000,2025,927,57,27,1,1,1,1
436,962300000,2111,932,42,19,1,1,1,1
437,612600000,1838,926,108,44,1,1,1,1
437,346400000,2023,927,57,27,1,1,1,1
437,962300000,2110,932,42,19,1,1,1,1
438,612600000,1841,926,108,44,1,1,1,1
438,346400000,2021,927,57,27,1,1,1,1
438,962300000,2109,932,42,19,1,1,1,1
439,612600000,1845,926,107,44,1,1,1,1
439,346400000,2020,927,58,27,1,1,1,1
439,962300000,2108,933,42,19,1,1,1,1
440,612600000,1848,926,107,44,1,1,1,1
440,346400000,2018,927,58,27,1,1,1,1
440,962300000,2106,933,42,19,1,1,1,1
441,612600000,1852,926,106,44,1,1,1,1
441,346400000,2016,927,58,27,1,1,1,1
441,962300000,2105,933,42,19,1,1,1,1
442,612600000,1855,926,106,43,1,1,1,1
442,346400000,2014,927,58,27,1,1,1,1
442,962300000,2104,933,42,19,1,1,1,1
443,612600000,1859,926,105,43,1,1,1,1
443,346400000,2012,927,58,27,1,1,1,1
443,962300000,2103,933,42,19,1,1,1,1
444,612600000,1862,926,105,43,1,1,1,1
444,346400000,2010,927,58,27,1,1,1,1
444,962300000,2102,933,42,19,1,1,1,1
445,612600000,1866,926,105,43,1,1,1,1
445,346400000,2008,927,59,27,1,1,1,1
445,962300000,2101,933,43,19,1,1,1,1
446,612600000,1869,926,104,43,1,1,1,1
446,346400000,2007,927,59,27,1,1,1,1
446,962300000,2100,933,43,19,1,1,1,1
447,612600000,1873,926,104,43,1,1,1,1
447,346400000,2005,927,59,27,1,1,1,1
447,962300000,2099,933,43,19,1,1,1,1
448,612600000,1876,926,103,43,1,1,1,1
448,346400000,2003,927,59,27,1,1,1,1
448,962300000,2097,933,43,19,1,1,1,1
449,612600000,1880,926,103,43,1,1,1,1
449,346400000,2001,927,59,27,1,1,1,1
449,962300000,2096,933,43,19,1,1,1,1
450,612600000,1883,926,102,43,1,1,1,1
450,346400000,1999,927,59,27,1,1,1,1
450,962300000,2095,933,43,19,1,1,1,1
451,612600000,1887,926,102,43,1,1,1,1
451,346400000,1997,928,60,28,1,1,1,1
451,962300000,2094,933,43,19,1,1,1,1
452,612600000,1890,926,102,43,1,1,1,1
452,346400000,1996,928,60,28,1,1,1,1
452,962300000,2093,933,43,19,1,1,1,1
453,612600000,1894,926,101,43,1,1,1,1
453,346400000,1994,928,60,28,1,1,1,1
453,962300000,2092,933,43,19,1,1,1,1
454,612600000,1897,926,101,42,1,1,1,1
454,346400000,1992,928,60,28,1,1,1,1
454,962300000,2091,933,43,19,1,1,1,1
455,612600000,1901,926,100,42,1,1,1,1
455,346400000,1990,928,60,28,1,1,1,1
455,962300000,2090,933,44,19,1,1,1,1
456,612600000,1904,926,100,42,1,1,1,1
456,346400000,1988,928,60,28,1,1,1,1
456,962300000,2088,933,44,19,1,1,1,1
457,612600000,1908,926,99,42,1,1,1,1
457,346400000,1986,928,61,28,1,1,1,1
457,962300000,2087,933,44,19,1,1,1,1
458,612600000,1911,926,99,42,1,1,1,1
458,346400000,1984,928,61,28,1,1,1,1
458,962300000,2086,933,44,19,1,1,1,1
459,612600000,1915,926,98,42,1,1,1,1
459,346400000,1983,928,61,28,1,1,1,1
459,962300000,2085,933,44,19,1,1,1,1
460,612600000,1918,926,98,42,1,1,1,1
460,346400000,1981,928,61,28,1,1,1,1
460,962300000,2084,933,44,19,1,1,1,1
461,612600000,1921,926,98,42,1,1,1,1
461,346400000,1979,928,61,28,1,1,1,1
461,962300000,2083,933,44,19,1,1,1,1
462,612600000,1924,926,97,42,1,1,1,1
462,346400000,1977,928,61,28,1,1,1,1
462,962300000,2082,933,44,19,1,1,1,1
463,612600000,1927,926,97,42,1,1,1,1
463,346400000,1975,928,62,28,1,1,1,1
463,962300000,2081,933,44,19,1,1,1,1
464,612600000,1930,926,97,42,1,1,1,1
464,346400000,1973,928,62,28,1,1,1,1
464,962300000,2079,933,44,19,1,1,1,1
465,612600000,1933,926,97,42,1,1,1,1
465,346400000,1971,928,62,28,1,1,1,1
465,962300000,2078,933,43,19,1,1,1,1
466,612600000,1936,926,96,42,1,1,1,1
466,346400000,1970,928,62,28,1,1,1,1
466,962300000,2077,933,43,19,1,1,1,1
467,612600000,1939,926,96,42,1,1,1,1
467,346400000,1968,928,62,28,1,1,1,1
467,962300000,2076,933,43,19,1,1,1,1
468,612600000,1942,926,96,41,1,1,1,1
468,346400000,1966,928,62,28,1,1,1,1
468,962300000,2075,933,43,19,1,1,1,1
469,612600000,1945,926,96,41,1,1,1,1
469,346400000,1964,928,63,28,1,1,1,1
469,962300000,2074,933,43,19,1,1,1,1
470,612600000,1948,926,95,41,1,1,1,1
470,346400000,1962,928,63,28,1,1,1,1
470,962300000,2072,933,43,19,1,1,1,1
471,612600000,1951,926,95,41,1,1,1,1
471,346400000,1960,928,63,28,1,1,1,1
471,962300000,2071,933,43,19,1,1,1,1
472,612600000,1953,926,95,41,1,1,1,1
472,346400000,1958,928,63,28,1,1,1,1
472,962300000,2070,933,43,19,1,1,1,1
473,612600000,1956,926,95,41,1,1,1,1
473,346400000,1957,928,63,28,1,1,1,1
473,962300000,2069,933,43,19,1,1,1,1
474,612600000,1959,926,94,41,1,1,1,1
474,346400000,1955,928,63,28,1,1,1,1
474,962300000,2068,933,42,19,1,1,1,1
475,612600000,1962,926,94,41,1,1,1,1
475,346400000,1953,928,64,28,1,1,1,1
475,962300000,2067,933,42,19,1,1,1,1
476,612600000,1965,926,94,41,1,1,1,1
476,346400000,1951,928,64,28,1,1,1,1
476,962300000,2065,934,42,19,1,1,1,1
477,612600000,1968,926,93,41,1,1,1,1
477,346400000,1949,928,64,28,1,1,1,1
477,962300000,2064,934,42,19,1,1,1,1
478,612600000,1971,926,93,41,1,1,1,1
478,346400000,1947,928,64,28,1,1,1,1
478,962300000,2063,934,42,19,1,1,1,1
479,612600000,1974,926,93,41,1,1,1,1
479,346400000,1945,928,64,28,1,1,1,1
479,962300000,2062,934,42,19,1,1,1,1
480,612600000,1977,926,93,41,1,1,1,1
480,346400000,1944,928,64,28,1,1,1,1
480,962300000,2061,934,42,19,1,1,1,1
481,612600000,1980,926,92,41,1,1,1,1
481,346400000,1942,929,65,29,1,1,1,1
481,962300000,2060,934,42,19,1,1,1,1
482,612600000,1983,926,92,41,1,1,1,1
482,346400000,1940,929,65,29,1,1,1,1
482,962300000,2058,934,42,19,1,1,1,1
483,612600000,1986,925,92,40,1,1,1,1
483,346400000,1938,929,65,29,1,1,1,1
483,962300000,2057,934,41,19,1,1,1,1
484,612600000,1989,925,92,40,1,1,1,1
484,346400000,1936,929,65,29,1,1,1,1
484,962300000,2056,934,41,19,1,1,1,1
485,612600000,1992,925,91,40,1,1,1,1
485,346400000,1934,929,65,29,1,1,1,1
485,962300000,2055,934,41,19,1,1,1,1
486,612600000,1995,925,91,40,1,1,1,1
486,346400000,1933,929,65,29,1,1,1,1
486,962300000,2054,934,41,19,1,1,1,1
487,612600000,1998,925,91,40,1,1,1,1
487,346400000,1931,929,66,29,1,1,1,1
487,962300000,2053,934,41,19,1,1,1,1
488,612600000,2001,925,91,40,1,1,1,1
488,346400000,1929,929,66,29,1,1,1,1
488,962300000,2051,934,41,19,1,1,1,1
489,612600000,2004,925,90,40,1,1,1,1
489,346400000,1927,929,66,29,1,1,1,1
489,962300000,2050,934,41,19,1,1,1,1
490,612600000,2007,925,90,40,1,1,1,1
490,346400000,1925,929,66,29,1,1,1,1
490,962300000,2049,934,41,19,1,1,1,1
491,612600000,2010,925,90,40,1,1,1,1
491,346400000,1923,929,66,29,1,1,1,1
491,962300000,2048,934,41,20,1,1,1,1
492,612600000,2013,925,89,40,1,1,1,1
492,346400000,1921,929,66,29,1,1,1,1
492,962300000,2047,934,40,20,1,1,1,1
493,612600000,2016,925,89,40,1,1,1,1
493,346400000,1920,929,67,29,1,1,1,1
493,962300000,2046,934,40,20,1,1,1,1
494,612600000,2018,925,89,40,1,1,1,1
494,346400000,1918,929,67,29,1,1,1,1
494,962300000,2045,934,40,20,1,1,1,1
495,612600000,2021,925,89,40,1,1,1,1
495,346400000,1916,929,67,29,1,1,1,1
495,962300000,2043,934,40,20,1,1,1,1
496,612600000,2024,925,88,40,1,1,1,1
496,346400000,1914,929,67,29,1,1,1,1
496,962300000,2042,934,40,20,1,1,1,1
497,612600000,2027,925,88,40,1,1,1,1
497,346400000,1912,929,67,29,1,1,1,1
497,962300000,2041,934,40,20,1,1,1,1
498,612600000,2030,925,88,39,1,1,1,1
498,346400000,1910,929,67,29,1,1,1,1
498,962300000,2040,934,40,20,1,1,1,1
499,612600000,2033,925,88,39,1,1,1,1
499,346400000,1908,929,67,29,1,1,1,1
499,962300000,2039,934,40,20,1,1,1,1
500,612600000,2036,925,87,39,1,1,1,1
500,346400000,1906,929,67,29,1,1,1,1
500,962300000,2038,934,39,20,1,1,1,1
501,612600000,2039,925,87,39,1,1,1,1
501,346400000,1904,929,67,29,1,1,1,1
501,962300000,2036,934,39,20,1,1,1,1
502,612600000,2042,925,87,39,1,1,1,1
502,346400000,1902,929,66,29,1,1,1,1
502,962300000,2035,934,39,20,1,1,1,1
503,612600000,2045,925,87,39,1,1,1,1
503,346400000,1900,929,66,29,1,1,1,1
503,962300000,2034,934,39,20,1,1,1,1
504,612600000,2048,925,86,39,1,1,1,1
504,346400000,1898,929,66,29,1,1,1,1
504,962300000,2033,934,39,20,1,1,1,1
505,612600000,2051,925,86,39,1,1,1,1
505,346400000,1896,929,66,29,1,1,1,1
505,962300000,2032,934,39,20,1,1,1,1
506,612600000,2053,925,86,39,1,1,1,1
506,346400000,1894,929,66,29,1,1,1,1
506,962300000,2031,934,39,20,1,1,1,1
507,612600000,2056,925,86,39,1,1,1,1
507,346400000,1892,929,66,29,1,1,1,1
507,962300000,2029,935,39,20,1,1,1,1
508,612600000,2058,925,85,39,1,1,1,1
508,346400000,1889,929,66,30,1,1,1,1
508,962300000,2028,935,39,20,1,1,1,1
509,612600000,2061,925,85,39,1,1,1,1
509,346400000,1887,929,66,30,1,1,1,1
509,962300000,2027,935,38,20,1,1,1,1
510,612600000,2063,925,85,39,1,1,1,1
510,346400000,1885,929,66,30,1,1,1,1
510,962300000,2026,935,38,20,1,1,1,1
511,612600000,2066,925,85,39,1,1,1,1
511,346400000,1883,929,66,30,1,1,1,1
511,962300000,2025,935,38,20,1,1,1,1
512,612600000,2068,925,84,38,1,1,1,1
512,346400000,1881,929,66,30,1,1,1,1
512,962300000,2024,935,38,20,1,1,1,1
513,612600000,2071,925,84,38,1,1,1,1
513,346400000,1879,929,66,30,1,1,1,1
513,962300000,2022,935,38,20,1,1,1,1
514,612600000,2073,925,84,38,1,1,1,1
514,346400000,1877,929,65,30,1,1,1,1
514,962300000,2021,935,38,20,1,1,1,1
515,612600000,2076,925,84,38,1,1,1,1
515,346400000,1875,929,65,30,1,1,1,1
515,962300000,2020,935,38,20,1,1,1,1
516,612600000,2078,925,83,38,1,1,1,1
516,346400000,1873,929,65,30,1,1,1,1
516,962300000,2019,935,38,20,1,1,1,1
517,612600000,2081,925,83,38,1,1,1,1
517,346400000,1871,929,65,30,1,1,1,1
517,962300000,2018,935,38,20,1,1,1,1
518,612600000,2083,925,83,38,1,1,1,1
518,346400000,1869,929,65,30,1,1,1,1
518,962300000,2017,935,37,20,1,1,1,1
519,612600000,2086,925,83,38,1,1,1,1
519,346400000,1867,929,65,30,1,1,1,1
519,962300000,2015,935,37,20,1,1,1,1
520,612600000,2088,925,82,38,1,1,1,1
520,346400000,1865,929,65,30,1,1,1,1
520,962300000,2014,935,37,20,1,1,1,1
521,612600000,2091,925,82,38,1,1,1,1
521,346400000,1862,929,66,30,1,1,1,1
521,962300000,2013,935,37,20,1,1,1,1
522,612600000,2093,925,82,38,1,1,1,1
522,346400000,1860,929,66,30,1,1,1,1
522,962300000,2012,935,37,20,1,1,1,1
523,612600000,2096,925,82,38,1,1,1,1
523,346400000,1857,929,66,30,1,1,1,1
523,962300000,2011,935,37,20,1,1,1,1
524,612600000,2098,925,82,38,1,1,1,1
524,346400000,1855,929,67,30,1,1,1,1
524,962300000,2009,935,37,20,1,1,1,1
525,612600000,2100,924,81,37,1,1,1,1
525,346400000,1852,929,67,30,1,1,1,1
525,962300000,2008,935,37,20,1,1,1,1
526,612600000,2103,924,81,37,1,1,1,1
526,346400000,1850,929,67,30,1,1,1,1
526,962300000,2007,935,38,20,1,1,1,1
527,612600000,2105,924,81,37,1,1,1,1
527,346400000,1847,929,68,30,1,1,1,1
527,962300000,2005,935,38,20,1,1,1,1
528,612600000,2108,924,81,37,1,1,1,1
528,346400000,1845,929,68,30,1,1,1,1
528,962300000,2004,935,38,20,1,1,1,1
529,612600000,2110,924,80,37,1,1,1,1
529,346400000,1843,929,69,30,1,1,1,1
529,962300000,2003,935,38,20,1,1,1,1
530,612600000,2113,924,80,37,1,1,1,1
530,346400000,1840,929,69,30,1,1,1,1
530,962300000,2001,935,38,20,1,1,1,1
531,612600000,2115,924,80,37,1,1,1,1
531,346400000,1838,929,69,30,1,1,1,1
531,962300000,2000,935,38,20,1,1,1,1
532,612600000,2118,924,80,37,1,1,1,1
532,346400000,1835,929,70,30,1,1,1,1
532,962300000,1999,935,39,20,1,1,1,1
533,612600000,2120,924,79,37,1,1,1,1
533,346400000,1833,929,70,30,1,1,1,1
533,962300000,1997,935,39,20,1,1,1,1
534,612600000,2123,924,79,37,1,1,1,1
534,346400000,1830,929,70,30,1,1,1,1
534,962300000,1996,935,39,20,1,1,1,1
535,612600000,2125,924,79,37,1,1,1,1
535,346400000,1828,929,71,30,1,1,1,1
535,962300000,1995,935,39,20,1,1,1,1
536,612600000,2128,924,79,37,1,1,1,1
536,346400000,1825,929,71,30,1,1,1,1
536,962300000,1993,935,39,20,1,1,1,1
537,612600000,2130,924,78,36,1,1,1,1
537,346400000,1823,929,71,30,1,1,1,1
537,962300000,1992,935,39,20,1,1,1,1
538,612600000,2133,924,78,36,1,1,1,1
538,346400000,1820,929,72,30,1,1,1,1
538,962300000,1991,935,40,20,1,1,1,1
539,612600000,2135,924,78,36,1,1,1,1
539,346400000,1818,930,72,31,1,1,1,1
539,962300000,1989,935,40,20,1,1,1,1
540,612600000,2138,924,78,36,1,1,1,1
540,346400000,1816,930,72,31,1,1,1,1
540,962300000,1988,935,40,20,1,1,1,1
541,612600000,2140,924,77,36,1,1,1,1
541,346400000,1813,930,73,31,1,1,1,1
541,962300000,1987,935,40,20,1,1,1,1
542,612600000,2143,924,77,36,1,1,1,1
542,346400000,1811,930,73,31,1,1,1,1
542,962300000,1985,935,40,19,1,1,1,1
543,612600000,2145,924,77,36,1,1,1,1
543,346400000,1808,930,73,31,1,1,1,1
543,962300000,1984,935,40,19,1,1,1,1
544,612600000,2147,924,77,36,1,1,1,1
544,346400000,1806,930,74,31,1,1,1,1
544,962300000,1982,935,40,19,1,1,1,1
545,612600000,2149,924,76,36,1,1,1,1
545,346400000,1803,930,74,31,1,1,1,1
545,962300000,1981,935,41,19,1,1,1,1
546,612600000,2152,924,76,36,1,1,1,1
546,346400000,1801,930,74,31,1,1,1,1
546,962300000,1980,935,41,19,1,1,1,1
547,612600000,2154,924,76,36,1,1,1,1
547,346400000,1798,930,75,31,1,1,1,1
547,962300000,1978,935,41,19,1,1,1,1
548,612600000,2156,924,75,36,1,1,1,1
548,346400000,1796,930,75,31,1,1,1,1
548,962300000,1977,935,41,19,1,1,1,1
549,612600000,2158,924,75,36,1,1,1,1
549,346400000,1794,930,76,31,1,1,1,1
549,962300000,1976,935,41,19,1,1,1,1
550,612600000,2161,924,74,36,1,1,1,1
550,346400000,1791,930,76,31,1,1,1,1
550,962300000,1974,935,41,19,1,1,1,1
551,612600000,2163,924,74,36,1,1,1,1
551,346400000,1789,930,76,31,1,1,1,1
551,962300000,1973,935,42,19,1,1,1,1
552,612600000,2165,924,74,36,1,1,1,1
552,346400000,1786,930,77,31,1,1,1,1
552,962300000,1972,935,42,19,1,1,1,1
553,612600000,2167,924,73,36,1,1,1,1
553,346400000,1784,930,77,31,1,1,1,1
553,962300000,1970,935,42,19,1,1,1,1
554,612600000,2170,924,73,36,1,1,1,1
554,346400000,1781,930,77,31,1,1,1,1
554,962300000,1969,935,42,19,1,1,1,1
555,612600000,2172,923,73,35,1,1,1,1
555,346400000,1779,930,78,31,1,1,1,1
555,962300000,1968,935,42,19,1,1,1,1
556,612600000,2174,923,72,35,1,1,1,1
556,346400000,1776,930,78,31,1,1,1,1
556,962300000,1966,935,42,19,1,1,1,1
557,612600000,2176,923,72,35,1,1,1,1
557,346400000,1774,930,78,31,1,1,1,1
557,962300000,1965,935,43,19,1,1,1,1
558,612600000,2178,923,72,35,1,1,1,1
558,346400000,1771,930,79,31,1,1,1,1
558,962300000,1964,935,43,19,1,1,1,1
559,612600000,2181,923,71,35,1,1,1,1
559,346400000,1769,930,79,31,1,1,1,1
559,962300000,1962,935,43,19,1,1,1,1
560,612600000,2183,923,71,35,1,1,1,1
560,346400000,1766,930,79,31,1,1,1,1
560,962300000,1961,935,43,19,1,1,1,1
561,612600000,2185,923,70,35,1,1,1,1
561,346400000,1764,930,79,31,1,1,1,1
561,962300000,1960,935,43,19,1,1,1,1
562,612600000,2187,923,70,35,1,1,1,1
562,346400000,1761,930,79,31,1,1,1,1
562,962300000,1958,935,43,19,1,1,1,1
563,612600000,2190,923,70,35,1,1,1,1
563,346400000,1759,930,79,31,1,1,1,1
563,962300000,1957,935,43,19,1,1,1,1
564,612600000,2192,923,69,35,1,1,1,1
564,346400000,1756,930,80,31,1,1,1,1
564,962300000,1955,935,43,19,1,1,1,1
565,612600000,2194,923,69,35,1,1,1,1
565,346400000,1753,930,80,31,1,1,1,1
565,962300000,1954,935,43,19,1,1,1,1
566,612600000,2196,923,69,35,1,1,1,1
566,346400000,1751,930,80,31,1,1,1,1
566,962300000,1952,935,44,19,1,1,1,1
567,612600000,2198,923,69,35,1,1,1,1
567,346400000,1748,930,80,31,1,1,1,1
567,962300000,1951,935,44,19,1,1,1,1
568,612600000,2200,923,68,35,1,1,1,1
568,346400000,1746,930,80,31,1,1,1,1
568,962300000,1949,935,44,19,1,1,1,1
569,612600000,2201,923,68,35,1,1,1,1
569,346400000,1743,930,80,31,1,1,1,1
569,962300000,1948,935,44,19,1,1,1,1
570,612600000,2203,923,68,35,1,1,1,1
570,346400000,1740,930,80,31,1,1,1,1
570,962300000,1946,935,44,19,1,1,1,1
571,612600000,2205,923,68,34,1,1,1,1
571,346400000,1738,930,80,32,1,1,1,1
571,962300000,1945,935,44,20,1,1,1,1
572,612600000,2207,923,68,34,1,1,1,1
572,346400000,1735,930,80,32,1,1,1,1
572,962300000,1943,935,44,20,1,1,1,1
573,612600000,2209,923,68,34,1,1,1,1
573,346400000,1733,930,81,32,1,1,1,1
573,962300000,1942,935,44,20,1,1,1,1
574,612600000,2211,923,67,34,1,1,1,1
574,346400000,1730,930,81,32,1,1,1,1
574,962300000,1940,935,44,20,1,1,1,1
575,612600000,2213,923,67,34,1,1,1,1
575,346400000,1727,930,81,32,1,1,1,1
575,962300000,1939,935,44,20,1,1,1,1
576,612600000,2215,923,67,34,1,1,1,1
576,346400000,1725,930,81,32,1,1,1,1
576,962300000,1937,935,44,20,1,1,1,1
577,612600000,2216,923,67,34,1,1,1,1
577,346400000,1722,930,81,32,1,1,1,1
577,962300000,1936,935,45,20,1,1,1,1
578,612600000,2218,923,67,34,1,1,1,1
578,346400000,1720,930,81,32,1,1,1,1
578,962300000,1934,935,45,20,1,1,1,1
579,612600000,2220,923,67,34,1,1,1,1
579,346400000,1717,930,81,32,1,1,1,1
579,962300000,1933,935,45,20,1,1,1,1
580,612600000,2222,923,66,34,1,1,1,1
580,346400000,1714,930,81,32,1,1,1,1
580,962300000,1931,935,45,20,1,1,1,1
581,612600000,2224,923,66,34,1,1,1,1
581,346400000,1712,930,81,32,1,1,1,1
581,962300000,1930,935,45,20,1,1,1,1
582,612600000,2226,923,66,34,1,1,1,1
582,346400000,1709,931,82,32,1,1,1,1
582,962300000,1929,936,45,20,1,1,1,1
583,612600000,2228,923,66,33,1,1,1,1
583,346400000,1707,931,82,32,1,1,1,1
583,962300000,1927,936,45,20,1,1,1,1
584,612600000,2230,923,66,33,1,1,1,1
584,346400000,1704,931,82,32,1,1,1,1
584,962300000,1926,936,45,20,1,1,1,1
585,612600000,2231,923,66,33,1,1,1,1
585,346400000,1701,931,82,32,1,1,1,1
585,962300000,1924,936,45,20,1,1,1,1
586,612600000,2233,923,65,33,1,1,1,1
586,346400000,1699,931,82,32,1,1,1,1
586,962300000,1923,936,45,20,1,1,1,1
587,612600000,2235,923,65,33,1,1,1,1
587,346400000,1696,931,82,32,1,1,1,1
587,962300000,1921,936,45,20,1,1,1,1
588,612600000,2237,923,65,33,1,1,1,1
588,346400000,1694,931,82,32,1,1,1,1
588,962300000,1920,936,46,20,1,1,1,1
589,612600000,2239,923,65,33,1,1,1,1
589,346400000,1691,931,82,32,1,1,1,1
589,962300000,1918,936,46,20,1,1,1,1
590,612600000,2240,923,65,33,1,1,1,1
590,346400000,1688,931,82,32,1,1,1,1
590,962300000,1917,936,46,20,1,1,1,1
591,612600000,2242,923,65,33,1,1,1,1
591,346400000,1686,931,83,32,1,1,1,1
591,962300000,1915,936,46,20,1,1,1,1
592,612600000,2243,923,64,33,1,1,1,1
592,346400000,1683,931,83,32,1,1,1,1
592,962300000,1914,936,46,20,1,1,1,1
593,612600000,2245,923,64,33,1,1,1,1
593,346400000,1681,931,83,33,1,1,1,1
593,962300000,1912,936,46,21,1,1,1,1
594,612600000,2246,923,64,33,1,1,1,1
594,346400000,1678,931,83,33,1,1,1,1
594,962300000,1911,936,46,21,1,1,1,1
595,612600000,2248,923,64,33,1,1,1,1
595,346400000,1675,931,83,33,1,1,1,1
595,962300000,1909,936,46,21,1,1,1,1
596,612600000,2249,923,64,32,1,1,1,1
596,346400000,1673,931,83,33,1,1,1,1
596,962300000,1908,936,46,21,1,1,1,1
597,612600000,2251,923,64,32,1,1,1,1
597,346400000,1670,931,83,33,1,1,1,1
597,962300000,1906,936,46,21,1,1,1,1
598,612600000,2252,923,64,32,1,1,1,1
598,346400000,1668,931,83,33,1,1,1,1
598,962300000,1905,936,46,21,1,1,1,1
599,612600000,2254,923,63,32,1,1,1,1
599,346400000,1665,931,83,33,1,1,1,1
599,962300000,1903,936,47,21,1,1,1,1
600,612600000,2255,923,63,32,1,1,1,1
600,346400000,1662,931,84,33,1,1,1,1
600,962300000,1902,936,47,21,1,1,1,1
601,612600000,2257,923,63,32,1,1,1,1
601,346400000,1660,931,84,33,1,1,1,1
601,962300000,1900,936,47,21,1,1,1,1
602,612600000,2258,923,63,32,1,1,1,1
602,346400000,1657,931,84,33,1,1,1,1
602,962300000,1899,936,47,21,1,1,1,1
603,612600000,2260,923,63,32,1,1,1,1
603,346400000,1655,931,84,33,1,1,1,1
603,962300000,1897,936,47,21,1,1,1,1
604,612600000,2261,923,63,32,1,1,1,1
604,346400000,1652,931,84,33,1,1,1,1
604,962300000,1896,936,47,21,1,1,1,1
605,612600000,2263,923,63,32,1,1,1,1
605,346400000,1649,931,84,33,1,1,1,1
605,962300000,1894,936,47,21,1,1,1,1
606,612600000,2264,923,62,32,1,1,1,1
606,346400000,1646,931,84,33,1,1,1,1
606,962300000,1893,936,47,21,1,1,1,1
607,612600000,2266,923,62,32,1,1,1,1
607,346400000,1643,931,85,33,1,1,1,1
607,962300000,1891,936,47,21,1,1,1,1
608,612600000,2268,923,62,32,1,1,1,1
608,346400000,1640,931,85,33,1,1,1,1
608,962300000,1889,936,47,21,1,1,1,1
609,612600000,2269,923,62,32,1,1,1,1
609,346400000,1637,931,85,33,1,1,1,1
609,962300000,1888,936,48,21,1,1,1,1
610,612600000,2271,923,62,31,1,1,1,1
610,346400000,1634,931,85,34,1,1,1,1
610,962300000,1886,936,48,21,1,1,1,1
611,612600000,2272,923,62,31,1,1,1,1
611,346400000,1631,931,86,34,1,1,1,1
611,962300000,1885,936,48,21,1,1,1,1
612,612600000,2274,923,62,31,1,1,1,1
612,346400000,1628,931,86,34,1,1,1,1
612,962300000,1883,936,48,21,1,1,1,1
613,612600000,2275,923,61,31,1,1,1,1
613,346400000,1625,931,86,34,1,1,1,1
613,962300000,1881,936,48,21,1,1,1,1
614,612600000,2277,923,61,31,1,1,1,1
614,346400000,1622,931,86,34,1,1,1,1
614,962300000,1880,936,48,21,1,1,1,1
615,612600000,2278,923,61,31,1,1,1,1
615,346400000,1618,930,87,34,1,1,1,1
615,962300000,1878,936,48,21,1,1,1,1
616,612600000,2280,923,61,31,1,1,1,1
616,346400000,1615,930,87,34,1,1,1,1
616,962300000,1876,936,48,21,1,1,1,1
617,612600000,2281,924,61,31,1,1,1,1
617,346400000,1612,930,87,34,1,1,1,1
617,962300000,1875,936,49,21,1,1,1,1
618,612600000,2283,924,61,31,1,1,1,1
618,346400000,1609,930,87,34,1,1,1,1
618,962300000,1873,936,49,21,1,1,1,1
619,612600000,2284,924,61,31,1,1,1,1
619,346400000,1606,930,88,34,1,1,1,1
619,962300000,1872,936,49,21,1,1,1,1
620,612600000,2286,924,61,31,1,1,1,1
620,346400000,1603,930,88,35,1,1,1,1
620,962300000,1870,936,49,21,1,1,1,1
621,612600000,2287,924,60,31,1,1,1,1
621,346400000,1600,930,88,35,1,1,1,1
621,962300000,1868,936,49,21,1,1,1,1
622,612600000,2289,924,60,31,1,1,1,1
622,346400000,1597,930,88,35,1,1,1,1
622,962300000,1867,936,49,21,1,1,1,1
623,612600000,2290,924,60,31,1,1,1,1
623,346400000,1594,930,89,35,1,1,1,1
623,962300000,1865,936,49,21,1,1,1,1
624,612600000,2292,924,60,30,1,1,1,1
624,346400000,1591,930,89,35,1,1,1,1
624,962300000,1863,936,49,21,1,1,1,1
625,612600000,2293,924,60,30,1,1,1,1
625,346400000,1588,930,89,35,1,1,1,1
625,962300000,1862,936,49,21,1,1,1,1
626,612600000,2295,924,60,30,1,1,1,1
626,346400000,1585,930,89,35,1,1,1,1
626,962300000,1860,937,50,22,1,1,1,1
627,612600000,2297,924,60,30,1,1,1,1
627,346400000,1581,930,90,35,1,1,1,1
627,962300000,1859,937,50,22,1,1,1,1
628,612600000,2298,924,59,30,1,1,1,1
628,346400000,1578,930,90,35,1,1,1,1
628,962300000,1857,937,50,22,1,1,1,1
629,612600000,2300,924,59,30,1,1,1,1
629,346400000,1574,930,90,35,1,1,1,1
629,962300000,1855,937,50,22,1,1,1,1
630,612600000,2301,924,59,30,1,1,1,1
630,346400000,1571,930,91,35,1,1,1,1
630,962300000,1854,937,50,22,1,1,1,1
631,612600000,2303,924,59,30,1,1,1,1
631,346400000,1567,930,91,36,1,1,1,1
631,962300000,1852,937,50,22,1,1,1,1
632,612600000,2304,924,59,30,1,1,1,1
632,346400000,1564,930,91,36,1,1,1,1
632,962300000,1850,937,50,22,1,1,1,1
633,612600000,2306,924,59,30,1,1,1,1
633,346400000,1560,930,92,36,1,1,1,1
633,962300000,1849,937,50,22,1,1,1,1
634,612600000,2307,924,59,30,1,1,1,1
634,346400000,1557,930,92,36,1,1,1,1
634,962300000,1847,937,50,22,1,1,1,1
635,612600000,2309,924,58,30,1,1,1,1
635,346400000,1553,930,93,36,1,1,1,1
635,962300000,1846,937,51,22,1,1,1,1
636,612600000,2310,924,58,30,1,1,1,1
636,346400000,1550,930,93,36,1,1,1,1
636,962300000,1844,937,51,22,1,1,1,1
637,612600000,2312,924,58,30,1,1,1,1
637,346400000,1547,930,93,36,1,1,1,1
637,962300000,1842,937,51,22,1,1,1,1
638,612600000,2313,924,58,29,1,1,1,1
638,346400000,1543,930,94,36,1,1,1,1
638,962300000,1841,937,51,22,1,1,1,1
639,612600000,2315,924,58,29,1,1,1,1
639,346400000,1540,930,94,36,1,1,1,1
639,962300000,1839,937,51,22,1,1,1,1
640,612600000,2316,924,58,29,1,1,1,1
640,346400000,1536,929,94,36,1,1,1,1
640,962300000,1837,937,51,22,1,1,1,1
641,612600000,2318,924,58,29,1,1,1,1
641,346400000,1533,929,95,36,1,1,1,1
641,962300000,1836,937,51,22,1,1,1,1
642,612600000,2319,924,57,29,1,1,1,1
642,346400000,1529,929,95,36,1,1,1,1
642,962300000,1834,937,51,22,1,1,1,1
643,612600000,2321,924,57,29,1,1,1,1
643,346400000,1526,929,95,37,1,1,1,1
643,962300000,1833,937,52,22,1,1,1,1
644,612600000,2322,924,57,29,1,1,1,1
644,346400000,1522,929,96,37,1,1,1,1
644,962300000,1831,937,52,22,1,1,1,1
645,612600000,2324,924,57,29,1,1,1,1
645,346400000,1519,929,96,37,1,1,1,1
645,962300000,1829,937,52,22,1,1,1,1
646,612600000,2325,924,57,29,1,1,1,1
646,346400000,1515,929,96,37,1,1,1,1
646,962300000,1828,937,52,22,1,1,1,1
647,612600000,2327,924,57,29,1,1,1,1
647,346400000,1512,929,97,37,1,1,1,1
647,962300000,1826,937,52,22,1,1,1,1
648,612600000,2328,924,57,29,1,1,1,1
648,346400000,1508,929,97,37,1,1,1,1
648,962300000,1824,937,52,22,1,1,1,1
648,784300000,1,909,25,85,1,1,1,1
649,612600000,2329,924,57,29,1,1,1,1
649,346400000,1505,929,98,37,1,1,1,1
649,962300000,1822,937,52,22,1,1,1,1
649,784300000,1,909,38,85,1,1,1,1
650,612600000,2331,924,57,29,1,1,1,1
650,346400000,1502,929,98,37,1,1,1,1
650,962300000,1821,937,52,22,1,1,1,1
650,784300000,1,909,52,85,1,1,1,1
651,612600000,2332,924,57,29,1,1,1,1
651,346400000,1498,929,98,37,1,1,1,1
651,962300000,1819,937,52,22,1,1,1,1
651,784300000,1,909,65,85,1,1,1,1
652,612600000,2333,924,56,29,1,1,1,1
652,346400000,1495,929,99,37,1,1,1,1
652,962300000,1817,937,52,22,1,1,1,1
652,784300000,1,909,79,85,1,1,1,1
653,612600000,2334,924,56,29,1,1,1,1
653,346400000,1491,929,99,37,1,1,1,1
653,962300000,1815,937,52,22,1,1,1,1
653,784300000,1,909,92,85,1,1,1,1
654,612600000,2336,924,56,29,1,1,1,1
654,346400000,1488,929,99,37,1,1,1,1
654,962300000,1814,937,52,22,1,1,1,1
654,784300000,1,909,106,85,1,1,1,1
655,612600000,2337,924,56,29,1,1,1,1
655,346400000,1484,929,100,38,1,1,1,1
655,962300000,1812,937,52,22,1,1,1,1
655,784300000,1,909,119,85,1,1,1,1
656,612600000,2338,924,56,29,1,1,1,1
656,346400000,1481,929,100,38,1,1,1,1
656,962300000,1810,937,52,22,1,1,1,1
656,784300000,1,909,133,85,1,1,1,1
657,612600000,2340,924,56,29,1,1,1,1
657,346400000,1477,929,100,38,1,1,1,1
657,962300000,1808,937,52,22,1,1,1,1
657,784300000,1,909,146,85,1,1,1,1
658,612600000,2341,924,56,29,1,1,1,1
658,346400000,1474,929,101,38,1,1,1,1
658,962300000,1806,937,53,22,1,1,1,1
658,784300000,1,909,160,85,1,1,1,1
659,612600000,2342,924,56,29,1,1,1,1
659,346400000,1470,929,101,38,1,1,1,1
659,962300000,1805,937,53,22,1,1,1,1
659,784300000,1,909,173,85,1,1,1,1
660,612600000,2344,924,56,29,1,1,1,1
660,346400000,1467,929,101,38,1,1,1,1
660,962300000,1803,937,53,22,1,1,1,1
660,784300000,1,909,187,85,1,1,1,1
661,612600000,2345,924,56,29,1,1,1,1
661,346400000,1464,929,102,38,1,1,1,1
661,962300000,1801,937,53,22,1,1,1,1
661,784300000,1,909,200,85,1,1,1,1
662,612600000,2346,924,56,29,1,1,1,1
662,346400000,1460,929,102,38,1,1,1,1
662,962300000,1799,937,53,22,1,1,1,1
662,784300000,1,909,214,85,1,1,1,1
663,612600000,2348,924,56,29,1,1,1,1
663,346400000,1457,929,103,38,1,1,1,1
663,962300000,1797,937,53,22,1,1,1,1
663,784300000,0,909,227,84,1,1,1,1
664,612600000,2349,924,55,28,1,1,1,1
664,346400000,1453,929,103,38,1,1,1,1
664,962300000,1796,937,53,22,1,1,1,1
664,784300000,0,909,240,84,1,1,1,1
665,612600000,2350,924,55,28,1,1,1,1
665,346400000,1450,929,103,38,1,1,1,1
665,962300000,1794,937,53,22,1,1,1,1
665,784300000,0,909,254,84,1,1,1,1
666,612600000,2351,924,55,28,1,1,1,1
666,346400000,1446,929,104,38,1,1,1,1
666,962300000,1792,937,53,22,1,1,1,1
666,784300000,0,909,267,84,1,1,1,1
667,612600000,2353,924,55,28,1,1,1,1
667,346400000,1443,929,104,39,1,1,1,1
667,962300000,1790,937,53,22,1,1,1,1
667,784300000,0,909,281,84,1,1,1,1
668,612600000,2354,924,55,28,1,1,1,1
668,346400000,1439,929,104,39,1,1,1,1
668,962300000,1789,938,53,23,1,1,1,1
668,784300000,0,909,294,84,1,1,1,1
669,612600000,2355,924,55,28,1,1,1,1
669,346400000,1436,929,105,39,1,1,1,1
669,962300000,1787,938,53,23,1,1,1,1
669,784300000,0,909,308,84,1,1,1,1
670,612600000,2357,924,55,28,1,1,1,1
670,346400000,1432,928,105,39,1,1,1,1
670,962300000,1785,938,53,23,1,1,1,1
670,784300000,0,909,321,84,1,1,1,1
671,612600000,2358,924,55,28,1,1,1,1
671,346400000,1429,928,105,39,1,1,1,1
671,962300000,1783,938,53,23,1,1,1,1
671,784300000,0,909,335,84,1,1,1,1
672,612600000,2359,924,55,28,1,1,1,1
672,346400000,1425,928,106,39,1,1,1,1
672,962300000,1781,938,53,23,1,1,1,1
672,784300000,0,909,348,84,1,1,1,1
673,612600000,2361,924,55,28,1,1,1,1
673,346400000,1422,928,106,39,1,1,1,1
673,962300000,1780,938,53,23,1,1,1,1
673,784300000,0,909,362,84,1,1,1,1
674,612600000,2362,924,55,28,1,1,1,1
674,346400000,1419,928,106,39,1,1,1,1
674,962300000,1778,938,53,23,1,1,1,1
674,784300000,0,909,375,84,1,1,1,1
675,612600000,2363,924,55,28,1,1,1,1
675,346400000,1415,928,107,39,1,1,1,1
675,962300000,1776,938,53,23,1,1,1,1
675,784300000,0,909,389,84,1,1,1,1
676,612600000,2364,924,54,28,1,1,1,1
676,346400000,1412,928,107,39,1,1,1,1
676,962300000,1774,938,53,23,1,1,1,1
676,784300000,0,909,402,84,1,1,1,1
677,612600000,2366,924,54,28,1,1,1,1
677,346400000,1408,928,108,39,1,1,1,1
677,962300000,1772,938,53,23,1,1,1,1
677,784300000,10,909,405,84,1,1,1,1
678,612600000,2367,924,54,28,1,1,1,1
678,346400000,1405,928,108,39,1,1,1,1
678,962300000,1771,938,53,23,1,1,1,1
678,784300000,23,909,403,84,1,1,1,1
679,612600000,2368,924,54,28,1,1,1,1
679,346400000,1401,928,108,40,1,1,1,1
679,962300000,1769,938,54,23,1,1,1,1
679,784300000,36,909,400,83,1,1,1,1
680,612600000,2370,924,54,28,1,1,1,1
680,346400000,1398,928,109,40,1,1,1,1
680,962300000,1767,938,54,23,1,1,1,1
680,784300000,49,910,398,83,1,1,1,1
681,612600000,2371,924,54,28,1,1,1,1
681,346400000,1394,928,109,40,1,1,1,1
681,962300000,1765,938,54,23,1,1,1,1
681,784300000,62,910,396,83,1,1,1,1
682,612600000,2372,924,54,28,1,1,1,1
682,346400000,1391,928,109,40,1,1,1,1
682,962300000,1764,938,54,23,1,1,1,1
682,784300000,75,910,394,83,1,1,1,1
683,612600000,2374,924,54,28,1,1,1,1
683,346400000,1387,928,110,40,1,1,1,1
683,962300000,1762,938,54,23,1,1,1,1
683,784300000,88,910,391,82,1,1,1,1
684,612600000,2375,924,54,28,1,1,1,1
684,346400000,1384,928,110,40,1,1,1,1
684,962300000,1760,938,54,23,1,1,1,1
684,784300000,102,910,389,82,1,1,1,1
685,612600000,2376,924,54,28,1,1,1,1
685,346400000,1380,928,110,40,1,1,1,1
685,962300000,1758,938,54,23,1,1,1,1
685,784300000,115,910,387,82,1,1,1,1
686,612600000,2378,924,54,28,1,1,1,1
686,346400000,1375,928,111,40,1,1,1,1
686,962300000,1756,938,54,23,1,1,1,1
686,784300000,128,911,384,82,1,1,1,1
687,612600000,2379,924,54,28,1,1,1,1
687,346400000,1371,928,111,40,1,1,1,1
687,962300000,1755,938,54,23,1,1,1,1
687,784300000,141,911,382,81,1,1,1,1
688,612600000,2380,924,54,28,1,1,1,1
688,346400000,1367,928,112,40,1,1,1,1
688,962300000,1753,938,54,23,1,1,1,1
688,784300000,154,911,380,81,1,1,1,1
689,612600000,2382,924,54,28,1,1,1,1
689,346400000,1362,928,112,40,1,1,1,1
689,962300000,1751,938,54,23,1,1,1,1
689,784300000,167,911,377,81,1,1,1,1
690,612600000,2383,924,53,28,1,1,1,1
690,346400000,1358,928,113,40,1,1,1,1
690,962300000,1750,938,54,23,1,1,1,1
690,784300000,180,911,375,81,1,1,1,1
691,612600000,2384,924,53,28,1,1,1,1
691,346400000,1354,928,113,41,1,1,1,1
691,962300000,1748,938,54,23,1,1,1,1
691,784300000,193,912,373,80,1,1,1,1
692,612600000,2385,924,53,28,1,1,1,1
692,346400000,1349,928,114,41,1,1,1,1
692,962300000,1747,938,55,23,1,1,1,1
692,784300000,206,912,371,80,1,1,1,1
693,612600000,2387,924,53,28,1,1,1,1
693,346400000,1345,928,114,41,1,1,1,1
693,962300000,1745,938,55,23,1,1,1,1
693,784300000,219,912,368,80,1,1,1,1
694,612600000,2388,924,53,28,1,1,1,1
694,346400000,1341,928,114,41,1,1,1,1
694,962300000,1744,938,55,23,1,1,1,1
694,784300000,232,912,366,80,1,1,1,1
695,612600000,2389,924,53,27,1,1,1,1
695,346400000,1336,928,115,41,1,1,1,1
695,962300000,1742,938,55,23,1,1,1,1
695,784300000,245,912,364,79,1,1,1,1
696,612600000,2391,924,53,27,1,1,1,1
696,346400000,1332,928,115,41,1,1,1,1
696,962300000,1740,938,55,23,1,1,1,1
696,784300000,258,913,361,79,1,1,1,1
697,612600000,2392,924,53,27,1,1,1,1
697,346400000,1328,928,116,41,1,1,1,1
697,962300000,1738,938,55,23,1,1,1,1
697,784300000,271,913,359,79,1,1,1,1
698,612600000,2393,924,53,27,1,1,1,1
698,346400000,1323,928,116,41,1,1,1,1
698,962300000,1736,938,55,23,1,1,1,1
698,784300000,285,913,357,79,1,1,1,1
699,612600000,2395,924,53,27,1,1,1,1
699,346400000,1319,928,117,41,1,1,1,1
699,962300000,1734,938,56,23,1,1,1,1
699,784300000,298,913,354,78,1,1,1,1
700,612600000,2396,924,53,27,1,1,1,1
700,346400000,1315,928,117,41,1,1,1,1
700,962300000,1732,938,56,23,1,1,1,1
700,784300000,311,913,352,78,1,1,1,1
701,612600000,2397,924,53,27,1,1,1,1
701,346400000,1310,928,118,41,1,1,1,1
701,962300000,1730,938,56,23,1,1,1,1
701,784300000,324,913,350,78,1,1,1,1
702,612600000,2399,923,53,27,1,1,1,1
702,346400000,1306,928,118,41,1,1,1,1
702,962300000,1727,938,56,23,1,1,1,1
702,784300000,337,914,348,78,1,1,1,1
703,612600000,2400,923,53,27,1,1,1,1
703,346400000,1302,928,119,42,1,1,1,1
703,962300000,1725,938,56,24,1,1,1,1
703,784300000,350,914,345,77,1,1,1,1
704,612600000,2401,923,53,27,1,1,1,1
704,346400000,1297,927,119,42,1,1,1,1
704,962300000,1723,938,56,24,1,1,1,1
704,784300000,363,914,343,77,1,1,1,1
705,612600000,2403,923,53,27,1,1,1,1
705,346400000,1293,927,119,42,1,1,1,1
705,962300000,1721,938,57,24,1,1,1,1
705,784300000,374,914,341,77,1,1,1,1
706,612600000,2404,923,52,27,1,1,1,1
706,346400000,1288,927,120,42,1,1,1,1
706,962300000,1719,938,57,24,1,1,1,1
706,784300000,386,914,340,76,1,1,1,1
707,612600000,2405,923,52,27,1,1,1,1
707,346400000,1284,927,120,42,1,1,1,1
707,962300000,1717,938,57,24,1,1,1,1
707,784300000,397,915,338,76,1,1,1,1
708,612600000,2407,923,52,27,1,1,1,1
708,346400000,1280,927,121,42,1,1,1,1
708,962300000,1715,938,57,24,1,1,1,1
708,784300000,408,915,337,76,1,1,1,1
709,612600000,2408,923,52,27,1,1,1,1
709,346400000,1275,927,121,42,1,1,1,1
709,962300000,1713,938,57,24,1,1,1,1
709,784300000,419,915,335,76,1,1,1,1
710,612600000,2409,923,52,27,1,1,1,1
710,346400000,1271,927,122,42,1,1,1,1
710,962300000,1711,938,57,24,1,1,1,1
710,784300000,431,915,334,75,1,1,1,1
711,612600000,2411,923,52,27,1,1,1,1
711,346400000,1267,927,122,42,1,1,1,1
711,962300000,1709,938,57,24,1,1,1,1
711,784300000,442,916,332,75,1,1,1,1
712,612600000,2412,923,52,27,1,1,1,1
712,346400000,1262,927,123,42,1,1,1,1
712,962300000,1707,938,58,24,1,1,1,1
712,784300000,453,916,330,75,1,1,1,1
713,612600000,2413,923,52,27,1,1,1,1
713,346400000,1258,927,123,42,1,1,1,1
713,962300000,1705,938,58,24,1,1,1,1
713,784300000,465,916,329,74,1,1,1,1
714,612600000,2414,923,52,27,1,1,1,1
714,346400000,1254,927,123,42,1,1,1,1
714,962300000,1702,938,58,24,1,1,1,1
714,784300000,476,916,327,74,1,1,1,1
715,612600000,2416,923,52,27,1,1,1,1
715,346400000,1249,927,124,42,1,1,1,1
715,962300000,1700,938,58,24,1,1,1,1
715,784300000,487,916,326,74,1,1,1,1
716,612600000,2417,923,52,27,1,1,1,1
716,346400000,1245,927,124,43,1,1,1,1
716,962300000,1698,938,58,24,1,1,1,1
716,784300000,498,917,324,74,1,1,1,1
717,612600000,2418,923,52,27,1,1,1,1
717,346400000,1241,927,125,43,1,1,1,1
717,962300000,1696,938,58,24,1,1,1,1
717,784300000,510,917,323,73,1,1,1,1
718,612600000,2420,923,52,27,1,1,1,1
718,346400000,1236,927,125,43,1,1,1,1
718,962300000,1694,938,58,25,1,1,1,1
718,784300000,521,917,321,73,1,1,1,1
719,612600000,2421,923,52,27,1,1,1,1
719,346400000,1232,927,126,43,1,1,1,1
719,962300000,1692,938,59,25,1,1,1,1
719,784300000,532,917,320,73,1,1,1,1
720,612600000,2422,923,52,27,1,1,1,1
720,346400000,1228,927,126,43,1,1,1,1
720,962300000,1690,938,59,25,1,1,1,1
720,784300000,542,917,318,73,1,1,1,1
721,612600000,2424,923,52,27,1,1,1,1
721,346400000,1223,927,127,43,1,1,1,1
721,962300000,1688,938,59,25,1,1,1,1
721,784300000,553,918,317,72,1,1,1,1
722,612600000,2425,923,52,27,1,1,1,1
722,346400000,1219,927,127,43,1,1,1,1
722,962300000,1686,938,59,25,1,1,1,1
722,784300000,563,918,316,72,1,1,1,1
723,612600000,2426,923,51,26,1,1,1,1
723,346400000,1214,927,127,43,1,1,1,1
723,962300000,1684,938,59,25,1,1,1,1
723,784300000,574,918,314,72,1,1,1,1
724,612600000,2428,923,51,26,1,1,1,1
724,346400000,1210,927,127,43,1,1,1,1
724,962300000,1682,938,59,25,1,1,1,1
724,784300000,584,918,313,72,1,1,1,1
725,612600000,2429,923,51,26,1,1,1,1
725,346400000,1205,927,128,43,1,1,1,1
725,962300000,1680,938,60,25,1,1,1,1
725,784300000,595,919,312,71,1,1,1,1
726,612600000,2430,923,51,26,1,1,1,1
726,346400000,1201,927,128,43,1,1,1,1
726,962300000,1677,937,60,25,1,1,1,1
726,784300000,605,919,310,71,1,1,1,1
727,612600000,2432,923,51,26,1,1,1,1
727,346400000,1196,927,128,43,1,1,1,1
727,962300000,1675,937,60,25,1,1,1,1
727,784300000,616,919,309,71,1,1,1,1
728,612600000,2433,923,51,26,1,1,1,1
728,346400000,1192,927,128,44,1,1,1,1
728,962300000,1673,937,60,25,1,1,1,1
728,784300000,625,919,307,71,1,1,1,1
729,612600000,2434,923,51,26,1,1,1,1
729,346400000,1187,927,128,44,1,1,1,1
729,962300000,1671,937,60,25,1,1,1,1
729,784300000,635,919,305,71,1,1,1,1
730,612600000,2436,923,51,26,1,1,1,1
730,346400000,1183,927,128,44,1,1,1,1
730,962300000,1669,937,60,25,1,1,1,1
730,784300000,644,919,303,70,1,1,1,1
731,612600000,2437,923,51,26,1,1,1,1
731,346400000,1178,927,129,44,1,1,1,1
731,962300000,1667,937,60,25,1,1,1,1
731,784300000,654,919,301,70,1,1,1,1
732,612600000,2438,923,51,26,1,1,1,1
732,346400000,1174,927,129,44,1,1,1,1
732,962300000,1665,937,61,25,1,1,1,1
732,784300000,663,919,299,70,1,1,1,1
733,612600000,2439,923,51,26,1,1,1,1
733,346400000,1169,927,129,44,1,1,1,1
733,962300000,1663,937,61,26,1,1,1,1
733,784300000,673,919,297,70,1,1,1,1
734,612600000,2441,923,51,26,1,1,1,1
734,346400000,1164,927,130,44,1,1,1,1
734,962300000,1661,937,61,26,1,1,1,1
734,784300000,682,919,295,69,1,1,1,1
735,612600000,2442,923,51,26,1,1,1,1
735,346400000,1159,927,130,44,1,1,1,1
735,962300000,1659,937,61,26,1,1,1,1
735,784300000,692,919,293,69,1,1,1,1
736,612600000,2443,923,51,26,1,1,1,1
736,346400000,1154,927,131,44,1,1,1,1
736,962300000,1657,937,61,26,1,1,1,1
736,784300000,701,919,291,69,1,1,1,1
737,612600000,2445,923,51,26,1,1,1,1
737,346400000,1149,928,131,44,1,1,1,1
737,962300000,1655,937,61,26,1,1,1,1
737,784300000,710,919,289,69,1,1,1,1
738,612600000,2446,923,51,26,1,1,1,1
738,346400000,1144,928,132,44,1,1,1,1
738,962300000,1652,937,61,26,1,1,1,1
738,784300000,720,919,287,69,1,1,1,1
739,612600000,2447,923,50,26,1,1,1,1
739,346400000,1139,928,132,44,1,1,1,1
739,962300000,1650,937,62,26,1,1,1,1
739,784300000,729,919,285,68,1,1,1,1
740,612600000,2449,923,50,26,1,1,1,1
740,346400000,1134,928,133,44,1,1,1,1
740,962300000,1648,937,62,26,1,1,1,1
740,784300000,739,919,283,68,1,1,1,1
741,612600000,2450,923,50,26,1,1,1,1
741,346400000,1130,928,133,44,1,1,1,1
741,962300000,1646,937,62,26,1,1,1,1
741,784300000,748,920,280,68,1,1,1,1
742,612600000,2451,923,50,26,1,1,1,1
742,346400000,1125,928,134,43,1,1,1,1
742,962300000,1644,937,62,26,1,1,1,1
742,784300000,758,920,278,68,1,1,1,1
743,612600000,2453,922,50,26,1,1,1,1
743,346400000,1120,928,134,43,1,1,1,1
743,962300000,1642,937,62,26,1,1,1,1
743,784300000,767,920,276,67,1,1,1,1
744,612600000,2454,922,50,26,1,1,1,1
744,346400000,1115,928,135,43,1,1,1,1
744,962300000,1640,937,62,26,1,1,1,1
744,784300000,777,920,274,67,1,1,1,1
745,612600000,2455,922,50,26,1,1,1,1
745,346400000,1110,929,135,43,1,1,1,1
745,962300000,1638,937,63,26,1,1,1,1
745,784300000,786,920,272,67,1,1,1,1
746,612600000,2457,922,50,26,1,1,1,1
746,346400000,1105,929,136,43,1,1,1,1
746,962300000,1636,937,63,26,1,1,1,1
746,784300000,795,920,270,67,1,1,1,1
747,612600000,2458,922,50,26,1,1,1,1
747,346400000,1100,929,136,43,1,1,1,1
747,962300000,1634,937,63,26,1,1,1,1
747,784300000,805,920,268,67,1,1,1,1
748,612600000,2459,922,50,26,1,1,1,1
748,346400000,1095,929,137,43,1,1,1,1
748,962300000,1632,937,63,27,1,1,1,1
748,784300000,814,920,266,66,1,1,1,1
749,612600000,2461,922,50,26,1,1,1,1
749,346400000,1090,929,137,43,1,1,1,1
749,962300000,1630,937,63,27,1,1,1,1
749,784300000,824,920,264,66,1,1,1,1
750,612600000,2462,922,50,25,1,1,1,1
750,346400000,1084,929,138,43,1,1,1,1
750,962300000,1627,937,63,27,1,1,1,1
750,784300000,833,920,262,66,1,1,1,1
751,612600000,2463,922,50,25,1,1,1,1
751,346400000,1079,929,138,43,1,1,1,1
751,962300000,1625,937,63,27,1,1,1,1
751,784300000,843,920,260,66,1,1,1,1
752,612600000,2465,922,50,25,1,1,1,1
752,346400000,1073,929,139,43,1,1,1,1
752,962300000,1623,937,64,27,1,1,1,1
752,784300000,852,920,258,65,1,1,1,1
753,612600000,2466,922,50,25,1,1,1,1
753,346400000,1068,929,139,43,1,1,1,1
753,962300000,1621,937,64,27,1,1,1,1
753,784300000,862,920,256,65,1,1,1,1
754,612600000,2467,922,50,25,1,1,1,1
754,346400000,1062,929,140,43,1,1,1,1
754,962300000,1619,937,64,27,1,1,1,1
754,784300000,871,920,254,65,1,1,1,1
755,612600000,2468,922,49,25,1,1,1,1
755,346400000,1056,930,140,43,1,1,1,1
755,962300000,1617,937,64,27,1,1,1,1
755,784300000,879,920,253,65,1,1,1,1
756,612600000,2470,922,49,25,1,1,1,1
756,346400000,1051,930,141,43,1,1,1,1
756,962300000,1615,937,64,27,1,1,1,1
756,784300000,888,920,252,65,1,1,1,1
757,612600000,2471,922,49,25,1,1,1,1
757,346400000,1045,930,141,43,1,1,1,1
757,962300000,1612,937,65,27,1,1,1,1
757,784300000,896,920,251,64,1,1,1,1
758,612600000,2472,922,49,25,1,1,1,1
758,346400000,1040,930,142,42,1,1,1,1
758,962300000,1610,937,65,27,1,1,1,1
758,784300000,905,920,250,64,1,1,1,1
759,612600000,2474,922,49,25,1,1,1,1
759,346400000,1034,930,142,42,1,1,1,1
759,962300000,1607,937,65,27,1,1,1,1
759,784300000,913,920,249,64,1,1,1,1
760,612600000,2475,922,49,25,1,1,1,1
760,346400000,1028,930,143,42,1,1,1,1
760,962300000,1605,937,65,27,1,1,1,1
760,784300000,922,921,248,64,1,1,1,1
761,612600000,2476,922,49,25,1,1,1,1
761,346400000,1023,930,143,42,1,1,1,1
761,962300000,1602,937,66,27,1,1,1,1
761,784300000,930,921,247,64,1,1,1,1
762,612600000,2478,922,49,25,1,1,1,1
762,346400000,1017,930,144,42,1,1,1,1
762,962300000,1600,937,66,27,1,1,1,1
762,784300000,939,921,246,64,1,1,1,1
763,612600000,2479,922,49,25,1,1,1,1
763,346400000,1012,930,144,42,1,1,1,1
763,962300000,1597,937,66,27,1,1,1,1
763,784300000,947,921,245,63,1,1,1,1
764,612600000,2480,922,49,25,1,1,1,1
764,346400000,1006,930,145,42,1,1,1,1
764,962300000,1595,937,66,27,1,1,1,1
764,784300000,956,921,244,63,1,1,1,1
765,612600000,2481,922,49,25,1,1,1,1
765,346400000,1001,931,145,42,1,1,1,1
765,962300000,1592,937,67,27,1,1,1,1
765,784300000,964,921,243,63,1,1,1,1
766,612600000,2482,922,49,25,1,1,1,1
766,346400000,995,931,146,42,1,1,1,1
766,962300000,1590,937,67,27,1,1,1,1
766,784300000,972,921,242,63,1,1,1,1
767,612600000,2483,921,49,26,1,1,1,1
767,346400000,989,931,146,42,1,1,1,1
767,962300000,1587,937,67,27,1,1,1,1
767,784300000,979,921,241,63,1,1,1,1
768,612600000,2484,921,49,26,1,1,1,1
768,346400000,984,931,147,42,1,1,1,1
768,962300000,1585,938,68,27,1,1,1,1
768,784300000,987,921,240,62,1,1,1,1
769,612600000,2485,921,49,26,1,1,1,1
769,346400000,978,931,147,42,1,1,1,1
769,962300000,1583,938,68,27,1,1,1,1
769,784300000,995,921,239,62,1,1,1,1
770,612600000,2487,921,50,26,1,1,1,1
770,346400000,973,931,148,42,1,1,1,1
770,962300000,1580,938,68,27,1,1,1,1
770,784300000,1002,921,237,62,1,1,1,1
771,612600000,2488,921,50,26,1,1,1,1
771,346400000,967,931,148,42,1,1,1,1
771,962300000,1578,938,68,27,1,1,1,1
771,784300000,1010,921,236,62,1,1,1,1
772,612600000,2489,921,50,26,1,1,1,1
772,346400000,961,931,149,42,1,1,1,1
772,962300000,1575,938,69,27,1,1,1,1
772,784300000,1017,921,235,61,1,1,1,1
773,612600000,2490,921,50,26,1,1,1,1
773,346400000,956,931,149,42,1,1,1,1
773,962300000,1573,938,69,27,1,1,1,1
773,784300000,1025,922,234,61,1,1,1,1
774,612600000,2491,920,50,27,1,1,1,1
774,346400000,950,931,150,41,1,1,1,1
774,962300000,1570,938,69,27,1,1,1,1
774,784300000,1033,922,233,61,1,1,1,1
775,612600000,2492,920,50,27,1,1,1,1
775,346400000,945,931,150,41,1,1,1,1
775,962300000,1568,938,69,27,1,1,1,1
775,784300000,1040,922,232,61,1,1,1,1
776,612600000,2493,920,50,27,1,1,1,1
776,346400000,939,932,151,41,1,1,1,1
776,962300000,1565,938,70,27,1,1,1,1
776,784300000,1048,922,231,60,1,1,1,1
777,612600000,2494,920,50,27,1,1,1,1
777,346400000,933,932,151,41,1,1,1,1
777,962300000,1563,938,70,27,1,1,1,1
777,784300000,1056,922,230,60,1,1,1,1
778,612600000,2496,920,48,27,1,1,1,1
778,346400000,928,932,152,41,1,1,1,1
778,962300000,1560,938,70,27,1,1,1,1
778,784300000,1063,922,228,60,1,1,1,1
779,612600000,2498,921,45,26,1,1,1,1
779,346400000,922,932,152,41,1,1,1,1
779,962300000,1558,938,70,27,1,1,1,1
779,784300000,1071,922,227,60,1,1,1,1
780,612600000,2499,921,43,26,1,1,1,1
780,346400000,917,932,153,41,1,1,1,1
780,962300000,1555,938,71,27,1,1,1,1
780,784300000,1078,922,226,59,1,1,1,1
781,612600000,2501,921,40,25,1,1,1,1
781,346400000,911,932,153,41,1,1,1,1
781,962300000,1553,938,71,27,1,1,1,1
781,784300000,1086,922,225,59,1,1,1,1
